index,t_us,t_ms,adc,led,phase,pulse_index
0,115,0.115,753,0,pre,-1
1,3958,3.958,639,0,pre,-1
2,18427,18.427,679,0,pre,-1
3,22084,22.084,634,0,pre,-1
4,25733,25.733,654,0,pre,-1
5,29390,29.39,645,0,pre,-1
6,38433,38.433,649,0,pre,-1
7,42099,42.099,640,1,pulse,0
8,48437,48.437,4095,1,pulse,0
9,58420,58.42,4095,1,pulse,0
10,62081,62.081,4095,1,pulse,0
11,68419,68.419,4095,1,pulse,0
12,78415,78.415,4095,1,pulse,0
13,82099,82.099,4095,0,gap,0
14,85991,85.991,3056,0,gap,0
15,98424,98.424,2768,0,gap,0
16,102182,102.182,2741,0,gap,0
17,105931,105.931,2710,0,gap,0
18,109691,109.691,2689,0,gap,0
19,118425,118.425,2657,0,gap,0
20,122188,122.188,2640,0,gap,0
21,128425,128.425,2612,0,gap,0
22,138433,138.433,2559,0,gap,0
23,142245,142.245,2559,0,gap,0
24,148432,148.432,2533,0,gap,0
25,158424,158.424,2525,0,gap,0
26,162239,162.239,2500,0,gap,0
27,166045,166.045,2462,0,gap,0
28,178432,178.432,2450,0,gap,0
29,185008,185.008,2430,0,gap,0
30,188698,188.698,2407,0,gap,0
31,198411,198.411,2382,0,gap,0
32,202103,202.103,2360,0,gap,0
33,205791,205.791,2343,0,gap,0
34,218432,218.432,2320,0,gap,0
35,222129,222.129,2305,0,gap,0
36,225825,225.825,2301,0,gap,0
37,238423,238.423,2253,0,gap,0
38,242139,242.139,2242,0,gap,0
39,245849,245.849,2229,0,gap,0
40,258415,258.415,2198,0,gap,0
41,262142,262.142,2192,0,gap,0
42,265872,265.872,2175,0,gap,0
43,269600,269.6,2142,0,gap,0
44,278433,278.433,2125,0,gap,0
45,282169,282.169,2127,0,gap,0
46,288433,288.433,2086,0,gap,0
47,298425,298.425,2079,0,gap,0
48,302183,302.183,2059,0,gap,0
49,308424,308.424,2034,0,gap,0
50,318432,318.432,2005,0,gap,0
51,322189,322.189,1987,0,gap,0
52,325949,325.949,1975,0,gap,0
53,338425,338.425,1936,0,gap,0
54,342237,342.237,1933,0,gap,0
55,346036,346.036,1908,0,gap,0
56,358431,358.431,1886,0,gap,0
57,362245,362.245,1877,0,gap,0
58,366054,366.054,1859,0,gap,0
59,369877,369.877,1843,0,gap,0
60,378433,378.433,1831,0,gap,0
61,382264,382.264,1803,0,gap,0
62,388433,388.433,1781,0,gap,0
63,398425,398.425,1766,0,gap,0
64,402275,402.275,1755,0,gap,0
65,408424,408.424,1731,0,gap,0
66,418432,418.432,1712,0,gap,0
67,422299,422.299,1695,0,gap,0
68,426162,426.162,1680,0,gap,0
69,438424,438.424,1660,0,gap,0
70,442298,442.298,1650,0,gap,0
71,446175,446.175,1621,0,gap,0
72,458431,458.431,1613,0,gap,0
73,462322,462.322,1605,0,gap,0
74,466205,466.205,1584,0,gap,0
75,470097,470.097,1566,0,gap,0
76,478433,478.433,1555,0,gap,0
77,482333,482.333,1535,0,gap,0
78,488433,488.433,1502,0,gap,0
79,498425,498.425,1502,0,gap,0
80,502339,502.339,1483,0,gap,0
81,508424,508.424,1463,0,gap,0
82,518432,518.432,1447,0,gap,0
83,522355,522.355,1422,0,gap,0
84,526270,526.27,1407,0,gap,0
85,538424,538.424,1407,0,gap,0
86,542354,542.354,1390,0,gap,0
87,546283,546.283,1366,0,gap,0
88,558431,558.431,1360,0,gap,0
89,562374,562.374,1345,0,gap,0
90,566313,566.313,1330,0,gap,0
91,573016,573.016,1319,0,gap,0
92,576725,576.725,1299,0,gap,0
93,588425,588.425,1280,0,gap,0
94,592110,592.11,1267,0,gap,0
95,595801,595.801,1259,0,gap,0
96,608432,608.432,1237,0,gap,0
97,612137,612.137,1232,0,gap,0
98,615835,615.835,1200,0,gap,0
99,628411,628.411,1206,0,gap,0
100,632128,632.128,1186,0,gap,0
101,635847,635.847,1168,0,gap,0
102,648431,648.431,1168,0,gap,0
103,652162,652.162,1138,0,gap,0
104,655894,655.894,1130,0,gap,0
105,668423,668.423,1124,0,gap,0
106,672174,672.174,1085,0,gap,0
107,675912,675.912,1088,0,gap,0
108,688431,688.431,1075,0,gap,0
109,692184,692.184,1069,0,gap,0
110,695932,695.932,1054,0,gap,0
111,708423,708.423,1056,0,gap,0
112,712194,712.194,1041,0,gap,0
113,715949,715.949,1038,0,gap,0
114,728431,728.431,1018,0,gap,0
115,732206,732.206,995,0,gap,0
116,736004,736.004,972,0,gap,0
117,739811,739.811,976,0,gap,0
118,748433,748.433,980,0,gap,0
119,752251,752.251,939,0,gap,0
120,758433,758.433,956,0,gap,0
121,768425,768.425,944,0,gap,0
122,772259,772.259,908,0,gap,0
123,778424,778.424,944,0,gap,0
124,788432,788.432,912,0,gap,0
125,792267,792.267,887,0,gap,0
126,796110,796.11,886,0,gap,0
127,808425,808.425,881,0,gap,0
128,812296,812.296,865,0,gap,0
129,816157,816.157,848,0,gap,0
130,828431,828.431,877,0,gap,0
131,832310,832.31,833,0,gap,0
132,836189,836.189,821,0,gap,0
133,840071,840.071,810,0,gap,0
134,848433,848.433,832,0,gap,0
135,852325,852.325,791,0,gap,0
136,858433,858.433,795,0,gap,0
137,868425,868.425,799,0,gap,0
138,872339,872.339,752,0,gap,0
139,878424,878.424,781,0,gap,0
140,888432,888.432,759,0,gap,0
141,892351,892.351,752,0,gap,0
142,896266,896.266,738,0,gap,0
143,908424,908.424,746,0,gap,0
144,912358,912.358,721,0,gap,0
145,916283,916.283,710,0,gap,0
146,928431,928.431,753,0,gap,0
147,932370,932.37,704,0,gap,0
148,936301,936.301,682,0,gap,0
149,940241,940.241,659,0,gap,0
150,948432,948.432,709,0,gap,0
151,952385,952.385,656,0,gap,0
152,968415,968.415,706,0,gap,0
153,972375,972.375,640,0,gap,0
154,979130,979.13,675,0,gap,0
155,982825,982.825,656,0,gap,0
156,988415,988.415,627,0,gap,0
157,998423,998.423,684,0,gap,0
158,1002130,1002.13,609,0,gap,0
159,1005835,1005.835,613,0,gap,0
160,1018433,1018.433,655,0,gap,0
161,1022152,1022.152,585,0,gap,0
162,1025863,1025.863,603,0,gap,0
163,1038424,1038.424,618,0,gap,0
164,1042154,1042.154,576,0,gap,0
165,1045884,1045.884,592,0,gap,0
166,1058431,1058.431,595,0,gap,0
167,1062177,1062.177,579,0,gap,0
168,1065918,1065.918,570,0,gap,0
169,1078423,1078.423,603,0,gap,0
170,1082183,1082.183,560,0,gap,0
171,1085934,1085.934,525,0,gap,0
172,1098431,1098.431,597,0,gap,0
173,1102197,1102.197,528,0,gap,0
174,1105954,1105.954,509,0,gap,0
175,1118423,1118.423,574,0,gap,0
176,1122204,1122.204,496,0,gap,0
177,1125972,1125.972,510,0,gap,0
178,1138419,1138.419,537,0,gap,0
179,1142236,1142.236,496,0,gap,0
180,1146046,1146.046,501,0,gap,0
181,1158411,1158.411,530,0,gap,0
182,1162240,1162.24,483,0,gap,0
183,1166069,1166.069,479,0,gap,0
184,1178415,1178.415,547,0,gap,0
185,1182255,1182.255,480,0,gap,0
186,1186094,1186.094,448,0,gap,0
187,1198411,1198.411,537,0,gap,0
188,1202257,1202.257,455,0,gap,0
189,1206115,1206.115,439,0,gap,0
190,1209975,1209.975,462,0,gap,0
191,1218425,1218.425,495,0,gap,0
192,1228431,1228.431,496,0,gap,0
193,1232317,1232.317,444,0,gap,0
194,1236195,1236.195,415,0,gap,0
195,1248424,1248.424,501,0,gap,0
196,1252316,1252.316,409,0,gap,0
197,1256207,1256.207,409,0,gap,0
198,1268431,1268.431,476,0,gap,0
199,1272337,1272.337,398,0,gap,0
200,1276237,1276.237,401,0,gap,0
201,1280144,1280.144,418,0,gap,0
202,1288437,1288.437,412,0,gap,0
203,1298423,1298.423,464,0,gap,0
204,1302345,1302.345,378,0,gap,0
205,1306258,1306.258,359,0,gap,0
206,1318432,1318.432,455,0,gap,0
207,1322364,1322.364,361,0,gap,0
208,1326295,1326.295,384,0,gap,0
209,1338423,1338.423,419,0,gap,0
210,1342365,1342.365,368,0,gap,0
211,1346298,1346.298,378,0,gap,0
212,1350238,1350.238,351,0,gap,0
213,1358425,1358.425,387,0,gap,0
214,1368431,1368.431,414,0,gap,0
215,1372390,1372.39,347,0,gap,0
216,1379107,1379.107,395,0,gap,0
217,1382822,1382.822,354,0,gap,0
218,1388436,1388.436,356,0,gap,0
219,1398425,1398.425,400,0,gap,0
220,1402125,1402.125,326,0,gap,0
221,1408424,1408.424,349,0,gap,0
222,1418432,1418.432,384,0,gap,0
223,1422150,1422.15,307,0,gap,0
224,1425867,1425.867,329,0,gap,0
225,1438425,1438.425,373,0,gap,0
226,1442152,1442.152,306,0,gap,0
227,1445875,1445.875,336,0,gap,0
228,1458432,1458.432,353,0,gap,0
229,1462180,1462.18,318,0,gap,0
230,1465916,1465.916,309,0,gap,0
231,1478423,1478.423,381,0,gap,0
232,1482173,1482.173,299,0,gap,0
233,1485923,1485.923,287,0,gap,0
234,1498435,1498.435,385,0,gap,0
235,1502200,1502.2,279,0,gap,0
236,1505956,1505.956,269,0,gap,0
237,1518423,1518.423,368,0,gap,0
238,1522194,1522.194,263,0,gap,0
239,1525968,1525.968,293,0,gap,0
240,1538419,1538.419,327,0,gap,0
241,1542234,1542.234,272,0,gap,0
242,1546038,1546.038,277,0,gap,0
243,1558411,1558.411,321,0,gap,0
244,1562230,1562.23,277,0,gap,0
245,1566061,1566.061,266,0,gap,0
246,1578415,1578.415,342,0,gap,0
247,1582258,1582.258,271,0,gap,0
248,1586087,1586.087,256,0,gap,0
249,1598411,1598.411,355,0,gap,0
250,1602255,1602.255,240,0,gap,0
251,1606107,1606.107,221,0,gap,0
252,1609961,1609.961,244,0,gap,0
253,1618425,1618.425,294,0,gap,0
254,1628431,1628.431,314,0,gap,0
255,1632320,1632.32,255,0,gap,0
256,1636200,1636.2,208,0,gap,0
257,1648424,1648.424,335,0,gap,0
258,1652314,1652.314,233,0,gap,0
259,1656204,1656.204,204,0,gap,0
260,1668431,1668.431,320,0,gap,0
261,1672343,1672.343,211,0,gap,0
262,1676239,1676.239,229,0,gap,0
263,1680152,1680.152,252,0,gap,0
264,1688433,1688.433,243,0,gap,0
265,1698423,1698.423,301,0,gap,0
266,1702344,1702.344,213,0,gap,0
267,1706259,1706.259,198,0,gap,0
268,1718432,1718.432,286,0,gap,0
269,1722366,1722.366,192,0,gap,0
270,1726288,1726.288,226,0,gap,0
271,1738423,1738.423,266,0,gap,0
272,1742363,1742.363,203,0,gap,0
273,1746302,1746.302,230,0,gap,0
274,1750247,1750.247,208,0,gap,0
275,1758425,1758.425,240,0,gap,0
276,1768431,1768.431,271,0,gap,0
277,1772396,1772.396,174,0,gap,0
278,1776345,1776.345,205,0,gap,0
279,1783089,1783.089,240,0,gap,0
280,1788432,1788.432,189,0,gap,0
281,1798425,1798.425,289,0,gap,0
282,1802121,1802.121,187,0,gap,0
283,1808424,1808.424,201,0,gap,0
284,1818432,1818.432,247,0,gap,0
285,1822153,1822.153,167,0,gap,0
286,1825861,1825.861,182,0,gap,0
287,1838425,1838.425,249,0,gap,0
288,1842153,1842.153,173,0,gap,0
289,1845881,1845.881,188,0,gap,0
290,1858432,1858.432,227,0,gap,0
291,1862174,1862.174,194,0,gap,0
292,1865909,1865.909,166,0,gap,0
293,1878423,1878.423,254,0,gap,0
294,1882172,1882.172,176,0,gap,0
295,1885924,1885.924,156,0,gap,0
296,1898431,1898.431,272,1,pulse,1
297,1902282,1902.282,4095,1,pulse,1
298,1905971,1905.971,4095,1,pulse,1
299,1918420,1918.42,4095,1,pulse,1
300,1922111,1922.111,4095,1,pulse,1
301,1925807,1925.807,4095,1,pulse,1
302,1938428,1938.428,4095,0,gap,1
303,1942370,1942.37,3015,0,gap,1
304,1946178,1946.178,2867,0,gap,1
305,1958423,1958.423,2765,0,gap,1
306,1962243,1962.243,2736,0,gap,1
307,1966059,1966.059,2716,0,gap,1
308,1978431,1978.431,2672,0,gap,1
309,1982267,1982.267,2656,0,gap,1
310,1986094,1986.094,2634,0,gap,1
311,1998423,1998.423,2587,0,gap,1
312,2002268,2002.268,2559,0,gap,1
313,2006113,2006.113,2544,0,gap,1
314,2018431,2018.431,2531,0,gap,1
315,2022295,2022.295,2512,0,gap,1
316,2026159,2026.159,2501,0,gap,1
317,2038423,2038.423,2451,0,gap,1
318,2042312,2042.312,2441,0,gap,1
319,2046193,2046.193,2426,0,gap,1
320,2058431,2058.431,2395,0,gap,1
321,2062326,2062.326,2384,0,gap,1
322,2066216,2066.216,2354,0,gap,1
323,2078423,2078.423,2325,0,gap,1
324,2082332,2082.332,2315,0,gap,1
325,2086228,2086.228,2288,0,gap,1
326,2098431,2098.431,2269,0,gap,1
327,2102346,2102.346,2259,0,gap,1
328,2106255,2106.255,2229,0,gap,1
329,2118419,2118.419,2221,0,gap,1
330,2122339,2122.339,2185,0,gap,1
331,2126255,2126.255,2165,0,gap,1
332,2138419,2138.419,2138,0,gap,1
333,2142349,2142.349,2145,0,gap,1
334,2146278,2146.278,2118,0,gap,1
335,2158415,2158.415,2096,0,gap,1
336,2162359,2162.359,2072,0,gap,1
337,2166298,2166.298,2061,0,gap,1
338,2178415,2178.415,2037,0,gap,1
339,2182369,2182.369,2003,0,gap,1
340,2186318,2186.318,1984,0,gap,1
341,2193039,2193.039,1973,0,gap,1
342,2196757,2196.757,1959,0,gap,1
343,2208425,2208.425,1932,0,gap,1
344,2212121,2212.121,1923,0,gap,1
345,2218415,2218.415,1905,0,gap,1
346,2228419,2228.419,1881,0,gap,1
347,2232128,2232.128,1870,0,gap,1
348,2235837,2235.837,1858,0,gap,1
349,2248425,2248.425,1835,0,gap,1
350,2252149,2252.149,1806,0,gap,1
351,2255870,2255.87,1787,0,gap,1
352,2268432,2268.432,1762,0,gap,1
353,2272166,2272.166,1747,0,gap,1
354,2275900,2275.9,1730,0,gap,1
355,2288423,2288.423,1703,0,gap,1
356,2292177,2292.177,1684,0,gap,1
357,2295918,2295.918,1687,0,gap,1
358,2308431,2308.431,1661,0,gap,1
359,2312190,2312.19,1648,0,gap,1
360,2315945,2315.945,1623,0,gap,1
361,2328427,2328.427,1616,0,gap,1
362,2332193,2332.193,1590,0,gap,1
363,2335959,2335.959,1575,0,gap,1
364,2348431,2348.431,1568,0,gap,1
365,2352213,2352.213,1535,0,gap,1
366,2356013,2356.013,1532,0,gap,1
367,2368423,2368.423,1517,0,gap,1
368,2372246,2372.246,1482,0,gap,1
369,2376063,2376.063,1488,0,gap,1
370,2388431,2388.431,1456,0,gap,1
371,2392269,2392.269,1424,0,gap,1
372,2396093,2396.093,1437,0,gap,1
373,2408423,2408.423,1407,0,gap,1
374,2412263,2412.263,1397,0,gap,1
375,2416105,2416.105,1387,0,gap,1
376,2428431,2428.431,1367,0,gap,1
377,2432301,2432.301,1355,0,gap,1
378,2436156,2436.156,1333,0,gap,1
379,2448423,2448.423,1328,0,gap,1
380,2452303,2452.303,1301,0,gap,1
381,2456185,2456.185,1281,0,gap,1
382,2468435,2468.435,1271,0,gap,1
383,2472332,2472.332,1264,0,gap,1
384,2476217,2476.217,1250,0,gap,1
385,2488423,2488.423,1231,0,gap,1
386,2492322,2492.322,1213,0,gap,1
387,2496220,2496.22,1227,0,gap,1
388,2508431,2508.431,1198,0,gap,1
389,2512348,2512.348,1191,0,gap,1
390,2516252,2516.252,1179,0,gap,1
391,2528415,2528.415,1165,0,gap,1
392,2532334,2532.334,1139,0,gap,1
393,2536260,2536.26,1125,0,gap,1
394,2548419,2548.419,1125,0,gap,1
395,2552351,2552.351,1103,0,gap,1
396,2556275,2556.275,1088,0,gap,1
397,2568415,2568.415,1088,0,gap,1
398,2572358,2572.358,1055,0,gap,1
399,2576299,2576.299,1062,0,gap,1
400,2588415,2588.415,1040,0,gap,1
401,2592371,2592.371,1022,0,gap,1
402,2596314,2596.314,1013,0,gap,1
403,2608411,2608.411,1014,0,gap,1
404,2615127,2615.127,997,0,gap,1
405,2618833,2618.833,977,0,gap,1
406,2628431,2628.431,991,0,gap,1
407,2632129,2632.129,960,0,gap,1
408,2635824,2635.824,936,0,gap,1
409,2648429,2648.429,952,0,gap,1
410,2652140,2652.14,912,0,gap,1
411,2655854,2655.854,914,0,gap,1
412,2668432,2668.432,912,0,gap,1
413,2672158,2672.158,891,0,gap,1
414,2675884,2675.884,885,0,gap,1
415,2688423,2688.423,880,0,gap,1
416,2692176,2692.176,858,0,gap,1
417,2695924,2695.924,858,0,gap,1
418,2708431,2708.431,849,0,gap,1
419,2712186,2712.186,839,0,gap,1
420,2715933,2715.933,843,0,gap,1
421,2728423,2728.423,835,0,gap,1
422,2732180,2732.18,825,0,gap,1
423,2735936,2735.936,784,0,gap,1
424,2748431,2748.431,819,0,gap,1
425,2752206,2752.206,782,0,gap,1
426,2755974,2755.974,753,0,gap,1
427,2768423,2768.423,791,0,gap,1
428,2772210,2772.21,752,0,gap,1
429,2776021,2776.021,737,0,gap,1
430,2788419,2788.419,759,0,gap,1
431,2792243,2792.243,733,0,gap,1
432,2796062,2796.062,730,0,gap,1
433,2808411,2808.411,727,0,gap,1
434,2812247,2812.247,720,0,gap,1
435,2816077,2816.077,705,0,gap,1
436,2828415,2828.415,717,0,gap,1
437,2832260,2832.26,703,0,gap,1
438,2836100,2836.1,664,0,gap,1
439,2848411,2848.411,714,0,gap,1
440,2852275,2852.275,666,0,gap,1
441,2856139,2856.139,659,0,gap,1
442,2860011,2860.011,649,0,gap,1
443,2868425,2868.425,676,0,gap,1
444,2878431,2878.431,663,0,gap,1
445,2882322,2882.322,624,0,gap,1
446,2886209,2886.209,621,0,gap,1
447,2898424,2898.424,681,0,gap,1
448,2902325,2902.325,614,0,gap,1
449,2906221,2906.221,592,0,gap,1
450,2918431,2918.431,640,0,gap,1
451,2922342,2922.342,577,0,gap,1
452,2926252,2926.252,577,0,gap,1
453,2930159,2930.159,592,0,gap,1
454,2938433,2938.433,588,0,gap,1
455,2948423,2948.423,624,0,gap,1
456,2952350,2952.35,560,0,gap,1
457,2956276,2956.276,540,0,gap,1
458,2968432,2968.432,598,0,gap,1
459,2972369,2972.369,536,0,gap,1
460,2976296,2976.296,529,0,gap,1
461,2988423,2988.423,563,0,gap,1
462,2992374,2992.374,524,0,gap,1
463,2996315,2996.315,538,0,gap,1
464,3000266,3000.266,526,0,gap,1
465,3008425,3008.425,528,0,gap,1
466,3018431,3018.431,572,0,gap,1
467,3025149,3025.149,511,0,gap,1
468,3028847,3028.847,528,0,gap,1
469,3038423,3038.423,522,0,gap,1
470,3042122,3042.122,483,0,gap,1
471,3045824,3045.824,483,0,gap,1
472,3058433,3058.433,527,0,gap,1
473,3062152,3062.152,478,0,gap,1
474,3065863,3065.863,481,0,gap,1
475,3078424,3078.424,511,0,gap,1
476,3082150,3082.15,464,0,gap,1
477,3085875,3085.875,443,0,gap,1
478,3098435,3098.435,537,0,gap,1
479,3102176,3102.176,433,0,gap,1
480,3105914,3105.914,415,0,gap,1
481,3118423,3118.423,496,0,gap,1
482,3122174,3122.174,412,0,gap,1
483,3125921,3125.921,418,0,gap,1
484,3138431,3138.431,459,0,gap,1
485,3142193,3142.193,411,0,gap,1
486,3145946,3145.946,419,0,gap,1
487,3158423,3158.423,437,0,gap,1
488,3162195,3162.195,416,0,gap,1
489,3165963,3165.963,416,0,gap,1
490,3178431,3178.431,458,0,gap,1
491,3182223,3182.223,403,0,gap,1
492,3186038,3186.038,384,0,gap,1
493,3198411,3198.411,451,0,gap,1
494,3202235,3202.235,373,0,gap,1
495,3206055,3206.055,362,0,gap,1
496,3218415,3218.415,454,0,gap,1
497,3222255,3222.255,355,0,gap,1
498,3226082,3226.082,371,0,gap,1
499,3238411,3238.411,440,0,gap,1
500,3242252,3242.252,356,0,gap,1
501,3246097,3246.097,371,0,gap,1
502,3258415,3258.415,400,0,gap,1
503,3262283,3262.283,365,0,gap,1
504,3266144,3266.144,351,0,gap,1
505,3270032,3270.032,336,0,gap,1
506,3278433,3278.433,400,0,gap,1
507,3288423,3288.423,385,0,gap,1
508,3292311,3292.311,321,0,gap,1
509,3296202,3296.202,343,0,gap,1
510,3308436,3308.436,371,0,gap,1
511,3312342,3312.342,342,0,gap,1
512,3316235,3316.235,336,0,gap,1
513,3328423,3328.423,396,0,gap,1
514,3332335,3332.335,327,0,gap,1
515,3336249,3336.249,315,0,gap,1
516,3340166,3340.166,292,0,gap,1
517,3348425,3348.425,370,0,gap,1
518,3358431,3358.431,336,0,gap,1
519,3362363,3362.363,304,0,gap,1
520,3366281,3366.281,304,0,gap,1
521,3378428,3378.428,367,0,gap,1
522,3382361,3382.361,307,0,gap,1
523,3386294,3386.294,272,0,gap,1
524,3398431,3398.431,379,0,gap,1
525,3402382,3402.382,295,0,gap,1
526,3406324,3406.324,269,0,gap,1
527,3410278,3410.278,276,0,gap,1
528,3418433,3418.433,335,0,gap,1
529,3428423,3428.423,331,0,gap,1
530,3434996,3434.996,320,0,gap,1
531,3438686,3438.686,260,0,gap,1
532,3448431,3448.431,361,0,gap,1
533,3452135,3452.135,260,0,gap,1
534,3455831,3455.831,230,0,gap,1
535,3468425,3468.425,337,0,gap,1
536,3472140,3472.14,233,0,gap,1
537,3475851,3475.851,241,0,gap,1
538,3488432,3488.432,335,0,gap,1
539,3492159,3492.159,241,0,gap,1
540,3495883,3495.883,274,0,gap,1
541,3508423,3508.423,297,0,gap,1
542,3512169,3512.169,247,0,gap,1
543,3515906,3515.906,251,0,gap,1
544,3528431,3528.431,317,0,gap,1
545,3532183,3532.183,253,0,gap,1
546,3535930,3535.93,230,0,gap,1
547,3548423,3548.423,326,0,gap,1
548,3552189,3552.189,217,0,gap,1
549,3555943,3555.943,197,0,gap,1
550,3568431,3568.431,325,0,gap,1
551,3572204,3572.204,208,0,gap,1
552,3575973,3575.973,199,0,gap,1
553,3588427,3588.427,298,0,gap,1
554,3592215,3592.215,206,0,gap,1
555,3596021,3596.021,230,0,gap,1
556,3608415,3608.415,272,0,gap,1
557,3612240,3612.24,224,0,gap,1
558,3616056,3616.056,218,0,gap,1
559,3628411,3628.411,283,0,gap,1
560,3632243,3632.243,215,0,gap,1
561,3636079,3636.079,203,0,gap,1
562,3648415,3648.415,304,0,gap,1
563,3652265,3652.265,189,0,gap,1
564,3656106,3656.106,176,0,gap,1
565,3668411,3668.411,304,0,gap,1
566,3672273,3672.273,186,0,gap,1
567,3676148,3676.148,194,0,gap,1
568,3680024,3680.024,213,0,gap,1
569,3688429,3688.429,238,0,gap,1
570,3698431,3698.431,283,0,gap,1
571,3702327,3702.327,187,0,gap,1
572,3706211,3706.211,153,0,gap,1
573,3718424,3718.424,295,0,gap,1
574,3722326,3722.326,167,0,gap,1
575,3726227,3726.227,153,0,gap,1
576,3738431,3738.431,260,0,gap,1
577,3742347,3742.347,167,0,gap,1
578,3746250,3746.25,191,0,gap,1
579,3750167,3750.167,180,0,gap,1
580,3758433,3758.433,195,0,gap,1
581,3768423,3768.423,256,0,gap,1
582,3772347,3772.347,149,0,gap,1
583,3776274,3776.274,150,0,gap,1
584,3788432,3788.432,228,0,gap,1
585,3792374,3792.374,163,0,gap,1
586,3796303,3796.303,178,0,gap,1
587,3808423,3808.423,211,0,gap,1
588,3812367,3812.367,176,0,gap,1
589,3816313,3816.313,172,0,gap,1
590,3820258,3820.258,145,0,gap,1
591,3828425,3828.425,208,0,gap,1
592,3835148,3835.148,208,0,gap,1
593,3848415,3848.415,261,0,gap,1
594,3852108,3852.108,151,0,gap,1
595,3855796,3855.796,131,0,gap,1
596,3868431,3868.431,249,0,gap,1
597,3872142,3872.142,125,1,pulse,2
598,3875938,3875.938,4095,1,pulse,2
599,3888420,3888.42,4095,1,pulse,2
600,3892077,3892.077,4095,1,pulse,2
601,3895726,3895.726,4095,1,pulse,2
602,3908428,3908.428,4095,1,pulse,2
603,3912095,3912.095,4095,0,gap,2
604,3915980,3915.98,3037,0,gap,2
605,3928427,3928.427,2800,0,gap,2
606,3932179,3932.179,2767,0,gap,2
607,3935930,3935.93,2738,0,gap,2
608,3948431,3948.431,2683,0,gap,2
609,3952197,3952.197,2667,0,gap,2
610,3955954,3955.954,2650,0,gap,2
611,3968423,3968.423,2611,0,gap,2
612,3972199,3972.199,2585,0,gap,2
613,3975970,3975.97,2555,0,gap,2
614,3988431,3988.431,2523,0,gap,2
615,3992218,3992.218,2512,0,gap,2
616,3996004,3996.004,2512,0,gap,2
617,4008423,4008.423,2479,0,gap,2
618,4012258,4012.258,2448,0,gap,2
619,4016077,4016.077,2433,0,gap,2
620,4028431,4028.431,2401,0,gap,2
621,4032274,4032.274,2386,0,gap,2
622,4036105,4036.105,2371,0,gap,2
623,4048423,4048.423,2341,0,gap,2
624,4052273,4052.273,2317,0,gap,2
625,4056114,4056.114,2295,0,gap,2
626,4068431,4068.431,2283,0,gap,2
627,4072299,4072.299,2265,0,gap,2
628,4076158,4076.158,2238,0,gap,2
629,4088423,4088.423,2218,0,gap,2
630,4092306,4092.306,2193,0,gap,2
631,4096191,4096.191,2190,0,gap,2
632,4108431,4108.431,2170,0,gap,2
633,4112330,4112.33,2138,0,gap,2
634,4116221,4116.221,2122,0,gap,2
635,4128423,4128.423,2096,0,gap,2
636,4132332,4132.332,2083,0,gap,2
637,4136236,4136.236,2055,0,gap,2
638,4148419,4148.419,2025,0,gap,2
639,4152338,4152.338,2019,0,gap,2
640,4156251,4156.251,2002,0,gap,2
641,4168415,4168.415,1989,0,gap,2
642,4172344,4172.344,1949,0,gap,2
643,4176268,4176.268,1945,0,gap,2
644,4188419,4188.419,1923,0,gap,2
645,4192354,4192.354,1906,0,gap,2
646,4196283,4196.283,1883,0,gap,2
647,4208415,4208.415,1853,0,gap,2
648,4212368,4212.368,1847,0,gap,2
649,4216312,4216.312,1825,0,gap,2
650,4228415,4228.415,1807,0,gap,2
651,4232373,4232.373,1808,0,gap,2
652,4236323,4236.323,1779,0,gap,2
653,4248415,4248.415,1762,0,gap,2
654,4252385,4252.385,1741,0,gap,2
655,4259109,4259.109,1728,0,gap,2
656,4262807,4262.807,1713,0,gap,2
657,4268423,4268.423,1687,0,gap,2
658,4278432,4278.432,1667,0,gap,2
659,4282153,4282.153,1654,0,gap,2
660,4288431,4288.431,1639,0,gap,2
661,4298423,4298.423,1623,0,gap,2
662,4302153,4302.153,1605,0,gap,2
663,4305878,4305.878,1584,0,gap,2
664,4318433,4318.433,1582,0,gap,2
665,4322176,4322.176,1559,0,gap,2
666,4325916,4325.916,1522,0,gap,2
667,4338424,4338.424,1509,0,gap,2
668,4342176,4342.176,1488,0,gap,2
669,4345927,4345.927,1499,0,gap,2
670,4358431,4358.431,1453,0,gap,2
671,4362196,4362.196,1453,0,gap,2
672,4365957,4365.957,1439,0,gap,2
673,4378423,4378.423,1431,0,gap,2
674,4382199,4382.199,1399,0,gap,2
675,4385974,4385.974,1392,0,gap,2
676,4398431,4398.431,1372,0,gap,2
677,4402218,4402.218,1360,0,gap,2
678,4405995,4405.995,1330,0,gap,2
679,4418423,4418.423,1334,0,gap,2
680,4422261,4422.261,1296,0,gap,2
681,4426081,4426.081,1298,0,gap,2
682,4438431,4438.431,1285,0,gap,2
683,4442270,4442.27,1267,0,gap,2
684,4446100,4446.1,1263,0,gap,2
685,4458427,4458.427,1228,0,gap,2
686,4462269,4462.269,1223,0,gap,2
687,4466117,4466.117,1203,0,gap,2
688,4478431,4478.431,1204,0,gap,2
689,4482306,4482.306,1200,0,gap,2
690,4486166,4486.166,1175,0,gap,2
691,4498423,4498.423,1183,0,gap,2
692,4502303,4502.303,1138,0,gap,2
693,4506192,4506.192,1135,0,gap,2
694,4518431,4518.431,1127,0,gap,2
695,4522334,4522.334,1102,0,gap,2
696,4526229,4526.229,1088,0,gap,2
697,4538423,4538.423,1087,0,gap,2
698,4542328,4542.328,1070,0,gap,2
699,4546236,4546.236,1073,0,gap,2
700,4558419,4558.419,1042,0,gap,2
701,4562342,4562.342,1040,0,gap,2
702,4566252,4566.252,1023,0,gap,2
703,4578415,4578.415,1021,0,gap,2
704,4582340,4582.34,992,0,gap,2
705,4586263,4586.263,980,0,gap,2
706,4590192,4590.192,973,0,gap,2
707,4598425,4598.425,976,0,gap,2
708,4608431,4608.431,958,0,gap,2
709,4612380,4612.38,946,0,gap,2
710,4616311,4616.311,926,0,gap,2
711,4628424,4628.424,933,0,gap,2
712,4632378,4632.378,925,0,gap,2
713,4636328,4636.328,896,0,gap,2
714,4648431,4648.431,908,0,gap,2
715,4652399,4652.399,891,0,gap,2
716,4656354,4656.354,865,0,gap,2
717,4660324,4660.324,865,0,gap,2
718,4666897,4666.897,874,0,gap,2
719,4678425,4678.425,858,0,gap,2
720,4682126,4682.126,838,0,gap,2
721,4685832,4685.832,821,0,gap,2
722,4698433,4698.433,855,0,gap,2
723,4702159,4702.159,793,0,gap,2
724,4705877,4705.877,778,0,gap,2
725,4718424,4718.424,805,0,gap,2
726,4722152,4722.152,767,0,gap,2
727,4725881,4725.881,767,0,gap,2
728,4738431,4738.431,770,0,gap,2
729,4742179,4742.179,737,0,gap,2
730,4745918,4745.918,753,0,gap,2
731,4758423,4758.423,745,0,gap,2
732,4762182,4762.182,739,0,gap,2
733,4765939,4765.939,721,0,gap,2
734,4778431,4778.431,733,0,gap,2
735,4782200,4782.2,710,0,gap,2
736,4785964,4785.964,691,0,gap,2
737,4798423,4798.423,725,0,gap,2
738,4802202,4802.202,682,0,gap,2
739,4805977,4805.977,681,0,gap,2
740,4818419,4818.419,715,0,gap,2
741,4822205,4822.205,656,0,gap,2
742,4825995,4825.995,654,0,gap,2
743,4838415,4838.415,674,0,gap,2
744,4842251,4842.251,624,0,gap,2
745,4846073,4846.073,646,0,gap,2
746,4858415,4858.415,650,0,gap,2
747,4862262,4862.262,624,0,gap,2
748,4866096,4866.096,624,0,gap,2
749,4878415,4878.415,639,0,gap,2
750,4882264,4882.264,605,0,gap,2
751,4886115,4886.115,587,0,gap,2
752,4889972,4889.972,565,0,gap,2
753,4898425,4898.425,624,0,gap,2
754,4908431,4908.431,603,0,gap,2
755,4912328,4912.328,569,0,gap,2
756,4916205,4916.205,561,0,gap,2
757,4928424,4928.424,597,0,gap,2
758,4932315,4932.315,574,0,gap,2
759,4936213,4936.213,543,0,gap,2
760,4948431,4948.431,607,0,gap,2
761,4952344,4952.344,537,0,gap,2
762,4956240,4956.24,524,0,gap,2
763,4960150,4960.15,511,0,gap,2
764,4968433,4968.433,575,0,gap,2
765,4978427,4978.427,559,0,gap,2
766,4982348,4982.348,532,0,gap,2
767,4986272,4986.272,489,0,gap,2
768,4998432,4998.432,557,0,gap,2
769,5002366,5002.366,495,0,gap,2
770,5006292,5006.292,469,0,gap,2
771,5018423,5018.423,549,0,gap,2
772,5022364,5022.364,473,0,gap,2
773,5026303,5026.303,463,0,gap,2
774,5030246,5030.246,475,0,gap,2
775,5038425,5038.425,497,0,gap,2
776,5048431,5048.431,523,0,gap,2
777,5052396,5052.396,447,0,gap,2
778,5056348,5056.348,435,0,gap,2
779,5068424,5068.424,525,0,gap,2
780,5075150,5075.15,447,0,gap,2
781,5078888,5078.888,440,0,gap,2
782,5088431,5088.431,477,0,gap,2
783,5092142,5092.142,426,0,gap,2
784,5095842,5095.842,415,0,gap,2
785,5108425,5108.425,442,0,gap,2
786,5112143,5112.143,416,0,gap,2
787,5115866,5115.866,425,0,gap,2
788,5128432,5128.432,469,0,gap,2
789,5132162,5132.162,421,0,gap,2
790,5135889,5135.889,401,0,gap,2
791,5148423,5148.423,475,0,gap,2
792,5152171,5152.171,394,0,gap,2
793,5155916,5155.916,385,0,gap,2
794,5168431,5168.431,469,0,gap,2
795,5172194,5172.194,371,0,gap,2
796,5175941,5175.941,368,0,gap,2
797,5188427,5188.427,432,0,gap,2
798,5192188,5192.188,350,0,gap,2
799,5195957,5195.957,365,0,gap,2
800,5208431,5208.431,398,0,gap,2
801,5212215,5212.215,358,0,gap,2
802,5215986,5215.986,363,0,gap,2
803,5228415,5228.415,414,0,gap,2
804,5232203,5232.203,357,0,gap,2
805,5236014,5236.014,334,0,gap,2
806,5248415,5248.415,434,0,gap,2
807,5252251,5252.251,342,0,gap,2
808,5256079,5256.079,337,0,gap,2
809,5268411,5268.411,429,0,gap,2
810,5272246,5272.246,322,0,gap,2
811,5276089,5276.089,304,0,gap,2
812,5288415,5288.415,384,0,gap,2
813,5292276,5292.276,307,0,gap,2
814,5296117,5296.117,320,0,gap,2
815,5299980,5299.98,327,0,gap,2
816,5308433,5308.433,337,0,gap,2
817,5318423,5318.423,395,0,gap,2
818,5322309,5322.309,292,0,gap,2
819,5326198,5326.198,273,0,gap,2
820,5338432,5338.432,384,0,gap,2
821,5342331,5342.331,293,0,gap,2
822,5346218,5346.218,311,0,gap,2
823,5358423,5358.423,338,0,gap,2
824,5362333,5362.333,295,0,gap,2
825,5366241,5366.241,304,0,gap,2
826,5370143,5370.143,297,0,gap,2
827,5378425,5378.425,319,0,gap,2
828,5388431,5388.431,338,0,gap,2
829,5392365,5392.365,242,0,gap,2
830,5396278,5396.278,283,0,gap,2
831,5408424,5408.424,318,0,gap,2
832,5412355,5412.355,282,0,gap,2
833,5416286,5416.286,279,0,gap,2
834,5428431,5428.431,329,0,gap,2
835,5432384,5432.384,280,0,gap,2
836,5436316,5436.316,273,0,gap,2
837,5440262,5440.262,240,0,gap,2
838,5448433,5448.433,323,0,gap,2
839,5458423,5458.423,274,0,gap,2
840,5462385,5462.385,253,0,gap,2
841,5466341,5466.341,257,0,gap,2
842,5478432,5478.432,317,0,gap,2
843,5485181,5485.181,306,0,gap,2
844,5488891,5488.891,227,0,gap,2
845,5498427,5498.427,331,0,gap,2
846,5502128,5502.128,234,0,gap,2
847,5505840,5505.84,199,0,gap,2
848,5518433,5518.433,333,0,gap,2
849,5522157,5522.157,222,0,gap,2
850,5525873,5525.873,200,0,gap,2
851,5538424,5538.424,308,0,gap,2
852,5542152,5542.152,206,0,gap,2
853,5545891,5545.891,229,0,gap,2
854,5558431,5558.431,274,0,gap,2
855,5562181,5562.181,213,0,gap,2
856,5565931,5565.931,231,0,gap,2
857,5578423,5578.423,261,0,gap,2
858,5582184,5582.184,228,0,gap,2
859,5585936,5585.936,210,0,gap,2
860,5598431,5598.431,310,0,gap,2
861,5602206,5602.206,209,0,gap,2
862,5605973,5605.973,183,0,gap,2
863,5618423,5618.423,301,0,gap,2
864,5622205,5622.205,176,0,gap,2
865,5625978,5625.978,191,0,gap,2
866,5638419,5638.419,275,0,gap,2
867,5642216,5642.216,171,0,gap,2
868,5646042,5646.042,193,0,gap,2
869,5658411,5658.411,251,0,gap,2
870,5662241,5662.241,192,0,gap,2
871,5666071,5666.071,205,0,gap,2
872,5678415,5678.415,245,0,gap,2
873,5682261,5682.261,202,0,gap,2
874,5686097,5686.097,192,0,gap,2
875,5698411,5698.411,275,0,gap,2
876,5702262,5702.262,198,0,gap,2
877,5706116,5706.116,151,0,gap,2
878,5709980,5709.98,164,0,gap,2
879,5718425,5718.425,249,0,gap,2
880,5728431,5728.431,219,0,gap,2
881,5732322,5732.322,187,0,gap,2
882,5736205,5736.205,167,0,gap,2
883,5748424,5748.424,260,0,gap,2
884,5752321,5752.321,170,0,gap,2
885,5756214,5756.214,150,0,gap,2
886,5768431,5768.431,262,0,gap,2
887,5772342,5772.342,146,0,gap,2
888,5776252,5776.252,138,0,gap,2
889,5780159,5780.159,166,0,gap,2
890,5788433,5788.433,212,0,gap,2
891,5798423,5798.423,228,0,gap,2
892,5802350,5802.35,160,0,gap,2
893,5806277,5806.277,128,0,gap,2
894,5818432,5818.432,259,0,gap,2
895,5822369,5822.369,144,0,gap,2
896,5826302,5826.302,133,0,gap,2
897,5838423,5838.423,239,0,gap,2
898,5842370,5842.37,128,0,gap,2
899,5846313,5846.313,158,0,gap,2
900,5850262,5850.262,151,0,gap,2
901,5858425,5858.425,156,0,gap,2
902,5868431,5868.431,234,0,gap,2
903,5872395,5872.395,113,0,gap,2
904,5876358,5876.358,116,0,gap,2
905,5883087,5883.087,195,0,gap,2
906,5888432,5888.432,144,0,gap,2
907,5898425,5898.425,208,0,gap,2
908,5902127,5902.127,144,0,gap,2
909,5908428,5908.428,127,0,gap,2
910,5918432,5918.432,218,0,gap,2
911,5922158,5922.158,125,0,gap,2
912,5925873,5925.873,114,0,gap,2
913,5938425,5938.425,221,0,gap,2
914,5942151,5942.151,96,0,gap,2
915,5945889,5945.889,119,0,gap,2
916,5958432,5958.432,172,0,gap,2
917,5962175,5962.175,117,0,gap,2
918,5965920,5965.92,135,0,gap,2
919,5978423,5978.423,178,0,gap,2
920,5982187,5982.187,2467,1,pulse,3
921,5986029,5986.029,4095,1,pulse,3
922,5998428,5998.428,4095,1,pulse,3
923,6002130,6002.13,4095,1,pulse,3
924,6005829,6005.829,4095,1,pulse,3
925,6018420,6018.42,4095,1,pulse,3
926,6022133,6022.133,4095,0,gap,3
927,6026064,6026.064,3052,0,gap,3
928,6038431,6038.431,2767,0,gap,3
929,6042237,6042.237,2735,0,gap,3
930,6046058,6046.058,2710,0,gap,3
931,6058423,6058.423,2659,0,gap,3
932,6062265,6062.265,2644,0,gap,3
933,6066099,6066.099,2610,0,gap,3
934,6078431,6078.431,2592,0,gap,3
935,6082289,6082.289,2590,0,gap,3
936,6086138,6086.138,2545,0,gap,3
937,6098423,6098.423,2512,0,gap,3
938,6102286,6102.286,2497,0,gap,3
939,6106145,6106.145,2487,0,gap,3
940,6118435,6118.435,2462,0,gap,3
941,6122317,6122.317,2439,0,gap,3
942,6126199,6126.199,2419,0,gap,3
943,6138423,6138.423,2390,0,gap,3
944,6142326,6142.326,2369,0,gap,3
945,6146228,6146.228,2361,0,gap,3
946,6158419,6158.419,2311,0,gap,3
947,6162332,6162.332,2318,0,gap,3
948,6166240,6166.24,2288,0,gap,3
949,6178415,6178.415,2271,0,gap,3
950,6182338,6182.338,2256,0,gap,3
951,6186259,6186.259,2244,0,gap,3
952,6198419,6198.419,2210,0,gap,3
953,6202347,6202.347,2199,0,gap,3
954,6206275,6206.275,2160,0,gap,3
955,6218415,6218.415,2133,0,gap,3
956,6222361,6222.361,2123,0,gap,3
957,6226294,6226.294,2098,0,gap,3
958,6238415,6238.415,2089,0,gap,3
959,6242367,6242.367,2078,0,gap,3
960,6246314,6246.314,2055,0,gap,3
961,6258415,6258.415,2009,0,gap,3
962,6262377,6262.377,2000,0,gap,3
963,6266329,6266.329,2000,0,gap,3
964,6278415,6278.415,1971,0,gap,3
965,6282387,6282.387,1955,0,gap,3
966,6286349,6286.349,1937,0,gap,3
967,6298411,6298.411,1904,0,gap,3
968,6305197,6305.197,1886,0,gap,3
969,6308916,6308.916,1883,0,gap,3
970,6318431,6318.431,1861,0,gap,3
971,6322150,6322.15,1837,0,gap,3
972,6328419,6328.419,1828,0,gap,3
973,6338415,6338.415,1793,0,gap,3
974,6342150,6342.15,1783,0,gap,3
975,6345881,6345.881,1770,0,gap,3
976,6358432,6358.432,1744,0,gap,3
977,6362178,6362.178,1727,0,gap,3
978,6365935,6365.935,1723,0,gap,3
979,6378424,6378.424,1680,0,gap,3
980,6382180,6382.18,1680,0,gap,3
981,6385932,6385.932,1666,0,gap,3
982,6398431,6398.431,1647,0,gap,3
983,6402206,6402.206,1628,0,gap,3
984,6405973,6405.973,1613,0,gap,3
985,6418423,6418.423,1586,0,gap,3
986,6422204,6422.204,1555,0,gap,3
987,6425977,6425.977,1554,0,gap,3
988,6438435,6438.435,1533,0,gap,3
989,6442223,6442.223,1520,0,gap,3
990,6446011,6446.011,1515,0,gap,3
991,6458423,6458.423,1486,0,gap,3
992,6462227,6462.227,1469,0,gap,3
993,6466059,6466.059,1457,0,gap,3
994,6478431,6478.431,1439,0,gap,3
995,6482279,6482.279,1440,0,gap,3
996,6486114,6486.114,1421,0,gap,3
997,6498423,6498.423,1409,0,gap,3
998,6502275,6502.275,1367,0,gap,3
999,6506133,6506.133,1362,0,gap,3
1000,6518431,6518.431,1353,0,gap,3
1001,6522301,6522.301,1328,0,gap,3
1002,6526155,6526.155,1325,0,gap,3
1003,6538423,6538.423,1301,0,gap,3
1004,6542308,6542.308,1271,0,gap,3
1005,6546214,6546.214,1275,0,gap,3
1006,6558431,6558.431,1252,0,gap,3
1007,6562345,6562.345,1247,0,gap,3
1008,6566243,6566.243,1249,0,gap,3
1009,6578427,6578.427,1225,0,gap,3
1010,6582335,6582.335,1206,0,gap,3
1011,6586251,6586.251,1201,0,gap,3
1012,6598431,6598.431,1182,0,gap,3
1013,6602361,6602.361,1169,0,gap,3
1014,6606274,6606.274,1143,0,gap,3
1015,6618423,6618.423,1141,0,gap,3
1016,6622355,6622.355,1113,0,gap,3
1017,6626285,6626.285,1100,0,gap,3
1018,6638431,6638.431,1097,0,gap,3
1019,6642380,6642.38,1085,0,gap,3
1020,6646317,6646.317,1077,0,gap,3
1021,6658423,6658.423,1073,0,gap,3
1022,6662375,6662.375,1041,0,gap,3
1023,6666329,6666.329,1045,0,gap,3
1024,6678431,6678.431,1040,0,gap,3
1025,6682404,6682.404,1023,0,gap,3
1026,6686360,6686.36,1008,0,gap,3
1027,6698423,6698.423,1014,0,gap,3
1028,6702394,6702.394,979,0,gap,3
1029,6706363,6706.363,954,0,gap,3
1030,6713084,6713.084,957,0,gap,3
1031,6716829,6716.829,947,0,gap,3
1032,6728433,6728.433,944,0,gap,3
1033,6732150,6732.15,927,0,gap,3
1034,6738419,6738.419,923,0,gap,3
1035,6748423,6748.423,912,0,gap,3
1036,6752160,6752.16,900,0,gap,3
1037,6755885,6755.885,880,0,gap,3
1038,6768433,6768.433,898,0,gap,3
1039,6772177,6772.177,863,0,gap,3
1040,6775918,6775.918,838,0,gap,3
1041,6788428,6788.428,864,0,gap,3
1042,6792178,6792.178,819,0,gap,3
1043,6795933,6795.933,829,0,gap,3
1044,6808431,6808.431,822,0,gap,3
1045,6812205,6812.205,805,0,gap,3
1046,6815962,6815.962,797,0,gap,3
1047,6828423,6828.423,809,0,gap,3
1048,6832199,6832.199,784,0,gap,3
1049,6835978,6835.978,781,0,gap,3
1050,6848431,6848.431,790,0,gap,3
1051,6852225,6852.225,764,0,gap,3
1052,6856007,6856.007,738,0,gap,3
1053,6868423,6868.423,784,0,gap,3
1054,6872221,6872.221,719,0,gap,3
1055,6876046,6876.046,719,0,gap,3
1056,6888431,6888.431,763,0,gap,3
1057,6892282,6892.282,694,0,gap,3
1058,6896116,6896.116,694,0,gap,3
1059,6908423,6908.423,705,0,gap,3
1060,6912273,6912.273,682,0,gap,3
1061,6916122,6916.122,687,0,gap,3
1062,6928431,6928.431,691,0,gap,3
1063,6932303,6932.303,676,0,gap,3
1064,6936157,6936.157,651,0,gap,3
1065,6948423,6948.423,698,0,gap,3
1066,6952301,6952.301,640,0,gap,3
1067,6956184,6956.184,621,0,gap,3
1068,6968435,6968.435,669,0,gap,3
1069,6972339,6972.339,610,0,gap,3
1070,6976229,6976.229,607,0,gap,3
1071,6988423,6988.423,652,0,gap,3
1072,6992332,6992.332,579,0,gap,3
1073,6996245,6996.245,597,0,gap,3
1074,7008419,7008.419,630,0,gap,3
1075,7012346,7012.346,583,0,gap,3
1076,7016260,7016.26,593,0,gap,3
1077,7028415,7028.415,592,0,gap,3
1078,7032344,7032.344,573,0,gap,3
1079,7036280,7036.28,563,0,gap,3
1080,7048419,7048.419,606,0,gap,3
1081,7052365,7052.365,561,0,gap,3
1082,7056295,7056.295,531,0,gap,3
1083,7068411,7068.411,593,0,gap,3
1084,7072359,7072.359,531,0,gap,3
1085,7076311,7076.311,506,0,gap,3
1086,7088415,7088.415,566,0,gap,3
1087,7092381,7092.381,502,0,gap,3
1088,7096334,7096.334,500,0,gap,3
1089,7108415,7108.415,556,0,gap,3
1090,7112383,7112.383,499,0,gap,3
1091,7116354,7116.354,510,0,gap,3
1092,7128415,7128.415,528,0,gap,3
1093,7135207,7135.207,534,0,gap,3
1094,7138925,7138.925,467,0,gap,3
1095,7148423,7148.423,509,0,gap,3
1096,7152139,7152.139,465,0,gap,3
1097,7158411,7158.411,463,0,gap,3
1098,7168431,7168.431,529,0,gap,3
1099,7172171,7172.171,445,0,gap,3
1100,7175897,7175.897,419,0,gap,3
1101,7188425,7188.425,522,0,gap,3
1102,7192163,7192.163,415,0,gap,3
1103,7195911,7195.911,426,0,gap,3
1104,7208432,7208.432,479,0,gap,3
1105,7212200,7212.2,414,0,gap,3
1106,7215952,7215.952,431,0,gap,3
1107,7228423,7228.423,465,0,gap,3
1108,7232191,7232.191,426,0,gap,3
1109,7235961,7235.961,419,0,gap,3
1110,7248431,7248.431,464,0,gap,3
1111,7252220,7252.22,426,0,gap,3
1112,7255993,7255.993,397,0,gap,3
1113,7268423,7268.423,486,0,gap,3
1114,7272211,7272.211,392,0,gap,3
1115,7275999,7275.999,368,0,gap,3
1116,7288435,7288.435,460,0,gap,3
1117,7292239,7292.239,369,0,gap,3
1118,7296068,7296.068,382,0,gap,3
1119,7308423,7308.423,424,0,gap,3
1120,7312267,7312.267,357,0,gap,3
1121,7316107,7316.107,375,0,gap,3
1122,7328431,7328.431,410,0,gap,3
1123,7332287,7332.287,383,0,gap,3
1124,7336138,7336.138,365,0,gap,3
1125,7348423,7348.423,418,0,gap,3
1126,7352288,7352.288,353,0,gap,3
1127,7356153,7356.153,349,0,gap,3
1128,7368431,7368.431,427,0,gap,3
1129,7372315,7372.315,339,0,gap,3
1130,7376207,7376.207,315,0,gap,3
1131,7388423,7388.423,403,0,gap,3
1132,7392332,7392.332,313,0,gap,3
1133,7396228,7396.228,320,0,gap,3
1134,7408431,7408.431,373,0,gap,3
1135,7412346,7412.346,320,0,gap,3
1136,7416256,7416.256,327,0,gap,3
1137,7428419,7428.419,366,0,gap,3
1138,7432344,7432.344,331,0,gap,3
1139,7436259,7436.259,320,0,gap,3
1140,7448419,7448.419,381,0,gap,3
1141,7452349,7452.349,322,0,gap,3
1142,7456275,7456.275,290,0,gap,3
1143,7468415,7468.415,386,0,gap,3
1144,7472359,7472.359,294,0,gap,3
1145,7476299,7476.299,270,0,gap,3
1146,7488415,7488.415,377,0,gap,3
1147,7492369,7492.369,271,0,gap,3
1148,7496323,7496.323,272,0,gap,3
1149,7508411,7508.411,341,0,gap,3
1150,7512371,7512.371,272,0,gap,3
1151,7516330,7516.33,299,0,gap,3
1152,7528415,7528.415,331,0,gap,3
1153,7532393,7532.393,283,0,gap,3
1154,7536358,7536.358,287,0,gap,3
1155,7543096,7543.096,287,0,gap,3
1156,7546833,7546.833,243,0,gap,3
1157,7558425,7558.425,336,0,gap,3
1158,7562138,7562.138,251,0,gap,3
1159,7568411,7568.411,319,0,gap,3
1160,7578419,7578.419,300,0,gap,3
1161,7582152,7582.152,272,0,gap,3
1162,7585873,7585.873,268,0,gap,3
1163,7598425,7598.425,322,0,gap,3
1164,7602165,7602.165,246,0,gap,3
1165,7605910,7605.91,223,0,gap,3
1166,7618432,7618.432,342,0,gap,3
1167,7622189,7622.189,233,0,gap,3
1168,7625945,7625.945,214,0,gap,3
1169,7638427,7638.427,326,0,gap,3
1170,7642197,7642.197,208,0,gap,3
1171,7645958,7645.958,221,0,gap,3
1172,7658431,7658.431,294,0,gap,3
1173,7662211,7662.211,213,0,gap,3
1174,7665982,7665.982,230,0,gap,3
1175,7678423,7678.423,283,0,gap,3
1176,7682213,7682.213,222,0,gap,3
1177,7685999,7685.999,224,0,gap,3
1178,7698431,7698.431,288,0,gap,3
1179,7702233,7702.233,227,0,gap,3
1180,7706054,7706.054,202,0,gap,3
1181,7718423,7718.423,307,0,gap,3
1182,7722266,7722.266,208,0,gap,3
1183,7726103,7726.103,182,0,gap,3
1184,7738431,7738.431,295,0,gap,3
1185,7742289,7742.289,179,0,gap,3
1186,7746134,7746.134,187,0,gap,3
1187,7758423,7758.423,267,0,gap,3
1188,7762287,7762.287,186,0,gap,3
1189,7766146,7766.146,216,0,gap,3
1190,7778431,7778.431,250,0,gap,3
1191,7782317,7782.317,208,0,gap,3
1192,7786200,7786.2,211,0,gap,3
1193,7798423,7798.423,251,0,gap,3
1194,7802326,7802.326,207,0,gap,3
1195,7806225,7806.225,172,0,gap,3
1196,7818435,7818.435,293,0,gap,3
1197,7822344,7822.344,190,0,gap,3
1198,7826253,7826.253,144,0,gap,3
1199,7838415,7838.415,272,0,gap,3
1200,7842338,7842.338,160,0,gap,3
1201,7846256,7846.256,151,0,gap,3
1202,7858419,7858.419,243,0,gap,3
1203,7862348,7862.348,164,0,gap,3
1204,7866272,7866.272,183,0,gap,3
1205,7878415,7878.415,218,0,gap,3
1206,7882357,7882.357,179,0,gap,3
1207,7886299,7886.299,174,0,gap,3
1208,7898415,7898.415,242,0,gap,3
1209,7902367,7902.367,185,0,gap,3
1210,7906315,7906.315,149,0,gap,3
1211,7918411,7918.411,270,0,gap,3
1212,7922377,7922.377,163,0,gap,3
1213,7926330,7926.33,133,0,gap,3
1214,7938415,7938.415,256,0,gap,3
1215,7942387,7942.387,134,0,gap,3
1216,7946354,7946.354,143,0,gap,3
1217,7958415,7958.415,234,0,gap,3
1218,7965202,7965.202,181,0,gap,3
1219,7968916,7968.916,163,0,gap,3
1220,7978431,7978.431,177,0,gap,3
1221,7982151,7982.151,171,0,gap,3
1222,7988415,7988.415,181,0,gap,3
1223,7998415,7998.415,214,0,gap,3
1224,8002151,8002.151,156,0,gap,3
1225,8005881,8005.881,119,0,gap,3
1226,8018432,8018.432,241,0,gap,3
1227,8022174,8022.174,147,0,gap,3
1228,8025923,8025.923,108,0,gap,3
1229,8038424,8038.424,1675,1,pulse,4
1230,8042273,8042.273,4095,1,pulse,4
1231,8045972,8045.972,4095,1,pulse,4
1232,8058428,8058.428,4095,1,pulse,4
1233,8062138,8062.138,4095,1,pulse,4
1234,8065839,8065.839,4095,1,pulse,4
1235,8078420,8078.42,4095,0,gap,4
1236,8082358,8082.358,3007,0,gap,4
1237,8086149,8086.149,2877,0,gap,4
1238,8098431,8098.431,2794,0,gap,4
1239,8102234,8102.234,2766,0,gap,4
1240,8106033,8106.033,2736,0,gap,4
1241,8118423,8118.423,2687,0,gap,4
1242,8122238,8122.238,2659,0,gap,4
1243,8126086,8126.086,2641,0,gap,4
1244,8138431,8138.431,2608,0,gap,4
1245,8142290,8142.29,2587,0,gap,4
1246,8146133,8146.133,2557,0,gap,4
1247,8158423,8158.423,2538,0,gap,4
1248,8162290,8162.29,2512,0,gap,4
1249,8166152,8166.152,2512,0,gap,4
1250,8178431,8178.431,2459,0,gap,4
1251,8182311,8182.311,2457,0,gap,4
1252,8186179,8186.179,2429,0,gap,4
1253,8198423,8198.423,2419,0,gap,4
1254,8202318,8202.318,2383,0,gap,4
1255,8206229,8206.229,2379,0,gap,4
1256,8218431,8218.431,2352,0,gap,4
1257,8222351,8222.351,2326,0,gap,4
1258,8226258,8226.258,2303,0,gap,4
1259,8238423,8238.423,2288,0,gap,4
1260,8242345,8242.345,2267,0,gap,4
1261,8246266,8246.266,2237,0,gap,4
1262,8258431,8258.431,2225,0,gap,4
1263,8262370,8262.37,2203,0,gap,4
1264,8266301,8266.301,2175,0,gap,4
1265,8278423,8278.423,2157,0,gap,4
1266,8282364,8282.364,2131,0,gap,4
1267,8286305,8286.305,2130,0,gap,4
1268,8298431,8298.431,2107,0,gap,4
1269,8302390,8302.39,2078,0,gap,4
1270,8306340,8306.34,2064,0,gap,4
1271,8318423,8318.423,2037,0,gap,4
1272,8322384,8322.384,2022,0,gap,4
1273,8326348,8326.348,1993,0,gap,4
1274,8338431,8338.431,1983,0,gap,4
1275,8342414,8342.414,1961,0,gap,4
1276,8346380,8346.38,1941,0,gap,4
1277,8358423,8358.423,1919,0,gap,4
1278,8362404,8362.404,1902,0,gap,4
1279,8366388,8366.388,1888,0,gap,4
1280,8373126,8373.126,1863,0,gap,4
1281,8378423,8378.423,1847,0,gap,4
1282,8388432,8388.432,1834,0,gap,4
1283,8392160,8392.16,1805,0,gap,4
1284,8398431,8398.431,1807,0,gap,4
1285,8408424,8408.424,1774,0,gap,4
1286,8412172,8412.172,1762,0,gap,4
1287,8415911,8415.911,1734,0,gap,4
1288,8428433,8428.433,1713,0,gap,4
1289,8432185,8432.185,1712,0,gap,4
1290,8435933,8435.933,1686,0,gap,4
1291,8448425,8448.425,1673,0,gap,4
1292,8452186,8452.186,1647,0,gap,4
1293,8455956,8455.956,1633,0,gap,4
1294,8468432,8468.432,1621,0,gap,4
1295,8472217,8472.217,1584,0,gap,4
1296,8475993,8475.993,1584,0,gap,4
1297,8488424,8488.424,1580,0,gap,4
1298,8492206,8492.206,1535,0,gap,4
1299,8495996,8495.996,1521,0,gap,4
1300,8508431,8508.431,1509,0,gap,4
1301,8512236,8512.236,1490,0,gap,4
1302,8516029,8516.029,1476,0,gap,4
1303,8528423,8528.423,1461,0,gap,4
1304,8532232,8532.232,1441,0,gap,4
1305,8536065,8536.065,1436,0,gap,4
1306,8548431,8548.431,1422,0,gap,4
1307,8552293,8552.293,1402,0,gap,4
1308,8556134,8556.134,1374,0,gap,4
1309,8568423,8568.423,1382,0,gap,4
1310,8572284,8572.284,1344,0,gap,4
1311,8576149,8576.149,1344,0,gap,4
1312,8588435,8588.435,1316,0,gap,4
1313,8592310,8592.31,1300,0,gap,4
1314,8596176,8596.176,1283,0,gap,4
1315,8608423,8608.423,1297,0,gap,4
1316,8612312,8612.312,1255,0,gap,4
1317,8616210,8616.21,1249,0,gap,4
1318,8628431,8628.431,1232,0,gap,4
1319,8632350,8632.35,1238,0,gap,4
1320,8636255,8636.255,1215,0,gap,4
1321,8648423,8648.423,1201,0,gap,4
1322,8652343,8652.343,1178,0,gap,4
1323,8656271,8656.271,1167,0,gap,4
1324,8668431,8668.431,1175,0,gap,4
1325,8672369,8672.369,1148,0,gap,4
1326,8676290,8676.29,1133,0,gap,4
1327,8688423,8688.423,1136,0,gap,4
1328,8692367,8692.367,1101,0,gap,4
1329,8696310,8696.31,1102,0,gap,4
1330,8708431,8708.431,1091,0,gap,4
1331,8712389,8712.389,1072,0,gap,4
1332,8716329,8716.329,1051,0,gap,4
1333,8728423,8728.423,1040,0,gap,4
1334,8732387,8732.387,1021,0,gap,4
1335,8736349,8736.349,1008,0,gap,4
1336,8748431,8748.431,1008,0,gap,4
1337,8752408,8752.408,998,0,gap,4
1338,8756371,8756.371,983,0,gap,4
1339,8768415,8768.415,996,0,gap,4
1340,8772393,8772.393,955,0,gap,4
1341,8776369,8776.369,939,0,gap,4
1342,8788415,8788.415,951,0,gap,4
1343,8795217,8795.217,929,0,gap,4
1344,8798948,8798.948,925,0,gap,4
1345,8808423,8808.423,922,0,gap,4
1346,8812148,8812.148,891,0,gap,4
1347,8818411,8818.411,896,0,gap,4
1348,8828431,8828.431,880,0,gap,4
1349,8832180,8832.18,859,0,gap,4
1350,8835917,8835.917,879,0,gap,4
1351,8848425,8848.425,870,0,gap,4
1352,8852176,8852.176,835,0,gap,4
1353,8855931,8855.931,834,0,gap,4
1354,8868432,8868.432,862,0,gap,4
1355,8872210,8872.21,813,0,gap,4
1356,8875968,8875.968,793,0,gap,4
1357,8888423,8888.423,822,0,gap,4
1358,8892201,8892.201,774,0,gap,4
1359,8895981,8895.981,765,0,gap,4
1360,8908435,8908.435,784,0,gap,4
1361,8912226,8912.226,750,0,gap,4
1362,8916009,8916.009,746,0,gap,4
1363,8928423,8928.423,757,0,gap,4
1364,8932220,8932.22,723,0,gap,4
1365,8936018,8936.018,733,0,gap,4
1366,8948431,8948.431,745,0,gap,4
1367,8952253,8952.253,726,0,gap,4
1368,8956089,8956.089,703,0,gap,4
1369,8968423,8968.423,729,0,gap,4
1370,8972273,8972.273,686,0,gap,4
1371,8976127,8976.127,672,0,gap,4
1372,8988431,8988.431,713,0,gap,4
1373,8992297,8992.297,663,0,gap,4
1374,8996157,8996.157,638,0,gap,4
1375,9008423,9008.423,683,0,gap,4
1376,9012303,9012.303,626,0,gap,4
1377,9016173,9016.173,640,0,gap,4
1378,9028431,9028.431,641,0,gap,4
1379,9032325,9032.325,637,0,gap,4
1380,9036221,9036.221,627,0,gap,4
1381,9048423,9048.423,653,0,gap,4
1382,9052342,9052.342,609,0,gap,4
1383,9056252,9056.252,607,0,gap,4
1384,9068419,9068.419,646,0,gap,4
1385,9072344,9072.344,586,0,gap,4
1386,9076259,9076.259,576,0,gap,4
1387,9088415,9088.415,627,0,gap,4
1388,9092349,9092.349,559,0,gap,4
1389,9096279,9096.279,549,0,gap,4
1390,9108419,9108.419,593,0,gap,4
1391,9112363,9112.363,556,0,gap,4
1392,9116306,9116.306,546,0,gap,4
1393,9128411,9128.411,560,0,gap,4
1394,9132361,9132.361,549,0,gap,4
1395,9136305,9136.305,547,0,gap,4
1396,9148415,9148.415,565,0,gap,4
1397,9152379,9152.379,528,0,gap,4
1398,9156338,9156.338,525,0,gap,4
1399,9168411,9168.411,569,0,gap,4
1400,9172385,9172.385,500,0,gap,4
1401,9176350,9176.35,482,0,gap,4
1402,9188415,9188.415,551,0,gap,4
1403,9192403,9192.403,474,0,gap,4
1404,9196377,9196.377,464,0,gap,4
1405,9208411,9208.411,529,0,gap,4
1406,9215149,9215.149,498,0,gap,4
1407,9218873,9218.873,474,0,gap,4
1408,9228435,9228.435,490,0,gap,4
1409,9232161,9232.161,445,0,gap,4
1410,9235889,9235.889,460,0,gap,4
1411,9248425,9248.425,497,0,gap,4
1412,9252167,9252.167,443,0,gap,4
1413,9255909,9255.909,434,0,gap,4
1414,9268432,9268.432,511,0,gap,4
1415,9272189,9272.189,431,0,gap,4
1416,9275945,9275.945,419,0,gap,4
1417,9288424,9288.424,491,0,gap,4
1418,9292191,9292.191,406,0,gap,4
1419,9295963,9295.963,401,0,gap,4
1420,9308431,9308.431,464,0,gap,4
1421,9312213,9312.213,391,0,gap,4
1422,9315990,9315.99,400,0,gap,4
1423,9328423,9328.423,449,0,gap,4
1424,9332219,9332.219,400,0,gap,4
1425,9336003,9336.003,406,0,gap,4
1426,9348431,9348.431,448,0,gap,4
1427,9352237,9352.237,393,0,gap,4
1428,9356028,9356.028,382,0,gap,4
1429,9368423,9368.423,443,0,gap,4
1430,9372245,9372.245,368,0,gap,4
1431,9376095,9376.095,359,0,gap,4
1432,9388431,9388.431,447,0,gap,4
1433,9392290,9392.29,347,0,gap,4
1434,9396133,9396.133,345,0,gap,4
1435,9408423,9408.423,412,0,gap,4
1436,9412289,9412.289,336,0,gap,4
1437,9416147,9416.147,366,0,gap,4
1438,9428431,9428.431,390,0,gap,4
1439,9432307,9432.307,346,0,gap,4
1440,9436186,9436.186,361,0,gap,4
1441,9448423,9448.423,397,0,gap,4
1442,9452317,9452.317,343,0,gap,4
1443,9456213,9456.213,326,0,gap,4
1444,9468419,9468.419,401,0,gap,4
1445,9472331,9472.331,327,0,gap,4
1446,9476246,9476.246,319,0,gap,4
1447,9488415,9488.415,414,0,gap,4
1448,9492341,9492.341,303,0,gap,4
1449,9496262,9496.262,300,0,gap,4
1450,9508419,9508.419,387,0,gap,4
1451,9512355,9512.355,283,0,gap,4
1452,9516281,9516.281,310,0,gap,4
1453,9528415,9528.415,347,0,gap,4
1454,9532360,9532.36,304,0,gap,4
1455,9536301,9536.301,309,0,gap,4
1456,9548419,9548.419,338,0,gap,4
1457,9552370,9552.37,305,0,gap,4
1458,9556316,9556.316,272,0,gap,4
1459,9568411,9568.411,368,0,gap,4
1460,9572372,9572.372,279,0,gap,4
1461,9576332,9576.332,263,0,gap,4
1462,9588415,9588.415,369,0,gap,4
1463,9592389,9592.389,259,0,gap,4
1464,9596359,9596.359,256,0,gap,4
1465,9608411,9608.411,341,0,gap,4
1466,9612391,9612.391,254,0,gap,4
1467,9616375,9616.375,274,0,gap,4
1468,9620360,9620.36,275,0,gap,4
1469,9627100,9627.1,261,0,gap,4
1470,9638433,9638.433,346,0,gap,4
1471,9642158,9642.158,238,0,gap,4
1472,9648419,9648.419,272,0,gap,4
1473,9658415,9658.415,304,0,gap,4
1474,9662157,9662.157,227,0,gap,4
1475,9665891,9665.891,249,0,gap,4
1476,9678432,9678.432,291,0,gap,4
1477,9682182,9682.182,238,0,gap,4
1478,9685935,9685.935,237,0,gap,4
1479,9698424,9698.424,299,0,gap,4
1480,9702191,9702.191,254,0,gap,4
1481,9705955,9705.955,223,0,gap,4
1482,9718431,9718.431,325,0,gap,4
1483,9722214,9722.214,240,0,gap,4
1484,9725988,9725.988,208,0,gap,4
1485,9738423,9738.423,318,0,gap,4
1486,9742212,9742.212,208,0,gap,4
1487,9745996,9745.996,205,0,gap,4
1488,9758435,9758.435,311,0,gap,4
1489,9762234,9762.234,201,0,gap,4
1490,9766024,9766.024,222,0,gap,4
1491,9778423,9778.423,262,0,gap,4
1492,9782233,9782.233,213,0,gap,4
1493,9786043,9786.043,214,0,gap,4
1494,9798431,9798.431,279,0,gap,4
1495,9802283,9802.283,216,0,gap,4
1496,9806130,9806.13,203,0,gap,4
1497,9818423,9818.423,291,0,gap,4
1498,9822281,9822.281,195,0,gap,4
1499,9826144,9826.144,184,0,gap,4
1500,9838431,9838.431,294,0,gap,4
1501,9842308,9842.308,179,0,gap,4
1502,9846168,9846.168,163,0,gap,4
1503,9858423,9858.423,275,0,gap,4
1504,9862314,9862.314,176,0,gap,4
1505,9866201,9866.201,194,0,gap,4
1506,9878431,9878.431,237,0,gap,4
1507,9882348,9882.348,192,0,gap,4
1508,9886248,9886.248,199,0,gap,4
1509,9898415,9898.415,240,0,gap,4
1510,9902338,9902.338,198,0,gap,4
1511,9906260,9906.26,176,0,gap,4
1512,9918419,9918.419,265,0,gap,4
1513,9922351,9922.351,184,0,gap,4
1514,9926275,9926.275,148,0,gap,4
1515,9938415,9938.415,269,0,gap,4
1516,9942353,9942.353,158,0,gap,4
1517,9946294,9946.294,146,0,gap,4
1518,9958415,9958.415,235,0,gap,4
1519,9962371,9962.371,145,0,gap,4
1520,9966318,9966.318,169,0,gap,4
1521,9978411,9978.411,217,0,gap,4
1522,9982365,9982.365,174,0,gap,4
1523,9986325,9986.325,177,0,gap,4
1524,9998415,9998.415,225,0,gap,4
1525,10002390,10002.39,176,0,gap,4
1526,10006358,10006.358,160,0,gap,4
1527,10018423,10018.423,245,0,gap,4
1528,10022401,10022.401,163,0,gap,4
1529,10026378,10026.378,138,0,gap,4
1530,10038431,10038.431,258,0,gap,4
1531,10045194,10045.194,161,0,gap,4
1532,10048938,10048.938,143,0,gap,4
1533,10058424,10058.424,208,0,gap,4
1534,10062143,10062.143,123,0,gap,4
1535,10068423,10068.423,188,0,gap,4
1536,10078436,10078.436,177,0,gap,4
1537,10082179,10082.179,151,0,gap,4
1538,10085915,10085.915,148,0,gap,4
1539,10098425,10098.425,208,0,gap,4
1540,10102172,10102.172,144,0,gap,4
1541,10105925,10105.925,137,0,gap,4
1542,10118433,10118.433,220,0,gap,4
1543,10122201,10122.201,142,0,gap,4
1544,10125968,10125.968,112,0,gap,4
1545,10138424,10138.424,218,0,gap,4
1546,10142200,10142.2,123,1,pulse,5
1547,10146068,10146.068,4095,1,pulse,5
1548,10158428,10158.428,4095,1,pulse,5
1549,10162153,10162.153,4095,1,pulse,5
1550,10165873,10165.873,4095,1,pulse,5
1551,10178420,10178.42,4095,1,pulse,5
1552,10182160,10182.16,4095,0,gap,5
1553,10186113,10186.113,3023,0,gap,5
1554,10198432,10198.432,2821,0,gap,5
1555,10202251,10202.251,2789,0,gap,5
1556,10206094,10206.094,2761,0,gap,5
1557,10218424,10218.424,2711,0,gap,5
1558,10222288,10222.288,2683,0,gap,5
1559,10226147,10226.147,2666,0,gap,5
1560,10238432,10238.432,2637,0,gap,5
1561,10242303,10242.303,2601,0,gap,5
1562,10246178,10246.178,2588,0,gap,5
1563,10258424,10258.424,2558,0,gap,5
1564,10262309,10262.309,2523,0,gap,5
1565,10266185,10266.185,2517,0,gap,5
1566,10278432,10278.432,2495,0,gap,5
1567,10282339,10282.339,2469,0,gap,5
1568,10286243,10286.243,2453,0,gap,5
1569,10298423,10298.423,2416,0,gap,5
1570,10302348,10302.348,2398,0,gap,5
1571,10306268,10306.268,2383,0,gap,5
1572,10318436,10318.436,2359,0,gap,5
1573,10322370,10322.37,2342,0,gap,5
1574,10326300,10326.3,2326,0,gap,5
1575,10338423,10338.423,2303,0,gap,5
1576,10342368,10342.368,2267,0,gap,5
1577,10346304,10346.304,2261,0,gap,5
1578,10358431,10358.431,2237,0,gap,5
1579,10362386,10362.386,2223,0,gap,5
1580,10366335,10366.335,2208,0,gap,5
1581,10378423,10378.423,2181,0,gap,5
1582,10382387,10382.387,2153,0,gap,5
1583,10386351,10386.351,2131,0,gap,5
1584,10398431,10398.431,2113,0,gap,5
1585,10402405,10402.405,2103,0,gap,5
1586,10406374,10406.374,2086,0,gap,5
1587,10418423,10418.423,2064,0,gap,5
1588,10422411,10422.411,2033,0,gap,5
1589,10426386,10426.386,2018,0,gap,5
1590,10438431,10438.431,2000,0,gap,5
1591,10442424,10442.424,1978,0,gap,5
1592,10446413,10446.413,1966,0,gap,5
1593,10458423,10458.423,1936,0,gap,5
1594,10465183,10465.183,1904,0,gap,5
1595,10468936,10468.936,1893,0,gap,5
1596,10478432,10478.432,1883,0,gap,5
1597,10482169,10482.169,1856,0,gap,5
1598,10488432,10488.432,1851,0,gap,5
1599,10498428,10498.428,1825,0,gap,5
1600,10502185,10502.185,1798,0,gap,5
1601,10508423,10508.423,1789,0,gap,5
1602,10518432,10518.432,1778,0,gap,5
1603,10522196,10522.196,1747,0,gap,5
1604,10528423,10528.423,1727,0,gap,5
1605,10538423,10538.423,1717,0,gap,5
1606,10542206,10542.206,1695,0,gap,5
1607,10545985,10545.985,1673,0,gap,5
1608,10558433,10558.433,1655,0,gap,5
1609,10562226,10562.226,1633,0,gap,5
1610,10566015,10566.015,1627,0,gap,5
1611,10578425,10578.425,1598,0,gap,5
1612,10582228,10582.228,1591,0,gap,5
1613,10586027,10586.027,1589,0,gap,5
1614,10598432,10598.432,1552,0,gap,5
1615,10602250,10602.25,1535,0,gap,5
1616,10606061,10606.061,1529,0,gap,5
1617,10618424,10618.424,1501,0,gap,5
1618,10622250,10622.25,1489,0,gap,5
1619,10626107,10626.107,1479,0,gap,5
1620,10638436,10638.436,1471,0,gap,5
1621,10642302,10642.302,1443,0,gap,5
1622,10646163,10646.163,1417,0,gap,5
1623,10658424,10658.424,1424,0,gap,5
1624,10662302,10662.302,1390,0,gap,5
1625,10666175,10666.175,1375,0,gap,5
1626,10678432,10678.432,1358,0,gap,5
1627,10682319,10682.319,1361,0,gap,5
1628,10686201,10686.201,1343,0,gap,5
1629,10698424,10698.424,1309,0,gap,5
1630,10702325,10702.325,1315,0,gap,5
1631,10706242,10706.242,1296,0,gap,5
1632,10718431,10718.431,1294,0,gap,5
1633,10722358,10722.358,1259,0,gap,5
1634,10726281,10726.281,1243,0,gap,5
1635,10738423,10738.423,1238,0,gap,5
1636,10742364,10742.364,1216,0,gap,5
1637,10746292,10746.292,1193,0,gap,5
1638,10758431,10758.431,1203,0,gap,5
1639,10762378,10762.378,1172,0,gap,5
1640,10766320,10766.32,1162,0,gap,5
1641,10778423,10778.423,1153,0,gap,5
1642,10782384,10782.384,1139,0,gap,5
1643,10786331,10786.331,1135,0,gap,5
1644,10798431,10798.431,1118,0,gap,5
1645,10802397,10802.397,1113,0,gap,5
1646,10806355,10806.355,1099,0,gap,5
1647,10818427,10818.427,1103,0,gap,5
1648,10822403,10822.403,1059,0,gap,5
1649,10826370,10826.37,1051,0,gap,5
1650,10838431,10838.431,1073,0,gap,5
1651,10842417,10842.417,1035,0,gap,5
1652,10846398,10846.398,998,0,gap,5
1653,10858423,10858.423,1009,0,gap,5
1654,10862419,10862.419,976,0,gap,5
1655,10866408,10866.408,979,0,gap,5
1656,10873169,10873.169,983,0,gap,5
1657,10878423,10878.423,943,0,gap,5
1658,10888432,10888.432,955,0,gap,5
1659,10892166,10892.166,939,0,gap,5
1660,10898432,10898.432,928,0,gap,5
1661,10908424,10908.424,923,0,gap,5
1662,10912173,10912.173,899,0,gap,5
1663,10918415,10918.415,910,0,gap,5
1664,10928431,10928.431,891,0,gap,5
1665,10932196,10932.196,870,0,gap,5
1666,10935958,10935.958,860,0,gap,5
1667,10948425,10948.425,863,0,gap,5
1668,10952203,10952.203,857,0,gap,5
1669,10955979,10955.979,839,0,gap,5
1670,10968432,10968.432,855,0,gap,5
1671,10972226,10972.226,816,0,gap,5
1672,10976008,10976.008,807,0,gap,5
1673,10988424,10988.424,817,0,gap,5
1674,10992220,10992.22,784,0,gap,5
1675,10996016,10996.016,770,0,gap,5
1676,11008431,11008.431,800,0,gap,5
1677,11012246,11012.246,763,0,gap,5
1678,11016048,11016.048,761,0,gap,5
1679,11028428,11028.428,769,0,gap,5
1680,11032246,11032.246,741,0,gap,5
1681,11036092,11036.092,726,0,gap,5
1682,11048431,11048.431,745,0,gap,5
1683,11052299,11052.299,722,0,gap,5
1684,11056153,11056.153,709,0,gap,5
1685,11068423,11068.423,733,0,gap,5
1686,11072294,11072.294,701,0,gap,5
1687,11076168,11076.168,679,0,gap,5
1688,11088431,11088.431,720,0,gap,5
1689,11092319,11092.319,671,0,gap,5
1690,11096199,11096.199,650,0,gap,5
1691,11108423,11108.423,693,0,gap,5
1692,11112322,11112.322,642,0,gap,5
1693,11116225,11116.225,656,0,gap,5
1694,11128431,11128.431,650,0,gap,5
1695,11132363,11132.363,627,0,gap,5
1696,11136279,11136.279,640,0,gap,5
1697,11148423,11148.423,634,0,gap,5
1698,11152353,11152.353,633,0,gap,5
1699,11156282,11156.282,597,0,gap,5
1700,11168435,11168.435,644,0,gap,5
1701,11172379,11172.379,592,0,gap,5
1702,11176310,11176.31,575,0,gap,5
1703,11188423,11188.423,624,0,gap,5
1704,11192373,11192.373,559,0,gap,5
1705,11196325,11196.325,560,0,gap,5
1706,11208431,11208.431,603,0,gap,5
1707,11212398,11212.398,544,0,gap,5
1708,11216352,11216.352,545,0,gap,5
1709,11228423,11228.423,561,0,gap,5
1710,11232392,11232.392,533,0,gap,5
1711,11236368,11236.368,554,0,gap,5
1712,11248431,11248.431,573,0,gap,5
1713,11252418,11252.418,543,0,gap,5
1714,11256391,11256.391,511,0,gap,5
1715,11268423,11268.423,571,0,gap,5
1716,11272416,11272.416,507,0,gap,5
1717,11276403,11276.403,491,0,gap,5
1718,11288431,11288.431,560,0,gap,5
1719,11295236,11295.236,498,0,gap,5
1720,11298976,11298.976,474,0,gap,5
1721,11308424,11308.424,522,0,gap,5
1722,11312158,11312.158,464,0,gap,5
1723,11318423,11318.423,510,0,gap,5
1724,11328432,11328.432,496,0,gap,5
1725,11332187,11332.187,448,0,gap,5
1726,11335930,11335.93,473,0,gap,5
1727,11348429,11348.429,480,0,gap,5
1728,11352192,11352.192,462,0,gap,5
1729,11355962,11355.962,442,0,gap,5
1730,11368433,11368.433,496,0,gap,5
1731,11372213,11372.213,447,0,gap,5
1732,11375991,11375.991,422,0,gap,5
1733,11388424,11388.424,505,0,gap,5
1734,11392208,11392.208,403,0,gap,5
1735,11395999,11395.999,392,0,gap,5
1736,11408432,11408.432,479,0,gap,5
1737,11412237,11412.237,393,0,gap,5
1738,11416030,11416.03,403,0,gap,5
1739,11428423,11428.423,432,0,gap,5
1740,11432232,11432.232,400,0,gap,5
1741,11436040,11436.04,402,0,gap,5
1742,11448431,11448.431,438,0,gap,5
1743,11452267,11452.267,395,0,gap,5
1744,11456115,11456.115,375,0,gap,5
1745,11468423,11468.423,464,0,gap,5
1746,11472284,11472.284,388,0,gap,5
1747,11476144,11476.144,368,0,gap,5
1748,11488435,11488.435,445,0,gap,5
1749,11492312,11492.312,355,0,gap,5
1750,11496175,11496.175,342,0,gap,5
1751,11508423,11508.423,439,0,gap,5
1752,11512305,11512.305,331,0,gap,5
1753,11516186,11516.186,362,0,gap,5
1754,11528431,11528.431,389,0,gap,5
1755,11532340,11532.34,353,0,gap,5
1756,11536243,11536.243,361,0,gap,5
1757,11548423,11548.423,386,0,gap,5
1758,11552344,11552.344,343,0,gap,5
1759,11556273,11556.273,332,0,gap,5
1760,11568431,11568.431,416,0,gap,5
1761,11572370,11572.37,342,0,gap,5
1762,11576296,11576.296,304,0,gap,5
1763,11588423,11588.423,422,0,gap,5
1764,11592368,11592.368,311,0,gap,5
1765,11596312,11596.312,304,0,gap,5
1766,11608431,11608.431,389,0,gap,5
1767,11612390,11612.39,291,0,gap,5
1768,11616335,11616.335,302,0,gap,5
1769,11628423,11628.423,350,0,gap,5
1770,11632388,11632.388,297,0,gap,5
1771,11636348,11636.348,312,0,gap,5
1772,11648431,11648.431,337,0,gap,5
1773,11652409,11652.409,306,0,gap,5
1774,11656372,11656.372,300,0,gap,5
1775,11668427,11668.427,367,0,gap,5
1776,11672408,11672.408,298,0,gap,5
1777,11676388,11676.388,264,0,gap,5
1778,11688431,11688.431,371,0,gap,5
1779,11692429,11692.429,279,0,gap,5
1780,11696419,11696.419,256,0,gap,5
1781,11703175,11703.175,339,0,gap,5
1782,11708431,11708.431,283,0,gap,5
1783,11718424,11718.424,348,0,gap,5
1784,11722157,11722.157,261,0,gap,5
1785,11728423,11728.423,278,0,gap,5
1786,11738432,11738.432,339,0,gap,5
1787,11742185,11742.185,245,0,gap,5
1788,11748415,11748.415,272,0,gap,5
1789,11758423,11758.423,318,0,gap,5
1790,11762184,11762.184,209,0,gap,5
1791,11765954,11765.954,240,0,gap,5
1792,11778433,11778.433,300,0,gap,5
1793,11782207,11782.207,246,0,gap,5
1794,11785983,11785.983,240,0,gap,5
1795,11798424,11798.424,287,0,gap,5
1796,11802218,11802.218,249,0,gap,5
1797,11806000,11806.0,247,0,gap,5
1798,11818432,11818.432,319,0,gap,5
1799,11822232,11822.232,242,0,gap,5
1800,11826028,11826.028,224,0,gap,5
1801,11838423,11838.423,322,0,gap,5
1802,11842238,11842.238,210,0,gap,5
1803,11846044,11846.044,193,0,gap,5
1804,11858431,11858.431,318,0,gap,5
1805,11862254,11862.254,193,0,gap,5
1806,11866096,11866.096,225,0,gap,5
1807,11878427,11878.427,269,0,gap,5
1808,11882291,11882.291,210,0,gap,5
1809,11886145,11886.145,224,0,gap,5
1810,11898431,11898.431,259,0,gap,5
1811,11902306,11902.306,221,0,gap,5
1812,11906176,11906.176,212,0,gap,5
1813,11918423,11918.423,297,0,gap,5
1814,11922307,11922.307,209,0,gap,5
1815,11926187,11926.187,187,0,gap,5
1816,11938431,11938.431,293,0,gap,5
1817,11942334,11942.334,193,0,gap,5
1818,11946241,11946.241,157,0,gap,5
1819,11958423,11958.423,294,0,gap,5
1820,11962347,11962.347,167,0,gap,5
1821,11966267,11966.267,191,0,gap,5
1822,11978431,11978.431,251,0,gap,5
1823,11982369,11982.369,177,0,gap,5
1824,11986298,11986.298,192,0,gap,5
1825,11998423,11998.423,242,0,gap,5
1826,12002367,12002.367,192,0,gap,5
1827,12006306,12006.306,178,0,gap,5
1828,12018435,12018.435,256,0,gap,5
1829,12022385,12022.385,186,0,gap,5
1830,12026329,12026.329,159,0,gap,5
1831,12038423,12038.423,270,0,gap,5
1832,12042386,12042.386,163,0,gap,5
1833,12046341,12046.341,147,0,gap,5
1834,12058431,12058.431,249,0,gap,5
1835,12062404,12062.404,144,0,gap,5
1836,12066368,12066.368,165,0,gap,5
1837,12078423,12078.423,217,0,gap,5
1838,12082406,12082.406,144,0,gap,5
1839,12086388,12086.388,173,0,gap,5
1840,12098431,12098.431,215,0,gap,5
1841,12102423,12102.423,175,0,gap,5
1842,12106411,12106.411,158,0,gap,5
1843,12118423,12118.423,224,0,gap,5
1844,12125243,12125.243,198,0,gap,5
1845,12128985,12128.985,123,0,gap,5
1846,12138432,12138.432,240,0,gap,5
1847,12142171,12142.171,133,0,gap,5
1848,12148431,12148.431,159,0,gap,5
1849,12158424,12158.424,219,0,gap,5
1850,12162180,12162.18,115,0,gap,5
1851,12165927,12165.927,141,0,gap,5
1852,12178433,12178.433,191,0,gap,5
1853,12182200,12182.2,112,0,gap,5
1854,12185961,12185.961,145,0,gap,5
1855,12198429,12198.429,183,0,gap,5
1856,12202210,12202.21,145,0,gap,5
1857,12205983,12205.983,133,0,gap,5
1858,12218432,12218.432,209,0,gap,5
1859,12222220,12222.22,144,0,gap,5
1860,12226008,12226.008,103,0,gap,5
1861,12238424,12238.424,237,0,gap,5
1862,12242221,12242.221,110,0,gap,5
1863,12246019,12246.019,101,0,gap,5
1864,12258431,12258.431,211,0,gap,5
1865,12262243,12262.243,104,0,gap,5
1866,12266052,12266.052,117,0,gap,5
1867,12278423,12278.423,179,1,pulse,6
1868,12282344,12282.344,4095,1,pulse,6
1869,12286137,12286.137,4095,1,pulse,6
1870,12298432,12298.432,4095,1,pulse,6
1871,12302232,12302.232,4095,1,pulse,6
1872,12306022,12306.022,4095,1,pulse,6
1873,12318420,12318.42,4095,0,gap,6
1874,12322449,12322.449,3008,0,gap,6
1875,12326343,12326.343,2912,0,gap,6
1876,12338432,12338.432,2751,0,gap,6
1877,12342332,12342.332,2735,0,gap,6
1878,12346221,12346.221,2707,0,gap,6
1879,12358424,12358.424,2651,0,gap,6
1880,12362335,12362.335,2631,0,gap,6
1881,12366265,12366.265,2609,0,gap,6
1882,12378431,12378.431,2586,0,gap,6
1883,12382372,12382.372,2559,0,gap,6
1884,12386299,12386.299,2547,0,gap,6
1885,12398423,12398.423,2518,0,gap,6
1886,12402370,12402.37,2496,0,gap,6
1887,12406315,12406.315,2485,0,gap,6
1888,12418431,12418.431,2449,0,gap,6
1889,12422391,12422.391,2432,0,gap,6
1890,12426338,12426.338,2418,0,gap,6
1891,12438427,12438.427,2404,0,gap,6
1892,12442389,12442.389,2368,0,gap,6
1893,12446354,12446.354,2337,0,gap,6
1894,12458431,12458.431,2320,0,gap,6
1895,12462411,12462.411,2303,0,gap,6
1896,12466377,12466.377,2288,0,gap,6
1897,12478423,12478.423,2259,0,gap,6
1898,12482405,12482.405,2253,0,gap,6
1899,12486390,12486.39,2224,0,gap,6
1900,12498431,12498.431,2205,0,gap,6
1901,12502431,12502.431,2176,0,gap,6
1902,12506421,12506.421,2178,0,gap,6
1903,12518423,12518.423,2129,0,gap,6
1904,12522424,12522.424,2119,0,gap,6
1905,12526429,12526.429,2111,0,gap,6
1906,12533195,12533.195,2098,0,gap,6
1907,12538427,12538.427,2084,0,gap,6
1908,12548432,12548.432,2045,0,gap,6
1909,12552185,12552.185,2037,0,gap,6
1910,12558432,12558.432,2018,0,gap,6
1911,12568424,12568.424,1991,0,gap,6
1912,12572189,12572.189,1973,0,gap,6
1913,12578424,12578.424,1941,0,gap,6
1914,12588432,12588.432,1925,0,gap,6
1915,12592208,12592.208,1907,0,gap,6
1916,12598431,12598.431,1887,0,gap,6
1917,12608424,12608.424,1866,0,gap,6
1918,12612213,12612.213,1845,0,gap,6
1919,12618415,12618.415,1836,0,gap,6
1920,12628431,12628.431,1821,0,gap,6
1921,12632237,12632.237,1793,0,gap,6
1922,12636029,12636.029,1789,0,gap,6
1923,12648429,12648.429,1765,0,gap,6
1924,12652237,12652.237,1755,0,gap,6
1925,12656047,12656.047,1734,0,gap,6
1926,12668433,12668.433,1714,0,gap,6
1927,12672259,12672.259,1683,0,gap,6
1928,12676072,12676.072,1664,0,gap,6
1929,12688424,12688.424,1659,0,gap,6
1930,12692254,12692.254,1638,0,gap,6
1931,12696111,12696.111,1621,0,gap,6
1932,12708432,12708.432,1589,0,gap,6
1933,12712310,12712.31,1579,0,gap,6
1934,12716184,12716.184,1575,0,gap,6
1935,12728424,12728.424,1535,0,gap,6
1936,12732309,12732.309,1520,0,gap,6
1937,12736194,12736.194,1535,0,gap,6
1938,12748432,12748.432,1499,0,gap,6
1939,12752335,12752.335,1477,0,gap,6
1940,12756221,12756.221,1465,0,gap,6
1941,12768424,12768.424,1456,0,gap,6
1942,12772333,12772.333,1437,0,gap,6
1943,12776252,12776.252,1419,0,gap,6
1944,12788431,12788.431,1399,0,gap,6
1945,12792374,12792.374,1395,0,gap,6
1946,12796301,12796.301,1366,0,gap,6
1947,12808423,12808.423,1354,0,gap,6
1948,12812364,12812.364,1328,0,gap,6
1949,12816308,12816.308,1338,0,gap,6
1950,12828431,12828.431,1319,0,gap,6
1951,12832390,12832.39,1299,0,gap,6
1952,12836336,12836.336,1290,0,gap,6
1953,12848423,12848.423,1277,0,gap,6
1954,12852384,12852.384,1250,0,gap,6
1955,12856351,12856.351,1235,0,gap,6
1956,12868431,12868.431,1232,0,gap,6
1957,12872409,12872.409,1212,0,gap,6
1958,12876375,12876.375,1204,0,gap,6
1959,12888423,12888.423,1195,0,gap,6
1960,12892403,12892.403,1165,0,gap,6
1961,12896390,12896.39,1147,0,gap,6
1962,12908431,12908.431,1152,0,gap,6
1963,12912429,12912.429,1136,0,gap,6
1964,12916414,12916.414,1121,0,gap,6
1965,12928423,12928.423,1105,0,gap,6
1966,12932427,12932.427,1088,0,gap,6
1967,12936429,12936.429,1089,0,gap,6
1968,12948431,12948.431,1066,0,gap,6
1969,12955262,12955.262,1074,0,gap,6
1970,12959011,12959.011,1040,0,gap,6
1971,12968428,12968.428,1045,0,gap,6
1972,12972174,12972.174,1015,0,gap,6
1973,12978424,12978.424,1005,0,gap,6
1974,12988432,12988.432,1023,0,gap,6
1975,12992203,12992.203,967,0,gap,6
1976,12998431,12998.431,990,0,gap,6
1977,13008424,13008.424,976,0,gap,6
1978,13012196,13012.196,934,0,gap,6
1979,13015975,13015.975,933,0,gap,6
1980,13028433,13028.433,937,0,gap,6
1981,13032228,13032.228,917,0,gap,6
1982,13036015,13036.015,905,0,gap,6
1983,13048425,13048.425,912,0,gap,6
1984,13052223,13052.223,902,0,gap,6
1985,13056024,13056.024,886,0,gap,6
1986,13068432,13068.432,890,0,gap,6
1987,13072252,13072.252,880,0,gap,6
1988,13076055,13076.055,837,0,gap,6
1989,13088423,13088.423,870,0,gap,6
1990,13092241,13092.241,825,0,gap,6
1991,13096063,13096.063,814,0,gap,6
1992,13108431,13108.431,832,0,gap,6
1993,13112278,13112.278,799,0,gap,6
1994,13116134,13116.134,785,0,gap,6
1995,13128423,13128.423,807,0,gap,6
1996,13132294,13132.294,770,0,gap,6
1997,13136164,13136.164,778,0,gap,6
1998,13148431,13148.431,775,0,gap,6
1999,13152317,13152.317,757,0,gap,6
2000,13156199,13156.199,759,0,gap,6
2001,13168423,13168.423,775,0,gap,6
2002,13172319,13172.319,730,0,gap,6
2003,13176214,13176.214,711,0,gap,6
2004,13188431,13188.431,754,0,gap,6
2005,13192345,13192.345,706,0,gap,6
2006,13196266,13196.266,688,0,gap,6
2007,13208423,13208.423,733,0,gap,6
2008,13212363,13212.363,677,0,gap,6
2009,13216297,13216.297,663,0,gap,6
2010,13228431,13228.431,686,0,gap,6
2011,13232376,13232.376,658,0,gap,6
2012,13236316,13236.316,650,0,gap,6
2013,13248423,13248.423,659,0,gap,6
2014,13252382,13252.382,657,0,gap,6
2015,13256332,13256.332,656,0,gap,6
2016,13268431,13268.431,682,0,gap,6
2017,13272396,13272.396,626,0,gap,6
2018,13276355,13276.355,611,0,gap,6
2019,13288427,13288.427,669,0,gap,6
2020,13292401,13292.401,598,0,gap,6
2021,13296370,13296.37,568,0,gap,6
2022,13308431,13308.431,632,0,gap,6
2023,13312416,13312.416,576,0,gap,6
2024,13316395,13316.395,576,0,gap,6
2025,13328423,13328.423,603,0,gap,6
2026,13332417,13332.417,555,0,gap,6
2027,13336407,13336.407,578,0,gap,6
2028,13348431,13348.431,579,0,gap,6
2029,13352435,13352.435,557,0,gap,6
2030,13356438,13356.438,549,0,gap,6
2031,13363204,13363.204,556,0,gap,6
2032,13368431,13368.431,562,0,gap,6
2033,13378424,13378.424,551,0,gap,6
2034,13382171,13382.171,496,0,gap,6
2035,13388428,13388.428,546,0,gap,6
2036,13398432,13398.432,531,0,gap,6
2037,13402199,13402.199,511,0,gap,6
2038,13405954,13405.954,503,0,gap,6
2039,13418425,13418.425,546,0,gap,6
2040,13422196,13422.196,502,0,gap,6
2041,13425976,13425.976,464,0,gap,6
2042,13438433,13438.433,550,0,gap,6
2043,13442221,13442.221,449,0,gap,6
2044,13446006,13446.006,464,0,gap,6
2045,13458424,13458.424,533,0,gap,6
2046,13462228,13462.228,438,0,gap,6
2047,13466023,13466.023,446,0,gap,6
2048,13478432,13478.432,474,0,gap,6
2049,13482241,13482.241,446,0,gap,6
2050,13486047,13486.047,450,0,gap,6
2051,13498428,13498.428,467,0,gap,6
2052,13502248,13502.248,446,0,gap,6
2053,13506064,13506.064,433,0,gap,6
2054,13518431,13518.431,476,0,gap,6
2055,13522263,13522.263,433,0,gap,6
2056,13526115,13526.115,406,0,gap,6
2057,13538423,13538.423,479,0,gap,6
2058,13542296,13542.296,390,0,gap,6
2059,13546164,13546.164,384,0,gap,6
2060,13558431,13558.431,465,0,gap,6
2061,13562315,13562.315,383,0,gap,6
2062,13566199,13566.199,387,0,gap,6
2063,13578423,13578.423,447,0,gap,6
2064,13582317,13582.317,369,0,gap,6
2065,13586206,13586.206,403,0,gap,6
2066,13598431,13598.431,426,0,gap,6
2067,13602347,13602.347,390,0,gap,6
2068,13606261,13606.261,386,0,gap,6
2069,13618423,13618.423,434,0,gap,6
2070,13622357,13622.357,369,0,gap,6
2071,13626286,13626.286,353,0,gap,6
2072,13638431,13638.431,438,0,gap,6
2073,13642379,13642.379,351,0,gap,6
2074,13646317,13646.317,323,0,gap,6
2075,13658423,13658.423,423,0,gap,6
2076,13662377,13662.377,330,0,gap,6
2077,13666325,13666.325,336,0,gap,6
2078,13678431,13678.431,394,0,gap,6
2079,13682394,13682.394,327,0,gap,6
2080,13686352,13686.352,342,0,gap,6
2081,13698423,13698.423,378,0,gap,6
2082,13702396,13702.396,345,0,gap,6
2083,13706368,13706.368,334,0,gap,6
2084,13718431,13718.431,396,0,gap,6
2085,13722414,13722.414,330,0,gap,6
2086,13726391,13726.391,305,0,gap,6
2087,13738423,13738.423,398,0,gap,6
2088,13742415,13742.415,302,0,gap,6
2089,13746407,13746.407,291,0,gap,6
2090,13758431,13758.431,373,0,gap,6
2091,13762434,13762.434,288,0,gap,6
2092,13766431,13766.431,285,0,gap,6
2093,13778423,13778.423,351,0,gap,6
2094,13785196,13785.196,330,0,gap,6
2095,13788953,13788.953,293,0,gap,6
2096,13798432,13798.432,316,0,gap,6
2097,13802181,13802.181,293,0,gap,6
2098,13808431,13808.431,314,0,gap,6
2099,13818428,13818.428,342,0,gap,6
2100,13822193,13822.193,272,0,gap,6
2101,13825954,13825.954,270,0,gap,6
2102,13838433,13838.433,368,0,gap,6
2103,13842210,13842.21,261,0,gap,6
2104,13845985,13845.985,240,0,gap,6
2105,13858425,13858.425,364,0,gap,6
2106,13862215,13862.215,235,0,gap,6
2107,13866003,13866.003,241,0,gap,6
2108,13878432,13878.432,317,0,gap,6
2109,13882234,13882.234,243,0,gap,6
2110,13886035,13886.035,261,0,gap,6
2111,13898423,13898.423,293,0,gap,6
2112,13902235,13902.235,249,0,gap,6
2113,13906043,13906.043,247,0,gap,6
2114,13918431,13918.431,331,0,gap,6
2115,13922258,13922.258,254,0,gap,6
2116,13926076,13926.076,221,0,gap,6
2117,13938423,13938.423,333,0,gap,6
2118,13942262,13942.262,231,0,gap,6
2119,13946131,13946.131,208,0,gap,6
2120,13958431,13958.431,325,0,gap,6
2121,13962310,13962.31,203,0,gap,6
2122,13966180,13966.18,211,0,gap,6
2123,13978423,13978.423,297,0,gap,6
2124,13982310,13982.31,208,0,gap,6
2125,13986191,13986.191,237,0,gap,6
2126,13998431,13998.431,262,0,gap,6
2127,14002327,14002.327,226,0,gap,6
2128,14006218,14006.218,211,0,gap,6
2129,14018423,14018.423,272,0,gap,6
2130,14022337,14022.337,224,0,gap,6
2131,14026263,14026.263,197,0,gap,6
2132,14038431,14038.431,304,0,gap,6
2133,14042367,14042.367,197,0,gap,6
2134,14046298,14046.298,180,0,gap,6
2135,14058423,14058.423,294,0,gap,6
2136,14062369,14062.369,171,0,gap,6
2137,14066313,14066.313,190,0,gap,6
2138,14078431,14078.431,269,0,gap,6
2139,14082386,14082.386,183,0,gap,6
2140,14086337,14086.337,196,0,gap,6
2141,14098423,14098.423,239,0,gap,6
2142,14102392,14102.392,196,0,gap,6
2143,14106352,14106.352,193,0,gap,6
2144,14118431,14118.431,272,0,gap,6
2145,14122406,14122.406,204,0,gap,6
2146,14126376,14126.376,176,0,gap,6
2147,14138427,14138.427,270,0,gap,6
2148,14142412,14142.412,169,0,gap,6
2149,14146395,14146.395,146,0,gap,6
2150,14158431,14158.431,257,0,gap,6
2151,14162429,14162.429,150,0,gap,6
2152,14166419,14166.419,166,0,gap,6
2153,14178423,14178.423,237,0,gap,6
2154,14182427,14182.427,161,0,gap,6
2155,14186426,14186.426,190,0,gap,6
2156,14193186,14193.186,191,0,gap,6
2157,14198415,14198.415,147,0,gap,6
2158,14208432,14208.432,246,0,gap,6
2159,14212179,14212.179,144,0,gap,6
2160,14218431,14218.431,194,1,pulse,7
2161,14228429,14228.429,4095,1,pulse,7
2162,14232135,14232.135,4095,1,pulse,7
2163,14238420,14238.42,4095,1,pulse,7
2164,14248428,14248.428,4095,1,pulse,7
2165,14252137,14252.137,4095,1,pulse,7
2166,14258428,14258.428,4095,0,gap,7
2167,14268441,14268.441,2832,0,gap,7
2168,14272240,14272.24,2799,0,gap,7
2169,14278423,14278.423,2752,0,gap,7
2170,14288432,14288.432,2698,0,gap,7
2171,14292246,14292.246,2688,0,gap,7
2172,14298415,14298.415,2665,0,gap,7
2173,14308423,14308.423,2608,0,gap,7
2174,14312240,14312.24,2605,0,gap,7
2175,14316060,14316.06,2559,0,gap,7
2176,14328433,14328.433,2541,0,gap,7
2177,14332268,14332.268,2535,0,gap,7
2178,14336095,14336.095,2512,0,gap,7
2179,14348425,14348.425,2479,0,gap,7
2180,14352264,14352.264,2467,0,gap,7
2181,14356130,14356.13,2440,0,gap,7
2182,14368432,14368.432,2416,0,gap,7
2183,14372324,14372.324,2394,0,gap,7
2184,14376199,14376.199,2371,0,gap,7
2185,14388424,14388.424,2359,0,gap,7
2186,14392315,14392.315,2341,0,gap,7
2187,14396209,14396.209,2320,0,gap,7
2188,14408432,14408.432,2295,0,gap,7
2189,14412344,14412.344,2271,0,gap,7
2190,14416240,14416.24,2256,0,gap,7
2191,14428423,14428.423,2224,0,gap,7
2192,14432342,14432.342,2195,0,gap,7
2193,14436270,14436.27,2201,0,gap,7
2194,14448436,14448.436,2173,0,gap,7
2195,14452384,14452.384,2157,0,gap,7
2196,14456320,14456.32,2122,0,gap,7
2197,14468423,14468.423,2123,0,gap,7
2198,14472374,14472.374,2094,0,gap,7
2199,14476331,14476.331,2091,0,gap,7
2200,14488431,14488.431,2062,0,gap,7
2201,14492399,14492.399,2029,0,gap,7
2202,14496355,14496.355,2015,0,gap,7
2203,14508423,14508.423,1984,0,gap,7
2204,14512393,14512.393,1955,0,gap,7
2205,14516371,14516.371,1955,0,gap,7
2206,14528431,14528.431,1938,0,gap,7
2207,14532419,14532.419,1917,0,gap,7
2208,14536394,14536.394,1901,0,gap,7
2209,14548423,14548.423,1872,0,gap,7
2210,14552417,14552.417,1857,0,gap,7
2211,14556410,14556.41,1836,0,gap,7
2212,14568431,14568.431,1831,0,gap,7
2213,14572438,14572.438,1808,0,gap,7
2214,14576433,14576.433,1788,0,gap,7
2215,14588427,14588.427,1766,0,gap,7
2216,14592436,14592.436,1747,0,gap,7
2217,14596448,14596.448,1735,0,gap,7
2218,14608431,14608.431,1717,0,gap,7
2219,14615271,14615.271,1689,0,gap,7
2220,14619027,14619.027,1691,0,gap,7
2221,14628424,14628.424,1670,0,gap,7
2222,14632180,14632.18,1643,0,gap,7
2223,14638424,14638.424,1626,0,gap,7
2224,14648432,14648.432,1607,0,gap,7
2225,14652213,14652.213,1581,0,gap,7
2226,14658435,14658.435,1570,0,gap,7
2227,14668424,14668.424,1555,0,gap,7
2228,14672207,14672.207,1531,0,gap,7
2229,14678423,14678.423,1525,0,gap,7
2230,14688431,14688.431,1511,0,gap,7
2231,14692241,14692.241,1488,0,gap,7
2232,14696035,14696.035,1470,0,gap,7
2233,14708425,14708.425,1453,0,gap,7
2234,14712234,14712.234,1434,0,gap,7
2235,14716046,14716.046,1421,0,gap,7
2236,14728433,14728.433,1417,0,gap,7
2237,14732263,14732.263,1392,0,gap,7
2238,14736077,14736.077,1390,0,gap,7
2239,14748425,14748.425,1362,0,gap,7
2240,14752253,14752.253,1351,0,gap,7
2241,14756086,14756.086,1323,0,gap,7
2242,14768436,14768.436,1320,0,gap,7
2243,14772290,14772.29,1296,0,gap,7
2244,14776156,14776.156,1283,0,gap,7
2245,14788424,14788.424,1279,0,gap,7
2246,14792306,14792.306,1262,0,gap,7
2247,14796190,14796.19,1243,0,gap,7
2248,14808432,14808.432,1253,0,gap,7
2249,14812328,14812.328,1213,0,gap,7
2250,14816221,14816.221,1195,0,gap,7
2251,14828424,14828.424,1180,0,gap,7
2252,14832330,14832.33,1169,0,gap,7
2253,14836236,14836.236,1171,0,gap,7
2254,14848431,14848.431,1149,0,gap,7
2255,14852356,14852.356,1134,0,gap,7
2256,14856288,14856.288,1133,0,gap,7
2257,14868423,14868.423,1120,0,gap,7
2258,14872374,14872.374,1099,0,gap,7
2259,14876315,14876.315,1091,0,gap,7
2260,14888431,14888.431,1082,0,gap,7
2261,14892387,14892.387,1067,0,gap,7
2262,14896338,14896.338,1040,0,gap,7
2263,14908427,14908.427,1047,0,gap,7
2264,14912393,14912.393,1010,0,gap,7
2265,14916354,14916.354,1008,0,gap,7
2266,14928431,14928.431,999,0,gap,7
2267,14932406,14932.406,983,0,gap,7
2268,14936375,14936.375,982,0,gap,7
2269,14948423,14948.423,961,0,gap,7
2270,14952407,14952.407,957,0,gap,7
2271,14956386,14956.386,960,0,gap,7
2272,14968431,14968.431,949,0,gap,7
2273,14972426,14972.426,922,0,gap,7
2274,14976419,14976.419,907,0,gap,7
2275,14988423,14988.423,919,0,gap,7
2276,14992427,14992.427,885,0,gap,7
2277,14996426,14996.426,879,0,gap,7
2278,15008431,15008.431,897,0,gap,7
2279,15012449,15012.449,848,0,gap,7
2280,15016458,15016.458,856,0,gap,7
2281,15023241,15023.241,859,0,gap,7
2282,15028419,15028.419,835,0,gap,7
2283,15038424,15038.424,862,0,gap,7
2284,15042181,15042.181,816,0,gap,7
2285,15048423,15048.423,811,0,gap,7
2286,15058432,15058.432,826,0,gap,7
2287,15062209,15062.209,783,0,gap,7
2288,15065974,15065.974,768,0,gap,7
2289,15078425,15078.425,784,0,gap,7
2290,15082210,15082.21,752,0,gap,7
2291,15085996,15085.996,751,0,gap,7
2292,15098433,15098.433,755,0,gap,7
2293,15102231,15102.231,735,0,gap,7
2294,15106026,15106.026,733,0,gap,7
2295,15118428,15118.428,749,0,gap,7
2296,15122238,15122.238,715,0,gap,7
2297,15126043,15126.043,707,0,gap,7
2298,15138432,15138.432,737,0,gap,7
2299,15142251,15142.251,688,0,gap,7
2300,15146075,15146.075,675,0,gap,7
2301,15158423,15158.423,721,0,gap,7
2302,15162254,15162.254,656,0,gap,7
2303,15166080,15166.08,656,0,gap,7
2304,15178431,15178.431,679,0,gap,7
2305,15182273,15182.273,645,0,gap,7
2306,15186139,15186.139,654,0,gap,7
2307,15198423,15198.423,656,0,gap,7
2308,15202306,15202.306,635,0,gap,7
2309,15206184,15206.184,624,0,gap,7
2310,15218431,15218.431,643,0,gap,7
2311,15222329,15222.329,611,0,gap,7
2312,15226219,15226.219,605,0,gap,7
2313,15238423,15238.423,650,0,gap,7
2314,15242327,15242.327,588,0,gap,7
2315,15246226,15246.226,560,0,gap,7
2316,15258431,15258.431,635,0,gap,7
2317,15262357,15262.357,559,0,gap,7
2318,15266280,15266.28,559,0,gap,7
2319,15278423,15278.423,591,0,gap,7
2320,15282367,15282.367,545,0,gap,7
2321,15286306,15286.306,554,0,gap,7
2322,15298435,15298.435,574,0,gap,7
2323,15302389,15302.389,555,0,gap,7
2324,15306337,15306.337,543,0,gap,7
2325,15318423,15318.423,576,0,gap,7
2326,15322386,15322.386,535,0,gap,7
2327,15326349,15326.349,511,0,gap,7
2328,15338431,15338.431,576,0,gap,7
2329,15342404,15342.404,511,0,gap,7
2330,15346372,15346.372,487,0,gap,7
2331,15358423,15358.423,544,0,gap,7
2332,15362406,15362.406,465,0,gap,7
2333,15366388,15366.388,477,0,gap,7
2334,15378431,15378.431,533,0,gap,7
2335,15382424,15382.424,469,0,gap,7
2336,15386411,15386.411,481,0,gap,7
2337,15398423,15398.423,494,0,gap,7
2338,15402429,15402.429,471,0,gap,7
2339,15406427,15406.427,468,0,gap,7
2340,15418431,15418.431,498,0,gap,7
2341,15422443,15422.443,458,0,gap,7
2342,15426451,15426.451,444,0,gap,7
2343,15438427,15438.427,509,0,gap,7
2344,15445215,15445.215,448,0,gap,7
2345,15448977,15448.977,406,0,gap,7
2346,15458432,15458.432,483,0,gap,7
2347,15462191,15462.191,402,0,gap,7
2348,15468431,15468.431,432,0,gap,7
2349,15478423,15478.423,464,0,gap,7
2350,15482199,15482.199,403,0,gap,7
2351,15485971,15485.971,403,0,gap,7
2352,15498433,15498.433,433,0,gap,7
2353,15502220,15502.22,395,0,gap,7
2354,15506011,15506.011,398,0,gap,7
2355,15518425,15518.425,450,0,gap,7
2356,15522226,15522.226,387,0,gap,7
2357,15526023,15526.023,362,0,gap,7
2358,15538432,15538.432,464,0,gap,7
2359,15542248,15542.248,373,0,gap,7
2360,15546055,15546.055,356,0,gap,7
2361,15558423,15558.423,443,0,gap,7
2362,15562245,15562.245,340,0,gap,7
2363,15566063,15566.063,357,0,gap,7
2364,15578431,15578.431,411,0,gap,7
2365,15582268,15582.268,335,0,gap,7
2366,15586096,15586.096,355,0,gap,7
2367,15598423,15598.423,389,0,gap,7
2368,15602273,15602.273,353,0,gap,7
2369,15606141,15606.141,353,0,gap,7
2370,15618435,15618.435,401,0,gap,7
2371,15622320,15622.32,350,0,gap,7
2372,15626196,15626.196,341,0,gap,7
2373,15638423,15638.423,407,0,gap,7
2374,15642316,15642.316,323,0,gap,7
2375,15646215,15646.215,292,0,gap,7
2376,15658431,15658.431,411,0,gap,7
2377,15662341,15662.341,304,0,gap,7
2378,15666238,15666.238,299,0,gap,7
2379,15678423,15678.423,359,0,gap,7
2380,15682344,15682.344,298,0,gap,7
2381,15686277,15686.277,304,0,gap,7
2382,15698431,15698.431,350,0,gap,7
2383,15702381,15702.381,314,0,gap,7
2384,15706318,15706.318,304,0,gap,7
2385,15718423,15718.423,357,0,gap,7
2386,15722379,15722.379,310,0,gap,7
2387,15726334,15726.334,280,0,gap,7
2388,15738431,15738.431,379,0,gap,7
2389,15742401,15742.401,285,0,gap,7
2390,15746357,15746.357,262,0,gap,7
2391,15758427,15758.427,371,0,gap,7
2392,15762398,15762.398,258,0,gap,7
2393,15766373,15766.373,264,0,gap,7
2394,15778431,15778.431,336,0,gap,7
2395,15782420,15782.42,259,0,gap,7
2396,15786396,15786.396,271,0,gap,7
2397,15798423,15798.423,304,0,gap,7
2398,15802414,15802.414,262,0,gap,7
2399,15806408,15806.408,277,0,gap,7
2400,15818431,15818.431,316,0,gap,7
2401,15822439,15822.439,274,0,gap,7
2402,15826439,15826.439,244,0,gap,7
2403,15838423,15838.423,346,0,gap,7
2404,15842433,15842.433,241,0,gap,7
2405,15846446,15846.446,222,0,gap,7
2406,15853225,15853.225,299,0,gap,7
2407,15858419,15858.419,259,0,gap,7
2408,15868432,15868.432,294,0,gap,7
2409,15872193,15872.193,250,0,gap,7
2410,15878431,15878.431,262,0,gap,7
2411,15888424,15888.424,294,0,gap,7
2412,15892197,15892.197,226,0,gap,7
2413,15895970,15895.97,207,0,gap,7
2414,15908433,15908.433,320,0,gap,7
2415,15912218,15912.218,211,0,gap,7
2416,15915999,15915.999,199,0,gap,7
2417,15928425,15928.425,297,0,gap,7
2418,15932223,15932.223,203,0,gap,7
2419,15936022,15936.022,219,0,gap,7
2420,15948432,15948.432,261,0,gap,7
2421,15952246,15952.246,206,0,gap,7
2422,15956047,15956.047,212,0,gap,7
2423,15968428,15968.428,279,0,gap,7
2424,15972243,15972.243,210,0,gap,7
2425,15976063,15976.063,191,0,gap,7
2426,15988431,15988.431,294,0,gap,7
2427,15992266,15992.266,199,0,gap,7
2428,15996088,15996.088,170,0,gap,7
2429,16008423,16008.423,292,0,gap,7
2430,16012261,16012.261,175,0,gap,7
2431,16016127,16016.127,176,0,gap,7
2432,16028431,16028.431,271,0,gap,7
2433,16032318,16032.318,167,0,gap,7
2434,16036196,16036.196,194,0,gap,7
2435,16048423,16048.423,229,0,gap,7
2436,16052313,16052.313,186,0,gap,7
2437,16056207,16056.207,192,0,gap,7
2438,16068431,16068.431,240,0,gap,7
2439,16072343,16072.343,190,0,gap,7
2440,16076238,16076.238,165,0,gap,7
2441,16088423,16088.423,278,0,gap,7
2442,16092341,16092.341,173,0,gap,7
2443,16096269,16096.269,144,0,gap,7
2444,16108431,16108.431,272,0,gap,7
2445,16112383,16112.383,163,0,gap,7
2446,16116318,16116.318,153,0,gap,7
2447,16128423,16128.423,239,0,gap,7
2448,16132373,16132.373,144,0,gap,7
2449,16136325,16136.325,170,0,gap,7
2450,16148435,16148.435,203,0,gap,7
2451,16152402,16152.402,165,0,gap,7
2452,16156357,16156.357,165,0,gap,7
2453,16168423,16168.423,218,0,gap,7
2454,16172392,16172.392,176,0,gap,7
2455,16176368,16176.368,148,0,gap,7
2456,16188431,16188.431,255,0,gap,7
2457,16192418,16192.418,161,0,gap,7
2458,16196392,16196.392,123,0,gap,7
2459,16208423,16208.423,259,0,gap,7
2460,16212412,16212.412,132,0,gap,7
2461,16216407,16216.407,137,0,gap,7
2462,16228431,16228.431,210,0,gap,7
2463,16232437,16232.437,134,0,gap,7
2464,16236431,16236.431,159,0,gap,7
2465,16248423,16248.423,192,0,gap,7
2466,16252436,16252.436,147,0,gap,7
2467,16256448,16256.448,149,0,gap,7
2468,16268431,16268.431,208,0,gap,7
2469,16275222,16275.222,185,0,gap,7
2470,16278981,16278.981,112,0,gap,7
2471,16288428,16288.428,213,0,gap,7
2472,16292183,16292.183,141,0,gap,7
2473,16298423,16298.423,129,0,gap,7
2474,16308431,16308.431,208,0,gap,7
2475,16312211,16312.211,127,0,gap,7
2476,16315979,16315.979,101,0,gap,7
2477,16328425,16328.425,208,0,gap,7
2478,16332208,16332.208,90,0,gap,7
2479,16335998,16335.998,126,0,gap,7
2480,16348432,16348.432,166,0,gap,7
2481,16352238,16352.238,119,0,gap,7
2482,16356036,16356.036,125,0,gap,7
2483,16368424,16368.424,181,0,gap,7
2484,16372232,16372.232,132,0,gap,7
2485,16376043,16376.043,112,0,gap,7
2486,16388431,16388.431,222,0,gap,7
2487,16392261,16392.261,112,0,gap,7
2488,16396076,16396.076,81,0,gap,7
2489,16408423,16408.423,209,1,pulse,8
2490,16412344,16412.344,4095,1,pulse,8
2491,16416118,16416.118,4095,1,pulse,8
2492,16428432,16428.432,4095,1,pulse,8
2493,16432220,16432.22,4095,1,pulse,8
2494,16436019,16436.019,4095,1,pulse,8
2495,16448420,16448.42,4095,0,gap,8
2496,16452457,16452.457,2993,0,gap,8
2497,16456352,16456.352,2880,0,gap,8
2498,16468432,16468.432,2775,0,gap,8
2499,16472339,16472.339,2748,0,gap,8
2500,16476237,16476.237,2719,0,gap,8
2501,16488423,16488.423,2665,0,gap,8
2502,16492344,16492.344,2650,0,gap,8
2503,16496256,16496.256,2635,0,gap,8
2504,16508431,16508.431,2579,0,gap,8
2505,16512366,16512.366,2559,0,gap,8
2506,16516303,16516.303,2543,0,gap,8
2507,16528423,16528.423,2521,0,gap,8
2508,16532384,16532.384,2496,0,gap,8
2509,16536332,16536.332,2485,0,gap,8
2510,16548431,16548.431,2460,0,gap,8
2511,16552398,16552.398,2448,0,gap,8
2512,16556360,16556.36,2431,0,gap,8
2513,16568423,16568.423,2390,0,gap,8
2514,16572400,16572.4,2382,0,gap,8
2515,16576371,16576.371,2368,0,gap,8
2516,16588431,16588.431,2346,0,gap,8
2517,16592417,16592.417,2319,0,gap,8
2518,16596403,16596.403,2293,0,gap,8
2519,16608423,16608.423,2259,0,gap,8
2520,16612419,16612.419,2242,0,gap,8
2521,16616406,16616.406,2224,0,gap,8
2522,16628431,16628.431,2224,0,gap,8
2523,16632437,16632.437,2187,0,gap,8
2524,16636438,16636.438,2186,0,gap,8
2525,16648423,16648.423,2153,0,gap,8
2526,16652438,16652.438,2128,0,gap,8
2527,16656448,16656.448,2115,0,gap,8
2528,16668431,16668.431,2090,0,gap,8
2529,16672460,16672.46,2078,0,gap,8
2530,16676480,16676.48,2065,0,gap,8
2531,16683269,16683.269,2022,0,gap,8
2532,16688431,16688.431,2015,0,gap,8
2533,16698425,16698.425,1991,0,gap,8
2534,16702196,16702.196,1981,0,gap,8
2535,16708424,16708.424,1959,0,gap,8
2536,16718432,16718.432,1942,0,gap,8
2537,16722220,16722.22,1923,0,gap,8
2538,16728432,16728.432,1904,0,gap,8
2539,16738424,16738.424,1871,0,gap,8
2540,16742220,16742.22,1856,0,gap,8
2541,16748423,16748.423,1838,0,gap,8
2542,16758432,16758.432,1817,0,gap,8
2543,16762241,16762.241,1803,0,gap,8
2544,16768419,16768.419,1783,0,gap,8
2545,16778423,16778.423,1771,0,gap,8
2546,16782244,16782.244,1755,0,gap,8
2547,16786056,16786.056,1739,0,gap,8
2548,16798433,16798.433,1713,0,gap,8
2549,16802260,16802.26,1696,0,gap,8
2550,16806086,16806.086,1681,0,gap,8
2551,16818425,16818.425,1658,0,gap,8
2552,16822266,16822.266,1664,0,gap,8
2553,16826099,16826.099,1631,0,gap,8
2554,16838432,16838.432,1611,0,gap,8
2555,16842281,16842.281,1603,0,gap,8
2556,16846154,16846.154,1583,0,gap,8
2557,16858424,16858.424,1562,0,gap,8
2558,16862314,16862.314,1535,0,gap,8
2559,16866203,16866.203,1517,0,gap,8
2560,16878432,16878.432,1512,0,gap,8
2561,16882337,16882.337,1493,0,gap,8
2562,16886233,16886.233,1488,0,gap,8
2563,16898424,16898.424,1447,0,gap,8
2564,16902338,16902.338,1442,0,gap,8
2565,16906244,16906.244,1430,0,gap,8
2566,16918436,16918.436,1407,0,gap,8
2567,16922369,16922.369,1406,0,gap,8
2568,16926303,16926.303,1375,0,gap,8
2569,16938423,16938.423,1377,0,gap,8
2570,16942378,16942.378,1346,0,gap,8
2571,16946324,16946.324,1328,0,gap,8
2572,16958431,16958.431,1334,0,gap,8
2573,16962396,16962.396,1295,0,gap,8
2574,16966356,16966.356,1297,0,gap,8
2575,16978423,16978.423,1283,0,gap,8
2576,16982398,16982.398,1255,0,gap,8
2577,16986371,16986.371,1247,0,gap,8
2578,16998431,16998.431,1234,0,gap,8
2579,17002415,17002.415,1218,0,gap,8
2580,17006394,17006.394,1203,0,gap,8
2581,17018423,17018.423,1191,0,gap,8
2582,17022421,17022.421,1171,0,gap,8
2583,17026410,17026.41,1168,0,gap,8
2584,17038431,17038.431,1164,0,gap,8
2585,17042435,17042.435,1136,0,gap,8
2586,17046429,17046.429,1114,0,gap,8
2587,17058423,17058.423,1123,0,gap,8
2588,17062440,17062.44,1088,0,gap,8
2589,17066445,17066.445,1088,0,gap,8
2590,17078431,17078.431,1085,0,gap,8
2591,17082455,17082.455,1067,0,gap,8
2592,17086474,17086.474,1059,0,gap,8
2593,17098423,17098.423,1041,0,gap,8
2594,17105222,17105.222,1040,0,gap,8
2595,17108995,17108.995,1014,0,gap,8
2596,17118432,17118.432,1011,0,gap,8
2597,17122198,17122.198,1003,0,gap,8
2598,17128436,17128.436,990,0,gap,8
2599,17138424,17138.424,986,0,gap,8
2600,17142210,17142.21,959,0,gap,8
2601,17148423,17148.423,950,0,gap,8
2602,17158431,17158.431,944,0,gap,8
2603,17162228,17162.228,913,0,gap,8
2604,17166025,17166.025,905,0,gap,8
2605,17178425,17178.425,914,0,gap,8
2606,17182232,17182.232,877,0,gap,8
2607,17186040,17186.04,884,0,gap,8
2608,17198432,17198.432,875,0,gap,8
2609,17202254,17202.254,861,0,gap,8
2610,17206071,17206.071,858,0,gap,8
2611,17218424,17218.424,850,0,gap,8
2612,17222252,17222.252,844,0,gap,8
2613,17226075,17226.075,827,0,gap,8
2614,17238435,17238.435,837,0,gap,8
2615,17242278,17242.278,815,0,gap,8
2616,17246116,17246.116,793,0,gap,8
2617,17258423,17258.423,819,0,gap,8
2618,17262283,17262.283,769,0,gap,8
2619,17266157,17266.157,767,0,gap,8
2620,17278431,17278.431,787,0,gap,8
2621,17282326,17282.326,748,0,gap,8
2622,17286212,17286.212,751,0,gap,8
2623,17298423,17298.423,750,0,gap,8
2624,17302326,17302.326,731,0,gap,8
2625,17306235,17306.235,751,0,gap,8
2626,17318431,17318.431,745,0,gap,8
2627,17322351,17322.351,716,0,gap,8
2628,17326258,17326.258,685,0,gap,8
2629,17338423,17338.423,741,0,gap,8
2630,17342358,17342.358,684,0,gap,8
2631,17346297,17346.297,662,0,gap,8
2632,17358431,17358.431,702,0,gap,8
2633,17362391,17362.391,654,0,gap,8
2634,17366338,17366.338,644,0,gap,8
2635,17378423,17378.423,679,0,gap,8
2636,17382389,17382.389,624,0,gap,8
2637,17386350,17386.35,667,0,gap,8
2638,17398431,17398.431,649,0,gap,8
2639,17402410,17402.41,633,0,gap,8
2640,17406377,17406.377,630,0,gap,8
2641,17418423,17418.423,636,0,gap,8
2642,17422404,17422.404,610,0,gap,8
2643,17426385,17426.385,593,0,gap,8
2644,17438431,17438.431,650,0,gap,8
2645,17442430,17442.43,595,0,gap,8
2646,17446420,17446.42,573,0,gap,8
2647,17458423,17458.423,629,0,gap,8
2648,17462423,17462.423,554,0,gap,8
2649,17466427,17466.427,553,0,gap,8
2650,17478431,17478.431,583,0,gap,8
2651,17482449,17482.449,545,0,gap,8
2652,17486454,17486.454,557,0,gap,8
2653,17498423,17498.423,560,0,gap,8
2654,17502443,17502.443,542,0,gap,8
2655,17506466,17506.466,539,0,gap,8
2656,17513253,17513.253,534,0,gap,8
2657,17518411,17518.411,511,0,gap,8
2658,17528432,17528.432,550,0,gap,8
2659,17532203,17532.203,479,0,gap,8
2660,17538431,17538.431,543,0,gap,8
2661,17548424,17548.424,528,0,gap,8
2662,17552207,17552.207,509,0,gap,8
2663,17555986,17555.986,509,0,gap,8
2664,17568433,17568.433,528,0,gap,8
2665,17572224,17572.224,486,0,gap,8
2666,17576015,17576.015,453,0,gap,8
2667,17588425,17588.425,528,0,gap,8
2668,17592229,17592.229,464,0,gap,8
2669,17596034,17596.034,442,0,gap,8
2670,17608432,17608.432,530,0,gap,8
2671,17612256,17612.256,420,0,gap,8
2672,17616067,17616.067,423,0,gap,8
2673,17628424,17628.424,467,0,gap,8
2674,17632245,17632.245,412,0,gap,8
2675,17636071,17636.071,432,0,gap,8
2676,17648431,17648.431,455,0,gap,8
2677,17652276,17652.276,423,0,gap,8
2678,17656111,17656.111,430,0,gap,8
2679,17668423,17668.423,455,0,gap,8
2680,17672271,17672.271,413,0,gap,8
2681,17676147,17676.147,400,0,gap,8
2682,17688431,17688.431,482,0,gap,8
2683,17692328,17692.328,394,0,gap,8
2684,17696212,17696.212,378,0,gap,8
2685,17708423,17708.423,468,0,gap,8
2686,17712323,17712.323,368,0,gap,8
2687,17716227,17716.227,379,0,gap,8
2688,17728431,17728.431,437,0,gap,8
2689,17732353,17732.353,361,0,gap,8
2690,17736254,17736.254,383,0,gap,8
2691,17748423,17748.423,425,0,gap,8
2692,17752351,17752.351,361,0,gap,8
2693,17756288,17756.288,370,0,gap,8
2694,17768435,17768.435,411,0,gap,8
2695,17772393,17772.393,370,0,gap,8
2696,17776338,17776.338,337,0,gap,8
2697,17788423,17788.423,432,0,gap,8
2698,17792382,17792.382,341,0,gap,8
2699,17796345,17796.345,319,0,gap,8
2700,17808431,17808.431,418,0,gap,8
2701,17812408,17812.408,322,0,gap,8
2702,17816368,17816.368,322,0,gap,8
2703,17828423,17828.423,373,0,gap,8
2704,17832402,17832.402,307,0,gap,8
2705,17836384,17836.384,323,0,gap,8
2706,17848431,17848.431,366,0,gap,8
2707,17852428,17852.428,320,0,gap,8
2708,17856407,17856.407,326,0,gap,8
2709,17868423,17868.423,355,0,gap,8
2710,17872426,17872.426,319,0,gap,8
2711,17876427,17876.427,315,0,gap,8
2712,17888431,17888.431,370,0,gap,8
2713,17892447,17892.447,309,0,gap,8
2714,17896450,17896.45,290,0,gap,8
2715,17908423,17908.423,384,0,gap,8
2716,17912445,17912.445,282,0,gap,8
2717,17916462,17916.462,269,0,gap,8
2718,17928431,17928.431,355,0,gap,8
2719,17935260,17935.26,318,0,gap,8
2720,17939027,17939.027,290,0,gap,8
2721,17948424,17948.424,303,0,gap,8
2722,17952188,17952.188,273,0,gap,8
2723,17958423,17958.423,315,0,gap,8
2724,17968432,17968.432,320,0,gap,8
2725,17972216,17972.216,272,0,gap,8
2726,17975993,17975.993,257,0,gap,8
2727,17988425,17988.425,338,0,gap,8
2728,17992218,17992.218,261,0,gap,8
2729,17996013,17996.013,221,0,gap,8
2730,18008433,18008.433,357,0,gap,8
2731,18012243,18012.243,224,0,gap,8
2732,18016047,18016.047,240,0,gap,8
2733,18028424,18028.424,339,0,gap,8
2734,18032238,18032.238,234,0,gap,8
2735,18036059,18036.059,248,0,gap,8
2736,18048431,18048.431,293,0,gap,8
2737,18052271,18052.271,242,0,gap,8
2738,18056094,18056.094,251,0,gap,8
2739,18068423,18068.423,293,0,gap,8
2740,18072265,18072.265,241,0,gap,8
2741,18076103,18076.103,230,0,gap,8
2742,18088435,18088.435,319,0,gap,8
2743,18092299,18092.299,240,0,gap,8
2744,18096187,18096.187,201,0,gap,8
2745,18108423,18108.423,310,0,gap,8
2746,18112314,18112.314,208,0,gap,8
2747,18116200,18116.2,198,0,gap,8
2748,18128431,18128.431,288,0,gap,8
2749,18132338,18132.338,192,0,gap,8
2750,18136235,18136.235,211,0,gap,8
2751,18148423,18148.423,262,0,gap,8
2752,18152339,18152.339,212,0,gap,8
2753,18156250,18156.25,214,0,gap,8
2754,18168431,18168.431,265,0,gap,8
2755,18172365,18172.365,222,0,gap,8
2756,18176306,18176.306,187,0,gap,8
2757,18188423,18188.423,292,0,gap,8
2758,18192383,18192.383,201,0,gap,8
2759,18196333,18196.333,181,0,gap,8
2760,18208431,18208.431,286,0,gap,8
2761,18212396,18212.396,186,0,gap,8
2762,18216353,18216.353,183,0,gap,8
2763,18228423,18228.423,275,0,gap,8
2764,18232402,18232.402,174,0,gap,8
2765,18236372,18236.372,189,0,gap,8
2766,18248431,18248.431,240,0,gap,8
2767,18252416,18252.416,190,1,pulse,9
2768,18256491,18256.491,4095,1,pulse,9
2769,18268420,18268.42,4095,1,pulse,9
2770,18272348,18272.348,4095,1,pulse,9
2771,18276273,18276.273,4095,1,pulse,9
2772,18288428,18288.428,4095,1,pulse,9
2773,18292367,18292.367,4095,0,gap,9
2774,18296531,18296.531,3039,0,gap,9
2775,18308423,18308.423,2763,0,gap,9
2776,18312453,18312.453,2736,0,gap,9
2777,18316473,18316.473,2708,0,gap,9
2778,18328435,18328.435,2663,0,gap,9
2779,18332474,18332.474,2653,0,gap,9
2780,18336504,18336.504,2634,0,gap,9
2781,18343306,18343.306,2605,0,gap,9
2782,18348431,18348.431,2581,0,gap,9
2783,18358425,18358.425,2544,0,gap,9
2784,18362210,18362.21,2521,0,gap,9
2785,18368424,18368.424,2497,0,gap,9
2786,18378432,18378.432,2487,0,gap,9
2787,18382234,18382.234,2459,0,gap,9
2788,18388432,18388.432,2448,0,gap,9
2789,18398428,18398.428,2407,0,gap,9
2790,18402233,18402.233,2405,0,gap,9
2791,18408423,18408.423,2384,0,gap,9
2792,18418432,18418.432,2352,0,gap,9
2793,18422251,18422.251,2349,0,gap,9
2794,18428423,18428.423,2315,0,gap,9
2795,18438423,18438.423,2302,0,gap,9
2796,18442258,18442.258,2288,0,gap,9
2797,18446084,18446.084,2269,0,gap,9
2798,18458433,18458.433,2226,0,gap,9
2799,18462278,18462.278,2213,0,gap,9
2800,18466122,18466.122,2186,0,gap,9
2801,18478425,18478.425,2177,0,gap,9
2802,18482276,18482.276,2159,0,gap,9
2803,18486126,18486.126,2141,0,gap,9
2804,18498432,18498.432,2109,0,gap,9
2805,18502299,18502.299,2090,0,gap,9
2806,18506182,18506.182,2075,0,gap,9
2807,18518424,18518.424,2054,0,gap,9
2808,18522332,18522.332,2030,0,gap,9
2809,18526234,18526.234,2015,0,gap,9
2810,18538436,18538.436,1999,0,gap,9
2811,18542355,18542.355,1978,0,gap,9
2812,18546265,18546.265,1943,0,gap,9
2813,18558423,18558.423,1923,0,gap,9
2814,18562352,18562.352,1904,0,gap,9
2815,18566276,18566.276,1900,0,gap,9
2816,18578431,18578.431,1868,0,gap,9
2817,18582378,18582.378,1856,0,gap,9
2818,18586323,18586.323,1840,0,gap,9
2819,18598423,18598.423,1808,0,gap,9
2820,18602392,18602.392,1791,0,gap,9
2821,18606360,18606.36,1796,0,gap,9
2822,18618431,18618.431,1770,0,gap,9
2823,18622410,18622.41,1759,0,gap,9
2824,18626383,18626.383,1726,0,gap,9
2825,18638423,18638.423,1728,0,gap,9
2826,18642415,18642.415,1691,0,gap,9
2827,18646399,18646.399,1674,0,gap,9
2828,18658431,18658.431,1666,0,gap,9
2829,18662429,18662.429,1645,0,gap,9
2830,18666418,18666.418,1635,0,gap,9
2831,18678423,18678.423,1598,0,gap,9
2832,18682435,18682.435,1578,0,gap,9
2833,18686434,18686.434,1580,0,gap,9
2834,18698431,18698.431,1535,0,gap,9
2835,18702448,18702.448,1535,0,gap,9
2836,18706461,18706.461,1520,0,gap,9
2837,18718427,18718.427,1499,0,gap,9
2838,18722450,18722.45,1488,0,gap,9
2839,18726473,18726.473,1458,0,gap,9
2840,18738431,18738.431,1453,0,gap,9
2841,18742468,18742.468,1437,0,gap,9
2842,18746500,18746.5,1417,0,gap,9
2843,18758423,18758.423,1421,0,gap,9
2844,18765285,18765.285,1379,0,gap,9
2845,18769068,18769.068,1382,0,gap,9
2846,18778432,18778.432,1367,0,gap,9
2847,18782215,18782.215,1334,0,gap,9
2848,18788432,18788.432,1332,0,gap,9
2849,18798424,18798.424,1306,0,gap,9
2850,18802221,18802.221,1297,0,gap,9
2851,18808423,18808.423,1296,0,gap,9
2852,18818432,18818.432,1268,0,gap,9
2853,18822243,18822.243,1250,0,gap,9
2854,18828431,18828.431,1232,0,gap,9
2855,18838423,18838.423,1231,0,gap,9
2856,18842249,18842.249,1210,0,gap,9
2857,18846067,18846.067,1190,0,gap,9
2858,18858437,18858.437,1195,0,gap,9
2859,18862270,18862.27,1179,0,gap,9
2860,18866102,18866.102,1164,0,gap,9
2861,18878425,18878.425,1166,0,gap,9
2862,18882271,18882.271,1122,0,gap,9
2863,18886113,18886.113,1123,0,gap,9
2864,18898432,18898.432,1106,0,gap,9
2865,18902285,18902.285,1105,0,gap,9
2866,18906134,18906.134,1082,0,gap,9
2867,18918424,18918.424,1077,0,gap,9
2868,18922294,18922.294,1077,0,gap,9
2869,18926192,18926.192,1040,0,gap,9
2870,18938432,18938.432,1040,0,gap,9
2871,18942341,18942.341,1012,0,gap,9
2872,18946242,18946.242,1008,0,gap,9
2873,18958423,18958.423,1011,0,gap,9
2874,18962344,18962.344,972,0,gap,9
2875,18966259,18966.259,969,0,gap,9
2876,18978431,18978.431,985,0,gap,9
2877,18982365,18982.365,943,0,gap,9
2878,18986286,18986.286,951,0,gap,9
2879,18998423,18998.423,927,0,gap,9
2880,19002371,19002.371,911,0,gap,9
2881,19006329,19006.329,925,0,gap,9
2882,19018431,19018.431,910,0,gap,9
2883,19022404,19022.404,898,0,gap,9
2884,19026360,19026.36,887,0,gap,9
2885,19038427,19038.427,885,0,gap,9
2886,19042398,19042.398,859,0,gap,9
2887,19046376,19046.376,850,0,gap,9
2888,19058431,19058.431,869,0,gap,9
2889,19062423,19062.423,818,0,gap,9
2890,19066407,19066.407,816,0,gap,9
2891,19078423,19078.423,823,0,gap,9
2892,19082417,19082.417,786,0,gap,9
2893,19086411,19086.411,805,0,gap,9
2894,19098431,19098.431,786,0,gap,9
2895,19102443,19102.443,781,0,gap,9
2896,19106446,19106.446,787,0,gap,9
2897,19118423,19118.423,781,0,gap,9
2898,19122437,19122.437,762,0,gap,9
2899,19126451,19126.451,743,0,gap,9
2900,19138431,19138.431,769,0,gap,9
2901,19142467,19142.467,733,0,gap,9
2902,19146482,19146.482,720,0,gap,9
2903,19158423,19158.423,747,0,gap,9
2904,19162457,19162.457,681,0,gap,9
2905,19166489,19166.489,688,0,gap,9
2906,19173293,19173.293,710,0,gap,9
2907,19178411,19178.411,679,0,gap,9
2908,19188432,19188.432,716,0,gap,9
2909,19192213,19192.213,663,0,gap,9
2910,19198431,19198.431,663,0,gap,9
2911,19208424,19208.424,695,0,gap,9
2912,19212225,19212.225,627,0,gap,9
2913,19216014,19216.014,624,0,gap,9
2914,19228433,19228.433,665,0,gap,9
2915,19232238,19232.238,611,0,gap,9
2916,19236043,19236.043,628,0,gap,9
2917,19248429,19248.429,652,0,gap,9
2918,19252243,19252.243,610,0,gap,9
2919,19256066,19256.066,610,0,gap,9
2920,19268432,19268.432,620,0,gap,9
2921,19272266,19272.266,587,0,gap,9
2922,19276091,19276.091,589,0,gap,9
2923,19288424,19288.424,629,0,gap,9
2924,19292259,19292.259,565,0,gap,9
2925,19296099,19296.099,563,0,gap,9
2926,19308431,19308.431,609,0,gap,9
2927,19312289,19312.289,543,0,gap,9
2928,19316139,19316.139,528,0,gap,9
2929,19328423,19328.423,578,0,gap,9
2930,19332285,19332.285,523,0,gap,9
2931,19336171,19336.171,535,0,gap,9
2932,19348431,19348.431,550,0,gap,9
2933,19352346,19352.346,511,0,gap,9
2934,19356244,19356.244,527,0,gap,9
2935,19368423,19368.423,547,0,gap,9
2936,19372337,19372.337,506,0,gap,9
2937,19376250,19376.25,496,0,gap,9
2938,19388435,19388.435,558,0,gap,9
2939,19392367,19392.367,495,0,gap,9
2940,19396286,19396.286,467,0,gap,9
2941,19408423,19408.423,545,0,gap,9
2942,19412365,19412.365,463,0,gap,9
2943,19416316,19416.316,452,0,gap,9
2944,19428431,19428.431,501,0,gap,9
2945,19432403,19432.403,443,0,gap,9
2946,19436357,19436.357,445,0,gap,9
2947,19448423,19448.423,470,0,gap,9
2948,19452396,19452.396,435,0,gap,9
2949,19456373,19456.373,448,0,gap,9
2950,19468431,19468.431,482,0,gap,9
2951,19472422,19472.422,447,0,gap,9
2952,19476400,19476.4,420,0,gap,9
2953,19488423,19488.423,499,0,gap,9
2954,19492420,19492.42,426,0,gap,9
2955,19496412,19496.412,400,0,gap,9
2956,19508431,19508.431,483,0,gap,9
2957,19512441,19512.441,394,0,gap,9
2958,19516435,19516.435,384,0,gap,9
2959,19528423,19528.423,464,0,gap,9
2960,19532439,19532.439,377,0,gap,9
2961,19536455,19536.455,402,0,gap,9
2962,19548431,19548.431,424,0,gap,9
2963,19552461,19552.461,384,0,gap,9
2964,19556474,19556.474,400,0,gap,9
2965,19568427,19568.427,410,0,gap,9
2966,19572455,19572.455,400,0,gap,9
2967,19576491,19576.491,375,0,gap,9
2968,19588419,19588.419,427,0,gap,9
2969,19595231,19595.231,387,0,gap,9
2970,19599018,19599.018,348,0,gap,9
2971,19608423,19608.423,423,0,gap,9
2972,19612203,19612.203,340,0,gap,9
2973,19618423,19618.423,379,0,gap,9
2974,19628431,19628.431,403,0,gap,9
2975,19632235,19632.235,322,0,gap,9
2976,19636030,19636.03,332,0,gap,9
2977,19648425,19648.425,363,0,gap,9
2978,19652228,19652.228,347,0,gap,9
2979,19656039,19656.039,339,0,gap,9
2980,19668432,19668.432,373,0,gap,9
2981,19672262,19672.262,326,0,gap,9
2982,19676079,19676.079,314,0,gap,9
2983,19688424,19688.424,400,0,gap,9
2984,19692255,19692.255,316,0,gap,9
2985,19696090,19696.09,294,0,gap,9
2986,19708435,19708.435,389,0,gap,9
2987,19712281,19712.281,303,0,gap,9
2988,19716119,19716.119,279,0,gap,9
2989,19728423,19728.423,370,0,gap,9
2990,19732276,19732.276,266,0,gap,9
2991,19736131,19736.131,304,0,gap,9
2992,19748431,19748.431,340,0,gap,9
2993,19752309,19752.309,289,0,gap,9
2994,19756193,19756.193,304,0,gap,9
2995,19768423,19768.423,349,0,gap,9
2996,19772328,19772.328,293,0,gap,9
2997,19776232,19776.232,275,0,gap,9
2998,19788431,19788.431,359,0,gap,9
2999,19792352,19792.352,282,0,gap,9
3000,19796267,19796.267,261,0,gap,9
3001,19808423,19808.423,361,0,gap,9
3002,19812357,19812.357,247,0,gap,9
3003,19816282,19816.282,237,0,gap,9
3004,19828431,19828.431,335,0,gap,9
3005,19832379,19832.379,234,0,gap,9
3006,19836324,19836.324,256,0,gap,9
3007,19848423,19848.423,297,0,gap,9
3008,19852397,19852.397,256,0,gap,9
3009,19856358,19856.358,264,0,gap,9
3010,19868431,19868.431,302,0,gap,9
3011,19872411,19872.411,256,0,gap,9
3012,19876381,19876.381,250,0,gap,9
3013,19888427,19888.427,315,0,gap,9
3014,19892412,19892.412,246,0,gap,9
3015,19896397,19896.397,217,0,gap,9
3016,19908431,19908.431,325,0,gap,9
3017,19912430,19912.43,224,0,gap,9
3018,19916429,19916.429,202,0,gap,9
3019,19928423,19928.423,317,0,gap,9
3020,19932432,19932.432,207,0,gap,9
3021,19936436,19936.436,240,0,gap,9
3022,19948431,19948.431,274,0,gap,9
3023,19952450,19952.45,214,0,gap,9
3024,19956467,19956.467,245,0,gap,9
3025,19968423,19968.423,272,0,gap,9
3026,19972451,19972.451,230,0,gap,9
3027,19976475,19976.475,208,0,gap,9
3028,19988431,19988.431,298,0,gap,9
3029,19992473,19992.473,214,0,gap,9
3030,19996506,19996.506,191,0,gap,9
3031,20008415,20008.415,310,0,gap,9
3032,20015216,20015.216,208,0,gap,9
3033,20018986,20018.986,192,0,gap,9
3034,20028436,20028.436,256,0,gap,9
3035,20032215,20032.215,171,0,gap,9
3036,20038431,20038.431,234,0,gap,9
3037,20048423,20048.423,237,0,gap,9
3038,20052223,20052.223,183,0,gap,9
3039,20056019,20056.019,181,0,gap,9
3040,20068433,20068.433,229,0,gap,9
3041,20072240,20072.24,191,0,gap,9
3042,20076049,20076.049,185,0,gap,9
3043,20088424,20088.424,279,1,pulse,10
3044,20092347,20092.347,4095,1,pulse,10
3045,20096112,20096.112,4095,1,pulse,10
3046,20108429,20108.429,4095,1,pulse,10
3047,20112200,20112.2,4095,1,pulse,10
3048,20115966,20115.966,4095,1,pulse,10
3049,20128421,20128.421,4095,0,gap,10
3050,20132429,20132.429,3047,0,gap,10
3051,20136286,20136.286,2915,0,gap,10
3052,20148433,20148.433,2775,0,gap,10
3053,20152305,20152.305,2737,0,gap,10
3054,20156161,20156.161,2701,0,gap,10
3055,20168425,20168.425,2661,0,gap,10
3056,20172308,20172.308,2643,0,gap,10
3057,20176220,20176.22,2625,0,gap,10
3058,20188433,20188.433,2599,0,gap,10
3059,20192357,20192.357,2559,0,gap,10
3060,20196274,20196.274,2547,0,gap,10
3061,20208425,20208.425,2526,0,gap,10
3062,20212356,20212.356,2506,0,gap,10
3063,20216283,20216.283,2487,0,gap,10
3064,20228432,20228.432,2465,0,gap,10
3065,20232374,20232.374,2438,0,gap,10
3066,20236315,20236.315,2416,0,gap,10
3067,20248424,20248.424,2387,0,gap,10
3068,20252380,20252.38,2383,0,gap,10
3069,20256342,20256.342,2358,0,gap,10
3070,20268432,20268.432,2333,0,gap,10
3071,20272418,20272.418,2325,0,gap,10
3072,20276395,20276.395,2297,0,gap,10
3073,20288424,20288.424,2277,0,gap,10
3074,20292412,20292.412,2238,0,gap,10
3075,20296398,20296.398,2238,0,gap,10
3076,20308432,20308.432,2217,0,gap,10
3077,20312429,20312.429,2176,0,gap,10
3078,20316422,20316.422,2175,0,gap,10
3079,20328424,20328.424,2151,0,gap,10
3080,20332435,20332.435,2127,0,gap,10
3081,20336445,20336.445,2106,0,gap,10
3082,20348432,20348.432,2086,0,gap,10
3083,20352452,20352.452,2068,0,gap,10
3084,20356464,20356.464,2043,0,gap,10
3085,20368424,20368.424,2032,0,gap,10
3086,20372450,20372.45,2014,0,gap,10
3087,20376480,20376.48,1987,0,gap,10
3088,20388432,20388.432,1973,0,gap,10
3089,20392468,20392.468,1954,0,gap,10
3090,20396500,20396.5,1930,0,gap,10
3091,20408424,20408.424,1915,0,gap,10
3092,20412474,20412.474,1893,0,gap,10
3093,20416515,20416.515,1874,0,gap,10
3094,20423325,20423.325,1870,0,gap,10
3095,20428424,20428.424,1838,0,gap,10
3096,20438433,20438.433,1839,0,gap,10
3097,20442229,20442.229,1802,0,gap,10
3098,20448432,20448.432,1780,0,gap,10
3099,20458425,20458.425,1765,0,gap,10
3100,20462230,20462.23,1757,0,gap,10
3101,20468424,20468.424,1731,0,gap,10
3102,20478433,20478.433,1701,0,gap,10
3103,20482257,20482.257,1686,0,gap,10
3104,20488432,20488.432,1677,0,gap,10
3105,20498425,20498.425,1650,0,gap,10
3106,20502251,20502.251,1647,0,gap,10
3107,20508424,20508.424,1629,0,gap,10
3108,20518433,20518.433,1616,0,gap,10
3109,20522278,20522.278,1595,0,gap,10
3110,20528432,20528.432,1574,0,gap,10
3111,20538425,20538.425,1558,0,gap,10
3112,20542276,20542.276,1535,0,gap,10
3113,20548428,20548.428,1507,0,gap,10
3114,20558432,20558.432,1513,0,gap,10
3115,20562298,20562.298,1479,0,gap,10
3116,20568432,20568.432,1462,0,gap,10
3117,20578424,20578.424,1455,0,gap,10
3118,20582298,20582.298,1429,0,gap,10
3119,20588424,20588.424,1426,0,gap,10
3120,20598432,20598.432,1397,0,gap,10
3121,20602351,20602.351,1380,0,gap,10
3122,20608432,20608.432,1360,0,gap,10
3123,20618424,20618.424,1353,0,gap,10
3124,20622350,20622.35,1346,0,gap,10
3125,20628424,20628.424,1319,0,gap,10
3126,20638432,20638.432,1325,0,gap,10
3127,20642375,20642.375,1293,0,gap,10
3128,20648432,20648.432,1278,0,gap,10
3129,20658428,20658.428,1277,0,gap,10
3130,20662378,20662.378,1252,0,gap,10
3131,20668424,20668.424,1232,0,gap,10
3132,20678432,20678.432,1232,0,gap,10
3133,20682411,20682.411,1206,0,gap,10
3134,20688431,20688.431,1203,0,gap,10
3135,20698424,20698.424,1175,0,gap,10
3136,20702409,20702.409,1183,0,gap,10
3137,20708423,20708.423,1161,0,gap,10
3138,20718432,20718.432,1143,0,gap,10
3139,20722434,20722.434,1127,0,gap,10
3140,20728431,20728.431,1115,0,gap,10
3141,20738424,20738.424,1113,0,gap,10
3142,20742424,20742.424,1075,0,gap,10
3143,20748423,20748.423,1074,0,gap,10
3144,20758432,20758.432,1083,0,gap,10
3145,20762454,20762.454,1062,0,gap,10
3146,20768431,20768.431,1056,0,gap,10
3147,20778424,20778.424,1046,0,gap,10
3148,20782448,20782.448,1001,0,gap,10
3149,20788415,20788.415,1013,0,gap,10
3150,20798432,20798.432,998,0,gap,10
3151,20802476,20802.476,999,0,gap,10
3152,20806504,20806.504,972,0,gap,10
3153,20818425,20818.425,975,0,gap,10
3154,20822467,20822.467,969,0,gap,10
3155,20826509,20826.509,944,0,gap,10
3156,20838433,20838.433,944,0,gap,10
3157,20845285,20845.285,929,0,gap,10
3158,20849078,20849.078,905,0,gap,10
3159,20858424,20858.424,909,0,gap,10
3160,20862213,20862.213,885,0,gap,10
3161,20868428,20868.428,880,0,gap,10
3162,20878432,20878.432,879,0,gap,10
3163,20882241,20882.241,845,0,gap,10
3164,20888431,20888.431,877,0,gap,10
3165,20898424,20898.424,832,0,gap,10
3166,20902240,20902.24,821,0,gap,10
3167,20908415,20908.415,848,0,gap,10
3168,20918431,20918.431,826,0,gap,10
3169,20922266,20922.266,823,0,gap,10
3170,20926097,20926.097,800,0,gap,10
3171,20938425,20938.425,818,0,gap,10
3172,20942271,20942.271,775,0,gap,10
3173,20946112,20946.112,746,0,gap,10
3174,20958433,20958.433,795,0,gap,10
3175,20962288,20962.288,739,0,gap,10
3176,20966140,20966.14,734,0,gap,10
3177,20978428,20978.428,753,0,gap,10
3178,20982291,20982.291,715,0,gap,10
3179,20986149,20986.149,721,0,gap,10
3180,20998432,20998.432,728,0,gap,10
3181,21002310,21002.31,709,0,gap,10
3182,21006217,21006.217,714,0,gap,10
3183,21018424,21018.424,706,0,gap,10
3184,21022342,21022.342,692,0,gap,10
3185,21026256,21026.256,667,0,gap,10
3186,21038431,21038.431,704,0,gap,10
3187,21042362,21042.362,657,0,gap,10
3188,21046287,21046.287,647,0,gap,10
3189,21058423,21058.423,689,0,gap,10
3190,21062363,21062.363,628,0,gap,10
3191,21066298,21066.298,605,0,gap,10
3192,21078431,21078.431,657,0,gap,10
3193,21082394,21082.394,592,0,gap,10
3194,21086355,21086.355,624,0,gap,10
3195,21098423,21098.423,623,0,gap,10
3196,21102403,21102.403,598,0,gap,10
3197,21106378,21106.378,602,0,gap,10
3198,21118431,21118.431,611,0,gap,10
3199,21122425,21122.425,596,0,gap,10
3200,21126409,21126.409,582,0,gap,10
3201,21138423,21138.423,603,0,gap,10
3202,21142422,21142.422,576,0,gap,10
3203,21146417,21146.417,547,0,gap,10
3204,21158431,21158.431,592,0,gap,10
3205,21162440,21162.44,545,0,gap,10
3206,21166440,21166.44,529,0,gap,10
3207,21178423,21178.423,578,0,gap,10
3208,21182442,21182.442,506,0,gap,10
3209,21186456,21186.456,531,0,gap,10
3210,21198431,21198.431,529,0,gap,10
3211,21202460,21202.46,511,0,gap,10
3212,21206484,21206.484,529,0,gap,10
3213,21218423,21218.423,534,0,gap,10
3214,21222462,21222.462,499,0,gap,10
3215,21226499,21226.499,495,0,gap,10
3216,21238431,21238.431,553,0,gap,10
3217,21242479,21242.479,486,0,gap,10
3218,21246523,21246.523,459,0,gap,10
3219,21258423,21258.423,538,0,gap,10
3220,21265241,21265.241,465,0,gap,10
3221,21269023,21269.023,455,0,gap,10
3222,21278432,21278.432,496,0,gap,10
3223,21282226,21282.226,428,0,gap,10
3224,21288432,21288.432,471,0,gap,10
3225,21298428,21298.428,464,0,gap,10
3226,21302235,21302.235,429,0,gap,10
3227,21308423,21308.423,464,0,gap,10
3228,21318432,21318.432,454,0,gap,10
3229,21322254,21322.254,437,0,gap,10
3230,21328415,21328.415,441,0,gap,10
3231,21338423,21338.423,464,0,gap,10
3232,21342260,21342.26,413,0,gap,10
3233,21346089,21346.089,394,0,gap,10
3234,21358433,21358.433,482,0,gap,10
3235,21362276,21362.276,388,0,gap,10
3236,21366118,21366.118,361,0,gap,10
3237,21378425,21378.425,449,0,gap,10
3238,21382278,21382.278,357,0,gap,10
3239,21386130,21386.13,378,0,gap,10
3240,21398432,21398.432,414,0,gap,10
3241,21402307,21402.307,371,0,gap,10
3242,21406163,21406.163,394,0,gap,10
3243,21418424,21418.424,411,0,gap,10
3244,21422303,21422.303,375,0,gap,10
3245,21426218,21426.218,363,0,gap,10
3246,21438432,21438.432,438,0,gap,10
3247,21442359,21442.359,356,0,gap,10
3248,21446271,21446.271,337,0,gap,10
3249,21458423,21458.423,431,0,gap,10
3250,21462355,21462.355,331,0,gap,10
3251,21466277,21466.277,331,0,gap,10
3252,21478431,21478.431,411,0,gap,10
3253,21482372,21482.372,319,0,gap,10
3254,21486312,21486.312,321,0,gap,10
3255,21498423,21498.423,374,0,gap,10
3256,21502383,21502.383,329,0,gap,10
3257,21506347,21506.347,336,0,gap,10
3258,21518431,21518.431,367,0,gap,10
3259,21522412,21522.412,338,0,gap,10
3260,21526384,21526.384,334,0,gap,10
3261,21538423,21538.423,376,0,gap,10
3262,21542414,21542.414,314,0,gap,10
3263,21546404,21546.404,291,0,gap,10
3264,21558431,21558.431,391,0,gap,10
3265,21562431,21562.431,294,0,gap,10
3266,21566427,21566.427,272,0,gap,10
3267,21578423,21578.423,366,0,gap,10
3268,21582437,21582.437,267,0,gap,10
3269,21586438,21586.438,304,0,gap,10
3270,21598431,21598.431,327,0,gap,10
3271,21602451,21602.451,288,0,gap,10
3272,21606466,21606.466,312,0,gap,10
3273,21618427,21618.427,322,0,gap,10
3274,21622453,21622.453,303,0,gap,10
3275,21626477,21626.477,280,0,gap,10
3276,21638431,21638.431,348,0,gap,10
3277,21642470,21642.47,273,0,gap,10
3278,21646505,21646.505,246,0,gap,10
3279,21658423,21658.423,354,0,gap,10
3280,21662472,21662.472,256,0,gap,10
3281,21666512,21666.512,240,0,gap,10
3282,21678431,21678.431,333,0,gap,10
3283,21685104,21685.104,272,0,gap,10
3284,21688892,21688.892,267,0,gap,10
3285,21698424,21698.424,290,0,gap,10
3286,21702215,21702.215,245,0,gap,10
3287,21708424,21708.424,301,0,gap,10
3288,21718432,21718.432,290,0,gap,10
3289,21722247,21722.247,240,0,gap,10
3290,21728431,21728.431,256,0,gap,10
3291,21738423,21738.423,307,0,gap,10
3292,21742242,21742.242,235,0,gap,10
3293,21746061,21746.061,217,0,gap,10
3294,21758433,21758.433,330,0,gap,10
3295,21762278,21762.278,221,0,gap,10
3296,21766107,21766.107,206,0,gap,10
3297,21778425,21778.425,304,0,gap,10
3298,21782264,21782.264,203,0,gap,10
3299,21786106,21786.106,220,0,gap,10
3300,21798433,21798.433,263,0,gap,10
3301,21802294,21802.294,230,0,gap,10
3302,21806143,21806.143,222,0,gap,10
3303,21818424,21818.424,261,0,gap,10
3304,21822288,21822.288,227,0,gap,10
3305,21826156,21826.156,205,0,gap,10
3306,21838432,21838.432,282,0,gap,10
3307,21842319,21842.319,212,0,gap,10
3308,21846216,21846.216,193,0,gap,10
3309,21858424,21858.424,298,0,gap,10
3310,21862336,21862.336,191,0,gap,10
3311,21866255,21866.255,165,0,gap,10
3312,21878431,21878.431,274,0,gap,10
3313,21882363,21882.363,172,0,gap,10
3314,21886286,21886.286,193,0,gap,10
3315,21898423,21898.423,242,0,gap,10
3316,21902369,21902.369,192,0,gap,10
3317,21906305,21906.305,191,0,gap,10
3318,21918431,21918.431,237,0,gap,10
3319,21922396,21922.396,195,0,gap,10
3320,21926363,21926.363,183,0,gap,10
3321,21938427,21938.427,277,0,gap,10
3322,21942404,21942.404,188,0,gap,10
3323,21946377,21946.377,158,0,gap,10
3324,21958431,21958.431,274,0,gap,10
3325,21962422,21962.422,160,0,gap,10
3326,21966408,21966.408,145,0,gap,10
3327,21978423,21978.423,263,0,gap,10
3328,21982424,21982.424,142,0,gap,10
3329,21986419,21986.419,161,0,gap,10
3330,21998431,21998.431,203,0,gap,10
3331,22002441,22002.441,157,0,gap,10
3332,22006447,22006.447,179,0,gap,10
3333,22018423,22018.423,208,0,gap,10
3334,22022443,22022.443,178,0,gap,10
3335,22026458,22026.458,170,0,gap,10
3336,22038431,22038.431,235,0,gap,10
3337,22042465,22042.465,161,0,gap,10
3338,22046486,22046.486,137,0,gap,10
3339,22058423,22058.423,257,0,gap,10
3340,22062463,22062.463,139,0,gap,10
3341,22066497,22066.497,128,0,gap,10
3342,22078431,22078.431,241,0,gap,10
3343,22082484,22082.484,130,0,gap,10
3344,22086529,22086.529,144,0,gap,10
3345,22093339,22093.339,189,0,gap,10
3346,22098431,22098.431,146,0,gap,10
3347,22108425,22108.425,215,1,pulse,11
3348,22112307,22112.307,4095,1,pulse,11
3349,22118420,22118.42,4095,1,pulse,11
3350,22128429,22128.429,4095,1,pulse,11
3351,22132175,22132.175,4095,1,pulse,11
3352,22138429,22138.429,4095,1,pulse,11
3353,22148421,22148.421,4095,0,gap,11
3354,22152392,22152.392,3026,0,gap,11
3355,22158425,22158.425,2828,0,gap,11
3356,22168433,22168.433,2775,0,gap,11
3357,22172284,22172.284,2753,0,gap,11
3358,22178433,22178.433,2693,0,gap,11
3359,22188425,22188.425,2663,0,gap,11
3360,22192276,22192.276,2658,0,gap,11
3361,22198425,22198.425,2623,0,gap,11
3362,22208433,22208.433,2589,0,gap,11
3363,22212302,22212.302,2557,0,gap,11
3364,22218432,22218.432,2549,0,gap,11
3365,22228425,22228.425,2513,0,gap,11
3366,22232292,22232.292,2512,0,gap,11
3367,22238424,22238.424,2479,0,gap,11
3368,22248437,22248.437,2448,0,gap,11
3369,22252323,22252.323,2439,0,gap,11
3370,22258432,22258.432,2416,0,gap,11
3371,22268425,22268.425,2378,0,gap,11
3372,22272344,22272.344,2382,0,gap,11
3373,22278428,22278.428,2366,0,gap,11
3374,22288433,22288.433,2320,0,gap,11
3375,22292375,22292.375,2315,0,gap,11
3376,22298432,22298.432,2287,0,gap,11
3377,22308425,22308.425,2258,0,gap,11
3378,22312366,22312.366,2240,0,gap,11
3379,22318424,22318.424,2224,0,gap,11
3380,22328432,22328.432,2208,0,gap,11
3381,22332400,22332.4,2180,0,gap,11
3382,22338432,22338.432,2170,0,gap,11
3383,22348424,22348.424,2141,0,gap,11
3384,22352413,22352.413,2141,0,gap,11
3385,22358424,22358.424,2107,0,gap,11
3386,22368432,22368.432,2087,0,gap,11
3387,22372434,22372.434,2076,0,gap,11
3388,22378432,22378.432,2032,0,gap,11
3389,22388428,22388.428,2029,0,gap,11
3390,22392428,22392.428,2003,0,gap,11
3391,22398424,22398.424,1979,0,gap,11
3392,22408432,22408.432,1969,0,gap,11
3393,22412450,22412.45,1945,0,gap,11
3394,22418432,22418.432,1927,0,gap,11
3395,22428424,22428.424,1904,0,gap,11
3396,22432444,22432.444,1893,0,gap,11
3397,22438423,22438.423,1875,0,gap,11
3398,22448432,22448.432,1840,0,gap,11
3399,22452473,22452.473,1840,0,gap,11
3400,22458435,22458.435,1839,0,gap,11
3401,22468424,22468.424,1786,0,gap,11
3402,22472463,22472.463,1791,0,gap,11
3403,22478423,22478.423,1765,0,gap,11
3404,22488432,22488.432,1744,0,gap,11
3405,22492493,22492.493,1727,0,gap,11
3406,22498431,22498.431,1694,0,gap,11
3407,22508424,22508.424,1697,0,gap,11
3408,22515284,22515.284,1664,0,gap,11
3409,22519098,22519.098,1643,0,gap,11
3410,22528432,22528.432,1635,0,gap,11
3411,22532240,22532.24,1611,0,gap,11
3412,22538432,22538.432,1600,0,gap,11
3413,22548424,22548.424,1589,0,gap,11
3414,22552237,22552.237,1571,0,gap,11
3415,22558424,22558.424,1535,0,gap,11
3416,22568436,22568.436,1527,0,gap,11
3417,22572272,22572.272,1528,0,gap,11
3418,22578432,22578.432,1500,0,gap,11
3419,22588424,22588.424,1485,0,gap,11
3420,22592262,22592.262,1458,0,gap,11
3421,22598428,22598.428,1447,0,gap,11
3422,22608432,22608.432,1429,0,gap,11
3423,22612293,22612.293,1425,0,gap,11
3424,22618432,22618.432,1410,0,gap,11
3425,22628424,22628.424,1391,0,gap,11
3426,22632287,22632.287,1360,0,gap,11
3427,22638424,22638.424,1351,0,gap,11
3428,22648432,22648.432,1327,0,gap,11
3429,22652313,22652.313,1332,0,gap,11
3430,22658431,22658.431,1322,0,gap,11
3431,22668424,22668.424,1282,0,gap,11
3432,22672317,22672.317,1281,0,gap,11
3433,22678423,22678.423,1267,0,gap,11
3434,22688432,22688.432,1264,0,gap,11
3435,22692361,22692.361,1242,0,gap,11
3436,22698431,22698.431,1211,0,gap,11
3437,22708428,22708.428,1218,0,gap,11
3438,22712362,22712.362,1198,0,gap,11
3439,22718423,22718.423,1181,0,gap,11
3440,22728432,22728.432,1167,0,gap,11
3441,22732386,22732.386,1152,0,gap,11
3442,22738431,22738.431,1153,0,gap,11
3443,22748424,22748.424,1134,0,gap,11
3444,22752389,22752.389,1104,0,gap,11
3445,22758415,22758.415,1118,0,gap,11
3446,22768432,22768.432,1083,0,gap,11
3447,22772426,22772.426,1081,0,gap,11
3448,22776412,22776.412,1051,0,gap,11
3449,22788425,22788.425,1054,0,gap,11
3450,22792421,22792.421,1045,0,gap,11
3451,22796417,22796.417,1015,0,gap,11
3452,22808433,22808.433,1043,0,gap,11
3453,22812447,22812.447,994,0,gap,11
3454,22816447,22816.447,978,0,gap,11
3455,22828425,22828.425,997,0,gap,11
3456,22832440,22832.44,947,0,gap,11
3457,22836453,22836.453,974,0,gap,11
3458,22848433,22848.433,944,0,gap,11
3459,22852465,22852.465,923,0,gap,11
3460,22856481,22856.481,937,0,gap,11
3461,22868424,22868.424,927,0,gap,11
3462,22872458,22872.458,923,0,gap,11
3463,22876496,22876.496,896,0,gap,11
3464,22888436,22888.436,903,0,gap,11
3465,22892488,22892.488,884,0,gap,11
3466,22896524,22896.524,850,0,gap,11
3467,22908424,22908.424,887,0,gap,11
3468,22912477,22912.477,847,0,gap,11
3469,22916539,22916.539,825,0,gap,11
3470,22923351,22923.351,841,0,gap,11
3471,22928423,22928.423,832,0,gap,11
3472,22938433,22938.433,825,0,gap,11
3473,22942234,22942.234,810,0,gap,11
3474,22948432,22948.432,790,0,gap,11
3475,22958424,22958.424,816,0,gap,11
3476,22962238,22962.238,768,0,gap,11
3477,22968424,22968.424,779,0,gap,11
3478,22978432,22978.432,770,0,gap,11
3479,22982261,22982.261,729,0,gap,11
3480,22988435,22988.435,759,0,gap,11
3481,22998424,22998.424,731,0,gap,11
3482,23002258,23002.258,721,0,gap,11
3483,23008415,23008.415,733,0,gap,11
3484,23018431,23018.431,709,0,gap,11
3485,23022294,23022.294,711,0,gap,11
3486,23026139,23026.139,688,0,gap,11
3487,23038425,23038.425,721,0,gap,11
3488,23042290,23042.29,681,0,gap,11
3489,23046150,23046.15,653,0,gap,11
3490,23058433,23058.433,701,0,gap,11
3491,23062312,23062.312,643,0,gap,11
3492,23066174,23066.174,643,0,gap,11
3493,23078424,23078.424,670,0,gap,11
3494,23082307,23082.307,621,0,gap,11
3495,23086217,23086.217,637,0,gap,11
3496,23098436,23098.436,631,0,gap,11
3497,23102367,23102.367,609,0,gap,11
3498,23106286,23106.286,622,0,gap,11
3499,23118424,23118.424,611,0,gap,11
3500,23122354,23122.354,607,0,gap,11
3501,23126296,23126.296,589,0,gap,11
3502,23138431,23138.431,627,0,gap,11
3503,23142384,23142.384,586,0,gap,11
3504,23146323,23146.323,551,0,gap,11
3505,23158423,23158.423,623,0,gap,11
3506,23162386,23162.386,562,0,gap,11
3507,23166358,23166.358,541,0,gap,11
3508,23178431,23178.431,592,0,gap,11
3509,23182423,23182.423,526,0,gap,11
3510,23186403,23186.403,542,0,gap,11
3511,23198423,23198.423,557,0,gap,11
3512,23202421,23202.421,511,0,gap,11
3513,23206418,23206.418,542,0,gap,11
3514,23218431,23218.431,534,0,gap,11
3515,23222443,23222.443,529,0,gap,11
3516,23226438,23226.438,501,0,gap,11
3517,23238427,23238.427,560,0,gap,11
3518,23242437,23242.437,499,0,gap,11
3519,23246453,23246.453,474,0,gap,11
3520,23258431,23258.431,544,0,gap,11
3521,23262462,23262.462,479,0,gap,11
3522,23266481,23266.481,464,0,gap,11
3523,23278423,23278.423,524,0,gap,11
3524,23282456,23282.456,446,0,gap,11
3525,23286492,23286.492,453,0,gap,11
3526,23298431,23298.431,489,0,gap,11
3527,23302482,23302.482,439,0,gap,11
3528,23306524,23306.524,464,0,gap,11
3529,23318423,23318.423,470,0,gap,11
3530,23322476,23322.476,449,0,gap,11
3531,23326527,23326.527,437,0,gap,11
3532,23338431,23338.431,493,0,gap,11
3533,23345303,23345.303,455,0,gap,11
3534,23349112,23349.112,405,0,gap,11
3535,23358424,23358.424,475,0,gap,11
3536,23362222,23362.222,418,0,gap,11
3537,23368424,23368.424,414,0,gap,11
3538,23378432,23378.432,463,0,gap,11
3539,23382276,23382.276,379,0,gap,11
3540,23388431,23388.431,433,0,gap,11
3541,23398424,23398.424,427,0,gap,11
3542,23402247,23402.247,391,0,gap,11
3543,23408415,23408.415,426,0,gap,11
3544,23418435,23418.435,409,0,gap,11
3545,23422280,23422.28,399,0,gap,11
3546,23426118,23426.118,375,0,gap,11
3547,23438425,23438.425,438,0,gap,11
3548,23442277,23442.277,377,0,gap,11
3549,23446132,23446.132,351,0,gap,11
3550,23458433,23458.433,442,0,gap,11
3551,23462302,23462.302,345,0,gap,11
3552,23466159,23466.159,321,0,gap,11
3553,23478424,23478.424,433,0,gap,11
3554,23482293,23482.293,330,0,gap,11
3555,23486169,23486.169,339,0,gap,11
3556,23498432,23498.432,390,0,gap,11
3557,23502328,23502.328,337,0,gap,11
3558,23506236,23506.236,351,0,gap,11
3559,23518424,23518.424,370,0,gap,11
3560,23522352,23522.352,330,0,gap,11
3561,23526276,23526.276,326,0,gap,11
3562,23538431,23538.431,381,0,gap,11
3563,23542376,23542.376,327,0,gap,11
3564,23546307,23546.307,304,0,gap,11
3565,23558428,23558.428,399,0,gap,11
3566,23562373,23562.373,295,0,gap,11
3567,23566322,23566.322,288,0,gap,11
3568,23578431,23578.431,382,0,gap,11
3569,23582404,23582.404,286,0,gap,11
3570,23586375,23586.375,292,0,gap,11
3571,23598423,23598.423,339,0,gap,11
3572,23602409,23602.409,273,0,gap,11
3573,23606393,23606.393,302,0,gap,11
3574,23618431,23618.431,339,0,gap,11
3575,23622434,23622.434,304,0,gap,11
3576,23626429,23626.429,286,0,gap,11
3577,23638423,23638.423,365,0,gap,11
3578,23642428,23642.428,289,0,gap,11
3579,23646432,23646.432,272,0,gap,11
3580,23658431,23658.431,362,0,gap,11
3581,23662458,23662.458,263,0,gap,11
3582,23666468,23666.468,256,0,gap,11
3583,23678423,23678.423,338,0,gap,11
3584,23682448,23682.448,236,0,gap,11
3585,23686472,23686.472,258,0,gap,11
3586,23698431,23698.431,320,0,gap,11
3587,23702478,23702.478,248,0,gap,11
3588,23706508,23706.508,272,0,gap,11
3589,23718423,23718.423,304,0,gap,11
3590,23722468,23722.468,269,0,gap,11
3591,23726516,23726.516,261,0,gap,11
3592,23738435,23738.435,322,0,gap,11
3593,23742494,23742.494,266,0,gap,11
3594,23746543,23746.543,224,0,gap,11
3595,23753367,23753.367,262,0,gap,11
3596,23758431,23758.431,263,0,gap,11
3597,23768429,23768.429,269,0,gap,11
3598,23772222,23772.222,230,0,gap,11
3599,23778424,23778.424,266,0,gap,11
3600,23788432,23788.432,294,0,gap,11
3601,23792254,23792.254,239,0,gap,11
3602,23798432,23798.432,222,0,gap,11
3603,23808424,23808.424,304,0,gap,11
3604,23812245,23812.245,206,0,gap,11
3605,23818423,23818.423,230,0,gap,11
3606,23828432,23828.432,294,0,gap,11
3607,23832274,23832.274,186,0,gap,11
3608,23838419,23838.419,256,0,gap,11
3609,23848423,23848.423,254,0,gap,11
3610,23852278,23852.278,201,0,gap,11
3611,23856127,23856.127,197,0,gap,11
3612,23868433,23868.433,246,0,gap,11
3613,23872301,23872.301,207,0,gap,11
3614,23876161,23876.161,206,0,gap,11
3615,23888425,23888.425,267,0,gap,11
3616,23892299,23892.299,206,0,gap,11
3617,23896170,23896.17,173,0,gap,11
3618,23908432,23908.432,285,0,gap,11
3619,23912319,23912.319,176,0,gap,11
3620,23916225,23916.225,163,0,gap,11
3621,23928424,23928.424,272,0,gap,11
3622,23932347,23932.347,170,0,gap,11
3623,23936270,23936.27,165,0,gap,11
3624,23948436,23948.436,225,0,gap,11
3625,23952370,23952.37,171,0,gap,11
3626,23956301,23956.301,194,0,gap,11
3627,23968423,23968.423,230,0,gap,11
3628,23972372,23972.372,190,0,gap,11
3629,23976320,23976.32,195,0,gap,11
3630,23988431,23988.431,252,0,gap,11
3631,23992398,23992.398,189,0,gap,11
3632,23996366,23996.366,155,0,gap,11
3633,24008423,24008.423,249,0,gap,11
3634,24012411,24012.411,152,0,gap,11
3635,24016395,24016.395,143,0,gap,11
3636,24028431,24028.431,243,0,gap,11
3637,24032429,24032.429,144,0,gap,11
3638,24036418,24036.418,155,1,pulse,12
3639,24048432,24048.432,4095,1,pulse,12
3640,24052382,24052.382,4095,1,pulse,12
3641,24056319,24056.319,4095,1,pulse,12
3642,24068428,24068.428,4095,1,pulse,12
3643,24072380,24072.38,4095,1,pulse,12
3644,24076327,24076.327,4095,0,gap,12
3645,24088437,24088.437,2849,0,gap,12
3646,24092475,24092.475,2802,0,gap,12
3647,24096508,24096.508,2762,0,gap,12
3648,24108432,24108.432,2723,0,gap,12
3649,24112476,24112.476,2686,0,gap,12
3650,24116522,24116.522,2673,0,gap,12
3651,24128424,24128.424,2628,0,gap,12
3652,24132477,24132.477,2611,0,gap,12
3653,24136526,24136.526,2594,0,gap,12
3654,24148432,24148.432,2559,0,gap,12
3655,24152503,24152.503,2527,0,gap,12
3656,24156565,24156.565,2521,0,gap,12
3657,24168424,24168.424,2479,0,gap,12
3658,24175312,24175.312,2459,0,gap,12
3659,24179125,24179.125,2443,0,gap,12
3660,24188436,24188.436,2430,0,gap,12
3661,24192250,24192.25,2405,0,gap,12
3662,24198432,24198.432,2384,0,gap,12
3663,24208424,24208.424,2381,0,gap,12
3664,24212255,24212.255,2352,0,gap,12
3665,24218424,24218.424,2310,0,gap,12
3666,24228432,24228.432,2309,0,gap,12
3667,24232274,24232.274,2276,0,gap,12
3668,24238432,24238.432,2273,0,gap,12
3669,24248424,24248.424,2231,0,gap,12
3670,24252280,24252.28,2217,0,gap,12
3671,24258424,24258.424,2195,0,gap,12
3672,24268432,24268.432,2174,0,gap,12
3673,24272299,24272.299,2175,0,gap,12
3674,24278432,24278.432,2137,0,gap,12
3675,24288424,24288.424,2116,0,gap,12
3676,24292301,24292.301,2113,0,gap,12
3677,24298424,24298.424,2080,0,gap,12
3678,24308432,24308.432,2073,0,gap,12
3679,24312319,24312.319,2029,0,gap,12
3680,24318432,24318.432,2011,0,gap,12
3681,24328424,24328.424,1994,0,gap,12
3682,24332328,24332.328,1978,0,gap,12
3683,24338423,24338.423,1955,0,gap,12
3684,24348432,24348.432,1935,0,gap,12
3685,24352372,24352.372,1922,0,gap,12
3686,24358431,24358.431,1908,0,gap,12
3687,24368424,24368.424,1872,0,gap,12
3688,24372371,24372.371,1863,0,gap,12
3689,24378423,24378.423,1853,0,gap,12
3690,24388432,24388.432,1833,0,gap,12
3691,24392393,24392.393,1815,0,gap,12
3692,24398435,24398.435,1793,0,gap,12
3693,24408424,24408.424,1776,0,gap,12
3694,24412395,24412.395,1759,0,gap,12
3695,24418415,24418.415,1736,0,gap,12
3696,24428432,24428.432,1715,0,gap,12
3697,24432432,24432.432,1695,0,gap,12
3698,24436428,24436.428,1693,0,gap,12
3699,24448425,24448.425,1665,0,gap,12
3700,24452427,24452.427,1643,0,gap,12
3701,24456433,24456.433,1637,0,gap,12
3702,24468433,24468.433,1600,0,gap,12
3703,24472461,24472.461,1599,0,gap,12
3704,24476472,24476.472,1585,0,gap,12
3705,24488425,24488.425,1575,0,gap,12
3706,24492451,24492.451,1555,0,gap,12
3707,24496476,24496.476,1521,0,gap,12
3708,24508437,24508.437,1503,0,gap,12
3709,24512480,24512.48,1488,0,gap,12
3710,24516507,24516.507,1466,0,gap,12
3711,24528425,24528.425,1459,0,gap,12
3712,24532470,24532.47,1441,0,gap,12
3713,24536519,24536.519,1417,0,gap,12
3714,24548433,24548.433,1397,0,gap,12
3715,24552492,24552.492,1392,0,gap,12
3716,24556539,24556.539,1387,0,gap,12
3717,24568425,24568.425,1363,0,gap,12
3718,24572486,24572.486,1350,0,gap,12
3719,24576558,24576.558,1334,0,gap,12
3720,24583384,24583.384,1311,0,gap,12
3721,24598424,24598.424,1307,0,gap,12
3722,24602224,24602.224,1280,0,gap,12
3723,24606029,24606.029,1285,0,gap,12
3724,24618436,24618.436,1265,0,gap,12
3725,24622257,24622.257,1251,0,gap,12
3726,24626074,24626.074,1246,0,gap,12
3727,24638424,24638.424,1231,0,gap,12
3728,24642259,24642.259,1200,0,gap,12
3729,24646088,24646.088,1193,0,gap,12
3730,24658432,24658.432,1182,0,gap,12
3731,24662282,24662.282,1167,0,gap,12
3732,24666124,24666.124,1136,0,gap,12
3733,24678424,24678.424,1152,0,gap,12
3734,24682278,24682.278,1105,0,gap,12
3735,24686143,24686.143,1122,0,gap,12
3736,24698432,24698.432,1105,0,gap,12
3737,24702303,24702.303,1086,0,gap,12
3738,24706167,24706.167,1077,0,gap,12
3739,24718424,24718.424,1072,0,gap,12
3740,24722302,24722.302,1045,0,gap,12
3741,24726184,24726.184,1055,0,gap,12
3742,24738432,24738.432,1040,0,gap,12
3743,24742328,24742.328,1021,0,gap,12
3744,24746214,24746.214,998,0,gap,12
3745,24758424,24758.424,1015,0,gap,12
3746,24762358,24762.358,976,0,gap,12
3747,24766292,24766.292,951,0,gap,12
3748,24778432,24778.432,976,0,gap,12
3749,24782376,24782.376,939,0,gap,12
3750,24786308,24786.308,934,0,gap,12
3751,24798423,24798.423,919,0,gap,12
3752,24802374,24802.374,906,0,gap,12
3753,24806328,24806.328,902,0,gap,12
3754,24818431,24818.431,903,0,gap,12
3755,24822404,24822.404,891,0,gap,12
3756,24826369,24826.369,871,0,gap,12
3757,24838423,24838.423,880,0,gap,12
3758,24842414,24842.414,866,0,gap,12
3759,24846408,24846.408,839,0,gap,12
3760,24858431,24858.431,849,0,gap,12
3761,24862440,24862.44,808,0,gap,12
3762,24866436,24866.436,799,0,gap,12
3763,24878423,24878.423,827,0,gap,12
3764,24882434,24882.434,784,0,gap,12
3765,24886443,24886.443,796,0,gap,12
3766,24898431,24898.431,798,0,gap,12
3767,24902463,24902.463,767,0,gap,12
3768,24906479,24906.479,782,0,gap,12
3769,24918423,24918.423,759,0,gap,12
3770,24922453,24922.453,764,0,gap,12
3771,24926486,24926.486,738,0,gap,12
3772,24938435,24938.435,758,0,gap,12
3773,24942487,24942.487,733,0,gap,12
3774,24946522,24946.522,716,0,gap,12
3775,24958423,24958.423,746,0,gap,12
3776,24962473,24962.473,688,0,gap,12
3777,24966529,24966.529,671,0,gap,12
3778,24978431,24978.431,720,0,gap,12
3779,24982498,24982.498,672,0,gap,12
3780,24986549,24986.549,667,0,gap,12
3781,24998423,24998.423,703,0,gap,12
3782,25002493,25002.493,642,0,gap,12
3783,25009370,25009.37,680,0,gap,12
3784,25013184,25013.184,640,0,gap,12
3785,25018424,25018.424,634,0,gap,12
3786,25028433,25028.433,653,0,gap,12
3787,25032250,25032.25,603,0,gap,12
3788,25038436,25038.436,646,0,gap,12
3789,25048425,25048.425,630,0,gap,12
3790,25052257,25052.257,597,0,gap,12
3791,25058424,25058.424,633,0,gap,12
3792,25068432,25068.432,609,0,gap,12
3793,25072275,25072.275,596,0,gap,12
3794,25078432,25078.432,592,0,gap,12
3795,25088424,25088.424,614,0,gap,12
3796,25092283,25092.283,562,0,gap,12
3797,25098423,25098.423,562,0,gap,12
3798,25108432,25108.432,613,0,gap,12
3799,25112304,25112.304,528,0,gap,12
3800,25118415,25118.415,544,0,gap,12
3801,25128423,25128.423,575,0,gap,12
3802,25132302,25132.302,507,0,gap,12
3803,25136177,25136.177,528,0,gap,12
3804,25148437,25148.437,544,0,gap,12
3805,25152323,25152.323,492,0,gap,12
3806,25156204,25156.204,511,0,gap,12
3807,25168425,25168.425,533,0,gap,12
3808,25172359,25172.359,502,0,gap,12
3809,25176286,25176.286,496,0,gap,12
3810,25188432,25188.432,535,0,gap,12
3811,25192374,25192.374,492,0,gap,12
3812,25196312,25196.312,464,0,gap,12
3813,25208424,25208.424,549,0,gap,12
3814,25212373,25212.373,464,0,gap,12
3815,25216325,25216.325,448,0,gap,12
3816,25228432,25228.432,534,0,gap,12
3817,25232394,25232.394,443,0,gap,12
3818,25236361,25236.361,444,0,gap,12
3819,25248423,25248.423,490,0,gap,12
3820,25252421,25252.421,432,0,gap,12
3821,25256405,25256.405,445,0,gap,12
3822,25268431,25268.431,450,0,gap,12
3823,25272434,25272.434,437,0,gap,12
3824,25276432,25276.432,427,0,gap,12
3825,25288423,25288.423,465,0,gap,12
3826,25292440,25292.44,418,0,gap,12
3827,25296443,25296.443,403,0,gap,12
3828,25308431,25308.431,471,0,gap,12
3829,25312453,25312.453,400,0,gap,12
3830,25316467,25316.467,381,0,gap,12
3831,25328423,25328.423,463,0,gap,12
3832,25332455,25332.455,371,0,gap,12
3833,25336482,25336.482,391,0,gap,12
3834,25348431,25348.431,427,0,gap,12
3835,25352473,25352.473,368,0,gap,12
3836,25356510,25356.51,391,0,gap,12
3837,25368423,25368.423,407,0,gap,12
3838,25372475,25372.475,384,0,gap,12
3839,25376523,25376.523,384,0,gap,12
3840,25388431,25388.431,426,0,gap,12
3841,25392493,25392.493,370,0,gap,12
3842,25396550,25396.55,349,0,gap,12
3843,25408423,25408.423,446,0,gap,12
3844,25412495,25412.495,348,0,gap,12
3845,25419329,25419.329,368,0,gap,12
3846,25423157,25423.157,356,0,gap,12
3847,25428424,25428.424,353,0,gap,12
3848,25438433,25438.433,390,0,gap,12
3849,25442250,25442.25,336,0,gap,12
3850,25448432,25448.432,343,0,gap,12
3851,25458424,25458.424,391,0,gap,12
3852,25462256,25462.256,307,0,gap,12
3853,25468424,25468.424,331,0,gap,12
3854,25478432,25478.432,379,0,gap,12
3855,25482280,25482.28,287,0,gap,12
3856,25488432,25488.432,350,0,gap,12
3857,25498424,25498.424,355,0,gap,12
3858,25502282,25502.282,287,0,gap,12
3859,25508423,25508.423,359,0,gap,12
3860,25518432,25518.432,333,0,gap,12
3861,25522295,25522.295,323,0,gap,12
3862,25526158,25526.158,290,0,gap,12
3863,25538425,25538.425,365,0,gap,12
3864,25542303,25542.303,304,0,gap,12
3865,25546176,25546.176,274,0,gap,12
3866,25558433,25558.433,365,0,gap,12
3867,25562317,25562.317,282,0,gap,12
3868,25566201,25566.201,257,0,gap,12
3869,25578425,25578.425,358,0,gap,12
3870,25582349,25582.349,240,0,gap,12
3871,25586274,25586.274,259,0,gap,12
3872,25598432,25598.432,313,0,gap,12
3873,25602368,25602.368,260,0,gap,12
3874,25606305,25606.305,286,0,gap,12
3875,25618424,25618.424,312,0,gap,12
3876,25622372,25622.372,276,0,gap,12
3877,25626315,25626.315,282,0,gap,12
3878,25638432,25638.432,320,0,gap,12
3879,25642397,25642.397,268,0,gap,12
3880,25646358,25646.358,241,0,gap,12
3881,25658423,25658.423,341,0,gap,12
3882,25662409,25662.409,233,0,gap,12
3883,25666392,25666.392,222,0,gap,12
3884,25678435,25678.435,336,0,gap,12
3885,25682433,25682.433,223,0,gap,12
3886,25686429,25686.429,238,0,gap,12
3887,25698423,25698.423,307,0,gap,12
3888,25702434,25702.434,218,0,gap,12
3889,25706436,25706.436,243,0,gap,12
3890,25718431,25718.431,272,0,gap,12
3891,25722452,25722.452,237,0,gap,12
3892,25726464,25726.464,252,0,gap,12
3893,25738423,25738.423,300,0,gap,12
3894,25742454,25742.454,234,0,gap,12
3895,25746484,25746.484,209,0,gap,12
3896,25758431,25758.431,314,0,gap,12
3897,25762471,25762.471,208,0,gap,12
3898,25766507,25766.507,180,0,gap,12
3899,25778423,25778.423,304,0,gap,12
3900,25782477,25782.477,180,0,gap,12
3901,25786519,25786.519,197,0,gap,12
3902,25798431,25798.431,261,0,gap,12
3903,25802491,25802.491,193,0,gap,12
3904,25806546,25806.546,209,0,gap,12
3905,25818423,25818.423,228,0,gap,12
3906,25822497,25822.497,211,0,gap,12
3907,25826560,25826.56,208,0,gap,12
3908,25833404,25833.404,192,0,gap,12
3909,25838423,25838.423,205,0,gap,12
3910,25848432,25848.432,221,0,gap,12
3911,25852250,25852.25,171,0,gap,12
3912,25858432,25858.432,230,0,gap,12
3913,25868424,25868.424,214,0,gap,12
3914,25872255,25872.255,189,0,gap,12
3915,25878424,25878.424,202,0,gap,12
3916,25888436,25888.436,251,0,gap,12
3917,25892273,25892.273,183,0,gap,12
3918,25898431,25898.431,181,0,gap,12
3919,25908424,25908.424,257,0,gap,12
3920,25912279,25912.279,163,0,gap,12
3921,25918411,25918.411,174,0,gap,12
3922,25928431,25928.431,240,0,gap,12
3923,25932298,25932.298,148,0,gap,12
3924,25936155,25936.155,155,0,gap,12
3925,25948425,25948.425,240,0,gap,12
3926,25952297,25952.297,144,0,gap,12
3927,25956174,25956.174,169,0,gap,12
3928,25968433,25968.433,210,0,gap,12
3929,25972315,25972.315,171,0,gap,12
3930,25976194,25976.194,172,0,gap,12
3931,25988424,25988.424,238,0,gap,12
3932,25992332,25992.332,177,0,gap,12
3933,25996251,25996.251,126,0,gap,12
3934,26008432,26008.432,246,0,gap,12
3935,26012371,26012.371,147,0,gap,12
3936,26016302,26016.302,119,0,gap,12
3937,26028424,26028.424,238,0,gap,12
3938,26032375,26032.375,119,0,gap,12
3939,26036325,26036.325,134,0,gap,12
3940,26048431,26048.431,205,0,gap,12
3941,26052395,26052.395,134,0,gap,12
3942,26056347,26056.347,154,0,gap,12
3943,26068423,26068.423,197,0,gap,12
3944,26072398,26072.398,144,0,gap,12
3945,26076382,26076.382,144,0,gap,12
3946,26088431,26088.431,207,0,gap,12
3947,26092436,26092.436,150,0,gap,12
3948,26096431,26096.431,112,0,gap,12
3949,26108423,26108.423,230,0,gap,12
3950,26112429,26112.429,128,0,gap,12
3951,26116439,26116.439,111,0,gap,12
3952,26128431,26128.431,208,0,gap,12
3953,26132455,26132.455,108,0,gap,12
3954,26136470,26136.47,122,0,gap,12
3955,26148423,26148.423,204,0,gap,12
3956,26152449,26152.449,109,0,gap,12
3957,26156474,26156.474,141,0,gap,12
3958,26168431,26168.431,176,0,gap,12
3959,26172479,26172.479,135,0,gap,12
3960,26176518,26176.518,130,0,gap,12
3961,26188423,26188.423,208,0,gap,12
3962,26192468,26192.468,131,0,gap,12
3963,26196513,26196.513,105,0,gap,12
3964,26208435,26208.435,1345,1,pulse,13
3965,26212587,26212.587,4095,1,pulse,13
3966,26216579,26216.579,4095,1,pulse,13
3967,26228420,26228.42,4095,1,pulse,13
3968,26232419,26232.419,4095,1,pulse,13
3969,26236426,26236.426,4095,1,pulse,13
3970,26243186,26243.186,4095,0,gap,13
3971,26258436,26258.436,2768,0,gap,13
3972,26262250,26262.25,2740,0,gap,13
3973,26266064,26266.064,2710,0,gap,13
3974,26278432,26278.432,2679,0,gap,13
3975,26282266,26282.266,2645,0,gap,13
3976,26286097,26286.097,2618,0,gap,13
3977,26298424,26298.424,2587,0,gap,13
3978,26302265,26302.265,2559,0,gap,13
3979,26306111,26306.111,2559,0,gap,13
3980,26318432,26318.432,2515,0,gap,13
3981,26322288,26322.288,2512,0,gap,13
3982,26326135,26326.135,2500,0,gap,13
3983,26338424,26338.424,2448,0,gap,13
3984,26342296,26342.296,2429,0,gap,13
3985,26346163,26346.163,2426,0,gap,13
3986,26358432,26358.432,2398,0,gap,13
3987,26362317,26362.317,2379,0,gap,13
3988,26366186,26366.186,2341,0,gap,13
3989,26378424,26378.424,2346,0,gap,13
3990,26382312,26382.312,2304,0,gap,13
3991,26386203,26386.203,2299,0,gap,13
3992,26398432,26398.432,2258,0,gap,13
3993,26402334,26402.334,2254,0,gap,13
3994,26406229,26406.229,2224,0,gap,13
3995,26418428,26418.428,2207,0,gap,13
3996,26422368,26422.368,2181,0,gap,13
3997,26426308,26426.308,2176,0,gap,13
3998,26438432,26438.432,2150,0,gap,13
3999,26442390,26442.39,2131,0,gap,13
4000,26446342,26446.342,2114,0,gap,13
4001,26458424,26458.424,2096,0,gap,13
4002,26462381,26462.381,2073,0,gap,13
4003,26466342,26466.342,2046,0,gap,13
4004,26478432,26478.432,2030,0,gap,13
4005,26482415,26482.415,1991,0,gap,13
4006,26486395,26486.395,1975,0,gap,13
4007,26498424,26498.424,1965,0,gap,13
4008,26502425,26502.425,1940,0,gap,13
4009,26506426,26506.426,1922,0,gap,13
4010,26518432,26518.432,1908,0,gap,13
4011,26522451,26522.451,1888,0,gap,13
4012,26526454,26526.454,1887,0,gap,13
4013,26538424,26538.424,1853,0,gap,13
4014,26542441,26542.441,1829,0,gap,13
4015,26546465,26546.465,1818,0,gap,13
4016,26558436,26558.436,1794,0,gap,13
4017,26562470,26562.47,1775,0,gap,13
4018,26566497,26566.497,1754,0,gap,13
4019,26578424,26578.424,1734,0,gap,13
4020,26582464,26582.464,1713,0,gap,13
4021,26586504,26586.504,1722,0,gap,13
4022,26598431,26598.431,1689,0,gap,13
4023,26602490,26602.49,1666,0,gap,13
4024,26606535,26606.535,1651,0,gap,13
4025,26618423,26618.423,1642,0,gap,13
4026,26622484,26622.484,1622,0,gap,13
4027,26626551,26626.551,1610,0,gap,13
4028,26638431,26638.431,1594,0,gap,13
4029,26642509,26642.509,1574,0,gap,13
4030,26646575,26646.575,1559,0,gap,13
4031,26658423,26658.423,1525,0,gap,13
4032,26662509,26662.509,1507,0,gap,13
4033,26669366,26669.366,1497,0,gap,13
4034,26673184,26673.184,1487,0,gap,13
4035,26678424,26678.424,1459,0,gap,13
4036,26688433,26688.433,1454,0,gap,13
4037,26692270,26692.27,1437,0,gap,13
4038,26698433,26698.433,1424,0,gap,13
4039,26708425,26708.425,1411,0,gap,13
4040,26712266,26712.266,1387,0,gap,13
4041,26718425,26718.425,1375,0,gap,13
4042,26728433,26728.433,1367,0,gap,13
4043,26732301,26732.301,1338,0,gap,13
4044,26738432,26738.432,1346,0,gap,13
4045,26748425,26748.425,1306,0,gap,13
4046,26752288,26752.288,1311,0,gap,13
4047,26758424,26758.424,1296,0,gap,13
4048,26768437,26768.437,1266,0,gap,13
4049,26772317,26772.317,1254,0,gap,13
4050,26778432,26778.432,1252,0,gap,13
4051,26788425,26788.425,1237,0,gap,13
4052,26792308,26792.308,1219,0,gap,13
4053,26798424,26798.424,1194,0,gap,13
4054,26808433,26808.433,1205,0,gap,13
4055,26812338,26812.338,1167,0,gap,13
4056,26818432,26818.432,1161,0,gap,13
4057,26828425,26828.425,1152,0,gap,13
4058,26832358,26832.358,1120,0,gap,13
4059,26838428,26838.428,1138,0,gap,13
4060,26848432,26848.432,1107,0,gap,13
4061,26852382,26852.382,1084,0,gap,13
4062,26858432,26858.432,1100,0,gap,13
4063,26868424,26868.424,1071,0,gap,13
4064,26872393,26872.393,1071,0,gap,13
4065,26878424,26878.424,1063,0,gap,13
4066,26888432,26888.432,1043,0,gap,13
4067,26892403,26892.403,1033,0,gap,13
4068,26898432,26898.432,1012,0,gap,13
4069,26908424,26908.424,1008,0,gap,13
4070,26912423,26912.423,977,0,gap,13
4071,26918424,26918.424,962,0,gap,13
4072,26928432,26928.432,988,0,gap,13
4073,26932441,26932.441,950,0,gap,13
4074,26938431,26938.431,951,0,gap,13
4075,26948428,26948.428,924,0,gap,13
4076,26952447,26952.447,902,0,gap,13
4077,26956465,26956.465,918,0,gap,13
4078,26968433,26968.433,902,0,gap,13
4079,26972466,26972.466,904,0,gap,13
4080,26976498,26976.498,887,0,gap,13
4081,26988425,26988.425,880,0,gap,13
4082,26992463,26992.463,861,0,gap,13
4083,26996501,26996.501,848,0,gap,13
4084,27008432,27008.432,870,0,gap,13
4085,27012485,27012.485,823,0,gap,13
4086,27016537,27016.537,812,0,gap,13
4087,27028424,27028.424,832,0,gap,13
4088,27032486,27032.486,780,0,gap,13
4089,27036544,27036.544,799,0,gap,13
4090,27048432,27048.432,786,0,gap,13
4091,27052504,27052.504,781,0,gap,13
4092,27056567,27056.567,768,0,gap,13
4093,27068423,27068.423,771,0,gap,13
4094,27072505,27072.505,754,0,gap,13
4095,27079351,27079.351,753,0,gap,13
4096,27083200,27083.2,722,0,gap,13
4097,27088424,27088.424,739,0,gap,13
4098,27098433,27098.433,739,0,gap,13
4099,27102256,27102.256,716,0,gap,13
4100,27108432,27108.432,739,0,gap,13
4101,27118424,27118.424,704,0,gap,13
4102,27122262,27122.262,699,0,gap,13
4103,27128424,27128.424,694,0,gap,13
4104,27138432,27138.432,714,0,gap,13
4105,27142286,27142.286,671,0,gap,13
4106,27148432,27148.432,664,0,gap,13
4107,27158428,27158.428,689,0,gap,13
4108,27162291,27162.291,643,0,gap,13
4109,27168423,27168.423,647,0,gap,13
4110,27178432,27178.432,656,0,gap,13
4111,27182309,27182.309,607,0,gap,13
4112,27186186,27186.186,608,0,gap,13
4113,27198425,27198.425,626,0,gap,13
4114,27202309,27202.309,603,0,gap,13
4115,27206188,27206.188,621,0,gap,13
4116,27218433,27218.433,602,0,gap,13
4117,27222327,27222.327,599,0,gap,13
4118,27226225,27226.225,592,0,gap,13
4119,27238425,27238.425,597,0,gap,13
4120,27242353,27242.353,577,0,gap,13
4121,27246284,27246.284,554,0,gap,13
4122,27258432,27258.432,612,0,gap,13
4123,27262383,27262.383,546,0,gap,13
4124,27266325,27266.325,539,0,gap,13
4125,27278424,27278.424,592,0,gap,13
4126,27282377,27282.377,511,0,gap,13
4127,27286338,27286.338,528,0,gap,13
4128,27298436,27298.436,554,0,gap,13
4129,27302407,27302.407,504,0,gap,13
4130,27306379,27306.379,528,0,gap,13
4131,27318423,27318.423,528,0,gap,13
4132,27322415,27322.415,499,0,gap,13
4133,27326416,27326.416,511,0,gap,13
4134,27338431,27338.431,533,0,gap,13
4135,27342446,27342.446,502,0,gap,13
4136,27346449,27346.449,480,0,gap,13
4137,27358423,27358.423,537,0,gap,13
4138,27362440,27362.44,475,0,gap,13
4139,27366460,27366.46,448,0,gap,13
4140,27378431,27378.431,511,0,gap,13
4141,27382466,27382.466,451,0,gap,13
4142,27386484,27386.484,462,0,gap,13
4143,27398423,27398.423,491,0,gap,13
4144,27402464,27402.464,436,0,gap,13
4145,27406499,27406.499,448,0,gap,13
4146,27418431,27418.431,466,0,gap,13
4147,27422485,27422.485,446,0,gap,13
4148,27426527,27426.527,433,0,gap,13
4149,27438423,27438.423,492,0,gap,13
4150,27442483,27442.483,428,0,gap,13
4151,27446542,27446.542,407,0,gap,13
4152,27458431,27458.431,488,0,gap,13
4153,27462505,27462.505,401,0,gap,13
4154,27466562,27466.562,399,0,gap,13
4155,27478427,27478.427,459,0,gap,13
4156,27482499,27482.499,368,0,gap,13
4157,27486575,27486.575,395,0,gap,13
4158,27493415,27493.415,441,0,gap,13
4159,27498423,27498.423,373,0,gap,13
4160,27508437,27508.437,451,0,gap,13
4161,27512261,27512.261,378,0,gap,13
4162,27518432,27518.432,384,0,gap,13
4163,27528424,27528.424,427,0,gap,13
4164,27532256,27532.256,343,0,gap,13
4165,27538424,27538.424,386,0,gap,13
4166,27548432,27548.432,400,0,gap,13
4167,27552287,27552.287,336,0,gap,13
4168,27558431,27558.431,390,0,gap,13
4169,27568424,27568.424,379,0,gap,13
4170,27572281,27572.281,338,0,gap,13
4171,27578415,27578.415,367,0,gap,13
4172,27588431,27588.431,384,0,gap,13
4173,27592311,27592.311,340,0,gap,13
4174,27596179,27596.179,322,0,gap,13
4175,27608425,27608.425,421,0,gap,13
4176,27612311,27612.311,307,0,gap,13
4177,27616197,27616.197,307,0,gap,13
4178,27628433,27628.433,404,0,gap,13
4179,27632329,27632.329,304,0,gap,13
4180,27636214,27636.214,313,0,gap,13
4181,27648424,27648.424,371,0,gap,13
4182,27652333,27652.333,304,0,gap,13
4183,27656280,27656.28,320,0,gap,13
4184,27668432,27668.432,332,0,gap,13
4185,27672381,27672.381,322,0,gap,13
4186,27676317,27676.317,302,0,gap,13
4187,27688428,27688.428,350,0,gap,13
4188,27692389,27692.389,298,0,gap,13
4189,27696340,27696.34,283,0,gap,13
4190,27708431,27708.431,373,0,gap,13
4191,27712401,27712.401,285,0,gap,13
4192,27716371,27716.371,256,0,gap,13
4193,27728423,27728.423,355,0,gap,13
4194,27732412,27732.412,251,0,gap,13
4195,27736398,27736.398,266,0,gap,13
4196,27748431,27748.431,318,0,gap,13
4197,27752441,27752.441,253,0,gap,13
4198,27756446,27756.446,283,0,gap,13
4199,27768423,27768.423,305,0,gap,13
4200,27772443,27772.443,274,0,gap,13
4201,27776454,27776.454,277,0,gap,13
4202,27788431,27788.431,326,0,gap,13
4203,27792465,27792.465,262,0,gap,13
4204,27796489,27796.489,240,0,gap,13
4205,27808423,27808.423,341,0,gap,13
4206,27812462,27812.462,240,0,gap,13
4207,27816496,27816.496,211,0,gap,13
4208,27828435,27828.435,341,0,gap,13
4209,27832480,27832.48,219,0,gap,13
4210,27836520,27836.52,231,0,gap,13
4211,27848423,27848.423,307,0,gap,13
4212,27852482,27852.482,222,0,gap,13
4213,27856535,27856.535,250,0,gap,13
4214,27868431,27868.431,277,0,gap,13
4215,27872500,27872.5,238,0,gap,13
4216,27876564,27876.564,233,0,gap,13
4217,27888423,27888.423,276,0,gap,13
4218,27892502,27892.502,241,0,gap,13
4219,27896580,27896.58,224,0,gap,13
4220,27903427,27903.427,235,0,gap,13
4221,27908423,27908.423,243,0,gap,13
4222,27918432,27918.432,240,0,gap,13
4223,27922254,27922.254,219,0,gap,13
4224,27928436,27928.436,239,0,gap,13
4225,27938424,27938.424,272,0,gap,13
4226,27942258,27942.258,209,0,gap,13
4227,27948424,27948.424,219,0,gap,13
4228,27958432,27958.432,283,0,gap,13
4229,27962277,27962.277,201,0,gap,13
4230,27968431,27968.431,198,0,gap,13
4231,27978424,27978.424,278,0,gap,13
4232,27982283,27982.283,156,0,gap,13
4233,27988411,27988.411,225,0,gap,13
4234,27998431,27998.431,230,0,gap,13
4235,28002314,28002.314,171,0,gap,13
4236,28006175,28006.175,192,0,gap,13
4237,28018425,28018.425,234,0,gap,13
4238,28022301,28022.301,188,0,gap,13
4239,28026185,28026.185,187,0,gap,13
4240,28038437,28038.437,253,0,gap,13
4241,28042331,28042.331,177,0,gap,13
4242,28046214,28046.214,170,0,gap,13
4243,28058424,28058.424,281,0,gap,13
4244,28062323,28062.323,151,0,gap,13
4245,28066248,28066.248,144,0,gap,13
4246,28078432,28078.432,259,0,gap,13
4247,28082383,28082.383,159,0,gap,13
4248,28086321,28086.321,144,0,gap,13
4249,28098424,28098.424,225,0,gap,13
4250,28102378,28102.378,145,0,gap,13
4251,28106332,28106.332,183,0,gap,13
4252,28118431,28118.431,656,1,pulse,14
4253,28122491,28122.491,4095,1,pulse,14
4254,28126397,28126.397,4095,1,pulse,14
4255,28138420,28138.42,4095,1,pulse,14
4256,28142345,28142.345,4095,1,pulse,14
4257,28146267,28146.267,4095,1,pulse,14
4258,28158429,28158.429,4095,0,gap,14
4259,28162593,28162.593,2975,0,gap,14
4260,28166611,28166.611,2917,0,gap,14
4261,28178424,28178.424,2753,0,gap,14
4262,28182453,28182.453,2724,0,gap,14
4263,28186476,28186.476,2706,0,gap,14
4264,28198432,28198.432,2672,0,gap,14
4265,28202470,28202.47,2625,0,gap,14
4266,28206508,28206.508,2619,0,gap,14
4267,28218424,28218.424,2559,0,gap,14
4268,28222472,28222.472,2579,0,gap,14
4269,28226515,28226.515,2554,0,gap,14
4270,28238432,28238.432,2507,0,gap,14
4271,28242494,28242.494,2491,0,gap,14
4272,28246547,28246.547,2469,0,gap,14
4273,28258424,28258.424,2448,0,gap,14
4274,28262491,28262.491,2437,0,gap,14
4275,28266554,28266.554,2416,0,gap,14
4276,28278432,28278.432,2387,0,gap,14
4277,28282513,28282.513,2370,0,gap,14
4278,28286586,28286.586,2362,0,gap,14
4279,28298424,28298.424,2323,0,gap,14
4280,28302511,28302.511,2309,0,gap,14
4281,28306593,28306.593,2288,0,gap,14
4282,28318432,28318.432,2259,0,gap,14
4283,28325298,28325.298,2247,0,gap,14
4284,28329134,28329.134,2218,0,gap,14
4285,28338424,28338.424,2206,0,gap,14
4286,28342258,28342.258,2188,0,gap,14
4287,28348428,28348.428,2163,0,gap,14
4288,28358432,28358.432,2159,0,gap,14
4289,28362283,28362.283,2135,0,gap,14
4290,28368432,28368.432,2109,0,gap,14
4291,28378424,28378.424,2089,0,gap,14
4292,28382286,28382.286,2058,0,gap,14
4293,28388424,28388.424,2045,0,gap,14
4294,28398432,28398.432,2013,0,gap,14
4295,28402309,28402.309,2002,0,gap,14
4296,28408432,28408.432,1999,0,gap,14
4297,28418424,28418.424,1959,0,gap,14
4298,28422315,28422.315,1945,0,gap,14
4299,28428424,28428.424,1927,0,gap,14
4300,28438432,28438.432,1895,0,gap,14
4301,28442329,28442.329,1878,0,gap,14
4302,28448432,28448.432,1861,0,gap,14
4303,28458428,28458.428,1849,0,gap,14
4304,28462336,28462.336,1823,0,gap,14
4305,28468423,28468.423,1811,0,gap,14
4306,28478432,28478.432,1791,0,gap,14
4307,28482357,28482.357,1770,0,gap,14
4308,28488431,28488.431,1759,0,gap,14
4309,28498424,28498.424,1731,0,gap,14
4310,28502384,28502.384,1733,0,gap,14
4311,28508423,28508.423,1712,0,gap,14
4312,28518432,28518.432,1696,0,gap,14
4313,28522404,28522.404,1671,0,gap,14
4314,28528431,28528.431,1654,0,gap,14
4315,28538424,28538.424,1627,0,gap,14
4316,28542405,28542.405,1624,0,gap,14
4317,28548423,28548.423,1600,0,gap,14
4318,28558432,28558.432,1598,0,gap,14
4319,28562435,28562.435,1565,0,gap,14
4320,28568415,28568.415,1535,0,gap,14
4321,28578424,28578.424,1522,0,gap,14
4322,28582445,28582.445,1502,0,gap,14
4323,28586461,28586.461,1489,0,gap,14
4324,28598433,28598.433,1477,0,gap,14
4325,28602468,28602.468,1454,0,gap,14
4326,28606494,28606.494,1456,0,gap,14
4327,28618425,28618.425,1419,0,gap,14
4328,28622465,28622.465,1414,0,gap,14
4329,28626501,28626.501,1397,0,gap,14
4330,28638433,28638.433,1389,0,gap,14
4331,28642483,28642.483,1374,0,gap,14
4332,28646528,28646.528,1342,0,gap,14
4333,28658425,28658.425,1342,0,gap,14
4334,28662485,28662.485,1328,0,gap,14
4335,28666544,28666.544,1297,0,gap,14
4336,28678433,28678.433,1295,0,gap,14
4337,28682502,28682.502,1277,0,gap,14
4338,28686567,28686.567,1261,0,gap,14
4339,28698425,28698.425,1237,0,gap,14
4340,28702504,28702.504,1234,0,gap,14
4341,28706583,28706.583,1227,0,gap,14
4342,28718433,28718.433,1200,0,gap,14
4343,28722522,28722.522,1209,0,gap,14
4344,28726606,28726.606,1188,0,gap,14
4345,28733451,28733.451,1168,0,gap,14
4346,28748432,28748.432,1156,0,gap,14
4347,28752260,28752.26,1136,0,gap,14
4348,28756084,28756.084,1136,0,gap,14
4349,28768424,28768.424,1121,0,gap,14
4350,28772265,28772.265,1098,0,gap,14
4351,28776113,28776.113,1102,0,gap,14
4352,28788432,28788.432,1084,0,gap,14
4353,28792291,28792.291,1078,0,gap,14
4354,28796139,28796.139,1062,0,gap,14
4355,28808424,28808.424,1060,0,gap,14
4356,28812290,28812.29,1031,0,gap,14
4357,28816159,28816.159,1006,0,gap,14
4358,28828432,28828.432,1018,0,gap,14
4359,28832314,28832.314,992,0,gap,14
4360,28836190,28836.19,982,0,gap,14
4361,28848424,28848.424,975,0,gap,14
4362,28852318,28852.318,947,0,gap,14
4363,28856204,28856.204,953,0,gap,14
4364,28868432,28868.432,949,0,gap,14
4365,28872333,28872.333,942,0,gap,14
4366,28876229,28876.229,930,0,gap,14
4367,28888428,28888.428,926,0,gap,14
4368,28892339,28892.339,891,0,gap,14
4369,28896247,28896.247,880,0,gap,14
4370,28908431,28908.431,896,0,gap,14
4371,28912385,28912.385,875,0,gap,14
4372,28916334,28916.334,835,0,gap,14
4373,28928423,28928.423,880,0,gap,14
4374,28932387,28932.387,820,0,gap,14
4375,28936348,28936.348,827,0,gap,14
4376,28948431,28948.431,829,0,gap,14
4377,28952406,28952.406,794,0,gap,14
4378,28956380,28956.38,816,0,gap,14
4379,28968423,28968.423,801,0,gap,14
4380,28972412,28972.412,797,0,gap,14
4381,28976401,28976.401,782,0,gap,14
4382,28988431,28988.431,784,0,gap,14
4383,28992450,28992.45,768,0,gap,14
4384,28996460,28996.46,748,0,gap,14
4385,29008423,29008.423,775,0,gap,14
4386,29012448,29012.448,725,0,gap,14
4387,29016467,29016.467,711,0,gap,14
4388,29028431,29028.431,752,0,gap,14
4389,29032470,29032.47,704,0,gap,14
4390,29036499,29036.499,706,0,gap,14
4391,29048423,29048.423,719,0,gap,14
4392,29052467,29052.467,684,0,gap,14
4393,29056506,29056.506,695,0,gap,14
4394,29068431,29068.431,695,0,gap,14
4395,29072485,29072.485,683,0,gap,14
4396,29076534,29076.534,656,0,gap,14
4397,29088423,29088.423,672,0,gap,14
4398,29092487,29092.487,643,0,gap,14
4399,29096549,29096.549,629,0,gap,14
4400,29108431,29108.431,686,0,gap,14
4401,29112504,29112.504,627,0,gap,14
4402,29116573,29116.573,607,0,gap,14
4403,29128423,29128.423,647,0,gap,14
4404,29132506,29132.506,592,0,gap,14
4405,29136588,29136.588,606,0,gap,14
4406,29148431,29148.431,618,0,gap,14
4407,29152524,29152.524,579,0,gap,14
4408,29159422,29159.422,619,0,gap,14
4409,29163252,29163.252,565,0,gap,14
4410,29168432,29168.432,570,0,gap,14
4411,29178425,29178.425,603,0,gap,14
4412,29182266,29182.266,558,0,gap,14
4413,29188424,29188.424,578,0,gap,14
4414,29198432,29198.432,574,0,gap,14
4415,29202289,29202.289,543,0,gap,14
4416,29208432,29208.432,567,0,gap,14
4417,29218424,29218.424,566,0,gap,14
4418,29222291,29222.291,528,0,gap,14
4419,29228424,29228.424,530,0,gap,14
4420,29238432,29238.432,574,0,gap,14
4421,29242319,29242.319,498,0,gap,14
4422,29248431,29248.431,498,0,gap,14
4423,29258424,29258.424,562,0,gap,14
4424,29262308,29262.308,480,0,gap,14
4425,29268411,29268.411,491,0,gap,14
4426,29278431,29278.431,534,0,gap,14
4427,29282334,29282.334,465,0,gap,14
4428,29286225,29286.225,477,0,gap,14
4429,29298425,29298.425,507,0,gap,14
4430,29302331,29302.331,448,0,gap,14
4431,29306244,29306.244,462,0,gap,14
4432,29318433,29318.433,477,0,gap,14
4433,29322390,29322.39,463,0,gap,14
4434,29326333,29326.333,443,0,gap,14
4435,29338424,29338.424,500,0,gap,14
4436,29342382,29342.382,446,0,gap,14
4437,29346347,29346.347,410,0,gap,14
4438,29358432,29358.432,482,0,gap,14
4439,29362409,29362.409,425,0,gap,14
4440,29366373,29366.373,400,0,gap,14
4441,29378424,29378.424,487,0,gap,14
4442,29382406,29382.406,398,0,gap,14
4443,29386401,29386.401,411,0,gap,14
4444,29398431,29398.431,455,0,gap,14
4445,29402448,29402.448,391,0,gap,14
4446,29406452,29406.452,406,0,gap,14
4447,29418427,29418.427,437,0,gap,14
4448,29422446,29422.446,397,0,gap,14
4449,29426468,29426.468,391,0,gap,14
4450,29438431,29438.431,443,0,gap,14
4451,29442467,29442.467,385,0,gap,14
4452,29446491,29446.491,361,0,gap,14
4453,29458423,29458.423,449,0,gap,14
4454,29462461,29462.461,365,0,gap,14
4455,29466502,29466.502,341,0,gap,14
4456,29478431,29478.431,432,0,gap,14
4457,29482487,29482.487,335,0,gap,14
4458,29486534,29486.534,352,0,gap,14
4459,29498423,29498.423,394,0,gap,14
4460,29502485,29502.485,341,0,gap,14
4461,29506550,29506.55,355,0,gap,14
4462,29518431,29518.431,388,0,gap,14
4463,29522511,29522.511,354,0,gap,14
4464,29526573,29526.573,331,0,gap,14
4465,29538423,29538.423,395,0,gap,14
4466,29542500,29542.5,337,0,gap,14
4467,29546580,29546.58,330,0,gap,14
4468,29558431,29558.431,394,0,gap,14
4469,29562530,29562.53,317,0,gap,14
4470,29566612,29566.612,298,0,gap,14
4471,29573478,29573.478,364,0,gap,14
4472,29578431,29578.431,320,0,gap,14
4473,29588425,29588.425,352,0,gap,14
4474,29592263,29592.263,305,0,gap,14
4475,29598424,29598.424,305,0,gap,14
4476,29608432,29608.432,379,0,gap,14
4477,29612282,29612.282,291,0,gap,14
4478,29618432,29618.432,304,0,gap,14
4479,29628428,29628.428,349,0,gap,14
4480,29632289,29632.289,258,0,gap,14
4481,29638423,29638.423,325,0,gap,14
4482,29648432,29648.432,324,0,gap,14
4483,29652307,29652.307,275,0,gap,14
4484,29658415,29658.415,323,0,gap,14
4485,29668423,29668.423,325,0,gap,14
4486,29672310,29672.31,287,0,gap,14
4487,29676191,29676.191,272,0,gap,14
4488,29688433,29688.433,339,0,gap,14
4489,29692329,29692.329,256,0,gap,14
4490,29696225,29696.225,243,0,gap,14
4491,29708425,29708.425,345,0,gap,14
4492,29712332,29712.332,254,0,gap,14
4493,29716235,29716.235,234,0,gap,14
4494,29728432,29728.432,334,0,gap,14
4495,29732362,29732.362,221,0,gap,14
4496,29736324,29736.324,241,0,gap,14
4497,29748424,29748.424,302,0,gap,14
4498,29752383,29752.383,242,0,gap,14
4499,29756338,29756.338,254,0,gap,14
4500,29768432,29768.432,285,0,gap,14
4501,29772410,29772.41,255,0,gap,14
4502,29776372,29776.372,239,0,gap,14
4503,29788423,29788.423,293,0,gap,14
4504,29792400,29792.4,237,0,gap,14
4505,29796383,29796.383,219,0,gap,14
4506,29808431,29808.431,325,0,gap,14
4507,29812434,29812.434,220,0,gap,14
4508,29816436,29816.436,202,0,gap,14
4509,29828423,29828.423,311,0,gap,14
4510,29832439,29832.439,202,0,gap,14
4511,29836463,29836.463,215,0,gap,14
4512,29848431,29848.431,267,0,gap,14
4513,29852465,29852.465,205,0,gap,14
4514,29856486,29856.486,230,0,gap,14
4515,29868423,29868.423,253,0,gap,14
4516,29872459,29872.459,213,0,gap,14
4517,29876502,29876.502,212,0,gap,14
4518,29888431,29888.431,278,0,gap,14
4519,29892485,29892.485,208,0,gap,14
4520,29896525,29896.525,174,0,gap,14
4521,29908423,29908.423,292,0,gap,14
4522,29912482,29912.482,188,0,gap,14
4523,29916541,29916.541,179,0,gap,14
4524,29928431,29928.431,288,0,gap,14
4525,29932504,29932.504,172,0,gap,14
4526,29936564,29936.564,182,0,gap,14
4527,29948427,29948.427,1923,1,pulse,15
4528,29952595,29952.595,4095,1,pulse,15
4529,29956615,29956.615,4095,1,pulse,15
4530,29968428,29968.428,4095,1,pulse,15
4531,29972455,29972.455,4095,1,pulse,15
4532,29976474,29976.474,4095,1,pulse,15
4533,29983269,29983.269,4095,1,pulse,15
4534,29998428,29998.428,4095,0,gap,15
4535,30002415,30002.415,3024,0,gap,15
4536,30006249,30006.249,2887,0,gap,15
4537,30018424,30018.424,2769,0,gap,15
4538,30022275,30022.275,2757,0,gap,15
4539,30026129,30026.129,2704,0,gap,15
4540,30038432,30038.432,2672,0,gap,15
4541,30042301,30042.301,2659,0,gap,15
4542,30046163,30046.163,2624,0,gap,15
4543,30058424,30058.424,2605,0,gap,15
4544,30062297,30062.297,2559,0,gap,15
4545,30066173,30066.173,2553,0,gap,15
4546,30078432,30078.432,2516,0,gap,15
4547,30082327,30082.327,2493,0,gap,15
4548,30086214,30086.214,2487,0,gap,15
4549,30098424,30098.424,2454,0,gap,15
4550,30102325,30102.325,2439,0,gap,15
4551,30106222,30106.222,2426,0,gap,15
4552,30118432,30118.432,2398,0,gap,15
4553,30122347,30122.347,2397,0,gap,15
4554,30126255,30126.255,2354,0,gap,15
4555,30138424,30138.424,2335,0,gap,15
4556,30142346,30142.346,2309,0,gap,15
4557,30146265,30146.265,2288,0,gap,15
4558,30158436,30158.436,2279,0,gap,15
4559,30162400,30162.4,2256,0,gap,15
4560,30166359,30166.359,2238,0,gap,15
4561,30178424,30178.424,2215,0,gap,15
4562,30182394,30182.394,2193,0,gap,15
4563,30186373,30186.373,2176,0,gap,15
4564,30198432,30198.432,2154,0,gap,15
4565,30202421,30202.421,2149,0,gap,15
4566,30206398,30206.398,2113,0,gap,15
4567,30218424,30218.424,2086,0,gap,15
4568,30222424,30222.424,2065,0,gap,15
4569,30226431,30226.431,2075,0,gap,15
4570,30238432,30238.432,2027,0,gap,15
4571,30242461,30242.461,2011,0,gap,15
4572,30246478,30246.478,2000,0,gap,15
4573,30258424,30258.424,1969,0,gap,15
4574,30262459,30262.459,1937,0,gap,15
4575,30266494,30266.494,1938,0,gap,15
4576,30278431,30278.431,1915,0,gap,15
4577,30282481,30282.481,1902,0,gap,15
4578,30286517,30286.517,1873,0,gap,15
4579,30298428,30298.428,1859,0,gap,15
4580,30302479,30302.479,1827,0,gap,15
4581,30306533,30306.533,1819,0,gap,15
4582,30318431,30318.431,1801,0,gap,15
4583,30322500,30322.5,1791,0,gap,15
4584,30326556,30326.556,1776,0,gap,15
4585,30338423,30338.423,1742,0,gap,15
4586,30342494,30342.494,1729,0,gap,15
4587,30346568,30346.568,1723,0,gap,15
4588,30358431,30358.431,1708,0,gap,15
4589,30362520,30362.52,1680,0,gap,15
4590,30366599,30366.599,1652,0,gap,15
4591,30378423,30378.423,1639,0,gap,15
4592,30382514,30382.514,1617,0,gap,15
4593,30386607,30386.607,1616,0,gap,15
4594,30398431,30398.431,1584,0,gap,15
4595,30402545,30402.545,1584,0,gap,15
4596,30409407,30409.407,1565,0,gap,15
4597,30413252,30413.252,1535,0,gap,15
4598,30418432,30418.432,1521,0,gap,15
4599,30428425,30428.425,1491,0,gap,15
4600,30432275,30432.275,1472,0,gap,15
4601,30438425,30438.425,1483,0,gap,15
4602,30448433,30448.433,1455,0,gap,15
4603,30452301,30452.301,1451,0,gap,15
4604,30458432,30458.432,1425,0,gap,15
4605,30468425,30468.425,1397,0,gap,15
4606,30472305,30472.305,1391,0,gap,15
4607,30478424,30478.424,1377,0,gap,15
4608,30488433,30488.433,1365,0,gap,15
4609,30492327,30492.327,1344,0,gap,15
4610,30498432,30498.432,1328,0,gap,15
4611,30508429,30508.429,1329,0,gap,15
4612,30512326,30512.326,1296,0,gap,15
4613,30518424,30518.424,1288,0,gap,15
4614,30528433,30528.433,1271,0,gap,15
4615,30532347,30532.347,1247,0,gap,15
4616,30538432,30538.432,1251,0,gap,15
4617,30548425,30548.425,1219,0,gap,15
4618,30552342,30552.342,1216,0,gap,15
4619,30558424,30558.424,1215,0,gap,15
4620,30568433,30568.433,1200,0,gap,15
4621,30572393,30572.393,1181,0,gap,15
4622,30578436,30578.436,1162,0,gap,15
4623,30588424,30588.424,1153,0,gap,15
4624,30592395,30592.395,1133,0,gap,15
4625,30598424,30598.424,1120,0,gap,15
4626,30608432,30608.432,1135,0,gap,15
4627,30612425,30612.425,1095,0,gap,15
4628,30618432,30618.432,1088,0,gap,15
4629,30628424,30628.424,1083,0,gap,15
4630,30632415,30632.415,1059,0,gap,15
4631,30638424,30638.424,1067,0,gap,15
4632,30648432,30648.432,1044,0,gap,15
4633,30652471,30652.471,1039,0,gap,15
4634,30658432,30658.432,1019,0,gap,15
4635,30668424,30668.424,1008,0,gap,15
4636,30672454,30672.454,990,0,gap,15
4637,30678423,30678.423,976,0,gap,15
4638,30688436,30688.436,982,0,gap,15
4639,30692483,30692.483,960,0,gap,15
4640,30698431,30698.431,926,0,gap,15
4641,30708424,30708.424,946,0,gap,15
4642,30712472,30712.472,923,0,gap,15
4643,30716528,30716.528,909,0,gap,15
4644,30728433,30728.433,912,0,gap,15
4645,30732499,30732.499,880,0,gap,15
4646,30736553,30736.553,884,0,gap,15
4647,30748425,30748.425,873,0,gap,15
4648,30752493,30752.493,866,0,gap,15
4649,30756568,30756.568,871,0,gap,15
4650,30768432,30768.432,855,0,gap,15
4651,30772518,30772.518,842,0,gap,15
4652,30776591,30776.591,820,0,gap,15
4653,30788424,30788.424,849,0,gap,15
4654,30792516,30792.516,819,0,gap,15
4655,30796606,30796.606,783,0,gap,15
4656,30808432,30808.432,809,0,gap,15
4657,30812537,30812.537,775,0,gap,15
4658,30819405,30819.405,785,0,gap,15
4659,30823274,30823.274,773,0,gap,15
4660,30828432,30828.432,762,0,gap,15
4661,30838425,30838.425,783,0,gap,15
4662,30842268,30842.268,742,0,gap,15
4663,30848424,30848.424,723,0,gap,15
4664,30858432,30858.432,755,0,gap,15
4665,30862302,30862.302,698,0,gap,15
4666,30868432,30868.432,711,0,gap,15
4667,30878424,30878.424,715,0,gap,15
4668,30882297,30882.297,671,0,gap,15
4669,30888424,30888.424,695,0,gap,15
4670,30898436,30898.436,690,0,gap,15
4671,30902327,30902.327,662,0,gap,15
4672,30908431,30908.431,685,0,gap,15
4673,30918424,30918.424,678,0,gap,15
4674,30922317,30922.317,652,0,gap,15
4675,30926219,30926.219,647,0,gap,15
4676,30938433,30938.433,671,0,gap,15
4677,30942344,30942.344,631,0,gap,15
4678,30946244,30946.244,598,0,gap,15
4679,30958425,30958.425,663,0,gap,15
4680,30962339,30962.339,597,0,gap,15
4681,30966261,30966.261,589,0,gap,15
4682,30978433,30978.433,631,0,gap,15
4683,30982390,30982.39,591,0,gap,15
4684,30986342,30986.342,594,0,gap,15
4685,30998424,30998.424,592,0,gap,15
4686,31002395,31002.395,573,0,gap,15
4687,31006365,31006.365,578,0,gap,15
4688,31018432,31018.432,586,0,gap,15
4689,31022417,31022.417,560,0,gap,15
4690,31026391,31026.391,565,0,gap,15
4691,31038428,31038.428,594,0,gap,15
4692,31042415,31042.415,539,0,gap,15
4693,31046415,31046.415,535,0,gap,15
4694,31058431,31058.431,581,0,gap,15
4695,31062451,31062.451,506,0,gap,15
4696,31066464,31066.464,499,0,gap,15
4697,31078423,31078.423,576,0,gap,15
4698,31082450,31082.45,495,0,gap,15
4699,31086481,31086.481,499,0,gap,15
4700,31098431,31098.431,544,0,gap,15
4701,31102476,31102.476,491,0,gap,15
4702,31106512,31106.512,495,0,gap,15
4703,31118423,31118.423,525,0,gap,15
4704,31122470,31122.47,490,0,gap,15
4705,31126520,31126.52,465,0,gap,15
4706,31138431,31138.431,526,0,gap,15
4707,31142500,31142.5,466,0,gap,15
4708,31146551,31146.551,442,0,gap,15
4709,31158423,31158.423,511,0,gap,15
4710,31162489,31162.489,434,0,gap,15
4711,31166559,31166.559,420,0,gap,15
4712,31178431,31178.431,501,0,gap,15
4713,31182519,31182.519,421,0,gap,15
4714,31186590,31186.59,435,0,gap,15
4715,31198423,31198.423,448,0,gap,15
4716,31202509,31202.509,413,0,gap,15
4717,31206598,31206.598,431,0,gap,15
4718,31218435,31218.435,455,0,gap,15
4719,31222539,31222.539,431,0,gap,15
4720,31229395,31229.395,421,0,gap,15
4721,31233261,31233.261,381,0,gap,15
4722,31238432,31238.432,432,0,gap,15
4723,31248429,31248.429,422,0,gap,15
4724,31252272,31252.272,385,0,gap,15
4725,31258424,31258.424,432,0,gap,15
4726,31268432,31268.432,418,0,gap,15
4727,31272294,31272.294,391,0,gap,15
4728,31278432,31278.432,404,0,gap,15
4729,31288424,31288.424,431,0,gap,15
4730,31292298,31292.298,368,0,gap,15
4731,31298424,31298.424,368,0,gap,15
4732,31308432,31308.432,434,0,gap,15
4733,31312323,31312.323,352,0,gap,15
4734,31318435,31318.435,368,0,gap,15
4735,31328424,31328.424,397,0,gap,15
4736,31332321,31332.321,318,0,gap,15
4737,31336217,31336.217,342,0,gap,15
4738,31348433,31348.433,380,0,gap,15
4739,31352349,31352.349,336,0,gap,15
4740,31356252,31356.252,363,0,gap,15
4741,31368425,31368.425,375,0,gap,15
4742,31372339,31372.339,342,0,gap,15
4743,31376256,31376.256,335,0,gap,15
4744,31388433,31388.433,400,0,gap,15
4745,31392394,31392.394,318,0,gap,15
4746,31396346,31396.346,290,0,gap,15
4747,31408424,31408.424,409,0,gap,15
4748,31412390,31412.39,290,0,gap,15
4749,31416360,31416.36,297,0,gap,15
4750,31428436,31428.436,365,0,gap,15
4751,31432422,31432.422,286,0,gap,15
4752,31436394,31436.394,304,0,gap,15
4753,31448424,31448.424,336,0,gap,15
4754,31452411,31452.411,288,0,gap,15
4755,31456410,31456.41,315,0,gap,15
4756,31468431,31468.431,336,0,gap,15
4757,31472450,31472.45,303,0,gap,15
4758,31476463,31476.463,297,0,gap,15
4759,31488423,31488.423,373,0,gap,15
4760,31492450,31492.45,279,0,gap,15
4761,31496485,31496.485,263,0,gap,15
4762,31508431,31508.431,368,0,gap,15
4763,31512476,31512.476,267,0,gap,15
4764,31516508,31516.508,247,0,gap,15
4765,31528423,31528.423,343,0,gap,15
4766,31532474,31532.474,237,0,gap,15
4767,31536524,31536.524,273,0,gap,15
4768,31548431,31548.431,308,0,gap,15
4769,31552495,31552.495,270,0,gap,15
4770,31556547,31556.547,266,0,gap,15
4771,31568427,31568.427,291,0,gap,15
4772,31572493,31572.493,265,0,gap,15
4773,31576563,31576.563,243,0,gap,15
4774,31588431,31588.431,336,0,gap,15
4775,31592515,31592.515,242,0,gap,15
4776,31596586,31596.586,217,0,gap,15
4777,31608423,31608.423,333,0,gap,15
4778,31612509,31612.509,215,0,gap,15
4779,31616597,31616.597,210,0,gap,15
4780,31628431,31628.431,315,0,gap,15
4781,31632535,31632.535,212,0,gap,15
4782,31636631,31636.631,222,0,gap,15
4783,31643531,31643.531,272,0,gap,15
4784,31648431,31648.431,208,0,gap,15
4785,31658425,31658.425,318,0,gap,15
4786,31662264,31662.264,192,0,gap,15
4787,31668428,31668.428,239,0,gap,15
4788,31678432,31678.432,278,0,gap,15
4789,31682295,31682.295,191,0,gap,15
4790,31688432,31688.432,263,0,gap,15
4791,31698424,31698.424,237,0,gap,15
4792,31702291,31702.291,199,0,gap,15
4793,31708423,31708.423,248,0,gap,15
4794,31718432,31718.432,253,0,gap,15
4795,31722321,31722.321,207,0,gap,15
4796,31728415,31728.415,221,0,gap,15
4797,31738423,31738.423,262,0,gap,15
4798,31742320,31742.32,207,0,gap,15
4799,31746215,31746.215,176,0,gap,15
4800,31758433,31758.433,291,0,gap,15
4801,31762342,31762.342,176,0,gap,15
4802,31766240,31766.24,174,0,gap,15
4803,31778429,31778.429,272,0,gap,15
4804,31782341,31782.341,171,0,gap,15
4805,31786257,31786.257,192,0,gap,15
4806,31798432,31798.432,248,0,gap,15
4807,31802370,31802.37,176,0,gap,15
4808,31806332,31806.332,194,0,gap,15
4809,31818424,31818.424,223,0,gap,15
4810,31822389,31822.389,193,0,gap,15
4811,31826354,31826.354,179,0,gap,15
4812,31838432,31838.432,270,0,gap,15
4813,31842412,31842.412,177,0,gap,15
4814,31846392,31846.392,145,0,gap,15
4815,31858423,31858.423,258,0,gap,15
4816,31862413,31862.413,155,0,gap,15
4817,31866399,31866.399,137,0,gap,15
4818,31878431,31878.431,235,0,gap,15
4819,31882444,31882.444,141,0,gap,15
4820,31886459,31886.459,169,0,gap,15
4821,31898423,31898.423,210,0,gap,15
4822,31902453,31902.453,160,0,gap,15
4823,31906478,31906.478,171,0,gap,15
4824,31918431,31918.431,220,0,gap,15
4825,31922475,31922.475,173,0,gap,15
4826,31926509,31926.509,154,0,gap,15
4827,31938423,31938.423,231,0,gap,15
4828,31942472,31942.472,150,0,gap,15
4829,31946517,31946.517,134,0,gap,15
4830,31958435,31958.435,243,0,gap,15
4831,31962494,31962.494,131,0,gap,15
4832,31966548,31966.548,118,0,gap,15
4833,31978423,31978.423,222,0,gap,15
4834,31982492,31982.492,113,0,gap,15
4835,31986560,31986.56,131,0,gap,15
4836,31998431,31998.431,199,0,gap,15
4837,32002510,32002.51,143,0,gap,15
4838,32006583,32006.583,157,0,gap,15
4839,32018423,32018.423,191,0,gap,15
4840,32022511,32022.511,155,0,gap,15
4841,32026599,32026.599,115,0,gap,15
4842,32038431,32038.431,208,0,gap,15
4843,32042530,32042.53,135,0,gap,15
4844,32046632,32046.632,106,0,gap,15
4845,32053494,32053.494,162,0,gap,15
4846,32058435,32058.435,145,0,gap,15
4847,32068425,32068.425,167,0,gap,15
4848,32072266,32072.266,128,0,gap,15
4849,32078424,32078.424,142,0,gap,15
4850,32088432,32088.432,203,0,gap,15
4851,32092298,32092.298,128,0,gap,15
4852,32098432,32098.432,119,0,gap,15
4853,32108424,32108.424,203,0,gap,15
4854,32112289,32112.289,91,0,gap,15
4855,32118423,32118.423,137,0,gap,15
4856,32128432,32128.432,176,1,pulse,16
4857,32132410,32132.41,4095,1,pulse,16
4858,32138427,32138.427,4095,1,pulse,16
4859,32148420,32148.42,4095,1,pulse,16
4860,32152248,32152.248,4095,1,pulse,16
4861,32158424,32158.424,4095,1,pulse,16
4862,32168428,32168.428,4095,0,gap,16
4863,32172492,32172.492,2988,0,gap,16
4864,32178432,32178.432,2864,0,gap,16
4865,32188424,32188.424,2780,0,gap,16
4866,32192349,32192.349,2749,0,gap,16
4867,32198424,32198.424,2719,0,gap,16
4868,32208432,32208.432,2684,0,gap,16
4869,32212365,32212.365,2653,0,gap,16
4870,32218431,32218.431,2637,0,gap,16
4871,32228424,32228.424,2611,0,gap,16
4872,32232406,32232.406,2559,0,gap,16
4873,32238423,32238.423,2554,0,gap,16
4874,32248432,32248.432,2527,0,gap,16
4875,32252420,32252.42,2519,0,gap,16
4876,32258431,32258.431,2496,0,gap,16
4877,32268424,32268.424,2459,0,gap,16
4878,32272418,32272.418,2461,0,gap,16
4879,32278423,32278.423,2420,0,gap,16
4880,32288432,32288.432,2411,0,gap,16
4881,32292445,32292.445,2384,0,gap,16
4882,32298435,32298.435,2375,0,gap,16
4883,32308424,32308.424,2343,0,gap,16
4884,32312462,32312.462,2325,0,gap,16
4885,32318411,32318.411,2288,0,gap,16
4886,32328432,32328.432,2274,0,gap,16
4887,32332480,32332.48,2262,0,gap,16
4888,32336527,32336.527,2246,0,gap,16
4889,32348425,32348.425,2214,0,gap,16
4890,32352483,32352.483,2197,0,gap,16
4891,32356532,32356.532,2175,0,gap,16
4892,32368433,32368.433,2162,0,gap,16
4893,32372501,32372.501,2142,0,gap,16
4894,32376564,32376.564,2125,0,gap,16
4895,32388425,32388.425,2096,0,gap,16
4896,32392502,32392.502,2082,0,gap,16
4897,32396575,32396.575,2064,0,gap,16
4898,32408437,32408.437,2041,0,gap,16
4899,32412520,32412.52,2015,0,gap,16
4900,32416602,32416.602,1998,0,gap,16
4901,32428425,32428.425,1981,0,gap,16
4902,32432518,32432.518,1968,0,gap,16
4903,32436610,32436.61,1947,0,gap,16
4904,32448433,32448.433,1913,0,gap,16
4905,32452535,32452.535,1897,0,gap,16
4906,32456638,32456.638,1890,0,gap,16
4907,32468425,32468.425,1857,0,gap,16
4908,32475344,32475.344,1840,0,gap,16
4909,32479202,32479.202,1819,0,gap,16
4910,32488432,32488.432,1795,0,gap,16
4911,32492286,32492.286,1790,0,gap,16
4912,32498432,32498.432,1767,0,gap,16
4913,32508424,32508.424,1744,0,gap,16
4914,32512295,32512.295,1726,0,gap,16
4915,32518424,32518.424,1718,0,gap,16
4916,32528432,32528.432,1701,0,gap,16
4917,32532310,32532.31,1674,0,gap,16
4918,32538432,32538.432,1668,0,gap,16
4919,32548424,32548.424,1650,0,gap,16
4920,32552324,32552.324,1629,0,gap,16
4921,32558424,32558.424,1618,0,gap,16
4922,32568432,32568.432,1613,0,gap,16
4923,32572335,32572.335,1586,0,gap,16
4924,32578432,32578.432,1535,0,gap,16
4925,32588424,32588.424,1552,0,gap,16
4926,32592336,32592.336,1517,0,gap,16
4927,32598424,32598.424,1503,0,gap,16
4928,32608432,32608.432,1492,0,gap,16
4929,32612355,32612.355,1465,0,gap,16
4930,32618436,32618.436,1456,0,gap,16
4931,32628424,32628.424,1445,0,gap,16
4932,32632363,32632.363,1427,0,gap,16
4933,32638423,32638.423,1423,0,gap,16
4934,32648432,32648.432,1388,0,gap,16
4935,32652411,32652.411,1375,0,gap,16
4936,32658431,32658.431,1360,0,gap,16
4937,32668424,32668.424,1360,0,gap,16
4938,32672407,32672.407,1341,0,gap,16
4939,32678423,32678.423,1322,0,gap,16
4940,32688432,32688.432,1304,0,gap,16
4941,32692436,32692.436,1281,0,gap,16
4942,32698431,32698.431,1271,0,gap,16
4943,32708424,32708.424,1275,0,gap,16
4944,32712442,32712.442,1239,0,gap,16
4945,32718411,32718.411,1235,0,gap,16
4946,32728436,32728.436,1223,0,gap,16
4947,32732479,32732.479,1197,0,gap,16
4948,32736511,32736.511,1195,0,gap,16
4949,32748425,32748.425,1167,0,gap,16
4950,32752471,32752.471,1168,0,gap,16
4951,32756520,32756.52,1168,0,gap,16
4952,32768433,32768.433,1150,0,gap,16
4953,32772496,32772.496,1127,0,gap,16
4954,32776547,32776.547,1106,0,gap,16
4955,32788425,32788.425,1101,0,gap,16
4956,32792486,32792.486,1086,0,gap,16
4957,32796559,32796.559,1069,0,gap,16
4958,32808433,32808.433,1067,0,gap,16
4959,32812516,32812.516,1044,0,gap,16
4960,32816586,32816.586,1023,0,gap,16
4961,32828425,32828.425,1052,0,gap,16
4962,32832510,32832.51,1002,0,gap,16
4963,32836598,32836.598,1001,0,gap,16
4964,32848433,32848.433,983,0,gap,16
4965,32852534,32852.534,969,0,gap,16
4966,32856623,32856.623,976,0,gap,16
4967,32868424,32868.424,967,0,gap,16
4968,32872532,32872.532,961,0,gap,16
4969,32876634,32876.634,929,0,gap,16
4970,32883491,32883.491,929,0,gap,16
4971,32898423,32898.423,912,0,gap,16
4972,32902266,32902.266,896,0,gap,16
4973,32906113,32906.113,885,0,gap,16
4974,32918432,32918.432,890,0,gap,16
4975,32922295,32922.295,882,0,gap,16
4976,32926155,32926.155,854,0,gap,16
4977,32938424,32938.424,876,0,gap,16
4978,32942298,32942.298,843,0,gap,16
4979,32946165,32946.165,822,0,gap,16
4980,32958432,32958.432,851,0,gap,16
4981,32962316,32962.316,808,0,gap,16
4982,32966193,32966.193,802,0,gap,16
4983,32978424,32978.424,815,0,gap,16
4984,32982324,32982.324,781,0,gap,16
4985,32986220,32986.22,774,0,gap,16
4986,32998432,32998.432,781,0,gap,16
4987,33002342,33002.342,766,0,gap,16
4988,33006244,33006.244,749,0,gap,16
4989,33018423,33018.423,784,0,gap,16
4990,33022341,33022.341,743,0,gap,16
4991,33026261,33026.261,730,0,gap,16
4992,33038431,33038.431,752,0,gap,16
4993,33042367,33042.367,715,0,gap,16
4994,33046295,33046.295,685,0,gap,16
4995,33058423,33058.423,740,0,gap,16
4996,33062393,33062.393,685,0,gap,16
4997,33066362,33066.362,677,0,gap,16
4998,33078431,33078.431,706,0,gap,16
4999,33082419,33082.419,650,0,gap,16
5000,33086399,33086.399,666,0,gap,16
5001,33098423,33098.423,675,0,gap,16
5002,33102414,33102.414,649,0,gap,16
5003,33106408,33106.408,651,0,gap,16
5004,33118431,33118.431,651,0,gap,16
5005,33122448,33122.448,639,0,gap,16
5006,33126452,33126.452,617,0,gap,16
5007,33138423,33138.423,657,0,gap,16
5008,33142454,33142.454,611,0,gap,16
5009,33146487,33146.487,587,0,gap,16
5010,33158435,33158.435,656,0,gap,16
5011,33162479,33162.479,579,0,gap,16
5012,33166515,33166.515,578,0,gap,16
5013,33178423,33178.423,624,0,gap,16
5014,33182473,33182.473,566,0,gap,16
5015,33186526,33186.526,579,0,gap,16
5016,33198431,33198.431,576,0,gap,16
5017,33202503,33202.503,567,0,gap,16
5018,33206562,33206.562,560,0,gap,16
5019,33218423,33218.423,578,0,gap,16
5020,33222493,33222.493,549,0,gap,16
5021,33226565,33226.565,528,0,gap,16
5022,33238431,33238.431,590,0,gap,16
5023,33242518,33242.518,532,0,gap,16
5024,33246593,33246.593,496,0,gap,16
5025,33258423,33258.423,561,0,gap,16
5026,33262516,33262.516,483,0,gap,16
5027,33266604,33266.604,483,0,gap,16
5028,33278431,33278.431,529,0,gap,16
5029,33282538,33282.538,477,0,gap,16
5030,33286628,33286.628,496,0,gap,16
5031,33298423,33298.423,498,0,gap,16
5032,33302537,33302.537,482,0,gap,16
5033,33309458,33309.458,502,0,gap,16
5034,33313304,33313.304,439,0,gap,16
5035,33318424,33318.424,483,0,gap,16
5036,33328433,33328.433,487,0,gap,16
5037,33332302,33332.302,441,0,gap,16
5038,33338432,33338.432,494,0,gap,16
5039,33348425,33348.425,469,0,gap,16
5040,33352293,33352.293,437,0,gap,16
5041,33358424,33358.424,454,0,gap,16
5042,33368436,33368.436,466,0,gap,16
5043,33372323,33372.323,445,0,gap,16
5044,33378432,33378.432,427,0,gap,16
5045,33388424,33388.424,490,0,gap,16
5046,33392315,33392.315,411,0,gap,16
5047,33398423,33398.423,407,0,gap,16
5048,33408432,33408.432,475,0,gap,16
5049,33412340,33412.34,389,0,gap,16
5050,33418415,33418.415,427,0,gap,16
5051,33428423,33428.423,429,0,gap,16
5052,33432338,33432.338,376,0,gap,16
5053,33436256,33436.256,395,0,gap,16
5054,33448433,33448.433,423,0,gap,16
5055,33452367,33452.367,396,0,gap,16
5056,33456288,33456.288,378,0,gap,16
5057,33468425,33468.425,432,0,gap,16
5058,33472392,33472.392,381,0,gap,16
5059,33476359,33476.359,363,0,gap,16
5060,33488432,33488.432,435,0,gap,16
5061,33492410,33492.41,351,0,gap,16
5062,33496387,33496.387,334,0,gap,16
5063,33508424,33508.424,435,0,gap,16
5064,33512421,33512.421,332,0,gap,16
5065,33516405,33516.405,336,0,gap,16
5066,33528432,33528.432,400,0,gap,16
5067,33532430,33532.43,335,0,gap,16
5068,33536437,33536.437,352,0,gap,16
5069,33548423,33548.423,355,0,gap,16
5070,33552460,33552.46,330,0,gap,16
5071,33556492,33556.492,330,0,gap,16
5072,33568431,33568.431,393,0,gap,16
5073,33572473,33572.473,336,0,gap,16
5074,33576511,33576.511,307,0,gap,16
5075,33588423,33588.423,400,0,gap,16
5076,33592475,33592.475,305,0,gap,16
5077,33596519,33596.519,290,0,gap,16
5078,33608431,33608.431,390,0,gap,16
5079,33612493,33612.493,281,0,gap,16
5080,33616554,33616.554,289,0,gap,16
5081,33628423,33628.423,355,0,gap,16
5082,33632495,33632.495,279,0,gap,16
5083,33636562,33636.562,301,0,gap,16
5084,33648431,33648.431,337,0,gap,16
5085,33652516,33652.516,287,0,gap,16
5086,33656593,33656.593,299,0,gap,16
5087,33668423,33668.423,352,0,gap,16
5088,33672518,33672.518,286,0,gap,16
5089,33676609,33676.609,260,0,gap,16
5090,33688435,33688.435,353,0,gap,16
5091,33692532,33692.532,274,0,gap,16
5092,33696624,33696.624,246,0,gap,16
5093,33708423,33708.423,359,0,gap,16
5094,33712534,33712.534,243,0,gap,16
5095,33719412,33719.412,306,0,gap,16
5096,33723287,33723.287,267,0,gap,16
5097,33728424,33728.424,256,0,gap,16
5098,33738433,33738.433,334,0,gap,16
5099,33742290,33742.29,253,0,gap,16
5100,33748432,33748.432,242,0,gap,16
5101,33758425,33758.425,333,0,gap,16
5102,33762288,33762.288,240,0,gap,16
5103,33768424,33768.424,267,0,gap,16
5104,33778432,33778.432,277,0,gap,16
5105,33782316,33782.316,228,0,gap,16
5106,33788436,33788.436,282,0,gap,16
5107,33798424,33798.424,272,0,gap,16
5108,33802317,33802.317,224,0,gap,16
5109,33808423,33808.423,263,0,gap,16
5110,33818432,33818.432,278,0,gap,16
5111,33822339,33822.339,237,0,gap,16
5112,33826245,33826.245,208,0,gap,16
5113,33838425,33838.425,315,0,gap,16
5114,33842339,33842.339,208,0,gap,16
5115,33846248,33846.248,190,0,gap,16
5116,33858433,33858.433,323,0,gap,16
5117,33862361,33862.361,197,0,gap,16
5118,33866280,33866.28,205,0,gap,16
5119,33878425,33878.425,288,0,gap,16
5120,33882388,33882.388,192,0,gap,16
5121,33886350,33886.35,220,0,gap,16
5122,33898436,33898.436,240,0,gap,16
5123,33902412,33902.412,207,0,gap,16
5124,33906388,33906.388,210,0,gap,16
5125,33918424,33918.424,267,0,gap,16
5126,33922411,33922.411,223,0,gap,16
5127,33926398,33926.398,183,0,gap,16
5128,33938432,33938.432,278,0,gap,16
5129,33942432,33942.432,188,0,gap,16
5130,33946429,33946.429,161,0,gap,16
5131,33958423,33958.423,279,0,gap,16
5132,33962448,33962.448,169,0,gap,16
5133,33966475,33966.475,180,0,gap,16
5134,33978431,33978.431,253,0,gap,16
5135,33982472,33982.472,164,0,gap,16
5136,33986508,33986.508,192,0,gap,16
5137,33998423,33998.423,231,0,gap,16
5138,34002478,34002.478,176,0,gap,16
5139,34006524,34006.524,187,1,pulse,17
5140,34018436,34018.436,4095,1,pulse,17
5141,34022439,34022.439,4095,1,pulse,17
5142,34026429,34026.429,4095,1,pulse,17
5143,34038420,34038.42,4095,1,pulse,17
5144,34042425,34042.425,4095,1,pulse,17
5145,34046424,34046.424,4095,0,gap,17
5146,34058445,34058.445,2789,0,gap,17
5147,34062535,34062.535,2759,0,gap,17
5148,34066625,34066.625,2735,0,gap,17
5149,34078424,34078.424,2681,0,gap,17
5150,34082520,34082.52,2659,0,gap,17
5151,34086616,34086.616,2640,0,gap,17
5152,34098432,34098.432,2605,0,gap,17
5153,34102542,34102.542,2605,0,gap,17
5154,34106647,34106.647,2559,0,gap,17
5155,34118424,34118.424,2544,0,gap,17
5156,34122540,34122.54,2522,0,gap,17
5157,34126653,34126.653,2493,0,gap,17
5158,34133547,34133.547,2480,0,gap,17
5159,34138424,34138.424,2462,0,gap,17
5160,34148433,34148.433,2439,0,gap,17
5161,34152297,34152.297,2415,0,gap,17
5162,34158433,34158.433,2399,0,gap,17
5163,34168425,34168.425,2379,0,gap,17
5164,34172306,34172.306,2352,0,gap,17
5165,34178425,34178.425,2321,0,gap,17
5166,34188433,34188.433,2310,0,gap,17
5167,34192325,34192.325,2291,0,gap,17
5168,34198432,34198.432,2258,0,gap,17
5169,34208429,34208.429,2251,0,gap,17
5170,34212331,34212.331,2221,0,gap,17
5171,34218424,34218.424,2202,0,gap,17
5172,34228433,34228.433,2173,0,gap,17
5173,34232346,34232.346,2161,0,gap,17
5174,34238436,34238.436,2151,0,gap,17
5175,34248425,34248.425,2128,0,gap,17
5176,34252351,34252.351,2115,0,gap,17
5177,34258424,34258.424,2094,0,gap,17
5178,34268433,34268.433,2066,0,gap,17
5179,34272366,34272.366,2038,0,gap,17
5180,34278432,34278.432,2032,0,gap,17
5181,34288425,34288.425,2003,0,gap,17
5182,34292375,34292.375,1985,0,gap,17
5183,34298424,34298.424,1984,0,gap,17
5184,34308433,34308.433,1947,0,gap,17
5185,34312422,34312.422,1919,0,gap,17
5186,34318432,34318.432,1915,0,gap,17
5187,34328425,34328.425,1878,0,gap,17
5188,34332422,34332.422,1874,0,gap,17
5189,34338424,34338.424,1849,0,gap,17
5190,34348436,34348.436,1831,0,gap,17
5191,34352451,34352.451,1830,0,gap,17
5192,34358432,34358.432,1806,0,gap,17
5193,34368424,34368.424,1782,0,gap,17
5194,34372449,34372.449,1770,0,gap,17
5195,34378424,34378.424,1747,0,gap,17
5196,34388432,34388.432,1727,0,gap,17
5197,34392499,34392.499,1712,0,gap,17
5198,34398432,34398.432,1685,0,gap,17
5199,34408424,34408.424,1680,0,gap,17
5200,34412481,34412.481,1653,0,gap,17
5201,34418428,34418.428,1647,0,gap,17
5202,34428432,34428.432,1615,0,gap,17
5203,34432506,34432.506,1614,0,gap,17
5204,34438431,34438.431,1603,0,gap,17
5205,34448424,34448.424,1566,0,gap,17
5206,34452504,34452.504,1554,0,gap,17
5207,34458423,34458.423,1535,0,gap,17
5208,34468432,34468.432,1510,0,gap,17
5209,34472526,34472.526,1490,0,gap,17
5210,34478431,34478.431,1483,0,gap,17
5211,34488424,34488.424,1463,0,gap,17
5212,34492524,34492.524,1450,0,gap,17
5213,34498423,34498.423,1431,0,gap,17
5214,34508432,34508.432,1422,0,gap,17
5215,34512545,34512.545,1407,0,gap,17
5216,34518431,34518.431,1389,0,gap,17
5217,34528428,34528.428,1369,0,gap,17
5218,34532539,34532.539,1357,0,gap,17
5219,34538415,34538.415,1346,0,gap,17
5220,34545303,34545.303,1306,0,gap,17
5221,34558424,34558.424,1307,0,gap,17
5222,34562278,34562.278,1282,0,gap,17
5223,34566136,34566.136,1291,0,gap,17
5224,34578432,34578.432,1263,0,gap,17
5225,34582306,34582.306,1253,0,gap,17
5226,34586173,34586.173,1238,0,gap,17
5227,34598424,34598.424,1232,0,gap,17
5228,34602309,34602.309,1211,0,gap,17
5229,34606187,34606.187,1203,0,gap,17
5230,34618432,34618.432,1198,0,gap,17
5231,34622329,34622.329,1177,0,gap,17
5232,34626221,34626.221,1150,0,gap,17
5233,34638428,34638.428,1152,0,gap,17
5234,34642331,34642.331,1121,0,gap,17
5235,34646238,34646.238,1115,0,gap,17
5236,34658432,34658.432,1126,0,gap,17
5237,34662357,34662.357,1079,0,gap,17
5238,34666274,34666.274,1082,0,gap,17
5239,34678424,34678.424,1059,0,gap,17
5240,34682351,34682.351,1043,0,gap,17
5241,34686283,34686.283,1050,0,gap,17
5242,34698432,34698.432,1035,0,gap,17
5243,34702374,34702.374,1010,0,gap,17
5244,34706313,34706.313,999,0,gap,17
5245,34718424,34718.424,1007,0,gap,17
5246,34722404,34722.404,979,0,gap,17
5247,34726386,34726.386,960,0,gap,17
5248,34738431,34738.431,995,0,gap,17
5249,34742429,34742.429,944,0,gap,17
5250,34746415,34746.415,939,0,gap,17
5251,34758423,34758.423,940,0,gap,17
5252,34762428,34762.428,912,0,gap,17
5253,34766424,34766.424,912,0,gap,17
5254,34778435,34778.435,901,0,gap,17
5255,34782458,34782.458,885,0,gap,17
5256,34786477,34786.477,887,0,gap,17
5257,34798423,34798.423,880,0,gap,17
5258,34802468,34802.468,867,0,gap,17
5259,34806503,34806.503,857,0,gap,17
5260,34818431,34818.431,860,0,gap,17
5261,34822485,34822.485,833,0,gap,17
5262,34826530,34826.53,810,0,gap,17
5263,34838423,34838.423,832,0,gap,17
5264,34842487,34842.487,789,0,gap,17
5265,34846550,34846.55,779,0,gap,17
5266,34858431,34858.431,825,0,gap,17
5267,34862505,34862.505,753,0,gap,17
5268,34866570,34866.57,765,0,gap,17
5269,34878423,34878.423,757,0,gap,17
5270,34882511,34882.511,749,0,gap,17
5271,34886589,34886.589,751,0,gap,17
5272,34898431,34898.431,749,0,gap,17
5273,34902524,34902.524,740,0,gap,17
5274,34906608,34906.608,719,0,gap,17
5275,34918423,34918.423,743,0,gap,17
5276,34922530,34922.53,717,0,gap,17
5277,34926624,34926.624,687,0,gap,17
5278,34938431,34938.431,725,0,gap,17
5279,34942544,34942.544,676,0,gap,17
5280,34946652,34946.652,654,0,gap,17
5281,34958427,34958.427,714,0,gap,17
5282,34962547,34962.547,643,0,gap,17
5283,34969437,34969.437,688,0,gap,17
5284,34973302,34973.302,657,0,gap,17
5285,34978424,34978.424,640,0,gap,17
5286,34988437,34988.437,669,0,gap,17
5287,34992308,34992.308,616,0,gap,17
5288,34998432,34998.432,631,0,gap,17
5289,35008425,35008.425,641,0,gap,17
5290,35012304,35012.304,582,0,gap,17
5291,35018424,35018.424,625,0,gap,17
5292,35028432,35028.432,613,0,gap,17
5293,35032327,35032.327,583,0,gap,17
5294,35038432,35038.432,621,0,gap,17
5295,35048424,35048.424,583,0,gap,17
5296,35052333,35052.333,573,0,gap,17
5297,35058427,35058.427,572,0,gap,17
5298,35068432,35068.432,592,0,gap,17
5299,35072347,35072.347,565,0,gap,17
5300,35076257,35076.257,533,0,gap,17
5301,35088425,35088.425,592,0,gap,17
5302,35092355,35092.355,511,0,gap,17
5303,35096280,35096.28,505,0,gap,17
5304,35108433,35108.433,571,0,gap,17
5305,35112369,35112.369,497,0,gap,17
5306,35116300,35116.3,511,0,gap,17
5307,35128425,35128.425,553,0,gap,17
5308,35132405,35132.405,503,0,gap,17
5309,35136382,35136.382,507,0,gap,17
5310,35148432,35148.432,525,0,gap,17
5311,35152424,35152.424,496,0,gap,17
5312,35156412,35156.412,487,0,gap,17
5313,35168428,35168.428,534,0,gap,17
5314,35172435,35172.435,487,0,gap,17
5315,35176437,35176.437,459,0,gap,17
5316,35188432,35188.432,534,0,gap,17
5317,35192444,35192.444,445,0,gap,17
5318,35196457,35196.457,435,0,gap,17
5319,35208423,35208.423,498,0,gap,17
5320,35212460,35212.46,414,0,gap,17
5321,35216499,35216.499,439,0,gap,17
5322,35228431,35228.431,469,0,gap,17
5323,35232484,35232.484,432,0,gap,17
5324,35236533,35236.533,434,0,gap,17
5325,35248423,35248.423,447,0,gap,17
5326,35252486,35252.486,432,0,gap,17
5327,35256544,35256.544,417,0,gap,17
5328,35268431,35268.431,464,0,gap,17
5329,35272508,35272.508,414,0,gap,17
5330,35276576,35276.576,391,0,gap,17
5331,35288423,35288.423,470,0,gap,17
5332,35292506,35292.506,375,0,gap,17
5333,35296583,35296.583,370,0,gap,17
5334,35308435,35308.435,443,0,gap,17
5335,35312527,35312.527,368,0,gap,17
5336,35316614,35316.614,379,0,gap,17
5337,35328423,35328.423,411,0,gap,17
5338,35332525,35332.525,370,0,gap,17
5339,35336618,35336.618,375,0,gap,17
5340,35348431,35348.431,407,0,gap,17
5341,35352542,35352.542,373,0,gap,17
5342,35356649,35356.649,356,0,gap,17
5343,35368423,35368.423,425,0,gap,17
5344,35372545,35372.545,362,0,gap,17
5345,35379443,35379.443,355,0,gap,17
5346,35383324,35383.324,343,0,gap,17
5347,35388424,35388.424,384,0,gap,17
5348,35398433,35398.433,377,0,gap,17
5349,35402296,35402.296,345,0,gap,17
5350,35408436,35408.436,368,0,gap,17
5351,35418425,35418.425,395,0,gap,17
5352,35422301,35422.301,337,0,gap,17
5353,35428424,35428.424,333,0,gap,17
5354,35438432,35438.432,397,0,gap,17
5355,35442326,35442.326,307,0,gap,17
5356,35448432,35448.432,330,0,gap,17
5357,35458424,35458.424,363,0,gap,17
5358,35462327,35462.327,289,0,gap,17
5359,35468423,35468.423,336,0,gap,17
5360,35478432,35478.432,332,0,gap,17
5361,35482349,35482.349,301,0,gap,17
5362,35486257,35486.257,310,0,gap,17
5363,35498425,35498.425,333,0,gap,17
5364,35502348,35502.348,314,0,gap,17
5365,35506267,35506.267,287,0,gap,17
5366,35518437,35518.437,373,0,gap,17
5367,35522374,35522.374,297,0,gap,17
5368,35526308,35526.308,267,0,gap,17
5369,35538425,35538.425,371,0,gap,17
5370,35542388,35542.388,250,0,gap,17
5371,35546360,35546.36,256,0,gap,17
5372,35558432,35558.432,340,0,gap,17
5373,35562418,35562.418,240,0,gap,17
5374,35566396,35566.396,268,0,gap,17
5375,35578424,35578.424,311,0,gap,17
5376,35582421,35582.421,253,0,gap,17
5377,35586422,35586.422,256,0,gap,17
5378,35598432,35598.432,294,0,gap,17
5379,35602447,35602.447,274,0,gap,17
5380,35606458,35606.458,262,0,gap,17
5381,35618423,35618.423,330,0,gap,17
5382,35622459,35622.459,256,0,gap,17
5383,35626499,35626.499,226,0,gap,17
5384,35638431,35638.431,336,0,gap,17
5385,35642486,35642.486,238,0,gap,17
5386,35646528,35646.528,215,0,gap,17
5387,35658423,35658.423,319,0,gap,17
5388,35662484,35662.484,202,0,gap,17
5389,35666539,35666.539,212,0,gap,17
5390,35678431,35678.431,275,0,gap,17
5391,35682505,35682.505,231,0,gap,17
5392,35686567,35686.567,241,0,gap,17
5393,35698427,35698.427,266,0,gap,17
5394,35702499,35702.499,234,0,gap,17
5395,35706574,35706.574,223,0,gap,17
5396,35718431,35718.431,285,0,gap,17
5397,35722525,35722.525,224,0,gap,17
5398,35726607,35726.607,188,0,gap,17
5399,35738423,35738.423,311,0,gap,17
5400,35742519,35742.519,195,0,gap,17
5401,35746619,35746.619,193,0,gap,17
5402,35758431,35758.431,278,0,gap,17
5403,35762545,35762.545,176,0,gap,17
5404,35766646,35766.646,201,0,gap,17
5405,35778423,35778.423,259,0,gap,17
5406,35782539,35782.539,201,0,gap,17
5407,35786659,35786.659,230,0,gap,17
5408,35793541,35793.541,215,0,gap,17
5409,35798427,35798.427,193,0,gap,17
5410,35808432,35808.432,253,0,gap,17
5411,35812296,35812.296,162,0,gap,17
5412,35818432,35818.432,240,0,gap,17
5413,35828424,35828.424,221,0,gap,17
5414,35832301,35832.301,178,0,gap,17
5415,35838424,35838.424,235,0,gap,17
5416,35848432,35848.432,237,0,gap,17
5417,35852323,35852.323,196,0,gap,17
5418,35858431,35858.431,198,0,gap,17
5419,35868424,35868.424,251,0,gap,17
5420,35872326,35872.326,177,0,gap,17
5421,35876232,35876.232,153,0,gap,17
5422,35888433,35888.433,276,0,gap,17
5423,35892353,35892.353,157,0,gap,17
5424,35896261,35896.261,150,0,gap,17
5425,35908429,35908.429,253,0,gap,17
5426,35912347,35912.347,134,0,gap,17
5427,35916273,35916.273,154,0,gap,17
5428,35928433,35928.433,217,0,gap,17
5429,35932369,35932.369,152,0,gap,17
5430,35936298,35936.298,176,0,gap,17
5431,35948424,35948.424,203,0,gap,17
5432,35952376,35952.376,179,0,gap,17
5433,35956357,35956.357,158,0,gap,17
5434,35968432,35968.432,224,0,gap,17
5435,35972421,35972.421,157,0,gap,17
5436,35976402,35976.402,121,0,gap,17
5437,35988424,35988.424,270,0,gap,17
5438,35992424,35992.424,137,0,gap,17
5439,35996420,35996.42,119,0,gap,17
5440,36008431,36008.431,225,0,gap,17
5441,36012445,36012.445,116,0,gap,17
5442,36016451,36016.451,147,0,gap,17
5443,36028423,36028.423,191,0,gap,17
5444,36032452,36032.452,144,0,gap,17
5445,36036478,36036.478,145,0,gap,17
5446,36048435,36048.435,189,0,gap,17
5447,36052486,36052.486,161,0,gap,17
5448,36056531,36056.531,133,0,gap,17
5449,36068423,36068.423,207,0,gap,17
5450,36072483,36072.483,141,0,gap,17
5451,36076535,36076.535,103,0,gap,17
5452,36088431,36088.431,235,0,gap,17
5453,36092501,36092.501,114,0,gap,17
5454,36096562,36096.562,100,0,gap,17
5455,36108423,36108.423,208,0,gap,17
5456,36112503,36112.503,103,0,gap,17
5457,36116582,36116.582,124,0,gap,17
5458,36128431,36128.431,162,0,gap,17
5459,36132520,36132.52,130,0,gap,17
5460,36136601,36136.601,126,0,gap,17
5461,36148423,36148.423,159,0,gap,17
5462,36152526,36152.526,147,1,pulse,18
5463,36156712,36156.712,4095,1,pulse,18
5464,36168428,36168.428,4095,1,pulse,18
5465,36172470,36172.47,4095,1,pulse,18
5466,36176508,36176.508,4095,1,pulse,18
5467,36188424,36188.424,4095,1,pulse,18
5468,36192477,36192.477,4095,0,gap,18
5469,36196747,36196.747,3084,0,gap,18
5470,36203639,36203.639,2833,0,gap,18
5471,36218423,36218.423,2754,0,gap,18
5472,36222295,36222.295,2717,0,gap,18
5473,36226158,36226.158,2707,0,gap,18
5474,36238432,36238.432,2663,0,gap,18
5475,36242316,36242.316,2640,0,gap,18
5476,36246192,36246.192,2621,0,gap,18
5477,36258428,36258.428,2597,0,gap,18
5478,36262319,36262.319,2549,0,gap,18
5479,36266210,36266.21,2550,0,gap,18
5480,36278432,36278.432,2513,0,gap,18
5481,36282337,36282.337,2493,0,gap,18
5482,36286234,36286.234,2475,0,gap,18
5483,36298424,36298.424,2443,0,gap,18
5484,36302337,36302.337,2431,0,gap,18
5485,36306257,36306.257,2410,0,gap,18
5486,36318432,36318.432,2384,0,gap,18
5487,36322366,36322.366,2364,0,gap,18
5488,36326293,36326.293,2351,0,gap,18
5489,36338424,36338.424,2333,0,gap,18
5490,36342357,36342.357,2298,0,gap,18
5491,36346294,36346.294,2288,0,gap,18
5492,36358432,36358.432,2256,0,gap,18
5493,36362387,36362.387,2233,0,gap,18
5494,36366328,36366.328,2220,0,gap,18
5495,36378424,36378.424,2192,0,gap,18
5496,36382413,36382.413,2183,0,gap,18
5497,36386407,36386.407,2176,0,gap,18
5498,36398432,36398.432,2138,0,gap,18
5499,36402440,36402.44,2125,0,gap,18
5500,36406432,36406.432,2093,0,gap,18
5501,36418424,36418.424,2071,0,gap,18
5502,36422435,36422.435,2059,0,gap,18
5503,36426449,36426.449,2033,0,gap,18
5504,36438432,36438.432,2013,0,gap,18
5505,36442461,36442.461,1995,0,gap,18
5506,36446482,36446.482,1978,0,gap,18
5507,36458423,36458.423,1947,0,gap,18
5508,36462475,36462.475,1936,0,gap,18
5509,36466529,36466.529,1914,0,gap,18
5510,36478431,36478.431,1890,0,gap,18
5511,36482500,36482.5,1885,0,gap,18
5512,36486557,36486.557,1872,0,gap,18
5513,36498423,36498.423,1837,0,gap,18
5514,36502494,36502.494,1823,0,gap,18
5515,36506572,36506.572,1821,0,gap,18
5516,36518431,36518.431,1791,0,gap,18
5517,36522520,36522.52,1776,0,gap,18
5518,36526591,36526.591,1747,0,gap,18
5519,36538423,36538.423,1726,0,gap,18
5520,36542518,36542.518,1714,0,gap,18
5521,36546611,36546.611,1696,0,gap,18
5522,36558431,36558.431,1674,0,gap,18
5523,36562539,36562.539,1665,0,gap,18
5524,36566630,36566.63,1660,0,gap,18
5525,36578427,36578.427,1621,0,gap,18
5526,36582533,36582.533,1611,0,gap,18
5527,36586646,36586.646,1597,0,gap,18
5528,36598431,36598.431,1571,0,gap,18
5529,36602559,36602.559,1570,0,gap,18
5530,36606673,36606.673,1553,0,gap,18
5531,36618423,36618.423,1519,0,gap,18
5532,36622553,36622.553,1507,0,gap,18
5533,36629479,36629.479,1485,0,gap,18
5534,36633353,36633.353,1485,0,gap,18
5535,36638424,36638.424,1467,0,gap,18
5536,36648433,36648.433,1442,0,gap,18
5537,36652311,36652.311,1427,0,gap,18
5538,36658433,36658.433,1398,0,gap,18
5539,36668425,36668.425,1395,0,gap,18
5540,36672314,36672.314,1378,0,gap,18
5541,36678429,36678.429,1370,0,gap,18
5542,36688433,36688.433,1359,0,gap,18
5543,36692340,36692.34,1334,0,gap,18
5544,36698432,36698.432,1331,0,gap,18
5545,36708425,36708.425,1297,0,gap,18
5546,36712341,36712.341,1282,0,gap,18
5547,36718424,36718.424,1278,0,gap,18
5548,36728433,36728.433,1258,0,gap,18
5549,36732358,36732.358,1264,0,gap,18
5550,36738432,36738.432,1251,0,gap,18
5551,36748425,36748.425,1222,0,gap,18
5552,36752368,36752.368,1203,0,gap,18
5553,36758424,36758.424,1189,0,gap,18
5554,36768433,36768.433,1181,0,gap,18
5555,36772379,36772.379,1163,0,gap,18
5556,36778432,36778.432,1143,0,gap,18
5557,36788429,36788.429,1143,0,gap,18
5558,36792428,36792.428,1122,0,gap,18
5559,36798424,36798.424,1104,0,gap,18
5560,36808432,36808.432,1119,0,gap,18
5561,36812435,36812.435,1074,0,gap,18
5562,36818432,36818.432,1080,0,gap,18
5563,36828424,36828.424,1067,0,gap,18
5564,36832434,36832.434,1053,0,gap,18
5565,36838424,36838.424,1043,0,gap,18
5566,36848432,36848.432,1038,0,gap,18
5567,36852455,36852.455,1014,0,gap,18
5568,36858432,36858.432,991,0,gap,18
5569,36868424,36868.424,999,0,gap,18
5570,36872477,36872.477,976,0,gap,18
5571,36878423,36878.423,960,0,gap,18
5572,36888432,36888.432,962,0,gap,18
5573,36892494,36892.494,923,0,gap,18
5574,36898431,36898.431,926,0,gap,18
5575,36908424,36908.424,933,0,gap,18
5576,36912495,36912.495,902,0,gap,18
5577,36916562,36916.562,905,0,gap,18
5578,36928433,36928.433,897,0,gap,18
5579,36932514,36932.514,886,0,gap,18
5580,36936591,36936.591,880,0,gap,18
5581,36948425,36948.425,880,0,gap,18
5582,36952512,36952.512,867,0,gap,18
5583,36956598,36956.598,838,0,gap,18
5584,36968432,36968.432,870,0,gap,18
5585,36972533,36972.533,832,0,gap,18
5586,36976625,36976.625,816,0,gap,18
5587,36988424,36988.424,839,0,gap,18
5588,36992539,36992.539,787,0,gap,18
5589,36996649,36996.649,771,0,gap,18
5590,37008432,37008.432,806,0,gap,18
5591,37012556,37012.556,766,0,gap,18
5592,37016667,37016.667,768,0,gap,18
5593,37028423,37028.423,752,0,gap,18
5594,37032549,37032.549,752,0,gap,18
5595,37039444,37039.444,752,0,gap,18
5596,37043327,37043.327,711,0,gap,18
5597,37048424,37048.424,734,0,gap,18
5598,37058433,37058.433,743,0,gap,18
5599,37062314,37062.314,691,0,gap,18
5600,37068432,37068.432,720,0,gap,18
5601,37078425,37078.425,689,0,gap,18
5602,37082307,37082.307,688,0,gap,18
5603,37088424,37088.424,704,0,gap,18
5604,37098432,37098.432,675,0,gap,18
5605,37102340,37102.34,663,0,gap,18
5606,37108432,37108.432,677,0,gap,18
5607,37118424,37118.424,675,0,gap,18
5608,37122341,37122.341,654,0,gap,18
5609,37128423,37128.423,639,0,gap,18
5610,37138432,37138.432,670,0,gap,18
5611,37142362,37142.362,603,0,gap,18
5612,37146281,37146.281,597,0,gap,18
5613,37158425,37158.425,627,0,gap,18
5614,37162358,37162.358,586,0,gap,18
5615,37166291,37166.291,593,0,gap,18
5616,37178433,37178.433,612,0,gap,18
5617,37182377,37182.377,579,0,gap,18
5618,37186316,37186.316,594,0,gap,18
5619,37198425,37198.425,598,0,gap,18
5620,37202408,37202.408,589,0,gap,18
5621,37206393,37206.393,551,0,gap,18
5622,37218432,37218.432,604,0,gap,18
5623,37222432,37222.432,560,0,gap,18
5624,37226427,37226.427,542,0,gap,18
5625,37238424,37238.424,591,0,gap,18
5626,37242435,37242.435,528,0,gap,18
5627,37246441,37246.441,523,0,gap,18
5628,37258432,37258.432,560,0,gap,18
5629,37262448,37262.448,499,0,gap,18
5630,37266465,37266.465,511,0,gap,18
5631,37278423,37278.423,527,0,gap,18
5632,37282472,37282.472,498,0,gap,18
5633,37286515,37286.515,507,0,gap,18
5634,37298431,37298.431,511,0,gap,18
5635,37302492,37302.492,507,0,gap,18
5636,37306544,37306.544,475,0,gap,18
5637,37318427,37318.427,528,0,gap,18
5638,37322494,37322.494,473,0,gap,18
5639,37326559,37326.559,437,0,gap,18
5640,37338431,37338.431,529,0,gap,18
5641,37342511,37342.511,446,0,gap,18
5642,37346587,37346.587,427,0,gap,18
5643,37358423,37358.423,498,0,gap,18
5644,37362513,37362.513,422,0,gap,18
5645,37366598,37366.598,432,0,gap,18
5646,37378431,37378.431,448,0,gap,18
5647,37382531,37382.531,433,0,gap,18
5648,37386630,37386.63,433,0,gap,18
5649,37398423,37398.423,464,0,gap,18
5650,37402533,37402.533,430,0,gap,18
5651,37406637,37406.637,418,0,gap,18
5652,37418431,37418.431,477,0,gap,18
5653,37422554,37422.554,403,0,gap,18
5654,37426665,37426.665,393,0,gap,18
5655,37438423,37438.423,464,0,gap,18
5656,37442553,37442.553,373,0,gap,18
5657,37446675,37446.675,384,0,gap,18
5658,37453585,37453.585,442,0,gap,18
5659,37458415,37458.415,384,0,gap,18
5660,37468432,37468.432,447,0,gap,18
5661,37472305,37472.305,368,0,gap,18
5662,37478432,37478.432,368,0,gap,18
5663,37488424,37488.424,435,0,gap,18
5664,37492318,37492.318,346,0,gap,18
5665,37498424,37498.424,378,0,gap,18
5666,37508432,37508.432,406,0,gap,18
5667,37512333,37512.333,339,0,gap,18
5668,37518431,37518.431,386,0,gap,18
5669,37528428,37528.428,374,0,gap,18
5670,37532343,37532.343,342,0,gap,18
5671,37536254,37536.254,357,0,gap,18
5672,37548433,37548.433,381,0,gap,18
5673,37552355,37552.355,352,0,gap,18
5674,37556276,37556.276,323,0,gap,18
5675,37568425,37568.425,405,0,gap,18
5676,37572361,37572.361,322,0,gap,18
5677,37576288,37576.288,302,0,gap,18
5678,37588433,37588.433,414,0,gap,18
5679,37592379,37592.379,291,0,gap,18
5680,37596325,37596.325,306,0,gap,18
5681,37608424,37608.424,371,0,gap,18
5682,37612384,37612.384,282,0,gap,18
5683,37616362,37616.362,315,0,gap,18
5684,37628432,37628.432,343,0,gap,18
5685,37632434,37632.434,309,0,gap,18
5686,37636420,37636.42,304,0,gap,18
5687,37648424,37648.424,340,0,gap,18
5688,37652430,37652.43,295,0,gap,18
5689,37656439,37656.439,294,0,gap,18
5690,37668431,37668.431,362,0,gap,18
5691,37672459,37672.459,277,0,gap,18
5692,37676466,37676.466,272,0,gap,18
5693,37688423,37688.423,369,0,gap,18
5694,37692457,37692.457,256,0,gap,18
5695,37696500,37696.5,263,0,gap,18
5696,37708431,37708.431,333,0,gap,18
5697,37712495,37712.495,245,0,gap,18
5698,37716546,37716.546,269,0,gap,18
5699,37728423,37728.423,304,0,gap,18
5700,37732489,37732.489,266,0,gap,18
5701,37736558,37736.558,271,0,gap,18
5702,37748431,37748.431,318,0,gap,18
5703,37752514,37752.514,269,0,gap,18
5704,37756585,37756.585,240,0,gap,18
5705,37768423,37768.423,331,0,gap,18
5706,37772508,37772.508,240,0,gap,18
5707,37776596,37776.596,217,0,gap,18
5708,37788431,37788.431,339,0,gap,18
5709,37792534,37792.534,231,0,gap,18
5710,37796624,37796.624,229,0,gap,18
5711,37808423,37808.423,307,0,gap,18
5712,37812532,37812.532,219,0,gap,18
5713,37816635,37816.635,253,0,gap,18
5714,37828431,37828.431,264,0,gap,18
5715,37832553,37832.553,240,0,gap,18
5716,37836658,37836.658,228,0,gap,18
5717,37848427,37848.427,284,0,gap,18
5718,37852547,37852.547,240,0,gap,18
5719,37856675,37856.675,217,0,gap,18
5720,37863559,37863.559,236,0,gap,18
5721,37868415,37868.415,238,0,gap,18
5722,37878432,37878.432,239,0,gap,18
5723,37882311,37882.311,223,0,gap,18
5724,37888432,37888.432,247,0,gap,18
5725,37898424,37898.424,262,0,gap,18
5726,37902311,37902.311,215,0,gap,18
5727,37908424,37908.424,221,0,gap,18
5728,37918432,37918.432,285,0,gap,18
5729,37922326,37922.326,209,0,gap,18
5730,37928431,37928.431,208,0,gap,18
5731,37938424,37938.424,272,0,gap,18
5732,37942328,37942.328,164,0,gap,18
5733,37946241,37946.241,172,0,gap,18
5734,37958433,37958.433,269,0,gap,18
5735,37962361,37962.361,170,0,gap,18
5736,37966276,37966.276,183,0,gap,18
5737,37978425,37978.425,234,0,gap,18
5738,37982351,37982.351,184,0,gap,18
5739,37986288,37986.288,190,0,gap,18
5740,37998433,37998.433,234,0,gap,18
5741,38002377,38002.377,196,0,gap,18
5742,38006309,38006.309,173,0,gap,18
5743,38018424,38018.424,261,0,gap,18
5744,38022380,38022.38,174,0,gap,18
5745,38026354,38026.354,139,0,gap,18
5746,38038432,38038.432,270,0,gap,18
5747,38042432,38042.432,150,0,gap,18
5748,38046421,38046.421,147,0,gap,18
5749,38058428,38058.428,238,0,gap,18
5750,38062435,38062.435,151,0,gap,18
5751,38066439,38066.439,182,0,gap,18
5752,38078431,38078.431,203,0,gap,18
5753,38082449,38082.449,165,0,gap,18
5754,38086458,38086.458,187,0,gap,18
5755,38098423,38098.423,225,0,gap,18
5756,38102460,38102.46,169,0,gap,18
5757,38106493,38106.493,146,0,gap,18
5758,38118431,38118.431,230,0,gap,18
5759,38122489,38122.489,150,0,gap,18
5760,38126545,38126.545,124,0,gap,18
5761,38138423,38138.423,240,0,gap,18
5762,38142490,38142.49,137,0,gap,18
5763,38146549,38146.549,126,0,gap,18
5764,38158431,38158.431,225,0,gap,18
5765,38162512,38162.512,119,0,gap,18
5766,38166584,38166.584,160,0,gap,18
5767,38178423,38178.423,176,0,gap,18
5768,38182510,38182.51,148,0,gap,18
5769,38186592,38186.592,144,0,gap,18
5770,38198431,38198.431,192,0,gap,18
5771,38202532,38202.532,144,0,gap,18
5772,38206620,38206.62,126,0,gap,18
5773,38218423,38218.423,221,0,gap,18
5774,38222529,38222.529,141,0,gap,18
5775,38226631,38226.631,109,0,gap,18
5776,38238431,38238.431,224,0,gap,18
5777,38242547,38242.547,112,0,gap,18
5778,38246655,38246.655,102,0,gap,18
5779,38258423,38258.423,189,0,gap,18
5780,38262549,38262.549,102,0,gap,18
5781,38266675,38266.675,951,1,pulse,19
5782,38278436,38278.436,4095,1,pulse,19
5783,38285310,38285.31,4095,1,pulse,19
5784,38289118,38289.118,4095,1,pulse,19
5785,38298420,38298.42,4095,1,pulse,19
5786,38302228,38302.228,4095,1,pulse,19
5787,38308421,38308.421,4095,0,gap,19
5788,38318446,38318.446,2811,0,gap,19
5789,38322358,38322.358,2783,0,gap,19
5790,38328432,38328.432,2761,0,gap,19
5791,38338425,38338.425,2698,0,gap,19
5792,38342336,38342.336,2657,0,gap,19
5793,38348425,38348.425,2638,0,gap,19
5794,38358433,38358.433,2617,0,gap,19
5795,38362362,38362.362,2594,0,gap,19
5796,38368436,38368.436,2559,0,gap,19
5797,38378425,38378.425,2545,0,gap,19
5798,38382357,38382.357,2518,0,gap,19
5799,38388424,38388.424,2496,0,gap,19
5800,38398433,38398.433,2480,0,gap,19
5801,38402387,38402.387,2466,0,gap,19
5802,38408432,38408.432,2429,0,gap,19
5803,38418425,38418.425,2416,0,gap,19
5804,38422377,38422.377,2384,0,gap,19
5805,38428424,38428.424,2362,0,gap,19
5806,38438433,38438.433,2338,0,gap,19
5807,38442413,38442.413,2322,0,gap,19
5808,38448432,38448.432,2320,0,gap,19
5809,38458425,38458.425,2288,0,gap,19
5810,38462433,38462.433,2263,0,gap,19
5811,38468424,38468.424,2263,0,gap,19
5812,38478436,38478.436,2218,0,gap,19
5813,38482457,38482.457,2209,0,gap,19
5814,38488432,38488.432,2197,0,gap,19
5815,38498424,38498.424,2164,0,gap,19
5816,38502458,38502.458,2148,0,gap,19
5817,38508428,38508.428,2122,0,gap,19
5818,38518432,38518.432,2109,0,gap,19
5819,38522481,38522.481,2085,0,gap,19
5820,38528432,38528.432,2058,0,gap,19
5821,38538424,38538.424,2035,0,gap,19
5822,38542494,38542.494,2020,0,gap,19
5823,38548424,38548.424,2015,0,gap,19
5824,38558432,38558.432,1994,0,gap,19
5825,38562512,38562.512,1962,0,gap,19
5826,38568431,38568.431,1951,0,gap,19
5827,38578424,38578.424,1920,0,gap,19
5828,38582518,38582.518,1911,0,gap,19
5829,38588423,38588.423,1888,0,gap,19
5830,38598432,38598.432,1869,0,gap,19
5831,38602535,38602.535,1862,0,gap,19
5832,38608431,38608.431,1828,0,gap,19
5833,38618428,38618.428,1825,0,gap,19
5834,38622537,38622.537,1787,0,gap,19
5835,38628423,38628.423,1776,0,gap,19
5836,38638432,38638.432,1756,0,gap,19
5837,38642550,38642.55,1755,0,gap,19
5838,38648431,38648.431,1727,0,gap,19
5839,38658424,38658.424,1687,0,gap,19
5840,38662556,38662.556,1675,0,gap,19
5841,38668415,38668.415,1691,0,gap,19
5842,38678432,38678.432,1655,0,gap,19
5843,38682574,38682.574,1642,0,gap,19
5844,38688419,38688.419,1610,0,gap,19
5845,38698424,38698.424,1607,0,gap,19
5846,38705329,38705.329,1590,0,gap,19
5847,38709213,38709.213,1562,0,gap,19
5848,38718432,38718.432,1563,0,gap,19
5849,38722320,38722.32,1525,0,gap,19
5850,38728432,38728.432,1507,0,gap,19
5851,38738424,38738.424,1512,0,gap,19
5852,38742326,38742.326,1479,0,gap,19
5853,38748424,38748.424,1467,0,gap,19
5854,38758432,38758.432,1442,0,gap,19
5855,38762352,38762.352,1424,0,gap,19
5856,38768432,38768.432,1419,0,gap,19
5857,38778424,38778.424,1393,0,gap,19
5858,38782351,38782.351,1384,0,gap,19
5859,38788424,38788.424,1367,0,gap,19
5860,38798436,38798.436,1363,0,gap,19
5861,38802373,38802.373,1347,0,gap,19
5862,38808432,38808.432,1319,0,gap,19
5863,38818424,38818.424,1316,0,gap,19
5864,38822375,38822.375,1291,0,gap,19
5865,38828428,38828.428,1271,0,gap,19
5866,38838432,38838.432,1267,0,gap,19
5867,38842393,38842.393,1239,0,gap,19
5868,38848431,38848.431,1246,0,gap,19
5869,38858424,38858.424,1214,0,gap,19
5870,38862401,38862.401,1215,0,gap,19
5871,38868423,38868.423,1199,0,gap,19
5872,38878432,38878.432,1184,0,gap,19
5873,38882445,38882.445,1181,0,gap,19
5874,38888431,38888.431,1155,0,gap,19
5875,38898424,38898.424,1152,0,gap,19
5876,38902449,38902.449,1125,0,gap,19
5877,38908423,38908.423,1106,0,gap,19
5878,38918432,38918.432,1114,0,gap,19
5879,38922467,38922.467,1086,0,gap,19
5880,38928415,38928.415,1072,0,gap,19
5881,38938428,38938.428,1076,0,gap,19
5882,38942477,38942.477,1045,0,gap,19
5883,38946528,38946.528,1038,0,gap,19
5884,38958433,38958.433,1023,0,gap,19
5885,38962508,38962.508,1021,0,gap,19
5886,38966574,38966.574,1007,0,gap,19
5887,38978425,38978.425,1007,0,gap,19
5888,38982510,38982.51,985,0,gap,19
5889,38986589,38986.589,961,0,gap,19
5890,38998433,38998.433,971,0,gap,19
5891,39002522,39002.522,961,0,gap,19
5892,39006611,39006.611,941,0,gap,19
5893,39018424,39018.424,958,0,gap,19
5894,39022528,39022.528,917,0,gap,19
5895,39026626,39026.626,897,0,gap,19
5896,39038432,39038.432,919,0,gap,19
5897,39042549,39042.549,878,0,gap,19
5898,39046657,39046.657,878,0,gap,19
5899,39058424,39058.424,874,0,gap,19
5900,39062543,39062.543,855,0,gap,19
5901,39066661,39066.661,849,0,gap,19
5902,39078432,39078.432,846,0,gap,19
5903,39082568,39082.568,826,0,gap,19
5904,39086696,39086.696,825,0,gap,19
5905,39098423,39098.423,829,0,gap,19
5906,39102565,39102.565,807,0,gap,19
5907,39106703,39106.703,779,0,gap,19
5908,39118435,39118.435,813,0,gap,19
5909,39125334,39125.334,773,0,gap,19
5910,39129218,39129.218,759,0,gap,19
5911,39138424,39138.424,773,0,gap,19
5912,39142311,39142.311,747,0,gap,19
5913,39148428,39148.428,760,0,gap,19
5914,39158432,39158.432,751,0,gap,19
5915,39162340,39162.34,710,0,gap,19
5916,39168431,39168.431,754,0,gap,19
5917,39178424,39178.424,722,0,gap,19
5918,39182331,39182.331,709,0,gap,19
5919,39188411,39188.411,706,0,gap,19
5920,39198431,39198.431,719,0,gap,19
5921,39202365,39202.365,688,0,gap,19
5922,39206291,39206.291,669,0,gap,19
5923,39218425,39218.425,702,0,gap,19
5924,39222365,39222.365,653,0,gap,19
5925,39226301,39226.301,630,0,gap,19
5926,39238433,39238.433,686,0,gap,19
5927,39242387,39242.387,629,0,gap,19
5928,39246328,39246.328,630,0,gap,19
5929,39258428,39258.428,645,0,gap,19
5930,39262385,39262.385,592,0,gap,19
5931,39266338,39266.338,630,0,gap,19
5932,39278432,39278.432,630,0,gap,19
5933,39282413,39282.413,603,0,gap,19
5934,39286405,39286.405,605,0,gap,19
5935,39298424,39298.424,640,0,gap,19
5936,39302437,39302.437,590,0,gap,19
5937,39306446,39306.446,563,0,gap,19
5938,39318431,39318.431,618,0,gap,19
5939,39322456,39322.456,560,0,gap,19
5940,39326476,39326.476,543,0,gap,19
5941,39338423,39338.423,602,0,gap,19
5942,39342458,39342.458,529,0,gap,19
5943,39346491,39346.491,534,0,gap,19
5944,39358431,39358.431,559,0,gap,19
5945,39362488,39362.488,510,0,gap,19
5946,39366547,39366.547,534,0,gap,19
5947,39378423,39378.423,535,0,gap,19
5948,39382497,39382.497,528,0,gap,19
5949,39386562,39386.562,526,0,gap,19
5950,39398431,39398.431,560,0,gap,19
5951,39402519,39402.519,511,0,gap,19
5952,39406598,39406.598,464,0,gap,19
5953,39418423,39418.423,553,0,gap,19
5954,39422517,39422.517,464,0,gap,19
5955,39426601,39426.601,445,0,gap,19
5956,39438435,39438.435,528,0,gap,19
5957,39442534,39442.534,449,0,gap,19
5958,39446632,39446.632,448,0,gap,19
5959,39458423,39458.423,501,0,gap,19
5960,39462536,39462.536,442,0,gap,19
5961,39466644,39466.644,471,0,gap,19
5962,39478431,39478.431,465,0,gap,19
5963,39482554,39482.554,460,0,gap,19
5964,39486667,39486.667,452,0,gap,19
5965,39498423,39498.423,479,0,gap,19
5966,39502555,39502.555,437,0,gap,19
5967,39506687,39506.687,414,0,gap,19
5968,39518431,39518.431,483,0,gap,19
5969,39522573,39522.573,415,0,gap,19
5970,39526710,39526.71,387,0,gap,19
5971,39538423,39538.423,478,0,gap,19
5972,39545189,39545.189,421,0,gap,19
5973,39549072,39549.072,419,0,gap,19
5974,39558432,39558.432,441,0,gap,19
5975,39562324,39562.324,381,0,gap,19
5976,39568431,39568.431,427,0,gap,19
5977,39578428,39578.428,410,0,gap,19
5978,39582328,39582.328,384,0,gap,19
5979,39588423,39588.423,404,0,gap,19
5980,39598431,39598.431,437,0,gap,19
5981,39602347,39602.347,391,0,gap,19
5982,39606259,39606.259,363,0,gap,19
5983,39618425,39618.425,429,0,gap,19
5984,39622355,39622.355,353,0,gap,19
5985,39626277,39626.277,325,0,gap,19
5986,39638433,39638.433,432,0,gap,19
5987,39642369,39642.369,330,0,gap,19
5988,39646304,39646.304,335,0,gap,19
5989,39658424,39658.424,399,0,gap,19
5990,39662375,39662.375,331,0,gap,19
5991,39666321,39666.321,356,0,gap,19
5992,39678432,39678.432,364,0,gap,19
5993,39682393,39682.393,336,0,gap,19
5994,39686346,39686.346,331,0,gap,19
5995,39698424,39698.424,374,0,gap,19
5996,39702404,39702.404,323,0,gap,19
5997,39706394,39706.394,314,0,gap,19
5998,39718431,39718.431,395,0,gap,19
5999,39722448,39722.448,304,0,gap,19
6000,39726453,39726.453,290,0,gap,19
6001,39738423,39738.423,385,0,gap,19
6002,39742444,39742.444,275,0,gap,19
6003,39746464,39746.464,295,0,gap,19
6004,39758435,39758.435,333,0,gap,19
6005,39762469,39762.469,293,0,gap,19
6006,39766495,39766.495,307,0,gap,19
6007,39778423,39778.423,335,0,gap,19
6008,39782477,39782.477,304,0,gap,19
6009,39786541,39786.541,300,0,gap,19
6010,39798431,39798.431,338,0,gap,19
6011,39802509,39802.509,293,0,gap,19
6012,39806570,39806.57,250,0,gap,19
6013,39818423,39818.423,367,0,gap,19
6014,39822503,39822.503,272,0,gap,19
6015,39826590,39826.59,240,0,gap,19
6016,39838431,39838.431,340,0,gap,19
6017,39842529,39842.529,245,0,gap,19
6018,39846609,39846.609,251,0,gap,19
6019,39858423,39858.423,320,0,gap,19
6020,39862526,39862.526,251,0,gap,19
6021,39866629,39866.629,282,0,gap,19
6022,39878431,39878.431,288,0,gap,19
6023,39882548,39882.548,258,0,gap,19
6024,39886652,39886.652,246,0,gap,19
6025,39898427,39898.427,315,0,gap,19
6026,39902542,39902.542,253,0,gap,19
6027,39906664,39906.664,239,0,gap,19
6028,39918431,39918.431,336,0,gap,19
6029,39922568,39922.568,239,0,gap,19
6030,39926691,39926.691,208,0,gap,19
6031,39938423,39938.423,328,0,gap,19
6032,39942561,39942.561,209,0,gap,19
6033,39946699,39946.699,217,0,gap,19
6034,39953599,39953.599,294,0,gap,19
6035,39958415,39958.415,221,0,gap,19
6036,39968437,39968.437,304,0,gap,19
6037,39972316,39972.316,210,0,gap,19
6038,39978432,39978.432,222,0,gap,19
6039,39988424,39988.424,284,0,gap,19
6040,39992325,39992.325,206,0,gap,19
6041,39998428,39998.428,253,0,gap,19
6042,40008432,40008.432,246,0,gap,19
6043,40012344,40012.344,201,0,gap,19
6044,40018431,40018.431,256,0,gap,19
6045,40028424,40028.424,251,0,gap,19
6046,40032345,40032.345,211,0,gap,19
6047,40036272,40036.272,217,0,gap,19
6048,40048433,40048.433,267,0,gap,19
6049,40052367,40052.367,213,0,gap,19
6050,40056299,40056.299,175,0,gap,19
6051,40068425,40068.425,290,0,gap,19
6052,40072372,40072.372,188,0,gap,19
6053,40076310,40076.31,155,0,gap,19
6054,40088432,40088.432,283,0,gap,19
6055,40092390,40092.39,161,0,gap,19
6056,40096343,40096.343,179,0,gap,19
6057,40108428,40108.428,251,0,gap,19
6058,40112393,40112.393,169,0,gap,19
6059,40116373,40116.373,197,0,gap,19
6060,40128432,40128.432,218,0,gap,19
6061,40132438,40132.438,213,0,gap,19
6062,40136443,40136.443,187,0,gap,19
6063,40148423,40148.423,263,0,gap,19
6064,40152445,40152.445,187,0,gap,19
6065,40156462,40156.462,158,0,gap,19
6066,40168431,40168.431,276,0,gap,19
6067,40172463,40172.463,155,0,gap,19
6068,40176494,40176.494,145,0,gap,19
6069,40188423,40188.423,253,0,gap,19
6070,40192473,40192.473,130,0,gap,19
6071,40196524,40196.524,151,0,gap,19
6072,40208431,40208.431,219,0,gap,19
6073,40212506,40212.506,144,0,gap,19
6074,40216568,40216.568,170,0,gap,19
6075,40228423,40228.423,189,0,gap,19
6076,40232504,40232.504,163,0,gap,19
6077,40236576,40236.576,153,0,gap,19
6078,40248431,40248.431,221,1,pulse,20
6079,40252617,40252.617,4095,1,pulse,20
6080,40256645,40256.645,4095,1,pulse,20
6081,40268420,40268.42,4095,1,pulse,20
6082,40272454,40272.454,4095,1,pulse,20
6083,40276488,40276.488,4095,1,pulse,20
6084,40288428,40288.428,4095,0,gap,20
6085,40292694,40292.694,3052,0,gap,20
6086,40296814,40296.814,2896,0,gap,20
6087,40308424,40308.424,2754,0,gap,20
6088,40312558,40312.558,2730,0,gap,20
6089,40316683,40316.683,2708,0,gap,20
6090,40328432,40328.432,2667,0,gap,20
6091,40332568,40332.568,2640,0,gap,20
6092,40336699,40336.699,2631,0,gap,20
6093,40348424,40348.424,2608,0,gap,20
6094,40352574,40352.574,2580,0,gap,20
6095,40356719,40356.719,2552,0,gap,20
6096,40368432,40368.432,2541,0,gap,20
6097,40375388,40375.388,2511,0,gap,20
6098,40379288,40379.288,2481,0,gap,20
6099,40388424,40388.424,2462,0,gap,20
6100,40392317,40392.317,2436,0,gap,20
6101,40398424,40398.424,2422,0,gap,20
6102,40408432,40408.432,2389,0,gap,20
6103,40412350,40412.35,2373,0,gap,20
6104,40418436,40418.436,2345,0,gap,20
6105,40428424,40428.424,2345,0,gap,20
6106,40432341,40432.341,2302,0,gap,20
6107,40438424,40438.424,2302,0,gap,20
6108,40448432,40448.432,2269,0,gap,20
6109,40452372,40452.372,2243,0,gap,20
6110,40458432,40458.432,2237,0,gap,20
6111,40468424,40468.424,2212,0,gap,20
6112,40472370,40472.37,2196,0,gap,20
6113,40478424,40478.424,2160,0,gap,20
6114,40488432,40488.432,2149,0,gap,20
6115,40492396,40492.396,2135,0,gap,20
6116,40498432,40498.432,2115,0,gap,20
6117,40508424,40508.424,2095,0,gap,20
6118,40512391,40512.391,2075,0,gap,20
6119,40518423,40518.423,2064,0,gap,20
6120,40528436,40528.436,2030,0,gap,20
6121,40532427,40532.427,1996,0,gap,20
6122,40538431,40538.431,1981,0,gap,20
6123,40548424,40548.424,1977,0,gap,20
6124,40552439,40552.439,1951,0,gap,20
6125,40558423,40558.423,1933,0,gap,20
6126,40568432,40568.432,1926,0,gap,20
6127,40572467,40572.467,1895,0,gap,20
6128,40578431,40578.431,1872,0,gap,20
6129,40588424,40588.424,1854,0,gap,20
6130,40592468,40592.468,1841,0,gap,20
6131,40598415,40598.415,1827,0,gap,20
6132,40608432,40608.432,1792,0,gap,20
6133,40612490,40612.49,1777,0,gap,20
6134,40618415,40618.415,1766,0,gap,20
6135,40628424,40628.424,1744,0,gap,20
6136,40632512,40632.512,1735,0,gap,20
6137,40636591,40636.591,1719,0,gap,20
6138,40648433,40648.433,1695,0,gap,20
6139,40652527,40652.527,1679,0,gap,20
6140,40656616,40656.616,1661,0,gap,20
6141,40668425,40668.425,1647,0,gap,20
6142,40672532,40672.532,1620,0,gap,20
6143,40676631,40676.631,1597,0,gap,20
6144,40688433,40688.433,1581,0,gap,20
6145,40692542,40692.542,1573,0,gap,20
6146,40696651,40696.651,1535,0,gap,20
6147,40708425,40708.425,1531,0,gap,20
6148,40712544,40712.544,1525,0,gap,20
6149,40716658,40716.658,1502,0,gap,20
6150,40728433,40728.433,1475,0,gap,20
6151,40732565,40732.565,1475,0,gap,20
6152,40736698,40736.698,1456,0,gap,20
6153,40748425,40748.425,1438,0,gap,20
6154,40752567,40752.567,1419,0,gap,20
6155,40756705,40756.705,1398,0,gap,20
6156,40768432,40768.432,1392,0,gap,20
6157,40772581,40772.581,1378,0,gap,20
6158,40776728,40776.728,1360,0,gap,20
6159,40788424,40788.424,1358,0,gap,20
6160,40795339,40795.339,1315,0,gap,20
6161,40799228,40799.228,1316,0,gap,20
6162,40808432,40808.432,1296,0,gap,20
6163,40812330,40812.33,1287,0,gap,20
6164,40818432,40818.432,1274,0,gap,20
6165,40828424,40828.424,1251,0,gap,20
6166,40832335,40832.335,1252,0,gap,20
6167,40838424,40838.424,1232,0,gap,20
6168,40848436,40848.436,1225,0,gap,20
6169,40852358,40852.358,1217,0,gap,20
6170,40858432,40858.432,1183,0,gap,20
6171,40868424,40868.424,1179,0,gap,20
6172,40872361,40872.361,1152,0,gap,20
6173,40878424,40878.424,1137,0,gap,20
6174,40888432,40888.432,1146,0,gap,20
6175,40892383,40892.383,1112,0,gap,20
6176,40898432,40898.432,1113,0,gap,20
6177,40908424,40908.424,1094,0,gap,20
6178,40912385,40912.385,1079,0,gap,20
6179,40918423,40918.423,1088,0,gap,20
6180,40928432,40928.432,1069,0,gap,20
6181,40932403,40932.403,1053,0,gap,20
6182,40938431,40938.431,1037,0,gap,20
6183,40948424,40948.424,1040,0,gap,20
6184,40952415,40952.415,1007,0,gap,20
6185,40958423,40958.423,987,0,gap,20
6186,40968432,40968.432,993,0,gap,20
6187,40972454,40972.454,959,0,gap,20
6188,40978415,40978.415,963,0,gap,20
6189,40988423,40988.423,960,0,gap,20
6190,40992461,40992.461,924,0,gap,20
6191,40996491,40996.491,927,0,gap,20
6192,41008433,41008.433,907,0,gap,20
6193,41012472,41012.472,885,0,gap,20
6194,41016512,41016.512,901,0,gap,20
6195,41028425,41028.425,899,0,gap,20
6196,41032483,41032.483,875,0,gap,20
6197,41036542,41036.542,867,0,gap,20
6198,41048432,41048.432,885,0,gap,20
6199,41052516,41052.516,864,0,gap,20
6200,41056599,41056.599,839,0,gap,20
6201,41068424,41068.424,857,0,gap,20
6202,41072513,41072.513,815,0,gap,20
6203,41076602,41076.602,794,0,gap,20
6204,41088432,41088.432,832,0,gap,20
6205,41092531,41092.531,784,0,gap,20
6206,41096629,41096.629,782,0,gap,20
6207,41108423,41108.423,780,0,gap,20
6208,41112536,41112.536,767,0,gap,20
6209,41116645,41116.645,769,0,gap,20
6210,41128431,41128.431,763,0,gap,20
6211,41132558,41132.558,752,0,gap,20
6212,41136676,41136.676,740,0,gap,20
6213,41148423,41148.423,757,0,gap,20
6214,41152556,41152.556,725,0,gap,20
6215,41156684,41156.684,704,0,gap,20
6216,41168435,41168.435,756,0,gap,20
6217,41172574,41172.574,690,0,gap,20
6218,41176711,41176.711,682,0,gap,20
6219,41188423,41188.423,711,0,gap,20
6220,41192575,41192.575,656,0,gap,20
6221,41196723,41196.723,660,0,gap,20
6222,41208431,41208.431,686,0,gap,20
6223,41215343,41215.343,689,0,gap,20
6224,41219236,41219.236,641,0,gap,20
6225,41228424,41228.424,654,0,gap,20
6226,41232321,41232.321,649,0,gap,20
6227,41238424,41238.424,628,0,gap,20
6228,41248432,41248.432,663,0,gap,20
6229,41252350,41252.35,613,0,gap,20
6230,41258431,41258.431,599,0,gap,20
6231,41268424,41268.424,647,0,gap,20
6232,41272349,41272.349,592,0,gap,20
6233,41276270,41276.27,582,0,gap,20
6234,41288433,41288.433,618,0,gap,20
6235,41292372,41292.372,555,0,gap,20
6236,41296300,41296.3,575,0,gap,20
6237,41308425,41308.425,582,0,gap,20
6238,41312375,41312.375,547,0,gap,20
6239,41316324,41316.324,562,0,gap,20
6240,41328433,41328.433,587,0,gap,20
6241,41332392,41332.392,551,0,gap,20
6242,41336344,41336.344,545,0,gap,20
6243,41348424,41348.424,576,0,gap,20
6244,41352390,41352.39,538,0,gap,20
6245,41356357,41356.357,503,0,gap,20
6246,41368432,41368.432,579,0,gap,20
6247,41372422,41372.422,494,0,gap,20
6248,41376432,41376.432,482,0,gap,20
6249,41388424,41388.424,559,0,gap,20
6250,41392447,41392.447,475,0,gap,20
6251,41396465,41396.465,487,0,gap,20
6252,41408431,41408.431,509,0,gap,20
6253,41412465,41412.465,467,0,gap,20
6254,41416495,41416.495,490,0,gap,20
6255,41428423,41428.423,496,0,gap,20
6256,41432467,41432.467,472,0,gap,20
6257,41436507,41436.507,458,0,gap,20
6258,41448431,41448.431,531,0,gap,20
6259,41452498,41452.498,458,0,gap,20
6260,41456563,41456.563,430,0,gap,20
6261,41468423,41468.423,511,0,gap,20
6262,41472507,41472.507,419,0,gap,20
6263,41476586,41476.586,410,0,gap,20
6264,41488435,41488.435,478,0,gap,20
6265,41492528,41492.528,406,0,gap,20
6266,41496617,41496.617,423,0,gap,20
6267,41508423,41508.423,448,0,gap,20
6268,41512526,41512.526,414,0,gap,20
6269,41516624,41516.624,432,0,gap,20
6270,41528431,41528.431,439,0,gap,20
6271,41532544,41532.544,419,0,gap,20
6272,41536652,41536.652,391,0,gap,20
6273,41548423,41548.423,461,0,gap,20
6274,41552546,41552.546,400,0,gap,20
6275,41556663,41556.663,385,0,gap,20
6276,41568431,41568.431,464,0,gap,20
6277,41572563,41572.563,368,0,gap,20
6278,41576687,41576.687,350,0,gap,20
6279,41588423,41588.423,447,0,gap,20
6280,41592569,41592.569,353,0,gap,20
6281,41596702,41596.702,363,0,gap,20
6282,41608431,41608.431,400,0,gap,20
6283,41612583,41612.583,354,0,gap,20
6284,41616730,41616.73,362,0,gap,20
6285,41628423,41628.423,384,0,gap,20
6286,41635199,41635.199,385,0,gap,20
6287,41639094,41639.094,325,0,gap,20
6288,41648432,41648.432,408,0,gap,20
6289,41652330,41652.33,349,0,gap,20
6290,41658431,41658.431,332,0,gap,20
6291,41668424,41668.424,401,0,gap,20
6292,41672334,41672.334,310,0,gap,20
6293,41678423,41678.423,335,0,gap,20
6294,41688431,41688.431,367,0,gap,20
6295,41692356,41692.356,299,0,gap,20
6296,41696283,41696.283,317,0,gap,20
6297,41708425,41708.425,352,0,gap,20
6298,41712364,41712.364,311,0,gap,20
6299,41716304,41716.304,311,0,gap,20
6300,41728433,41728.433,363,0,gap,20
6301,41732379,41732.379,328,0,gap,20
6302,41736324,41736.324,304,0,gap,20
6303,41748424,41748.424,382,0,gap,20
6304,41752385,41752.385,310,0,gap,20
6305,41756340,41756.34,273,0,gap,20
6306,41768432,41768.432,379,0,gap,20
6307,41772403,41772.403,272,0,gap,20
6308,41776366,41776.366,257,0,gap,20
6309,41788424,41788.424,363,0,gap,20
6310,41792410,41792.41,257,0,gap,20
6311,41796414,41796.414,262,0,gap,20
6312,41808435,41808.435,309,0,gap,20
6313,41812454,41812.454,270,0,gap,20
6314,41816468,41816.468,288,0,gap,20
6315,41828423,41828.423,329,0,gap,20
6316,41832454,41832.454,272,0,gap,20
6317,41836487,41836.487,268,0,gap,20
6318,41848431,41848.431,333,0,gap,20
6319,41852479,41852.479,260,0,gap,20
6320,41856518,41856.518,234,0,gap,20
6321,41868423,41868.423,354,0,gap,20
6322,41872487,41872.487,238,0,gap,20
6323,41876565,41876.565,212,0,gap,20
6324,41888431,41888.431,319,0,gap,20
6325,41892519,41892.519,211,0,gap,20
6326,41896594,41896.594,240,0,gap,20
6327,41908423,41908.423,272,0,gap,20
6328,41912517,41912.517,241,0,gap,20
6329,41916605,41916.605,236,0,gap,20
6330,41928431,41928.431,272,0,gap,20
6331,41932538,41932.538,245,0,gap,20
6332,41936629,41936.629,236,0,gap,20
6333,41948423,41948.423,304,0,gap,20
6334,41952536,41952.536,227,0,gap,20
6335,41956648,41956.648,202,0,gap,20
6336,41968431,41968.431,322,0,gap,20
6337,41972558,41972.558,213,0,gap,20
6338,41976672,41976.672,202,0,gap,20
6339,41988423,41988.423,296,0,gap,20
6340,41992552,41992.552,179,0,gap,20
6341,41996680,41996.68,220,0,gap,20
6342,42008431,42008.431,262,0,gap,20
6343,42012577,42012.577,211,0,gap,20
6344,42016715,42016.715,234,0,gap,20
6345,42028423,42028.423,252,0,gap,20
6346,42032571,42032.571,217,0,gap,20
6347,42036718,42036.718,203,0,gap,20
6348,42043627,42043.627,208,0,gap,20
6349,42048411,42048.411,226,0,gap,20
6350,42058432,42058.432,225,0,gap,20
6351,42062331,42062.331,197,0,gap,20
6352,42068432,42068.432,235,0,gap,20
6353,42078424,42078.424,230,0,gap,20
6354,42082335,42082.335,193,0,gap,20
6355,42088424,42088.424,197,0,gap,20
6356,42098432,42098.432,270,0,gap,20
6357,42102354,42102.354,197,0,gap,20
6358,42108431,42108.431,173,0,gap,20
6359,42118424,42118.424,272,0,gap,20
6360,42122359,42122.359,161,0,gap,20
6361,42126296,42126.296,156,0,gap,20
6362,42138433,42138.433,256,0,gap,20
6363,42142380,42142.38,141,0,gap,20
6364,42146315,42146.315,170,0,gap,20
6365,42158425,42158.425,208,0,gap,20
6366,42162378,42162.378,162,0,gap,20
6367,42166335,42166.335,165,0,gap,20
6368,42178432,42178.432,225,0,gap,20
6369,42182400,42182.4,167,0,gap,20
6370,42186360,42186.36,163,0,gap,20
6371,42198424,42198.424,245,0,gap,20
6372,42202396,42202.396,165,0,gap,20
6373,42206395,42206.395,131,0,gap,20
6374,42218432,42218.432,254,0,gap,20
6375,42222456,42222.456,146,1,pulse,21
6376,42226563,42226.563,4095,1,pulse,21
6377,42238420,42238.42,4095,1,pulse,21
6378,42242382,42242.382,4095,1,pulse,21
6379,42246347,42246.347,4095,1,pulse,21
6380,42258428,42258.428,4095,1,pulse,21
6381,42262412,42262.412,4095,0,gap,21
6382,42266601,42266.601,2977,0,gap,21
6383,42278424,42278.424,2821,0,gap,21
6384,42282490,42282.49,2768,0,gap,21
6385,42286562,42286.562,2742,0,gap,21
6386,42298432,42298.432,2698,0,gap,21
6387,42302524,42302.524,2672,0,gap,21
6388,42306603,42306.603,2652,0,gap,21
6389,42318424,42318.424,2622,0,gap,21
6390,42322522,42322.522,2601,0,gap,21
6391,42326626,42326.626,2559,0,gap,21
6392,42338432,42338.432,2532,0,gap,21
6393,42342543,42342.543,2510,0,gap,21
6394,42346646,42346.646,2498,0,gap,21
6395,42358424,42358.424,2459,0,gap,21
6396,42362541,42362.541,2448,0,gap,21
6397,42366657,42366.657,2432,0,gap,21
6398,42378432,42378.432,2409,0,gap,21
6399,42382566,42382.566,2403,0,gap,21
6400,42386688,42386.688,2384,0,gap,21
6401,42398424,42398.424,2352,0,gap,21
6402,42402560,42402.56,2313,0,gap,21
6403,42406696,42406.696,2307,0,gap,21
6404,42418432,42418.432,2279,0,gap,21
6405,42422586,42422.586,2256,0,gap,21
6406,42426723,42426.723,2253,0,gap,21
6407,42438428,42438.428,2218,0,gap,21
6408,42442584,42442.584,2207,0,gap,21
6409,42446743,42446.743,2189,0,gap,21
6410,42458431,42458.431,2169,0,gap,21
6411,42465409,42465.409,2149,0,gap,21
6412,42469311,42469.311,2142,0,gap,21
6413,42478424,42478.424,2096,0,gap,21
6414,42482322,42482.322,2091,0,gap,21
6415,42488424,42488.424,2066,0,gap,21
6416,42498432,42498.432,2038,0,gap,21
6417,42502360,42502.36,2027,0,gap,21
6418,42508432,42508.432,2000,0,gap,21
6419,42518424,42518.424,1984,0,gap,21
6420,42522351,42522.351,1966,0,gap,21
6421,42528424,42528.424,1943,0,gap,21
6422,42538432,42538.432,1927,0,gap,21
6423,42542385,42542.385,1913,0,gap,21
6424,42548432,42548.432,1894,0,gap,21
6425,42558424,42558.424,1862,0,gap,21
6426,42562384,42562.384,1842,0,gap,21
6427,42568424,42568.424,1835,0,gap,21
6428,42578436,42578.436,1808,0,gap,21
6429,42582402,42582.402,1794,0,gap,21
6430,42588432,42588.432,1768,0,gap,21
6431,42598424,42598.424,1764,0,gap,21
6432,42602404,42602.404,1735,0,gap,21
6433,42608423,42608.423,1722,0,gap,21
6434,42618432,42618.432,1715,0,gap,21
6435,42622425,42622.425,1685,0,gap,21
6436,42628431,42628.431,1669,0,gap,21
6437,42638424,42638.424,1651,0,gap,21
6438,42642452,42642.452,1625,0,gap,21
6439,42648427,42648.427,1623,0,gap,21
6440,42658432,42658.432,1594,0,gap,21
6441,42662472,42662.472,1583,0,gap,21
6442,42668431,42668.431,1571,0,gap,21
6443,42678424,42678.424,1535,0,gap,21
6444,42682481,42682.481,1535,0,gap,21
6445,42688415,42688.415,1520,0,gap,21
6446,42698432,42698.432,1493,0,gap,21
6447,42702503,42702.503,1467,0,gap,21
6448,42708415,42708.415,1455,0,gap,21
6449,42718424,42718.424,1459,0,gap,21
6450,42722517,42722.517,1419,0,gap,21
6451,42726602,42726.602,1408,0,gap,21
6452,42738433,42738.433,1406,0,gap,21
6453,42742536,42742.536,1371,0,gap,21
6454,42746635,42746.635,1375,0,gap,21
6455,42758429,42758.429,1357,0,gap,21
6456,42762542,42762.542,1333,0,gap,21
6457,42766651,42766.651,1317,0,gap,21
6458,42778433,42778.433,1323,0,gap,21
6459,42782552,42782.552,1307,0,gap,21
6460,42786670,42786.67,1284,0,gap,21
6461,42798425,42798.425,1264,0,gap,21
6462,42802553,42802.553,1235,0,gap,21
6463,42806681,42806.681,1235,0,gap,21
6464,42818433,42818.433,1230,0,gap,21
6465,42822575,42822.575,1200,0,gap,21
6466,42826717,42826.717,1182,0,gap,21
6467,42838425,42838.425,1190,0,gap,21
6468,42842577,42842.577,1169,0,gap,21
6469,42846720,42846.72,1166,0,gap,21
6470,42858432,42858.432,1146,0,gap,21
6471,42862598,42862.598,1123,0,gap,21
6472,42866756,42866.756,1114,0,gap,21
6473,42878424,42878.424,1104,0,gap,21
6474,42885345,42885.345,1098,0,gap,21
6475,42889243,42889.243,1064,0,gap,21
6476,42898436,42898.436,1072,0,gap,21
6477,42902340,42902.34,1072,0,gap,21
6478,42908432,42908.432,1034,0,gap,21
6479,42918424,42918.424,1037,0,gap,21
6480,42922349,42922.349,1006,0,gap,21
6481,42928424,42928.424,1008,0,gap,21
6482,42938432,42938.432,996,0,gap,21
6483,42942363,42942.363,967,0,gap,21
6484,42948432,42948.432,978,0,gap,21
6485,42958424,42958.424,946,0,gap,21
6486,42962369,42962.369,943,0,gap,21
6487,42968427,42968.427,948,0,gap,21
6488,42978432,42978.432,944,0,gap,21
6489,42982387,42982.387,921,0,gap,21
6490,42988415,42988.415,908,0,gap,21
6491,42998423,42998.423,918,0,gap,21
6492,43002397,43002.397,881,0,gap,21
6493,43006358,43006.358,875,0,gap,21
6494,43018433,43018.433,894,0,gap,21
6495,43022417,43022.417,843,0,gap,21
6496,43026389,43026.389,842,0,gap,21
6497,43038425,43038.425,847,0,gap,21
6498,43042424,43042.424,813,0,gap,21
6499,43046448,43046.448,828,0,gap,21
6500,43058432,43058.432,830,0,gap,21
6501,43062468,43062.468,816,0,gap,21
6502,43066489,43066.489,809,0,gap,21
6503,43078428,43078.428,795,0,gap,21
6504,43082472,43082.472,782,0,gap,21
6505,43086511,43086.511,768,0,gap,21
6506,43098432,43098.432,784,0,gap,21
6507,43102481,43102.481,750,0,gap,21
6508,43106538,43106.538,739,0,gap,21
6509,43118423,43118.423,771,0,gap,21
6510,43122495,43122.495,709,0,gap,21
6511,43126569,43126.569,703,0,gap,21
6512,43138431,43138.431,732,0,gap,21
6513,43142525,43142.525,688,0,gap,21
6514,43146622,43146.622,689,0,gap,21
6515,43158423,43158.423,690,0,gap,21
6516,43162527,43162.527,687,0,gap,21
6517,43166625,43166.625,688,0,gap,21
6518,43178431,43178.431,685,0,gap,21
6519,43182553,43182.553,665,0,gap,21
6520,43186661,43186.661,656,0,gap,21
6521,43198423,43198.423,687,0,gap,21
6522,43202546,43202.546,641,0,gap,21
6523,43206660,43206.66,607,0,gap,21
6524,43218435,43218.435,673,0,gap,21
6525,43222564,43222.564,604,0,gap,21
6526,43226688,43226.688,598,0,gap,21
6527,43238423,43238.423,649,0,gap,21
6528,43242566,43242.566,587,0,gap,21
6529,43246703,43246.703,599,0,gap,21
6530,43258431,43258.431,605,0,gap,21
6531,43262583,43262.583,592,0,gap,21
6532,43266731,43266.731,574,0,gap,21
6533,43278423,43278.423,601,0,gap,21
6534,43282585,43282.585,576,0,gap,21
6535,43286746,43286.746,560,0,gap,21
6536,43298419,43298.419,594,0,gap,21
6537,43305330,43305.33,565,0,gap,21
6538,43309228,43309.228,534,0,gap,21
6539,43318424,43318.424,582,0,gap,21
6540,43322335,43322.335,496,0,gap,21
6541,43328424,43328.424,541,0,gap,21
6542,43338432,43338.432,560,0,gap,21
6543,43342360,43342.36,483,0,gap,21
6544,43348431,43348.431,552,0,gap,21
6545,43358424,43358.424,506,0,gap,21
6546,43362355,43362.355,485,0,gap,21
6547,43366286,43366.286,511,0,gap,21
6548,43378433,43378.433,511,0,gap,21
6549,43382386,43382.386,492,0,gap,21
6550,43386324,43386.324,474,0,gap,21
6551,43398429,43398.429,532,0,gap,21
6552,43402385,43402.385,469,0,gap,21
6553,43406340,43406.34,457,0,gap,21
6554,43418432,43418.432,534,0,gap,21
6555,43422406,43422.406,436,0,gap,21
6556,43426371,43426.371,443,0,gap,21
6557,43438424,43438.424,496,0,gap,21
6558,43442400,43442.4,427,0,gap,21
6559,43446377,43446.377,445,0,gap,21
6560,43458432,43458.432,453,0,gap,21
6561,43462428,43462.428,438,0,gap,21
6562,43466448,43466.448,438,0,gap,21
6563,43478423,43478.423,467,0,gap,21
6564,43482456,43482.456,425,0,gap,21
6565,43486481,43486.481,410,0,gap,21
6566,43498431,43498.431,482,0,gap,21
6567,43502479,43502.479,400,0,gap,21
6568,43506519,43506.519,369,0,gap,21
6569,43518423,43518.423,467,0,gap,21
6570,43522477,43522.477,375,0,gap,21
6571,43526531,43526.531,373,0,gap,21
6572,43538435,43538.435,448,0,gap,21
6573,43542503,43542.503,367,0,gap,21
6574,43546582,43546.582,379,0,gap,21
6575,43558423,43558.423,401,0,gap,21
6576,43562517,43562.517,371,0,gap,21
6577,43566601,43566.601,374,0,gap,21
6578,43578431,43578.431,391,0,gap,21
6579,43582534,43582.534,379,0,gap,21
6580,43586633,43586.633,342,0,gap,21
6581,43598423,43598.423,435,0,gap,21
6582,43602536,43602.536,353,0,gap,21
6583,43606648,43606.648,317,0,gap,21
6584,43618431,43618.431,427,0,gap,21
6585,43622554,43622.554,335,0,gap,21
6586,43626672,43626.672,335,0,gap,21
6587,43638423,43638.423,390,0,gap,21
6588,43642560,43642.56,324,0,gap,21
6589,43646683,43646.683,337,0,gap,21
6590,43658431,43658.431,361,0,gap,21
6591,43662573,43662.573,322,0,gap,21
6592,43666711,43666.711,338,0,gap,21
6593,43678423,43678.423,368,0,gap,21
6594,43682579,43682.579,326,0,gap,21
6595,43686726,43686.726,312,0,gap,21
6596,43698431,43698.431,398,0,gap,21
6597,43702593,43702.593,315,0,gap,21
6598,43706746,43706.746,274,0,gap,21
6599,43718427,43718.427,380,0,gap,21
6600,43725365,43725.365,304,0,gap,21
6601,43729261,43729.261,289,0,gap,21
6602,43738432,43738.432,342,0,gap,21
6603,43742339,43742.339,272,0,gap,21
6604,43748436,43748.436,330,0,gap,21
6605,43758424,43758.424,318,0,gap,21
6606,43762347,43762.347,289,0,gap,21
6607,43768423,43768.423,303,0,gap,21
6608,43778432,43778.432,311,0,gap,21
6609,43782366,43782.366,282,0,gap,21
6610,43786304,43786.304,254,0,gap,21
6611,43798425,43798.425,361,0,gap,21
6612,43802370,43802.37,274,0,gap,21
6613,43806311,43806.311,249,0,gap,21
6614,43818433,43818.433,353,0,gap,21
6615,43822397,43822.397,237,0,gap,21
6616,43826352,43826.352,239,0,gap,21
6617,43838425,43838.425,330,0,gap,21
6618,43842390,43842.39,229,0,gap,21
6619,43846355,43846.355,265,0,gap,21
6620,43858436,43858.436,284,0,gap,21
6621,43862412,43862.412,245,0,gap,21
6622,43866384,43866.384,251,0,gap,21
6623,43878424,43878.424,283,0,gap,21
6624,43882421,43882.421,257,0,gap,21
6625,43886428,43886.428,239,0,gap,21
6626,43898432,43898.432,316,0,gap,21
6627,43902460,43902.46,235,0,gap,21
6628,43906485,43906.485,208,0,gap,21
6629,43918423,43918.423,325,0,gap,21
6630,43922467,43922.467,198,0,gap,21
6631,43926510,43926.51,205,0,gap,21
6632,43938431,43938.431,304,0,gap,21
6633,43942485,43942.485,198,0,gap,21
6634,43946534,43946.534,225,0,gap,21
6635,43958423,43958.423,250,0,gap,21
6636,43962499,43962.499,221,0,gap,21
6637,43966580,43966.58,208,0,gap,21
6638,43978431,43978.431,253,0,gap,21
6639,43982524,43982.524,231,0,gap,21
6640,43986613,43986.613,204,0,gap,21
6641,43998423,43998.423,297,0,gap,21
6642,44002530,44002.53,195,0,gap,21
6643,44006625,44006.625,166,0,gap,21
6644,44018431,44018.431,285,0,gap,21
6645,44022544,44022.544,178,0,gap,21
6646,44026648,44026.648,166,0,gap,21
6647,44038427,44038.427,278,0,gap,21
6648,44042550,44042.55,173,0,gap,21
6649,44046668,44046.668,208,0,gap,21
6650,44058431,44058.431,241,0,gap,21
6651,44062563,44062.563,202,0,gap,21
6652,44066691,44066.691,192,0,gap,21
6653,44078423,44078.423,256,0,gap,21
6654,44082565,44082.565,203,0,gap,21
6655,44086702,44086.702,169,0,gap,21
6656,44098431,44098.431,272,1,pulse,22
6657,44102678,44102.678,4095,1,pulse,22
6658,44106768,44106.768,4095,1,pulse,22
6659,44118420,44118.42,4095,1,pulse,22
6660,44122516,44122.516,4095,1,pulse,22
6661,44126607,44126.607,4095,1,pulse,22
6662,44133463,44133.463,4095,0,gap,22
6663,44148436,44148.436,2812,0,gap,22
6664,44152350,44152.35,2784,0,gap,22
6665,44156257,44156.257,2757,0,gap,22
6666,44168432,44168.432,2679,0,gap,22
6667,44172363,44172.363,2672,0,gap,22
6668,44176287,44176.287,2654,0,gap,22
6669,44188424,44188.424,2608,0,gap,22
6670,44192362,44192.362,2587,0,gap,22
6671,44196296,44196.296,2559,0,gap,22
6672,44208432,44208.432,2542,0,gap,22
6673,44212392,44212.392,2519,0,gap,22
6674,44216337,44216.337,2496,0,gap,22
6675,44228424,44228.424,2480,0,gap,22
6676,44232384,44232.384,2454,0,gap,22
6677,44236348,44236.348,2428,0,gap,22
6678,44248432,44248.432,2416,0,gap,22
6679,44252410,44252.41,2391,0,gap,22
6680,44256376,44256.376,2368,0,gap,22
6681,44268424,44268.424,2347,0,gap,22
6682,44272405,44272.405,2319,0,gap,22
6683,44276393,44276.393,2310,0,gap,22
6684,44288432,44288.432,2290,0,gap,22
6685,44292431,44292.431,2270,0,gap,22
6686,44296418,44296.418,2247,0,gap,22
6687,44308424,44308.424,2220,0,gap,22
6688,44312457,44312.457,2197,0,gap,22
6689,44316497,44316.497,2192,0,gap,22
6690,44328431,44328.431,2160,0,gap,22
6691,44332484,44332.484,2151,0,gap,22
6692,44336524,44336.524,2127,0,gap,22
6693,44348423,44348.423,2114,0,gap,22
6694,44352482,44352.482,2078,0,gap,22
6695,44356541,44356.541,2075,0,gap,22
6696,44368431,44368.431,2036,0,gap,22
6697,44372508,44372.508,2030,0,gap,22
6698,44376576,44376.576,2005,0,gap,22
6699,44388427,44388.427,1983,0,gap,22
6700,44392522,44392.522,1966,0,gap,22
6701,44396620,44396.62,1948,0,gap,22
6702,44408431,44408.431,1925,0,gap,22
6703,44412544,44412.544,1921,0,gap,22
6704,44416643,44416.643,1900,0,gap,22
6705,44428423,44428.423,1872,0,gap,22
6706,44432537,44432.537,1840,0,gap,22
6707,44436655,44436.655,1827,0,gap,22
6708,44448431,44448.431,1808,0,gap,22
6709,44452563,44452.563,1808,0,gap,22
6710,44456686,44456.686,1774,0,gap,22
6711,44468423,44468.423,1763,0,gap,22
6712,44472557,44472.557,1735,0,gap,22
6713,44476694,44476.694,1713,0,gap,22
6714,44488431,44488.431,1691,0,gap,22
6715,44492587,44492.587,1680,0,gap,22
6716,44496725,44496.725,1680,0,gap,22
6717,44508423,44508.423,1657,0,gap,22
6718,44512576,44512.576,1635,0,gap,22
6719,44516732,44516.732,1616,0,gap,22
6720,44528431,44528.431,1590,0,gap,22
6721,44532606,44532.606,1594,0,gap,22
6722,44536764,44536.764,1564,0,gap,22
6723,44548423,44548.423,1555,0,gap,22
6724,44552597,44552.597,1525,0,gap,22
6725,44559581,44559.581,1509,0,gap,22
6726,44563494,44563.494,1495,0,gap,22
6727,44568424,44568.424,1487,0,gap,22
6728,44578433,44578.433,1469,0,gap,22
6729,44582362,44582.362,1457,0,gap,22
6730,44588433,44588.433,1425,0,gap,22
6731,44598429,44598.429,1418,0,gap,22
6732,44602362,44602.362,1401,0,gap,22
6733,44608425,44608.425,1376,0,gap,22
6734,44618433,44618.433,1370,0,gap,22
6735,44622388,44622.388,1358,0,gap,22
6736,44628432,44628.432,1329,0,gap,22
6737,44638425,44638.425,1327,0,gap,22
6738,44642384,44642.384,1307,0,gap,22
6739,44648424,44648.424,1297,0,gap,22
6740,44658433,44658.433,1273,0,gap,22
6741,44662410,44662.41,1263,0,gap,22
6742,44668432,44668.432,1259,0,gap,22
6743,44678425,44678.425,1243,0,gap,22
6744,44682404,44682.404,1222,0,gap,22
6745,44688424,44688.424,1211,0,gap,22
6746,44698433,44698.433,1221,0,gap,22
6747,44702434,44702.434,1177,0,gap,22
6748,44708432,44708.432,1167,0,gap,22
6749,44718425,44718.425,1168,0,gap,22
6750,44722458,44722.458,1137,0,gap,22
6751,44728424,44728.424,1145,0,gap,22
6752,44738433,44738.433,1117,0,gap,22
6753,44742486,44742.486,1099,0,gap,22
6754,44748432,44748.432,1094,0,gap,22
6755,44758424,44758.424,1079,0,gap,22
6756,44762478,44762.478,1066,0,gap,22
6757,44768424,44768.424,1071,0,gap,22
6758,44778432,44778.432,1059,0,gap,22
6759,44782503,44782.503,1041,0,gap,22
6760,44788432,44788.432,1014,0,gap,22
6761,44798424,44798.424,1035,0,gap,22
6762,44802517,44802.517,998,0,gap,22
6763,44808428,44808.428,975,0,gap,22
6764,44818432,44818.432,984,0,gap,22
6765,44822541,44822.541,946,0,gap,22
6766,44828431,44828.431,955,0,gap,22
6767,44838424,44838.424,940,0,gap,22
6768,44842535,44842.535,913,0,gap,22
6769,44846653,44846.653,917,0,gap,22
6770,44858433,44858.433,912,0,gap,22
6771,44862562,44862.562,914,0,gap,22
6772,44866678,44866.678,881,0,gap,22
6773,44878425,44878.425,895,0,gap,22
6774,44882559,44882.559,869,0,gap,22
6775,44886693,44886.693,840,0,gap,22
6776,44898432,44898.432,880,0,gap,22
6777,44902581,44902.581,841,0,gap,22
6778,44906716,44906.716,823,0,gap,22
6779,44918428,44918.428,849,0,gap,22
6780,44922578,44922.578,800,0,gap,22
6781,44926732,44926.732,804,0,gap,22
6782,44938432,44938.432,801,0,gap,22
6783,44942600,44942.6,781,0,gap,22
6784,44946755,44946.755,786,0,gap,22
6785,44958423,44958.423,767,0,gap,22
6786,44962593,44962.593,759,0,gap,22
6787,44966762,44966.762,765,0,gap,22
6788,44973691,44973.691,735,0,gap,22
6789,44978415,44978.415,738,0,gap,22
6790,44988433,44988.433,747,0,gap,22
6791,44992350,44992.35,713,0,gap,22
6792,44998432,44998.432,733,0,gap,22
6793,45008424,45008.424,704,0,gap,22
6794,45012357,45012.357,695,0,gap,22
6795,45018428,45018.428,706,0,gap,22
6796,45028432,45028.432,691,0,gap,22
6797,45032376,45032.376,688,0,gap,22
6798,45038431,45038.431,683,0,gap,22
6799,45048424,45048.424,690,0,gap,22
6800,45052382,45052.382,656,0,gap,22
6801,45058411,45058.411,648,0,gap,22
6802,45068431,45068.431,672,0,gap,22
6803,45072401,45072.401,624,0,gap,22
6804,45076365,45076.365,624,0,gap,22
6805,45088425,45088.425,642,0,gap,22
6806,45092408,45092.408,597,0,gap,22
6807,45096383,45096.383,617,0,gap,22
6808,45108433,45108.433,602,0,gap,22
6809,45112422,45112.422,605,0,gap,22
6810,45116408,45116.408,606,0,gap,22
6811,45128428,45128.428,607,0,gap,22
6812,45132434,45132.434,594,0,gap,22
6813,45136471,45136.471,563,0,gap,22
6814,45148432,45148.432,623,0,gap,22
6815,45152474,45152.474,560,0,gap,22
6816,45156511,45156.511,535,0,gap,22
6817,45168424,45168.424,594,0,gap,22
6818,45172478,45172.478,525,0,gap,22
6819,45176526,45176.526,526,0,gap,22
6820,45188431,45188.431,563,0,gap,22
6821,45192494,45192.494,498,0,gap,22
6822,45196556,45196.556,528,0,gap,22
6823,45208423,45208.423,534,0,gap,22
6824,45212505,45212.505,509,0,gap,22
6825,45216593,45216.593,501,0,gap,22
6826,45228431,45228.431,544,0,gap,22
6827,45232538,45232.538,505,0,gap,22
6828,45236636,45236.636,464,0,gap,22
6829,45248423,45248.423,544,0,gap,22
6830,45252536,45252.536,479,0,gap,22
6831,45256644,45256.644,450,0,gap,22
6832,45268431,45268.431,532,0,gap,22
6833,45272558,45272.558,448,0,gap,22
6834,45276675,45276.675,449,0,gap,22
6835,45288423,45288.423,501,0,gap,22
6836,45292555,45292.555,432,0,gap,22
6837,45296683,45296.683,462,0,gap,22
6838,45308431,45308.431,464,0,gap,22
6839,45312573,45312.573,452,0,gap,22
6840,45316710,45316.71,450,0,gap,22
6841,45328423,45328.423,482,0,gap,22
6842,45332575,45332.575,434,0,gap,22
6843,45336726,45336.726,421,0,gap,22
6844,45348431,45348.431,484,0,gap,22
6845,45352592,45352.592,414,0,gap,22
6846,45356749,45356.749,374,0,gap,22
6847,45368423,45368.423,481,0,gap,22
6848,45372595,45372.595,389,0,gap,22
6849,45376765,45376.765,395,0,gap,22
6850,45383689,45383.689,436,0,gap,22
6851,45388411,45388.411,376,0,gap,22
6852,45398432,45398.432,461,0,gap,22
6853,45402346,45402.346,381,0,gap,22
6854,45408432,45408.432,378,0,gap,22
6855,45418424,45418.424,453,0,gap,22
6856,45422355,45422.355,350,0,gap,22
6857,45428423,45428.423,383,0,gap,22
6858,45438432,45438.432,419,0,gap,22
6859,45442377,45442.377,351,0,gap,22
6860,45448431,45448.431,398,0,gap,22
6861,45458424,45458.424,378,0,gap,22
6862,45462376,45462.376,341,0,gap,22
6863,45466332,45466.332,358,0,gap,22
6864,45478433,45478.433,404,0,gap,22
6865,45482408,45482.408,347,0,gap,22
6866,45486367,45486.367,335,0,gap,22
6867,45498425,45498.425,414,0,gap,22
6868,45502398,45502.398,319,0,gap,22
6869,45506374,45506.374,304,0,gap,22
6870,45518432,45518.432,403,0,gap,22
6871,45522424,45522.424,300,0,gap,22
6872,45526403,45526.403,304,0,gap,22
6873,45538424,45538.424,372,0,gap,22
6874,45542419,45542.419,288,0,gap,22
6875,45546444,45546.444,322,0,gap,22
6876,45558432,45558.432,331,0,gap,22
6877,45562475,45562.475,318,0,gap,22
6878,45566507,45566.507,304,0,gap,22
6879,45578423,45578.423,343,0,gap,22
6880,45582471,45582.471,304,0,gap,22
6881,45586525,45586.525,276,0,gap,22
6882,45598431,45598.431,372,0,gap,22
6883,45602496,45602.496,275,0,gap,22
6884,45606549,45606.549,260,0,gap,22
6885,45618423,45618.423,370,0,gap,22
6886,45622503,45622.503,251,0,gap,22
6887,45626587,45626.587,255,0,gap,22
6888,45638431,45638.431,320,0,gap,22
6889,45642536,45642.536,249,0,gap,22
6890,45646628,45646.628,273,0,gap,22
6891,45658427,45658.427,304,0,gap,22
6892,45662534,45662.534,273,0,gap,22
6893,45666643,45666.643,251,0,gap,22
6894,45678431,45678.431,304,0,gap,22
6895,45682555,45682.555,273,0,gap,22
6896,45686667,45686.667,250,0,gap,22
6897,45698423,45698.423,337,0,gap,22
6898,45702549,45702.549,251,0,gap,22
6899,45706678,45706.678,211,0,gap,22
6900,45718431,45718.431,335,0,gap,22
6901,45722575,45722.575,221,0,gap,22
6902,45726710,45726.71,231,0,gap,22
6903,45738423,45738.423,307,0,gap,22
6904,45742569,45742.569,215,0,gap,22
6905,45746717,45746.717,255,0,gap,22
6906,45758431,45758.431,268,0,gap,22
6907,45762598,45762.598,242,0,gap,22
6908,45766749,45766.749,233,0,gap,22
6909,45778415,45778.415,283,0,gap,22
6910,45782584,45782.584,228,0,gap,22
6911,45786756,45786.756,208,0,gap,22
6912,45798419,45798.419,303,0,gap,22
6913,45805382,45805.382,233,0,gap,22
6914,45809308,45809.308,195,0,gap,22
6915,45818423,45818.423,291,0,gap,22
6916,45822339,45822.339,180,0,gap,22
6917,45828424,45828.424,240,0,gap,22
6918,45838432,45838.432,257,0,gap,22
6919,45842364,45842.364,175,0,gap,22
6920,45848431,45848.431,251,0,gap,22
6921,45858424,45858.424,235,0,gap,22
6922,45862367,45862.367,208,0,gap,22
6923,45866312,45866.312,209,0,gap,22
6924,45878433,45878.433,259,0,gap,22
6925,45882390,45882.39,221,0,gap,22
6926,45886344,45886.344,176,0,gap,22
6927,45898425,45898.425,273,0,gap,22
6928,45902393,45902.393,190,0,gap,22
6929,45906361,45906.361,161,0,gap,22
6930,45918432,45918.432,281,0,gap,22
6931,45922411,45922.411,166,0,gap,22
6932,45926385,45926.385,170,0,gap,22
6933,45938424,45938.424,231,0,gap,22
6934,45942417,45942.417,163,0,gap,22
6935,45946401,45946.401,183,0,gap,22
6936,45958432,45958.432,213,0,gap,22
6937,45962436,45962.436,176,0,gap,22
6938,45966467,45966.467,179,0,gap,22
6939,45978428,45978.428,234,0,gap,22
6940,45982469,45982.469,185,0,gap,22
6941,45986505,45986.505,155,0,gap,22
6942,45998431,45998.431,260,0,gap,22
6943,46002489,46002.489,162,0,gap,22
6944,46006532,46006.532,128,0,gap,22
6945,46018423,46018.423,247,0,gap,22
6946,46022481,46022.481,138,0,gap,22
6947,46026543,46026.543,143,0,gap,22
6948,46038431,46038.431,221,0,gap,22
6949,46042516,46042.516,140,0,gap,22
6950,46046603,46046.603,163,0,gap,22
6951,46058423,46058.423,191,0,gap,22
6952,46062522,46062.522,157,0,gap,22
6953,46066624,46066.624,163,0,gap,22
6954,46078431,46078.431,211,0,gap,22
6955,46082551,46082.551,167,0,gap,22
6956,46086655,46086.655,129,0,gap,22
6957,46098423,46098.423,227,0,gap,22
6958,46102541,46102.541,139,0,gap,22
6959,46106662,46106.662,129,0,gap,22
6960,46118431,46118.431,242,0,gap,22
6961,46122571,46122.571,118,0,gap,22
6962,46126694,46126.694,126,0,gap,22
6963,46138423,46138.423,208,0,gap,22
6964,46142560,46142.56,112,0,gap,22
6965,46146701,46146.701,152,0,gap,22
6966,46158431,46158.431,178,1,pulse,23
6967,46162678,46162.678,4095,1,pulse,23
6968,46166763,46166.763,4095,1,pulse,23
6969,46178420,46178.42,4095,1,pulse,23
6970,46182511,46182.511,4095,1,pulse,23
6971,46186609,46186.609,4095,1,pulse,23
6972,46198428,46198.428,4095,0,gap,23
6973,46202759,46202.759,2998,0,gap,23
6974,46206935,46206.935,2925,0,gap,23
6975,46218428,46218.428,2768,0,gap,23
6976,46225370,46225.37,2736,0,gap,23
6977,46229312,46229.312,2711,0,gap,23
6978,46238432,46238.432,2684,0,gap,23
6979,46242362,46242.362,2655,0,gap,23
6980,46248432,46248.432,2626,0,gap,23
6981,46258424,46258.424,2606,0,gap,23
6982,46262363,46262.363,2594,0,gap,23
6983,46268424,46268.424,2557,0,gap,23
6984,46278432,46278.432,2519,0,gap,23
6985,46282391,46282.391,2511,0,gap,23
6986,46288436,46288.436,2483,0,gap,23
6987,46298424,46298.424,2473,0,gap,23
6988,46302389,46302.389,2435,0,gap,23
6989,46308424,46308.424,2417,0,gap,23
6990,46318432,46318.432,2396,0,gap,23
6991,46322420,46322.42,2371,0,gap,23
6992,46328432,46328.432,2380,0,gap,23
6993,46338424,46338.424,2332,0,gap,23
6994,46342410,46342.41,2304,0,gap,23
6995,46348423,46348.423,2306,0,gap,23
6996,46358432,46358.432,2269,0,gap,23
6997,46362440,46362.44,2255,0,gap,23
6998,46368431,46368.431,2232,0,gap,23
6999,46378424,46378.424,2224,0,gap,23
7000,46382438,46382.438,2202,0,gap,23
7001,46388423,46388.423,2173,0,gap,23
7002,46398436,46398.436,2159,0,gap,23
7003,46402493,46402.493,2132,0,gap,23
7004,46408431,46408.431,2109,0,gap,23
7005,46418424,46418.424,2099,0,gap,23
7006,46422484,46422.484,2067,0,gap,23
7007,46428419,46428.419,2045,0,gap,23
7008,46438432,46438.432,2029,0,gap,23
7009,46442509,46442.509,2010,0,gap,23
7010,46448415,46448.415,1987,0,gap,23
7011,46458424,46458.424,1980,0,gap,23
7012,46462512,46462.512,1946,0,gap,23
7013,46466619,46466.619,1939,0,gap,23
7014,46478433,46478.433,1919,0,gap,23
7015,46482550,46482.55,1898,0,gap,23
7016,46486655,46486.655,1875,0,gap,23
7017,46498425,46498.425,1863,0,gap,23
7018,46502548,46502.548,1840,0,gap,23
7019,46506671,46506.671,1819,0,gap,23
7020,46518433,46518.433,1811,0,gap,23
7021,46522570,46522.57,1779,0,gap,23
7022,46526694,46526.694,1765,0,gap,23
7023,46538429,46538.429,1750,0,gap,23
7024,46542568,46542.568,1725,0,gap,23
7025,46546709,46546.709,1715,0,gap,23
7026,46558433,46558.433,1681,0,gap,23
7027,46562589,46562.589,1691,0,gap,23
7028,46566733,46566.733,1652,0,gap,23
7029,46578425,46578.425,1636,0,gap,23
7030,46582583,46582.583,1616,0,gap,23
7031,46586744,46586.744,1603,0,gap,23
7032,46598432,46598.432,1591,0,gap,23
7033,46602608,46602.608,1566,0,gap,23
7034,46606776,46606.776,1556,0,gap,23
7035,46618424,46618.424,1526,0,gap,23
7036,46622602,46622.602,1503,0,gap,23
7037,46626783,46626.783,1508,0,gap,23
7038,46633718,46633.718,1495,0,gap,23
7039,46648428,46648.428,1472,0,gap,23
7040,46652344,46652.344,1445,0,gap,23
7041,46656264,46656.264,1424,0,gap,23
7042,46668432,46668.432,1424,0,gap,23
7043,46672373,46672.373,1408,0,gap,23
7044,46676303,46676.303,1378,0,gap,23
7045,46688424,46688.424,1360,0,gap,23
7046,46692368,46692.368,1351,0,gap,23
7047,46696316,46696.316,1351,0,gap,23
7048,46708432,46708.432,1327,0,gap,23
7049,46712398,46712.398,1319,0,gap,23
7050,46716357,46716.357,1302,0,gap,23
7051,46728424,46728.424,1283,0,gap,23
7052,46732394,46732.394,1266,0,gap,23
7053,46736368,46736.368,1250,0,gap,23
7054,46748432,46748.432,1249,0,gap,23
7055,46752424,46752.424,1214,0,gap,23
7056,46756401,46756.401,1195,0,gap,23
7057,46768424,46768.424,1200,0,gap,23
7058,46772415,46772.415,1168,0,gap,23
7059,46776409,46776.409,1173,0,gap,23
7060,46788432,46788.432,1153,0,gap,23
7061,46792445,46792.445,1142,0,gap,23
7062,46796443,46796.443,1126,0,gap,23
7063,46808424,46808.424,1114,0,gap,23
7064,46812467,46812.467,1105,0,gap,23
7065,46816513,46816.513,1107,0,gap,23
7066,46828436,46828.436,1103,0,gap,23
7067,46832498,46832.498,1063,0,gap,23
7068,46836548,46836.548,1057,0,gap,23
7069,46848423,46848.423,1053,0,gap,23
7070,46852488,46852.488,1022,0,gap,23
7071,46856561,46856.561,999,0,gap,23
7072,46868431,46868.431,1042,0,gap,23
7073,46872518,46872.518,980,0,gap,23
7074,46876595,46876.595,976,0,gap,23
7075,46888423,46888.423,965,0,gap,23
7076,46892527,46892.527,946,0,gap,23
7077,46896637,46896.637,951,0,gap,23
7078,46908431,46908.431,933,0,gap,23
7079,46912552,46912.552,944,0,gap,23
7080,46916661,46916.661,914,0,gap,23
7081,46928423,46928.423,934,0,gap,23
7082,46932550,46932.55,896,0,gap,23
7083,46936676,46936.676,887,0,gap,23
7084,46948431,46948.431,900,0,gap,23
7085,46952572,46952.572,863,0,gap,23
7086,46956700,46956.7,845,0,gap,23
7087,46968427,46968.427,876,0,gap,23
7088,46972570,46972.57,819,0,gap,23
7089,46976715,46976.715,833,0,gap,23
7090,46988431,46988.431,828,0,gap,23
7091,46992591,46992.591,806,0,gap,23
7092,46996739,46996.739,802,0,gap,23
7093,47008423,47008.423,799,0,gap,23
7094,47012585,47012.585,787,0,gap,23
7095,47016750,47016.75,778,0,gap,23
7096,47028419,47028.419,781,0,gap,23
7097,47032599,47032.599,764,0,gap,23
7098,47036770,47036.77,741,0,gap,23
7099,47048415,47048.415,781,0,gap,23
7100,47052598,47052.598,720,0,gap,23
7101,47059591,47059.591,737,0,gap,23
7102,47063508,47063.508,722,0,gap,23
7103,47068428,47068.428,708,0,gap,23
7104,47078433,47078.433,724,0,gap,23
7105,47082371,47082.371,703,0,gap,23
7106,47088432,47088.432,691,0,gap,23
7107,47098425,47098.425,713,0,gap,23
7108,47102366,47102.366,667,0,gap,23
7109,47108424,47108.424,662,0,gap,23
7110,47118432,47118.432,695,0,gap,23
7111,47122396,47122.396,643,0,gap,23
7112,47128432,47128.432,656,0,gap,23
7113,47138424,47138.424,651,0,gap,23
7114,47142396,47142.396,623,0,gap,23
7115,47148423,47148.423,657,0,gap,23
7116,47158432,47158.432,619,0,gap,23
7117,47162417,47162.417,624,0,gap,23
7118,47168415,47168.415,618,0,gap,23
7119,47178427,47178.427,645,0,gap,23
7120,47182415,47182.415,592,0,gap,23
7121,47186407,47186.407,587,0,gap,23
7122,47198433,47198.433,640,0,gap,23
7123,47202439,47202.439,560,0,gap,23
7124,47206434,47206.434,554,0,gap,23
7125,47218425,47218.425,623,0,gap,23
7126,47222467,47222.467,537,0,gap,23
7127,47226511,47226.511,543,0,gap,23
7128,47238432,47238.432,575,0,gap,23
7129,47242491,47242.491,509,0,gap,23
7130,47246542,47246.542,543,0,gap,23
7131,47258424,47258.424,559,0,gap,23
7132,47262486,47262.486,542,0,gap,23
7133,47266551,47266.551,535,0,gap,23
7134,47278431,47278.431,561,0,gap,23
7135,47282515,47282.515,509,0,gap,23
7136,47286595,47286.595,474,0,gap,23
7137,47298423,47298.423,554,0,gap,23
7138,47302525,47302.525,485,0,gap,23
7139,47306630,47306.63,471,0,gap,23
7140,47318431,47318.431,525,0,gap,23
7141,47322555,47322.555,451,0,gap,23
7142,47326661,47326.661,448,0,gap,23
7143,47338423,47338.423,498,0,gap,23
7144,47342544,47342.544,448,0,gap,23
7145,47346668,47346.668,468,0,gap,23
7146,47358435,47358.435,476,0,gap,23
7147,47362574,47362.574,453,0,gap,23
7148,47366700,47366.7,442,0,gap,23
7149,47378423,47378.423,496,0,gap,23
7150,47382564,47382.564,435,0,gap,23
7151,47386711,47386.711,419,0,gap,23
7152,47398431,47398.431,503,0,gap,23
7153,47402589,47402.589,414,0,gap,23
7154,47406735,47406.735,400,0,gap,23
7155,47418423,47418.423,480,0,gap,23
7156,47422583,47422.583,391,0,gap,23
7157,47426751,47426.751,394,0,gap,23
7158,47438419,47438.419,434,0,gap,23
7159,47442597,47442.597,384,0,gap,23
7160,47446762,47446.762,403,0,gap,23
7161,47458415,47458.415,420,0,gap,23
7162,47462599,47462.599,387,0,gap,23
7163,47466781,47466.781,392,0,gap,23
7164,47473720,47473.72,381,0,gap,23
7165,47477640,47477.64,371,0,gap,23
7166,47488433,47488.433,418,0,gap,23
7167,47492368,47492.368,358,0,gap,23
7168,47498432,47498.432,402,0,gap,23
7169,47508424,47508.424,393,0,gap,23
7170,47512364,47512.364,362,0,gap,23
7171,47518423,47518.423,377,0,gap,23
7172,47528432,47528.432,409,0,gap,23
7173,47532394,47532.394,348,0,gap,23
7174,47538431,47538.431,335,0,gap,23
7175,47548424,47548.424,411,0,gap,23
7176,47552389,47552.389,336,0,gap,23
7177,47556358,47556.358,309,0,gap,23
7178,47568437,47568.437,405,0,gap,23
7179,47572420,47572.42,314,0,gap,23
7180,47576391,47576.391,310,0,gap,23
7181,47588425,47588.425,371,0,gap,23
7182,47592410,47592.41,309,0,gap,23
7183,47596403,47596.403,323,0,gap,23
7184,47608432,47608.432,350,0,gap,23
7185,47612436,47612.436,321,0,gap,23
7186,47616428,47616.428,308,0,gap,23
7187,47628424,47628.424,376,0,gap,23
7188,47632440,47632.44,311,0,gap,23
7189,47636491,47636.491,287,0,gap,23
7190,47648432,47648.432,375,0,gap,23
7191,47652488,47652.488,287,0,gap,23
7192,47656532,47656.532,254,0,gap,23
7193,47668423,47668.423,370,0,gap,23
7194,47672491,47672.491,262,0,gap,23
7195,47676550,47676.55,272,0,gap,23
7196,47688431,47688.431,339,0,gap,23
7197,47692505,47692.505,262,0,gap,23
7198,47696577,47696.577,289,0,gap,23
7199,47708427,47708.427,309,0,gap,23
7200,47712519,47712.519,274,0,gap,23
7201,47716612,47716.612,272,0,gap,23
7202,47728431,47728.431,322,0,gap,23
7203,47732545,47732.545,276,0,gap,23
7204,47736653,47736.653,254,0,gap,23
7205,47748423,47748.423,343,0,gap,23
7206,47752546,47752.546,240,0,gap,23
7207,47756665,47756.665,230,0,gap,23
7208,47768431,47768.431,346,0,gap,23
7209,47772564,47772.564,229,0,gap,23
7210,47776696,47776.696,256,0,gap,23
7211,47788423,47788.423,306,0,gap,23
7212,47792566,47792.566,232,0,gap,23
7213,47796704,47796.704,258,0,gap,23
7214,47808431,47808.431,278,0,gap,23
7215,47812588,47812.588,251,0,gap,23
7216,47816735,47816.735,233,0,gap,23
7217,47828423,47828.423,297,0,gap,23
7218,47832585,47832.585,235,0,gap,23
7219,47836743,47836.743,212,0,gap,23
7220,47848431,47848.431,327,0,gap,23
7221,47852607,47852.607,218,0,gap,23
7222,47856774,47856.774,195,0,gap,23
7223,47868415,47868.415,319,0,gap,23
7224,47872597,47872.597,192,0,gap,23
7225,47876774,47876.774,221,0,gap,23
7226,47888423,47888.423,272,0,gap,23
7227,47895358,47895.358,256,0,gap,23
7228,47899279,47899.279,224,0,gap,23
7229,47908423,47908.423,235,0,gap,23
7230,47912350,47912.35,219,0,gap,23
7231,47918428,47918.428,234,0,gap,23
7232,47928432,47928.432,273,0,gap,23
7233,47932379,47932.379,208,0,gap,23
7234,47938431,47938.431,197,0,gap,23
7235,47948424,47948.424,271,0,gap,23
7236,47952374,47952.374,182,0,gap,23
7237,47956334,47956.334,152,0,gap,23
7238,47968433,47968.433,284,0,gap,23
7239,47972406,47972.406,161,0,gap,23
7240,47976367,47976.367,176,0,gap,23
7241,47988425,47988.425,240,1,pulse,24
7242,47992492,47992.492,4095,1,pulse,24
7243,47996414,47996.414,4095,1,pulse,24
7244,48008429,48008.429,4095,1,pulse,24
7245,48012357,48012.357,4095,1,pulse,24
7246,48018427,48018.427,4095,1,pulse,24
7247,48028420,48028.42,4095,0,gap,24
7248,48032576,48032.576,3024,0,gap,24
7249,48036583,48036.583,2911,0,gap,24
7250,48048433,48048.433,2765,0,gap,24
7251,48052460,48052.46,2737,0,gap,24
7252,48058415,48058.415,2704,0,gap,24
7253,48068423,48068.423,2649,0,gap,24
7254,48072487,48072.487,2643,0,gap,24
7255,48076546,48076.546,2624,0,gap,24
7256,48088433,48088.433,2592,0,gap,24
7257,48092508,48092.508,2559,0,gap,24
7258,48096578,48096.578,2551,0,gap,24
7259,48108425,48108.425,2515,0,gap,24
7260,48112509,48112.509,2496,0,gap,24
7261,48116593,48116.593,2479,0,gap,24
7262,48128437,48128.437,2448,0,gap,24
7263,48132539,48132.539,2432,0,gap,24
7264,48136649,48136.649,2423,0,gap,24
7265,48148425,48148.425,2386,0,gap,24
7266,48152545,48152.545,2374,0,gap,24
7267,48156664,48156.664,2353,0,gap,24
7268,48168433,48168.433,2325,0,gap,24
7269,48172562,48172.562,2314,0,gap,24
7270,48176687,48176.687,2288,0,gap,24
7271,48188425,48188.425,2266,0,gap,24
7272,48192568,48192.568,2252,0,gap,24
7273,48196706,48196.706,2233,0,gap,24
7274,48208432,48208.432,2207,0,gap,24
7275,48212585,48212.585,2179,0,gap,24
7276,48216730,48216.73,2160,0,gap,24
7277,48228424,48228.424,2145,0,gap,24
7278,48232587,48232.587,2125,0,gap,24
7279,48236745,48236.745,2106,0,gap,24
7280,48248432,48248.432,2077,0,gap,24
7281,48252601,48252.601,2063,0,gap,24
7282,48256769,48256.769,2037,0,gap,24
7283,48268424,48268.424,2016,0,gap,24
7284,48272607,48272.607,1998,0,gap,24
7285,48276784,48276.784,1991,0,gap,24
7286,48288432,48288.432,1957,0,gap,24
7287,48292624,48292.624,1942,0,gap,24
7288,48296812,48296.812,1930,0,gap,24
7289,48308424,48308.424,1904,0,gap,24
7290,48315384,48315.384,1869,0,gap,24
7291,48319310,48319.31,1847,0,gap,24
7292,48328432,48328.432,1839,0,gap,24
7293,48332370,48332.37,1827,0,gap,24
7294,48338436,48338.436,1808,0,gap,24
7295,48348424,48348.424,1805,0,gap,24
7296,48352378,48352.378,1779,0,gap,24
7297,48358424,48358.424,1747,0,gap,24
7298,48368432,48368.432,1733,0,gap,24
7299,48372394,48372.394,1722,0,gap,24
7300,48378432,48378.432,1699,0,gap,24
7301,48388424,48388.424,1687,0,gap,24
7302,48392404,48392.404,1666,0,gap,24
7303,48398424,48398.424,1661,0,gap,24
7304,48408432,48408.432,1618,0,gap,24
7305,48412423,48412.423,1621,0,gap,24
7306,48418432,48418.432,1597,0,gap,24
7307,48428424,48428.424,1584,0,gap,24
7308,48432420,48432.42,1581,0,gap,24
7309,48438423,48438.423,1535,0,gap,24
7310,48448436,48448.436,1525,0,gap,24
7311,48452446,48452.446,1499,0,gap,24
7312,48458431,48458.431,1486,0,gap,24
7313,48468424,48468.424,1483,0,gap,24
7314,48472448,48472.448,1445,0,gap,24
7315,48478423,48478.423,1439,0,gap,24
7316,48488432,48488.432,1426,0,gap,24
7317,48492491,48492.491,1406,0,gap,24
7318,48498431,48498.431,1399,0,gap,24
7319,48508424,48508.424,1369,0,gap,24
7320,48512497,48512.497,1360,0,gap,24
7321,48518415,48518.415,1351,0,gap,24
7322,48528432,48528.432,1347,0,gap,24
7323,48532512,48532.512,1305,0,gap,24
7324,48538415,48538.415,1301,0,gap,24
7325,48548424,48548.424,1302,0,gap,24
7326,48552530,48552.53,1269,0,gap,24
7327,48556646,48556.646,1247,0,gap,24
7328,48568433,48568.433,1261,0,gap,24
7329,48572553,48572.553,1232,0,gap,24
7330,48576668,48576.668,1211,0,gap,24
7331,48588425,48588.425,1200,0,gap,24
7332,48592559,48592.559,1181,0,gap,24
7333,48596687,48596.687,1196,0,gap,24
7334,48608433,48608.433,1168,0,gap,24
7335,48612576,48612.576,1158,0,gap,24
7336,48616715,48616.715,1141,0,gap,24
7337,48628425,48628.425,1134,0,gap,24
7338,48632578,48632.578,1117,0,gap,24
7339,48636722,48636.722,1101,0,gap,24
7340,48648433,48648.433,1091,0,gap,24
7341,48652591,48652.591,1073,0,gap,24
7342,48656754,48656.754,1051,0,gap,24
7343,48668425,48668.425,1057,0,gap,24
7344,48672597,48672.597,1011,0,gap,24
7345,48676761,48676.761,1023,0,gap,24
7346,48688432,48688.432,1008,0,gap,24
7347,48692611,48692.611,999,0,gap,24
7348,48696791,48696.791,993,0,gap,24
7349,48708424,48708.424,970,0,gap,24
7350,48712611,48712.611,975,0,gap,24
7351,48716798,48716.798,959,0,gap,24
7352,48723743,48723.743,928,0,gap,24
7353,48738423,48738.423,939,0,gap,24
7354,48742352,48742.352,910,0,gap,24
7355,48746278,48746.278,921,0,gap,24
7356,48758431,48758.431,917,0,gap,24
7357,48762378,48762.378,894,0,gap,24
7358,48766325,48766.325,879,0,gap,24
7359,48778423,48778.423,879,0,gap,24
7360,48782381,48782.381,864,0,gap,24
7361,48786330,48786.33,849,0,gap,24
7362,48798431,48798.431,867,0,gap,24
7363,48802407,48802.407,822,0,gap,24
7364,48806375,48806.375,814,0,gap,24
7365,48818423,48818.423,830,0,gap,24
7366,48822403,48822.403,786,0,gap,24
7367,48826386,48826.386,784,0,gap,24
7368,48838431,48838.431,795,0,gap,24
7369,48842433,48842.433,778,0,gap,24
7370,48846414,48846.414,774,0,gap,24
7371,48858423,48858.423,771,0,gap,24
7372,48862423,48862.423,762,0,gap,24
7373,48866427,48866.427,762,0,gap,24
7374,48878435,48878.435,752,0,gap,24
7375,48882454,48882.454,726,0,gap,24
7376,48886460,48886.46,720,0,gap,24
7377,48898423,48898.423,757,0,gap,24
7378,48902476,48902.476,697,0,gap,24
7379,48906527,48906.527,678,0,gap,24
7380,48918431,48918.431,720,0,gap,24
7381,48922502,48922.502,663,0,gap,24
7382,48926561,48926.561,689,0,gap,24
7383,48938423,48938.423,681,0,gap,24
7384,48942497,48942.497,651,0,gap,24
7385,48946574,48946.574,663,0,gap,24
7386,48958431,48958.431,654,0,gap,24
7387,48962527,48962.527,643,0,gap,24
7388,48966614,48966.614,645,0,gap,24
7389,48978423,48978.423,665,0,gap,24
7390,48982541,48982.541,627,0,gap,24
7391,48986657,48986.657,618,0,gap,24
7392,48998431,48998.431,649,0,gap,24
7393,49002562,49002.562,592,0,gap,24
7394,49006676,49006.676,592,0,gap,24
7395,49018423,49018.423,634,0,gap,24
7396,49022560,49022.56,561,0,gap,24
7397,49026692,49026.692,576,0,gap,24
7398,49038431,49038.431,592,0,gap,24
7399,49042582,49042.582,566,0,gap,24
7400,49046719,49046.719,567,0,gap,24
7401,49058423,49058.423,572,0,gap,24
7402,49062575,49062.575,560,0,gap,24
7403,49066731,49066.731,545,0,gap,24
7404,49078431,49078.431,582,0,gap,24
7405,49082601,49082.601,537,0,gap,24
7406,49086758,49086.758,528,0,gap,24
7407,49098415,49098.415,579,0,gap,24
7408,49102587,49102.587,503,0,gap,24
7409,49106762,49106.762,496,0,gap,24
7410,49118419,49118.419,553,0,gap,24
7411,49122605,49122.605,475,0,gap,24
7412,49126781,49126.781,496,0,gap,24
7413,49138415,49138.415,522,0,gap,24
7414,49142608,49142.608,465,0,gap,24
7415,49149590,49149.59,511,0,gap,24
7416,49153529,49153.529,453,0,gap,24
7417,49158423,49158.423,452,0,gap,24
7418,49168433,49168.433,511,0,gap,24
7419,49172377,49172.377,435,0,gap,24
7420,49178432,49178.432,483,0,gap,24
7421,49188425,49188.425,478,0,gap,24
7422,49192384,49192.384,439,0,gap,24
7423,49198424,49198.424,480,0,gap,24
7424,49208432,49208.432,464,0,gap,24
7425,49212398,49212.398,445,0,gap,24
7426,49218432,49218.432,449,0,gap,24
7427,49228424,49228.424,465,0,gap,24
7428,49232406,49232.406,436,0,gap,24
7429,49238423,49238.423,424,0,gap,24
7430,49248432,49248.432,464,0,gap,24
7431,49252423,49252.423,397,0,gap,24
7432,49256409,49256.409,393,0,gap,24
7433,49268425,49268.425,467,0,gap,24
7434,49272423,49272.423,379,0,gap,24
7435,49276420,49276.42,374,0,gap,24
7436,49288433,49288.433,434,0,gap,24
7437,49292441,49292.441,364,0,gap,24
7438,49296449,49296.449,383,0,gap,24
7439,49308425,49308.425,435,0,gap,24
7440,49312484,49312.484,386,0,gap,24
7441,49316530,49316.53,369,0,gap,24
7442,49328432,49328.432,427,0,gap,24
7443,49332492,49332.492,364,0,gap,24
7444,49336548,49336.548,346,0,gap,24
7445,49348424,49348.424,431,0,gap,24
7446,49352495,49352.495,339,0,gap,24
7447,49356570,49356.57,323,0,gap,24
7448,49368431,49368.431,413,0,gap,24
7449,49372525,49372.525,330,0,gap,24
7450,49376606,49376.606,333,0,gap,24
7451,49388423,49388.423,385,0,gap,24
7452,49392534,49392.534,323,0,gap,24
7453,49396649,49396.649,333,0,gap,24
7454,49408435,49408.435,368,0,gap,24
7455,49412564,49412.564,336,0,gap,24
7456,49416681,49416.681,336,0,gap,24
7457,49428423,49428.423,394,0,gap,24
7458,49432554,49432.554,314,0,gap,24
7459,49436685,49436.685,295,0,gap,24
7460,49448431,49448.431,400,0,gap,24
7461,49452580,49452.58,310,0,gap,24
7462,49456716,49456.716,283,0,gap,24
7463,49468423,49468.423,368,0,gap,24
7464,49472574,49472.574,272,0,gap,24
7465,49476732,49476.732,287,0,gap,24
7466,49488431,49488.431,349,0,gap,24
7467,49492600,49492.6,281,0,gap,24
7468,49496752,49496.752,295,0,gap,24
7469,49508423,49508.423,328,0,gap,24
7470,49512597,49512.597,304,0,gap,24
7471,49516771,49516.771,293,0,gap,24
7472,49528419,49528.419,337,0,gap,24
7473,49532603,49532.603,283,0,gap,24
7474,49536774,49536.774,249,0,gap,24
7475,49548415,49548.415,343,0,gap,24
7476,49552609,49552.609,272,0,gap,24
7477,49556798,49556.798,241,0,gap,24
7478,49563746,49563.746,306,0,gap,24
7479,49567676,49567.676,256,0,gap,24
7480,49578433,49578.433,320,0,gap,24
7481,49582374,49582.374,273,0,gap,24
7482,49588432,49588.432,267,0,gap,24
7483,49598424,49598.424,326,0,gap,24
7484,49602374,49602.374,240,0,gap,24
7485,49608423,49608.423,257,0,gap,24
7486,49618436,49618.436,304,0,gap,24
7487,49622404,49622.404,207,0,gap,24
7488,49628431,49628.431,269,0,gap,24
7489,49638424,49638.424,272,0,gap,24
7490,49642395,49642.395,222,0,gap,24
7491,49646374,49646.374,237,0,gap,24
7492,49658433,49658.433,268,0,gap,24
7493,49662422,49662.422,240,0,gap,24
7494,49666403,49666.403,219,0,gap,24
7495,49678425,49678.425,302,0,gap,24
7496,49682420,49682.42,235,0,gap,24
7497,49686419,49686.419,208,0,gap,24
7498,49698432,49698.432,313,0,gap,24
7499,49702442,49702.442,208,0,gap,24
7500,49706440,49706.44,189,0,gap,24
7501,49718424,49718.424,293,0,gap,24
7502,49722450,49722.45,201,0,gap,24
7503,49726507,49726.507,192,0,gap,24
7504,49738432,49738.432,258,0,gap,24
7505,49742494,49742.494,201,0,gap,24
7506,49746548,49746.548,213,0,gap,24
7507,49758423,49758.423,247,0,gap,24
7508,49762501,49762.501,211,0,gap,24
7509,49766566,49766.566,208,0,gap,24
7510,49778431,49778.431,256,0,gap,24
7511,49782514,49782.514,206,0,gap,24
7512,49786597,49786.597,182,0,gap,24
7513,49798423,49798.423,271,0,gap,24
7514,49802525,49802.525,176,0,gap,24
7515,49806624,49806.624,160,0,gap,24
7516,49818431,49818.431,272,0,gap,24
7517,49822555,49822.555,172,0,gap,24
7518,49826674,49826.674,181,0,gap,24
7519,49838423,49838.423,235,0,gap,24
7520,49842556,49842.556,176,0,gap,24
7521,49846681,49846.681,199,0,gap,24
7522,49858431,49858.431,215,0,gap,24
7523,49862574,49862.574,190,0,gap,24
7524,49866716,49866.716,178,0,gap,24
7525,49878423,49878.423,247,0,gap,24
7526,49882576,49882.576,178,1,pulse,25
7527,49886815,49886.815,4095,1,pulse,25
7528,49898432,49898.432,4095,1,pulse,25
7529,49902528,49902.528,4095,1,pulse,25
7530,49906620,49906.62,4095,1,pulse,25
7531,49918420,49918.42,4095,1,pulse,25
7532,49922527,49922.527,4095,0,gap,25
7533,49926854,49926.854,2992,0,gap,25
7534,49938432,49938.432,2753,0,gap,25
7535,49942624,49942.624,2729,0,gap,25
7536,49946812,49946.812,2704,0,gap,25
7537,49958424,49958.424,2657,0,gap,25
7538,49962626,49962.626,2651,0,gap,25
7539,49966820,49966.82,2627,0,gap,25
7540,49978432,49978.432,2590,0,gap,25
7541,49985397,49985.397,2559,0,gap,25
7542,49989336,49989.336,2547,0,gap,25
7543,49998424,49998.424,2509,0,gap,25
7544,50002371,50002.371,2506,0,gap,25
7545,50008424,50008.424,2496,0,gap,25
7546,50018432,50018.432,2458,0,gap,25
7547,50022397,50022.397,2434,0,gap,25
7548,50028432,50028.432,2421,0,gap,25
7549,50038428,50038.428,2395,0,gap,25
7550,50042396,50042.396,2370,0,gap,25
7551,50048424,50048.424,2359,0,gap,25
7552,50058432,50058.432,2313,0,gap,25
7553,50062422,50062.422,2302,0,gap,25
7554,50068436,50068.436,2295,0,gap,25
7555,50078424,50078.424,2267,0,gap,25
7556,50082417,50082.417,2249,0,gap,25
7557,50088424,50088.424,2215,0,gap,25
7558,50098432,50098.432,2215,0,gap,25
7559,50102446,50102.446,2192,0,gap,25
7560,50108431,50108.431,2171,0,gap,25
7561,50118424,50118.424,2138,0,gap,25
7562,50122440,50122.44,2143,0,gap,25
7563,50128423,50128.423,2112,0,gap,25
7564,50138432,50138.432,2085,0,gap,25
7565,50142473,50142.473,2080,0,gap,25
7566,50148431,50148.431,2061,0,gap,25
7567,50158424,50158.424,2011,0,gap,25
7568,50162497,50162.497,2004,0,gap,25
7569,50168423,50168.423,1978,0,gap,25
7570,50178436,50178.436,1966,0,gap,25
7571,50182520,50182.52,1947,0,gap,25
7572,50188419,50188.419,1930,0,gap,25
7573,50198424,50198.424,1920,0,gap,25
7574,50202514,50202.514,1886,0,gap,25
7575,50208411,50208.411,1883,0,gap,25
7576,50218432,50218.432,1855,0,gap,25
7577,50222544,50222.544,1831,0,gap,25
7578,50226664,50226.664,1810,0,gap,25
7579,50238425,50238.425,1793,0,gap,25
7580,50242555,50242.555,1776,0,gap,25
7581,50246684,50246.684,1766,0,gap,25
7582,50258433,50258.433,1733,0,gap,25
7583,50262577,50262.577,1727,0,gap,25
7584,50266728,50266.728,1713,0,gap,25
7585,50278425,50278.425,1693,0,gap,25
7586,50282578,50282.578,1685,0,gap,25
7587,50286723,50286.723,1652,0,gap,25
7588,50298433,50298.433,1645,0,gap,25
7589,50302592,50302.592,1616,0,gap,25
7590,50306746,50306.746,1601,0,gap,25
7591,50318425,50318.425,1583,0,gap,25
7592,50322602,50322.602,1573,0,gap,25
7593,50326766,50326.766,1553,0,gap,25
7594,50338433,50338.433,1535,0,gap,25
7595,50342615,50342.615,1511,0,gap,25
7596,50346793,50346.793,1508,0,gap,25
7597,50358428,50358.428,1481,0,gap,25
7598,50362617,50362.617,1463,0,gap,25
7599,50366805,50366.805,1450,0,gap,25
7600,50378432,50378.432,1447,0,gap,25
7601,50382634,50382.634,1421,0,gap,25
7602,50386832,50386.832,1399,0,gap,25
7603,50393796,50393.796,1391,0,gap,25
7604,50408432,50408.432,1378,0,gap,25
7605,50412367,50412.367,1360,0,gap,25
7606,50416304,50416.304,1337,0,gap,25
7607,50428424,50428.424,1328,0,gap,25
7608,50432385,50432.385,1302,0,gap,25
7609,50436339,50436.339,1298,0,gap,25
7610,50448432,50448.432,1287,0,gap,25
7611,50452400,50452.4,1268,0,gap,25
7612,50456360,50456.36,1243,0,gap,25
7613,50468428,50468.428,1246,0,gap,25
7614,50472410,50472.41,1215,0,gap,25
7615,50476389,50476.389,1206,0,gap,25
7616,50488432,50488.432,1201,0,gap,25
7617,50492422,50492.422,1177,0,gap,25
7618,50496416,50496.416,1168,0,gap,25
7619,50508424,50508.424,1152,0,gap,25
7620,50512424,50512.424,1141,0,gap,25
7621,50516420,50516.42,1143,0,gap,25
7622,50528432,50528.432,1131,0,gap,25
7623,50532446,50532.446,1110,0,gap,25
7624,50536461,50536.461,1087,0,gap,25
7625,50548424,50548.424,1086,0,gap,25
7626,50552449,50552.449,1063,0,gap,25
7627,50556470,50556.47,1041,0,gap,25
7628,50568431,50568.431,1053,0,gap,25
7629,50572502,50572.502,1011,0,gap,25
7630,50576565,50576.565,1008,0,gap,25
7631,50588423,50588.423,987,0,gap,25
7632,50592501,50592.501,983,0,gap,25
7633,50596573,50596.573,986,0,gap,25
7634,50608435,50608.435,969,0,gap,25
7635,50612519,50612.519,966,0,gap,25
7636,50616602,50616.602,947,0,gap,25
7637,50628423,50628.423,943,0,gap,25
7638,50632525,50632.525,926,0,gap,25
7639,50636626,50636.626,918,0,gap,25
7640,50648431,50648.431,919,0,gap,25
7641,50652558,50652.558,903,0,gap,25
7642,50656681,50656.681,874,0,gap,25
7643,50668423,50668.423,895,0,gap,25
7644,50672560,50672.56,848,0,gap,25
7645,50676692,50676.692,861,0,gap,25
7646,50688431,50688.431,850,0,gap,25
7647,50692578,50692.578,835,0,gap,25
7648,50696720,50696.72,830,0,gap,25
7649,50708423,50708.423,823,0,gap,25
7650,50712584,50712.584,812,0,gap,25
7651,50716731,50716.731,803,0,gap,25
7652,50728431,50728.431,816,0,gap,25
7653,50732597,50732.597,789,0,gap,25
7654,50736755,50736.755,780,0,gap,25
7655,50748415,50748.415,786,0,gap,25
7656,50752595,50752.595,753,0,gap,25
7657,50756762,50756.762,727,0,gap,25
7658,50768419,50768.419,767,0,gap,25
7659,50772605,50772.605,719,0,gap,25
7660,50776786,50776.786,735,0,gap,25
7661,50788419,50788.419,728,0,gap,25
7662,50792611,50792.611,709,0,gap,25
7663,50796801,50796.801,715,0,gap,25
7664,50808419,50808.419,707,0,gap,25
7665,50812621,50812.621,698,0,gap,25
7666,50819623,50819.623,675,0,gap,25
7667,50823565,50823.565,670,0,gap,25
7668,50828431,50828.431,691,0,gap,25
7669,50838425,50838.425,677,0,gap,25
7670,50842371,50842.371,646,0,gap,25
7671,50848424,50848.424,670,0,gap,25
7672,50858433,50858.433,643,0,gap,25
7673,50862398,50862.398,641,0,gap,25
7674,50868432,50868.432,642,0,gap,25
7675,50878424,50878.424,645,0,gap,25
7676,50882396,50882.396,627,0,gap,25
7677,50888428,50888.428,615,0,gap,25
7678,50898432,50898.432,656,0,gap,25
7679,50902428,50902.428,589,0,gap,25
7680,50908431,50908.431,599,0,gap,25
7681,50918424,50918.424,611,0,gap,25
7682,50922421,50922.421,567,0,gap,25
7683,50926422,50926.422,560,0,gap,25
7684,50938433,50938.433,590,0,gap,25
7685,50942449,50942.449,560,0,gap,25
7686,50946448,50946.448,566,0,gap,25
7687,50958425,50958.425,574,0,gap,25
7688,50962448,50962.448,545,0,gap,25
7689,50966465,50966.465,528,0,gap,25
7690,50978432,50978.432,576,0,gap,25
7691,50982500,50982.5,528,0,gap,25
7692,50986552,50986.552,501,0,gap,25
7693,50998428,50998.428,569,0,gap,25
7694,51002494,51002.494,487,0,gap,25
7695,51006569,51006.569,471,0,gap,25
7696,51018432,51018.432,554,0,gap,25
7697,51022517,51022.517,471,0,gap,25
7698,51026598,51026.598,479,0,gap,25
7699,51038423,51038.423,496,0,gap,25
7700,51042515,51042.515,469,0,gap,25
7701,51046618,51046.618,494,0,gap,25
7702,51058431,51058.431,487,0,gap,25
7703,51062561,51062.561,474,0,gap,25
7704,51066682,51066.682,455,0,gap,25
7705,51078423,51078.423,503,0,gap,25
7706,51082554,51082.554,453,0,gap,25
7707,51086685,51086.685,432,0,gap,25
7708,51098431,51098.431,511,0,gap,25
7709,51102584,51102.584,425,0,gap,25
7710,51106716,51106.716,415,0,gap,25
7711,51118423,51118.423,481,0,gap,25
7712,51122574,51122.574,393,0,gap,25
7713,51126728,51126.728,413,0,gap,25
7714,51138435,51138.435,443,0,gap,25
7715,51142600,51142.6,403,0,gap,25
7716,51146751,51146.751,412,0,gap,25
7717,51158423,51158.423,432,0,gap,25
7718,51162593,51162.593,404,0,gap,25
7719,51166767,51166.767,410,0,gap,25
7720,51178419,51178.419,447,0,gap,25
7721,51182607,51182.607,394,0,gap,25
7722,51186782,51186.782,368,0,gap,25
7723,51198415,51198.415,448,0,gap,25
7724,51202605,51202.605,368,0,gap,25
7725,51206798,51206.798,352,0,gap,25
7726,51218419,51218.419,443,0,gap,25
7727,51222630,51222.63,350,0,gap,25
7728,51226829,51226.829,368,0,gap,25
7729,51233790,51233.79,395,0,gap,25
7730,51237726,51237.726,322,0,gap,25
7731,51248425,51248.425,430,0,gap,25
7732,51252368,51252.368,330,0,gap,25
7733,51258424,51258.424,352,0,gap,25
7734,51268432,51268.432,407,0,gap,25
7735,51272403,51272.403,320,0,gap,25
7736,51278431,51278.431,366,0,gap,25
7737,51288424,51288.424,365,0,gap,25
7738,51292390,51292.39,318,0,gap,25
7739,51298423,51298.423,363,0,gap,25
7740,51308432,51308.432,355,0,gap,25
7741,51312425,51312.425,326,0,gap,25
7742,51316406,51316.406,330,0,gap,25
7743,51328425,51328.425,370,0,gap,25
7744,51332420,51332.42,322,0,gap,25
7745,51336415,51336.415,294,0,gap,25
7746,51348437,51348.437,389,0,gap,25
7747,51352446,51352.446,282,0,gap,25
7748,51356447,51356.447,274,0,gap,25
7749,51368424,51368.424,359,0,gap,25
7750,51372444,51372.444,263,0,gap,25
7751,51376460,51376.46,288,0,gap,25
7752,51388432,51388.432,336,0,gap,25
7753,51392467,51392.467,283,0,gap,25
7754,51396526,51396.526,299,0,gap,25
7755,51408424,51408.424,333,0,gap,25
7756,51412492,51412.492,284,0,gap,25
7757,51416560,51416.56,292,0,gap,25
7758,51428431,51428.431,345,0,gap,25
7759,51432519,51432.519,274,0,gap,25
7760,51436593,51436.593,258,0,gap,25
7761,51448423,51448.423,362,0,gap,25
7762,51452516,51452.516,254,0,gap,25
7763,51456613,51456.613,246,0,gap,25
7764,51468431,51468.431,322,0,gap,25
7765,51472547,51472.547,235,0,gap,25
7766,51476652,51476.652,240,0,gap,25
7767,51488423,51488.423,317,0,gap,25
7768,51492557,51492.557,240,0,gap,25
7769,51496685,51496.685,257,0,gap,25
7770,51508431,51508.431,286,0,gap,25
7771,51512578,51512.578,256,0,gap,25
7772,51516708,51516.708,247,0,gap,25
7773,51528427,51528.427,308,0,gap,25
7774,51532572,51532.572,248,0,gap,25
7775,51536724,51536.724,218,0,gap,25
7776,51548431,51548.431,322,0,gap,25
7777,51552598,51552.598,220,0,gap,25
7778,51556755,51556.755,203,0,gap,25
7779,51568423,51568.423,304,0,gap,25
7780,51572591,51572.591,208,0,gap,25
7781,51576763,51576.763,222,0,gap,25
7782,51588419,51588.419,272,0,gap,25
7783,51592605,51592.605,212,0,gap,25
7784,51596783,51596.783,231,0,gap,25
7785,51608415,51608.415,256,0,gap,25
7786,51612603,51612.603,219,0,gap,25
7787,51616790,51616.79,219,0,gap,25
7788,51628419,51628.419,277,0,gap,25
7789,51632625,51632.625,214,0,gap,25
7790,51636818,51636.818,198,0,gap,25
7791,51648411,51648.411,285,0,gap,25
7792,51655362,51655.362,213,0,gap,25
7793,51659305,51659.305,176,0,gap,25
7794,51668436,51668.436,267,0,gap,25
7795,51672382,51672.382,175,0,gap,25
7796,51678431,51678.431,231,0,gap,25
7797,51688424,51688.424,235,0,gap,25
7798,51692383,51692.383,169,0,gap,25
7799,51698423,51698.423,222,0,gap,25
7800,51708432,51708.432,217,0,gap,25
7801,51712402,51712.402,185,0,gap,25
7802,51716369,51716.369,178,0,gap,25
7803,51728425,51728.425,260,0,gap,25
7804,51732410,51732.41,183,0,gap,25
7805,51736399,51736.399,160,0,gap,25
7806,51748433,51748.433,268,0,gap,25
7807,51752432,51752.432,170,0,gap,25
7808,51756427,51756.427,160,0,gap,25
7809,51768424,51768.424,267,0,gap,25
7810,51772438,51772.438,152,0,gap,25
7811,51776447,51776.447,169,0,gap,25
7812,51788432,51788.432,222,0,gap,25
7813,51792456,51792.456,158,0,gap,25
7814,51796468,51796.468,172,0,gap,25
7815,51808424,51808.424,196,0,gap,25
7816,51812464,51812.464,177,0,gap,25
7817,51816519,51816.519,162,0,gap,25
7818,51828431,51828.431,224,0,gap,25
7819,51832508,51832.508,154,0,gap,25
7820,51836568,51836.568,146,0,gap,25
7821,51848427,51848.427,239,0,gap,25
7822,51852507,51852.507,144,0,gap,25
7823,51856590,51856.59,113,0,gap,25
7824,51868431,51868.431,240,0,gap,25
7825,51872529,51872.529,129,0,gap,25
7826,51876618,51876.618,140,0,gap,25
7827,51888423,51888.423,204,0,gap,25
7828,51892531,51892.531,131,0,gap,25
7829,51896650,51896.65,164,0,gap,25
7830,51908431,51908.431,179,0,gap,25
7831,51912568,51912.568,144,0,gap,25
7832,51916697,51916.697,144,0,gap,25
7833,51928423,51928.423,214,0,gap,25
7834,51932562,51932.562,144,0,gap,25
7835,51936700,51936.7,118,0,gap,25
7836,51948431,51948.431,319,1,pulse,26
7837,51952683,51952.683,4095,1,pulse,26
7838,51956769,51956.769,4095,1,pulse,26
7839,51968420,51968.42,4095,1,pulse,26
7840,51972512,51972.512,4095,1,pulse,26
7841,51976608,51976.608,4095,1,pulse,26
7842,51988428,51988.428,4095,0,gap,26
7843,51992760,51992.76,3019,0,gap,26
7844,51996934,51996.934,2882,0,gap,26
7845,52008424,52008.424,2779,0,gap,26
7846,52012608,52012.608,2767,0,gap,26
7847,52016804,52016.804,2722,0,gap,26
7848,52028432,52028.432,2689,0,gap,26
7849,52032634,52032.634,2670,0,gap,26
7850,52036827,52036.827,2650,0,gap,26
7851,52048424,52048.424,2626,0,gap,26
7852,52052632,52052.632,2602,0,gap,26
7853,52056839,52056.839,2559,0,gap,26
7854,52068432,52068.432,2518,0,gap,26
7855,52075421,52075.421,2516,0,gap,26
7856,52079366,52079.366,2496,0,gap,26
7857,52088428,52088.428,2464,0,gap,26
7858,52092377,52092.377,2457,0,gap,26
7859,52098424,52098.424,2423,0,gap,26
7860,52108432,52108.432,2415,0,gap,26
7861,52112410,52112.41,2399,0,gap,26
7862,52118432,52118.432,2373,0,gap,26
7863,52128424,52128.424,2343,0,gap,26
7864,52132405,52132.405,2333,0,gap,26
7865,52138424,52138.424,2302,0,gap,26
7866,52148432,52148.432,2291,0,gap,26
7867,52152431,52152.431,2271,0,gap,26
7868,52158432,52158.432,2251,0,gap,26
7869,52168424,52168.424,2221,0,gap,26
7870,52172426,52172.426,2197,0,gap,26
7871,52178424,52178.424,2181,0,gap,26
7872,52188432,52188.432,2157,0,gap,26
7873,52192456,52192.456,2151,0,gap,26
7874,52198431,52198.431,2129,0,gap,26
7875,52208424,52208.424,2093,0,gap,26
7876,52212446,52212.446,2097,0,gap,26
7877,52218423,52218.423,2064,0,gap,26
7878,52228432,52228.432,2033,0,gap,26
7879,52232487,52232.487,2013,0,gap,26
7880,52238431,52238.431,1993,0,gap,26
7881,52248424,52248.424,1968,0,gap,26
7882,52252499,52252.499,1957,0,gap,26
7883,52258423,52258.423,1945,0,gap,26
7884,52268432,52268.432,1925,0,gap,26
7885,52272525,52272.525,1904,0,gap,26
7886,52278431,52278.431,1883,0,gap,26
7887,52288424,52288.424,1859,0,gap,26
7888,52292524,52292.524,1835,0,gap,26
7889,52298415,52298.415,1822,0,gap,26
7890,52308432,52308.432,1794,0,gap,26
7891,52312554,52312.554,1786,0,gap,26
7892,52316681,52316.681,1783,0,gap,26
7893,52328425,52328.425,1751,0,gap,26
7894,52332565,52332.565,1734,0,gap,26
7895,52336711,52336.711,1714,0,gap,26
7896,52348433,52348.433,1695,0,gap,26
7897,52352590,52352.59,1678,0,gap,26
7898,52356735,52356.735,1669,0,gap,26
7899,52368425,52368.425,1647,0,gap,26
7900,52372588,52372.588,1616,0,gap,26
7901,52376746,52376.746,1612,0,gap,26
7902,52388433,52388.433,1586,0,gap,26
7903,52392609,52392.609,1583,0,gap,26
7904,52396773,52396.773,1559,0,gap,26
7905,52408429,52408.429,1520,0,gap,26
7906,52412604,52412.604,1520,0,gap,26
7907,52416782,52416.782,1520,0,gap,26
7908,52428433,52428.433,1488,0,gap,26
7909,52432625,52432.625,1481,0,gap,26
7910,52436805,52436.805,1456,0,gap,26
7911,52448424,52448.424,1430,0,gap,26
7912,52452623,52452.623,1424,0,gap,26
7913,52456824,52456.824,1393,0,gap,26
7914,52468432,52468.432,1383,0,gap,26
7915,52472648,52472.648,1369,0,gap,26
7916,52476852,52476.852,1373,0,gap,26
7917,52483822,52483.822,1346,0,gap,26
7918,52498432,52498.432,1328,0,gap,26
7919,52502385,52502.385,1312,0,gap,26
7920,52506344,52506.344,1296,0,gap,26
7921,52518428,52518.428,1284,0,gap,26
7922,52522387,52522.387,1254,0,gap,26
7923,52526354,52526.354,1255,0,gap,26
7924,52538432,52538.432,1235,0,gap,26
7925,52542409,52542.409,1229,0,gap,26
7926,52546375,52546.375,1225,0,gap,26
7927,52558424,52558.424,1195,0,gap,26
7928,52562416,52562.416,1186,0,gap,26
7929,52566400,52566.4,1161,0,gap,26
7930,52578432,52578.432,1177,0,gap,26
7931,52582432,52582.432,1138,0,gap,26
7932,52586432,52586.432,1136,0,gap,26
7933,52598424,52598.424,1123,0,gap,26
7934,52602434,52602.434,1104,0,gap,26
7935,52606444,52606.444,1092,0,gap,26
7936,52618432,52618.432,1085,0,gap,26
7937,52622456,52622.456,1059,0,gap,26
7938,52626472,52626.472,1069,0,gap,26
7939,52638424,52638.424,1057,0,gap,26
7940,52642455,52642.455,1018,0,gap,26
7941,52646486,52646.486,1037,0,gap,26
7942,52658431,52658.431,1009,0,gap,26
7943,52662512,52662.512,1008,0,gap,26
7944,52666585,52666.585,990,0,gap,26
7945,52678423,52678.423,974,0,gap,26
7946,52682510,52682.51,962,0,gap,26
7947,52686593,52686.593,930,0,gap,26
7948,52698431,52698.431,957,0,gap,26
7949,52702529,52702.529,931,0,gap,26
7950,52706618,52706.618,914,0,gap,26
7951,52718423,52718.423,912,0,gap,26
7952,52722535,52722.535,881,0,gap,26
7953,52726650,52726.65,893,0,gap,26
7954,52738431,52738.431,881,0,gap,26
7955,52742568,52742.568,871,0,gap,26
7956,52746700,52746.7,873,0,gap,26
7957,52758423,52758.423,867,0,gap,26
7958,52762570,52762.57,845,0,gap,26
7959,52766716,52766.716,839,0,gap,26
7960,52778431,52778.431,848,0,gap,26
7961,52782588,52782.588,816,0,gap,26
7962,52786735,52786.735,790,0,gap,26
7963,52798423,52798.423,811,0,gap,26
7964,52802594,52802.594,775,0,gap,26
7965,52806755,52806.755,769,0,gap,26
7966,52818419,52818.419,790,0,gap,26
7967,52822595,52822.595,750,0,gap,26
7968,52826766,52826.766,742,0,gap,26
7969,52838419,52838.419,742,0,gap,26
7970,52842605,52842.605,720,0,gap,26
7971,52846782,52846.782,741,0,gap,26
7972,52858419,52858.419,721,0,gap,26
7973,52862611,52862.611,720,0,gap,26
7974,52866798,52866.798,720,0,gap,26
7975,52878415,52878.415,726,0,gap,26
7976,52882620,52882.62,688,0,gap,26
7977,52886825,52886.825,691,0,gap,26
7978,52898415,52898.415,720,0,gap,26
7979,52902632,52902.632,666,0,gap,26
7980,52909648,52909.648,663,0,gap,26
7981,52913601,52913.601,667,0,gap,26
7982,52918431,52918.431,656,0,gap,26
7983,52928425,52928.425,675,0,gap,26
7984,52932389,52932.389,627,0,gap,26
7985,52938428,52938.428,628,0,gap,26
7986,52948433,52948.433,657,0,gap,26
7987,52952404,52952.404,608,0,gap,26
7988,52958432,52958.432,605,0,gap,26
7989,52968424,52968.424,641,0,gap,26
7990,52972411,52972.411,574,0,gap,26
7991,52978424,52978.424,607,0,gap,26
7992,52988432,52988.432,609,0,gap,26
7993,52992434,52992.434,576,0,gap,26
7994,52998431,52998.431,593,0,gap,26
7995,53008424,53008.424,566,0,gap,26
7996,53012435,53012.435,566,0,gap,26
7997,53018411,53018.411,570,0,gap,26
7998,53028431,53028.431,576,0,gap,26
7999,53032457,53032.457,543,0,gap,26
8000,53036471,53036.471,508,0,gap,26
8001,53048429,53048.429,595,0,gap,26
8002,53052454,53052.454,525,0,gap,26
8003,53056486,53056.486,490,0,gap,26
8004,53068432,53068.432,566,0,gap,26
8005,53072521,53072.521,474,0,gap,26
8006,53076583,53076.583,498,0,gap,26
8007,53088424,53088.424,538,0,gap,26
8008,53092505,53092.505,492,0,gap,26
8009,53096583,53096.583,494,0,gap,26
8010,53108432,53108.432,511,0,gap,26
8011,53112531,53112.531,493,0,gap,26
8012,53116619,53116.619,481,0,gap,26
8013,53128423,53128.423,524,0,gap,26
8014,53132525,53132.525,464,0,gap,26
8015,53136634,53136.634,433,0,gap,26
8016,53148431,53148.431,526,0,gap,26
8017,53152581,53152.581,435,0,gap,26
8018,53156703,53156.703,414,0,gap,26
8019,53168423,53168.423,494,0,gap,26
8020,53172564,53172.564,416,0,gap,26
8021,53176705,53176.705,431,0,gap,26
8022,53188431,53188.431,466,0,gap,26
8023,53192594,53192.594,426,0,gap,26
8024,53196740,53196.74,433,0,gap,26
8025,53208423,53208.423,445,0,gap,26
8026,53212584,53212.584,421,0,gap,26
8027,53216744,53216.744,406,0,gap,26
8028,53228419,53228.419,454,0,gap,26
8029,53232598,53232.598,404,0,gap,26
8030,53236763,53236.763,381,0,gap,26
8031,53248415,53248.415,471,0,gap,26
8032,53252595,53252.595,378,0,gap,26
8033,53256779,53256.779,364,0,gap,26
8034,53268419,53268.419,441,0,gap,26
8035,53272613,53272.613,361,0,gap,26
8036,53276795,53276.795,375,0,gap,26
8037,53288415,53288.415,417,0,gap,26
8038,53292615,53292.615,355,0,gap,26
8039,53296822,53296.822,387,0,gap,26
8040,53308415,53308.415,393,0,gap,26
8041,53312633,53312.633,378,0,gap,26
8042,53316834,53316.834,359,0,gap,26
8043,53323810,53323.81,350,0,gap,26
8044,53327755,53327.755,361,0,gap,26
8045,53338425,53338.425,378,0,gap,26
8046,53342374,53342.374,332,0,gap,26
8047,53348424,53348.424,378,0,gap,26
8048,53358432,53358.432,371,0,gap,26
8049,53362409,53362.409,338,0,gap,26
8050,53368431,53368.431,364,0,gap,26
8051,53378424,53378.424,386,0,gap,26
8052,53382400,53382.4,332,0,gap,26
8053,53388423,53388.423,316,0,gap,26
8054,53398432,53398.432,395,0,gap,26
8055,53402438,53402.438,304,0,gap,26
8056,53406430,53406.43,284,0,gap,26
8057,53418425,53418.425,375,0,gap,26
8058,53422430,53422.43,281,0,gap,26
8059,53426438,53426.438,304,0,gap,26
8060,53438433,53438.433,343,0,gap,26
8061,53442456,53442.456,287,0,gap,26
8062,53446466,53446.466,301,0,gap,26
8063,53458424,53458.424,323,0,gap,26
8064,53462454,53462.454,304,0,gap,26
8065,53466484,53466.484,283,0,gap,26
8066,53478432,53478.432,351,0,gap,26
8067,53482481,53482.481,293,0,gap,26
8068,53486550,53486.55,271,0,gap,26
8069,53498424,53498.424,370,0,gap,26
8070,53502502,53502.502,249,0,gap,26
8071,53506584,53506.584,231,0,gap,26
8072,53518431,53518.431,350,0,gap,26
8073,53522529,53522.529,234,0,gap,26
8074,53526609,53526.609,255,0,gap,26
8075,53538423,53538.423,311,0,gap,26
8076,53542526,53542.526,249,0,gap,26
8077,53546633,53546.633,273,0,gap,26
8078,53558431,53558.431,299,0,gap,26
8079,53562557,53562.557,272,0,gap,26
8080,53566675,53566.675,250,0,gap,26
8081,53578427,53578.427,332,0,gap,26
8082,53582562,53582.562,244,0,gap,26
8083,53586701,53586.701,220,0,gap,26
8084,53598431,53598.431,335,0,gap,26
8085,53602588,53602.588,237,0,gap,26
8086,53606728,53606.728,214,0,gap,26
8087,53618423,53618.423,319,0,gap,26
8088,53622582,53622.582,212,0,gap,26
8089,53626744,53626.744,227,0,gap,26
8090,53638431,53638.431,283,0,gap,26
8091,53642608,53642.608,225,0,gap,26
8092,53646771,53646.771,237,0,gap,26
8093,53658415,53658.415,256,0,gap,26
8094,53662593,53662.593,225,0,gap,26
8095,53666775,53666.775,235,0,gap,26
8096,53678419,53678.419,289,0,gap,26
8097,53682615,53682.615,235,0,gap,26
8098,53686798,53686.798,198,0,gap,26
8099,53698415,53698.415,301,0,gap,26
8100,53702613,53702.613,193,0,gap,26
8101,53706810,53706.81,173,0,gap,26
8102,53718415,53718.415,287,0,gap,26
8103,53722635,53722.635,170,0,gap,26
8104,53726837,53726.837,205,0,gap,26
8105,53738411,53738.411,254,0,gap,26
8106,53745372,53745.372,244,0,gap,26
8107,53749322,53749.322,198,0,gap,26
8108,53758431,53758.431,225,0,gap,26
8109,53762392,53762.392,208,0,gap,26
8110,53768431,53768.431,211,0,gap,26
8111,53778424,53778.424,245,0,gap,26
8112,53782397,53782.397,189,0,gap,26
8113,53788427,53788.427,177,0,gap,26
8114,53798432,53798.432,272,0,gap,26
8115,53802412,53802.412,163,0,gap,26
8116,53806389,53806.389,151,0,gap,26
8117,53818425,53818.425,265,0,gap,26
8118,53822420,53822.42,155,0,gap,26
8119,53826419,53826.419,165,0,gap,26
8120,53838433,53838.433,225,0,gap,26
8121,53842438,53842.438,159,0,gap,26
8122,53846443,53846.443,190,0,gap,26
8123,53858424,53858.424,224,0,gap,26
8124,53862444,53862.444,171,0,gap,26
8125,53866454,53866.454,159,0,gap,26
8126,53878432,53878.432,241,0,gap,26
8127,53882466,53882.466,176,0,gap,26
8128,53886488,53886.488,151,0,gap,26
8129,53898428,53898.428,251,0,gap,26
8130,53902470,53902.47,161,0,gap,26
8131,53906539,53906.539,119,0,gap,26
8132,53918431,53918.431,229,0,gap,26
8133,53922518,53922.518,129,0,gap,26
8134,53926592,53926.592,137,0,gap,26
8135,53938423,53938.423,197,0,gap,26
8136,53942513,53942.513,142,0,gap,26
8137,53946606,53946.606,150,1,pulse,27
8138,53958436,53958.436,4095,1,pulse,27
8139,53962490,53962.49,4095,1,pulse,27
8140,53966523,53966.523,4095,1,pulse,27
8141,53978420,53978.42,4095,1,pulse,27
8142,53982472,53982.472,4095,1,pulse,27
8143,53986539,53986.539,4095,0,gap,27
8144,53998449,53998.449,2797,0,gap,27
8145,54002606,54002.606,2771,0,gap,27
8146,54006751,54006.751,2738,0,gap,27
8147,54018424,54018.424,2677,0,gap,27
8148,54022579,54022.579,2656,0,gap,27
8149,54026742,54026.742,2623,0,gap,27
8150,54038432,54038.432,2603,0,gap,27
8151,54042609,54042.609,2583,0,gap,27
8152,54046773,54046.773,2554,0,gap,27
8153,54058424,54058.424,2522,0,gap,27
8154,54062598,54062.598,2502,0,gap,27
8155,54066784,54066.784,2480,0,gap,27
8156,54078432,54078.432,2480,0,gap,27
8157,54082624,54082.624,2435,0,gap,27
8158,54086804,54086.804,2415,0,gap,27
8159,54098423,54098.423,2402,0,gap,27
8160,54102626,54102.626,2384,0,gap,27
8161,54106823,54106.823,2359,0,gap,27
8162,54118431,54118.431,2348,0,gap,27
8163,54122647,54122.647,2319,0,gap,27
8164,54126851,54126.851,2319,0,gap,27
8165,54138427,54138.427,2288,0,gap,27
8166,54142641,54142.641,2255,0,gap,27
8167,54146862,54146.862,2237,0,gap,27
8168,54158431,54158.431,2217,0,gap,27
8169,54165429,54165.429,2205,0,gap,27
8170,54169380,54169.38,2187,0,gap,27
8171,54178424,54178.424,2155,0,gap,27
8172,54182383,54182.383,2139,0,gap,27
8173,54188424,54188.424,2113,0,gap,27
8174,54198432,54198.432,2107,0,gap,27
8175,54202420,54202.42,2075,0,gap,27
8176,54208436,54208.436,2062,0,gap,27
8177,54218424,54218.424,2043,0,gap,27
8178,54222411,54222.411,2021,0,gap,27
8179,54228424,54228.424,2017,0,gap,27
8180,54238432,54238.432,1974,0,gap,27
8181,54242449,54242.449,1965,0,gap,27
8182,54248432,54248.432,1941,0,gap,27
8183,54258424,54258.424,1919,0,gap,27
8184,54262440,54262.44,1901,0,gap,27
8185,54268424,54268.424,1891,0,gap,27
8186,54278432,54278.432,1868,0,gap,27
8187,54282466,54282.466,1849,0,gap,27
8188,54288431,54288.431,1824,0,gap,27
8189,54298424,54298.424,1807,0,gap,27
8190,54302460,54302.46,1791,0,gap,27
8191,54308423,54308.423,1786,0,gap,27
8192,54318436,54318.436,1762,0,gap,27
8193,54322494,54322.494,1717,0,gap,27
8194,54328431,54328.431,1729,0,gap,27
8195,54338424,54338.424,1693,0,gap,27
8196,54342509,54342.509,1674,0,gap,27
8197,54348427,54348.427,1679,0,gap,27
8198,54358432,54358.432,1639,0,gap,27
8199,54362539,54362.539,1637,0,gap,27
8200,54368419,54368.419,1612,0,gap,27
8201,54378424,54378.424,1591,0,gap,27
8202,54382534,54382.534,1587,0,gap,27
8203,54388411,54388.411,1535,0,gap,27
8204,54398432,54398.432,1535,0,gap,27
8205,54402568,54402.568,1521,0,gap,27
8206,54406705,54406.705,1497,0,gap,27
8207,54418425,54418.425,1479,0,gap,27
8208,54422578,54422.578,1469,0,gap,27
8209,54426727,54426.727,1472,0,gap,27
8210,54438433,54438.433,1442,0,gap,27
8211,54442596,54442.596,1423,0,gap,27
8212,54446750,54446.75,1413,0,gap,27
8213,54458429,54458.429,1390,0,gap,27
8214,54462598,54462.598,1392,0,gap,27
8215,54466770,54466.77,1362,0,gap,27
8216,54478433,54478.433,1351,0,gap,27
8217,54482619,54482.619,1329,0,gap,27
8218,54486789,54486.789,1299,0,gap,27
8219,54498425,54498.425,1323,0,gap,27
8220,54502609,54502.609,1285,0,gap,27
8221,54506797,54506.797,1279,0,gap,27
8222,54518433,54518.433,1264,0,gap,27
8223,54522639,54522.639,1232,0,gap,27
8224,54526836,54526.836,1246,0,gap,27
8225,54538424,54538.424,1216,0,gap,27
8226,54542628,54542.628,1201,0,gap,27
8227,54546835,54546.835,1193,0,gap,27
8228,54558432,54558.432,1174,0,gap,27
8229,54562662,54562.662,1168,0,gap,27
8230,54566875,54566.875,1162,0,gap,27
8231,54573860,54573.86,1135,0,gap,27
8232,54588432,54588.432,1125,0,gap,27
8233,54592391,54592.391,1109,0,gap,27
8234,54596343,54596.343,1114,0,gap,27
8235,54608424,54608.424,1095,0,gap,27
8236,54612397,54612.397,1072,0,gap,27
8237,54616370,54616.37,1076,0,gap,27
8238,54628432,54628.432,1061,0,gap,27
8239,54632423,54632.423,1043,0,gap,27
8240,54636407,54636.407,1014,0,gap,27
8241,54648424,54648.424,1023,0,gap,27
8242,54652426,54652.426,987,0,gap,27
8243,54656419,54656.419,977,0,gap,27
8244,54668431,54668.431,994,0,gap,27
8245,54672449,54672.449,947,0,gap,27
8246,54676454,54676.454,960,0,gap,27
8247,54688423,54688.423,940,0,gap,27
8248,54692447,54692.447,934,0,gap,27
8249,54696465,54696.465,931,0,gap,27
8250,54708431,54708.431,926,0,gap,27
8251,54712469,54712.469,923,0,gap,27
8252,54716494,54716.494,899,0,gap,27
8253,54728423,54728.423,907,0,gap,27
8254,54732468,54732.468,880,0,gap,27
8255,54736508,54736.508,858,0,gap,27
8256,54748435,54748.435,892,0,gap,27
8257,54752517,54752.517,845,0,gap,27
8258,54756594,54756.594,816,0,gap,27
8259,54768423,54768.423,841,0,gap,27
8260,54772520,54772.52,797,0,gap,27
8261,54776613,54776.613,798,0,gap,27
8262,54788431,54788.431,794,0,gap,27
8263,54792539,54792.539,793,0,gap,27
8264,54796642,54796.642,787,0,gap,27
8265,54808423,54808.423,784,0,gap,27
8266,54812545,54812.545,767,0,gap,27
8267,54816670,54816.67,771,0,gap,27
8268,54828431,54828.431,771,0,gap,27
8269,54832578,54832.578,749,0,gap,27
8270,54836716,54836.716,722,0,gap,27
8271,54848423,54848.423,753,0,gap,27
8272,54852584,54852.584,710,0,gap,27
8273,54856736,54856.736,688,0,gap,27
8274,54868431,54868.431,737,0,gap,27
8275,54872602,54872.602,682,0,gap,27
8276,54876759,54876.759,688,0,gap,27
8277,54888419,54888.419,685,0,gap,27
8278,54892595,54892.595,662,0,gap,27
8279,54896767,54896.767,677,0,gap,27
8280,54908419,54908.419,673,0,gap,27
8281,54912601,54912.601,656,0,gap,27
8282,54916778,54916.778,647,0,gap,27
8283,54928415,54928.415,669,0,gap,27
8284,54932611,54932.611,630,0,gap,27
8285,54936802,54936.802,609,0,gap,27
8286,54948419,54948.419,661,0,gap,27
8287,54952625,54952.625,609,0,gap,27
8288,54956829,54956.829,591,0,gap,27
8289,54968411,54968.411,627,0,gap,27
8290,54972622,54972.622,570,0,gap,27
8291,54976833,54976.833,592,0,gap,27
8292,54988415,54988.415,611,0,gap,27
8293,54992646,54992.646,577,0,gap,27
8294,54999669,54999.669,602,0,gap,27
8295,55003631,55003.631,544,0,gap,27
8296,55008431,55008.431,552,0,gap,27
8297,55018425,55018.425,585,0,gap,27
8298,55022395,55022.395,525,0,gap,27
8299,55028424,55028.424,560,0,gap,27
8300,55038433,55038.433,552,0,gap,27
8301,55042414,55042.414,510,0,gap,27
8302,55048432,55048.432,568,0,gap,27
8303,55058424,55058.424,540,0,gap,27
8304,55062428,55062.428,533,0,gap,27
8305,55068424,55068.424,525,0,gap,27
8306,55078432,55078.432,541,0,gap,27
8307,55082444,55082.444,491,0,gap,27
8308,55088431,55088.431,496,0,gap,27
8309,55098428,55098.428,554,0,gap,27
8310,55102441,55102.441,471,0,gap,27
8311,55108411,55108.411,495,0,gap,27
8312,55118431,55118.431,528,0,gap,27
8313,55122467,55122.467,448,0,gap,27
8314,55126487,55126.487,463,0,gap,27
8315,55138425,55138.425,496,0,gap,27
8316,55142460,55142.46,439,0,gap,27
8317,55146506,55146.506,452,0,gap,27
8318,55158432,55158.432,464,0,gap,27
8319,55162535,55162.535,450,0,gap,27
8320,55166615,55166.615,432,0,gap,27
8321,55178424,55178.424,480,0,gap,27
8322,55182511,55182.511,430,0,gap,27
8323,55186603,55186.603,405,0,gap,27
8324,55198432,55198.432,485,0,gap,27
8325,55202541,55202.541,397,0,gap,27
8326,55206635,55206.635,391,0,gap,27
8327,55218423,55218.423,460,0,gap,27
8328,55222535,55222.535,384,0,gap,27
8329,55226654,55226.654,398,0,gap,27
8330,55238431,55238.431,432,0,gap,27
8331,55242590,55242.59,383,0,gap,27
8332,55246727,55246.727,398,0,gap,27
8333,55258423,55258.423,421,0,gap,27
8334,55262574,55262.574,398,0,gap,27
8335,55266729,55266.729,385,0,gap,27
8336,55278435,55278.435,435,0,gap,27
8337,55282600,55282.6,378,0,gap,27
8338,55286752,55286.752,351,0,gap,27
8339,55298423,55298.423,451,0,gap,27
8340,55302594,55302.594,349,0,gap,27
8341,55306768,55306.768,326,0,gap,27
8342,55318419,55318.419,420,0,gap,27
8343,55322608,55322.608,321,0,gap,27
8344,55326783,55326.783,354,0,gap,27
8345,55338415,55338.415,375,0,gap,27
8346,55342605,55342.605,336,0,gap,27
8347,55346799,55346.799,358,0,gap,27
8348,55358419,55358.419,372,0,gap,27
8349,55362623,55362.623,351,0,gap,27
8350,55366818,55366.818,336,0,gap,27
8351,55378411,55378.411,388,0,gap,27
8352,55382625,55382.625,333,0,gap,27
8353,55386834,55386.834,311,0,gap,27
8354,55398415,55398.415,409,0,gap,27
8355,55402642,55402.642,307,0,gap,27
8356,55406853,55406.853,282,0,gap,27
8357,55413840,55413.84,368,0,gap,27
8358,55417787,55417.787,301,0,gap,27
8359,55428425,55428.425,367,0,gap,27
8360,55432388,55432.388,310,0,gap,27
8361,55438424,55438.424,301,0,gap,27
8362,55448432,55448.432,378,0,gap,27
8363,55452419,55452.419,282,0,gap,27
8364,55458431,55458.431,287,0,gap,27
8365,55468424,55468.424,347,0,gap,27
8366,55472410,55472.41,259,0,gap,27
8367,55478423,55478.423,304,0,gap,27
8368,55488436,55488.436,301,0,gap,27
8369,55492444,55492.444,273,0,gap,27
8370,55496442,55496.442,288,0,gap,27
8371,55508425,55508.425,307,0,gap,27
8372,55512436,55512.436,282,0,gap,27
8373,55516454,55516.454,281,0,gap,27
8374,55528433,55528.433,343,0,gap,27
8375,55532466,55532.466,267,0,gap,27
8376,55536486,55536.486,242,0,gap,27
8377,55548424,55548.424,354,0,gap,27
8378,55552460,55552.46,240,0,gap,27
8379,55556508,55556.508,221,0,gap,27
8380,55568432,55568.432,337,0,gap,27
8381,55572487,55572.487,224,0,gap,27
8382,55576570,55576.57,240,0,gap,27
8383,55588424,55588.424,288,0,gap,27
8384,55592519,55592.519,243,0,gap,27
8385,55596607,55596.607,262,0,gap,27
8386,55608431,55608.431,265,0,gap,27
8387,55612539,55612.539,250,0,gap,27
8388,55616629,55616.629,239,0,gap,27
8389,55628427,55628.427,305,0,gap,27
8390,55632532,55632.532,237,0,gap,27
8391,55636649,55636.649,208,0,gap,27
8392,55648431,55648.431,314,0,gap,27
8393,55652566,55652.566,209,0,gap,27
8394,55656695,55656.695,197,0,gap,27
8395,55668423,55668.423,311,0,gap,27
8396,55672572,55672.572,187,0,gap,27
8397,55676721,55676.721,208,0,gap,27
8398,55688431,55688.431,263,0,gap,27
8399,55692598,55692.598,208,0,gap,27
8400,55696756,55696.756,232,0,gap,27
8401,55708423,55708.423,247,0,gap,27
8402,55712592,55712.592,225,0,gap,27
8403,55716759,55716.759,196,0,gap,27
8404,55728419,55728.419,276,0,gap,27
8405,55732605,55732.605,201,0,gap,27
8406,55736775,55736.775,163,0,gap,27
8407,55748415,55748.415,291,0,gap,27
8408,55752603,55752.603,176,0,gap,27
8409,55756791,55756.791,162,0,gap,27
8410,55768419,55768.419,275,0,gap,27
8411,55772625,55772.625,167,0,gap,27
8412,55776818,55776.818,191,0,gap,27
8413,55788411,55788.411,231,0,gap,27
8414,55792619,55792.619,174,0,gap,27
8415,55796830,55796.83,208,0,gap,27
8416,55808419,55808.419,229,1,pulse,28
8417,55812732,55812.732,4095,1,pulse,28
8418,55816887,55816.887,4095,1,pulse,28
8419,55828420,55828.42,4095,1,pulse,28
8420,55835331,55835.331,4095,1,pulse,28
8421,55839233,55839.233,4095,0,gap,28
8422,55848445,55848.445,2787,0,gap,28
8423,55852430,55852.43,2757,0,gap,28
8424,55858432,55858.432,2743,0,gap,28
8425,55868425,55868.425,2673,0,gap,28
8426,55872419,55872.419,2659,0,gap,28
8427,55878424,55878.424,2640,0,gap,28
8428,55888432,55888.432,2606,0,gap,28
8429,55892438,55892.438,2591,0,gap,28
8430,55898432,55898.432,2555,0,gap,28
8431,55908424,55908.424,2527,0,gap,28
8432,55912444,55912.444,2512,0,gap,28
8433,55918424,55918.424,2480,0,gap,28
8434,55928432,55928.432,2470,0,gap,28
8435,55932462,55932.462,2449,0,gap,28
8436,55938436,55938.436,2416,0,gap,28
8437,55948424,55948.424,2401,0,gap,28
8438,55952460,55952.46,2383,0,gap,28
8439,55958424,55958.424,2362,0,gap,28
8440,55968432,55968.432,2346,0,gap,28
8441,55972482,55972.482,2313,0,gap,28
8442,55978432,55978.432,2303,0,gap,28
8443,55988424,55988.424,2274,0,gap,28
8444,55992487,55992.487,2256,0,gap,28
8445,55998423,55998.423,2240,0,gap,28
8446,56008432,56008.432,2209,0,gap,28
8447,56012543,56012.543,2200,0,gap,28
8448,56018431,56018.431,2177,0,gap,28
8449,56028424,56028.424,2160,0,gap,28
8450,56032530,56032.53,2128,0,gap,28
8451,56038423,56038.423,2122,0,gap,28
8452,56048436,56048.436,2101,0,gap,28
8453,56052560,56052.56,2071,0,gap,28
8454,56058431,56058.431,2046,0,gap,28
8455,56068424,56068.424,2037,0,gap,28
8456,56072562,56072.562,2006,0,gap,28
8457,56078415,56078.415,2000,0,gap,28
8458,56088432,56088.432,1967,0,gap,28
8459,56092599,56092.599,1961,0,gap,28
8460,56098415,56098.415,1938,0,gap,28
8461,56108424,56108.424,1910,0,gap,28
8462,56112593,56112.593,1904,0,gap,28
8463,56116770,56116.77,1873,0,gap,28
8464,56128433,56128.433,1862,0,gap,28
8465,56132620,56132.62,1846,0,gap,28
8466,56136794,56136.794,1817,0,gap,28
8467,56148425,56148.425,1803,0,gap,28
8468,56152614,56152.614,1779,0,gap,28
8469,56156806,56156.806,1762,0,gap,28
8470,56168433,56168.433,1744,0,gap,28
8471,56172639,56172.639,1738,0,gap,28
8472,56176833,56176.833,1712,0,gap,28
8473,56188425,56188.425,1690,0,gap,28
8474,56192633,56192.633,1678,0,gap,28
8475,56196845,56196.845,1666,0,gap,28
8476,56208433,56208.433,1643,0,gap,28
8477,56212655,56212.655,1635,0,gap,28
8478,56216868,56216.868,1607,0,gap,28
8479,56228425,56228.425,1584,0,gap,28
8480,56232652,56232.652,1569,0,gap,28
8481,56236880,56236.88,1557,0,gap,28
8482,56248432,56248.432,1553,0,gap,28
8483,56255284,56255.284,1520,0,gap,28
8484,56259252,56259.252,1503,0,gap,28
8485,56268424,56268.424,1489,0,gap,28
8486,56272398,56272.398,1456,0,gap,28
8487,56278424,56278.424,1456,0,gap,28
8488,56288432,56288.432,1423,0,gap,28
8489,56292430,56292.43,1424,0,gap,28
8490,56298432,56298.432,1398,0,gap,28
8491,56308424,56308.424,1397,0,gap,28
8492,56312421,56312.421,1366,0,gap,28
8493,56318424,56318.424,1355,0,gap,28
8494,56328432,56328.432,1342,0,gap,28
8495,56332460,56332.46,1334,0,gap,28
8496,56338431,56338.431,1312,0,gap,28
8497,56348428,56348.428,1308,0,gap,28
8498,56352450,56352.45,1269,0,gap,28
8499,56358423,56358.423,1284,0,gap,28
8500,56368436,56368.436,1261,0,gap,28
8501,56372476,56372.476,1227,0,gap,28
8502,56378431,56378.431,1232,0,gap,28
8503,56388424,56388.424,1218,0,gap,28
8504,56392471,56392.471,1203,0,gap,28
8505,56398423,56398.423,1191,0,gap,28
8506,56408432,56408.432,1180,0,gap,28
8507,56412502,56412.502,1167,0,gap,28
8508,56418431,56418.431,1149,0,gap,28
8509,56428424,56428.424,1138,0,gap,28
8510,56432519,56432.519,1130,0,gap,28
8511,56438411,56438.411,1106,0,gap,28
8512,56448432,56448.432,1116,0,gap,28
8513,56452542,56452.542,1069,0,gap,28
8514,56456652,56456.652,1053,0,gap,28
8515,56468425,56468.425,1070,0,gap,28
8516,56472553,56472.553,1031,0,gap,28
8517,56476677,56476.677,1045,0,gap,28
8518,56488433,56488.433,1017,0,gap,28
8519,56492581,56492.581,993,0,gap,28
8520,56496729,56496.729,1009,0,gap,28
8521,56508425,56508.425,989,0,gap,28
8522,56512588,56512.588,993,0,gap,28
8523,56516742,56516.742,963,0,gap,28
8524,56528432,56528.432,976,0,gap,28
8525,56532601,56532.601,944,0,gap,28
8526,56536765,56536.765,922,0,gap,28
8527,56548424,56548.424,939,0,gap,28
8528,56552606,56552.606,909,0,gap,28
8529,56556784,56556.784,879,0,gap,28
8530,56568432,56568.432,906,0,gap,28
8531,56572620,56572.62,858,0,gap,28
8532,56576807,56576.807,874,0,gap,28
8533,56588424,56588.424,865,0,gap,28
8534,56592621,56592.621,859,0,gap,28
8535,56596819,56596.819,857,0,gap,28
8536,56608431,56608.431,849,0,gap,28
8537,56612643,56612.643,829,0,gap,28
8538,56616850,56616.85,802,0,gap,28
8539,56628411,56628.411,832,0,gap,28
8540,56632629,56632.629,791,0,gap,28
8541,56636845,56636.845,783,0,gap,28
8542,56648415,56648.415,814,0,gap,28
8543,56652650,56652.65,763,0,gap,28
8544,56656877,56656.877,741,0,gap,28
8545,56663869,56663.869,780,0,gap,28
8546,56667854,56667.854,737,0,gap,28
8547,56678425,56678.425,768,0,gap,28
8548,56682394,56682.394,721,0,gap,28
8549,56688424,56688.424,722,0,gap,28
8550,56698432,56698.432,745,0,gap,28
8551,56702426,56702.426,697,0,gap,28
8552,56708431,56708.431,690,0,gap,28
8553,56718424,56718.424,713,0,gap,28
8554,56722421,56722.421,669,0,gap,28
8555,56728423,56728.423,697,0,gap,28
8556,56738432,56738.432,683,0,gap,28
8557,56742446,56742.446,645,0,gap,28
8558,56746453,56746.453,667,0,gap,28
8559,56758425,56758.425,653,0,gap,28
8560,56762447,56762.447,653,0,gap,28
8561,56766473,56766.473,631,0,gap,28
8562,56778433,56778.433,667,0,gap,28
8563,56782469,56782.469,625,0,gap,28
8564,56786496,56786.496,607,0,gap,28
8565,56798424,56798.424,656,0,gap,28
8566,56802463,56802.463,591,0,gap,28
8567,56806509,56806.509,579,0,gap,28
8568,56818432,56818.432,621,0,gap,28
8569,56822489,56822.489,570,0,gap,28
8570,56826558,56826.558,573,0,gap,28
8571,56838424,56838.424,609,0,gap,28
8572,56842515,56842.515,565,0,gap,28
8573,56846609,56846.609,576,0,gap,28
8574,56858431,56858.431,587,0,gap,28
8575,56862549,56862.549,567,0,gap,28
8576,56866651,56866.651,534,0,gap,28
8577,56878423,56878.423,585,0,gap,28
8578,56882539,56882.539,545,0,gap,28
8579,56886655,56886.655,496,0,gap,28
8580,56898435,56898.435,578,0,gap,28
8581,56902574,56902.574,495,0,gap,28
8582,56906709,56906.709,486,0,gap,28
8583,56918423,56918.423,560,0,gap,28
8584,56922579,56922.579,473,0,gap,28
8585,56926734,56926.734,483,0,gap,28
8586,56938431,56938.431,511,0,gap,28
8587,56942605,56942.605,486,0,gap,28
8588,56946766,56946.766,494,0,gap,28
8589,56958415,56958.415,499,0,gap,28
8590,56962591,56962.591,479,0,gap,28
8591,56966773,56966.773,473,0,gap,28
8592,56978419,56978.419,511,0,gap,28
8593,56982612,56982.612,462,0,gap,28
8594,56986793,56986.793,445,0,gap,28
8595,56998415,56998.415,526,0,gap,28
8596,57002614,57002.614,432,0,gap,28
8597,57006812,57006.812,417,0,gap,28
8598,57018415,57018.415,496,0,gap,28
8599,57022628,57022.628,403,0,gap,28
8600,57026828,57026.828,418,0,gap,28
8601,57038411,57038.411,451,0,gap,28
8602,57042626,57042.626,414,0,gap,28
8603,57046844,57046.844,430,0,gap,28
8604,57058415,57058.415,442,0,gap,28
8605,57062647,57062.647,419,0,gap,28
8606,57066867,57066.867,403,0,gap,28
8607,57078411,57078.411,452,0,gap,28
8608,57085397,57085.397,417,0,gap,28
8609,57089362,57089.362,359,0,gap,28
8610,57098431,57098.431,439,0,gap,28
8611,57102408,57102.408,362,0,gap,28
8612,57108436,57108.436,373,0,gap,28
8613,57118424,57118.424,429,0,gap,28
8614,57122413,57122.413,342,0,gap,28
8615,57128423,57128.423,402,0,gap,28
8616,57138432,57138.432,390,0,gap,28
8617,57142436,57142.436,355,0,gap,28
8618,57146438,57146.438,369,0,gap,28
8619,57158425,57158.425,395,0,gap,28
8620,57162440,57162.44,355,0,gap,28
8621,57166451,57166.451,357,0,gap,28
8622,57178433,57178.433,410,0,gap,28
8623,57182466,57182.466,347,0,gap,28
8624,57186490,57186.49,323,0,gap,28
8625,57198424,57198.424,412,0,gap,28
8626,57202459,57202.459,318,0,gap,28
8627,57206494,57206.494,301,0,gap,28
8628,57218436,57218.436,384,0,gap,28
8629,57222485,57222.485,284,0,gap,28
8630,57226523,57226.523,306,0,gap,28
8631,57238424,57238.424,358,0,gap,28
8632,57242489,57242.489,297,0,gap,28
8633,57246581,57246.581,328,0,gap,28
8634,57258431,57258.431,337,0,gap,28
8635,57262537,57262.537,321,0,gap,28
8636,57266627,57266.627,307,0,gap,28
8637,57278423,57278.423,375,0,gap,28
8638,57282536,57282.536,309,0,gap,28
8639,57286649,57286.649,271,0,gap,28
8640,57298431,57298.431,381,0,gap,28
8641,57302554,57302.554,273,0,gap,28
8642,57306672,57306.672,261,0,gap,28
8643,57318423,57318.423,359,0,gap,28
8644,57322568,57322.568,247,0,gap,28
8645,57326711,57326.711,274,0,gap,28
8646,57338431,57338.431,318,0,gap,28
8647,57342594,57342.594,269,0,gap,28
8648,57346752,57346.752,286,0,gap,28
8649,57358423,57358.423,298,0,gap,28
8650,57362600,57362.6,279,0,gap,28
8651,57366768,57366.768,258,0,gap,28
8652,57378419,57378.419,326,0,gap,28
8653,57382602,57382.602,271,0,gap,28
8654,57386779,57386.779,242,0,gap,28
8655,57398415,57398.415,347,0,gap,28
8656,57402607,57402.607,240,0,gap,28
8657,57406795,57406.795,234,0,gap,28
8658,57418419,57418.419,321,0,gap,28
8659,57422617,57422.617,209,0,gap,28
8660,57426814,57426.814,250,0,gap,28
8661,57438411,57438.411,277,0,gap,28
8662,57442619,57442.619,235,0,gap,28
8663,57446826,57446.826,263,0,gap,28
8664,57458415,57458.415,282,0,gap,28
8665,57462637,57462.637,247,0,gap,28
8666,57466857,57466.857,243,0,gap,28
8667,57478411,57478.411,300,0,gap,28
8668,57482638,57482.638,240,0,gap,28
8669,57486865,57486.865,213,0,gap,28
8670,57498415,57498.415,311,0,gap,28
8671,57505418,57505.418,224,0,gap,28
8672,57509389,57509.389,209,0,gap,28
8673,57518423,57518.423,277,0,gap,28
8674,57522400,57522.4,189,0,gap,28
8675,57528423,57528.423,239,0,gap,28
8676,57538436,57538.436,240,0,gap,28
8677,57542424,57542.424,193,0,gap,28
8678,57548431,57548.431,241,0,gap,28
8679,57558424,57558.424,234,0,gap,28
8680,57562427,57562.427,206,0,gap,28
8681,57566431,57566.431,194,0,gap,28
8682,57578433,57578.433,267,0,gap,28
8683,57582447,57582.447,198,0,gap,28
8684,57586462,57586.462,183,0,gap,28
8685,57598425,57598.425,298,0,gap,28
8686,57602449,57602.449,173,0,gap,28
8687,57606478,57606.478,145,0,gap,28
8688,57618432,57618.432,272,0,gap,28
8689,57622467,57622.467,144,0,gap,28
8690,57626498,57626.498,169,0,gap,28
8691,57638424,57638.424,227,0,gap,28
8692,57642473,57642.473,167,0,gap,28
8693,57646519,57646.519,201,0,gap,28
8694,57658432,57658.432,218,0,gap,28
8695,57662500,57662.5,187,0,gap,28
8696,57666605,57666.605,186,0,gap,28
8697,57678423,57678.423,242,0,gap,28
8698,57682529,57682.529,176,0,gap,28
8699,57686622,57686.622,142,0,gap,28
8700,57698431,57698.431,259,0,gap,28
8701,57702548,57702.548,154,0,gap,28
8702,57706648,57706.648,130,0,gap,28
8703,57718423,57718.423,256,0,gap,28
8704,57722542,57722.542,129,0,gap,28
8705,57726668,57726.668,160,0,gap,28
8706,57738431,57738.431,206,0,gap,28
8707,57742576,57742.576,145,0,gap,28
8708,57746721,57746.721,169,0,gap,28
8709,57758423,57758.423,202,0,gap,28
8710,57762582,57762.582,175,0,gap,28
8711,57766744,57766.744,150,0,gap,28
8712,57778431,57778.431,231,1,pulse,29
8713,57782703,57782.703,4095,1,pulse,29
8714,57786809,57786.809,4095,1,pulse,29
8715,57798420,57798.42,4095,1,pulse,29
8716,57802532,57802.532,4095,1,pulse,29
8717,57806648,57806.648,4095,1,pulse,29
8718,57818432,57818.432,4095,0,gap,29
8719,57822784,57822.784,3046,0,gap,29
8720,57826982,57826.982,2907,0,gap,29
8721,57838424,57838.424,2767,0,gap,29
8722,57842632,57842.632,2750,0,gap,29
8723,57846847,57846.847,2714,0,gap,29
8724,57858432,57858.432,2666,0,gap,29
8725,57862658,57862.658,2649,0,gap,29
8726,57866871,57866.871,2640,0,gap,29
8727,57878424,57878.424,2608,0,gap,29
8728,57882655,57882.655,2595,0,gap,29
8729,57886886,57886.886,2554,0,gap,29
8730,57898432,57898.432,2530,0,gap,29
8731,57902673,57902.673,2510,0,gap,29
8732,57906906,57906.906,2480,0,gap,29
8733,57918424,57918.424,2454,0,gap,29
8734,57925428,57925.428,2432,0,gap,29
8735,57929410,57929.41,2411,0,gap,29
8736,57938432,57938.432,2384,0,gap,29
8737,57942419,57942.419,2371,0,gap,29
8738,57948432,57948.432,2367,0,gap,29
8739,57958428,57958.428,2320,0,gap,29
8740,57962424,57962.424,2329,0,gap,29
8741,57968424,57968.424,2302,0,gap,29
8742,57978432,57978.432,2270,0,gap,29
8743,57982451,57982.451,2241,0,gap,29
8744,57988436,57988.436,2247,0,gap,29
8745,57998424,57998.424,2214,0,gap,29
8746,58002450,58002.45,2187,0,gap,29
8747,58008424,58008.424,2171,0,gap,29
8748,58018432,58018.432,2138,0,gap,29
8749,58022472,58022.472,2126,0,gap,29
8750,58028431,58028.431,2112,0,gap,29
8751,58038424,58038.424,2096,0,gap,29
8752,58042470,58042.47,2064,0,gap,29
8753,58048423,58048.423,2067,0,gap,29
8754,58058432,58058.432,2032,0,gap,29
8755,58062496,58062.496,2001,0,gap,29
8756,58068431,58068.431,1983,0,gap,29
8757,58078424,58078.424,1968,0,gap,29
8758,58082496,58082.496,1957,0,gap,29
8759,58088423,58088.423,1932,0,gap,29
8760,58098436,58098.436,1920,0,gap,29
8761,58102548,58102.548,1887,0,gap,29
8762,58108431,58108.431,1872,0,gap,29
8763,58118424,58118.424,1857,0,gap,29
8764,58122544,58122.544,1830,0,gap,29
8765,58128415,58128.415,1818,0,gap,29
8766,58138432,58138.432,1791,0,gap,29
8767,58142565,58142.565,1786,0,gap,29
8768,58146698,58146.698,1776,0,gap,29
8769,58158425,58158.425,1733,0,gap,29
8770,58162573,58162.573,1728,0,gap,29
8771,58166727,58166.727,1706,0,gap,29
8772,58178433,58178.433,1693,0,gap,29
8773,58182603,58182.603,1671,0,gap,29
8774,58186772,58186.772,1663,0,gap,29
8775,58198425,58198.425,1636,0,gap,29
8776,58202612,58202.612,1617,0,gap,29
8777,58206787,58206.787,1597,0,gap,29
8778,58218433,58218.433,1598,0,gap,29
8779,58222626,58222.626,1571,0,gap,29
8780,58226811,58226.811,1557,0,gap,29
8781,58238425,58238.425,1522,0,gap,29
8782,58242628,58242.628,1511,0,gap,29
8783,58246826,58246.826,1500,0,gap,29
8784,58258433,58258.433,1471,0,gap,29
8785,58262645,58262.645,1471,0,gap,29
8786,58266853,58266.853,1442,0,gap,29
8787,58278429,58278.429,1446,0,gap,29
8788,58282651,58282.651,1421,0,gap,29
8789,58286865,58286.865,1389,0,gap,29
8790,58298432,58298.432,1397,0,gap,29
8791,58302665,58302.665,1371,0,gap,29
8792,58306900,58306.9,1349,0,gap,29
8793,58318424,58318.424,1334,0,gap,29
8794,58322666,58322.666,1329,0,gap,29
8795,58326900,58326.9,1317,0,gap,29
8796,58338432,58338.432,1291,0,gap,29
8797,58345432,58345.432,1293,0,gap,29
8798,58349411,58349.411,1263,0,gap,29
8799,58358424,58358.424,1248,0,gap,29
8800,58362411,58362.411,1254,0,gap,29
8801,58368424,58368.424,1227,0,gap,29
8802,58378432,58378.432,1221,0,gap,29
8803,58382440,58382.44,1200,0,gap,29
8804,58388432,58388.432,1168,0,gap,29
8805,58398424,58398.424,1183,0,gap,29
8806,58402435,58402.435,1155,0,gap,29
8807,58408424,58408.424,1139,0,gap,29
8808,58418436,58418.436,1139,0,gap,29
8809,58422466,58422.466,1114,0,gap,29
8810,58428432,58428.432,1114,0,gap,29
8811,58438424,58438.424,1095,0,gap,29
8812,58442460,58442.46,1085,0,gap,29
8813,58448423,58448.423,1082,0,gap,29
8814,58458432,58458.432,1051,0,gap,29
8815,58462486,58462.486,1051,0,gap,29
8816,58468431,58468.431,1019,0,gap,29
8817,58478424,58478.424,1033,0,gap,29
8818,58482480,58482.48,1013,0,gap,29
8819,58488427,58488.427,991,0,gap,29
8820,58498432,58498.432,999,0,gap,29
8821,58502511,58502.511,949,0,gap,29
8822,58508415,58508.415,958,0,gap,29
8823,58518424,58518.424,961,0,gap,29
8824,58522540,58522.54,928,0,gap,29
8825,58526643,58526.643,933,0,gap,29
8826,58538433,58538.433,917,0,gap,29
8827,58542552,58542.552,878,0,gap,29
8828,58546671,58546.671,908,0,gap,29
8829,58558424,58558.424,880,0,gap,29
8830,58562558,58562.558,871,0,gap,29
8831,58566690,58566.69,863,0,gap,29
8832,58578432,58578.432,873,0,gap,29
8833,58582579,58582.579,848,0,gap,29
8834,58586733,58586.733,823,0,gap,29
8835,58598428,58598.428,848,0,gap,29
8836,58602596,58602.596,807,0,gap,29
8837,58606764,58606.764,799,0,gap,29
8838,58618431,58618.431,823,0,gap,29
8839,58622614,58622.614,767,0,gap,29
8840,58626795,58626.795,790,0,gap,29
8841,58638423,58638.423,775,0,gap,29
8842,58642615,58642.615,755,0,gap,29
8843,58646803,58646.803,775,0,gap,29
8844,58658419,58658.419,759,0,gap,29
8845,58662621,58662.621,746,0,gap,29
8846,58666819,58666.819,733,0,gap,29
8847,58678411,58678.411,746,0,gap,29
8848,58682623,58682.623,713,0,gap,29
8849,58686830,58686.83,704,0,gap,29
8850,58698415,58698.415,747,0,gap,29
8851,58702641,58702.641,684,0,gap,29
8852,58706853,58706.853,678,0,gap,29
8853,58718411,58718.411,726,0,gap,29
8854,58722642,58722.642,656,0,gap,29
8855,58726869,58726.869,658,0,gap,29
8856,58738419,58738.419,661,0,gap,29
8857,58742656,58742.656,649,0,gap,29
8858,58746889,58746.889,643,0,gap,29
8859,58753886,58753.886,656,0,gap,29
8860,58757889,58757.889,615,0,gap,29
8861,58768425,58768.425,653,0,gap,29
8862,58772408,58772.408,597,0,gap,29
8863,58778424,58778.424,633,0,gap,29
8864,58788432,58788.432,615,0,gap,29
8865,58792432,58792.432,585,0,gap,29
8866,58798431,58798.431,617,0,gap,29
8867,58808428,58808.428,594,0,gap,29
8868,58812434,58812.434,593,0,gap,29
8869,58818423,58818.423,590,0,gap,29
8870,58828432,58828.432,608,0,gap,29
8871,58832457,58832.457,575,0,gap,29
8872,58836482,58836.482,555,0,gap,29
8873,58848425,58848.425,603,0,gap,29
8874,58852458,58852.458,539,0,gap,29
8875,58856486,58856.486,522,0,gap,29
8876,58868433,58868.433,587,0,gap,29
8877,58872475,58872.475,510,0,gap,29
8878,58876521,58876.521,511,0,gap,29
8879,58888424,58888.424,535,0,gap,29
8880,58892481,58892.481,496,0,gap,29
8881,58896529,58896.529,502,0,gap,29
8882,58908432,58908.432,511,0,gap,29
8883,58912504,58912.504,498,0,gap,29
8884,58916587,58916.587,482,0,gap,29
8885,58928424,58928.424,547,0,gap,29
8886,58932529,58932.529,494,0,gap,29
8887,58936633,58936.633,471,0,gap,29
8888,58948435,58948.435,554,0,gap,29
8889,58952552,58952.552,470,0,gap,29
8890,58956667,58956.667,452,0,gap,29
8891,58968423,58968.423,511,0,gap,29
8892,58972554,58972.554,430,0,gap,29
8893,58976680,58976.68,452,0,gap,29
8894,58988431,58988.431,482,0,gap,29
8895,58992580,58992.58,443,0,gap,29
8896,58996730,58996.73,448,0,gap,29
8897,59008423,59008.423,461,0,gap,29
8898,59012593,59012.593,432,0,gap,29
8899,59016758,59016.758,429,0,gap,29
8900,59028419,59028.419,465,0,gap,29
8901,59032595,59032.595,427,0,gap,29
8902,59036766,59036.766,393,0,gap,29
8903,59048415,59048.415,487,0,gap,29
8904,59052609,59052.609,389,0,gap,29
8905,59056789,59056.789,368,0,gap,29
8906,59068419,59068.419,457,0,gap,29
8907,59072614,59072.614,373,0,gap,29
8908,59076809,59076.809,390,0,gap,29
8909,59088411,59088.411,430,0,gap,29
8910,59092624,59092.624,368,0,gap,29
8911,59096828,59096.828,398,0,gap,29
8912,59108415,59108.415,408,0,gap,29
8913,59112634,59112.634,381,0,gap,29
8914,59116844,59116.844,368,0,gap,29
8915,59128415,59128.415,416,0,gap,29
8916,59132644,59132.644,361,0,gap,29
8917,59136863,59136.863,338,0,gap,29
8918,59148415,59148.415,428,0,gap,29
8919,59152653,59152.653,343,0,gap,29
8920,59156891,59156.891,320,0,gap,29
8921,59168411,59168.411,410,0,gap,29
8922,59175433,59175.433,352,0,gap,29
8923,59179431,59179.431,350,0,gap,29
8924,59188431,59188.431,359,0,gap,29
8925,59192424,59192.424,313,0,gap,29
8926,59198431,59198.431,366,0,gap,29
8927,59208424,59208.424,349,0,gap,29
8928,59212422,59212.422,352,0,gap,29
8929,59218423,59218.423,341,0,gap,29
8930,59228432,59228.432,379,0,gap,29
8931,59232452,59232.452,320,0,gap,29
8932,59236455,59236.455,281,0,gap,29
8933,59248425,59248.425,386,0,gap,29
8934,59252444,59252.444,302,0,gap,29
8935,59256471,59256.471,265,0,gap,29
8936,59268437,59268.437,387,0,gap,29
8937,59272474,59272.474,264,0,gap,29
8938,59276499,59276.499,295,0,gap,29
8939,59288424,59288.424,333,0,gap,29
8940,59292464,59292.464,275,0,gap,29
8941,59296507,59296.507,304,0,gap,29
8942,59308432,59308.432,326,0,gap,29
8943,59312494,59312.494,288,0,gap,29
8944,59316544,59316.544,277,0,gap,29
8945,59328424,59328.424,340,0,gap,29
8946,59332489,59332.489,285,0,gap,29
8947,59336594,59336.594,255,0,gap,29
8948,59348431,59348.431,365,0,gap,29
8949,59352546,59352.546,251,0,gap,29
8950,59356644,59356.644,219,0,gap,29
8951,59368423,59368.423,347,0,gap,29
8952,59372550,59372.55,231,0,gap,29
8953,59376667,59376.667,256,0,gap,29
8954,59388431,59388.431,304,0,gap,29
8955,59392563,59392.563,236,0,gap,29
8956,59396686,59396.686,256,0,gap,29
8957,59408423,59408.423,288,0,gap,29
8958,59412577,59412.577,260,0,gap,29
8959,59416734,59416.734,242,0,gap,29
8960,59428431,59428.431,313,0,gap,29
8961,59432602,59432.602,249,0,gap,29
8962,59436765,59436.765,233,0,gap,29
8963,59448419,59448.419,320,0,gap,29
8964,59452596,59452.596,219,0,gap,29
8965,59456768,59456.768,200,0,gap,29
8966,59468419,59468.419,308,0,gap,29
8967,59472610,59472.61,204,0,gap,29
8968,59476800,59476.8,221,0,gap,29
8969,59488415,59488.415,272,0,gap,29
8970,59492616,59492.616,207,0,gap,29
8971,59496811,59496.811,225,0,gap,29
8972,59508415,59508.415,250,0,gap,29
8973,59512625,59512.625,233,0,gap,29
8974,59516831,59516.831,220,0,gap,29
8975,59528411,59528.411,279,0,gap,29
8976,59532631,59532.631,213,0,gap,29
8977,59536846,59536.846,191,0,gap,29
8978,59548415,59548.415,298,0,gap,29
8979,59552649,59552.649,186,0,gap,29
8980,59556870,59556.87,171,0,gap,29
8981,59568411,59568.411,281,0,gap,29
8982,59572647,59572.647,167,0,gap,29
8983,59576882,59576.882,198,0,gap,29
8984,59588419,59588.419,245,0,gap,29
8985,59595407,59595.407,242,0,gap,29
8986,59599397,59599.397,203,0,gap,29
8987,59608423,59608.423,200,0,gap,29
8988,59612406,59612.406,199,0,gap,29
8989,59618423,59618.423,225,0,gap,29
8990,59628432,59628.432,245,0,gap,29
8991,59632438,59632.438,180,0,gap,29
8992,59638431,59638.431,170,0,gap,29
8993,59648424,59648.424,247,0,gap,29
8994,59652433,59652.433,160,0,gap,29
8995,59656449,59656.449,153,0,gap,29
8996,59668433,59668.433,272,1,pulse,30
8997,59672556,59672.556,4095,1,pulse,30
8998,59676518,59676.518,4095,1,pulse,30
8999,59688421,59688.421,4095,1,pulse,30
9000,59692394,59692.394,4095,1,pulse,30
9001,59698419,59698.419,4095,1,pulse,30
9002,59708428,59708.428,4095,0,gap,30
9003,59712640,59712.64,2960,0,gap,30
9004,59718431,59718.431,2830,0,gap,30
9005,59728424,59728.424,2766,0,gap,30
9006,59732494,59732.494,2731,0,gap,30
9007,59738423,59738.423,2719,0,gap,30
9008,59748432,59748.432,2663,0,gap,30
9009,59752525,59752.525,2638,0,gap,30
9010,59758431,59758.431,2620,0,gap,30
9011,59768424,59768.424,2585,0,gap,30
9012,59772545,59772.545,2559,0,gap,30
9013,59778411,59778.411,2545,0,gap,30
9014,59788432,59788.432,2512,0,gap,30
9015,59792578,59792.578,2486,0,gap,30
9016,59796706,59796.706,2479,0,gap,30
9017,59808425,59808.425,2462,0,gap,30
9018,59812568,59812.568,2437,0,gap,30
9019,59816714,59816.714,2425,0,gap,30
9020,59828433,59828.433,2390,0,gap,30
9021,59832606,59832.606,2373,0,gap,30
9022,59836775,59836.775,2345,0,gap,30
9023,59848425,59848.425,2320,0,gap,30
9024,59852608,59852.608,2303,0,gap,30
9025,59856794,59856.794,2287,0,gap,30
9026,59868433,59868.433,2260,0,gap,30
9027,59872633,59872.633,2245,0,gap,30
9028,59876821,59876.821,2230,0,gap,30
9029,59888425,59888.425,2189,0,gap,30
9030,59892627,59892.627,2182,0,gap,30
9031,59896836,59896.836,2174,0,gap,30
9032,59908433,59908.433,2131,0,gap,30
9033,59912653,59912.653,2126,0,gap,30
9034,59916860,59916.86,2102,0,gap,30
9035,59928424,59928.424,2081,0,gap,30
9036,59932646,59932.646,2071,0,gap,30
9037,59936875,59936.875,2033,0,gap,30
9038,59948432,59948.432,2011,0,gap,30
9039,59952672,59952.672,2000,0,gap,30
9040,59956899,59956.899,1993,0,gap,30
9041,59968424,59968.424,1953,0,gap,30
9042,59972670,59972.67,1931,0,gap,30
9043,59976914,59976.914,1912,0,gap,30
9044,59988432,59988.432,1887,0,gap,30
9045,59992691,59992.691,1887,0,gap,30
9046,59996938,59996.938,1872,0,gap,30
9047,60008428,60008.428,1853,0,gap,30
9048,60015442,60015.442,1825,0,gap,30
9049,60019441,60019.441,1793,0,gap,30
9050,60028432,60028.432,1786,0,gap,30
9051,60032436,60032.436,1779,0,gap,30
9052,60038432,60038.432,1743,0,gap,30
9053,60048424,60048.424,1744,0,gap,30
9054,60052438,60052.438,1726,0,gap,30
9055,60058424,60058.424,1690,0,gap,30
9056,60068432,60068.432,1690,0,gap,30
9057,60072465,60072.465,1650,0,gap,30
9058,60078432,60078.432,1654,0,gap,30
9059,60088424,60088.424,1616,0,gap,30
9060,60092464,60092.464,1605,0,gap,30
9061,60098424,60098.424,1600,0,gap,30
9062,60108432,60108.432,1579,0,gap,30
9063,60112494,60112.494,1566,0,gap,30
9064,60118431,60118.431,1535,0,gap,30
9065,60128424,60128.424,1523,0,gap,30
9066,60132484,60132.484,1510,0,gap,30
9067,60138423,60138.423,1494,0,gap,30
9068,60148432,60148.432,1474,0,gap,30
9069,60152514,60152.514,1449,0,gap,30
9070,60158431,60158.431,1454,0,gap,30
9071,60168424,60168.424,1434,0,gap,30
9072,60172514,60172.514,1407,0,gap,30
9073,60178423,60178.423,1392,0,gap,30
9074,60188432,60188.432,1371,0,gap,30
9075,60192566,60192.566,1351,0,gap,30
9076,60198431,60198.431,1344,0,gap,30
9077,60208424,60208.424,1328,0,gap,30
9078,60212562,60212.562,1319,0,gap,30
9079,60218415,60218.415,1296,0,gap,30
9080,60228432,60228.432,1287,0,gap,30
9081,60232579,60232.579,1267,0,gap,30
9082,60236726,60236.726,1246,0,gap,30
9083,60248425,60248.425,1264,0,gap,30
9084,60252591,60252.591,1209,0,gap,30
9085,60256763,60256.763,1205,0,gap,30
9086,60268433,60268.433,1201,0,gap,30
9087,60272621,60272.621,1181,0,gap,30
9088,60276804,60276.804,1177,0,gap,30
9089,60288425,60288.425,1171,0,gap,30
9090,60292626,60292.626,1148,0,gap,30
9091,60296819,60296.819,1147,0,gap,30
9092,60308433,60308.433,1104,0,gap,30
9093,60312640,60312.64,1130,0,gap,30
9094,60316842,60316.842,1104,0,gap,30
9095,60328429,60328.429,1079,0,gap,30
9096,60332646,60332.646,1074,0,gap,30
9097,60336858,60336.858,1043,0,gap,30
9098,60348433,60348.433,1069,0,gap,30
9099,60352659,60352.659,1034,0,gap,30
9100,60356881,60356.881,1008,0,gap,30
9101,60368424,60368.424,1015,0,gap,30
9102,60372661,60372.661,983,0,gap,30
9103,60376892,60376.892,992,0,gap,30
9104,60388432,60388.432,966,0,gap,30
9105,60392677,60392.677,966,0,gap,30
9106,60396922,60396.922,964,0,gap,30
9107,60408424,60408.424,945,0,gap,30
9108,60412679,60412.679,948,0,gap,30
9109,60416929,60416.929,931,0,gap,30
9110,60428432,60428.432,927,0,gap,30
9111,60435450,60435.45,896,0,gap,30
9112,60439447,60439.447,882,0,gap,30
9113,60448423,60448.423,896,0,gap,30
9114,60452424,60452.424,861,0,gap,30
9115,60458423,60458.423,857,0,gap,30
9116,60468432,60468.432,877,0,gap,30
9117,60472457,60472.457,823,0,gap,30
9118,60478431,60478.431,849,0,gap,30
9119,60488424,60488.424,821,0,gap,30
9120,60492448,60492.448,816,0,gap,30
9121,60496476,60496.476,816,0,gap,30
9122,60508433,60508.433,809,0,gap,30
9123,60512479,60512.479,791,0,gap,30
9124,60516514,60516.514,792,0,gap,30
9125,60528425,60528.425,785,0,gap,30
9126,60532474,60532.474,759,0,gap,30
9127,60536530,60536.53,757,0,gap,30
9128,60548432,60548.432,783,0,gap,30
9129,60552499,60552.499,737,0,gap,30
9130,60556553,60556.553,713,0,gap,30
9131,60568424,60568.424,755,0,gap,30
9132,60572497,60572.497,686,0,gap,30
9133,60576571,60576.571,693,0,gap,30
9134,60588432,60588.432,711,0,gap,30
9135,60592525,60592.525,683,0,gap,30
9136,60596634,60596.634,699,0,gap,30
9137,60608423,60608.423,681,0,gap,30
9138,60612553,60612.553,673,0,gap,30
9139,60616675,60616.675,666,0,gap,30
9140,60628431,60628.431,687,0,gap,30
9141,60632568,60632.568,660,0,gap,30
9142,60636701,60636.701,636,0,gap,30
9143,60648427,60648.427,687,0,gap,30
9144,60652574,60652.574,621,0,gap,30
9145,60656721,60656.721,611,0,gap,30
9146,60668431,60668.431,656,0,gap,30
9147,60672596,60672.596,585,0,gap,30
9148,60676768,60676.768,595,0,gap,30
9149,60688415,60688.415,618,0,gap,30
9150,60692602,60692.602,574,0,gap,30
9151,60696783,60696.783,598,0,gap,30
9152,60708419,60708.419,591,0,gap,30
9153,60712615,60712.615,583,0,gap,30
9154,60716811,60716.811,577,0,gap,30
9155,60728415,60728.415,606,0,gap,30
9156,60732621,60732.621,567,0,gap,30
9157,60736823,60736.823,531,0,gap,30
9158,60748415,60748.415,604,0,gap,30
9159,60752635,60752.635,528,0,gap,30
9160,60756846,60756.846,505,0,gap,30
9161,60768411,60768.411,562,0,gap,30
9162,60772637,60772.637,497,0,gap,30
9163,60776857,60776.857,501,0,gap,30
9164,60788415,60788.415,531,0,gap,30
9165,60792654,60792.654,496,0,gap,30
9166,60796885,60796.885,510,0,gap,30
9167,60808411,60808.411,499,0,gap,30
9168,60812656,60812.656,496,0,gap,30
9169,60816896,60816.896,470,0,gap,30
9170,60821148,60821.148,464,0,gap,30
9171,60828425,60828.425,523,0,gap,30
9172,60838432,60838.432,485,0,gap,30
9173,60842694,60842.694,464,0,gap,30
9174,60849568,60849.568,506,0,gap,30
9175,60858427,60858.427,468,0,gap,30
9176,60862420,60862.42,464,0,gap,30
9177,60868423,60868.423,452,0,gap,30
9178,60878432,60878.432,490,0,gap,30
9179,60882446,60882.446,434,0,gap,30
9180,60888431,60888.431,419,0,gap,30
9181,60898424,60898.424,494,0,gap,30
9182,60902447,60902.447,407,0,gap,30
9183,60906468,60906.468,399,0,gap,30
9184,60918433,60918.433,478,0,gap,30
9185,60922472,60922.472,387,0,gap,30
9186,60926510,60926.51,402,0,gap,30
9187,60938425,60938.425,445,0,gap,30
9188,60942474,60942.474,377,0,gap,30
9189,60946519,60946.519,417,0,gap,30
9190,60958432,60958.432,428,0,gap,30
9191,60962496,60962.496,399,0,gap,30
9192,60966551,60966.551,399,0,gap,30
9193,60978424,60978.424,432,0,gap,30
9194,60982494,60982.494,396,0,gap,30
9195,60986560,60986.56,354,0,gap,30
9196,60998432,60998.432,464,0,gap,30
9197,61002516,61002.516,356,0,gap,30
9198,61006601,61006.601,325,0,gap,30
9199,61018423,61018.423,442,0,gap,30
9200,61022546,61022.546,328,0,gap,30
9201,61026664,61026.664,361,0,gap,30
9202,61038431,61038.431,400,0,gap,30
9203,61042569,61042.569,336,0,gap,30
9204,61046694,61046.694,347,0,gap,30
9205,61058423,61058.423,389,0,gap,30
9206,61062563,61062.563,349,0,gap,30
9207,61066710,61066.71,336,0,gap,30
9208,61078431,61078.431,401,0,gap,30
9209,61082597,61082.597,340,0,gap,30
9210,61086756,61086.756,306,0,gap,30
9211,61098415,61098.415,404,0,gap,30
9212,61102595,61102.595,317,0,gap,30
9213,61106781,61106.781,298,0,gap,30
9214,61118419,61118.419,387,0,gap,30
9215,61122616,61122.616,288,0,gap,30
9216,61126801,61126.801,305,0,gap,30
9217,61138415,61138.415,358,0,gap,30
9218,61142618,61142.618,289,0,gap,30
9219,61146820,61146.82,318,0,gap,30
9220,61158415,61158.415,345,0,gap,30
9221,61162632,61162.632,307,0,gap,30
9222,61166836,61166.836,298,0,gap,30
9223,61178415,61178.415,340,0,gap,30
9224,61182634,61182.634,294,0,gap,30
9225,61186855,61186.855,272,0,gap,30
9226,61198415,61198.415,368,0,gap,30
9227,61202651,61202.651,272,0,gap,30
9228,61206875,61206.875,245,0,gap,30
9229,61218411,61218.411,351,0,gap,30
9230,61222649,61222.649,251,0,gap,30
9231,61226890,61226.89,257,0,gap,30
9232,61231131,61231.131,293,0,gap,30
9233,61238425,61238.425,284,0,gap,30
9234,61248432,61248.432,336,0,gap,30
9235,61252695,61252.695,252,0,gap,30
9236,61259713,61259.713,268,0,gap,30
9237,61268423,61268.423,320,0,gap,30
9238,61272413,61272.413,226,0,gap,30
9239,61278428,61278.428,279,0,gap,30
9240,61288432,61288.432,282,0,gap,30
9241,61292442,61292.442,223,0,gap,30
9242,61298431,61298.431,279,0,gap,30
9243,61308424,61308.424,256,0,gap,30
9244,61312444,61312.444,251,0,gap,30
9245,61316466,61316.466,251,0,gap,30
9246,61328433,61328.433,296,0,gap,30
9247,61332468,61332.468,240,0,gap,30
9248,61336495,61336.495,214,0,gap,30
9249,61348425,61348.425,334,0,gap,30
9250,61352472,61352.472,210,0,gap,30
9251,61356518,61356.518,197,0,gap,30
9252,61368432,61368.432,305,0,gap,30
9253,61372493,61372.493,187,0,gap,30
9254,61376542,61376.542,203,0,gap,30
9255,61388428,61388.428,275,0,gap,30
9256,61392492,61392.492,196,0,gap,30
9257,61396559,61396.559,219,0,gap,30
9258,61408432,61408.432,240,0,gap,30
9259,61412513,61412.513,221,0,gap,30
9260,61416584,61416.584,208,0,gap,30
9261,61428423,61428.423,282,0,gap,30
9262,61432539,61432.539,208,0,gap,30
9263,61436659,61436.659,186,0,gap,30
9264,61448431,61448.431,292,0,gap,30
9265,61452565,61452.565,177,0,gap,30
9266,61456692,61456.692,157,0,gap,30
9267,61468423,61468.423,277,0,gap,30
9268,61472560,61472.56,154,0,gap,30
9269,61476701,61476.701,190,0,gap,30
9270,61488431,61488.431,237,0,gap,30
9271,61492594,61492.594,171,0,gap,30
9272,61496745,61496.745,199,0,gap,30
9273,61508415,61508.415,219,0,gap,30
9274,61512592,61512.592,190,0,gap,30
9275,61516772,61516.772,194,0,gap,30
9276,61528419,61528.419,240,0,gap,30
9277,61532618,61532.618,200,0,gap,30
9278,61536800,61536.8,163,0,gap,30
9279,61548415,61548.415,267,0,gap,30
9280,61552611,61552.611,166,0,gap,30
9281,61556811,61556.811,145,0,gap,30
9282,61568415,61568.415,247,0,gap,30
9283,61572629,61572.629,138,0,gap,30
9284,61576831,61576.831,160,0,gap,30
9285,61588411,61588.411,209,0,gap,30
9286,61592627,61592.627,141,0,gap,30
9287,61596850,61596.85,176,0,gap,30
9288,61608415,61608.415,195,0,gap,30
9289,61612649,61612.649,165,0,gap,30
9290,61616870,61616.87,161,0,gap,30
9291,61628411,61628.411,220,0,gap,30
9292,61632646,61632.646,166,0,gap,30
9293,61636889,61636.889,115,0,gap,30
9294,61641126,61641.126,136,0,gap,30
9295,61648425,61648.425,215,0,gap,30
9296,61658432,61658.432,176,0,gap,30
9297,61662692,61662.692,167,0,gap,30
9298,61668431,61668.431,170,0,gap,30
9299,61675460,61675.46,156,0,gap,30
9300,61688432,61688.432,208,0,gap,30
9301,61692431,61692.431,125,0,gap,30
9302,61696419,61696.419,160,0,gap,30
9303,61708427,61708.427,176,1,pulse,31
9304,61712528,61712.528,4095,1,pulse,31
9305,61716482,61716.482,4095,1,pulse,31
9306,61728428,61728.428,4095,1,pulse,31
9307,61732390,61732.39,4095,1,pulse,31
9308,61736344,61736.344,4095,1,pulse,31
9309,61748421,61748.421,4095,0,gap,31
9310,61752610,61752.61,3067,0,gap,31
9311,61756663,61756.663,2971,0,gap,31
9312,61768432,61768.432,2773,0,gap,31
9313,61772500,61772.5,2753,0,gap,31
9314,61776551,61776.551,2726,0,gap,31
9315,61788424,61788.424,2671,0,gap,31
9316,61792490,61792.49,2666,0,gap,31
9317,61796559,61796.559,2631,0,gap,31
9318,61808436,61808.436,2608,0,gap,31
9319,61812520,61812.52,2579,0,gap,31
9320,61816592,61816.592,2558,0,gap,31
9321,61828424,61828.424,2545,0,gap,31
9322,61832511,61832.511,2513,0,gap,31
9323,61836612,61836.612,2495,0,gap,31
9324,61848432,61848.432,2468,0,gap,31
9325,61852569,61852.569,2446,0,gap,31
9326,61856692,61856.692,2431,0,gap,31
9327,61868424,61868.424,2396,0,gap,31
9328,61872567,61872.567,2375,0,gap,31
9329,61876711,61876.711,2368,0,gap,31
9330,61888432,61888.432,2337,0,gap,31
9331,61892585,61892.585,2308,0,gap,31
9332,61896734,61896.734,2307,0,gap,31
9333,61908423,61908.423,2271,0,gap,31
9334,61912595,61912.595,2266,0,gap,31
9335,61916763,61916.763,2242,0,gap,31
9336,61928431,61928.431,2198,0,gap,31
9337,61932625,61932.625,2203,0,gap,31
9338,61936814,61936.814,2175,0,gap,31
9339,61948427,61948.427,2157,0,gap,31
9340,61952631,61952.631,2128,0,gap,31
9341,61956830,61956.83,2108,0,gap,31
9342,61968431,61968.431,2086,0,gap,31
9343,61972645,61972.645,2065,0,gap,31
9344,61976853,61976.853,2062,0,gap,31
9345,61988423,61988.423,2037,0,gap,31
9346,61992646,61992.646,2001,0,gap,31
9347,61996865,61996.865,2007,0,gap,31
9348,62008431,62008.431,1966,0,gap,31
9349,62012664,62012.664,1959,0,gap,31
9350,62016896,62016.896,1931,0,gap,31
9351,62028423,62028.423,1907,0,gap,31
9352,62032666,62032.666,1894,0,gap,31
9353,62036904,62036.904,1872,0,gap,31
9354,62048431,62048.431,1862,0,gap,31
9355,62052688,62052.688,1831,0,gap,31
9356,62056936,62056.936,1808,0,gap,31
9357,62068423,62068.423,1795,0,gap,31
9358,62072685,62072.685,1774,0,gap,31
9359,62076943,62076.943,1775,0,gap,31
9360,62088431,62088.431,1738,0,gap,31
9361,62095472,62095.472,1728,0,gap,31
9362,62099497,62099.497,1712,0,gap,31
9363,62108424,62108.424,1701,0,gap,31
9364,62112427,62112.427,1669,0,gap,31
9365,62118424,62118.424,1652,0,gap,31
9366,62128436,62128.436,1648,0,gap,31
9367,62132465,62132.465,1618,0,gap,31
9368,62138432,62138.432,1590,0,gap,31
9369,62148424,62148.424,1586,0,gap,31
9370,62152456,62152.456,1581,0,gap,31
9371,62158428,62158.428,1535,0,gap,31
9372,62168432,62168.432,1521,0,gap,31
9373,62172485,62172.485,1514,0,gap,31
9374,62178432,62178.432,1498,0,gap,31
9375,62188424,62188.424,1466,0,gap,31
9376,62192481,62192.481,1458,0,gap,31
9377,62198423,62198.423,1445,0,gap,31
9378,62208432,62208.432,1424,0,gap,31
9379,62212507,62212.507,1425,0,gap,31
9380,62218431,62218.431,1393,0,gap,31
9381,62228424,62228.424,1398,0,gap,31
9382,62232505,62232.505,1361,0,gap,31
9383,62238423,62238.423,1350,0,gap,31
9384,62248432,62248.432,1343,0,gap,31
9385,62252528,62252.528,1328,0,gap,31
9386,62258431,62258.431,1312,0,gap,31
9387,62268432,62268.432,1305,0,gap,31
9388,62272562,62272.562,1269,0,gap,31
9389,62278423,62278.423,1280,0,gap,31
9390,62288432,62288.432,1251,0,gap,31
9391,62292581,62292.581,1226,0,gap,31
9392,62298419,62298.419,1229,0,gap,31
9393,62308424,62308.424,1203,0,gap,31
9394,62312575,62312.575,1209,0,gap,31
9395,62318411,62318.411,1191,0,gap,31
9396,62328432,62328.432,1165,0,gap,31
9397,62332609,62332.609,1165,0,gap,31
9398,62336790,62336.79,1135,0,gap,31
9399,62348425,62348.425,1153,0,gap,31
9400,62352615,62352.615,1118,0,gap,31
9401,62356809,62356.809,1087,0,gap,31
9402,62368433,62368.433,1090,0,gap,31
9403,62372645,62372.645,1068,0,gap,31
9404,62376841,62376.841,1067,0,gap,31
9405,62388425,62388.425,1047,0,gap,31
9406,62392635,62392.635,1034,0,gap,31
9407,62396848,62396.848,1044,0,gap,31
9408,62408433,62408.433,1038,0,gap,31
9409,62412664,62412.664,1012,0,gap,31
9410,62416880,62416.88,993,0,gap,31
9411,62428424,62428.424,994,0,gap,31
9412,62432653,62432.653,976,0,gap,31
9413,62436885,62436.885,939,0,gap,31
9414,62448436,62448.436,975,0,gap,31
9415,62452682,62452.682,938,0,gap,31
9416,62456916,62456.916,912,0,gap,31
9417,62468424,62468.424,930,0,gap,31
9418,62472672,62472.672,895,0,gap,31
9419,62476927,62476.927,894,0,gap,31
9420,62488432,62488.432,880,0,gap,31
9421,62492697,62492.697,874,0,gap,31
9422,62496950,62496.95,880,0,gap,31
9423,62508423,62508.423,866,0,gap,31
9424,62515442,62515.442,859,0,gap,31
9425,62519471,62519.471,828,0,gap,31
9426,62528431,62528.431,848,0,gap,31
9427,62532446,62532.446,819,0,gap,31
9428,62538431,62538.431,793,0,gap,31
9429,62548424,62548.424,833,0,gap,31
9430,62552450,62552.45,791,0,gap,31
9431,62558423,62558.423,784,0,gap,31
9432,62568432,62568.432,800,0,gap,31
9433,62572473,62572.473,733,0,gap,31
9434,62576504,62576.504,757,0,gap,31
9435,62588429,62588.429,752,0,gap,31
9436,62592476,62592.476,732,0,gap,31
9437,62596528,62596.528,754,0,gap,31
9438,62608433,62608.433,742,0,gap,31
9439,62612499,62612.499,713,0,gap,31
9440,62616552,62616.552,715,0,gap,31
9441,62628424,62628.424,726,0,gap,31
9442,62632492,62632.492,688,0,gap,31
9443,62636572,62636.572,677,0,gap,31
9444,62648432,62648.432,725,0,gap,31
9445,62652519,62652.519,669,0,gap,31
9446,62656598,62656.598,635,0,gap,31
9447,62668424,62668.424,688,0,gap,31
9448,62672526,62672.526,627,0,gap,31
9449,62676664,62676.664,650,0,gap,31
9450,62688431,62688.431,657,0,gap,31
9451,62692574,62692.574,621,0,gap,31
9452,62696701,62696.701,640,0,gap,31
9453,62708423,62708.423,643,0,gap,31
9454,62712570,62712.57,619,0,gap,31
9455,62716712,62716.712,598,0,gap,31
9456,62728431,62728.431,636,0,gap,31
9457,62732591,62732.591,605,0,gap,31
9458,62736742,62736.742,577,0,gap,31
9459,62748423,62748.423,631,0,gap,31
9460,62752598,62752.598,564,0,gap,31
9461,62756779,62756.779,561,0,gap,31
9462,62768423,62768.423,610,0,gap,31
9463,62772619,62772.619,542,0,gap,31
9464,62776810,62776.81,548,0,gap,31
9465,62788415,62788.415,577,0,gap,31
9466,62792621,62792.621,536,0,gap,31
9467,62796826,62796.826,547,0,gap,31
9468,62808415,62808.415,558,0,gap,31
9469,62812630,62812.63,544,0,gap,31
9470,62816841,62816.841,511,0,gap,31
9471,62828411,62828.411,547,0,gap,31
9472,62832636,62832.636,511,0,gap,31
9473,62836861,62836.861,484,0,gap,31
9474,62848415,62848.415,559,0,gap,31
9475,62852650,62852.65,491,0,gap,31
9476,62856880,62856.88,464,0,gap,31
9477,62868411,62868.411,549,0,gap,31
9478,62872660,62872.66,458,0,gap,31
9479,62876900,62876.9,463,0,gap,31
9480,62881148,62881.148,483,0,gap,31
9481,62888425,62888.425,471,0,gap,31
9482,62898432,62898.432,525,0,gap,31
9483,62902697,62902.697,450,0,gap,31
9484,62908431,62908.431,453,0,gap,31
9485,62918424,62918.424,496,0,gap,31
9486,62925458,62925.458,450,0,gap,31
9487,62929491,62929.491,446,0,gap,31
9488,62938431,62938.431,448,0,gap,31
9489,62942442,62942.442,409,0,gap,31
9490,62948431,62948.431,457,0,gap,31
9491,62958424,62958.424,432,0,gap,31
9492,62962447,62962.447,428,0,gap,31
9493,62968423,62968.423,426,0,gap,31
9494,62978436,62978.436,459,0,gap,31
9495,62982470,62982.47,410,0,gap,31
9496,62986501,62986.501,386,0,gap,31
9497,62998425,62998.425,481,0,gap,31
9498,63002473,63002.473,385,0,gap,31
9499,63006522,63006.522,360,0,gap,31
9500,63018433,63018.433,451,0,gap,31
9501,63022493,63022.493,355,0,gap,31
9502,63026548,63026.548,382,0,gap,31
9503,63038424,63038.424,417,0,gap,31
9504,63042494,63042.494,363,0,gap,31
9505,63046563,63046.563,373,0,gap,31
9506,63058432,63058.432,393,0,gap,31
9507,63062512,63062.512,371,0,gap,31
9508,63066588,63066.588,359,0,gap,31
9509,63078424,63078.424,419,0,gap,31
9510,63082519,63082.519,346,0,gap,31
9511,63086625,63086.625,330,0,gap,31
9512,63098431,63098.431,417,0,gap,31
9513,63102564,63102.564,330,0,gap,31
9514,63106692,63106.692,307,0,gap,31
9515,63118427,63118.427,403,0,gap,31
9516,63122571,63122.571,294,0,gap,31
9517,63126711,63126.711,325,0,gap,31
9518,63138431,63138.431,365,0,gap,31
9519,63142585,63142.585,321,0,gap,31
9520,63146734,63146.734,326,0,gap,31
9521,63158423,63158.423,345,0,gap,31
9522,63162595,63162.595,326,0,gap,31
9523,63166768,63166.768,318,0,gap,31
9524,63178419,63178.419,370,0,gap,31
9525,63182613,63182.613,320,0,gap,31
9526,63186806,63186.806,292,0,gap,31
9527,63198415,63198.415,385,0,gap,31
9528,63202619,63202.619,290,0,gap,31
9529,63206817,63206.817,256,0,gap,31
9530,63218415,63218.415,373,0,gap,31
9531,63222632,63222.632,253,0,gap,31
9532,63226841,63226.841,267,0,gap,31
9533,63238411,63238.411,333,0,gap,31
9534,63242634,63242.634,270,0,gap,31
9535,63246852,63246.852,301,0,gap,31
9536,63258415,63258.415,306,0,gap,31
9537,63262652,63262.652,282,0,gap,31
9538,63266880,63266.88,273,0,gap,31
9539,63278411,63278.411,318,0,gap,31
9540,63282653,63282.653,273,0,gap,31
9541,63286891,63286.891,245,0,gap,31
9542,63291139,63291.139,241,0,gap,31
9543,63298425,63298.425,308,0,gap,31
9544,63308432,63308.432,273,0,gap,31
9545,63312691,63312.691,265,0,gap,31
9546,63318431,63318.431,277,0,gap,31
9547,63328428,63328.428,320,0,gap,31
9548,63332698,63332.698,257,0,gap,31
9549,63339758,63339.758,241,0,gap,31
9550,63343765,63343.765,226,0,gap,31
9551,63358424,63358.424,293,0,gap,31
9552,63362434,63362.434,241,0,gap,31
9553,63366448,63366.448,240,0,gap,31
9554,63378431,63378.431,304,0,gap,31
9555,63382457,63382.457,245,0,gap,31
9556,63386478,63386.478,225,0,gap,31
9557,63398423,63398.423,331,0,gap,31
9558,63402465,63402.465,219,0,gap,31
9559,63406500,63406.5,194,0,gap,31
9560,63418431,63418.431,307,0,gap,31
9561,63422483,63422.483,182,0,gap,31
9562,63426531,63426.531,217,0,gap,31
9563,63438427,63438.427,279,0,gap,31
9564,63442490,63442.49,193,0,gap,31
9565,63446548,63446.548,218,0,gap,31
9566,63458431,63458.431,263,0,gap,31
9567,63462503,63462.503,217,0,gap,31
9568,63466571,63466.571,217,0,gap,31
9569,63478423,63478.423,269,0,gap,31
9570,63482506,63482.506,208,0,gap,31
9571,63486584,63486.584,186,0,gap,31
9572,63498431,63498.431,294,0,gap,31
9573,63502530,63502.53,185,0,gap,31
9574,63506664,63506.664,162,0,gap,31
9575,63518423,63518.423,272,0,gap,31
9576,63522558,63522.558,165,0,gap,31
9577,63526689,63526.689,186,0,gap,31
9578,63538431,63538.431,240,0,gap,31
9579,63542586,63542.586,176,0,gap,31
9580,63546724,63546.724,199,0,gap,31
9581,63558423,63558.423,210,0,gap,31
9582,63562575,63562.575,196,0,gap,31
9583,63566731,63566.731,183,0,gap,31
9584,63578431,63578.431,241,0,gap,31
9585,63582614,63582.614,197,0,gap,31
9586,63586791,63586.791,150,0,gap,31
9587,63598415,63598.415,271,0,gap,31
9588,63602607,63602.607,169,0,gap,31
9589,63606802,63606.802,133,0,gap,31
9590,63618423,63618.423,255,0,gap,31
9591,63622633,63622.633,141,0,gap,31
9592,63626830,63626.83,176,0,gap,31
9593,63638411,63638.411,201,0,gap,31
9594,63642622,63642.622,150,0,gap,31
9595,63646841,63646.841,178,0,gap,31
9596,63658415,63658.415,203,0,gap,31
9597,63662644,63662.644,177,0,gap,31
9598,63666861,63666.861,164,0,gap,31
9599,63678411,63678.411,218,0,gap,31
9600,63682642,63682.642,167,0,gap,31
9601,63686880,63686.88,113,0,gap,31
9602,63698415,63698.415,246,0,gap,31
9603,63702664,63702.664,135,0,gap,31
9604,63706908,63706.908,122,0,gap,31
9605,63711163,63711.163,144,0,gap,31
9606,63718437,63718.437,199,0,gap,31
9607,63728424,63728.424,208,0,gap,31
9608,63732681,63732.681,159,0,gap,31
9609,63738423,63738.423,135,0,gap,31
9610,63748432,63748.432,214,0,gap,31
9611,63755475,63755.475,150,0,gap,31
9612,63759501,63759.501,128,0,gap,31
9613,63768423,63768.423,192,0,gap,31
9614,63772426,63772.426,108,0,gap,31
9615,63778423,63778.423,173,0,gap,31
9616,63788432,63788.432,175,0,gap,31
9617,63792463,63792.463,112,0,gap,31
9618,63798431,63798.431,173,0,gap,31
9619,63808424,63808.424,149,0,gap,31
9620,63812454,63812.454,130,0,gap,31
9621,63816489,63816.489,115,0,gap,31
9622,63828437,63828.437,179,0,gap,31
9623,63832490,63832.49,135,0,gap,31
9624,63836539,63836.539,96,0,gap,31
9625,63848425,63848.425,258,1,pulse,32
9626,63852568,63852.568,4095,1,pulse,32
9627,63856574,63856.574,4095,1,pulse,32
9628,63868429,63868.429,4095,1,pulse,32
9629,63872437,63872.437,4095,1,pulse,32
9630,63878415,63878.415,4095,1,pulse,32
9631,63888420,63888.42,4095,0,gap,32
9632,63892656,63892.656,3002,0,gap,32
9633,63896746,63896.746,2866,0,gap,32
9634,63908433,63908.433,2766,0,gap,32
9635,63912539,63912.539,2758,0,gap,32
9636,63916652,63916.652,2710,0,gap,32
9637,63928425,63928.425,2663,0,gap,32
9638,63932565,63932.565,2654,0,gap,32
9639,63936707,63936.707,2634,0,gap,32
9640,63948433,63948.433,2590,0,gap,32
9641,63952591,63952.591,2559,0,gap,32
9642,63956742,63956.742,2551,0,gap,32
9643,63968425,63968.425,2518,0,gap,32
9644,63972585,63972.585,2495,0,gap,32
9645,63976749,63976.749,2496,0,gap,32
9646,63988433,63988.433,2448,0,gap,32
9647,63992619,63992.619,2429,0,gap,32
9648,63996803,63996.803,2417,0,gap,32
9649,64008425,64008.425,2411,0,gap,32
9650,64012621,64012.621,2384,0,gap,32
9651,64016821,64016.821,2369,0,gap,32
9652,64028432,64028.432,2331,0,gap,32
9653,64032650,64032.65,2305,0,gap,32
9654,64036852,64036.852,2288,0,gap,32
9655,64048424,64048.424,2263,0,gap,32
9656,64052644,64052.644,2253,0,gap,32
9657,64056863,64056.863,2224,0,gap,32
9658,64068436,64068.436,2203,0,gap,32
9659,64072670,64072.67,2197,0,gap,32
9660,64076895,64076.895,2175,0,gap,32
9661,64088424,64088.424,2151,0,gap,32
9662,64092664,64092.664,2127,0,gap,32
9663,64096906,64096.906,2106,0,gap,32
9664,64108432,64108.432,2077,0,gap,32
9665,64112685,64112.685,2083,0,gap,32
9666,64116926,64116.926,2059,0,gap,32
9667,64128424,64128.424,2027,0,gap,32
9668,64132679,64132.679,2019,0,gap,32
9669,64136945,64136.945,1983,0,gap,32
9670,64148432,64148.432,1968,0,gap,32
9671,64152709,64152.709,1951,0,gap,32
9672,64156973,64156.973,1921,0,gap,32
9673,64168424,64168.424,1908,0,gap,32
9674,64175484,64175.484,1886,0,gap,32
9675,64179513,64179.513,1893,0,gap,32
9676,64188432,64188.432,1845,0,gap,32
9677,64192448,64192.448,1840,0,gap,32
9678,64198432,64198.432,1831,0,gap,32
9679,64208424,64208.424,1799,0,gap,32
9680,64212465,64212.465,1786,0,gap,32
9681,64218424,64218.424,1759,0,gap,32
9682,64228432,64228.432,1747,0,gap,32
9683,64232477,64232.477,1727,0,gap,32
9684,64238432,64238.432,1717,0,gap,32
9685,64248424,64248.424,1698,0,gap,32
9686,64252478,64252.478,1675,0,gap,32
9687,64258424,64258.424,1648,0,gap,32
9688,64268432,64268.432,1629,0,gap,32
9689,64272505,64272.505,1623,0,gap,32
9690,64278436,64278.436,1602,0,gap,32
9691,64288424,64288.424,1578,0,gap,32
9692,64292499,64292.499,1584,0,gap,32
9693,64298423,64298.423,1558,0,gap,32
9694,64308432,64308.432,1523,0,gap,32
9695,64312529,64312.529,1511,0,gap,32
9696,64318431,64318.431,1507,0,gap,32
9697,64328424,64328.424,1488,0,gap,32
9698,64332526,64332.526,1475,0,gap,32
9699,64338423,64338.423,1438,0,gap,32
9700,64348432,64348.432,1446,0,gap,32
9701,64352585,64352.585,1417,0,gap,32
9702,64358431,64358.431,1403,0,gap,32
9703,64368424,64368.424,1390,0,gap,32
9704,64372578,64372.578,1360,0,gap,32
9705,64378411,64378.411,1371,0,gap,32
9706,64388436,64388.436,1335,0,gap,32
9707,64392606,64392.606,1322,0,gap,32
9708,64396765,64396.765,1307,0,gap,32
9709,64408425,64408.425,1294,0,gap,32
9710,64412606,64412.606,1288,0,gap,32
9711,64416808,64416.808,1279,0,gap,32
9712,64428433,64428.433,1267,0,gap,32
9713,64432640,64432.64,1233,0,gap,32
9714,64436834,64436.834,1213,0,gap,32
9715,64448425,64448.425,1215,0,gap,32
9716,64452637,64452.637,1194,0,gap,32
9717,64456853,64456.853,1181,0,gap,32
9718,64468433,64468.433,1179,0,gap,32
9719,64472663,64472.663,1149,0,gap,32
9720,64476881,64476.881,1157,0,gap,32
9721,64488425,64488.425,1121,0,gap,32
9722,64492657,64492.657,1121,0,gap,32
9723,64496888,64496.888,1104,0,gap,32
9724,64508432,64508.432,1098,0,gap,32
9725,64512678,64512.678,1085,0,gap,32
9726,64516916,64516.916,1081,0,gap,32
9727,64528424,64528.424,1065,0,gap,32
9728,64532680,64532.68,1050,0,gap,32
9729,64536931,64536.931,1023,0,gap,32
9730,64548432,64548.432,1049,0,gap,32
9731,64552698,64552.698,1005,0,gap,32
9732,64556950,64556.95,990,0,gap,32
9733,64568424,64568.424,985,0,gap,32
9734,64572690,64572.69,955,0,gap,32
9735,64576964,64576.964,960,0,gap,32
9736,64584001,64584.001,960,0,gap,32
9737,64598424,64598.424,959,0,gap,32
9738,64602442,64602.442,916,0,gap,32
9739,64606446,64606.446,913,0,gap,32
9740,64618431,64618.431,919,0,gap,32
9741,64622463,64622.463,883,0,gap,32
9742,64626488,64626.488,881,0,gap,32
9743,64638423,64638.423,879,0,gap,32
9744,64642468,64642.468,853,0,gap,32
9745,64646500,64646.5,851,0,gap,32
9746,64658431,64658.431,862,0,gap,32
9747,64662486,64662.486,847,0,gap,32
9748,64666536,64666.536,837,0,gap,32
9749,64678423,64678.423,838,0,gap,32
9750,64682490,64682.49,806,0,gap,32
9751,64686552,64686.552,796,0,gap,32
9752,64698431,64698.431,830,0,gap,32
9753,64702508,64702.508,778,0,gap,32
9754,64706580,64706.58,759,0,gap,32
9755,64718423,64718.423,777,0,gap,32
9756,64722510,64722.51,741,0,gap,32
9757,64726592,64726.592,737,0,gap,32
9758,64738431,64738.431,755,0,gap,32
9759,64742529,64742.529,725,0,gap,32
9760,64746626,64746.626,722,0,gap,32
9761,64758423,64758.423,720,0,gap,32
9762,64762560,64762.56,711,0,gap,32
9763,64766695,64766.695,708,0,gap,32
9764,64778431,64778.431,722,0,gap,32
9765,64782585,64782.585,698,0,gap,32
9766,64786726,64786.726,672,0,gap,32
9767,64798423,64798.423,699,0,gap,32
9768,64802584,64802.584,656,0,gap,32
9769,64806735,64806.735,634,0,gap,32
9770,64818435,64818.435,702,0,gap,32
9771,64822610,64822.61,627,0,gap,32
9772,64826780,64826.78,637,0,gap,32
9773,64838415,64838.415,640,0,gap,32
9774,64842615,64842.615,621,0,gap,32
9775,64846811,64846.811,628,0,gap,32
9776,64858415,64858.415,627,0,gap,32
9777,64862625,64862.625,625,0,gap,32
9778,64866827,64866.827,606,0,gap,32
9779,64878411,64878.411,632,0,gap,32
9780,64882627,64882.627,594,0,gap,32
9781,64886842,64886.842,565,0,gap,32
9782,64898415,64898.415,624,0,gap,32
9783,64902645,64902.645,566,0,gap,32
9784,64906869,64906.869,543,0,gap,32
9785,64918411,64918.411,605,0,gap,32
9786,64922650,64922.65,528,0,gap,32
9787,64926881,64926.881,549,0,gap,32
9788,64938415,64938.415,578,0,gap,32
9789,64942664,64942.664,531,0,gap,32
9790,64946905,64946.905,555,0,gap,32
9791,64951160,64951.16,526,0,gap,32
9792,64958433,64958.433,511,0,gap,32
9793,64968424,64968.424,571,0,gap,32
9794,64972686,64972.686,485,0,gap,32
9795,64978423,64978.423,524,0,gap,32
9796,64988432,64988.432,523,0,gap,32
9797,64992707,64992.707,498,0,gap,32
9798,64998415,64998.415,528,0,gap,32
9799,65005479,65005.479,481,0,gap,32
9800,65018431,65018.431,541,0,gap,32
9801,65022454,65022.454,453,0,gap,32
9802,65026466,65026.466,463,0,gap,32
9803,65038423,65038.423,501,0,gap,32
9804,65042452,65042.452,438,0,gap,32
9805,65046483,65046.483,448,0,gap,32
9806,65058431,65058.431,486,0,gap,32
9807,65062478,65062.478,450,0,gap,32
9808,65066518,65066.518,449,0,gap,32
9809,65078423,65078.423,488,0,gap,32
9810,65082477,65082.477,432,0,gap,32
9811,65086526,65086.526,409,0,gap,32
9812,65098431,65098.431,486,0,gap,32
9813,65102504,65102.504,411,0,gap,32
9814,65106564,65106.564,400,0,gap,32
9815,65118423,65118.423,475,0,gap,32
9816,65122502,65122.502,384,0,gap,32
9817,65126576,65126.576,400,0,gap,32
9818,65138435,65138.435,425,0,gap,32
9819,65142521,65142.521,390,0,gap,32
9820,65146605,65146.605,403,0,gap,32
9821,65158423,65158.423,403,0,gap,32
9822,65162523,65162.523,384,0,gap,32
9823,65166624,65166.624,389,0,gap,32
9824,65178431,65178.431,432,0,gap,32
9825,65182573,65182.573,399,0,gap,32
9826,65186710,65186.71,362,0,gap,32
9827,65198423,65198.423,456,0,gap,32
9828,65202577,65202.577,342,0,gap,32
9829,65206730,65206.73,334,0,gap,32
9830,65218431,65218.431,431,0,gap,32
9831,65222594,65222.594,330,0,gap,32
9832,65226752,65226.752,347,0,gap,32
9833,65238423,65238.423,391,0,gap,32
9834,65242604,65242.604,336,0,gap,32
9835,65246776,65246.776,358,0,gap,32
9836,65258419,65258.419,369,0,gap,32
9837,65262618,65262.618,349,0,gap,32
9838,65266812,65266.812,339,0,gap,32
9839,65278411,65278.411,412,0,gap,32
9840,65282628,65282.628,323,0,gap,32
9841,65286831,65286.831,311,0,gap,32
9842,65298415,65298.415,389,0,gap,32
9843,65302637,65302.637,309,0,gap,32
9844,65306851,65306.851,304,0,gap,32
9845,65318411,65318.411,400,0,gap,32
9846,65322639,65322.639,282,0,gap,32
9847,65326866,65326.866,300,0,gap,32
9848,65338415,65338.415,344,0,gap,32
9849,65342657,65342.657,297,0,gap,32
9850,65346894,65346.894,309,0,gap,32
9851,65358411,65358.411,319,0,gap,32
9852,65362662,65362.662,304,0,gap,32
9853,65366909,65366.909,293,0,gap,32
9854,65371162,65371.162,274,0,gap,32
9855,65378425,65378.425,325,0,gap,32
9856,65388432,65388.432,323,0,gap,32
9857,65392696,65392.696,257,0,gap,32
9858,65398431,65398.431,322,0,gap,32
9859,65408424,65408.424,292,0,gap,32
9860,65412697,65412.697,292,0,gap,32
9861,65419740,65419.74,304,0,gap,32
9862,65423768,65423.768,226,0,gap,32
9863,65438424,65438.424,327,0,gap,32
9864,65442437,65442.437,235,0,gap,32
9865,65446449,65446.449,271,0,gap,32
9866,65458435,65458.435,288,0,gap,32
9867,65462468,65462.468,265,0,gap,32
9868,65466489,65466.489,256,0,gap,32
9869,65478423,65478.423,318,0,gap,32
9870,65482464,65482.464,258,0,gap,32
9871,65486508,65486.508,239,0,gap,32
9872,65498431,65498.431,333,0,gap,32
9873,65502493,65502.493,238,0,gap,32
9874,65506544,65506.544,206,0,gap,32
9875,65518423,65518.423,327,0,gap,32
9876,65522489,65522.489,208,0,gap,32
9877,65526559,65526.559,205,0,gap,32
9878,65538431,65538.431,293,0,gap,32
9879,65542515,65542.515,209,0,gap,32
9880,65546586,65546.586,237,0,gap,32
9881,65558423,65558.423,266,0,gap,32
9882,65562513,65562.513,229,0,gap,32
9883,65566599,65566.599,217,0,gap,32
9884,65578431,65578.431,273,0,gap,32
9885,65582536,65582.536,228,0,gap,32
9886,65586645,65586.645,189,0,gap,32
9887,65598423,65598.423,307,0,gap,32
9888,65602566,65602.566,208,0,gap,32
9889,65606708,65606.708,171,0,gap,32
9890,65618431,65618.431,295,0,gap,32
9891,65622589,65622.589,176,0,gap,32
9892,65626731,65626.731,190,0,gap,32
9893,65638423,65638.423,253,0,gap,32
9894,65642583,65642.583,188,0,gap,32
9895,65646746,65646.746,211,0,gap,32
9896,65658419,65658.419,227,0,gap,32
9897,65662601,65662.601,208,0,gap,32
9898,65666780,65666.78,181,0,gap,32
9899,65678415,65678.415,251,0,gap,32
9900,65682615,65682.615,198,0,gap,32
9901,65686818,65686.818,173,0,gap,32
9902,65698415,65698.415,276,0,gap,32
9903,65702632,65702.632,176,0,gap,32
9904,65706841,65706.841,139,0,gap,32
9905,65718411,65718.411,272,0,gap,32
9906,65722626,65722.626,147,0,gap,32
9907,65726845,65726.845,176,0,gap,32
9908,65738415,65738.415,235,0,gap,32
9909,65742656,65742.656,162,0,gap,32
9910,65746876,65746.876,188,0,gap,32
9911,65758411,65758.411,196,0,gap,32
9912,65762650,65762.65,179,0,gap,32
9913,65766888,65766.888,167,0,gap,32
9914,65771135,65771.135,142,0,gap,32
9915,65778425,65778.425,192,0,gap,32
9916,65788432,65788.432,199,0,gap,32
9917,65792695,65792.695,154,0,gap,32
9918,65798431,65798.431,208,0,gap,32
9919,65808424,65808.424,201,0,gap,32
9920,65812693,65812.693,172,0,gap,32
9921,65818411,65818.411,173,0,gap,32
9922,65828432,65828.432,208,0,gap,32
9923,65832711,65832.711,172,0,gap,32
9924,65839777,65839.777,149,0,gap,32
9925,65843798,65843.798,131,0,gap,32
9926,65858432,65858.432,205,0,gap,32
9927,65862455,65862.455,161,0,gap,32
9928,65866471,65866.471,156,0,gap,32
9929,65878423,65878.423,224,0,gap,32
9930,65882459,65882.459,147,0,gap,32
9931,65886490,65886.49,122,0,gap,32
9932,65898431,65898.431,240,1,pulse,33
9933,65902574,65902.574,4095,1,pulse,33
9934,65906558,65906.558,4095,1,pulse,33
9935,65918420,65918.42,4095,1,pulse,33
9936,65922412,65922.412,4095,1,pulse,33
9937,65926408,65926.408,4095,1,pulse,33
9938,65938428,65938.428,4095,0,gap,33
9939,65942661,65942.661,3027,0,gap,33
9940,65946739,65946.739,2862,0,gap,33
9941,65958424,65958.424,2779,0,gap,33
9942,65962509,65962.509,2739,0,gap,33
9943,65966601,65966.601,2726,0,gap,33
9944,65978432,65978.432,2672,0,gap,33
9945,65982539,65982.539,2655,0,gap,33
9946,65986634,65986.634,2631,0,gap,33
9947,65998424,65998.424,2606,0,gap,33
9948,66002540,66002.54,2559,0,gap,33
9949,66006694,66006.694,2553,0,gap,33
9950,66018436,66018.436,2513,0,gap,33
9951,66022595,66022.595,2502,0,gap,33
9952,66026743,66026.743,2475,0,gap,33
9953,66038424,66038.424,2459,0,gap,33
9954,66042588,66042.588,2443,0,gap,33
9955,66046746,66046.746,2419,0,gap,33
9956,66058432,66058.432,2390,0,gap,33
9957,66062608,66062.608,2383,0,gap,33
9958,66066780,66066.78,2367,0,gap,33
9959,66078424,66078.424,2347,0,gap,33
9960,66082619,66082.619,2323,0,gap,33
9961,66086821,66086.821,2291,0,gap,33
9962,66098431,66098.431,2273,0,gap,33
9963,66102648,66102.648,2257,0,gap,33
9964,66106856,66106.856,2240,0,gap,33
9965,66118423,66118.423,2199,0,gap,33
9966,66122654,66122.654,2187,0,gap,33
9967,66126875,66126.875,2180,0,gap,33
9968,66138431,66138.431,2153,0,gap,33
9969,66142667,66142.667,2138,0,gap,33
9970,66146895,66146.895,2125,0,gap,33
9971,66158423,66158.423,2082,0,gap,33
9972,66162673,66162.673,2070,0,gap,33
9973,66166914,66166.914,2047,0,gap,33
9974,66178431,66178.431,2032,0,gap,33
9975,66182687,66182.687,2010,0,gap,33
9976,66186938,66186.938,1985,0,gap,33
9977,66198427,66198.427,1962,0,gap,33
9978,66202689,66202.689,1939,0,gap,33
9979,66206946,66206.946,1931,0,gap,33
9980,66218431,66218.431,1922,0,gap,33
9981,66222706,66222.706,1886,0,gap,33
9982,66226981,66226.981,1884,0,gap,33
9983,66238423,66238.423,1861,0,gap,33
9984,66242708,66242.708,1829,0,gap,33
9985,66246985,66246.985,1831,0,gap,33
9986,66254035,66254.035,1792,0,gap,33
9987,66268411,66268.411,1788,0,gap,33
9988,66272436,66272.436,1748,0,gap,33
9989,66276452,66276.452,1733,0,gap,33
9990,66288432,66288.432,1719,0,gap,33
9991,66292474,66292.474,1709,0,gap,33
9992,66296510,66296.51,1694,0,gap,33
9993,66308428,66308.428,1662,0,gap,33
9994,66312479,66312.479,1648,0,gap,33
9995,66316526,66316.526,1648,0,gap,33
9996,66328431,66328.431,1623,0,gap,33
9997,66332497,66332.497,1609,0,gap,33
9998,66336558,66336.558,1584,0,gap,33
9999,66348423,66348.423,1566,0,gap,33
10000,66352501,66352.501,1535,0,gap,33
10001,66356574,66356.574,1529,0,gap,33
10002,66368432,66368.432,1520,0,gap,33
10003,66372516,66372.516,1488,0,gap,33
10004,66376599,66376.599,1488,0,gap,33
10005,66388424,66388.424,1465,0,gap,33
10006,66392518,66392.518,1455,0,gap,33
10007,66396612,66396.612,1442,0,gap,33
10008,66408432,66408.432,1415,0,gap,33
10009,66412545,66412.545,1403,0,gap,33
10010,66416645,66416.645,1392,0,gap,33
10011,66428424,66428.424,1374,0,gap,33
10012,66432573,66432.573,1359,0,gap,33
10013,66436719,66436.719,1327,0,gap,33
10014,66448436,66448.436,1338,0,gap,33
10015,66452597,66452.597,1303,0,gap,33
10016,66456754,66456.754,1285,0,gap,33
10017,66468424,66468.424,1285,0,gap,33
10018,66472592,66472.592,1263,0,gap,33
10019,66476759,66476.759,1258,0,gap,33
10020,66488432,66488.432,1238,0,gap,33
10021,66492618,66492.618,1215,0,gap,33
10022,66496804,66496.804,1222,0,gap,33
10023,66508424,66508.424,1200,0,gap,33
10024,66512636,66512.636,1182,0,gap,33
10025,66516847,66516.847,1168,0,gap,33
10026,66528432,66528.432,1169,0,gap,33
10027,66532650,66532.65,1155,0,gap,33
10028,66536863,66536.863,1121,0,gap,33
10029,66548425,66548.425,1136,0,gap,33
10030,66552656,66552.656,1108,0,gap,33
10031,66556883,66556.883,1088,0,gap,33
10032,66568433,66568.433,1093,0,gap,33
10033,66572670,66572.67,1065,0,gap,33
10034,66576906,66576.906,1069,0,gap,33
10035,66588425,66588.425,1040,0,gap,33
10036,66592676,66592.676,1019,0,gap,33
10037,66596918,66596.918,1023,0,gap,33
10038,66608433,66608.433,1019,0,gap,33
10039,66612694,66612.694,1008,0,gap,33
10040,66618419,66618.419,996,0,gap,33
10041,66628428,66628.428,980,0,gap,33
10042,66632694,66632.694,966,0,gap,33
10043,66638411,66638.411,945,0,gap,33
10044,66648432,66648.432,967,0,gap,33
10045,66652711,66652.711,931,0,gap,33
10046,66656991,66656.991,897,0,gap,33
10047,66668425,66668.425,935,0,gap,33
10048,66672711,66672.711,886,0,gap,33
10049,66679798,66679.798,887,0,gap,33
10050,66683822,66683.822,879,0,gap,33
10051,66698424,66698.424,901,0,gap,33
10052,66702451,66702.451,851,0,gap,33
10053,66706482,66706.482,839,0,gap,33
10054,66718432,66718.432,854,0,gap,33
10055,66722482,66722.482,816,0,gap,33
10056,66726520,66726.52,809,0,gap,33
10057,66738428,66738.428,828,0,gap,33
10058,66742478,66742.478,784,0,gap,33
10059,66746538,66746.538,801,0,gap,33
10060,66758431,66758.431,783,0,gap,33
10061,66762508,66762.508,774,0,gap,33
10062,66766577,66766.577,769,0,gap,33
10063,66778423,66778.423,768,0,gap,33
10064,66782503,66782.503,756,0,gap,33
10065,66786586,66786.586,752,0,gap,33
10066,66798431,66798.431,763,0,gap,33
10067,66802528,66802.528,720,0,gap,33
10068,66806613,66806.613,688,0,gap,33
10069,66818423,66818.423,735,0,gap,33
10070,66822527,66822.527,688,0,gap,33
10071,66826638,66826.638,690,0,gap,33
10072,66838431,66838.431,698,0,gap,33
10073,66842559,66842.559,661,0,gap,33
10074,66846706,66846.706,678,0,gap,33
10075,66858423,66858.423,671,0,gap,33
10076,66862575,66862.575,659,0,gap,33
10077,66866731,66866.731,653,0,gap,33
10078,66878435,66878.435,670,0,gap,33
10079,66882608,66882.608,655,0,gap,33
10080,66886766,66886.766,627,0,gap,33
10081,66898423,66898.423,671,0,gap,33
10082,66902596,66902.596,620,0,gap,33
10083,66906769,66906.769,586,0,gap,33
10084,66918431,66918.431,645,0,gap,33
10085,66922631,66922.631,588,0,gap,33
10086,66926829,66926.829,598,0,gap,33
10087,66938423,66938.423,609,0,gap,33
10088,66942636,66942.636,576,0,gap,33
10089,66946852,66946.852,588,0,gap,33
10090,66958431,66958.431,599,0,gap,33
10091,66962662,66962.662,581,0,gap,33
10092,66966880,66966.88,574,0,gap,33
10093,66978423,66978.423,593,0,gap,33
10094,66982660,66982.66,558,0,gap,33
10095,66986895,66986.895,529,0,gap,33
10096,66998431,66998.431,592,0,gap,33
10097,67002681,67002.681,530,0,gap,33
10098,67006915,67006.915,496,0,gap,33
10099,67018423,67018.423,577,0,gap,33
10100,67022679,67022.679,493,0,gap,33
10101,67026934,67026.934,511,0,gap,33
10102,67038431,67038.431,528,0,gap,33
10103,67042701,67042.701,487,0,gap,33
10104,67046958,67046.958,506,0,gap,33
10105,67058427,67058.427,496,0,gap,33
10106,67062695,67062.695,487,0,gap,33
10107,67066969,67066.969,479,0,gap,33
10108,67078431,67078.431,511,0,gap,33
10109,67082720,67082.72,479,0,gap,33
10110,67087001,67087.001,455,0,gap,33
10111,67094056,67094.056,486,0,gap,33
10112,67108415,67108.415,490,0,gap,33
10113,67112444,67112.444,458,0,gap,33
10114,67116456,67116.456,453,0,gap,33
10115,67128424,67128.424,496,0,gap,33
10116,67132462,67132.462,446,0,gap,33
10117,67136502,67136.502,425,0,gap,33
10118,67148431,67148.431,506,0,gap,33
10119,67152486,67152.486,415,0,gap,33
10120,67156530,67156.53,403,0,gap,33
10121,67168428,67168.428,486,0,gap,33
10122,67172489,67172.489,394,0,gap,33
10123,67176550,67176.55,399,0,gap,33
10124,67188431,67188.431,464,0,gap,33
10125,67192513,67192.513,390,0,gap,33
10126,67196586,67196.586,411,0,gap,33
10127,67208423,67208.423,423,0,gap,33
10128,67212507,67212.507,400,0,gap,33
10129,67216590,67216.59,403,0,gap,33
10130,67228431,67228.431,428,0,gap,33
10131,67232533,67232.533,384,0,gap,33
10132,67236622,67236.622,362,0,gap,33
10133,67248423,67248.423,445,0,gap,33
10134,67252528,67252.528,361,0,gap,33
10135,67256636,67256.636,337,0,gap,33
10136,67268431,67268.431,424,0,gap,33
10137,67272588,67272.588,337,0,gap,33
10138,67276726,67276.726,342,0,gap,33
10139,67288423,67288.423,401,0,gap,33
10140,67292580,67292.58,325,0,gap,33
10141,67296737,67296.737,340,0,gap,33
10142,67308435,67308.435,374,0,gap,33
10143,67312611,67312.611,354,0,gap,33
10144,67316774,67316.774,350,0,gap,33
10145,67328423,67328.423,391,0,gap,33
10146,67332605,67332.605,336,0,gap,33
10147,67336790,67336.79,321,0,gap,33
10148,67348431,67348.431,411,0,gap,33
10149,67352647,67352.647,310,0,gap,33
10150,67356849,67356.849,289,0,gap,33
10151,67368423,67368.423,393,0,gap,33
10152,67372640,67372.64,289,0,gap,33
10153,67376861,67376.861,300,0,gap,33
10154,67388431,67388.431,365,0,gap,33
10155,67392666,67392.666,291,0,gap,33
10156,67396884,67396.884,320,0,gap,33
10157,67408423,67408.423,325,0,gap,33
10158,67412664,67412.664,304,0,gap,33
10159,67416904,67416.904,298,0,gap,33
10160,67428431,67428.431,353,0,gap,33
10161,67432686,67432.686,299,0,gap,33
10162,67436927,67436.927,273,0,gap,33
10163,67448423,67448.423,373,0,gap,33
10164,67452683,67452.683,272,0,gap,33
10165,67456939,67456.939,252,0,gap,33
10166,67468431,67468.431,352,0,gap,33
10167,67472709,67472.709,251,0,gap,33
10168,67476974,67476.974,256,0,gap,33
10169,67488427,67488.427,304,0,gap,33
10170,67492699,67492.699,245,0,gap,33
10171,67496974,67496.974,285,0,gap,33
10172,67508431,67508.431,289,0,gap,33
10173,67512722,67512.722,277,0,gap,33
10174,67519770,67519.77,275,0,gap,33
10175,67523805,67523.805,229,0,gap,33
10176,67538415,67538.415,310,0,gap,33
10177,67542446,67542.446,238,0,gap,33
10178,67546477,67546.477,245,0,gap,33
10179,67558423,67558.423,286,0,gap,33
10180,67562474,67562.474,247,0,gap,33
10181,67566517,67566.517,247,0,gap,33
10182,67578431,67578.431,296,0,gap,33
10183,67582490,67582.49,246,0,gap,33
10184,67586546,67586.546,213,0,gap,33
10185,67598428,67598.428,327,0,gap,33
10186,67602500,67602.5,227,0,gap,33
10187,67606565,67606.565,195,0,gap,33
10188,67618431,67618.431,320,0,gap,33
10189,67622514,67622.514,198,0,gap,33
10190,67626597,67626.597,210,0,gap,33
10191,67638423,67638.423,270,0,gap,33
10192,67642516,67642.516,197,0,gap,33
10193,67646602,67646.602,231,0,gap,33
10194,67658431,67658.431,240,0,gap,33
10195,67662535,67662.535,223,0,gap,33
10196,67666639,67666.639,224,0,gap,33
10197,67678423,67678.423,278,0,gap,33
10198,67682543,67682.543,228,0,gap,33
10199,67686694,67686.694,183,0,gap,33
10200,67698431,67698.431,288,0,gap,33
10201,67702591,67702.591,188,0,gap,33
10202,67706743,67706.743,161,0,gap,33
10203,67718423,67718.423,292,0,gap,33
10204,67722591,67722.591,176,0,gap,33
10205,67726754,67726.754,186,0,gap,33
10206,67738435,67738.435,251,0,gap,33
10207,67742612,67742.612,169,0,gap,33
10208,67746785,67746.785,192,0,gap,33
10209,67758423,67758.423,217,0,gap,33
10210,67762619,67762.619,197,0,gap,33
10211,67766818,67766.818,213,0,gap,33
10212,67778431,67778.431,240,0,gap,33
10213,67782648,67782.648,202,0,gap,33
10214,67786856,67786.856,160,0,gap,33
10215,67798423,67798.423,272,0,gap,33
10216,67802650,67802.65,176,0,gap,33
10217,67806872,67806.872,144,0,gap,33
10218,67818431,67818.431,273,0,gap,33
10219,67822668,67822.668,144,0,gap,33
10220,67826895,67826.895,161,0,gap,33
10221,67838423,67838.423,209,0,gap,33
10222,67842673,67842.673,145,0,gap,33
10223,67846915,67846.915,176,0,gap,33
10224,67858431,67858.431,187,0,gap,33
10225,67862687,67862.687,179,1,pulse,34
10226,67867030,67867.03,4095,1,pulse,34
10227,67878424,67878.424,4095,1,pulse,34
10228,67882623,67882.623,4095,1,pulse,34
10229,67886818,67886.818,4095,1,pulse,34
10230,67898428,67898.428,4095,1,pulse,34
10231,67902638,67902.638,4095,0,gap,34
10232,67907068,67907.068,3050,0,gap,34
10233,67918424,67918.424,2793,0,gap,34
10234,67922716,67922.716,2754,0,gap,34
10235,67927003,67927.003,2729,0,gap,34
10236,67934066,67934.066,2704,0,gap,34
10237,67948428,67948.428,2655,0,gap,34
10238,67952464,67952.464,2624,0,gap,34
10239,67956494,67956.494,2614,0,gap,34
10240,67968432,67968.432,2587,0,gap,34
10241,67972479,67972.479,2559,0,gap,34
10242,67976527,67976.527,2525,0,gap,34
10243,67988424,67988.424,2500,0,gap,34
10244,67992482,67992.482,2485,0,gap,34
10245,67996536,67996.536,2468,0,gap,34
10246,68008432,68008.432,2443,0,gap,34
10247,68012513,68012.513,2424,0,gap,34
10248,68016585,68016.585,2399,0,gap,34
10249,68028424,68028.424,2396,0,gap,34
10250,68032504,68032.504,2367,0,gap,34
10251,68036592,68036.592,2343,0,gap,34
10252,68048432,68048.432,2320,0,gap,34
10253,68052534,68052.534,2307,0,gap,34
10254,68056624,68056.624,2274,0,gap,34
10255,68068424,68068.424,2258,0,gap,34
10256,68072529,68072.529,2234,0,gap,34
10257,68076633,68076.633,2224,0,gap,34
10258,68088432,68088.432,2192,0,gap,34
10259,68092556,68092.556,2178,0,gap,34
10260,68096663,68096.663,2171,0,gap,34
10261,68108425,68108.425,2127,0,gap,34
10262,68112582,68112.582,2122,0,gap,34
10263,68116742,68116.742,2117,0,gap,34
10264,68128433,68128.433,2075,0,gap,34
10265,68132605,68132.605,2064,0,gap,34
10266,68136765,68136.765,2032,0,gap,34
10267,68148425,68148.425,2015,0,gap,34
10268,68152604,68152.604,2000,0,gap,34
10269,68156785,68156.785,1970,0,gap,34
10270,68168433,68168.433,1956,0,gap,34
10271,68172638,68172.638,1936,0,gap,34
10272,68176830,68176.83,1919,0,gap,34
10273,68188425,68188.425,1903,0,gap,34
10274,68192643,68192.643,1882,0,gap,34
10275,68198411,68198.411,1870,0,gap,34
10276,68208432,68208.432,1826,0,gap,34
10277,68212664,68212.664,1827,0,gap,34
10278,68218431,68218.431,1814,0,gap,34
10279,68228424,68228.424,1789,0,gap,34
10280,68232666,68232.666,1771,0,gap,34
10281,68238423,68238.423,1751,0,gap,34
10282,68248432,68248.432,1731,0,gap,34
10283,68252683,68252.683,1715,0,gap,34
10284,68258431,68258.431,1687,0,gap,34
10285,68268428,68268.428,1685,0,gap,34
10286,68272682,68272.682,1665,0,gap,34
10287,68278424,68278.424,1651,0,gap,34
10288,68288432,68288.432,1619,0,gap,34
10289,68292703,68292.703,1610,0,gap,34
10290,68298432,68298.432,1600,0,gap,34
10291,68308425,68308.425,1577,0,gap,34
10292,68312697,68312.697,1565,0,gap,34
10293,68318424,68318.424,1525,0,gap,34
10294,68328433,68328.433,1523,0,gap,34
10295,68332727,68332.727,1515,0,gap,34
10296,68338432,68338.432,1483,0,gap,34
10297,68348425,68348.425,1479,0,gap,34
10298,68352722,68352.722,1461,0,gap,34
10299,68359816,68359.816,1444,0,gap,34
10300,68368432,68368.432,1439,0,gap,34
10301,68372476,68372.476,1407,0,gap,34
10302,68388419,68388.419,1395,0,gap,34
10303,68392473,68392.473,1378,0,gap,34
10304,68396514,68396.514,1376,0,gap,34
10305,68408424,68408.424,1339,0,gap,34
10306,68412476,68412.476,1337,0,gap,34
10307,68416537,68416.537,1315,0,gap,34
10308,68428432,68428.432,1321,0,gap,34
10309,68432506,68432.506,1297,0,gap,34
10310,68436569,68436.569,1264,0,gap,34
10311,68448424,68448.424,1277,0,gap,34
10312,68452511,68452.511,1237,0,gap,34
10313,68456598,68456.598,1209,0,gap,34
10314,68468432,68468.432,1219,0,gap,34
10315,68472529,68472.529,1192,0,gap,34
10316,68476613,68476.613,1179,0,gap,34
10317,68488428,68488.428,1180,0,gap,34
10318,68492527,68492.527,1151,0,gap,34
10319,68496634,68496.634,1146,0,gap,34
10320,68508432,68508.432,1123,0,gap,34
10321,68512550,68512.55,1136,0,gap,34
10322,68516660,68516.66,1121,0,gap,34
10323,68528424,68528.424,1101,0,gap,34
10324,68532586,68532.586,1088,0,gap,34
10325,68536741,68536.741,1079,0,gap,34
10326,68548432,68548.432,1073,0,gap,34
10327,68552606,68552.606,1052,0,gap,34
10328,68556773,68556.773,1037,0,gap,34
10329,68568425,68568.425,1034,0,gap,34
10330,68572598,68572.598,1007,0,gap,34
10331,68576778,68576.778,997,0,gap,34
10332,68588433,68588.433,977,0,gap,34
10333,68592627,68592.627,962,0,gap,34
10334,68596813,68596.813,976,0,gap,34
10335,68608425,68608.425,960,0,gap,34
10336,68612641,68612.641,944,0,gap,34
10337,68616857,68616.857,929,0,gap,34
10338,68628432,68628.432,944,0,gap,34
10339,68632667,68632.667,930,0,gap,34
10340,68636884,68636.884,894,0,gap,34
10341,68648424,68648.424,918,0,gap,34
10342,68652660,68652.66,875,0,gap,34
10343,68656899,68656.899,863,0,gap,34
10344,68668432,68668.432,880,0,gap,34
10345,68672682,68672.682,837,0,gap,34
10346,68676919,68676.919,848,0,gap,34
10347,68688424,68688.424,848,0,gap,34
10348,68692676,68692.676,807,0,gap,34
10349,68696938,68696.938,821,0,gap,34
10350,68708432,68708.432,808,0,gap,34
10351,68712705,68712.705,813,0,gap,34
10352,68716965,68716.965,800,0,gap,34
10353,68728424,68728.424,789,0,gap,34
10354,68732695,68732.695,765,0,gap,34
10355,68736977,68736.977,751,0,gap,34
10356,68748432,68748.432,784,0,gap,34
10357,68752720,68752.72,750,0,gap,34
10358,68757000,68757.0,720,0,gap,34
10359,68768424,68768.424,769,0,gap,34
10360,68772722,68772.722,707,0,gap,34
10361,68779785,68779.785,739,0,gap,34
10362,68783836,68783.836,719,0,gap,34
10363,68798423,68798.423,733,0,gap,34
10364,68802458,68802.458,678,0,gap,34
10365,68806502,68806.502,670,0,gap,34
10366,68818431,68818.431,702,0,gap,34
10367,68822490,68822.49,656,0,gap,34
10368,68826536,68826.536,656,0,gap,34
10369,68838423,68838.423,688,0,gap,34
10370,68842493,68842.493,639,0,gap,34
10371,68846568,68846.568,658,0,gap,34
10372,68858431,68858.431,653,0,gap,34
10373,68862511,68862.511,635,0,gap,34
10374,68866588,68866.588,641,0,gap,34
10375,68878423,68878.423,637,0,gap,34
10376,68882519,68882.519,615,0,gap,34
10377,68886605,68886.605,593,0,gap,34
10378,68898431,68898.431,639,0,gap,34
10379,68902532,68902.532,586,0,gap,34
10380,68906625,68906.625,561,0,gap,34
10381,68918427,68918.427,624,0,gap,34
10382,68922535,68922.535,559,0,gap,34
10383,68926642,68926.642,560,0,gap,34
10384,68938431,68938.431,580,0,gap,34
10385,68942555,68942.555,549,0,gap,34
10386,68946694,68946.694,562,0,gap,34
10387,68958423,68958.423,553,0,gap,34
10388,68962588,68962.588,554,0,gap,34
10389,68966743,68966.743,528,0,gap,34
10390,68978431,68978.431,560,0,gap,34
10391,68982606,68982.606,534,0,gap,34
10392,68986782,68986.782,501,0,gap,34
10393,68998423,68998.423,575,0,gap,34
10394,69002608,69002.608,496,0,gap,34
10395,69006785,69006.785,470,0,gap,34
10396,69018431,69018.431,559,0,gap,34
10397,69022639,69022.639,470,0,gap,34
10398,69026843,69026.843,474,0,gap,34
10399,69038423,69038.423,522,0,gap,34
10400,69042648,69042.648,463,0,gap,34
10401,69046868,69046.868,487,0,gap,34
10402,69058431,69058.431,475,0,gap,34
10403,69062670,69062.67,473,0,gap,34
10404,69066900,69066.9,466,0,gap,34
10405,69078423,69078.423,491,0,gap,34
10406,69082668,69082.668,453,0,gap,34
10407,69086907,69086.907,432,0,gap,34
10408,69098431,69098.431,527,0,gap,34
10409,69102685,69102.685,430,0,gap,34
10410,69106935,69106.935,400,0,gap,34
10411,69118423,69118.423,492,0,gap,34
10412,69122687,69122.687,403,0,gap,34
10413,69126950,69126.95,419,0,gap,34
10414,69138431,69138.431,462,0,gap,34
10415,69142705,69142.705,398,0,gap,34
10416,69146974,69146.974,423,0,gap,34
10417,69158423,69158.423,422,0,gap,34
10418,69162707,69162.707,400,0,gap,34
10419,69166985,69166.985,400,0,gap,34
10420,69178431,69178.431,432,0,gap,34
10421,69182724,69182.724,403,0,gap,34
10422,69187009,69187.009,370,0,gap,34
10423,69198423,69198.423,443,0,gap,34
10424,69205519,69205.519,394,0,gap,34
10425,69209563,69209.563,368,0,gap,34
10426,69218431,69218.431,435,0,gap,34
10427,69222472,69222.472,335,0,gap,34
10428,69228432,69228.432,369,0,gap,34
10429,69238428,69238.428,397,0,gap,34
10430,69242481,69242.481,339,0,gap,34
10431,69248424,69248.424,393,0,gap,34
10432,69258432,69258.432,377,0,gap,34
10433,69262496,69262.496,343,0,gap,34
10434,69268432,69268.432,365,0,gap,34
10435,69278424,69278.424,385,0,gap,34
10436,69282502,69282.502,340,0,gap,34
10437,69288424,69288.424,342,0,gap,34
10438,69298432,69298.432,400,0,gap,34
10439,69302525,69302.525,331,0,gap,34
10440,69308431,69308.431,317,0,gap,34
10441,69318424,69318.424,395,0,gap,34
10442,69322523,69322.523,304,0,gap,34
10443,69328423,69328.423,329,0,gap,34
10444,69338432,69338.432,353,0,gap,34
10445,69342545,69342.545,285,0,gap,34
10446,69348431,69348.431,348,0,gap,34
10447,69358424,69358.424,323,0,gap,34
10448,69362554,69362.554,302,0,gap,34
10449,69368423,69368.423,335,0,gap,34
10450,69378432,69378.432,357,0,gap,34
10451,69382598,69382.598,314,0,gap,34
10452,69388431,69388.431,288,0,gap,34
10453,69398424,69398.424,354,0,gap,34
10454,69402598,69402.598,288,0,gap,34
10455,69408411,69408.411,275,0,gap,34
10456,69418432,69418.432,365,0,gap,34
10457,69422615,69422.615,263,0,gap,34
10458,69426797,69426.797,265,0,gap,34
10459,69438425,69438.425,328,0,gap,34
10460,69442626,69442.626,240,0,gap,34
10461,69446839,69446.839,272,0,gap,34
10462,69458433,69458.433,304,0,gap,34
10463,69462660,69462.66,267,0,gap,34
10464,69466882,69466.882,272,0,gap,34
10465,69478425,69478.425,320,0,gap,34
10466,69482657,69482.657,262,0,gap,34
10467,69486893,69486.893,228,0,gap,34
10468,69498433,69498.433,346,0,gap,34
10469,69502675,69502.675,242,0,gap,34
10470,69506913,69506.913,209,0,gap,34
10471,69518425,69518.425,336,0,gap,34
10472,69522685,69522.685,223,0,gap,34
10473,69526936,69526.936,224,0,gap,34
10474,69538432,69538.432,303,0,gap,34
10475,69542698,69542.698,225,0,gap,34
10476,69546955,69546.955,242,0,gap,34
10477,69558428,69558.428,275,0,gap,34
10478,69562700,69562.7,240,0,gap,34
10479,69566971,69566.971,252,0,gap,34
10480,69578432,69578.432,273,0,gap,34
10481,69582714,69582.714,243,0,gap,34
10482,69586990,69586.99,214,0,gap,34
10483,69598424,69598.424,288,0,gap,34
10484,69602715,69602.715,223,0,gap,34
10485,69607006,69607.006,183,0,gap,34
10486,69614061,69614.061,256,0,gap,34
10487,69628424,69628.424,271,0,gap,34
10488,69632462,69632.462,212,0,gap,34
10489,69636493,69636.493,206,0,gap,34
10490,69648431,69648.431,301,0,gap,34
10491,69652482,69652.482,202,0,gap,34
10492,69656525,69656.525,176,0,gap,34
10493,69668428,69668.428,295,0,gap,34
10494,69672489,69672.489,176,0,gap,34
10495,69676547,69676.547,190,0,gap,34
10496,69688431,69688.431,271,1,pulse,35
10497,69692599,69692.599,4095,1,pulse,35
10498,69696613,69696.613,4095,1,pulse,35
10499,69708420,69708.42,4095,1,pulse,35
10500,69712438,69712.438,4095,1,pulse,35
10501,69716459,69716.459,4095,1,pulse,35
10502,69728429,69728.429,4095,0,gap,35
10503,69732690,69732.69,2990,0,gap,35
10504,69736794,69736.794,2889,0,gap,35
10505,69748425,69748.425,2759,0,gap,35
10506,69752539,69752.539,2734,0,gap,35
10507,69756657,69756.657,2707,0,gap,35
10508,69768437,69768.437,2655,0,gap,35
10509,69772569,69772.569,2629,0,gap,35
10510,69776687,69776.687,2611,0,gap,35
10511,69788425,69788.425,2578,0,gap,35
10512,69792592,69792.592,2559,0,gap,35
10513,69796766,69796.766,2549,0,gap,35
10514,69808433,69808.433,2513,0,gap,35
10515,69812614,69812.614,2506,0,gap,35
10516,69818419,69818.419,2481,0,gap,35
10517,69828424,69828.424,2443,0,gap,35
10518,69832608,69832.608,2439,0,gap,35
10519,69838423,69838.423,2416,0,gap,35
10520,69848432,69848.432,2385,0,gap,35
10521,69852638,69852.638,2377,0,gap,35
10522,69858431,69858.431,2352,0,gap,35
10523,69868424,69868.424,2327,0,gap,35
10524,69872656,69872.656,2311,0,gap,35
10525,69878423,69878.423,2289,0,gap,35
10526,69888432,69888.432,2260,0,gap,35
10527,69892678,69892.678,2242,0,gap,35
10528,69898432,69898.432,2219,0,gap,35
10529,69908428,69908.428,2213,0,gap,35
10530,69912672,69912.672,2198,0,gap,35
10531,69918424,69918.424,2167,0,gap,35
10532,69928432,69928.432,2138,0,gap,35
10533,69932693,69932.693,2127,0,gap,35
10534,69938432,69938.432,2096,0,gap,35
10535,69948425,69948.425,2091,0,gap,35
10536,69952691,69952.691,2068,0,gap,35
10537,69958424,69958.424,2033,0,gap,35
10538,69968433,69968.433,2022,0,gap,35
10539,69972717,69972.717,2002,0,gap,35
10540,69978436,69978.436,1978,0,gap,35
10541,69988425,69988.425,1947,0,gap,35
10542,69992708,69992.708,1934,0,gap,35
10543,70008415,70008.415,1921,0,gap,35
10544,70012708,70012.708,1887,0,gap,35
10545,70017008,70017.008,1886,0,gap,35
10546,70028431,70028.431,1850,0,gap,35
10547,70032742,70032.742,1851,0,gap,35
10548,70037041,70037.041,1831,0,gap,35
10549,70044163,70044.163,1808,0,gap,35
10550,70058431,70058.431,1780,0,gap,35
10551,70062486,70062.486,1765,0,gap,35
10552,70066524,70066.524,1767,0,gap,35
10553,70078424,70078.424,1724,0,gap,35
10554,70082479,70082.479,1706,0,gap,35
10555,70086542,70086.542,1695,0,gap,35
10556,70098436,70098.436,1679,0,gap,35
10557,70102514,70102.514,1655,0,gap,35
10558,70106580,70106.58,1648,0,gap,35
10559,70118424,70118.424,1628,0,gap,35
10560,70122508,70122.508,1597,0,gap,35
10561,70126593,70126.593,1575,0,gap,35
10562,70138432,70138.432,1582,0,gap,35
10563,70142531,70142.531,1535,0,gap,35
10564,70146626,70146.626,1552,0,gap,35
10565,70158424,70158.424,1525,0,gap,35
10566,70162530,70162.53,1501,0,gap,35
10567,70166639,70166.639,1497,0,gap,35
10568,70178432,70178.432,1457,0,gap,35
10569,70182548,70182.548,1456,0,gap,35
10570,70186660,70186.66,1435,0,gap,35
10571,70198425,70198.425,1425,0,gap,35
10572,70202555,70202.555,1395,0,gap,35
10573,70206684,70206.684,1393,0,gap,35
10574,70218433,70218.433,1379,0,gap,35
10575,70222605,70222.605,1342,0,gap,35
10576,70226773,70226.773,1357,0,gap,35
10577,70238429,70238.429,1325,0,gap,35
10578,70242608,70242.608,1313,0,gap,35
10579,70246783,70246.783,1311,0,gap,35
10580,70258433,70258.433,1279,0,gap,35
10581,70262627,70262.627,1269,0,gap,35
10582,70266812,70266.812,1261,0,gap,35
10583,70278425,70278.425,1239,0,gap,35
10584,70282637,70282.637,1235,0,gap,35
10585,70286841,70286.841,1206,0,gap,35
10586,70298433,70298.433,1211,0,gap,35
10587,70302662,70302.662,1187,0,gap,35
10588,70308419,70308.419,1159,0,gap,35
10589,70318424,70318.424,1173,0,gap,35
10590,70322663,70322.663,1133,0,gap,35
10591,70328423,70328.423,1145,0,gap,35
10592,70338432,70338.432,1122,0,gap,35
10593,70342685,70342.685,1096,0,gap,35
10594,70348431,70348.431,1097,0,gap,35
10595,70358424,70358.424,1088,0,gap,35
10596,70362683,70362.683,1086,0,gap,35
10597,70368423,70368.423,1066,0,gap,35
10598,70378432,70378.432,1059,0,gap,35
10599,70382709,70382.709,1043,0,gap,35
10600,70388432,70388.432,1023,0,gap,35
10601,70398424,70398.424,1023,0,gap,35
10602,70402706,70402.706,987,0,gap,35
10603,70408424,70408.424,990,0,gap,35
10604,70418436,70418.436,977,0,gap,35
10605,70422724,70422.724,950,0,gap,35
10606,70428432,70428.432,964,0,gap,35
10607,70438424,70438.424,950,0,gap,35
10608,70442726,70442.726,922,0,gap,35
10609,70448428,70448.428,940,0,gap,35
10610,70458432,70458.432,904,0,gap,35
10611,70465496,70465.496,916,0,gap,35
10612,70469567,70469.567,880,0,gap,35
10613,70478423,70478.423,886,0,gap,35
10614,70482472,70482.472,880,0,gap,35
10615,70488424,70488.424,865,0,gap,35
10616,70498432,70498.432,866,0,gap,35
10617,70502497,70502.497,830,0,gap,35
10618,70508432,70508.432,830,0,gap,35
10619,70518424,70518.424,838,0,gap,35
10620,70522500,70522.5,813,0,gap,35
10621,70528424,70528.424,813,0,gap,35
10622,70538432,70538.432,794,0,gap,35
10623,70542521,70542.521,769,0,gap,35
10624,70548432,70548.432,813,0,gap,35
10625,70558428,70558.428,771,0,gap,35
10626,70562525,70562.525,771,0,gap,35
10627,70568423,70568.423,777,0,gap,35
10628,70578432,70578.432,752,0,gap,35
10629,70582539,70582.539,746,0,gap,35
10630,70588431,70588.431,727,0,gap,35
10631,70598424,70598.424,750,0,gap,35
10632,70602545,70602.545,713,0,gap,35
10633,70608423,70608.423,704,0,gap,35
10634,70618432,70618.432,735,0,gap,35
10635,70622565,70622.565,682,0,gap,35
10636,70628435,70628.435,699,0,gap,35
10637,70638424,70638.424,691,0,gap,35
10638,70642594,70642.594,649,0,gap,35
10639,70648415,70648.415,692,0,gap,35
10640,70658432,70658.432,656,0,gap,35
10641,70662617,70662.617,650,0,gap,35
10642,70668415,70668.415,641,0,gap,35
10643,70678424,70678.424,648,0,gap,35
10644,70682615,70682.615,644,0,gap,35
10645,70686805,70686.805,608,0,gap,35
10646,70698433,70698.433,653,0,gap,35
10647,70702650,70702.65,592,0,gap,35
10648,70706864,70706.864,582,0,gap,35
10649,70718425,70718.425,642,0,gap,35
10650,70722656,70722.656,579,0,gap,35
10651,70726882,70726.882,573,0,gap,35
10652,70738437,70738.437,614,0,gap,35
10653,70742681,70742.681,557,0,gap,35
10654,70746917,70746.917,583,0,gap,35
10655,70758425,70758.425,575,0,gap,35
10656,70762679,70762.679,574,0,gap,35
10657,70766932,70766.932,559,0,gap,35
10658,70778433,70778.433,571,0,gap,35
10659,70782693,70782.693,557,0,gap,35
10660,70786948,70786.948,526,0,gap,35
10661,70798425,70798.425,576,0,gap,35
10662,70802694,70802.694,522,0,gap,35
10663,70806967,70806.967,495,0,gap,35
10664,70818432,70818.432,560,0,gap,35
10665,70822712,70822.712,471,0,gap,35
10666,70826991,70826.991,474,0,gap,35
10667,70838424,70838.424,543,0,gap,35
10668,70842722,70842.722,480,0,gap,35
10669,70847006,70847.006,499,0,gap,35
10670,70858432,70858.432,507,0,gap,35
10671,70862735,70862.735,496,0,gap,35
10672,70867033,70867.033,463,0,gap,35
10673,70878428,70878.428,496,0,gap,35
10674,70885534,70885.534,487,0,gap,35
10675,70889584,70889.584,432,0,gap,35
10676,70898431,70898.431,496,0,gap,35
10677,70902482,70902.482,438,0,gap,35
10678,70908432,70908.432,430,0,gap,35
10679,70918424,70918.424,493,0,gap,35
10680,70922491,70922.491,413,0,gap,35
10681,70928424,70928.424,461,0,gap,35
10682,70938432,70938.432,451,0,gap,35
10683,70942506,70942.506,405,0,gap,35
10684,70948436,70948.436,463,0,gap,35
10685,70958424,70958.424,432,0,gap,35
10686,70962512,70962.512,414,0,gap,35
10687,70968424,70968.424,433,0,gap,35
10688,70978432,70978.432,445,0,gap,35
10689,70982535,70982.535,400,0,gap,35
10690,70988431,70988.431,396,0,gap,35
10691,70998424,70998.424,452,0,gap,35
10692,71002533,71002.533,389,0,gap,35
10693,71008423,71008.423,387,0,gap,35
10694,71018432,71018.432,449,0,gap,35
10695,71022559,71022.559,354,0,gap,35
10696,71028431,71028.431,401,0,gap,35
10697,71038424,71038.424,406,0,gap,35
10698,71042564,71042.564,341,0,gap,35
10699,71048423,71048.423,393,0,gap,35
10700,71058436,71058.436,374,0,gap,35
10701,71062611,71062.611,368,0,gap,35
10702,71068431,71068.431,368,0,gap,35
10703,71078424,71078.424,384,0,gap,35
10704,71082612,71082.612,362,0,gap,35
10705,71088415,71088.415,336,0,gap,35
10706,71098432,71098.432,406,0,gap,35
10707,71102628,71102.628,339,0,gap,35
10708,71106817,71106.817,295,0,gap,35
10709,71118425,71118.425,393,0,gap,35
10710,71122636,71122.636,297,0,gap,35
10711,71126863,71126.863,302,0,gap,35
10712,71138433,71138.433,372,0,gap,35
10713,71142666,71142.666,305,0,gap,35
10714,71146893,71146.893,320,0,gap,35
10715,71158425,71158.425,336,0,gap,35
10716,71162671,71162.671,318,0,gap,35
10717,71166913,71166.913,313,0,gap,35
10718,71178433,71178.433,355,0,gap,35
10719,71182689,71182.689,320,0,gap,35
10720,71186940,71186.94,298,0,gap,35
10721,71198429,71198.429,385,0,gap,35
10722,71202691,71202.691,282,0,gap,35
10723,71206948,71206.948,251,0,gap,35
10724,71218432,71218.432,375,0,gap,35
10725,71222708,71222.708,269,0,gap,35
10726,71226975,71226.975,272,0,gap,35
10727,71238424,71238.424,327,0,gap,35
10728,71242710,71242.71,259,0,gap,35
10729,71246991,71246.991,298,0,gap,35
10730,71258432,71258.432,286,0,gap,35
10731,71262727,71262.727,277,0,gap,35
10732,71267022,71267.022,284,0,gap,35
10733,71278424,71278.424,314,0,gap,35
10734,71282725,71282.725,277,0,gap,35
10735,71287025,71287.025,251,0,gap,35
10736,71294105,71294.105,267,0,gap,35
10737,71308428,71308.428,301,0,gap,35
10738,71312468,71312.468,245,0,gap,35
10739,71316504,71316.504,272,0,gap,35
10740,71328431,71328.431,305,0,gap,35
10741,71332492,71332.492,256,0,gap,35
10742,71336545,71336.545,239,0,gap,35
10743,71348423,71348.423,327,0,gap,35
10744,71352495,71352.495,237,0,gap,35
10745,71356563,71356.563,208,0,gap,35
10746,71368431,71368.431,334,0,gap,35
10747,71372517,71372.517,218,0,gap,35
10748,71376595,71376.595,208,0,gap,35
10749,71388423,71388.423,289,0,gap,35
10750,71392517,71392.517,209,0,gap,35
10751,71396614,71396.614,241,0,gap,35
10752,71408431,71408.431,257,0,gap,35
10753,71412547,71412.547,226,0,gap,35
10754,71416642,71416.642,230,0,gap,35
10755,71428423,71428.423,277,0,gap,35
10756,71432538,71432.538,223,0,gap,35
10757,71436655,71436.655,204,0,gap,35
10758,71448431,71448.431,274,0,gap,35
10759,71452568,71452.568,214,0,gap,35
10760,71456689,71456.689,182,0,gap,35
10761,71468423,71468.423,310,0,gap,35
10762,71472590,71472.59,177,0,gap,35
10763,71476760,71476.76,176,0,gap,35
10764,71488435,71488.435,256,0,gap,35
10765,71492616,71492.616,177,0,gap,35
10766,71496786,71496.786,199,0,gap,35
10767,71508423,71508.423,235,0,gap,35
10768,71512611,71512.611,192,0,gap,35
10769,71516802,71516.802,215,0,gap,35
10770,71528431,71528.431,240,0,gap,35
10771,71532641,71532.641,205,0,gap,35
10772,71536838,71536.838,176,0,gap,35
10773,71548423,71548.423,272,0,gap,35
10774,71552651,71552.651,181,0,gap,35
10775,71556886,71556.886,161,0,gap,35
10776,71568431,71568.431,274,0,gap,35
10777,71572676,71572.676,153,0,gap,35
10778,71576905,71576.905,160,0,gap,35
10779,71588423,71588.423,248,0,gap,35
10780,71592674,71592.674,145,0,gap,35
10781,71596921,71596.921,176,0,gap,35
10782,71608431,71608.431,188,0,gap,35
10783,71612696,71612.696,178,0,gap,35
10784,71616948,71616.948,175,0,gap,35
10785,71628427,71628.427,213,0,gap,35
10786,71632690,71632.69,182,0,gap,35
10787,71636960,71636.96,165,0,gap,35
10788,71648431,71648.431,251,0,gap,35
10789,71652715,71652.715,148,0,gap,35
10790,71656983,71656.983,136,0,gap,35
10791,71668423,71668.423,249,0,gap,35
10792,71672709,71672.709,130,0,gap,35
10793,71676995,71676.995,128,0,gap,35
10794,71688431,71688.431,207,0,gap,35
10795,71692735,71692.735,128,0,gap,35
10796,71697031,71697.031,144,0,gap,35
10797,71708415,71708.415,176,0,gap,35
10798,71712723,71712.723,162,0,gap,35
10799,71719789,71719.789,189,0,gap,35
10800,71723832,71723.832,123,0,gap,35
10801,71738419,71738.419,225,0,gap,35
10802,71742462,71742.462,112,0,gap,35
10803,71746518,71746.518,139,0,gap,35
10804,71758431,71758.431,193,0,gap,35
10805,71762503,71762.503,135,0,gap,35
10806,71766569,71766.569,150,0,gap,35
10807,71778423,71778.423,173,0,gap,35
10808,71782498,71782.498,151,0,gap,35
10809,71786580,71786.58,130,0,gap,35
10810,71798431,71798.431,224,0,gap,35
10811,71802528,71802.528,133,0,gap,35
10812,71806613,71806.613,99,0,gap,35
10813,71818423,71818.423,218,0,gap,35
10814,71822523,71822.523,103,0,gap,35
10815,71826626,71826.626,98,0,gap,35
10816,71838431,71838.431,192,0,gap,35
10817,71842553,71842.553,99,0,gap,35
10818,71846652,71846.652,137,0,gap,35
10819,71858423,71858.423,156,0,gap,35
10820,71862543,71862.543,123,0,gap,35
10821,71866667,71866.667,125,0,gap,35
10822,71878431,71878.431,2144,1,pulse,36
10823,71882673,71882.673,4095,1,pulse,36
10824,71886766,71886.766,4095,1,pulse,36
10825,71898420,71898.42,4095,1,pulse,36
10826,71902527,71902.527,4095,1,pulse,36
10827,71906641,71906.641,4095,1,pulse,36
10828,71918429,71918.429,4095,0,gap,36
10829,71922775,71922.775,2998,0,gap,36
10830,71926969,71926.969,2926,0,gap,36
10831,71938425,71938.425,2767,0,gap,36
10832,71942632,71942.632,2737,0,gap,36
10833,71946835,71946.835,2722,0,gap,36
10834,71958433,71958.433,2672,0,gap,36
10835,71962658,71962.658,2649,0,gap,36
10836,71966889,71966.889,2618,0,gap,36
10837,71978425,71978.425,2595,0,gap,36
10838,71982668,71982.668,2559,0,gap,36
10839,71986914,71986.914,2549,0,gap,36
10840,71998433,71998.433,2525,0,gap,36
10841,72002690,72002.69,2509,0,gap,36
10842,72008419,72008.419,2493,0,gap,36
10843,72018424,72018.424,2457,0,gap,36
10844,72022683,72022.683,2443,0,gap,36
10845,72028423,72028.423,2422,0,gap,36
10846,72038432,72038.432,2400,0,gap,36
10847,72042712,72042.712,2371,0,gap,36
10848,72048435,72048.435,2370,0,gap,36
10849,72058424,72058.424,2319,0,gap,36
10850,72062706,72062.706,2316,0,gap,36
10851,72068423,72068.423,2298,0,gap,36
10852,72078432,72078.432,2266,0,gap,36
10853,72082728,72082.728,2253,0,gap,36
10854,72088432,72088.432,2230,0,gap,36
10855,72098424,72098.424,2217,0,gap,36
10856,72102726,72102.726,2185,0,gap,36
10857,72108424,72108.424,2171,0,gap,36
10858,72118433,72118.433,2150,0,gap,36
10859,72122756,72122.756,2127,0,gap,36
10860,72128432,72128.432,2101,0,gap,36
10861,72135517,72135.517,2083,0,gap,36
10862,72148433,72148.433,2075,0,gap,36
10863,72152491,72152.491,2064,0,gap,36
10864,72156541,72156.541,2023,0,gap,36
10865,72168424,72168.424,2010,0,gap,36
10866,72172487,72172.487,1983,0,gap,36
10867,72176558,72176.558,1962,0,gap,36
10868,72188432,72188.432,1945,0,gap,36
10869,72192514,72192.514,1931,0,gap,36
10870,72196588,72196.588,1909,0,gap,36
10871,72208424,72208.424,1885,0,gap,36
10872,72212516,72212.516,1859,0,gap,36
10873,72216604,72216.604,1856,0,gap,36
10874,72228432,72228.432,1840,0,gap,36
10875,72232541,72232.541,1808,0,gap,36
10876,72236640,72236.64,1810,0,gap,36
10877,72248424,72248.424,1778,0,gap,36
10878,72252538,72252.538,1747,0,gap,36
10879,72256652,72256.652,1730,0,gap,36
10880,72268437,72268.437,1717,0,gap,36
10881,72272561,72272.561,1690,0,gap,36
10882,72276681,72276.681,1685,0,gap,36
10883,72288425,72288.425,1667,0,gap,36
10884,72292559,72292.559,1648,0,gap,36
10885,72296695,72296.695,1644,0,gap,36
10886,72308433,72308.433,1617,0,gap,36
10887,72312613,72312.613,1606,0,gap,36
10888,72316790,72316.79,1591,0,gap,36
10889,72328425,72328.425,1580,0,gap,36
10890,72332612,72332.612,1558,0,gap,36
10891,72336804,72336.804,1531,0,gap,36
10892,72348433,72348.433,1521,0,gap,36
10893,72352631,72352.631,1497,0,gap,36
10894,72358415,72358.415,1485,0,gap,36
10895,72368424,72368.424,1471,0,gap,36
10896,72372648,72372.648,1454,0,gap,36
10897,72378423,72378.423,1440,0,gap,36
10898,72388432,72388.432,1402,0,gap,36
10899,72392670,72392.67,1378,0,gap,36
10900,72398431,72398.431,1393,0,gap,36
10901,72408424,72408.424,1356,0,gap,36
10902,72412676,72412.676,1359,0,gap,36
10903,72418423,72418.423,1327,0,gap,36
10904,72428432,72428.432,1330,0,gap,36
10905,72432690,72432.69,1309,0,gap,36
10906,72438432,72438.432,1283,0,gap,36
10907,72448424,72448.424,1294,0,gap,36
10908,72452695,72452.695,1265,0,gap,36
10909,72458424,72458.424,1241,0,gap,36
10910,72468432,72468.432,1244,0,gap,36
10911,72472713,72472.713,1209,0,gap,36
10912,72478436,72478.436,1199,0,gap,36
10913,72488425,72488.425,1186,0,gap,36
10914,72492711,72492.711,1173,0,gap,36
10915,72498424,72498.424,1173,0,gap,36
10916,72508433,72508.433,1148,0,gap,36
10917,72512729,72512.729,1138,0,gap,36
10918,72518432,72518.432,1138,0,gap,36
10919,72528425,72528.425,1113,0,gap,36
10920,72532739,72532.739,1105,0,gap,36
10921,72548415,72548.415,1102,0,gap,36
10922,72552732,72552.732,1072,0,gap,36
10923,72557045,72557.045,1047,0,gap,36
10924,72564151,72564.151,1054,0,gap,36
10925,72578423,72578.423,1040,0,gap,36
10926,72582479,72582.479,1011,0,gap,36
10927,72586532,72586.532,1003,0,gap,36
10928,72598436,72598.436,1018,0,gap,36
10929,72602505,72602.505,976,0,gap,36
10930,72606569,72606.569,957,0,gap,36
10931,72618424,72618.424,986,0,gap,36
10932,72622504,72622.504,935,0,gap,36
10933,72626584,72626.584,935,0,gap,36
10934,72638432,72638.432,931,0,gap,36
10935,72642530,72642.53,912,0,gap,36
10936,72646624,72646.624,910,0,gap,36
10937,72658423,72658.423,902,0,gap,36
10938,72662533,72662.533,893,0,gap,36
10939,72666638,72666.638,881,0,gap,36
10940,72678431,72678.431,875,0,gap,36
10941,72682551,72682.551,860,0,gap,36
10942,72686666,72686.666,858,0,gap,36
10943,72698423,72698.423,858,0,gap,36
10944,72702557,72702.557,832,0,gap,36
10945,72706678,72706.678,815,0,gap,36
10946,72718431,72718.431,846,0,gap,36
10947,72722572,72722.572,793,0,gap,36
10948,72726710,72726.71,785,0,gap,36
10949,72738423,72738.423,811,0,gap,36
10950,72742610,72742.61,754,0,gap,36
10951,72746788,72746.788,773,0,gap,36
10952,72758431,72758.431,761,0,gap,36
10953,72762625,72762.625,754,0,gap,36
10954,72766811,72766.811,739,0,gap,36
10955,72778423,72778.423,765,0,gap,36
10956,72782627,72782.627,741,0,gap,36
10957,72786822,72786.822,717,0,gap,36
10958,72798431,72798.431,741,0,gap,36
10959,72802653,72802.653,714,0,gap,36
10960,72806874,72806.874,694,0,gap,36
10961,72818423,72818.423,738,0,gap,36
10962,72822667,72822.667,667,0,gap,36
10963,72826901,72826.901,675,0,gap,36
10964,72838431,72838.431,695,0,gap,36
10965,72842684,72842.684,646,0,gap,36
10966,72846937,72846.937,656,0,gap,36
10967,72858423,72858.423,650,0,gap,36
10968,72862686,72862.686,639,0,gap,36
10969,72866944,72866.944,641,0,gap,36
10970,72878431,72878.431,637,0,gap,36
10971,72882708,72882.708,635,0,gap,36
10972,72886972,72886.972,601,0,gap,36
10973,72898423,72898.423,656,0,gap,36
10974,72902706,72902.706,596,0,gap,36
10975,72906983,72906.983,579,0,gap,36
10976,72918435,72918.435,636,0,gap,36
10977,72922723,72922.723,574,0,gap,36
10978,72927011,72927.011,566,0,gap,36
10979,72938415,72938.415,606,0,gap,36
10980,72942717,72942.717,547,0,gap,36
10981,72947010,72947.01,565,0,gap,36
10982,72958419,72958.419,565,0,gap,36
10983,72962731,72962.731,560,0,gap,36
10984,72967038,72967.038,553,0,gap,36
10985,72978415,72978.415,576,0,gap,36
10986,72982737,72982.737,542,0,gap,36
10987,72989817,72989.817,542,0,gap,36
10988,72993867,72993.867,507,0,gap,36
10989,73008415,73008.415,546,0,gap,36
10990,73012476,73012.476,510,0,gap,36
10991,73016540,73016.54,507,0,gap,36
10992,73028436,73028.436,529,0,gap,36
10993,73032509,73032.509,501,0,gap,36
10994,73036578,73036.578,480,0,gap,36
10995,73048423,73048.423,543,0,gap,36
10996,73052512,73052.512,471,0,gap,36
10997,73056598,73056.598,463,0,gap,36
10998,73068431,73068.431,534,0,gap,36
10999,73072535,73072.535,450,0,gap,36
11000,73076634,73076.634,458,0,gap,36
11001,73088423,73088.423,496,0,gap,36
11002,73092537,73092.537,436,0,gap,36
11003,73096645,73096.645,469,0,gap,36
11004,73108431,73108.431,451,0,gap,36
11005,73112555,73112.555,452,0,gap,36
11006,73116670,73116.67,443,0,gap,36
11007,73128423,73128.423,459,0,gap,36
11008,73132561,73132.561,448,0,gap,36
11009,73136687,73136.687,414,0,gap,36
11010,73148431,73148.431,486,0,gap,36
11011,73152585,73152.585,419,0,gap,36
11012,73156758,73156.758,394,0,gap,36
11013,73168423,73168.423,481,0,gap,36
11014,73172634,73172.634,386,0,gap,36
11015,73176828,73176.828,375,0,gap,36
11016,73188431,73188.431,451,0,gap,36
11017,73192633,73192.633,370,0,gap,36
11018,73196818,73196.818,389,0,gap,36
11019,73208423,73208.423,406,0,gap,36
11020,73212627,73212.627,372,0,gap,36
11021,73216833,73216.833,392,0,gap,36
11022,73228431,73228.431,401,0,gap,36
11023,73232661,73232.661,383,0,gap,36
11024,73236888,73236.888,374,0,gap,36
11025,73248423,73248.423,432,0,gap,36
11026,73252667,73252.667,361,0,gap,36
11027,73256909,73256.909,337,0,gap,36
11028,73268431,73268.431,436,0,gap,36
11029,73272692,73272.692,330,0,gap,36
11030,73276941,73276.941,340,0,gap,36
11031,73288423,73288.423,391,0,gap,36
11032,73292686,73292.686,318,0,gap,36
11033,73296952,73296.952,361,0,gap,36
11034,73308431,73308.431,350,0,gap,36
11035,73312716,73312.716,340,0,gap,36
11036,73316980,73316.98,338,0,gap,36
11037,73328423,73328.423,357,0,gap,36
11038,73332706,73332.706,327,0,gap,36
11039,73336991,73336.991,311,0,gap,36
11040,73348435,73348.435,397,0,gap,36
11041,73352731,73352.731,314,0,gap,36
11042,73357015,73357.015,277,0,gap,36
11043,73368415,73368.415,391,0,gap,36
11044,73372717,73372.717,288,0,gap,36
11045,73377018,73377.018,285,0,gap,36
11046,73388419,73388.419,363,0,gap,36
11047,73392739,73392.739,271,0,gap,36
11048,73397046,73397.046,304,0,gap,36
11049,73404124,73404.124,329,0,gap,36
11050,73408196,73408.196,259,0,gap,36
11051,73418425,73418.425,370,0,gap,36
11052,73422475,73422.475,254,0,gap,36
11053,73428424,73428.424,284,0,gap,36
11054,73438433,73438.433,331,0,gap,36
11055,73442511,73442.511,258,0,gap,36
11056,73448436,73448.436,317,0,gap,36
11057,73458425,73458.425,287,0,gap,36
11058,73462507,73462.507,272,0,gap,36
11059,73468424,73468.424,294,0,gap,36
11060,73478433,73478.433,305,0,gap,36
11061,73482528,73482.528,270,0,gap,36
11062,73488432,73488.432,262,0,gap,36
11063,73498425,73498.425,330,0,gap,36
11064,73502535,73502.535,261,0,gap,36
11065,73508424,73508.424,240,0,gap,36
11066,73518432,73518.432,321,0,gap,36
11067,73522553,73522.553,221,0,gap,36
11068,73528432,73528.432,272,0,gap,36
11069,73538424,73538.424,314,0,gap,36
11070,73542552,73542.552,213,0,gap,36
11071,73548424,73548.424,272,0,gap,36
11072,73558436,73558.436,255,0,gap,36
11073,73562584,73562.584,239,0,gap,36
11074,73568432,73568.432,271,0,gap,36
11075,73578424,73578.424,270,0,gap,36
11076,73582608,73582.608,240,0,gap,36
11077,73588423,73588.423,239,0,gap,36
11078,73598432,73598.432,287,0,gap,36
11079,73602627,73602.627,223,0,gap,36
11080,73608431,73608.431,208,0,gap,36
11081,73618424,73618.424,301,0,gap,36
11082,73622625,73622.625,190,0,gap,36
11083,73628423,73628.423,234,0,gap,36
11084,73638432,73638.432,276,0,gap,36
11085,73642651,73642.651,176,0,gap,36
11086,73648431,73648.431,244,0,gap,36
11087,73658424,73658.424,224,0,gap,36
11088,73662673,73662.673,198,0,gap,36
11089,73668423,73668.423,227,0,gap,36
11090,73678432,73678.432,253,0,gap,36
11091,73682682,73682.682,208,0,gap,36
11092,73688419,73688.419,203,0,gap,36
11093,73698424,73698.424,258,0,gap,36
11094,73702688,73702.688,196,0,gap,36
11095,73708411,73708.411,188,0,gap,36
11096,73718432,73718.432,277,0,gap,36
11097,73722702,73722.702,174,0,gap,36
11098,73726971,73726.971,175,0,gap,36
11099,73738425,73738.425,250,0,gap,36
11100,73742705,73742.705,160,0,gap,36
11101,73746980,73746.98,200,0,gap,36
11102,73758433,73758.433,208,0,gap,36
11103,73762726,73762.726,180,0,gap,36
11104,73767019,73767.019,180,0,gap,36
11105,73778425,73778.425,208,0,gap,36
11106,73782724,73782.724,190,0,gap,36
11107,73787023,73787.023,153,0,gap,36
11108,73798433,73798.433,239,0,gap,36
11109,73802745,73802.745,161,0,gap,36
11110,73807054,73807.054,144,0,gap,36
11111,73818425,73818.425,260,0,gap,36
11112,73825539,73825.539,155,0,gap,36
11113,73829604,73829.604,159,0,gap,36
11114,73838431,73838.431,199,0,gap,36
11115,73842495,73842.495,112,0,gap,36
11116,73848432,73848.432,187,0,gap,36
11117,73858424,73858.424,250,1,pulse,37
11118,73862584,73862.584,4095,1,pulse,37
11119,73868420,73868.42,4095,1,pulse,37
11120,73878429,73878.429,4095,1,pulse,37
11121,73882454,73882.454,4095,1,pulse,37
11122,73898427,73898.427,4095,0,gap,37
11123,73902685,73902.685,2978,0,gap,37
11124,73906788,73906.788,2902,0,gap,37
11125,73918424,73918.424,2743,0,gap,37
11126,73922539,73922.539,2727,0,gap,37
11127,73926657,73926.657,2714,0,gap,37
11128,73938432,73938.432,2659,0,gap,37
11129,73942561,73942.561,2640,0,gap,37
11130,73946681,73946.681,2624,0,gap,37
11131,73958424,73958.424,2598,0,gap,37
11132,73962560,73962.56,2559,0,gap,37
11133,73966699,73966.699,2544,0,gap,37
11134,73978432,73978.432,2514,0,gap,37
11135,73982590,73982.59,2506,0,gap,37
11136,73986737,73986.737,2482,0,gap,37
11137,73998424,73998.424,2458,0,gap,37
11138,74002608,74002.608,2447,0,gap,37
11139,74006799,74006.799,2403,0,gap,37
11140,74018436,74018.436,2389,0,gap,37
11141,74022639,74022.639,2384,0,gap,37
11142,74026835,74026.835,2351,0,gap,37
11143,74038424,74038.424,2334,0,gap,37
11144,74042634,74042.634,2320,0,gap,37
11145,74046842,74046.842,2283,0,gap,37
11146,74058433,74058.433,2271,0,gap,37
11147,74062672,74062.672,2239,0,gap,37
11148,74066896,74066.896,2225,0,gap,37
11149,74078425,74078.425,2213,0,gap,37
11150,74082670,74082.67,2192,0,gap,37
11151,74086926,74086.926,2153,0,gap,37
11152,74098433,74098.433,2140,0,gap,37
11153,74102695,74102.695,2113,0,gap,37
11154,74106949,74106.949,2101,0,gap,37
11155,74118425,74118.425,2082,0,gap,37
11156,74122693,74122.693,2061,0,gap,37
11157,74126961,74126.961,2032,0,gap,37
11158,74138433,74138.433,2031,0,gap,37
11159,74142719,74142.719,1999,0,gap,37
11160,74148419,74148.419,1988,0,gap,37
11161,74158424,74158.424,1950,0,gap,37
11162,74162716,74162.716,1949,0,gap,37
11163,74168423,74168.423,1932,0,gap,37
11164,74178432,74178.432,1910,0,gap,37
11165,74182738,74182.738,1889,0,gap,37
11166,74188431,74188.431,1866,0,gap,37
11167,74198428,74198.428,1845,0,gap,37
11168,74202736,74202.736,1831,0,gap,37
11169,74208423,74208.423,1811,0,gap,37
11170,74218432,74218.432,1791,0,gap,37
11171,74222757,74222.757,1774,0,gap,37
11172,74228436,74228.436,1758,0,gap,37
11173,74238425,74238.425,1744,0,gap,37
11174,74242748,74242.748,1725,0,gap,37
11175,74249842,74249.842,1701,0,gap,37
11176,74258432,74258.432,1680,0,gap,37
11177,74262499,74262.499,1673,0,gap,37
11178,74268432,74268.432,1645,0,gap,37
11179,74278425,74278.425,1634,0,gap,37
11180,74282505,74282.505,1621,0,gap,37
11181,74288425,74288.425,1597,0,gap,37
11182,74298433,74298.433,1579,0,gap,37
11183,74302532,74302.532,1565,0,gap,37
11184,74318431,74318.431,1535,0,gap,37
11185,74322538,74322.538,1511,0,gap,37
11186,74326639,74326.639,1514,0,gap,37
11187,74338424,74338.424,1497,0,gap,37
11188,74342541,74342.541,1461,0,gap,37
11189,74346650,74346.65,1458,0,gap,37
11190,74358432,74358.432,1431,0,gap,37
11191,74362558,74362.558,1423,0,gap,37
11192,74366681,74366.681,1415,0,gap,37
11193,74378424,74378.424,1390,0,gap,37
11194,74382565,74382.565,1377,0,gap,37
11195,74386694,74386.694,1359,0,gap,37
11196,74398432,74398.432,1357,0,gap,37
11197,74402576,74402.576,1324,0,gap,37
11198,74406715,74406.715,1311,0,gap,37
11199,74418428,74418.428,1314,0,gap,37
11200,74422635,74422.635,1295,0,gap,37
11201,74426820,74426.82,1264,0,gap,37
11202,74438432,74438.432,1251,0,gap,37
11203,74442628,74442.628,1240,0,gap,37
11204,74446821,74446.821,1242,0,gap,37
11205,74458424,74458.424,1205,0,gap,37
11206,74462627,74462.627,1211,0,gap,37
11207,74466837,74466.837,1194,0,gap,37
11208,74478432,74478.432,1185,0,gap,37
11209,74482657,74482.657,1159,0,gap,37
11210,74486882,74486.882,1151,0,gap,37
11211,74498425,74498.425,1140,0,gap,37
11212,74502668,74502.668,1136,0,gap,37
11213,74506914,74506.914,1106,0,gap,37
11214,74518433,74518.433,1133,0,gap,37
11215,74522701,74522.701,1093,0,gap,37
11216,74526953,74526.953,1072,0,gap,37
11217,74538425,74538.425,1061,0,gap,37
11218,74542687,74542.687,1051,0,gap,37
11219,74546957,74546.957,1045,0,gap,37
11220,74558437,74558.437,1019,0,gap,37
11221,74562717,74562.717,1011,0,gap,37
11222,74568415,74568.415,997,0,gap,37
11223,74578424,74578.424,993,0,gap,37
11224,74582709,74582.709,991,0,gap,37
11225,74586998,74586.998,957,0,gap,37
11226,74598433,74598.433,960,0,gap,37
11227,74602732,74602.732,951,0,gap,37
11228,74607022,74607.022,913,0,gap,37
11229,74618425,74618.425,947,0,gap,37
11230,74622726,74622.726,910,0,gap,37
11231,74627038,74627.038,887,0,gap,37
11232,74638433,74638.433,899,0,gap,37
11233,74642751,74642.751,874,0,gap,37
11234,74647061,74647.061,880,0,gap,37
11235,74658425,74658.425,873,0,gap,37
11236,74662749,74662.749,853,0,gap,37
11237,74669844,74669.844,869,0,gap,37
11238,74673924,74673.924,826,0,gap,37
11239,74688425,74688.425,833,0,gap,37
11240,74692488,74692.488,803,0,gap,37
11241,74696555,74696.555,806,0,gap,37
11242,74708431,74708.431,802,0,gap,37
11243,74712520,74712.52,785,0,gap,37
11244,74716592,74716.592,798,0,gap,37
11245,74728423,74728.423,775,0,gap,37
11246,74732515,74732.515,759,0,gap,37
11247,74736616,74736.616,749,0,gap,37
11248,74748431,74748.431,777,0,gap,37
11249,74752541,74752.541,734,0,gap,37
11250,74756647,74756.647,719,0,gap,37
11251,74768423,74768.423,752,0,gap,37
11252,74772548,74772.548,703,0,gap,37
11253,74776664,74776.664,691,0,gap,37
11254,74788431,74788.431,719,0,gap,37
11255,74792562,74792.562,684,0,gap,37
11256,74796688,74796.688,689,0,gap,37
11257,74808423,74808.423,686,0,gap,37
11258,74812569,74812.569,675,0,gap,37
11259,74816702,74816.702,672,0,gap,37
11260,74828431,74828.431,665,0,gap,37
11261,74832584,74832.584,662,0,gap,37
11262,74836757,74836.757,641,0,gap,37
11263,74848427,74848.427,675,0,gap,37
11264,74852621,74852.621,623,0,gap,37
11265,74856810,74856.81,624,0,gap,37
11266,74868431,74868.431,654,0,gap,37
11267,74872636,74872.636,615,0,gap,37
11268,74876841,74876.841,599,0,gap,37
11269,74888423,74888.423,621,0,gap,37
11270,74892638,74892.638,578,0,gap,37
11271,74896848,74896.848,603,0,gap,37
11272,74908431,74908.431,605,0,gap,37
11273,74912664,74912.664,560,0,gap,37
11274,74916898,74916.898,575,0,gap,37
11275,74928423,74928.423,576,0,gap,37
11276,74932678,74932.678,560,0,gap,37
11277,74936928,74936.928,550,0,gap,37
11278,74948431,74948.431,586,0,gap,37
11279,74952700,74952.7,545,0,gap,37
11280,74956959,74956.959,511,0,gap,37
11281,74968423,74968.423,573,0,gap,37
11282,74972697,74972.697,523,0,gap,37
11283,74976962,74976.962,509,0,gap,37
11284,74988435,74988.435,553,0,gap,37
11285,74992715,74992.715,495,0,gap,37
11286,74996994,74996.994,523,0,gap,37
11287,75008423,75008.423,511,0,gap,37
11288,75012717,75012.717,490,0,gap,37
11289,75017002,75017.002,501,0,gap,37
11290,75028431,75028.431,527,0,gap,37
11291,75032734,75032.734,491,0,gap,37
11292,75037033,75037.033,458,0,gap,37
11293,75048415,75048.415,510,0,gap,37
11294,75052728,75052.728,465,0,gap,37
11295,75057041,75057.041,442,0,gap,37
11296,75068419,75068.419,527,0,gap,37
11297,75072742,75072.742,432,0,gap,37
11298,75077060,75077.06,436,0,gap,37
11299,75088415,75088.415,481,0,gap,37
11300,75095526,75095.526,450,0,gap,37
11301,75099604,75099.604,450,0,gap,37
11302,75108431,75108.431,453,0,gap,37
11303,75112502,75112.502,416,0,gap,37
11304,75118432,75118.432,441,0,gap,37
11305,75128424,75128.424,457,0,gap,37
11306,75132511,75132.511,427,0,gap,37
11307,75138424,75138.424,417,0,gap,37
11308,75148432,75148.432,477,0,gap,37
11309,75152526,75152.526,403,0,gap,37
11310,75158432,75158.432,381,0,gap,37
11311,75168428,75168.428,462,0,gap,37
11312,75172536,75172.536,370,0,gap,37
11313,75178423,75178.423,400,0,gap,37
11314,75188432,75188.432,412,0,gap,37
11315,75192555,75192.555,346,0,gap,37
11316,75198435,75198.435,400,0,gap,37
11317,75208424,75208.424,385,0,gap,37
11318,75212549,75212.549,364,0,gap,37
11319,75218423,75218.423,391,0,gap,37
11320,75228432,75228.432,399,0,gap,37
11321,75232579,75232.579,367,0,gap,37
11322,75238431,75238.431,363,0,gap,37
11323,75248424,75248.424,403,0,gap,37
11324,75252575,75252.575,343,0,gap,37
11325,75258423,75258.423,339,0,gap,37
11326,75268432,75268.432,416,0,gap,37
11327,75272635,75272.635,321,0,gap,37
11328,75278419,75278.419,333,0,gap,37
11329,75288424,75288.424,383,0,gap,37
11330,75292628,75292.628,304,0,gap,37
11331,75298411,75298.411,358,0,gap,37
11332,75308436,75308.436,361,0,gap,37
11333,75312652,75312.652,311,0,gap,37
11334,75316860,75316.86,322,0,gap,37
11335,75328425,75328.425,355,0,gap,37
11336,75332656,75332.656,321,0,gap,37
11337,75336903,75336.903,304,0,gap,37
11338,75348433,75348.433,373,0,gap,37
11339,75352689,75352.689,317,0,gap,37
11340,75356933,75356.933,275,0,gap,37
11341,75368425,75368.425,377,0,gap,37
11342,75372683,75372.683,282,0,gap,37
11343,75376953,75376.953,269,0,gap,37
11344,75388433,75388.433,347,0,gap,37
11345,75392709,75392.709,263,0,gap,37
11346,75396976,75396.976,290,0,gap,37
11347,75408425,75408.425,317,0,gap,37
11348,75412706,75412.706,285,0,gap,37
11349,75416987,75416.987,286,0,gap,37
11350,75428432,75428.432,320,0,gap,37
11351,75432732,75432.732,291,0,gap,37
11352,75437019,75437.019,250,0,gap,37
11353,75448424,75448.424,349,0,gap,37
11354,75452726,75452.726,265,0,gap,37
11355,75457031,75457.031,240,0,gap,37
11356,75468432,75468.432,332,0,gap,37
11357,75472747,75472.747,239,0,gap,37
11358,75477054,75477.054,240,0,gap,37
11359,75488428,75488.428,304,0,gap,37
11360,75492749,75492.749,223,0,gap,37
11361,75497074,75497.074,258,0,gap,37
11362,75504159,75504.159,283,0,gap,37
11363,75518424,75518.424,332,0,gap,37
11364,75522484,75522.484,227,0,gap,37
11365,75526544,75526.544,212,0,gap,37
11366,75538431,75538.431,291,0,gap,37
11367,75542512,75542.512,206,0,gap,37
11368,75546588,75546.588,231,0,gap,37
11369,75558423,75558.423,270,0,gap,37
11370,75562519,75562.519,222,0,gap,37
11371,75566606,75566.606,234,0,gap,37
11372,75578431,75578.431,269,0,gap,37
11373,75582537,75582.537,238,0,gap,37
11374,75586634,75586.634,217,0,gap,37
11375,75598427,75598.427,298,0,gap,37
11376,75602541,75602.541,222,0,gap,37
11377,75606658,75606.658,195,0,gap,37
11378,75618431,75618.431,304,0,gap,37
11379,75622563,75622.563,192,0,gap,37
11380,75626682,75626.682,188,0,gap,37
11381,75638423,75638.423,285,0,gap,37
11382,75642557,75642.557,172,0,gap,37
11383,75646695,75646.695,204,0,gap,37
11384,75658431,75658.431,227,0,gap,37
11385,75662583,75662.583,202,0,gap,37
11386,75666728,75666.728,218,0,gap,37
11387,75678423,75678.423,249,0,gap,37
11388,75682610,75682.61,210,0,gap,37
11389,75686796,75686.796,190,0,gap,37
11390,75698431,75698.431,272,0,gap,37
11391,75702640,75702.64,187,0,gap,37
11392,75706833,75706.833,149,0,gap,37
11393,75718423,75718.423,272,0,gap,37
11394,75722631,75722.631,172,0,gap,37
11395,75726842,75726.842,154,0,gap,37
11396,75738435,75738.435,259,0,gap,37
11397,75742661,75742.661,150,0,gap,37
11398,75746882,75746.882,187,0,gap,37
11399,75758423,75758.423,208,0,gap,37
11400,75762671,75762.671,176,0,gap,37
11401,75766921,75766.921,186,0,gap,37
11402,75778431,75778.431,209,0,gap,37
11403,75782696,75782.696,184,0,gap,37
11404,75786945,75786.945,175,0,gap,37
11405,75798423,75798.423,236,0,gap,37
11406,75802690,75802.69,173,0,gap,37
11407,75806964,75806.964,144,0,gap,37
11408,75818431,75818.431,257,0,gap,37
11409,75822716,75822.716,144,0,gap,37
11410,75826984,75826.984,138,0,gap,37
11411,75838423,75838.423,228,0,gap,37
11412,75842714,75842.714,132,0,gap,37
11413,75846999,75846.999,171,0,gap,37
11414,75858419,75858.419,189,0,gap,37
11415,75862723,75862.723,151,0,gap,37
11416,75867015,75867.015,170,0,gap,37
11417,75878415,75878.415,203,0,gap,37
11418,75882725,75882.725,172,0,gap,37
11419,75887030,75887.03,148,0,gap,37
11420,75898419,75898.419,212,0,gap,37
11421,75902739,75902.739,152,0,gap,37
11422,75907046,75907.046,119,0,gap,37
11423,75918419,75918.419,229,0,gap,37
11424,75922746,75922.746,118,0,gap,37
11425,75929851,75929.851,161,0,gap,37
11426,75933918,75933.918,146,0,gap,37
11427,75948423,75948.423,234,1,pulse,38
11428,75952585,75952.585,4095,1,pulse,38
11429,75956602,75956.602,4095,1,pulse,38
11430,75968428,75968.428,4095,1,pulse,38
11431,75972453,75972.453,4095,1,pulse,38
11432,75976464,75976.464,4095,1,pulse,38
11433,75988425,75988.425,4095,0,gap,38
11434,75992675,75992.675,3053,0,gap,38
11435,75996789,75996.789,2896,0,gap,38
11436,76008433,76008.433,2763,0,gap,38
11437,76012554,76012.554,2742,0,gap,38
11438,76016676,76016.676,2720,0,gap,38
11439,76028425,76028.425,2679,0,gap,38
11440,76032558,76032.558,2639,0,gap,38
11441,76036686,76036.686,2627,0,gap,38
11442,76048433,76048.433,2608,0,gap,38
11443,76052580,76052.58,2559,0,gap,38
11444,76056718,76056.718,2554,0,gap,38
11445,76068425,76068.425,2526,0,gap,38
11446,76072578,76072.578,2515,0,gap,38
11447,76078423,76078.423,2494,0,gap,38
11448,76088432,76088.432,2464,0,gap,38
11449,76092605,76092.605,2443,0,gap,38
11450,76098431,76098.431,2429,0,gap,38
11451,76108424,76108.424,2406,0,gap,38
11452,76112629,76112.629,2384,0,gap,38
11453,76118423,76118.423,2366,0,gap,38
11454,76128432,76128.432,2331,0,gap,38
11455,76132650,76132.65,2318,0,gap,38
11456,76138431,76138.431,2299,0,gap,38
11457,76148424,76148.424,2263,0,gap,38
11458,76152651,76152.651,2246,0,gap,38
11459,76158428,76158.428,2231,0,gap,38
11460,76168432,76168.432,2222,0,gap,38
11461,76172677,76172.677,2198,0,gap,38
11462,76178432,76178.432,2169,0,gap,38
11463,76188425,76188.425,2155,0,gap,38
11464,76192691,76192.691,2135,0,gap,38
11465,76198424,76198.424,2113,0,gap,38
11466,76208433,76208.433,2083,0,gap,38
11467,76212709,76212.709,2067,0,gap,38
11468,76218432,76218.432,2054,0,gap,38
11469,76228425,76228.425,2019,0,gap,38
11470,76232715,76232.715,2001,0,gap,38
11471,76238424,76238.424,2005,0,gap,38
11472,76248433,76248.433,1969,0,gap,38
11473,76252729,76252.729,1941,0,gap,38
11474,76268419,76268.419,1922,0,gap,38
11475,76272726,76272.726,1905,0,gap,38
11476,76277024,76277.024,1902,0,gap,38
11477,76288423,76288.423,1875,0,gap,38
11478,76292736,76292.736,1856,0,gap,38
11479,76297043,76297.043,1843,0,gap,38
11480,76308431,76308.431,1809,0,gap,38
11481,76312758,76312.758,1803,0,gap,38
11482,76317075,76317.075,1783,0,gap,38
11483,76328424,76328.424,1776,0,gap,38
11484,76332755,76332.755,1741,0,gap,38
11485,76337083,76337.083,1712,0,gap,38
11486,76348432,76348.432,1717,0,gap,38
11487,76352773,76352.773,1693,0,gap,38
11488,76359874,76359.874,1666,0,gap,38
11489,76363944,76363.944,1659,0,gap,38
11490,76378432,76378.432,1623,0,gap,38
11491,76382517,76382.517,1621,0,gap,38
11492,76386601,76386.601,1599,0,gap,38
11493,76398424,76398.424,1594,0,gap,38
11494,76402521,76402.521,1579,0,gap,38
11495,76406614,76406.614,1535,0,gap,38
11496,76418432,76418.432,1525,0,gap,38
11497,76422544,76422.544,1513,0,gap,38
11498,76426651,76426.651,1490,0,gap,38
11499,76438424,76438.424,1479,0,gap,38
11500,76442547,76442.547,1455,0,gap,38
11501,76446667,76446.667,1453,0,gap,38
11502,76458432,76458.432,1429,0,gap,38
11503,76462565,76462.565,1424,0,gap,38
11504,76466694,76466.694,1401,0,gap,38
11505,76478424,76478.424,1393,0,gap,38
11506,76482568,76482.568,1374,0,gap,38
11507,76486711,76486.711,1355,0,gap,38
11508,76498432,76498.432,1351,0,gap,38
11509,76502590,76502.59,1334,0,gap,38
11510,76506736,76506.736,1290,0,gap,38
11511,76518424,76518.424,1302,0,gap,38
11512,76522594,76522.594,1276,0,gap,38
11513,76526799,76526.799,1263,0,gap,38
11514,76538432,76538.432,1264,0,gap,38
11515,76542643,76542.643,1229,0,gap,38
11516,76546841,76546.841,1246,0,gap,38
11517,76558425,76558.425,1205,0,gap,38
11518,76562646,76562.646,1195,0,gap,38
11519,76566859,76566.859,1175,0,gap,38
11520,76578433,76578.433,1168,0,gap,38
11521,76582660,76582.66,1170,0,gap,38
11522,76586887,76586.887,1150,0,gap,38
11523,76598429,76598.429,1141,0,gap,38
11524,76602675,76602.675,1117,0,gap,38
11525,76606922,76606.922,1107,0,gap,38
11526,76618433,76618.433,1090,0,gap,38
11527,76622701,76622.701,1077,0,gap,38
11528,76628415,76628.415,1059,0,gap,38
11529,76638424,76638.424,1061,0,gap,38
11530,76642701,76642.701,1019,0,gap,38
11531,76648423,76648.423,1053,0,gap,38
11532,76658432,76658.432,1023,0,gap,38
11533,76662719,76662.719,1003,0,gap,38
11534,76668431,76668.431,991,0,gap,38
11535,76678424,76678.424,982,0,gap,38
11536,76682720,76682.72,991,0,gap,38
11537,76688423,76688.423,958,0,gap,38
11538,76698432,76698.432,959,0,gap,38
11539,76702742,76702.742,931,0,gap,38
11540,76708419,76708.419,921,0,gap,38
11541,76718424,76718.424,938,0,gap,38
11542,76722740,76722.74,903,0,gap,38
11543,76728411,76728.411,899,0,gap,38
11544,76738432,76738.432,894,0,gap,38
11545,76742762,76742.762,858,0,gap,38
11546,76747082,76747.082,877,0,gap,38
11547,76758425,76758.425,848,0,gap,38
11548,76762760,76762.76,848,0,gap,38
11549,76767091,76767.091,838,0,gap,38
11550,76774202,76774.202,826,0,gap,38
11551,76788425,76788.425,843,0,gap,38
11552,76792498,76792.498,789,0,gap,38
11553,76796568,76796.568,805,0,gap,38
11554,76808431,76808.431,808,0,gap,38
11555,76812526,76812.526,780,0,gap,38
11556,76816612,76816.612,790,0,gap,38
11557,76828423,76828.423,770,0,gap,38
11558,76832524,76832.524,752,0,gap,38
11559,76836622,76836.622,752,0,gap,38
11560,76848431,76848.431,773,0,gap,38
11561,76852551,76852.551,741,0,gap,38
11562,76856658,76856.658,720,0,gap,38
11563,76868423,76868.423,747,0,gap,38
11564,76872547,76872.547,694,0,gap,38
11565,76876674,76876.674,690,0,gap,38
11566,76888431,76888.431,726,0,gap,38
11567,76892572,76892.572,672,0,gap,38
11568,76896701,76896.701,691,0,gap,38
11569,76908423,76908.423,683,0,gap,38
11570,76912567,76912.567,651,0,gap,38
11571,76916719,76916.719,666,0,gap,38
11572,76928431,76928.431,661,0,gap,38
11573,76932593,76932.593,656,0,gap,38
11574,76936744,76936.744,631,0,gap,38
11575,76948423,76948.423,687,0,gap,38
11576,76952619,76952.619,615,0,gap,38
11577,76956823,76956.823,611,0,gap,38
11578,76968431,76968.431,656,0,gap,38
11579,76972646,76972.646,601,0,gap,38
11580,76976849,76976.849,592,0,gap,38
11581,76988423,76988.423,626,0,gap,38
11582,76992645,76992.645,571,0,gap,38
11583,76996865,76996.865,591,0,gap,38
11584,77008431,77008.431,587,0,gap,38
11585,77012671,77012.671,574,0,gap,38
11586,77016902,77016.902,577,0,gap,38
11587,77028427,77028.427,576,0,gap,38
11588,77032685,77032.685,563,0,gap,38
11589,77036945,77036.945,549,0,gap,38
11590,77048431,77048.431,594,0,gap,38
11591,77052706,77052.706,546,0,gap,38
11592,77056968,77056.968,501,0,gap,38
11593,77068423,77068.423,587,0,gap,38
11594,77072700,77072.7,499,0,gap,38
11595,77076980,77076.98,506,0,gap,38
11596,77088431,77088.431,545,0,gap,38
11597,77092726,77092.726,475,0,gap,38
11598,77097011,77097.011,511,0,gap,38
11599,77108415,77108.415,511,0,gap,38
11600,77112711,77112.711,490,0,gap,38
11601,77117011,77117.011,495,0,gap,38
11602,77128419,77128.419,505,0,gap,38
11603,77132737,77132.737,486,0,gap,38
11604,77137038,77137.038,463,0,gap,38
11605,77148415,77148.415,511,0,gap,38
11606,77152731,77152.731,470,0,gap,38
11607,77157050,77157.05,445,0,gap,38
11608,77168419,77168.419,523,0,gap,38
11609,77172757,77172.757,441,0,gap,38
11610,77177078,77177.078,434,0,gap,38
11611,77188411,77188.411,474,0,gap,38
11612,77192747,77192.747,410,0,gap,38
11613,77199847,77199.847,463,0,gap,38
11614,77203916,77203.916,419,0,gap,38
11615,77218423,77218.423,497,0,gap,38
11616,77222500,77222.5,394,0,gap,38
11617,77226588,77226.588,395,0,gap,38
11618,77238431,77238.431,471,0,gap,38
11619,77242537,77242.537,384,0,gap,38
11620,77246625,77246.625,420,0,gap,38
11621,77258423,77258.423,430,0,gap,38
11622,77262528,77262.528,387,0,gap,38
11623,77266638,77266.638,399,0,gap,38
11624,77278431,77278.431,414,0,gap,38
11625,77282562,77282.562,393,0,gap,38
11626,77286677,77286.677,375,0,gap,38
11627,77298423,77298.423,453,0,gap,38
11628,77302552,77302.552,370,0,gap,38
11629,77306685,77306.685,343,0,gap,38
11630,77318431,77318.431,438,0,gap,38
11631,77322578,77322.578,347,0,gap,38
11632,77326713,77326.713,335,0,gap,38
11633,77338423,77338.423,415,0,gap,38
11634,77342577,77342.577,321,0,gap,38
11635,77346731,77346.731,357,0,gap,38
11636,77358431,77358.431,388,0,gap,38
11637,77362604,77362.604,334,0,gap,38
11638,77366801,77366.801,345,0,gap,38
11639,77378423,77378.423,393,0,gap,38
11640,77382629,77382.629,335,0,gap,38
11641,77386835,77386.835,333,0,gap,38
11642,77398431,77398.431,393,0,gap,38
11643,77402653,77402.653,330,0,gap,38
11644,77406861,77406.861,301,0,gap,38
11645,77418423,77418.423,410,0,gap,38
11646,77422650,77422.65,297,0,gap,38
11647,77426881,77426.881,297,0,gap,38
11648,77438431,77438.431,368,0,gap,38
11649,77442680,77442.68,283,0,gap,38
11650,77446923,77446.923,312,0,gap,38
11651,77458427,77458.427,336,0,gap,38
11652,77462690,77462.69,298,0,gap,38
11653,77466957,77466.957,320,0,gap,38
11654,77478431,77478.431,338,0,gap,38
11655,77482712,77482.712,303,0,gap,38
11656,77486980,77486.98,283,0,gap,38
11657,77498423,77498.423,357,0,gap,38
11658,77502706,77502.706,287,0,gap,38
11659,77506992,77506.992,259,0,gap,38
11660,77518431,77518.431,356,0,gap,38
11661,77522732,77522.732,265,0,gap,38
11662,77527023,77527.023,245,0,gap,38
11663,77538415,77538.415,349,0,gap,38
11664,77542717,77542.717,247,0,gap,38
11665,77547023,77547.023,278,0,gap,38
11666,77558419,77558.419,289,0,gap,38
11667,77562743,77562.743,262,0,gap,38
11668,77567050,77567.05,272,0,gap,38
11669,77578415,77578.415,303,0,gap,38
11670,77582737,77582.737,265,0,gap,38
11671,77587062,77587.062,240,0,gap,38
11672,77598419,77598.419,323,0,gap,38
11673,77602763,77602.763,258,0,gap,38
11674,77607089,77607.089,235,0,gap,38
11675,77614193,77614.193,275,0,gap,38
11676,77618288,77618.288,245,0,gap,38
11677,77628425,77628.425,277,0,gap,38
11678,77632503,77632.503,240,0,gap,38
11679,77638424,77638.424,245,0,gap,38
11680,77648433,77648.433,296,0,gap,38
11681,77652531,77652.531,229,0,gap,38
11682,77658432,77658.432,213,0,gap,38
11683,77668429,77668.429,302,0,gap,38
11684,77672530,77672.53,210,0,gap,38
11685,77678424,77678.424,237,0,gap,38
11686,77688433,77688.433,258,0,gap,38
11687,77692552,77692.552,189,0,gap,38
11688,77698432,77698.432,257,0,gap,38
11689,77708425,77708.425,240,0,gap,38
11690,77712555,77712.555,208,0,gap,38
11691,77718424,77718.424,227,0,gap,38
11692,77728432,77728.432,240,0,gap,38
11693,77732573,77732.573,213,0,gap,38
11694,77738432,77738.432,208,0,gap,38
11695,77748424,77748.424,272,0,gap,38
11696,77752576,77752.576,193,0,gap,38
11697,77758424,77758.424,177,0,gap,38
11698,77768432,77768.432,283,0,gap,38
11699,77772599,77772.599,174,0,gap,38
11700,77778432,77778.432,197,0,gap,38
11701,77788424,77788.424,252,0,gap,38
11702,77792628,77792.628,160,0,gap,38
11703,77798423,77798.423,211,0,gap,38
11704,77808432,77808.432,219,0,gap,38
11705,77812651,77812.651,183,0,gap,38
11706,77818431,77818.431,214,0,gap,38
11707,77828424,77828.424,222,0,gap,38
11708,77832649,77832.649,194,0,gap,38
11709,77838423,77838.423,182,0,gap,38
11710,77848432,77848.432,239,0,gap,38
11711,77852675,77852.675,168,0,gap,38
11712,77858431,77858.431,158,0,gap,38
11713,77868424,77868.424,261,0,gap,38
11714,77872688,77872.688,167,0,gap,38
11715,77878427,77878.427,180,0,gap,38
11716,77888432,77888.432,230,0,gap,38
11717,77892706,77892.706,131,0,gap,38
11718,77898419,77898.419,207,0,gap,38
11719,77908424,77908.424,182,0,gap,38
11720,77912708,77912.708,169,0,gap,38
11721,77918411,77918.411,186,0,gap,38
11722,77928432,77928.432,203,0,gap,38
11723,77932725,77932.725,169,0,gap,38
11724,77937015,77937.015,597,1,pulse,39
11725,77948434,77948.434,4095,1,pulse,39
11726,77952679,77952.679,4095,1,pulse,39
11727,77958420,77958.42,4095,1,pulse,39
11728,77968428,77968.428,4095,1,pulse,39
11729,77972676,77972.676,4095,1,pulse,39
11730,77978428,77978.428,4095,0,gap,39
11731,77988438,77988.438,2854,0,gap,39
11732,77992775,77992.775,2829,0,gap,39
11733,77998424,77998.424,2772,0,gap,39
11734,78008433,78008.433,2725,0,gap,39
11735,78012780,78012.78,2713,0,gap,39
11736,78028431,78028.431,2650,0,gap,39
11737,78032781,78032.781,2640,0,gap,39
11738,78039938,78039.938,2602,0,gap,39
11739,78044024,78044.024,2559,0,gap,39
11740,78058432,78058.432,2546,0,gap,39
11741,78062525,78062.525,2543,0,gap,39
11742,78066615,78066.615,2518,0,gap,39
11743,78078424,78078.424,2496,0,gap,39
11744,78082530,78082.53,2467,0,gap,39
11745,78086632,78086.632,2447,0,gap,39
11746,78098436,78098.436,2419,0,gap,39
11747,78102553,78102.553,2398,0,gap,39
11748,78106669,78106.669,2389,0,gap,39
11749,78118424,78118.424,2353,0,gap,39
11750,78122551,78122.551,2334,0,gap,39
11751,78126687,78126.687,2324,0,gap,39
11752,78138432,78138.432,2295,0,gap,39
11753,78142578,78142.578,2282,0,gap,39
11754,78146712,78146.712,2255,0,gap,39
11755,78158424,78158.424,2238,0,gap,39
11756,78162573,78162.573,2217,0,gap,39
11757,78166728,78166.728,2203,0,gap,39
11758,78178432,78178.432,2167,0,gap,39
11759,78182599,78182.599,2160,0,gap,39
11760,78186753,78186.753,2129,0,gap,39
11761,78198424,78198.424,2113,0,gap,39
11762,78202604,78202.604,2078,0,gap,39
11763,78206809,78206.809,2079,0,gap,39
11764,78218432,78218.432,2047,0,gap,39
11765,78222652,78222.652,2029,0,gap,39
11766,78226859,78226.859,2015,0,gap,39
11767,78238429,78238.429,1983,0,gap,39
11768,78242652,78242.652,1969,0,gap,39
11769,78246878,78246.878,1953,0,gap,39
11770,78258433,78258.433,1936,0,gap,39
11771,78262673,78262.673,1927,0,gap,39
11772,78266902,78266.902,1904,0,gap,39
11773,78278425,78278.425,1877,0,gap,39
11774,78282676,78282.676,1857,0,gap,39
11775,78286942,78286.942,1841,0,gap,39
11776,78298433,78298.433,1809,0,gap,39
11777,78302713,78302.713,1808,0,gap,39
11778,78308419,78308.419,1785,0,gap,39
11779,78318424,78318.424,1776,0,gap,39
11780,78322706,78322.706,1757,0,gap,39
11781,78328423,78328.423,1740,0,gap,39
11782,78338432,78338.432,1701,0,gap,39
11783,78342736,78342.736,1680,0,gap,39
11784,78348431,78348.431,1682,0,gap,39
11785,78358424,78358.424,1646,0,gap,39
11786,78362726,78362.726,1647,0,gap,39
11787,78368423,78368.423,1610,0,gap,39
11788,78378432,78378.432,1599,0,gap,39
11789,78382755,78382.755,1587,0,gap,39
11790,78388431,78388.431,1562,0,gap,39
11791,78398424,78398.424,1553,0,gap,39
11792,78402745,78402.745,1535,0,gap,39
11793,78408424,78408.424,1510,0,gap,39
11794,78418437,78418.437,1493,0,gap,39
11795,78422775,78422.775,1474,0,gap,39
11796,78428432,78428.432,1472,0,gap,39
11797,78438425,78438.425,1452,0,gap,39
11798,78442765,78442.765,1427,0,gap,39
11799,78448428,78448.428,1422,0,gap,39
11800,78458433,78458.433,1394,0,gap,39
11801,78465548,78465.548,1407,0,gap,39
11802,78469625,78469.625,1367,0,gap,39
11803,78478424,78478.424,1357,0,gap,39
11804,78482511,78482.511,1348,0,gap,39
11805,78498423,78498.423,1333,0,gap,39
11806,78502527,78502.527,1309,0,gap,39
11807,78506626,78506.626,1284,0,gap,39
11808,78518432,78518.432,1283,0,gap,39
11809,78522546,78522.546,1264,0,gap,39
11810,78526660,78526.66,1245,0,gap,39
11811,78538424,78538.424,1229,0,gap,39
11812,78542553,78542.553,1212,0,gap,39
11813,78546677,78546.677,1217,0,gap,39
11814,78558432,78558.432,1189,0,gap,39
11815,78562576,78562.576,1174,0,gap,39
11816,78566712,78566.712,1169,0,gap,39
11817,78578424,78578.424,1158,0,gap,39
11818,78582574,78582.574,1150,0,gap,39
11819,78586719,78586.719,1124,0,gap,39
11820,78598432,78598.432,1123,0,gap,39
11821,78602596,78602.596,1107,0,gap,39
11822,78606752,78606.752,1082,0,gap,39
11823,78618424,78618.424,1091,0,gap,39
11824,78622595,78622.595,1075,0,gap,39
11825,78626770,78626.77,1043,0,gap,39
11826,78638436,78638.436,1041,0,gap,39
11827,78642649,78642.649,1023,0,gap,39
11828,78646857,78646.857,1005,0,gap,39
11829,78658424,78658.424,1007,0,gap,39
11830,78662645,78662.645,984,0,gap,39
11831,78666872,78666.872,989,0,gap,39
11832,78678432,78678.432,970,0,gap,39
11833,78682670,78682.67,976,0,gap,39
11834,78686895,78686.895,951,0,gap,39
11835,78698424,78698.424,944,0,gap,39
11836,78702672,78702.672,926,0,gap,39
11837,78706927,78706.927,902,0,gap,39
11838,78718432,78718.432,927,0,gap,39
11839,78722709,78722.709,892,0,gap,39
11840,78726974,78726.974,881,0,gap,39
11841,78738424,78738.424,901,0,gap,39
11842,78742707,78742.707,853,0,gap,39
11843,78746990,78746.99,851,0,gap,39
11844,78758432,78758.432,833,0,gap,39
11845,78762729,78762.729,832,0,gap,39
11846,78767013,78767.013,841,0,gap,39
11847,78778428,78778.428,835,0,gap,39
11848,78782727,78782.727,822,0,gap,39
11849,78787028,78787.028,795,0,gap,39
11850,78798432,78798.432,823,0,gap,39
11851,78802748,78802.748,783,0,gap,39
11852,78807052,78807.052,779,0,gap,39
11853,78818424,78818.424,799,0,gap,39
11854,78822742,78822.742,742,0,gap,39
11855,78827063,78827.063,753,0,gap,39
11856,78838432,78838.432,768,0,gap,39
11857,78842767,78842.767,706,0,gap,39
11858,78847095,78847.095,728,0,gap,39
11859,78858424,78858.424,715,0,gap,39
11860,78862761,78862.761,719,0,gap,39
11861,78867102,78867.102,713,0,gap,39
11862,78878431,78878.431,714,0,gap,39
11863,78885555,78885.555,701,0,gap,39
11864,78889665,78889.665,674,0,gap,39
11865,78898423,78898.423,688,0,gap,39
11866,78902515,78902.515,658,0,gap,39
11867,78908424,78908.424,647,0,gap,39
11868,78918432,78918.432,683,0,gap,39
11869,78922544,78922.544,634,0,gap,39
11870,78928432,78928.432,655,0,gap,39
11871,78938424,78938.424,646,0,gap,39
11872,78942536,78942.536,603,0,gap,39
11873,78948424,78948.424,643,0,gap,39
11874,78958436,78958.436,624,0,gap,39
11875,78962565,78962.565,614,0,gap,39
11876,78968431,78968.431,619,0,gap,39
11877,78978424,78978.424,596,0,gap,39
11878,78982565,78982.565,585,0,gap,39
11879,78988427,78988.427,589,0,gap,39
11880,78998432,78998.432,607,0,gap,39
11881,79002582,79002.582,576,0,gap,39
11882,79008431,79008.431,545,0,gap,39
11883,79018424,79018.424,608,0,gap,39
11884,79022585,79022.585,545,0,gap,39
11885,79028423,79028.423,551,0,gap,39
11886,79038432,79038.432,566,0,gap,39
11887,79042605,79042.605,522,0,gap,39
11888,79048431,79048.431,551,0,gap,39
11889,79058424,79058.424,525,0,gap,39
11890,79062642,79062.642,511,0,gap,39
11891,79068415,79068.415,549,0,gap,39
11892,79078432,79078.432,530,0,gap,39
11893,79082656,79082.656,503,0,gap,39
11894,79088415,79088.415,510,0,gap,39
11895,79098428,79098.428,546,0,gap,39
11896,79102662,79102.662,482,0,gap,39
11897,79106892,79106.892,445,0,gap,39
11898,79118433,79118.433,550,0,gap,39
11899,79122686,79122.686,455,0,gap,39
11900,79126940,79126.94,445,0,gap,39
11901,79138425,79138.425,509,0,gap,39
11902,79142699,79142.699,446,0,gap,39
11903,79146969,79146.969,461,0,gap,39
11904,79158433,79158.433,475,0,gap,39
11905,79162717,79162.717,434,0,gap,39
11906,79167000,79167.0,464,0,gap,39
11907,79178425,79178.425,463,0,gap,39
11908,79182718,79182.718,439,0,gap,39
11909,79187008,79187.008,428,0,gap,39
11910,79198432,79198.432,471,0,gap,39
11911,79202740,79202.74,429,0,gap,39
11912,79207039,79207.039,387,0,gap,39
11913,79218424,79218.424,477,0,gap,39
11914,79222738,79222.738,391,0,gap,39
11915,79227046,79227.046,385,0,gap,39
11916,79238432,79238.432,449,0,gap,39
11917,79242759,79242.759,366,0,gap,39
11918,79247078,79247.078,386,0,gap,39
11919,79258424,79258.424,406,0,gap,39
11920,79262757,79262.757,395,0,gap,39
11921,79267085,79267.085,386,0,gap,39
11922,79278436,79278.436,432,0,gap,39
11923,79282779,79282.779,390,0,gap,39
11924,79287117,79287.117,387,0,gap,39
11925,79298424,79298.424,429,0,gap,39
11926,79305567,79305.567,390,0,gap,39
11927,79309662,79309.662,338,0,gap,39
11928,79318431,79318.431,411,0,gap,39
11929,79322521,79322.521,327,0,gap,39
11930,79328432,79328.432,370,0,gap,39
11931,79338424,79338.424,390,0,gap,39
11932,79342530,79342.53,305,0,gap,39
11933,79348424,79348.424,374,0,gap,39
11934,79358432,79358.432,370,0,gap,39
11935,79362550,79362.55,327,0,gap,39
11936,79368432,79368.432,372,0,gap,39
11937,79378424,79378.424,365,0,gap,39
11938,79382560,79382.56,336,0,gap,39
11939,79388423,79388.423,320,0,gap,39
11940,79398432,79398.432,385,0,gap,39
11941,79402575,79402.575,319,0,gap,39
11942,79408431,79408.431,302,0,gap,39
11943,79418428,79418.428,395,0,gap,39
11944,79422580,79422.58,301,0,gap,39
11945,79428423,79428.423,307,0,gap,39
11946,79438432,79438.432,363,0,gap,39
11947,79442595,79442.595,289,0,gap,39
11948,79448431,79448.431,336,0,gap,39
11949,79458424,79458.424,320,0,gap,39
11950,79462603,79462.603,277,0,gap,39
11951,79468423,79468.423,325,0,gap,39
11952,79478432,79478.432,307,0,gap,39
11953,79482647,79482.647,303,0,gap,39
11954,79488423,79488.423,302,0,gap,39
11955,79498424,79498.424,346,0,gap,39
11956,79502651,79502.651,272,0,gap,39
11957,79508411,79508.411,269,0,gap,39
11958,79518432,79518.432,343,0,gap,39
11959,79522672,79522.672,248,0,gap,39
11960,79526904,79526.904,238,0,gap,39
11961,79538425,79538.425,315,0,gap,39
11962,79542679,79542.679,237,0,gap,39
11963,79546942,79546.942,260,0,gap,39
11964,79558433,79558.433,299,0,gap,39
11965,79562713,79562.713,255,0,gap,39
11966,79566985,79566.985,265,0,gap,39
11967,79578425,79578.425,289,0,gap,39
11968,79582715,79582.715,267,0,gap,39
11969,79587000,79587.0,240,0,gap,39
11970,79598437,79598.437,304,0,gap,39
11971,79602732,79602.732,240,0,gap,39
11972,79607023,79607.023,218,0,gap,39
11973,79618425,79618.425,330,0,gap,39
11974,79622730,79622.73,217,0,gap,39
11975,79627035,79627.035,208,0,gap,39
11976,79638432,79638.432,306,0,gap,39
11977,79642748,79642.748,198,0,gap,39
11978,79647058,79647.058,233,0,gap,39
11979,79658424,79658.424,261,0,gap,39
11980,79662749,79662.749,221,0,gap,39
11981,79667074,79667.074,233,0,gap,39
11982,79678432,79678.432,270,0,gap,39
11983,79682767,79682.767,229,0,gap,39
11984,79687097,79687.097,211,0,gap,39
11985,79698424,79698.424,285,0,gap,39
11986,79702773,79702.773,211,0,gap,39
11987,79707112,79707.112,181,0,gap,39
11988,79714229,79714.229,256,0,gap,39
11989,79728424,79728.424,256,0,gap,39
11990,79732508,79732.508,211,0,gap,39
11991,79736591,79736.591,198,0,gap,39
11992,79748431,79748.431,273,0,gap,39
11993,79752532,79752.532,197,0,gap,39
11994,79756628,79756.628,179,0,gap,39
11995,79768423,79768.423,287,0,gap,39
11996,79772534,79772.534,172,0,gap,39
11997,79776646,79776.646,163,0,gap,39
11998,79788431,79788.431,254,0,gap,39
11999,79792557,79792.557,169,0,gap,39
12000,79796674,79796.674,187,0,gap,39
12001,79808423,79808.423,208,0,gap,39
12002,79812561,79812.561,176,0,gap,39
12003,79816698,79816.698,190,0,gap,39
12004,79828431,79828.431,227,0,gap,39
12005,79832582,79832.582,191,0,gap,39
12006,79836721,79836.721,174,0,gap,39
12007,79848427,79848.427,252,0,gap,39
12008,79852581,79852.581,163,0,gap,39
12009,79856738,79856.738,143,0,gap,39
12010,79868431,79868.431,273,0,gap,39
12011,79872603,79872.603,145,0,gap,39
12012,79876764,79876.764,128,0,gap,39
12013,79888423,79888.423,240,0,gap,39
12014,79892629,79892.629,128,0,gap,39
12015,79896839,79896.839,171,0,gap,39
12016,79908431,79908.431,199,0,gap,39
12017,79912656,79912.656,159,0,gap,39
12018,79916873,79916.873,176,0,gap,39
12019,79928423,79928.423,199,0,gap,39
12020,79932651,79932.651,172,0,gap,39
12021,79936881,79936.881,154,0,gap,39
12022,79948431,79948.431,232,0,gap,39
12023,79952685,79952.685,151,0,gap,39
12024,79956926,79956.926,127,0,gap,39
12025,79968423,79968.423,254,0,gap,39
12026,79972690,79972.69,125,0,gap,39
12027,79976961,79976.961,132,0,gap,39
12028,79988431,79988.431,230,1,pulse,40
12029,79992812,79992.812,4095,1,pulse,40
12030,79997026,79997.026,4095,1,pulse,40
12031,80008420,80008.42,4095,1,pulse,40
12032,80012640,80012.64,4095,1,pulse,40
12033,80016868,80016.868,4095,1,pulse,40
12034,80028429,80028.429,4095,0,gap,40
12035,80032888,80032.888,2941,0,gap,40
12036,80037190,80037.19,2849,0,gap,40
12037,80048424,80048.424,2759,0,gap,40
12038,80052745,80052.745,2720,0,gap,40
12039,80057064,80057.064,2702,0,gap,40
12040,80068433,80068.433,2657,0,gap,40
12041,80072763,80072.763,2641,0,gap,40
12042,80077080,80077.08,2609,0,gap,40
12043,80088425,80088.425,2583,0,gap,40
12044,80092765,80092.765,2559,0,gap,40
12045,80097103,80097.103,2541,0,gap,40
12046,80108433,80108.433,2512,0,gap,40
12047,80112786,80112.786,2494,0,gap,40
12048,80117127,80117.127,2462,0,gap,40
12049,80128425,80128.425,2448,0,gap,40
12050,80132778,80132.778,2430,0,gap,40
12051,80139932,80139.932,2419,0,gap,40
12052,80148415,80148.415,2367,0,gap,40
12053,80152515,80152.515,2354,0,gap,40
12054,80158436,80158.436,2338,0,gap,40
12055,80168424,80168.424,2326,0,gap,40
12056,80172533,80172.533,2306,0,gap,40
12057,80178424,80178.424,2289,0,gap,40
12058,80188432,80188.432,2261,0,gap,40
12059,80192556,80192.556,2239,0,gap,40
12060,80198432,80198.432,2224,0,gap,40
12061,80208425,80208.425,2191,0,gap,40
12062,80212559,80212.559,2176,0,gap,40
12063,80218424,80218.424,2166,0,gap,40
12064,80228433,80228.433,2139,0,gap,40
12065,80232586,80232.586,2119,0,gap,40
12066,80238432,80238.432,2103,0,gap,40
12067,80248425,80248.425,2078,0,gap,40
12068,80252580,80252.58,2064,0,gap,40
12069,80258424,80258.424,2028,0,gap,40
12070,80268437,80268.437,2006,0,gap,40
12071,80272611,80272.611,1988,0,gap,40
12072,80288419,80288.419,1974,0,gap,40
12073,80292600,80292.6,1957,0,gap,40
12074,80296765,80296.765,1935,0,gap,40
12075,80308423,80308.423,1911,0,gap,40
12076,80312652,80312.652,1906,0,gap,40
12077,80316867,80316.867,1895,0,gap,40
12078,80328432,80328.432,1867,0,gap,40
12079,80332665,80332.665,1840,0,gap,40
12080,80336886,80336.886,1811,0,gap,40
12081,80348424,80348.424,1795,0,gap,40
12082,80352656,80352.656,1780,0,gap,40
12083,80356892,80356.892,1755,0,gap,40
12084,80368432,80368.432,1759,0,gap,40
12085,80372686,80372.686,1728,0,gap,40
12086,80376939,80376.939,1711,0,gap,40
12087,80388424,80388.424,1690,0,gap,40
12088,80392700,80392.7,1675,0,gap,40
12089,80396976,80396.976,1670,0,gap,40
12090,80408432,80408.432,1643,0,gap,40
12091,80412722,80412.722,1627,0,gap,40
12092,80417003,80417.003,1610,0,gap,40
12093,80428424,80428.424,1585,0,gap,40
12094,80432716,80432.716,1582,0,gap,40
12095,80437015,80437.015,1559,0,gap,40
12096,80448432,80448.432,1535,0,gap,40
12097,80452750,80452.75,1523,0,gap,40
12098,80457050,80457.05,1487,0,gap,40
12099,80468424,80468.424,1489,0,gap,40
12100,80472736,80472.736,1467,0,gap,40
12101,80477050,80477.05,1456,0,gap,40
12102,80488437,80488.437,1425,0,gap,40
12103,80492769,80492.769,1424,0,gap,40
12104,80497090,80497.09,1421,0,gap,40
12105,80508425,80508.425,1391,0,gap,40
12106,80512759,80512.759,1376,0,gap,40
12107,80517097,80517.097,1370,0,gap,40
12108,80528433,80528.433,1344,0,gap,40
12109,80532781,80532.781,1334,0,gap,40
12110,80537121,80537.121,1313,0,gap,40
12111,80548425,80548.425,1293,0,gap,40
12112,80552779,80552.779,1298,0,gap,40
12113,80559907,80559.907,1264,0,gap,40
12114,80564018,80564.018,1271,0,gap,40
12115,80578425,80578.425,1245,0,gap,40
12116,80582515,80582.515,1232,0,gap,40
12117,80586612,80586.612,1218,0,gap,40
12118,80598436,80598.436,1206,0,gap,40
12119,80602554,80602.554,1190,0,gap,40
12120,80606660,80606.66,1179,0,gap,40
12121,80618424,80618.424,1158,0,gap,40
12122,80622545,80622.545,1143,0,gap,40
12123,80626672,80626.672,1119,0,gap,40
12124,80638432,80638.432,1123,0,gap,40
12125,80642567,80642.567,1079,0,gap,40
12126,80646704,80646.704,1099,0,gap,40
12127,80658424,80658.424,1077,0,gap,40
12128,80662575,80662.575,1075,0,gap,40
12129,80666725,80666.725,1063,0,gap,40
12130,80678432,80678.432,1057,0,gap,40
12131,80682589,80682.589,1049,0,gap,40
12132,80686742,80686.742,1017,0,gap,40
12133,80698424,80698.424,1035,0,gap,40
12134,80702596,80702.596,977,0,gap,40
12135,80706762,80706.762,960,0,gap,40
12136,80718432,80718.432,995,0,gap,40
12137,80722611,80722.611,951,0,gap,40
12138,80726813,80726.813,944,0,gap,40
12139,80738424,80738.424,945,0,gap,40
12140,80742648,80742.648,906,0,gap,40
12141,80746862,80746.862,927,0,gap,40
12142,80758432,80758.432,912,0,gap,40
12143,80762666,80762.666,908,0,gap,40
12144,80766897,80766.897,907,0,gap,40
12145,80778424,80778.424,885,0,gap,40
12146,80782664,80782.664,876,0,gap,40
12147,80786900,80786.9,856,0,gap,40
12148,80798432,80798.432,875,0,gap,40
12149,80802690,80802.69,848,0,gap,40
12150,80806954,80806.954,814,0,gap,40
12151,80818424,80818.424,847,0,gap,40
12152,80822708,80822.708,795,0,gap,40
12153,80826983,80826.983,796,0,gap,40
12154,80838432,80838.432,816,0,gap,40
12155,80842722,80842.722,775,0,gap,40
12156,80847015,80847.015,785,0,gap,40
12157,80858423,80858.423,765,0,gap,40
12158,80862727,80862.727,757,0,gap,40
12159,80867026,80867.026,767,0,gap,40
12160,80878431,80878.431,753,0,gap,40
12161,80882749,80882.749,747,0,gap,40
12162,80887054,80887.054,726,0,gap,40
12163,80898423,80898.423,770,0,gap,40
12164,80902747,80902.747,704,0,gap,40
12165,80907061,80907.061,693,0,gap,40
12166,80918435,80918.435,735,0,gap,40
12167,80922768,80922.768,682,0,gap,40
12168,80927097,80927.097,673,0,gap,40
12169,80938423,80938.423,702,0,gap,40
12170,80942766,80942.766,650,0,gap,40
12171,80947104,80947.104,657,0,gap,40
12172,80958415,80958.415,657,0,gap,40
12173,80962768,80962.768,646,0,gap,40
12174,80967116,80967.116,642,0,gap,40
12175,80978411,80978.411,655,0,gap,40
12176,80985549,80985.549,655,0,gap,40
12177,80989663,80989.663,608,0,gap,40
12178,80998431,80998.431,659,0,gap,40
12179,81002531,81002.531,609,0,gap,40
12180,81008432,81008.432,594,0,gap,40
12181,81018424,81018.424,634,0,gap,40
12182,81022540,81022.54,576,0,gap,40
12183,81028424,81028.424,592,0,gap,40
12184,81038432,81038.432,612,0,gap,40
12185,81042556,81042.556,554,0,gap,40
12186,81048432,81048.432,600,0,gap,40
12187,81058424,81058.424,566,0,gap,40
12188,81062566,81062.566,559,0,gap,40
12189,81068423,81068.423,575,0,gap,40
12190,81078432,81078.432,575,0,gap,40
12191,81082588,81082.588,547,0,gap,40
12192,81088431,81088.431,530,0,gap,40
12193,81098424,81098.424,561,0,gap,40
12194,81102578,81102.578,541,0,gap,40
12195,81108423,81108.423,505,0,gap,40
12196,81118432,81118.432,576,0,gap,40
12197,81122605,81122.605,496,0,gap,40
12198,81128435,81128.435,497,0,gap,40
12199,81138424,81138.424,533,0,gap,40
12200,81142609,81142.609,471,0,gap,40
12201,81148423,81148.423,511,0,gap,40
12202,81158432,81158.432,497,0,gap,40
12203,81162657,81162.657,474,0,gap,40
12204,81168415,81168.415,483,0,gap,40
12205,81178424,81178.424,496,0,gap,40
12206,81182653,81182.653,464,0,gap,40
12207,81186889,81186.889,449,0,gap,40
12208,81198433,81198.433,511,0,gap,40
12209,81202687,81202.687,445,0,gap,40
12210,81206925,81206.925,423,0,gap,40
12211,81218425,81218.425,496,0,gap,40
12212,81222681,81222.681,402,0,gap,40
12213,81226959,81226.959,407,0,gap,40
12214,81238437,81238.437,470,0,gap,40
12215,81242727,81242.727,400,0,gap,40
12216,81247005,81247.005,423,0,gap,40
12217,81258425,81258.425,448,0,gap,40
12218,81262713,81262.713,405,0,gap,40
12219,81267004,81267.004,413,0,gap,40
12220,81278433,81278.433,433,0,gap,40
12221,81282738,81282.738,425,0,gap,40
12222,81287031,81287.031,390,0,gap,40
12223,81298424,81298.424,441,0,gap,40
12224,81302736,81302.736,396,0,gap,40
12225,81307051,81307.051,355,0,gap,40
12226,81318432,81318.432,464,0,gap,40
12227,81322758,81322.758,367,0,gap,40
12228,81327074,81327.074,368,0,gap,40
12229,81338424,81338.424,423,0,gap,40
12230,81342759,81342.759,336,0,gap,40
12231,81347094,81347.094,372,0,gap,40
12232,81358432,81358.432,394,0,gap,40
12233,81362777,81362.777,363,0,gap,40
12234,81367109,81367.109,366,0,gap,40
12235,81378424,81378.424,384,0,gap,40
12236,81382775,81382.775,365,0,gap,40
12237,81387128,81387.128,343,0,gap,40
12238,81394247,81394.247,354,0,gap,40
12239,81408418,81408.418,381,0,gap,40
12240,81412508,81412.508,331,0,gap,40
12241,81416601,81416.601,351,0,gap,40
12242,81428431,81428.431,359,0,gap,40
12243,81432542,81432.542,346,0,gap,40
12244,81436648,81436.648,318,0,gap,40
12245,81448423,81448.423,397,0,gap,40
12246,81452548,81452.548,322,0,gap,40
12247,81456666,81456.666,288,0,gap,40
12248,81468431,81468.431,391,0,gap,40
12249,81472567,81472.567,278,0,gap,40
12250,81476694,81476.694,278,0,gap,40
12251,81488423,81488.423,373,0,gap,40
12252,81492571,81492.571,268,0,gap,40
12253,81496713,81496.713,303,0,gap,40
12254,81508431,81508.431,321,0,gap,40
12255,81512592,81512.592,298,0,gap,40
12256,81516741,81516.741,288,0,gap,40
12257,81528423,81528.423,335,0,gap,40
12258,81532587,81532.587,297,0,gap,40
12259,81536750,81536.75,272,0,gap,40
12260,81548431,81548.431,357,0,gap,40
12261,81552613,81552.613,273,0,gap,40
12262,81556784,81556.784,240,0,gap,40
12263,81568423,81568.423,349,0,gap,40
12264,81572639,81572.639,245,0,gap,40
12265,81576859,81576.859,248,0,gap,40
12266,81588431,81588.431,334,0,gap,40
12267,81592665,81592.665,233,0,gap,40
12268,81596888,81596.888,259,0,gap,40
12269,81608423,81608.423,286,0,gap,40
12270,81612660,81612.66,242,0,gap,40
12271,81616901,81616.901,257,0,gap,40
12272,81628431,81628.431,293,0,gap,40
12273,81632694,81632.694,267,0,gap,40
12274,81636945,81636.945,242,0,gap,40
12275,81648423,81648.423,309,0,gap,40
12276,81652700,81652.7,241,0,gap,40
12277,81656976,81656.976,208,0,gap,40
12278,81668435,81668.435,324,0,gap,40
12279,81672730,81672.73,209,0,gap,40
12280,81677012,81677.012,221,0,gap,40
12281,81688423,81688.423,298,0,gap,40
12282,81692720,81692.72,208,0,gap,40
12283,81697015,81697.015,232,0,gap,40
12284,81708419,81708.419,256,0,gap,40
12285,81712729,81712.729,218,0,gap,40
12286,81717027,81717.027,224,0,gap,40
12287,81728415,81728.415,275,0,gap,40
12288,81732731,81732.731,237,0,gap,40
12289,81737050,81737.05,209,0,gap,40
12290,81748419,81748.419,282,0,gap,40
12291,81752749,81752.749,218,0,gap,40
12292,81757066,81757.066,187,0,gap,40
12293,81768415,81768.415,292,0,gap,40
12294,81772755,81772.755,181,0,gap,40
12295,81777094,81777.094,172,0,gap,40
12296,81788415,81788.415,267,0,gap,40
12297,81792768,81792.768,176,0,gap,40
12298,81797105,81797.105,193,0,gap,40
12299,81808411,81808.411,240,0,gap,40
12300,81812768,81812.768,197,0,gap,40
12301,81819912,81819.912,242,0,gap,40
12302,81824001,81824.001,167,0,gap,40
12303,81838423,81838.423,263,0,gap,40
12304,81842519,81842.519,157,0,gap,40
12305,81846628,81846.628,189,0,gap,40
12306,81858431,81858.431,229,1,pulse,41
12307,81862643,81862.643,4095,1,pulse,41
12308,81866692,81866.692,4095,1,pulse,41
12309,81878420,81878.42,4095,1,pulse,41
12310,81882482,81882.482,4095,1,pulse,41
12311,81886546,81886.546,4095,1,pulse,41
12312,81898429,81898.429,4095,0,gap,41
12313,81902734,81902.734,2960,0,gap,41
12314,81906890,81906.89,2891,0,gap,41
12315,81918425,81918.425,2752,0,gap,41
12316,81922583,81922.583,2727,0,gap,41
12317,81926750,81926.75,2704,0,gap,41
12318,81938433,81938.433,2655,0,gap,41
12319,81942613,81942.613,2631,0,gap,41
12320,81946785,81946.785,2610,0,gap,41
12321,81958425,81958.425,2584,0,gap,41
12322,81962604,81962.604,2559,0,gap,41
12323,81966791,81966.791,2544,0,gap,41
12324,81978433,81978.433,2509,0,gap,41
12325,81982640,81982.64,2504,0,gap,41
12326,81988419,81988.419,2459,0,gap,41
12327,81998424,81998.424,2459,0,gap,41
12328,82002659,82002.659,2434,0,gap,41
12329,82008423,82008.423,2406,0,gap,41
12330,82018436,82018.436,2379,0,gap,41
12331,82022688,82022.688,2365,0,gap,41
12332,82028431,82028.431,2351,0,gap,41
12333,82038424,82038.424,2309,0,gap,41
12334,82042677,82042.677,2306,0,gap,41
12335,82048423,82048.423,2275,0,gap,41
12336,82058432,82058.432,2254,0,gap,41
12337,82062715,82062.715,2241,0,gap,41
12338,82068432,82068.432,2224,0,gap,41
12339,82078424,82078.424,2207,0,gap,41
12340,82082721,82082.721,2175,0,gap,41
12341,82088428,82088.428,2160,0,gap,41
12342,82098432,82098.432,2139,0,gap,41
12343,82102746,82102.746,2125,0,gap,41
12344,82108432,82108.432,2110,0,gap,41
12345,82118425,82118.425,2074,0,gap,41
12346,82122741,82122.741,2047,0,gap,41
12347,82128424,82128.424,2042,0,gap,41
12348,82138433,82138.433,2004,0,gap,41
12349,82142762,82142.762,2005,0,gap,41
12350,82148432,82148.432,1979,0,gap,41
12351,82158425,82158.425,1951,0,gap,41
12352,82162765,82162.765,1935,0,gap,41
12353,82178423,82178.423,1903,0,gap,41
12354,82182765,82182.765,1891,0,gap,41
12355,82187107,82187.107,1877,0,gap,41
12356,82198431,82198.431,1857,0,gap,41
12357,82202795,82202.795,1837,0,gap,41
12358,82207138,82207.138,1815,0,gap,41
12359,82218423,82218.423,1803,0,gap,41
12360,82222785,82222.785,1774,0,gap,41
12361,82227150,82227.15,1756,0,gap,41
12362,82238436,82238.436,1741,0,gap,41
12363,82242807,82242.807,1727,0,gap,41
12364,82249955,82249.955,1713,0,gap,41
12365,82254054,82254.054,1680,0,gap,41
12366,82268432,82268.432,1673,0,gap,41
12367,82272546,82272.546,1637,0,gap,41
12368,82276668,82276.668,1631,0,gap,41
12369,82288424,82288.424,1619,0,gap,41
12370,82292551,82292.551,1597,0,gap,41
12371,82296678,82296.678,1591,0,gap,41
12372,82308432,82308.432,1557,0,gap,41
12373,82312574,82312.574,1535,0,gap,41
12374,82316715,82316.715,1535,0,gap,41
12375,82328424,82328.424,1517,0,gap,41
12376,82332581,82332.581,1488,0,gap,41
12377,82336730,82336.73,1488,0,gap,41
12378,82348436,82348.436,1475,0,gap,41
12379,82352599,82352.599,1452,0,gap,41
12380,82356762,82356.762,1429,0,gap,41
12381,82368424,82368.424,1430,0,gap,41
12382,82372601,82372.601,1402,0,gap,41
12383,82376774,82376.774,1384,0,gap,41
12384,82388432,82388.432,1382,0,gap,41
12385,82392624,82392.624,1357,0,gap,41
12386,82396800,82396.8,1338,0,gap,41
12387,82408424,82408.424,1328,0,gap,41
12388,82412624,82412.624,1318,0,gap,41
12389,82416863,82416.863,1297,0,gap,41
12390,82428432,82428.432,1299,0,gap,41
12391,82432676,82432.676,1277,0,gap,41
12392,82436909,82436.909,1258,0,gap,41
12393,82448425,82448.425,1258,0,gap,41
12394,82452676,82452.676,1231,0,gap,41
12395,82456923,82456.923,1200,0,gap,41
12396,82468433,82468.433,1203,0,gap,41
12397,82472690,82472.69,1173,0,gap,41
12398,82476947,82476.947,1163,0,gap,41
12399,82488425,82488.425,1159,0,gap,41
12400,82492708,82492.708,1137,0,gap,41
12401,82496985,82496.985,1148,0,gap,41
12402,82508433,82508.433,1121,0,gap,41
12403,82512730,82512.73,1117,0,gap,41
12404,82517023,82517.023,1094,0,gap,41
12405,82528429,82528.429,1090,0,gap,41
12406,82532736,82532.736,1067,0,gap,41
12407,82538415,82538.415,1059,0,gap,41
12408,82548432,82548.432,1061,0,gap,41
12409,82552749,82552.749,1015,0,gap,41
12410,82558435,82558.435,1008,0,gap,41
12411,82568424,82568.424,1031,0,gap,41
12412,82572755,82572.755,983,0,gap,41
12413,82578423,82578.423,991,0,gap,41
12414,82588432,82588.432,970,0,gap,41
12415,82592772,82592.772,949,0,gap,41
12416,82598431,82598.431,966,0,gap,41
12417,82608424,82608.424,926,0,gap,41
12418,82612774,82612.774,925,0,gap,41
12419,82618423,82618.423,927,0,gap,41
12420,82628432,82628.432,912,0,gap,41
12421,82632791,82632.791,901,0,gap,41
12422,82638419,82638.419,880,0,gap,41
12423,82648424,82648.424,899,0,gap,41
12424,82652793,82652.793,880,0,gap,41
12425,82658411,82658.411,849,0,gap,41
12426,82665551,82665.551,868,0,gap,41
12427,82678424,82678.424,853,0,gap,41
12428,82682527,82682.527,828,0,gap,41
12429,82686631,82686.631,816,0,gap,41
12430,82698431,82698.431,829,0,gap,41
12431,82702556,82702.556,793,0,gap,41
12432,82706680,82706.68,789,0,gap,41
12433,82718423,82718.423,802,0,gap,41
12434,82722558,82722.558,759,0,gap,41
12435,82726690,82726.69,759,0,gap,41
12436,82738431,82738.431,768,0,gap,41
12437,82742585,82742.585,736,0,gap,41
12438,82746722,82746.722,737,0,gap,41
12439,82758423,82758.423,745,0,gap,41
12440,82762581,82762.581,726,0,gap,41
12441,82766741,82766.741,719,0,gap,41
12442,82778435,82778.435,724,0,gap,41
12443,82782606,82782.606,714,0,gap,41
12444,82786769,82786.769,688,0,gap,41
12445,82798423,82798.423,721,0,gap,41
12446,82802605,82802.605,682,0,gap,41
12447,82806786,82806.786,656,0,gap,41
12448,82818431,82818.431,719,0,gap,41
12449,82822627,82822.627,657,0,gap,41
12450,82826808,82826.808,634,0,gap,41
12451,82838423,82838.423,674,0,gap,41
12452,82842653,82842.653,624,0,gap,41
12453,82846887,82846.887,641,0,gap,41
12454,82858431,82858.431,640,0,gap,41
12455,82862680,82862.68,630,0,gap,41
12456,82866916,82866.916,624,0,gap,41
12457,82878423,82878.423,630,0,gap,41
12458,82882678,82882.678,611,0,gap,41
12459,82886933,82886.933,591,0,gap,41
12460,82898431,82898.431,624,0,gap,41
12461,82902704,82902.704,581,0,gap,41
12462,82906965,82906.965,561,0,gap,41
12463,82918423,82918.423,622,0,gap,41
12464,82922718,82922.718,553,0,gap,41
12465,82927012,82927.012,549,0,gap,41
12466,82938419,82938.419,587,0,gap,41
12467,82942724,82942.724,545,0,gap,41
12468,82947016,82947.016,551,0,gap,41
12469,82958419,82958.419,548,0,gap,41
12470,82962726,82962.726,538,0,gap,41
12471,82967039,82967.039,531,0,gap,41
12472,82978419,82978.419,555,0,gap,41
12473,82982743,82982.743,530,0,gap,41
12474,82987063,82987.063,499,0,gap,41
12475,82998415,82998.415,555,0,gap,41
12476,83002745,83002.745,496,0,gap,41
12477,83007074,83007.074,469,0,gap,41
12478,83018415,83018.415,545,0,gap,41
12479,83022763,83022.763,470,0,gap,41
12480,83027102,83027.102,460,0,gap,41
12481,83038411,83038.411,511,0,gap,41
12482,83042761,83042.761,445,0,gap,41
12483,83047109,83047.109,466,0,gap,41
12484,83058415,83058.415,492,0,gap,41
12485,83062786,83062.786,463,0,gap,41
12486,83067141,83067.141,459,0,gap,41
12487,83078411,83078.411,495,0,gap,41
12488,83082781,83082.781,451,0,gap,41
12489,83089908,83089.908,448,0,gap,41
12490,83094007,83094.007,427,0,gap,41
12491,83108423,83108.423,455,0,gap,41
12492,83112534,83112.534,427,0,gap,41
12493,83116655,83116.655,430,0,gap,41
12494,83128431,83128.431,450,0,gap,41
12495,83132566,83132.566,421,0,gap,41
12496,83136693,83136.693,415,0,gap,41
12497,83148423,83148.423,479,0,gap,41
12498,83152561,83152.561,395,0,gap,41
12499,83156701,83156.701,383,0,gap,41
12500,83168431,83168.431,462,0,gap,41
12501,83172596,83172.596,368,0,gap,41
12502,83176741,83176.741,366,0,gap,41
12503,83188423,83188.423,439,0,gap,41
12504,83192586,83192.586,365,0,gap,41
12505,83196748,83196.748,390,0,gap,41
12506,83208435,83208.435,404,0,gap,41
12507,83212612,83212.612,368,0,gap,41
12508,83216777,83216.777,368,0,gap,41
12509,83228423,83228.423,400,0,gap,41
12510,83232610,83232.61,358,0,gap,41
12511,83236794,83236.794,355,0,gap,41
12512,83248431,83248.431,422,0,gap,41
12513,83252638,83252.638,351,0,gap,41
12514,83256869,83256.869,320,0,gap,41
12515,83268423,83268.423,442,0,gap,41
12516,83272663,83272.663,317,0,gap,41
12517,83276902,83276.902,327,0,gap,41
12518,83288431,83288.431,395,0,gap,41
12519,83292686,83292.686,310,0,gap,41
12520,83296928,83296.928,333,0,gap,41
12521,83308423,83308.423,342,0,gap,41
12522,83312684,83312.684,331,0,gap,41
12523,83316944,83316.944,337,0,gap,41
12524,83328431,83328.431,355,0,gap,41
12525,83332714,83332.714,331,0,gap,41
12526,83336987,83336.987,311,0,gap,41
12527,83348423,83348.423,378,0,gap,41
12528,83352724,83352.724,296,0,gap,41
12529,83357020,83357.02,293,0,gap,41
12530,83368419,83368.419,391,0,gap,41
12531,83372734,83372.734,270,0,gap,41
12532,83377036,83377.036,275,0,gap,41
12533,83388419,83388.419,355,0,gap,41
12534,83392732,83392.732,272,0,gap,41
12535,83397051,83397.051,307,0,gap,41
12536,83408419,83408.419,314,0,gap,41
12537,83412749,83412.749,283,0,gap,41
12538,83417071,83417.071,275,0,gap,41
12539,83428411,83428.411,336,0,gap,41
12540,83432743,83432.743,286,0,gap,41
12541,83437082,83437.082,250,0,gap,41
12542,83448415,83448.415,326,0,gap,41
12543,83452769,83452.769,271,0,gap,41
12544,83457114,83457.114,231,0,gap,41
12545,83468411,83468.411,345,0,gap,41
12546,83472763,83472.763,242,0,gap,41
12547,83477117,83477.117,247,0,gap,41
12548,83488415,83488.415,325,0,gap,41
12549,83492792,83492.792,233,0,gap,41
12550,83497149,83497.149,262,0,gap,41
12551,83508411,83508.411,278,0,gap,41
12552,83515529,83515.529,297,0,gap,41
12553,83519638,83519.638,240,0,gap,41
12554,83528435,83528.435,274,0,gap,41
12555,83532550,83532.55,254,0,gap,41
12556,83538432,83538.432,241,0,gap,41
12557,83548424,83548.424,308,0,gap,41
12558,83552551,83552.551,230,0,gap,41
12559,83558424,83558.424,228,0,gap,41
12560,83568432,83568.432,305,0,gap,41
12561,83572570,83572.57,208,0,gap,41
12562,83578432,83578.432,243,0,gap,41
12563,83588424,83588.424,271,0,gap,41
12564,83592581,83592.581,197,0,gap,41
12565,83598427,83598.427,257,0,gap,41
12566,83608432,83608.432,251,0,gap,41
12567,83612599,83612.599,221,0,gap,41
12568,83618431,83618.431,245,0,gap,41
12569,83628424,83628.424,263,0,gap,41
12570,83632605,83632.605,210,0,gap,41
12571,83638423,83638.423,211,0,gap,41
12572,83648432,83648.432,272,0,gap,41
12573,83652619,83652.619,208,0,gap,41
12574,83658431,83658.431,199,0,gap,41
12575,83668424,83668.424,273,0,gap,41
12576,83672631,83672.631,185,0,gap,41
12577,83678415,83678.415,193,0,gap,41
12578,83688432,83688.432,229,0,gap,41
12579,83692672,83692.672,175,0,gap,41
12580,83698415,83698.415,227,0,gap,41
12581,83708428,83708.428,210,0,gap,41
12582,83712671,83712.671,191,0,gap,41
12583,83716922,83716.922,195,0,gap,41
12584,83728433,83728.433,225,0,gap,41
12585,83732694,83732.694,186,0,gap,41
12586,83736955,83736.955,174,0,gap,41
12587,83748425,83748.425,256,0,gap,41
12588,83752696,83752.696,187,0,gap,41
12589,83756982,83756.982,154,0,gap,41
12590,83768433,83768.433,262,0,gap,41
12591,83772737,83772.737,161,0,gap,41
12592,83777033,83777.033,149,0,gap,41
12593,83788425,83788.425,230,0,gap,41
12594,83792731,83792.731,142,0,gap,41
12595,83797041,83797.041,157,0,gap,41
12596,83808432,83808.432,198,0,gap,41
12597,83812761,83812.761,166,0,gap,41
12598,83817072,83817.072,179,0,gap,41
12599,83828424,83828.424,214,0,gap,41
12600,83832750,83832.75,172,0,gap,41
12601,83837079,83837.079,155,0,gap,41
12602,83848436,83848.436,240,0,gap,41
12603,83852776,83852.776,163,0,gap,41
12604,83857103,83857.103,118,0,gap,41
12605,83868424,83868.424,234,0,gap,41
12606,83872766,83872.766,128,0,gap,41
12607,83877114,83877.114,110,0,gap,41
12608,83888432,83888.432,208,0,gap,41
12609,83892791,83892.791,129,0,gap,41
12610,83897142,83897.142,155,0,gap,41
12611,83908424,83908.424,173,0,gap,41
12612,83912785,83912.785,148,0,gap,41
12613,83917153,83917.153,150,0,gap,41
12614,83928432,83928.432,181,0,gap,41
12615,83935577,83935.577,192,0,gap,41
12616,83939681,83939.681,112,0,gap,41
12617,83948423,83948.423,184,0,gap,41
12618,83952538,83952.538,134,0,gap,41
12619,83958424,83958.424,127,0,gap,41
12620,83968432,83968.432,208,0,gap,41
12621,83972563,83972.563,119,0,gap,41
12622,83978432,83978.432,145,0,gap,41
12623,83988424,83988.424,181,1,pulse,42
12624,83992658,83992.658,4095,1,pulse,42
12625,83998420,83998.42,4095,1,pulse,42
12626,84008429,84008.429,4095,1,pulse,42
12627,84012523,84012.523,4095,1,pulse,42
12628,84028419,84028.419,4095,0,gap,42
12629,84032742,84032.742,2974,0,gap,42
12630,84036912,84036.912,2894,0,gap,42
12631,84048423,84048.423,2775,0,gap,42
12632,84052603,84052.603,2756,0,gap,42
12633,84056786,84056.786,2735,0,gap,42
12634,84068432,84068.432,2675,0,gap,42
12635,84072626,84072.626,2656,0,gap,42
12636,84076807,84076.807,2639,0,gap,42
12637,84088424,84088.424,2606,0,gap,42
12638,84092625,84092.625,2583,0,gap,42
12639,84096839,84096.839,2559,0,gap,42
12640,84108432,84108.432,2537,0,gap,42
12641,84112678,84112.678,2512,0,gap,42
12642,84116916,84116.916,2486,0,gap,42
12643,84128424,84128.424,2473,0,gap,42
12644,84132678,84132.678,2453,0,gap,42
12645,84136934,84136.934,2430,0,gap,42
12646,84148432,84148.432,2400,0,gap,42
12647,84152704,84152.704,2377,0,gap,42
12648,84156963,84156.963,2374,0,gap,42
12649,84168428,84168.428,2322,0,gap,42
12650,84172706,84172.706,2320,0,gap,42
12651,84176987,84176.987,2295,0,gap,42
12652,84188432,84188.432,2271,0,gap,42
12653,84192743,84192.743,2255,0,gap,42
12654,84197042,84197.042,2235,0,gap,42
12655,84208425,84208.425,2210,0,gap,42
12656,84212737,84212.737,2194,0,gap,42
12657,84217049,84217.049,2176,0,gap,42
12658,84228433,84228.433,2155,0,gap,42
12659,84232759,84232.759,2128,0,gap,42
12660,84237081,84237.081,2113,0,gap,42
12661,84248425,84248.425,2096,0,gap,42
12662,84252753,84252.753,2064,0,gap,42
12663,84257089,84257.089,2046,0,gap,42
12664,84268433,84268.433,2032,0,gap,42
12665,84272783,84272.783,2004,0,gap,42
12666,84278415,84278.415,1989,0,gap,42
12667,84288424,84288.424,1965,0,gap,42
12668,84292772,84292.772,1959,0,gap,42
12669,84298423,84298.423,1936,0,gap,42
12670,84308432,84308.432,1903,0,gap,42
12671,84312806,84312.806,1886,0,gap,42
12672,84318431,84318.431,1883,0,gap,42
12673,84328424,84328.424,1859,0,gap,42
12674,84332792,84332.792,1852,0,gap,42
12675,84338423,84338.423,1808,0,gap,42
12676,84348432,84348.432,1801,0,gap,42
12677,84355573,84355.573,1779,0,gap,42
12678,84359713,84359.713,1765,0,gap,42
12679,84368424,84368.424,1737,0,gap,42
12680,84372541,84372.541,1716,0,gap,42
12681,84378428,84378.428,1707,0,gap,42
12682,84388433,84388.433,1685,0,gap,42
12683,84392571,84392.571,1659,0,gap,42
12684,84398432,84398.432,1669,0,gap,42
12685,84408425,84408.425,1630,0,gap,42
12686,84412570,84412.57,1625,0,gap,42
12687,84428411,84428.411,1600,0,gap,42
12688,84432570,84432.57,1581,0,gap,42
12689,84436722,84436.722,1571,0,gap,42
12690,84448432,84448.432,1555,0,gap,42
12691,84452599,84452.599,1535,0,gap,42
12692,84456770,84456.77,1502,0,gap,42
12693,84468424,84468.424,1499,0,gap,42
12694,84472601,84472.601,1478,0,gap,42
12695,84476778,84476.778,1453,0,gap,42
12696,84488432,84488.432,1446,0,gap,42
12697,84492628,84492.628,1424,0,gap,42
12698,84496811,84496.811,1423,0,gap,42
12699,84508424,84508.424,1399,0,gap,42
12700,84512626,84512.626,1379,0,gap,42
12701,84516820,84516.82,1371,0,gap,42
12702,84528432,84528.432,1344,0,gap,42
12703,84532680,84532.68,1346,0,gap,42
12704,84536919,84536.919,1334,0,gap,42
12705,84548424,84548.424,1310,0,gap,42
12706,84552679,84552.679,1285,0,gap,42
12707,84556930,84556.93,1271,0,gap,42
12708,84568432,84568.432,1277,0,gap,42
12709,84572694,84572.694,1242,0,gap,42
12710,84576955,84576.955,1230,0,gap,42
12711,84588424,84588.424,1214,0,gap,42
12712,84592704,84592.704,1206,0,gap,42
12713,84596987,84596.987,1187,0,gap,42
12714,84608432,84608.432,1168,0,gap,42
12715,84612733,84612.733,1168,0,gap,42
12716,84617030,84617.03,1157,0,gap,42
12717,84628425,84628.425,1150,0,gap,42
12718,84632739,84632.739,1134,0,gap,42
12719,84637053,84637.053,1114,0,gap,42
12720,84648433,84648.433,1110,0,gap,42
12721,84652757,84652.757,1088,0,gap,42
12722,84657073,84657.073,1067,0,gap,42
12723,84668425,84668.425,1079,0,gap,42
12724,84672763,84672.763,1054,0,gap,42
12725,84677093,84677.093,1045,0,gap,42
12726,84688433,84688.433,1023,0,gap,42
12727,84692777,84692.777,1011,0,gap,42
12728,84698419,84698.419,1031,0,gap,42
12729,84708428,84708.428,998,0,gap,42
12730,84712781,84712.781,993,0,gap,42
12731,84718415,84718.415,967,0,gap,42
12732,84728432,84728.432,962,0,gap,42
12733,84732791,84732.791,962,0,gap,42
12734,84737149,84737.149,939,0,gap,42
12735,84748425,84748.425,957,0,gap,42
12736,84752798,84752.798,933,0,gap,42
12737,84757166,84757.166,887,0,gap,42
12738,84768433,84768.433,912,0,gap,42
12739,84772813,84772.813,880,0,gap,42
12740,84779998,84779.998,883,0,gap,42
12741,84784118,84784.118,871,0,gap,42
12742,84798433,84798.433,883,0,gap,42
12743,84802556,84802.556,846,0,gap,42
12744,84806680,84806.68,816,0,gap,42
12745,84818427,84818.427,843,0,gap,42
12746,84822563,84822.563,805,0,gap,42
12747,84826694,84826.694,797,0,gap,42
12748,84838431,84838.431,811,0,gap,42
12749,84842583,84842.583,785,0,gap,42
12750,84846733,84846.733,784,0,gap,42
12751,84858423,84858.423,781,0,gap,42
12752,84862585,84862.585,769,0,gap,42
12753,84866746,84866.746,764,0,gap,42
12754,84878431,84878.431,765,0,gap,42
12755,84882611,84882.611,743,0,gap,42
12756,84886783,84886.783,736,0,gap,42
12757,84898423,84898.423,767,0,gap,42
12758,84902606,84902.606,710,0,gap,42
12759,84906791,84906.791,691,0,gap,42
12760,84918431,84918.431,745,0,gap,42
12761,84922636,84922.636,681,0,gap,42
12762,84926820,84926.82,674,0,gap,42
12763,84938423,84938.423,699,0,gap,42
12764,84942632,84942.632,656,0,gap,42
12765,84946878,84946.878,667,0,gap,42
12766,84958431,84958.431,651,0,gap,42
12767,84962688,84962.688,657,0,gap,42
12768,84966928,84966.928,655,0,gap,42
12769,84978423,84978.423,663,0,gap,42
12770,84982681,84982.681,635,0,gap,42
12771,84986936,84986.936,625,0,gap,42
12772,84998431,84998.431,657,0,gap,42
12773,85002705,85002.705,617,0,gap,42
12774,85006962,85006.962,581,0,gap,42
12775,85018423,85018.423,643,0,gap,42
12776,85022708,85022.708,576,0,gap,42
12777,85027013,85027.013,589,0,gap,42
12778,85038419,85038.419,610,0,gap,42
12779,85042729,85042.729,560,0,gap,42
12780,85047027,85047.027,574,0,gap,42
12781,85058415,85058.415,586,0,gap,42
12782,85062731,85062.731,562,0,gap,42
12783,85067054,85067.054,566,0,gap,42
12784,85078419,85078.419,582,0,gap,42
12785,85082753,85082.753,558,0,gap,42
12786,85087074,85087.074,528,0,gap,42
12787,85098411,85098.411,589,0,gap,42
12788,85102747,85102.747,528,0,gap,42
12789,85107081,85107.081,485,0,gap,42
12790,85118415,85118.415,569,0,gap,42
12791,85122768,85122.768,491,0,gap,42
12792,85127109,85127.109,490,0,gap,42
12793,85138415,85138.415,545,0,gap,42
12794,85142770,85142.77,474,0,gap,42
12795,85147124,85147.124,501,0,gap,42
12796,85158415,85158.415,496,0,gap,42
12797,85162788,85162.788,485,0,gap,42
12798,85167143,85167.143,483,0,gap,42
12799,85178411,85178.411,511,0,gap,42
12800,85182786,85182.786,478,0,gap,42
12801,85187163,85187.163,458,0,gap,42
12802,85191540,85191.54,431,0,gap,42
12803,85198682,85198.682,490,0,gap,42
12804,85208433,85208.433,461,0,gap,42
12805,85212553,85212.553,438,0,gap,42
12806,85218432,85218.432,459,0,gap,42
12807,85228425,85228.425,459,0,gap,42
12808,85232558,85232.558,437,0,gap,42
12809,85238428,85238.428,427,0,gap,42
12810,85248433,85248.433,478,0,gap,42
12811,85252585,85252.585,406,0,gap,42
12812,85258432,85258.432,391,0,gap,42
12813,85268425,85268.425,464,0,gap,42
12814,85272579,85272.579,388,0,gap,42
12815,85278424,85278.424,415,0,gap,42
12816,85288433,85288.433,433,0,gap,42
12817,85292606,85292.606,368,0,gap,42
12818,85298432,85298.432,435,0,gap,42
12819,85308425,85308.425,395,0,gap,42
12820,85312604,85312.604,393,0,gap,42
12821,85318424,85318.424,407,0,gap,42
12822,85328432,85328.432,402,0,gap,42
12823,85332626,85332.626,390,0,gap,42
12824,85338432,85338.432,375,0,gap,42
12825,85348428,85348.428,428,0,gap,42
12826,85352629,85352.629,363,0,gap,42
12827,85358424,85358.424,337,0,gap,42
12828,85368432,85368.432,419,0,gap,42
12829,85372675,85372.675,322,0,gap,42
12830,85378431,85378.431,379,0,gap,42
12831,85388424,85388.424,375,0,gap,42
12832,85392677,85392.677,318,0,gap,42
12833,85398423,85398.423,368,0,gap,42
12834,85408432,85408.432,349,0,gap,42
12835,85412699,85412.699,350,0,gap,42
12836,85418431,85418.431,349,0,gap,42
12837,85428424,85428.424,365,0,gap,42
12838,85432702,85432.702,350,0,gap,42
12839,85438423,85438.423,325,0,gap,42
12840,85448432,85448.432,384,0,gap,42
12841,85452743,85452.743,306,0,gap,42
12842,85458419,85458.419,304,0,gap,42
12843,85468424,85468.424,377,0,gap,42
12844,85472733,85472.733,277,0,gap,42
12845,85478411,85478.411,304,0,gap,42
12846,85488432,85488.432,354,0,gap,42
12847,85492767,85492.767,272,0,gap,42
12848,85497085,85497.085,304,0,gap,42
12849,85508425,85508.425,308,0,gap,42
12850,85512754,85512.754,297,0,gap,42
12851,85517086,85517.086,304,0,gap,42
12852,85528433,85528.433,336,0,gap,42
12853,85532779,85532.779,287,0,gap,42
12854,85537117,85537.117,259,0,gap,42
12855,85548425,85548.425,358,0,gap,42
12856,85552777,85552.777,279,0,gap,42
12857,85557136,85557.136,234,0,gap,42
12858,85568433,85568.433,352,0,gap,42
12859,85572803,85572.803,248,0,gap,42
12860,85577160,85577.16,250,0,gap,42
12861,85588425,85588.425,323,0,gap,42
12862,85592792,85592.792,236,0,gap,42
12863,85597171,85597.171,268,0,gap,42
12864,85608432,85608.432,279,0,gap,42
12865,85612822,85612.822,260,0,gap,42
12866,85619959,85619.959,293,0,gap,42
12867,85624077,85624.077,215,0,gap,42
12868,85638432,85638.432,320,0,gap,42
12869,85642557,85642.557,224,0,gap,42
12870,85646674,85646.674,253,0,gap,42
12871,85658423,85658.423,261,0,gap,42
12872,85662564,85662.564,238,0,gap,42
12873,85666704,85666.704,246,0,gap,42
12874,85678431,85678.431,286,0,gap,42
12875,85682583,85682.583,239,0,gap,42
12876,85686732,85686.732,218,0,gap,42
12877,85698423,85698.423,316,0,gap,42
12878,85702590,85702.59,211,0,gap,42
12879,85706756,85706.756,206,0,gap,42
12880,85718431,85718.431,304,0,gap,42
12881,85722608,85722.608,189,0,gap,42
12882,85726777,85726.777,191,0,gap,42
12883,85738423,85738.423,281,0,gap,42
12884,85742614,85742.614,194,0,gap,42
12885,85746797,85746.797,206,0,gap,42
12886,85758431,85758.431,240,0,gap,42
12887,85762632,85762.632,217,0,gap,42
12888,85766822,85766.822,205,0,gap,42
12889,85778427,85778.427,257,0,gap,42
12890,85782637,85782.637,209,0,gap,42
12891,85786870,85786.87,182,0,gap,42
12892,85798431,85798.431,294,0,gap,42
12893,85802685,85802.685,197,0,gap,42
12894,85806923,85806.923,171,0,gap,42
12895,85818423,85818.423,283,0,gap,42
12896,85822680,85822.68,165,0,gap,42
12897,85826937,85826.937,176,0,gap,42
12898,85838431,85838.431,238,0,gap,42
12899,85842706,85842.706,156,0,gap,42
12900,85846973,85846.973,187,0,gap,42
12901,85858423,85858.423,224,0,gap,42
12902,85862708,85862.708,189,0,gap,42
12903,85867009,85867.009,192,0,gap,42
12904,85878419,85878.419,226,0,gap,42
12905,85882734,85882.734,186,0,gap,42
12906,85887036,85887.036,174,0,gap,42
12907,85898415,85898.415,268,0,gap,42
12908,85902731,85902.731,171,0,gap,42
12909,85907047,85907.047,152,0,gap,42
12910,85918419,85918.419,256,0,gap,42
12911,85922757,85922.757,151,0,gap,42
12912,85927079,85927.079,154,0,gap,42
12913,85938411,85938.411,214,0,gap,42
12914,85942747,85942.747,149,0,gap,42
12915,85947082,85947.082,164,0,gap,42
12916,85958415,85958.415,187,0,gap,42
12917,85962769,85962.769,171,0,gap,42
12918,85967106,85967.106,176,1,pulse,43
12919,85978416,85978.416,4095,1,pulse,43
12920,85982713,85982.713,4095,1,pulse,43
12921,85987010,85987.01,4095,1,pulse,43
12922,85998428,85998.428,4095,1,pulse,43
12923,86002735,86002.735,4095,1,pulse,43
12924,86007029,86007.029,4095,0,gap,43
12925,86018441,86018.441,2784,0,gap,43
12926,86022826,86022.826,2754,0,gap,43
12927,86027214,86027.214,2736,0,gap,43
12928,86034369,86034.369,2690,0,gap,43
12929,86048424,86048.424,2639,0,gap,43
12930,86052546,86052.546,2634,0,gap,43
12931,86056674,86056.674,2608,0,gap,43
12932,86068432,86068.432,2559,0,gap,43
12933,86072580,86072.58,2549,0,gap,43
12934,86076712,86076.712,2525,0,gap,43
12935,86088424,86088.424,2495,0,gap,43
12936,86092578,86092.578,2485,0,gap,43
12937,86096729,86096.729,2480,0,gap,43
12938,86108432,86108.432,2418,0,gap,43
12939,86112601,86112.601,2430,0,gap,43
12940,86116762,86116.762,2393,0,gap,43
12941,86128428,86128.428,2378,0,gap,43
12942,86132601,86132.601,2353,0,gap,43
12943,86136782,86136.782,2330,0,gap,43
12944,86148432,86148.432,2317,0,gap,43
12945,86152623,86152.623,2297,0,gap,43
12946,86156806,86156.806,2277,0,gap,43
12947,86168424,86168.424,2246,0,gap,43
12948,86172622,86172.622,2235,0,gap,43
12949,86176822,86176.822,2213,0,gap,43
12950,86188432,86188.432,2192,0,gap,43
12951,86192648,86192.648,2176,0,gap,43
12952,86196856,86196.856,2159,0,gap,43
12953,86208424,86208.424,2127,0,gap,43
12954,86212674,86212.674,2113,0,gap,43
12955,86216923,86216.923,2108,0,gap,43
12956,86228432,86228.432,2067,0,gap,43
12957,86232701,86232.701,2045,0,gap,43
12958,86236954,86236.954,2018,0,gap,43
12959,86248425,86248.425,2011,0,gap,43
12960,86252696,86252.696,1990,0,gap,43
12961,86256971,86256.971,1961,0,gap,43
12962,86268433,86268.433,1953,0,gap,43
12963,86272726,86272.726,1931,0,gap,43
12964,86277012,86277.012,1919,0,gap,43
12965,86288425,86288.425,1876,0,gap,43
12966,86292732,86292.732,1872,0,gap,43
12967,86297046,86297.046,1871,0,gap,43
12968,86308437,86308.437,1835,0,gap,43
12969,86312762,86312.762,1823,0,gap,43
12970,86318419,86318.419,1793,0,gap,43
12971,86328424,86328.424,1776,0,gap,43
12972,86332750,86332.75,1758,0,gap,43
12973,86338427,86338.427,1744,0,gap,43
12974,86348432,86348.432,1725,0,gap,43
12975,86352780,86352.78,1704,0,gap,43
12976,86358431,86358.431,1682,0,gap,43
12977,86368424,86368.424,1667,0,gap,43
12978,86372770,86372.77,1658,0,gap,43
12979,86378423,86378.423,1637,0,gap,43
12980,86388432,86388.432,1611,0,gap,43
12981,86392796,86392.796,1600,0,gap,43
12982,86398432,86398.432,1582,0,gap,43
12983,86408425,86408.425,1567,0,gap,43
12984,86412798,86412.798,1535,0,gap,43
12985,86418424,86418.424,1535,0,gap,43
12986,86428433,86428.433,1510,0,gap,43
12987,86432820,86432.82,1493,0,gap,43
12988,86438432,86438.432,1465,0,gap,43
12989,86448429,86448.429,1463,0,gap,43
12990,86452819,86452.819,1456,0,gap,43
12991,86460018,86460.018,1438,0,gap,43
12992,86468432,86468.432,1424,0,gap,43
12993,86472561,86472.561,1402,0,gap,43
12994,86488431,86488.431,1392,0,gap,43
12995,86492581,86492.581,1356,0,gap,43
12996,86496712,86496.712,1357,0,gap,43
12997,86508424,86508.424,1332,0,gap,43
12998,86512569,86512.569,1325,0,gap,43
12999,86516723,86516.723,1314,0,gap,43
13000,86528436,86528.436,1299,0,gap,43
13001,86532604,86532.604,1279,0,gap,43
13002,86536764,86536.764,1274,0,gap,43
13003,86548424,86548.424,1252,0,gap,43
13004,86552600,86552.6,1226,0,gap,43
13005,86556775,86556.775,1200,0,gap,43
13006,86568432,86568.432,1214,0,gap,43
13007,86572622,86572.622,1165,0,gap,43
13008,86576807,86576.807,1170,0,gap,43
13009,86588424,86588.424,1173,0,gap,43
13010,86592620,86592.62,1154,0,gap,43
13011,86596816,86596.816,1145,0,gap,43
13012,86608432,86608.432,1125,0,gap,43
13013,86612639,86612.639,1105,0,gap,43
13014,86616845,86616.845,1102,0,gap,43
13015,86628424,86628.424,1094,0,gap,43
13016,86632693,86632.693,1085,0,gap,43
13017,86636937,86636.937,1056,0,gap,43
13018,86648432,86648.432,1066,0,gap,43
13019,86652691,86652.691,1040,0,gap,43
13020,86656947,86656.947,1007,0,gap,43
13021,86668429,86668.429,1034,0,gap,43
13022,86672698,86672.698,976,0,gap,43
13023,86676967,86676.967,1003,0,gap,43
13024,86688433,86688.433,990,0,gap,43
13025,86692716,86692.716,961,0,gap,43
13026,86696995,86696.995,965,0,gap,43
13027,86708424,86708.424,947,0,gap,43
13028,86712739,86712.739,928,0,gap,43
13029,86717044,86717.044,926,0,gap,43
13030,86728432,86728.432,926,0,gap,43
13031,86732756,86732.756,907,0,gap,43
13032,86737078,86737.078,895,0,gap,43
13033,86748424,86748.424,897,0,gap,43
13034,86752753,86752.753,859,0,gap,43
13035,86757077,86757.077,847,0,gap,43
13036,86768432,86768.432,880,0,gap,43
13037,86772775,86772.775,832,0,gap,43
13038,86777113,86777.113,832,0,gap,43
13039,86788424,86788.424,816,0,gap,43
13040,86792777,86792.777,805,0,gap,43
13041,86797120,86797.12,827,0,gap,43
13042,86808432,86808.432,806,0,gap,43
13043,86812798,86812.798,783,0,gap,43
13044,86817156,86817.156,784,0,gap,43
13045,86828424,86828.424,784,0,gap,43
13046,86832792,86832.792,773,0,gap,43
13047,86837163,86837.163,752,0,gap,43
13048,86848436,86848.436,773,0,gap,43
13049,86852814,86852.814,742,0,gap,43
13050,86857191,86857.191,719,0,gap,43
13051,86868424,86868.424,750,0,gap,43
13052,86872815,86872.815,695,0,gap,43
13053,86877206,86877.206,698,0,gap,43
13054,86884361,86884.361,723,0,gap,43
13055,86898423,86898.423,737,0,gap,43
13056,86902553,86902.553,679,0,gap,43
13057,86906679,86906.679,656,0,gap,43
13058,86918431,86918.431,714,0,gap,43
13059,86922582,86922.582,653,0,gap,43
13060,86926725,86926.725,647,0,gap,43
13061,86938423,86938.423,671,0,gap,43
13062,86942582,86942.582,624,0,gap,43
13063,86946736,86946.736,638,0,gap,43
13064,86958435,86958.435,649,0,gap,43
13065,86962604,86962.604,626,0,gap,43
13066,86966768,86966.768,619,0,gap,43
13067,86978423,86978.423,648,0,gap,43
13068,86982606,86982.606,613,0,gap,43
13069,86986789,86986.789,579,0,gap,43
13070,86998431,86998.431,640,0,gap,43
13071,87002624,87002.624,582,0,gap,43
13072,87006813,87006.813,550,0,gap,43
13073,87018423,87018.423,622,0,gap,43
13074,87022623,87022.623,551,0,gap,43
13075,87026830,87026.83,559,0,gap,43
13076,87038431,87038.431,595,0,gap,43
13077,87042649,87042.649,539,0,gap,43
13078,87046860,87046.86,543,0,gap,43
13079,87058423,87058.423,561,0,gap,43
13080,87062680,87062.68,531,0,gap,43
13081,87066931,87066.931,539,0,gap,43
13082,87078431,87078.431,555,0,gap,43
13083,87082698,87082.698,528,0,gap,43
13084,87086957,87086.957,489,0,gap,43
13085,87098427,87098.427,561,0,gap,43
13086,87102700,87102.7,487,0,gap,43
13087,87106973,87106.973,470,0,gap,43
13088,87118431,87118.431,554,0,gap,43
13089,87122727,87122.727,464,0,gap,43
13090,87127018,87127.018,455,0,gap,43
13091,87138415,87138.415,511,0,gap,43
13092,87142732,87142.732,454,0,gap,43
13093,87147045,87147.045,479,0,gap,43
13094,87158419,87158.419,475,0,gap,43
13095,87162746,87162.746,465,0,gap,43
13096,87167073,87167.073,464,0,gap,43
13097,87178411,87178.411,491,0,gap,43
13098,87182744,87182.744,456,0,gap,43
13099,87187072,87187.072,427,0,gap,43
13100,87198415,87198.415,496,0,gap,43
13101,87202766,87202.766,420,0,gap,43
13102,87207108,87207.108,388,0,gap,43
13103,87218411,87218.411,474,0,gap,43
13104,87222772,87222.772,400,0,gap,43
13105,87227123,87227.123,417,0,gap,43
13106,87238415,87238.415,434,0,gap,43
13107,87242785,87242.785,395,0,gap,43
13108,87247143,87247.143,416,0,gap,43
13109,87258411,87258.411,439,0,gap,43
13110,87262787,87262.787,397,0,gap,43
13111,87267158,87267.158,399,0,gap,43
13112,87271544,87271.544,361,0,gap,43
13113,87278425,87278.425,418,0,gap,43
13114,87288433,87288.433,421,0,gap,43
13115,87292821,87292.821,364,0,gap,43
13116,87299974,87299.974,415,0,gap,43
13117,87308428,87308.428,370,0,gap,43
13118,87312551,87312.551,373,0,gap,43
13119,87318424,87318.424,397,0,gap,43
13120,87328433,87328.433,400,0,gap,43
13121,87332573,87332.573,366,0,gap,43
13122,87338432,87338.432,346,0,gap,43
13123,87348425,87348.425,404,0,gap,43
13124,87352575,87352.575,336,0,gap,43
13125,87358424,87358.424,329,0,gap,43
13126,87368433,87368.433,403,0,gap,43
13127,87372602,87372.602,309,0,gap,43
13128,87378436,87378.436,363,0,gap,43
13129,87388425,87388.425,365,0,gap,43
13130,87392598,87392.598,307,0,gap,43
13131,87398424,87398.424,357,0,gap,43
13132,87408432,87408.432,351,0,gap,43
13133,87412631,87412.631,324,0,gap,43
13134,87418432,87418.432,336,0,gap,43
13135,87428424,87428.424,355,0,gap,43
13136,87432622,87432.622,320,0,gap,43
13137,87438424,87438.424,295,0,gap,43
13138,87448432,87448.432,368,0,gap,43
13139,87452648,87452.648,290,0,gap,43
13140,87458431,87458.431,304,0,gap,43
13141,87468424,87468.424,368,0,gap,43
13142,87472670,87472.67,272,0,gap,43
13143,87478423,87478.423,302,0,gap,43
13144,87488436,87488.436,315,0,gap,43
13145,87492700,87492.7,269,0,gap,43
13146,87498431,87498.431,320,0,gap,43
13147,87508424,87508.424,285,0,gap,43
13148,87512691,87512.691,274,0,gap,43
13149,87518427,87518.427,289,0,gap,43
13150,87528432,87528.432,314,0,gap,43
13151,87532725,87532.725,273,0,gap,43
13152,87538431,87538.431,255,0,gap,43
13153,87548424,87548.424,340,0,gap,43
13154,87552731,87552.731,242,0,gap,43
13155,87558411,87558.411,247,0,gap,43
13156,87568432,87568.432,326,0,gap,43
13157,87572760,87572.76,232,0,gap,43
13158,87577072,87577.072,229,0,gap,43
13159,87588425,87588.425,289,0,gap,43
13160,87592759,87592.759,240,0,gap,43
13161,87597093,87597.093,263,0,gap,43
13162,87608433,87608.433,272,0,gap,43
13163,87612777,87612.777,245,0,gap,43
13164,87617108,87617.108,240,0,gap,43
13165,87628429,87628.429,294,0,gap,43
13166,87632778,87632.778,253,0,gap,43
13167,87637131,87637.131,205,0,gap,43
13168,87648433,87648.433,310,0,gap,43
13169,87652800,87652.8,216,0,gap,43
13170,87657151,87657.151,199,0,gap,43
13171,87668425,87668.425,320,0,gap,43
13172,87672790,87672.79,189,0,gap,43
13173,87677162,87677.162,211,0,gap,43
13174,87688432,87688.432,266,0,gap,43
13175,87692819,87692.819,202,0,gap,43
13176,87697198,87697.198,221,0,gap,43
13177,87708424,87708.424,256,0,gap,43
13178,87712810,87712.81,223,0,gap,43
13179,87719964,87719.964,221,0,gap,43
13180,87724078,87724.078,179,0,gap,43
13181,87738428,87738.428,282,0,gap,43
13182,87742554,87742.554,185,0,gap,43
13183,87746696,87746.696,199,0,gap,43
13184,87758431,87758.431,235,0,gap,43
13185,87762586,87762.586,205,0,gap,43
13186,87766724,87766.724,208,0,gap,43
13187,87778423,87778.423,252,0,gap,43
13188,87782581,87782.581,205,0,gap,43
13189,87786741,87786.741,175,0,gap,43
13190,87798431,87798.431,289,0,gap,43
13191,87802612,87802.612,177,0,gap,43
13192,87806785,87806.785,142,0,gap,43
13193,87818423,87818.423,272,0,gap,43
13194,87822606,87822.606,155,0,gap,43
13195,87826792,87826.792,174,0,gap,43
13196,87838431,87838.431,242,0,gap,43
13197,87842636,87842.636,155,0,gap,43
13198,87846820,87846.82,178,0,gap,43
13199,87858423,87858.423,211,0,gap,43
13200,87862630,87862.63,187,0,gap,43
13201,87866834,87866.834,184,0,gap,43
13202,87878431,87878.431,228,0,gap,43
13203,87882662,87882.662,186,0,gap,43
13204,87886912,87886.912,144,0,gap,43
13205,87898423,87898.423,244,0,gap,43
13206,87902683,87902.683,159,0,gap,43
13207,87906938,87906.938,133,0,gap,43
13208,87918435,87918.435,227,0,gap,43
13209,87922706,87922.706,137,0,gap,43
13210,87926964,87926.964,151,0,gap,43
13211,87938423,87938.423,218,0,gap,43
13212,87942700,87942.7,140,0,gap,43
13213,87946984,87946.984,157,0,gap,43
13214,87958431,87958.431,183,0,gap,43
13215,87962734,87962.734,166,0,gap,43
13216,87967031,87967.031,144,0,gap,43
13217,87978415,87978.415,203,0,gap,43
13218,87982732,87982.732,163,0,gap,43
13219,87987052,87987.052,134,0,gap,43
13220,87998419,87998.419,228,0,gap,43
13221,88002750,88002.75,144,0,gap,43
13222,88007071,88007.071,99,0,gap,43
13223,88011411,88011.411,155,0,gap,43
13224,88018437,88018.437,191,0,gap,43
13225,88028425,88028.425,186,0,gap,43
13226,88032763,88032.763,144,0,gap,43
13227,88038424,88038.424,130,0,gap,43
13228,88048432,88048.432,217,0,gap,43
13229,88052793,88052.793,131,0,gap,43
13230,88058432,88058.432,112,0,gap,43
13231,88068424,88068.424,207,0,gap,43
13232,88072787,88072.787,99,0,gap,43
13233,88078423,88078.423,141,0,gap,43
13234,88088432,88088.432,161,0,gap,43
13235,88092812,88092.812,128,0,gap,43
13236,88098431,88098.431,156,0,gap,43
13237,88108424,88108.424,145,0,gap,43
13238,88112802,88112.802,143,1,pulse,44
13239,88118432,88118.432,4095,1,pulse,44
13240,88128429,88128.429,4095,1,pulse,44
13241,88135525,88135.525,4095,1,pulse,44
13242,88139613,88139.613,4095,1,pulse,44
13243,88148420,88148.42,4095,1,pulse,44
13244,88152482,88152.482,4095,0,gap,44
13245,88168436,88168.436,2787,0,gap,44
13246,88172586,88172.586,2747,0,gap,44
13247,88176740,88176.74,2736,0,gap,44
13248,88188432,88188.432,2675,0,gap,44
13249,88192596,88192.596,2666,0,gap,44
13250,88196754,88196.754,2638,0,gap,44
13251,88208424,88208.424,2613,0,gap,44
13252,88212595,88212.595,2592,0,gap,44
13253,88216766,88216.766,2559,0,gap,44
13254,88228432,88228.432,2537,0,gap,44
13255,88232627,88232.627,2530,0,gap,44
13256,88236813,88236.813,2496,0,gap,44
13257,88248424,88248.424,2475,0,gap,44
13258,88252621,88252.621,2450,0,gap,44
13259,88256813,88256.813,2431,0,gap,44
13260,88268436,88268.436,2403,0,gap,44
13261,88272644,88272.644,2391,0,gap,44
13262,88276851,88276.851,2381,0,gap,44
13263,88288424,88288.424,2345,0,gap,44
13264,88292646,88292.646,2325,0,gap,44
13265,88296864,88296.864,2302,0,gap,44
13266,88308432,88308.432,2288,0,gap,44
13267,88312692,88312.692,2271,0,gap,44
13268,88316951,88316.951,2251,0,gap,44
13269,88328424,88328.424,2224,0,gap,44
13270,88332695,88332.695,2201,0,gap,44
13271,88336969,88336.969,2179,0,gap,44
13272,88348432,88348.432,2163,0,gap,44
13273,88352713,88352.713,2147,0,gap,44
13274,88356990,88356.99,2119,0,gap,44
13275,88368425,88368.425,2097,0,gap,44
13276,88372724,88372.724,2077,0,gap,44
13277,88377019,88377.019,2067,0,gap,44
13278,88388433,88388.433,2023,0,gap,44
13279,88392758,88392.758,2026,0,gap,44
13280,88397078,88397.078,2015,0,gap,44
13281,88408425,88408.425,1981,0,gap,44
13282,88412760,88412.76,1950,0,gap,44
13283,88417090,88417.09,1958,0,gap,44
13284,88428433,88428.433,1907,0,gap,44
13285,88432774,88432.774,1898,0,gap,44
13286,88438419,88438.419,1881,0,gap,44
13287,88448424,88448.424,1871,0,gap,44
13288,88452778,88452.778,1843,0,gap,44
13289,88458423,88458.423,1839,0,gap,44
13290,88468432,88468.432,1802,0,gap,44
13291,88472792,88472.792,1783,0,gap,44
13292,88478435,88478.435,1782,0,gap,44
13293,88488424,88488.424,1757,0,gap,44
13294,88492794,88492.794,1728,0,gap,44
13295,88498423,88498.423,1727,0,gap,44
13296,88508432,88508.432,1695,0,gap,44
13297,88512816,88512.816,1680,0,gap,44
13298,88518432,88518.432,1673,0,gap,44
13299,88528425,88528.425,1651,0,gap,44
13300,88532814,88532.814,1626,0,gap,44
13301,88538424,88538.424,1605,0,gap,44
13302,88548433,88548.433,1607,0,gap,44
13303,88552840,88552.84,1579,0,gap,44
13304,88560002,88560.002,1565,0,gap,44
13305,88568424,88568.424,1535,0,gap,44
13306,88572564,88572.564,1505,0,gap,44
13307,88588411,88588.411,1491,0,gap,44
13308,88592567,88592.567,1471,0,gap,44
13309,88596716,88596.716,1461,0,gap,44
13310,88608432,88608.432,1442,0,gap,44
13311,88612596,88612.596,1445,0,gap,44
13312,88616757,88616.757,1415,0,gap,44
13313,88628424,88628.424,1407,0,gap,44
13314,88632606,88632.606,1403,0,gap,44
13315,88636781,88636.781,1374,0,gap,44
13316,88648432,88648.432,1375,0,gap,44
13317,88652623,88652.623,1347,0,gap,44
13318,88656808,88656.808,1315,0,gap,44
13319,88668424,88668.424,1302,0,gap,44
13320,88672624,88672.624,1285,0,gap,44
13321,88676815,88676.815,1286,0,gap,44
13322,88688432,88688.432,1263,0,gap,44
13323,88692642,88692.642,1254,0,gap,44
13324,88696848,88696.848,1247,0,gap,44
13325,88708424,88708.424,1229,0,gap,44
13326,88712638,88712.638,1216,0,gap,44
13327,88716858,88716.858,1208,0,gap,44
13328,88728432,88728.432,1198,0,gap,44
13329,88732705,88732.705,1169,0,gap,44
13330,88736960,88736.96,1158,0,gap,44
13331,88748424,88748.424,1168,0,gap,44
13332,88752690,88752.69,1130,0,gap,44
13333,88756955,88756.955,1104,0,gap,44
13334,88768432,88768.432,1111,0,gap,44
13335,88772721,88772.721,1082,0,gap,44
13336,88777000,88777.0,1074,0,gap,44
13337,88788425,88788.425,1072,0,gap,44
13338,88792719,88792.719,1052,0,gap,44
13339,88797017,88797.017,1062,0,gap,44
13340,88808437,88808.437,1036,0,gap,44
13341,88812751,88812.751,1015,0,gap,44
13342,88817071,88817.071,1002,0,gap,44
13343,88828425,88828.425,1012,0,gap,44
13344,88832759,88832.759,982,0,gap,44
13345,88837088,88837.088,974,0,gap,44
13346,88848433,88848.433,986,0,gap,44
13347,88852772,88852.772,943,0,gap,44
13348,88857111,88857.111,934,0,gap,44
13349,88868425,88868.425,947,0,gap,44
13350,88872774,88872.774,890,0,gap,44
13351,88877127,88877.127,907,0,gap,44
13352,88888433,88888.433,897,0,gap,44
13353,88892792,88892.792,882,0,gap,44
13354,88897146,88897.146,886,0,gap,44
13355,88908425,88908.425,869,0,gap,44
13356,88912797,88912.797,862,0,gap,44
13357,88917165,88917.165,850,0,gap,44
13358,88928432,88928.432,861,0,gap,44
13359,88932815,88932.815,833,0,gap,44
13360,88937193,88937.193,805,0,gap,44
13361,88948424,88948.424,834,0,gap,44
13362,88952817,88952.817,780,0,gap,44
13363,88957200,88957.2,793,0,gap,44
13364,88968432,88968.432,816,0,gap,44
13365,88972831,88972.831,765,0,gap,44
13366,88980008,88980.008,787,0,gap,44
13367,88984174,88984.174,762,0,gap,44
13368,88998432,88998.432,779,0,gap,44
13369,89002569,89002.569,735,0,gap,44
13370,89006709,89006.709,717,0,gap,44
13371,89018423,89018.423,753,0,gap,44
13372,89022585,89022.585,691,0,gap,44
13373,89026734,89026.734,707,0,gap,44
13374,89038431,89038.431,715,0,gap,44
13375,89042600,89042.6,688,0,gap,44
13376,89046774,89046.774,702,0,gap,44
13377,89058423,89058.423,687,0,gap,44
13378,89062606,89062.606,688,0,gap,44
13379,89066797,89066.797,682,0,gap,44
13380,89078431,89078.431,708,0,gap,44
13381,89082629,89082.629,655,0,gap,44
13382,89086815,89086.815,635,0,gap,44
13383,89098423,89098.423,675,0,gap,44
13384,89102623,89102.623,624,0,gap,44
13385,89106827,89106.827,609,0,gap,44
13386,89118431,89118.431,654,0,gap,44
13387,89122650,89122.65,592,0,gap,44
13388,89126856,89126.856,596,0,gap,44
13389,89138423,89138.423,623,0,gap,44
13390,89142646,89142.646,583,0,gap,44
13391,89146895,89146.895,597,0,gap,44
13392,89158431,89158.431,594,0,gap,44
13393,89162702,89162.702,577,0,gap,44
13394,89166964,89166.964,571,0,gap,44
13395,89178423,89178.423,592,0,gap,44
13396,89182697,89182.697,566,0,gap,44
13397,89186975,89186.975,544,0,gap,44
13398,89198431,89198.431,602,0,gap,44
13399,89202727,89202.727,539,0,gap,44
13400,89207006,89207.006,527,0,gap,44
13401,89218423,89218.423,581,0,gap,44
13402,89222726,89222.726,494,0,gap,44
13403,89227044,89227.044,528,0,gap,44
13404,89238423,89238.423,546,0,gap,44
13405,89242756,89242.756,496,0,gap,44
13406,89247072,89247.072,503,0,gap,44
13407,89258415,89258.415,525,0,gap,44
13408,89262749,89262.749,497,0,gap,44
13409,89267083,89267.083,486,0,gap,44
13410,89278415,89278.415,511,0,gap,44
13411,89282767,89282.767,481,0,gap,44
13412,89287106,89287.106,451,0,gap,44
13413,89298411,89298.411,541,0,gap,44
13414,89302761,89302.761,452,0,gap,44
13415,89307122,89307.122,427,0,gap,44
13416,89318415,89318.415,523,0,gap,44
13417,89322787,89322.787,432,0,gap,44
13418,89327141,89327.141,453,0,gap,44
13419,89338411,89338.411,478,0,gap,44
13420,89342788,89342.788,432,0,gap,44
13421,89347161,89347.161,453,0,gap,44
13422,89351537,89351.537,415,0,gap,44
13423,89358425,89358.425,421,0,gap,44
13424,89368433,89368.433,489,0,gap,44
13425,89372826,89372.826,396,0,gap,44
13426,89378432,89378.432,437,0,gap,44
13427,89388425,89388.425,426,0,gap,44
13428,89392821,89392.821,400,0,gap,44
13429,89399982,89399.982,444,0,gap,44
13430,89408431,89408.431,414,0,gap,44
13431,89412579,89412.579,389,0,gap,44
13432,89418432,89418.432,405,0,gap,44
13433,89428425,89428.425,427,0,gap,44
13434,89432573,89432.573,386,0,gap,44
13435,89438424,89438.424,368,0,gap,44
13436,89448437,89448.437,432,0,gap,44
13437,89452609,89452.609,360,0,gap,44
13438,89458432,89458.432,373,0,gap,44
13439,89468425,89468.425,421,0,gap,44
13440,89472603,89472.603,339,0,gap,44
13441,89478424,89478.424,387,0,gap,44
13442,89488432,89488.432,386,0,gap,44
13443,89492625,89492.625,345,0,gap,44
13444,89498432,89498.432,389,0,gap,44
13445,89508424,89508.424,368,0,gap,44
13446,89512619,89512.619,352,0,gap,44
13447,89518424,89518.424,351,0,gap,44
13448,89528432,89528.432,384,0,gap,44
13449,89532646,89532.646,343,0,gap,44
13450,89538431,89538.431,327,0,gap,44
13451,89548424,89548.424,395,0,gap,44
13452,89552656,89552.656,320,0,gap,44
13453,89558423,89558.423,318,0,gap,44
13454,89568432,89568.432,364,0,gap,44
13455,89572698,89572.698,295,0,gap,44
13456,89578431,89578.431,349,0,gap,44
13457,89588424,89588.424,337,0,gap,44
13458,89592697,89592.697,295,0,gap,44
13459,89598423,89598.423,336,0,gap,44
13460,89608432,89608.432,331,0,gap,44
13461,89612719,89612.719,304,0,gap,44
13462,89618431,89618.431,314,0,gap,44
13463,89628424,89628.424,345,0,gap,44
13464,89632726,89632.726,301,0,gap,44
13465,89638411,89638.411,272,0,gap,44
13466,89648432,89648.432,355,0,gap,44
13467,89652759,89652.759,272,0,gap,44
13468,89657082,89657.082,253,0,gap,44
13469,89668425,89668.425,358,0,gap,44
13470,89672758,89672.758,257,0,gap,44
13471,89677094,89677.094,282,0,gap,44
13472,89688433,89688.433,310,0,gap,44
13473,89692783,89692.783,266,0,gap,44
13474,89697126,89697.126,274,0,gap,44
13475,89708425,89708.425,291,0,gap,44
13476,89712773,89712.773,281,0,gap,44
13477,89717125,89717.125,259,0,gap,44
13478,89728433,89728.433,318,0,gap,44
13479,89732807,89732.807,261,0,gap,44
13480,89737165,89737.165,235,0,gap,44
13481,89748425,89748.425,342,0,gap,44
13482,89752797,89752.797,235,0,gap,44
13483,89757168,89757.168,208,0,gap,44
13484,89768436,89768.436,325,0,gap,44
13485,89772822,89772.822,208,0,gap,44
13486,89777199,89777.199,240,0,gap,44
13487,89788424,89788.424,282,0,gap,44
13488,89792816,89792.816,238,0,gap,44
13489,89797211,89797.211,256,0,gap,44
13490,89808432,89808.432,275,0,gap,44
13491,89815602,89815.602,276,0,gap,44
13492,89819762,89819.762,201,0,gap,44
13493,89828423,89828.423,274,0,gap,44
13494,89832561,89832.561,221,0,gap,44
13495,89838424,89838.424,214,0,gap,44
13496,89848432,89848.432,295,0,gap,44
13497,89852594,89852.594,206,0,gap,44
13498,89858432,89858.432,215,0,gap,44
13499,89868424,89868.424,277,0,gap,44
13500,89872589,89872.589,176,0,gap,44
13501,89878424,89878.424,248,0,gap,44
13502,89888432,89888.432,239,0,gap,44
13503,89892615,89892.615,195,0,gap,44
13504,89898431,89898.431,247,0,gap,44
13505,89908424,89908.424,222,0,gap,44
13506,89912622,89912.622,212,0,gap,44
13507,89918423,89918.423,215,0,gap,44
13508,89928432,89928.432,253,0,gap,44
13509,89932632,89932.632,200,0,gap,44
13510,89938431,89938.431,189,0,gap,44
13511,89948424,89948.424,277,0,gap,44
13512,89952638,89952.638,181,0,gap,44
13513,89958423,89958.423,176,0,gap,44
13514,89968432,89968.432,251,0,gap,44
13515,89972654,89972.654,155,0,gap,44
13516,89978435,89978.435,206,0,gap,44
13517,89988424,89988.424,210,0,gap,44
13518,89992687,89992.687,172,0,gap,44
13519,89998411,89998.411,204,0,gap,44
13520,90008432,90008.432,191,0,gap,44
13521,90012710,90012.71,181,0,gap,44
13522,90016988,90016.988,167,0,gap,44
13523,90028425,90028.425,240,0,gap,44
13524,90032709,90032.709,181,0,gap,44
13525,90036988,90036.988,163,0,gap,44
13526,90048433,90048.433,1857,1,pulse,45
13527,90052836,90052.836,4095,1,pulse,45
13528,90058427,90058.427,4095,1,pulse,45
13529,90068420,90068.42,4095,1,pulse,45
13530,90072682,90072.682,4095,1,pulse,45
13531,90078420,90078.42,4095,1,pulse,45
13532,90088429,90088.429,4095,0,gap,45
13533,90092922,90092.922,2997,0,gap,45
13534,90098432,90098.432,2841,0,gap,45
13535,90108425,90108.425,2755,0,gap,45
13536,90112786,90112.786,2736,0,gap,45
13537,90128415,90128.415,2686,0,gap,45
13538,90132779,90132.779,2642,0,gap,45
13539,90137134,90137.134,2634,0,gap,45
13540,90148431,90148.431,2597,0,gap,45
13541,90152805,90152.805,2559,0,gap,45
13542,90157178,90157.178,2549,0,gap,45
13543,90168423,90168.423,2532,0,gap,45
13544,90172807,90172.807,2507,0,gap,45
13545,90177186,90177.186,2496,0,gap,45
13546,90188431,90188.431,2448,0,gap,45
13547,90192829,90192.829,2441,0,gap,45
13548,90197213,90197.213,2417,0,gap,45
13549,90208424,90208.424,2407,0,gap,45
13550,90212827,90212.827,2384,0,gap,45
13551,90217225,90217.225,2367,0,gap,45
13552,90228436,90228.436,2336,0,gap,45
13553,90232845,90232.845,2311,0,gap,45
13554,90240018,90240.018,2294,0,gap,45
13555,90244160,90244.16,2277,0,gap,45
13556,90258432,90258.432,2251,0,gap,45
13557,90262582,90262.582,2229,0,gap,45
13558,90266743,90266.743,2224,0,gap,45
13559,90278424,90278.424,2194,0,gap,45
13560,90282594,90282.594,2165,0,gap,45
13561,90286757,90286.757,2137,0,gap,45
13562,90298432,90298.432,2125,0,gap,45
13563,90302613,90302.613,2115,0,gap,45
13564,90306789,90306.789,2085,0,gap,45
13565,90318424,90318.424,2057,0,gap,45
13566,90322616,90322.616,2038,0,gap,45
13567,90326809,90326.809,2021,0,gap,45
13568,90338436,90338.436,1997,0,gap,45
13569,90342639,90342.639,1991,0,gap,45
13570,90346841,90346.841,1983,0,gap,45
13571,90358424,90358.424,1953,0,gap,45
13572,90362637,90362.637,1921,0,gap,45
13573,90366845,90366.845,1911,0,gap,45
13574,90378432,90378.432,1904,0,gap,45
13575,90382663,90382.663,1872,0,gap,45
13576,90386883,90386.883,1862,0,gap,45
13577,90398424,90398.424,1843,0,gap,45
13578,90402663,90402.663,1811,0,gap,45
13579,90406942,90406.942,1792,0,gap,45
13580,90418432,90418.432,1760,0,gap,45
13581,90422712,90422.712,1760,0,gap,45
13582,90426980,90426.98,1741,0,gap,45
13583,90438424,90438.424,1731,0,gap,45
13584,90442720,90442.72,1712,0,gap,45
13585,90447002,90447.002,1694,0,gap,45
13586,90458433,90458.433,1677,0,gap,45
13587,90462729,90462.729,1665,0,gap,45
13588,90467026,90467.026,1641,0,gap,45
13589,90478425,90478.425,1619,0,gap,45
13590,90482744,90482.744,1611,0,gap,45
13591,90487064,90487.064,1581,0,gap,45
13592,90498433,90498.433,1580,0,gap,45
13593,90502770,90502.77,1535,0,gap,45
13594,90507106,90507.106,1533,0,gap,45
13595,90518429,90518.429,1519,0,gap,45
13596,90522780,90522.78,1486,0,gap,45
13597,90528415,90528.415,1488,0,gap,45
13598,90538432,90538.432,1461,0,gap,45
13599,90542792,90542.792,1457,0,gap,45
13600,90548435,90548.435,1446,0,gap,45
13601,90558424,90558.424,1414,0,gap,45
13602,90562794,90562.794,1405,0,gap,45
13603,90568423,90568.423,1393,0,gap,45
13604,90578432,90578.432,1381,0,gap,45
13605,90582808,90582.808,1369,0,gap,45
13606,90588431,90588.431,1342,0,gap,45
13607,90598424,90598.424,1327,0,gap,45
13608,90602814,90602.814,1301,0,gap,45
13609,90608424,90608.424,1307,0,gap,45
13610,90618432,90618.432,1295,0,gap,45
13611,90622836,90622.836,1264,0,gap,45
13612,90628432,90628.432,1262,0,gap,45
13613,90638425,90638.425,1230,0,gap,45
13614,90642834,90642.834,1225,0,gap,45
13615,90648424,90648.424,1230,0,gap,45
13616,90655607,90655.607,1200,0,gap,45
13617,90668425,90668.425,1194,0,gap,45
13618,90672568,90672.568,1157,0,gap,45
13619,90676708,90676.708,1155,0,gap,45
13620,90688432,90688.432,1136,0,gap,45
13621,90692592,90692.592,1141,0,gap,45
13622,90696752,90696.752,1125,0,gap,45
13623,90708424,90708.424,1110,0,gap,45
13624,90712599,90712.599,1101,0,gap,45
13625,90716770,90716.77,1079,0,gap,45
13626,90728432,90728.432,1083,0,gap,45
13627,90732621,90732.621,1073,0,gap,45
13628,90736798,90736.798,1023,0,gap,45
13629,90748424,90748.424,1054,0,gap,45
13630,90752622,90752.622,1014,0,gap,45
13631,90756822,90756.822,1001,0,gap,45
13632,90768436,90768.436,989,0,gap,45
13633,90772647,90772.647,978,0,gap,45
13634,90776849,90776.849,967,0,gap,45
13635,90788424,90788.424,944,0,gap,45
13636,90792638,90792.638,944,0,gap,45
13637,90796858,90796.858,947,0,gap,45
13638,90808432,90808.432,942,0,gap,45
13639,90812667,90812.667,934,0,gap,45
13640,90816892,90816.892,902,0,gap,45
13641,90828424,90828.424,910,0,gap,45
13642,90832694,90832.694,880,0,gap,45
13643,90836971,90836.971,870,0,gap,45
13644,90848432,90848.432,885,0,gap,45
13645,90852716,90852.716,849,0,gap,45
13646,90856988,90856.988,831,0,gap,45
13647,90868424,90868.424,850,0,gap,45
13648,90872719,90872.719,814,0,gap,45
13649,90877012,90877.012,837,0,gap,45
13650,90888432,90888.432,822,0,gap,45
13651,90892744,90892.744,798,0,gap,45
13652,90897049,90897.049,799,0,gap,45
13653,90908424,90908.424,783,0,gap,45
13654,90912758,90912.758,784,0,gap,45
13655,90917092,90917.092,761,0,gap,45
13656,90928431,90928.431,782,0,gap,45
13657,90932780,90932.78,742,0,gap,45
13658,90937115,90937.115,733,0,gap,45
13659,90948427,90948.427,778,0,gap,45
13660,90952774,90952.774,714,0,gap,45
13661,90957127,90957.127,691,0,gap,45
13662,90968431,90968.431,738,0,gap,45
13663,90972799,90972.799,698,0,gap,45
13664,90977158,90977.158,714,0,gap,45
13665,90988423,90988.423,697,0,gap,45
13666,90992793,90992.793,688,0,gap,45
13667,90997169,90997.169,689,0,gap,45
13668,91008431,91008.431,678,0,gap,45
13669,91012818,91012.818,672,0,gap,45
13670,91017193,91017.193,653,0,gap,45
13671,91028415,91028.415,681,0,gap,45
13672,91032804,91032.804,641,0,gap,45
13673,91037192,91037.192,625,0,gap,45
13674,91048415,91048.415,663,0,gap,45
13675,91052826,91052.826,611,0,gap,45
13676,91057216,91057.216,607,0,gap,45
13677,91061628,91061.628,624,0,gap,45
13678,91068433,91068.433,612,0,gap,45
13679,91075605,91075.605,621,0,gap,45
13680,91088436,91088.436,606,0,gap,45
13681,91092590,91092.59,575,0,gap,45
13682,91096732,91096.732,581,0,gap,45
13683,91108423,91108.423,579,0,gap,45
13684,91112586,91112.586,561,0,gap,45
13685,91116748,91116.748,553,0,gap,45
13686,91128431,91128.431,609,0,gap,45
13687,91132613,91132.613,555,0,gap,45
13688,91136783,91136.783,524,0,gap,45
13689,91148423,91148.423,581,0,gap,45
13690,91152611,91152.611,505,0,gap,45
13691,91156804,91156.804,501,0,gap,45
13692,91168431,91168.431,566,0,gap,45
13693,91172638,91172.638,496,0,gap,45
13694,91176833,91176.833,496,0,gap,45
13695,91188423,91188.423,534,0,gap,45
13696,91192636,91192.636,483,0,gap,45
13697,91196845,91196.845,509,0,gap,45
13698,91208431,91208.431,511,0,gap,45
13699,91212655,91212.655,493,0,gap,45
13700,91216873,91216.873,487,0,gap,45
13701,91228423,91228.423,533,0,gap,45
13702,91232661,91232.661,462,0,gap,45
13703,91236900,91236.9,442,0,gap,45
13704,91248431,91248.431,541,0,gap,45
13705,91252707,91252.707,437,0,gap,45
13706,91256975,91256.975,442,0,gap,45
13707,91268427,91268.427,493,0,gap,45
13708,91272706,91272.706,426,0,gap,45
13709,91276989,91276.989,432,0,gap,45
13710,91288431,91288.431,448,0,gap,45
13711,91292732,91292.732,431,0,gap,45
13712,91297025,91297.025,432,0,gap,45
13713,91308415,91308.415,459,0,gap,45
13714,91312727,91312.727,434,0,gap,45
13715,91317041,91317.041,420,0,gap,45
13716,91328419,91328.419,473,0,gap,45
13717,91332756,91332.756,406,0,gap,45
13718,91337089,91337.089,377,0,gap,45
13719,91348411,91348.411,455,0,gap,45
13720,91352754,91352.754,379,0,gap,45
13721,91357096,91357.096,358,0,gap,45
13722,91368415,91368.415,440,0,gap,45
13723,91372780,91372.78,352,0,gap,45
13724,91377128,91377.128,382,0,gap,45
13725,91388411,91388.411,405,0,gap,45
13726,91392774,91392.774,373,0,gap,45
13727,91397139,91397.139,375,0,gap,45
13728,91408419,91408.419,390,0,gap,45
13729,91412799,91412.799,386,0,gap,45
13730,91417167,91417.167,361,0,gap,45
13731,91421553,91421.553,330,0,gap,45
13732,91428433,91428.433,390,0,gap,45
13733,91438425,91438.425,384,0,gap,45
13734,91442813,91442.813,355,0,gap,45
13735,91448424,91448.424,375,0,gap,45
13736,91458433,91458.433,368,0,gap,45
13737,91462835,91462.835,358,0,gap,45
13738,91468432,91468.432,336,0,gap,45
13739,91478429,91478.429,383,0,gap,45
13740,91482836,91482.836,329,0,gap,45
13741,91488424,91488.424,316,0,gap,45
13742,91495584,91495.584,368,0,gap,45
13743,91508424,91508.424,354,0,gap,45
13744,91512574,91512.574,330,0,gap,45
13745,91516724,91516.724,302,0,gap,45
13746,91528431,91528.431,373,0,gap,45
13747,91532598,91532.598,310,0,gap,45
13748,91536760,91536.76,281,0,gap,45
13749,91548423,91548.423,393,0,gap,45
13750,91552605,91552.605,288,0,gap,45
13751,91556779,91556.779,259,0,gap,45
13752,91568431,91568.431,356,0,gap,45
13753,91572624,91572.624,269,0,gap,45
13754,91576808,91576.808,289,0,gap,45
13755,91588427,91588.427,310,0,gap,45
13756,91592631,91592.631,278,0,gap,45
13757,91596830,91596.83,283,0,gap,45
13758,91608431,91608.431,320,0,gap,45
13759,91612645,91612.645,288,0,gap,45
13760,91616857,91616.857,263,0,gap,45
13761,91628423,91628.423,349,0,gap,45
13762,91632643,91632.643,272,0,gap,45
13763,91636862,91636.862,247,0,gap,45
13764,91648431,91648.431,339,0,gap,45
13765,91652670,91652.67,240,0,gap,45
13766,91656909,91656.909,228,0,gap,45
13767,91668423,91668.423,310,0,gap,45
13768,91672695,91672.695,229,0,gap,45
13769,91676971,91676.971,250,0,gap,45
13770,91688431,91688.431,284,0,gap,45
13771,91692726,91692.726,242,0,gap,45
13772,91697005,91697.005,264,0,gap,45
13773,91708423,91708.423,280,0,gap,45
13774,91712717,91712.717,256,0,gap,45
13775,91717013,91717.013,239,0,gap,45
13776,91728423,91728.423,311,0,gap,45
13777,91732738,91732.738,239,0,gap,45
13778,91737045,91737.045,213,0,gap,45
13779,91748415,91748.415,308,0,gap,45
13780,91752748,91752.748,213,0,gap,45
13781,91757080,91757.08,192,0,gap,45
13782,91768415,91768.415,288,0,gap,45
13783,91772766,91772.766,192,0,gap,45
13784,91777104,91777.104,207,0,gap,45
13785,91788411,91788.411,257,0,gap,45
13786,91792760,91792.76,219,0,gap,45
13787,91797115,91797.115,240,0,gap,45
13788,91808415,91808.415,256,0,gap,45
13789,91812785,91812.785,226,0,gap,45
13790,91817139,91817.139,197,0,gap,45
13791,91828411,91828.411,288,0,gap,45
13792,91832787,91832.787,214,0,gap,45
13793,91837162,91837.162,187,0,gap,45
13794,91841537,91841.537,180,0,gap,45
13795,91848425,91848.425,240,0,gap,45
13796,91858433,91858.433,230,1,pulse,46
13797,91862924,91862.924,4095,1,pulse,46
13798,91878415,91878.415,4095,1,pulse,46
13799,91882752,91882.752,4095,1,pulse,46
13800,91887076,91887.076,4095,1,pulse,46
13801,91898420,91898.42,4095,0,gap,46
13802,91902984,91902.984,3010,0,gap,46
13803,91907406,91907.406,2913,0,gap,46
13804,91918431,91918.431,2768,0,gap,46
13805,91925473,91925.473,2741,0,gap,46
13806,91929629,91929.629,2708,0,gap,46
13807,91938428,91938.428,2673,0,gap,46
13808,91942593,91942.593,2642,0,gap,46
13809,91948424,91948.424,2637,0,gap,46
13810,91958433,91958.433,2593,0,gap,46
13811,91962617,91962.617,2559,0,gap,46
13812,91968432,91968.432,2550,0,gap,46
13813,91978425,91978.425,2520,0,gap,46
13814,91982613,91982.613,2496,0,gap,46
13815,91988424,91988.424,2487,0,gap,46
13816,91998433,91998.433,2461,0,gap,46
13817,92002643,92002.643,2445,0,gap,46
13818,92018415,92018.415,2409,0,gap,46
13819,92022633,92022.633,2395,0,gap,46
13820,92026837,92026.837,2383,0,gap,46
13821,92038423,92038.423,2341,0,gap,46
13822,92042643,92042.643,2335,0,gap,46
13823,92046870,92046.87,2317,0,gap,46
13824,92058432,92058.432,2286,0,gap,46
13825,92062669,92062.669,2258,0,gap,46
13826,92066895,92066.895,2253,0,gap,46
13827,92078424,92078.424,2226,0,gap,46
13828,92082664,92082.664,2208,0,gap,46
13829,92086921,92086.921,2174,0,gap,46
13830,92098432,92098.432,2166,0,gap,46
13831,92102722,92102.722,2143,0,gap,46
13832,92107000,92107.0,2130,0,gap,46
13833,92118424,92118.424,2090,0,gap,46
13834,92122726,92122.726,2076,0,gap,46
13835,92127019,92127.019,2064,0,gap,46
13836,92138432,92138.432,2043,0,gap,46
13837,92142739,92142.739,2021,0,gap,46
13838,92147042,92147.042,2006,0,gap,46
13839,92158428,92158.428,1987,0,gap,46
13840,92162754,92162.754,1960,0,gap,46
13841,92167081,92167.081,1954,0,gap,46
13842,92178432,92178.432,1934,0,gap,46
13843,92182780,92182.78,1911,0,gap,46
13844,92187122,92187.122,1895,0,gap,46
13845,92198424,92198.424,1864,0,gap,46
13846,92202781,92202.781,1839,0,gap,46
13847,92207134,92207.134,1840,0,gap,46
13848,92218432,92218.432,1796,0,gap,46
13849,92222799,92222.799,1795,0,gap,46
13850,92227166,92227.166,1777,0,gap,46
13851,92238425,92238.425,1750,0,gap,46
13852,92242801,92242.801,1728,0,gap,46
13853,92247173,92247.173,1719,0,gap,46
13854,92258433,92258.433,1695,0,gap,46
13855,92262823,92262.823,1686,0,gap,46
13856,92267205,92267.205,1672,0,gap,46
13857,92278425,92278.425,1648,0,gap,46
13858,92282821,92282.821,1623,0,gap,46
13859,92288411,92288.411,1616,0,gap,46
13860,92298432,92298.432,1603,0,gap,46
13861,92302842,92302.842,1573,0,gap,46
13862,92308431,92308.431,1566,0,gap,46
13863,92318424,92318.424,1535,0,gap,46
13864,92322840,92322.84,1517,0,gap,46
13865,92328423,92328.423,1515,0,gap,46
13866,92338432,92338.432,1488,0,gap,46
13867,92345621,92345.621,1481,0,gap,46
13868,92349803,92349.803,1466,0,gap,46
13869,92358423,92358.423,1441,0,gap,46
13870,92362580,92362.58,1423,0,gap,46
13871,92368428,92368.428,1411,0,gap,46
13872,92378433,92378.433,1399,0,gap,46
13873,92382614,92382.614,1373,0,gap,46
13874,92388432,92388.432,1364,0,gap,46
13875,92398425,92398.425,1350,0,gap,46
13876,92402610,92402.61,1343,0,gap,46
13877,92418411,92418.411,1312,0,gap,46
13878,92422618,92422.618,1287,0,gap,46
13879,92426816,92426.816,1294,0,gap,46
13880,92438431,92438.431,1264,0,gap,46
13881,92442646,92442.646,1264,0,gap,46
13882,92446852,92446.852,1249,0,gap,46
13883,92458424,92458.424,1221,0,gap,46
13884,92462640,92462.64,1229,0,gap,46
13885,92466860,92466.86,1194,0,gap,46
13886,92478432,92478.432,1197,0,gap,46
13887,92482671,92482.671,1168,0,gap,46
13888,92486893,92486.893,1159,0,gap,46
13889,92498424,92498.424,1163,0,gap,46
13890,92502661,92502.661,1134,0,gap,46
13891,92506902,92506.902,1119,0,gap,46
13892,92518432,92518.432,1110,0,gap,46
13893,92522721,92522.721,1098,0,gap,46
13894,92526996,92526.996,1087,0,gap,46
13895,92538424,92538.424,1074,0,gap,46
13896,92542714,92542.714,1069,0,gap,46
13897,92547007,92547.007,1066,0,gap,46
13898,92558432,92558.432,1047,0,gap,46
13899,92562741,92562.741,1040,0,gap,46
13900,92567037,92567.037,1008,0,gap,46
13901,92578424,92578.424,1014,0,gap,46
13902,92582739,92582.739,988,0,gap,46
13903,92587065,92587.065,970,0,gap,46
13904,92598432,92598.432,982,0,gap,46
13905,92602780,92602.78,943,0,gap,46
13906,92607116,92607.116,935,0,gap,46
13907,92618424,92618.424,949,0,gap,46
13908,92622774,92622.774,921,0,gap,46
13909,92627131,92627.131,915,0,gap,46
13910,92638432,92638.432,894,0,gap,46
13911,92642799,92642.799,894,0,gap,46
13912,92647154,92647.154,885,0,gap,46
13913,92658424,92658.424,901,0,gap,46
13914,92662797,92662.797,875,0,gap,46
13915,92667170,92667.17,850,0,gap,46
13916,92678432,92678.432,863,0,gap,46
13917,92682819,92682.819,830,0,gap,46
13918,92687193,92687.193,805,0,gap,46
13919,92698428,92698.428,839,0,gap,46
13920,92702816,92702.816,806,0,gap,46
13921,92707209,92707.209,791,0,gap,46
13922,92718432,92718.432,816,0,gap,46
13923,92722838,92722.838,759,0,gap,46
13924,92727232,92727.232,783,0,gap,46
13925,92738424,92738.424,754,0,gap,46
13926,92742832,92742.832,767,0,gap,46
13927,92747243,92747.243,761,0,gap,46
13928,92758431,92758.431,757,0,gap,46
13929,92762855,92762.855,732,0,gap,46
13930,92770039,92770.039,721,0,gap,46
13931,92774191,92774.191,713,0,gap,46
13932,92788431,92788.431,725,0,gap,46
13933,92792595,92792.595,715,0,gap,46
13934,92796762,92796.762,690,0,gap,46
13935,92808427,92808.427,716,0,gap,46
13936,92812608,92812.608,688,0,gap,46
13937,92816792,92816.792,655,0,gap,46
13938,92828431,92828.431,698,0,gap,46
13939,92832623,92832.623,656,0,gap,46
13940,92836812,92836.812,624,0,gap,46
13941,92848423,92848.423,689,0,gap,46
13942,92852629,92852.629,627,0,gap,46
13943,92856832,92856.832,619,0,gap,46
13944,92868431,92868.431,656,0,gap,46
13945,92872647,92872.647,592,0,gap,46
13946,92876863,92876.863,635,0,gap,46
13947,92888423,92888.423,617,0,gap,46
13948,92892650,92892.65,592,0,gap,46
13949,92896871,92896.871,602,0,gap,46
13950,92908431,92908.431,619,0,gap,46
13951,92912676,92912.676,589,0,gap,46
13952,92916905,92916.905,563,0,gap,46
13953,92928423,92928.423,605,0,gap,46
13954,92932676,92932.676,563,0,gap,46
13955,92936960,92936.96,529,0,gap,46
13956,92948431,92948.431,593,0,gap,46
13957,92952728,92952.728,528,0,gap,46
13958,92957009,92957.009,535,0,gap,46
13959,92968423,92968.423,578,0,gap,46
13960,92972724,92972.724,507,0,gap,46
13961,92977019,92977.019,534,0,gap,46
13962,92988419,92988.419,535,0,gap,46
13963,92992729,92992.729,523,0,gap,46
13964,92997039,92997.039,511,0,gap,46
13965,93008415,93008.415,551,0,gap,46
13966,93012744,93012.744,496,0,gap,46
13967,93017078,93017.078,471,0,gap,46
13968,93028415,93028.415,538,0,gap,46
13969,93032765,93032.765,485,0,gap,46
13970,93037111,93037.111,447,0,gap,46
13971,93048411,93048.411,547,0,gap,46
13972,93052775,93052.775,444,0,gap,46
13973,93057139,93057.139,448,0,gap,46
13974,93068415,93068.415,496,0,gap,46
13975,93072785,93072.785,437,0,gap,46
13976,93077150,93077.15,469,0,gap,46
13977,93088411,93088.411,471,0,gap,46
13978,93092795,93092.795,450,0,gap,46
13979,93097170,93097.17,453,0,gap,46
13980,93101555,93101.555,416,0,gap,46
13981,93108425,93108.425,435,0,gap,46
13982,93118433,93118.433,462,0,gap,46
13983,93122832,93122.832,400,0,gap,46
13984,93128432,93128.432,445,0,gap,46
13985,93138425,93138.425,436,0,gap,46
13986,93142830,93142.83,427,0,gap,46
13987,93148424,93148.424,425,0,gap,46
13988,93158432,93158.432,435,0,gap,46
13989,93162852,93162.852,410,0,gap,46
13990,93168432,93168.432,384,0,gap,46
13991,93178424,93178.424,458,0,gap,46
13992,93185613,93185.613,407,0,gap,46
13993,93189801,93189.801,368,0,gap,46
13994,93198431,93198.431,439,0,gap,46
13995,93202592,93202.592,368,0,gap,46
13996,93208432,93208.432,384,0,gap,46
13997,93218425,93218.425,411,0,gap,46
13998,93222602,93222.602,337,0,gap,46
13999,93228428,93228.428,386,0,gap,46
14000,93238432,93238.432,369,0,gap,46
14001,93242621,93242.621,365,0,gap,46
14002,93248432,93248.432,379,0,gap,46
14003,93258424,93258.424,384,0,gap,46
14004,93262623,93262.623,357,0,gap,46
14005,93268424,93268.424,353,0,gap,46
14006,93278432,93278.432,401,0,gap,46
14007,93282650,93282.65,335,0,gap,46
14008,93288431,93288.431,327,0,gap,46
14009,93298424,93298.424,405,0,gap,46
14010,93302648,93302.648,304,0,gap,46
14011,93308423,93308.423,336,0,gap,46
14012,93318432,93318.432,373,0,gap,46
14013,93322670,93322.67,304,0,gap,46
14014,93328431,93328.431,349,0,gap,46
14015,93338428,93338.428,341,0,gap,46
14016,93342670,93342.67,307,0,gap,46
14017,93348423,93348.423,330,0,gap,46
14018,93358432,93358.432,336,0,gap,46
14019,93362723,93362.723,311,0,gap,46
14020,93368431,93368.431,304,0,gap,46
14021,93378424,93378.424,371,0,gap,46
14022,93382718,93382.718,276,0,gap,46
14023,93388411,93388.411,273,0,gap,46
14024,93398432,93398.432,364,0,gap,46
14025,93402744,93402.744,264,0,gap,46
14026,93407047,93407.047,267,0,gap,46
14027,93418425,93418.425,332,0,gap,46
14028,93422747,93422.747,258,0,gap,46
14029,93427078,93427.078,298,0,gap,46
14030,93438433,93438.433,308,0,gap,46
14031,93442788,93442.788,267,0,gap,46
14032,93447127,93447.127,270,0,gap,46
14033,93458425,93458.425,294,0,gap,46
14034,93462778,93462.778,272,0,gap,46
14035,93467135,93467.135,256,0,gap,46
14036,93478433,93478.433,333,0,gap,46
14037,93482808,93482.808,242,0,gap,46
14038,93487166,93487.166,224,0,gap,46
14039,93498425,93498.425,331,0,gap,46
14040,93502797,93502.797,228,0,gap,46
14041,93507173,93507.173,226,0,gap,46
14042,93518432,93518.432,304,0,gap,46
14043,93522823,93522.823,224,0,gap,46
14044,93527201,93527.201,240,0,gap,46
14045,93538424,93538.424,278,0,gap,46
14046,93542817,93542.817,240,0,gap,46
14047,93547216,93547.216,246,0,gap,46
14048,93558432,93558.432,262,0,gap,46
14049,93562842,93562.842,241,0,gap,46
14050,93567240,93567.24,224,0,gap,46
14051,93578424,93578.424,313,0,gap,46
14052,93582836,93582.836,223,0,gap,46
14053,93587255,93587.255,193,0,gap,46
14054,93598432,93598.432,298,0,gap,46
14055,93605614,93605.614,223,0,gap,46
14056,93609766,93609.766,213,0,gap,46
14057,93618423,93618.423,246,0,gap,46
14058,93622587,93622.587,201,0,gap,46
14059,93628424,93628.424,241,0,gap,46
14060,93638432,93638.432,235,0,gap,46
14061,93642617,93642.617,218,0,gap,46
14062,93648432,93648.432,243,0,gap,46
14063,93658428,93658.428,246,0,gap,46
14064,93662616,93662.616,227,0,gap,46
14065,93668423,93668.423,196,0,gap,46
14066,93678432,93678.432,275,0,gap,46
14067,93682642,93682.642,194,0,gap,46
14068,93688431,93688.431,178,0,gap,46
14069,93698424,93698.424,258,0,gap,46
14070,93702636,93702.636,181,0,gap,46
14071,93708423,93708.423,204,0,gap,46
14072,93718432,93718.432,234,0,gap,46
14073,93722662,93722.662,163,0,gap,46
14074,93728431,93728.431,208,0,gap,46
14075,93738424,93738.424,206,0,gap,46
14076,93742661,93742.661,190,0,gap,46
14077,93748423,93748.423,204,0,gap,46
14078,93758432,93758.432,214,0,gap,46
14079,93762692,93762.692,193,0,gap,46
14080,93768419,93768.419,167,0,gap,46
14081,93778424,93778.424,240,0,gap,46
14082,93782713,93782.713,167,0,gap,46
14083,93788411,93788.411,159,0,gap,46
14084,93798432,93798.432,238,0,gap,46
14085,93802740,93802.74,142,0,gap,46
14086,93807032,93807.032,143,0,gap,46
14087,93818425,93818.425,228,0,gap,46
14088,93822731,93822.731,130,0,gap,46
14089,93827045,93827.045,171,0,gap,46
14090,93838433,93838.433,178,0,gap,46
14091,93842765,93842.765,165,0,gap,46
14092,93847092,93847.092,164,0,gap,46
14093,93858425,93858.425,208,0,gap,46
14094,93862771,93862.771,182,0,gap,46
14095,93867125,93867.125,136,0,gap,46
14096,93878433,93878.433,232,0,gap,46
14097,93882797,93882.797,145,0,gap,46
14098,93887148,93887.148,101,0,gap,46
14099,93898424,93898.424,247,0,gap,46
14100,93902790,93902.79,122,0,gap,46
14101,93907163,93907.163,125,0,gap,46
14102,93918432,93918.432,214,0,gap,46
14103,93922816,93922.816,113,0,gap,46
14104,93927187,93927.187,148,0,gap,46
14105,93938424,93938.424,156,0,gap,46
14106,93942814,93942.814,127,0,gap,46
14107,93947203,93947.203,137,0,gap,46
14108,93958432,93958.432,192,0,gap,46
14109,93962835,93962.835,139,0,gap,46
14110,93967226,93967.226,112,0,gap,46
14111,93978428,93978.428,196,0,gap,46
14112,93982833,93982.833,134,0,gap,46
14113,93987241,93987.241,94,0,gap,46
14114,93998432,93998.432,210,0,gap,46
14115,94002854,94002.854,98,0,gap,46
14116,94007263,94007.263,106,0,gap,46
14117,94018424,94018.424,197,0,gap,46
14118,94025598,94025.598,155,0,gap,46
14119,94029760,94029.76,128,0,gap,46
14120,94038431,94038.431,139,1,pulse,47
14121,94042695,94042.695,4095,1,pulse,47
14122,94048428,94048.428,4095,1,pulse,47
14123,94058421,94058.421,4095,1,pulse,47
14124,94062536,94062.536,4095,1,pulse,47
14125,94078419,94078.419,4095,0,gap,47
14126,94082767,94082.767,2986,0,gap,47
14127,94086965,94086.965,2911,0,gap,47
14128,94098431,94098.431,2752,0,gap,47
14129,94102644,94102.644,2718,0,gap,47
14130,94106852,94106.852,2697,0,gap,47
14131,94118428,94118.428,2657,0,gap,47
14132,94122651,94122.651,2650,0,gap,47
14133,94126870,94126.87,2613,0,gap,47
14134,94138432,94138.432,2559,0,gap,47
14135,94142665,94142.665,2559,0,gap,47
14136,94146894,94146.894,2553,0,gap,47
14137,94158424,94158.424,2511,0,gap,47
14138,94162663,94162.663,2486,0,gap,47
14139,94166906,94166.906,2477,0,gap,47
14140,94178432,94178.432,2447,0,gap,47
14141,94182691,94182.691,2429,0,gap,47
14142,94186950,94186.95,2417,0,gap,47
14143,94198424,94198.424,2385,0,gap,47
14144,94202716,94202.716,2362,0,gap,47
14145,94207012,94207.012,2355,0,gap,47
14146,94218432,94218.432,2331,0,gap,47
14147,94222747,94222.747,2303,0,gap,47
14148,94227046,94227.046,2286,0,gap,47
14149,94238424,94238.424,2256,0,gap,47
14150,94242738,94242.738,2243,0,gap,47
14151,94247055,94247.055,2224,0,gap,47
14152,94258432,94258.432,2205,0,gap,47
14153,94262772,94262.772,2179,0,gap,47
14154,94267099,94267.099,2157,0,gap,47
14155,94278425,94278.425,2142,0,gap,47
14156,94282778,94282.778,2128,0,gap,47
14157,94287134,94287.134,2101,0,gap,47
14158,94298437,94298.437,2087,0,gap,47
14159,94302807,94302.807,2062,0,gap,47
14160,94307165,94307.165,2046,0,gap,47
14161,94318425,94318.425,2013,0,gap,47
14162,94322797,94322.797,2011,0,gap,47
14163,94328415,94328.415,1991,0,gap,47
14164,94338432,94338.432,1963,0,gap,47
14165,94342822,94342.822,1947,0,gap,47
14166,94348431,94348.431,1933,0,gap,47
14167,94358424,94358.424,1921,0,gap,47
14168,94362816,94362.816,1883,0,gap,47
14169,94368423,94368.423,1856,0,gap,47
14170,94378432,94378.432,1845,0,gap,47
14171,94382842,94382.842,1824,0,gap,47
14172,94388431,94388.431,1811,0,gap,47
14173,94398424,94398.424,1791,0,gap,47
14174,94402840,94402.84,1758,0,gap,47
14175,94408424,94408.424,1750,0,gap,47
14176,94418432,94418.432,1731,0,gap,47
14177,94422862,94422.862,1714,0,gap,47
14178,94428432,94428.432,1714,0,gap,47
14179,94438429,94438.429,1680,0,gap,47
14180,94442860,94442.86,1663,0,gap,47
14181,94449915,94449.915,1645,0,gap,47
14182,94458432,94458.432,1633,0,gap,47
14183,94462602,94462.602,1615,0,gap,47
14184,94478415,94478.415,1598,0,gap,47
14185,94482602,94482.602,1584,0,gap,47
14186,94486778,94486.778,1565,0,gap,47
14187,94498423,94498.423,1535,0,gap,47
14188,94502613,94502.613,1525,0,gap,47
14189,94506807,94506.807,1503,0,gap,47
14190,94518436,94518.436,1487,0,gap,47
14191,94522647,94522.647,1458,0,gap,47
14192,94526848,94526.848,1465,0,gap,47
14193,94538424,94538.424,1430,0,gap,47
14194,94542640,94542.64,1420,0,gap,47
14195,94546864,94546.864,1408,0,gap,47
14196,94558432,94558.432,1402,0,gap,47
14197,94562666,94562.666,1376,0,gap,47
14198,94566887,94566.887,1365,0,gap,47
14199,94578424,94578.424,1358,0,gap,47
14200,94582661,94582.661,1328,0,gap,47
14201,94586905,94586.905,1307,0,gap,47
14202,94598432,94598.432,1315,0,gap,47
14203,94602688,94602.688,1275,0,gap,47
14204,94606930,94606.93,1265,0,gap,47
14205,94618424,94618.424,1259,0,gap,47
14206,94622713,94622.713,1232,0,gap,47
14207,94627005,94627.005,1226,0,gap,47
14208,94638432,94638.432,1207,0,gap,47
14209,94642735,94642.735,1209,0,gap,47
14210,94647035,94647.035,1189,0,gap,47
14211,94658428,94658.428,1177,0,gap,47
14212,94662743,94662.743,1169,0,gap,47
14213,94667052,94667.052,1140,0,gap,47
14214,94678432,94678.432,1151,0,gap,47
14215,94682761,94682.761,1117,0,gap,47
14216,94687088,94687.088,1111,0,gap,47
14217,94698425,94698.425,1105,0,gap,47
14218,94702779,94702.779,1086,0,gap,47
14219,94707128,94707.128,1072,0,gap,47
14220,94718433,94718.433,1072,0,gap,47
14221,94722797,94722.797,1051,0,gap,47
14222,94727160,94727.16,1043,0,gap,47
14223,94738425,94738.425,1023,0,gap,47
14224,94742798,94742.798,1008,0,gap,47
14225,94748411,94748.411,1008,0,gap,47
14226,94758432,94758.432,993,0,gap,47
14227,94762819,94762.819,988,0,gap,47
14228,94768415,94768.415,974,0,gap,47
14229,94778424,94778.424,971,0,gap,47
14230,94782816,94782.816,927,0,gap,47
14231,94787204,94787.204,914,0,gap,47
14232,94798433,94798.433,941,0,gap,47
14233,94802839,94802.839,912,0,gap,47
14234,94807237,94807.237,903,0,gap,47
14235,94818425,94818.425,893,0,gap,47
14236,94822837,94822.837,885,0,gap,47
14237,94827244,94827.244,881,0,gap,47
14238,94838437,94838.437,854,0,gap,47
14239,94842859,94842.859,855,0,gap,47
14240,94847276,94847.276,848,0,gap,47
14241,94858425,94858.425,857,0,gap,47
14242,94862856,94862.856,830,0,gap,47
14243,94870057,94870.057,810,0,gap,47
14244,94874248,94874.248,812,0,gap,47
14245,94888424,94888.424,814,0,gap,47
14246,94892595,94892.595,790,0,gap,47
14247,94896765,94896.765,770,0,gap,47
14248,94908431,94908.431,789,0,gap,47
14249,94912626,94912.626,769,0,gap,47
14250,94916806,94916.806,750,0,gap,47
14251,94928423,94928.423,785,0,gap,47
14252,94932618,94932.618,723,0,gap,47
14253,94936817,94936.817,708,0,gap,47
14254,94948435,94948.435,752,0,gap,47
14255,94952647,94952.647,703,0,gap,47
14256,94956857,94956.857,702,0,gap,47
14257,94968423,94968.423,721,0,gap,47
14258,94972647,94972.647,687,0,gap,47
14259,94976870,94976.87,701,0,gap,47
14260,94988431,94988.431,687,0,gap,47
14261,94992665,94992.665,677,0,gap,47
14262,94996894,94996.894,667,0,gap,47
14263,95008423,95008.423,663,0,gap,47
14264,95012667,95012.667,656,0,gap,47
14265,95016911,95016.911,633,0,gap,47
14266,95028431,95028.431,677,0,gap,47
14267,95032687,95032.687,624,0,gap,47
14268,95036963,95036.963,610,0,gap,47
14269,95048423,95048.423,656,0,gap,47
14270,95052724,95052.724,590,0,gap,47
14271,95057016,95057.016,599,0,gap,47
14272,95068419,95068.419,624,0,gap,47
14273,95072727,95072.727,590,0,gap,47
14274,95077030,95077.03,601,0,gap,47
14275,95088419,95088.419,583,0,gap,47
14276,95092737,95092.737,581,0,gap,47
14277,95097050,95097.05,573,0,gap,47
14278,95108419,95108.419,597,0,gap,47
14279,95112755,95112.755,573,0,gap,47
14280,95117092,95117.092,522,0,gap,47
14281,95128411,95128.411,599,0,gap,47
14282,95132769,95132.769,528,0,gap,47
14283,95137121,95137.121,527,0,gap,47
14284,95148415,95148.415,576,0,gap,47
14285,95152782,95152.782,525,0,gap,47
14286,95157149,95157.149,528,0,gap,47
14287,95168411,95168.411,560,0,gap,47
14288,95172788,95172.788,487,0,gap,47
14289,95177160,95177.16,501,0,gap,47
14290,95181544,95181.544,491,0,gap,47
14291,95188429,95188.429,481,0,gap,47
14292,95198433,95198.433,543,0,gap,47
14293,95202826,95202.826,463,0,gap,47
14294,95208432,95208.432,493,0,gap,47
14295,95218425,95218.425,501,0,gap,47
14296,95222828,95222.828,459,0,gap,47
14297,95228424,95228.424,500,0,gap,47
14298,95238432,95238.432,487,0,gap,47
14299,95242845,95242.845,457,0,gap,47
14300,95248432,95248.432,460,0,gap,47
14301,95258424,95258.424,478,0,gap,47
14302,95262851,95262.851,448,0,gap,47
14303,95268423,95268.423,443,0,gap,47
14304,95278432,95278.432,494,0,gap,47
14305,95282865,95282.865,413,0,gap,47
14306,95290066,95290.066,435,0,gap,47
14307,95298427,95298.427,460,0,gap,47
14308,95302596,95302.596,397,0,gap,47
14309,95308424,95308.424,420,0,gap,47
14310,95318432,95318.432,443,0,gap,47
14311,95322618,95322.618,387,0,gap,47
14312,95328432,95328.432,432,0,gap,47
14313,95338424,95338.424,426,0,gap,47
14314,95342622,95342.622,399,0,gap,47
14315,95348424,95348.424,396,0,gap,47
14316,95358432,95358.432,425,0,gap,47
14317,95362643,95362.643,386,0,gap,47
14318,95368436,95368.436,390,0,gap,47
14319,95378424,95378.424,435,0,gap,47
14320,95382646,95382.646,357,0,gap,47
14321,95388423,95388.423,358,0,gap,47
14322,95398432,95398.432,429,0,gap,47
14323,95402668,95402.668,339,0,gap,47
14324,95408431,95408.431,368,0,gap,47
14325,95418424,95418.424,391,0,gap,47
14326,95422667,95422.667,337,0,gap,47
14327,95428423,95428.423,369,0,gap,47
14328,95438432,95438.432,371,0,gap,47
14329,95442689,95442.689,345,0,gap,47
14330,95448431,95448.431,370,0,gap,47
14331,95458424,95458.424,377,0,gap,47
14332,95462719,95462.719,354,0,gap,47
14333,95468411,95468.411,326,0,gap,47
14334,95478436,95478.436,389,0,gap,47
14335,95482746,95482.746,310,0,gap,47
14336,95487045,95487.045,295,0,gap,47
14337,95498425,95498.425,381,0,gap,47
14338,95502737,95502.737,293,0,gap,47
14339,95507057,95507.057,297,0,gap,47
14340,95518433,95518.433,355,0,gap,47
14341,95522767,95522.767,293,0,gap,47
14342,95527093,95527.093,317,0,gap,47
14343,95538425,95538.425,336,0,gap,47
14344,95542777,95542.777,314,0,gap,47
14345,95547137,95547.137,300,0,gap,47
14346,95558433,95558.433,351,0,gap,47
14347,95562803,95562.803,286,0,gap,47
14348,95567160,95567.16,277,0,gap,47
14349,95578425,95578.425,375,0,gap,47
14350,95582801,95582.801,271,0,gap,47
14351,95587176,95587.176,249,0,gap,47
14352,95598432,95598.432,355,0,gap,47
14353,95602822,95602.822,247,0,gap,47
14354,95607199,95607.199,256,0,gap,47
14355,95618428,95618.428,321,0,gap,47
14356,95622820,95622.82,255,0,gap,47
14357,95627215,95627.215,286,0,gap,47
14358,95638432,95638.432,296,0,gap,47
14359,95642841,95642.841,268,0,gap,47
14360,95647238,95647.238,261,0,gap,47
14361,95658424,95658.424,311,0,gap,47
14362,95662835,95662.835,267,0,gap,47
14363,95667249,95667.249,235,0,gap,47
14364,95678432,95678.432,328,0,gap,47
14365,95682861,95682.861,226,0,gap,47
14366,95687281,95687.281,209,0,gap,47
14367,95698424,95698.424,318,0,gap,47
14368,95705619,95705.619,246,0,gap,47
14369,95709815,95709.815,236,0,gap,47
14370,95718431,95718.431,272,0,gap,47
14371,95722610,95722.61,220,0,gap,47
14372,95728432,95728.432,270,0,gap,47
14373,95738424,95738.424,250,0,gap,47
14374,95742611,95742.611,233,0,gap,47
14375,95748424,95748.424,241,0,gap,47
14376,95758432,95758.432,274,0,gap,47
14377,95762635,95762.635,244,0,gap,47
14378,95768431,95768.431,226,0,gap,47
14379,95778424,95778.424,287,0,gap,47
14380,95782632,95782.632,208,0,gap,47
14381,95788423,95788.423,205,0,gap,47
14382,95798436,95798.436,277,0,gap,47
14383,95802664,95802.664,180,0,gap,47
14384,95808431,95808.431,236,0,gap,47
14385,95818424,95818.424,253,0,gap,47
14386,95822654,95822.654,173,0,gap,47
14387,95828427,95828.427,237,0,gap,47
14388,95838432,95838.432,213,0,gap,47
14389,95842680,95842.68,208,0,gap,47
14390,95848431,95848.431,227,0,gap,47
14391,95858424,95858.424,250,0,gap,47
14392,95862676,95862.676,202,0,gap,47
14393,95868415,95868.415,185,0,gap,47
14394,95878432,95878.432,268,0,gap,47
14395,95882732,95882.732,171,0,gap,47
14396,95888415,95888.415,175,0,gap,47
14397,95898424,95898.424,249,0,gap,47
14398,95902732,95902.732,158,0,gap,47
14399,95907039,95907.039,171,0,gap,47
14400,95918433,95918.433,233,0,gap,47
14401,95922754,95922.754,159,0,gap,47
14402,95927064,95927.064,199,0,gap,47
14403,95938429,95938.429,209,0,gap,47
14404,95942761,95942.761,182,0,gap,47
14405,95947102,95947.102,176,0,gap,47
14406,95958433,95958.433,226,1,pulse,48
14407,95962886,95962.886,4095,1,pulse,48
14408,95967181,95967.181,4095,1,pulse,48
14409,95978421,95978.421,4095,1,pulse,48
14410,95982718,95982.718,4095,1,pulse,48
14411,95988420,95988.42,4095,1,pulse,48
14412,95998429,95998.429,4095,0,gap,48
14413,96002969,96002.969,3022,0,gap,48
14414,96008432,96008.432,2879,0,gap,48
14415,96018425,96018.425,2766,0,gap,48
14416,96022818,96022.818,2736,0,gap,48
14417,96028424,96028.424,2707,0,gap,48
14418,96038437,96038.437,2675,0,gap,48
14419,96042844,96042.844,2643,0,gap,48
14420,96058419,96058.419,2612,0,gap,48
14421,96062832,96062.832,2590,0,gap,48
14422,96067237,96067.237,2559,0,gap,48
14423,96078423,96078.423,2534,0,gap,48
14424,96082846,96082.846,2521,0,gap,48
14425,96087268,96087.268,2497,0,gap,48
14426,96098431,96098.431,2461,0,gap,48
14427,96102868,96102.868,2435,0,gap,48
14428,96107288,96107.288,2427,0,gap,48
14429,96118423,96118.423,2399,0,gap,48
14430,96122863,96122.863,2377,0,gap,48
14431,96130079,96130.079,2367,0,gap,48
14432,96134256,96134.256,2337,0,gap,48
14433,96148423,96148.423,2311,0,gap,48
14434,96152607,96152.607,2284,0,gap,48
14435,96156795,96156.795,2278,0,gap,48
14436,96168431,96168.431,2266,0,gap,48
14437,96172635,96172.635,2242,0,gap,48
14438,96176823,96176.823,2233,0,gap,48
14439,96188424,96188.424,2192,0,gap,48
14440,96192635,96192.635,2192,0,gap,48
14441,96196846,96196.846,2145,0,gap,48
14442,96208432,96208.432,2129,0,gap,48
14443,96212657,96212.657,2119,0,gap,48
14444,96216875,96216.875,2096,0,gap,48
14445,96228424,96228.424,2081,0,gap,48
14446,96232652,96232.652,2062,0,gap,48
14447,96236887,96236.887,2027,0,gap,48
14448,96248432,96248.432,2005,0,gap,48
14449,96252678,96252.678,1994,0,gap,48
14450,96256920,96256.92,1973,0,gap,48
14451,96268424,96268.424,1954,0,gap,48
14452,96272673,96272.673,1938,0,gap,48
14453,96276925,96276.925,1919,0,gap,48
14454,96288432,96288.432,1913,0,gap,48
14455,96292710,96292.71,1893,0,gap,48
14456,96297003,96297.003,1865,0,gap,48
14457,96308424,96308.424,1840,0,gap,48
14458,96312725,96312.725,1827,0,gap,48
14459,96317026,96317.026,1795,0,gap,48
14460,96328432,96328.432,1788,0,gap,48
14461,96332753,96332.753,1773,0,gap,48
14462,96337065,96337.065,1743,0,gap,48
14463,96348425,96348.425,1743,0,gap,48
14464,96352754,96352.754,1704,0,gap,48
14465,96357076,96357.076,1701,0,gap,48
14466,96368437,96368.437,1674,0,gap,48
14467,96372781,96372.781,1677,0,gap,48
14468,96377127,96377.127,1648,0,gap,48
14469,96388425,96388.425,1620,0,gap,48
14470,96392791,96392.791,1625,0,gap,48
14471,96397156,96397.156,1601,0,gap,48
14472,96408433,96408.433,1596,0,gap,48
14473,96412809,96412.809,1567,0,gap,48
14474,96418415,96418.415,1535,0,gap,48
14475,96428424,96428.424,1525,0,gap,48
14476,96432810,96432.81,1511,0,gap,48
14477,96438423,96438.423,1489,0,gap,48
14478,96448432,96448.432,1486,0,gap,48
14479,96452831,96452.831,1457,0,gap,48
14480,96458431,96458.431,1447,0,gap,48
14481,96468424,96468.424,1422,0,gap,48
14482,96472837,96472.837,1407,0,gap,48
14483,96478423,96478.423,1410,0,gap,48
14484,96488432,96488.432,1367,0,gap,48
14485,96492851,96492.851,1371,0,gap,48
14486,96498432,96498.432,1349,0,gap,48
14487,96508425,96508.425,1341,0,gap,48
14488,96512857,96512.857,1325,0,gap,48
14489,96518424,96518.424,1291,0,gap,48
14490,96528433,96528.433,1302,0,gap,48
14491,96532871,96532.871,1277,0,gap,48
14492,96538432,96538.432,1245,0,gap,48
14493,96545651,96545.651,1258,0,gap,48
14494,96558433,96558.433,1237,0,gap,48
14495,96562610,96562.61,1220,0,gap,48
14496,96566784,96566.784,1200,0,gap,48
14497,96578424,96578.424,1207,0,gap,48
14498,96582622,96582.622,1172,0,gap,48
14499,96586813,96586.813,1143,0,gap,48
14500,96598432,96598.432,1154,0,gap,48
14501,96602633,96602.633,1129,0,gap,48
14502,96606830,96606.83,1124,0,gap,48
14503,96618424,96618.424,1114,0,gap,48
14504,96622648,96622.648,1099,0,gap,48
14505,96626859,96626.859,1089,0,gap,48
14506,96638432,96638.432,1079,0,gap,48
14507,96642663,96642.663,1068,0,gap,48
14508,96646889,96646.889,1058,0,gap,48
14509,96658424,96658.424,1050,0,gap,48
14510,96662661,96662.661,1045,0,gap,48
14511,96666897,96666.897,1008,0,gap,48
14512,96678432,96678.432,1010,0,gap,48
14513,96682680,96682.68,986,0,gap,48
14514,96686926,96686.926,964,0,gap,48
14515,96698424,96698.424,976,0,gap,48
14516,96702682,96702.682,942,0,gap,48
14517,96706940,96706.94,950,0,gap,48
14518,96718432,96718.432,934,0,gap,48
14519,96722736,96722.736,919,0,gap,48
14520,96727039,96727.039,926,0,gap,48
14521,96738424,96738.424,897,0,gap,48
14522,96742730,96742.73,899,0,gap,48
14523,96747040,96747.04,890,0,gap,48
14524,96758432,96758.432,897,0,gap,48
14525,96762761,96762.761,864,0,gap,48
14526,96767073,96767.073,849,0,gap,48
14527,96778424,96778.424,868,0,gap,48
14528,96782763,96782.763,824,0,gap,48
14529,96787101,96787.101,807,0,gap,48
14530,96798436,96798.436,834,0,gap,48
14531,96802800,96802.8,791,0,gap,48
14532,96807156,96807.156,794,0,gap,48
14533,96818424,96818.424,803,0,gap,48
14534,96822790,96822.79,785,0,gap,48
14535,96827163,96827.163,793,0,gap,48
14536,96838432,96838.432,756,0,gap,48
14537,96842816,96842.816,759,0,gap,48
14538,96847191,96847.191,750,0,gap,48
14539,96858424,96858.424,760,0,gap,48
14540,96862809,96862.809,735,0,gap,48
14541,96867206,96867.206,721,0,gap,48
14542,96878431,96878.431,747,0,gap,48
14543,96882839,96882.839,695,0,gap,48
14544,96887234,96887.234,678,0,gap,48
14545,96898423,96898.423,720,0,gap,48
14546,96902837,96902.837,669,0,gap,48
14547,96907245,96907.245,675,0,gap,48
14548,96918431,96918.431,683,0,gap,48
14549,96922858,96922.858,649,0,gap,48
14550,96927269,96927.269,656,0,gap,48
14551,96938423,96938.423,658,0,gap,48
14552,96942856,96942.856,655,0,gap,48
14553,96947288,96947.288,642,0,gap,48
14554,96958431,96958.431,656,0,gap,48
14555,96962874,96962.874,643,0,gap,48
14556,96970085,96970.085,606,0,gap,48
14557,96974270,96974.27,607,0,gap,48
14558,96988431,96988.431,619,0,gap,48
14559,96992614,96992.614,599,0,gap,48
14560,96996798,96996.798,592,0,gap,48
14561,97008423,97008.423,618,0,gap,48
14562,97012627,97012.627,589,0,gap,48
14563,97016818,97016.818,554,0,gap,48
14564,97028431,97028.431,613,0,gap,48
14565,97032642,97032.642,557,0,gap,48
14566,97036849,97036.849,521,0,gap,48
14567,97048423,97048.423,609,0,gap,48
14568,97052653,97052.653,528,0,gap,48
14569,97056870,97056.87,549,0,gap,48
14570,97068431,97068.431,559,0,gap,48
14571,97072667,97072.667,524,0,gap,48
14572,97076894,97076.894,532,0,gap,48
14573,97088423,97088.423,530,0,gap,48
14574,97092669,97092.669,528,0,gap,48
14575,97096911,97096.911,511,0,gap,48
14576,97108431,97108.431,541,0,gap,48
14577,97112687,97112.687,511,0,gap,48
14578,97116943,97116.943,475,0,gap,48
14579,97128423,97128.423,547,0,gap,48
14580,97132697,97132.697,464,0,gap,48
14581,97136985,97136.985,458,0,gap,48
14582,97148419,97148.419,528,0,gap,48
14583,97152728,97152.728,439,0,gap,48
14584,97157036,97157.036,464,0,gap,48
14585,97168415,97168.415,491,0,gap,48
14586,97172736,97172.736,432,0,gap,48
14587,97177051,97177.051,474,0,gap,48
14588,97188419,97188.419,464,0,gap,48
14589,97192753,97192.753,460,0,gap,48
14590,97197070,97197.07,461,0,gap,48
14591,97208411,97208.411,478,0,gap,48
14592,97212755,97212.755,438,0,gap,48
14593,97217108,97217.108,414,0,gap,48
14594,97228419,97228.419,475,0,gap,48
14595,97232789,97232.789,407,0,gap,48
14596,97237150,97237.15,394,0,gap,48
14597,97248411,97248.411,482,0,gap,48
14598,97252783,97252.783,382,0,gap,48
14599,97257161,97257.161,394,0,gap,48
14600,97261547,97261.547,407,0,gap,48
14601,97268425,97268.425,396,0,gap,48
14602,97278433,97278.433,451,0,gap,48
14603,97282828,97282.828,371,0,gap,48
14604,97288432,97288.432,372,0,gap,48
14605,97298425,97298.425,431,0,gap,48
14606,97302826,97302.826,338,0,gap,48
14607,97308424,97308.424,394,0,gap,48
14608,97318432,97318.432,411,0,gap,48
14609,97322848,97322.848,355,0,gap,48
14610,97328436,97328.436,390,0,gap,48
14611,97338424,97338.424,383,0,gap,48
14612,97342845,97342.845,364,0,gap,48
14613,97348423,97348.423,360,0,gap,48
14614,97358432,97358.432,386,0,gap,48
14615,97362871,97362.871,362,0,gap,48
14616,97368431,97368.431,334,0,gap,48
14617,97378424,97378.424,414,0,gap,48
14618,97385638,97385.638,341,0,gap,48
14619,97389849,97389.849,324,0,gap,48
14620,97398431,97398.431,377,0,gap,48
14621,97402620,97402.62,303,0,gap,48
14622,97408432,97408.432,341,0,gap,48
14623,97418424,97418.424,345,0,gap,48
14624,97422618,97422.618,303,0,gap,48
14625,97428424,97428.424,352,0,gap,48
14626,97438436,97438.436,330,0,gap,48
14627,97442649,97442.649,323,0,gap,48
14628,97448431,97448.431,325,0,gap,48
14629,97458424,97458.424,353,0,gap,48
14630,97462639,97462.639,313,0,gap,48
14631,97468423,97468.423,301,0,gap,48
14632,97478432,97478.432,360,0,gap,48
14633,97482666,97482.666,278,0,gap,48
14634,97488431,97488.431,281,0,gap,48
14635,97498424,97498.424,355,0,gap,48
14636,97502660,97502.66,251,0,gap,48
14637,97508423,97508.423,311,0,gap,48
14638,97518432,97518.432,324,0,gap,48
14639,97522690,97522.69,266,0,gap,48
14640,97528431,97528.431,317,0,gap,48
14641,97538424,97538.424,289,0,gap,48
14642,97542686,97542.686,293,0,gap,48
14643,97548415,97548.415,287,0,gap,48
14644,97558432,97558.432,319,0,gap,48
14645,97562743,97562.743,272,0,gap,48
14646,97568415,97568.415,253,0,gap,48
14647,97578424,97578.424,322,0,gap,48
14648,97582746,97582.746,243,0,gap,48
14649,97587056,97587.056,213,0,gap,48
14650,97598433,97598.433,313,0,gap,48
14651,97602757,97602.757,225,0,gap,48
14652,97607076,97607.076,240,0,gap,48
14653,97618425,97618.425,286,0,gap,48
14654,97622771,97622.771,213,0,gap,48
14655,97627118,97627.118,256,0,gap,48
14656,97638433,97638.433,272,0,gap,48
14657,97642796,97642.796,249,0,gap,48
14658,97647159,97647.159,241,0,gap,48
14659,97658425,97658.425,297,0,gap,48
14660,97662798,97662.798,239,0,gap,48
14661,97667171,97667.171,217,0,gap,48
14662,97678432,97678.432,304,0,gap,48
14663,97682820,97682.82,220,0,gap,48
14664,97687206,97687.206,191,0,gap,48
14665,97698424,97698.424,305,0,gap,48
14666,97702817,97702.817,196,0,gap,48
14667,97707206,97707.206,208,0,gap,48
14668,97718432,97718.432,257,0,gap,48
14669,97722839,97722.839,200,0,gap,48
14670,97727241,97727.241,222,0,gap,48
14671,97738424,97738.424,240,0,gap,48
14672,97742841,97742.841,208,0,gap,48
14673,97747248,97747.248,205,0,gap,48
14674,97758436,97758.436,245,0,gap,48
14675,97762858,97762.858,208,0,gap,48
14676,97767276,97767.276,186,0,gap,48
14677,97778424,97778.424,283,0,gap,48
14678,97782856,97782.856,174,0,gap,48
14679,97787287,97787.287,159,0,gap,48
14680,97798432,97798.432,270,0,gap,48
14681,97805662,97805.662,203,0,gap,48
14682,97809845,97809.845,189,0,gap,48
14683,97818423,97818.423,200,0,gap,48
14684,97822607,97822.607,166,0,gap,48
14685,97828424,97828.424,230,0,gap,48
14686,97838432,97838.432,208,1,pulse,49
14687,97842724,97842.724,4095,1,pulse,49
14688,97848428,97848.428,4095,1,pulse,49
14689,97858421,97858.421,4095,1,pulse,49
14690,97862570,97862.57,4095,1,pulse,49
14691,97878419,97878.419,4095,0,gap,49
14692,97882796,97882.796,3017,0,gap,49
14693,97887024,97887.024,2913,0,gap,49
14694,97898435,97898.435,2740,0,gap,49
14695,97902678,97902.678,2730,0,gap,49
14696,97906917,97906.917,2715,0,gap,49
14697,97918424,97918.424,2654,0,gap,49
14698,97922676,97922.676,2640,0,gap,49
14699,97926920,97926.92,2630,0,gap,49
14700,97938432,97938.432,2559,0,gap,49
14701,97942695,97942.695,2559,0,gap,49
14702,97946953,97946.953,2545,0,gap,49
14703,97958424,97958.424,2502,0,gap,49
14704,97962698,97962.698,2490,0,gap,49
14705,97966974,97966.974,2481,0,gap,49
14706,97978432,97978.432,2449,0,gap,49
14707,97982743,97982.743,2426,0,gap,49
14708,97987054,97987.054,2411,0,gap,49
14709,97998424,97998.424,2393,0,gap,49
14710,98002751,98002.751,2353,0,gap,49
14711,98007073,98007.073,2350,0,gap,49
14712,98018432,98018.432,2321,0,gap,49
14713,98022765,98022.765,2302,0,gap,49
14714,98027097,98027.097,2288,0,gap,49
14715,98038424,98038.424,2251,0,gap,49
14716,98042779,98042.779,2239,0,gap,49
14717,98047130,98047.13,2227,0,gap,49
14718,98058432,98058.432,2195,0,gap,49
14719,98062809,98062.809,2183,0,gap,49
14720,98067180,98067.18,2162,0,gap,49
14721,98078429,98078.429,2147,0,gap,49
14722,98082811,98082.811,2127,0,gap,49
14723,98087192,98087.192,2097,0,gap,49
14724,98098433,98098.433,2089,0,gap,49
14725,98102824,98102.824,2046,0,gap,49
14726,98107220,98107.22,2047,0,gap,49
14727,98118425,98118.425,2006,0,gap,49
14728,98122830,98122.83,2001,0,gap,49
14729,98128411,98128.411,1983,0,gap,49
14730,98138432,98138.432,1936,0,gap,49
14731,98142843,98142.843,1936,0,gap,49
14732,98148431,98148.431,1930,0,gap,49
14733,98158424,98158.424,1906,0,gap,49
14734,98162845,98162.845,1887,0,gap,49
14735,98168423,98168.423,1866,0,gap,49
14736,98178432,98178.432,1843,0,gap,49
14737,98182867,98182.867,1817,0,gap,49
14738,98188431,98188.431,1811,0,gap,49
14739,98198424,98198.424,1791,0,gap,49
14740,98202869,98202.869,1765,0,gap,49
14741,98208423,98208.423,1744,0,gap,49
14742,98218437,98218.437,1726,0,gap,49
14743,98225689,98225.689,1719,0,gap,49
14744,98229887,98229.887,1699,0,gap,49
14745,98238424,98238.424,1678,0,gap,49
14746,98242616,98242.616,1676,0,gap,49
14747,98248424,98248.424,1644,0,gap,49
14748,98258433,98258.433,1617,0,gap,49
14749,98262638,98262.638,1619,0,gap,49
14750,98278419,98278.419,1591,0,gap,49
14751,98282635,98282.635,1571,0,gap,49
14752,98286843,98286.843,1552,0,gap,49
14753,98298427,98298.427,1535,0,gap,49
14754,98302653,98302.653,1507,0,gap,49
14755,98306879,98306.879,1498,0,gap,49
14756,98318432,98318.432,1473,0,gap,49
14757,98322673,98322.673,1471,0,gap,49
14758,98326910,98326.91,1456,0,gap,49
14759,98338424,98338.424,1442,0,gap,49
14760,98342671,98342.671,1424,0,gap,49
14761,98346922,98346.922,1406,0,gap,49
14762,98358432,98358.432,1404,0,gap,49
14763,98362694,98362.694,1372,0,gap,49
14764,98366951,98366.951,1360,0,gap,49
14765,98378424,98378.424,1360,0,gap,49
14766,98382688,98382.688,1329,0,gap,49
14767,98386961,98386.961,1319,0,gap,49
14768,98398432,98398.432,1297,0,gap,49
14769,98402750,98402.75,1287,0,gap,49
14770,98407056,98407.056,1265,0,gap,49
14771,98418424,98418.424,1255,0,gap,49
14772,98422746,98422.746,1232,0,gap,49
14773,98427067,98427.067,1223,0,gap,49
14774,98438436,98438.436,1206,0,gap,49
14775,98442776,98442.776,1218,0,gap,49
14776,98447102,98447.102,1195,0,gap,49
14777,98458424,98458.424,1181,0,gap,49
14778,98462770,98462.77,1161,0,gap,49
14779,98467119,98467.119,1141,0,gap,49
14780,98478432,98478.432,1146,0,gap,49
14781,98482808,98482.808,1119,0,gap,49
14782,98487175,98487.175,1100,0,gap,49
14783,98498425,98498.425,1105,0,gap,49
14784,98502806,98502.806,1072,0,gap,49
14785,98507194,98507.194,1074,0,gap,49
14786,98518433,98518.433,1051,0,gap,49
14787,98522828,98522.828,1045,0,gap,49
14788,98527210,98527.21,1061,0,gap,49
14789,98538425,98538.425,1023,0,gap,49
14790,98542830,98542.83,1010,0,gap,49
14791,98548411,98548.411,1004,0,gap,49
14792,98558432,98558.432,1005,0,gap,49
14793,98562850,98562.85,992,0,gap,49
14794,98568419,98568.419,962,0,gap,49
14795,98578424,98578.424,981,0,gap,49
14796,98582844,98582.844,947,0,gap,49
14797,98588411,98588.411,925,0,gap,49
14798,98598432,98598.432,941,0,gap,49
14799,98602869,98602.869,908,0,gap,49
14800,98607294,98607.294,901,0,gap,49
14801,98618429,98618.429,881,0,gap,49
14802,98622864,98622.864,875,0,gap,49
14803,98627303,98627.303,883,0,gap,49
14804,98638433,98638.433,857,0,gap,49
14805,98642887,98642.887,866,0,gap,49
14806,98650101,98650.101,839,0,gap,49
14807,98654287,98654.287,816,0,gap,49
14808,98668433,98668.433,821,0,gap,49
14809,98672626,98672.626,806,0,gap,49
14810,98676819,98676.819,817,0,gap,49
14811,98688423,98688.423,804,0,gap,49
14812,98692634,98692.634,792,0,gap,49
14813,98696839,98696.839,784,0,gap,49
14814,98708431,98708.431,801,0,gap,49
14815,98712656,98712.656,766,0,gap,49
14816,98716876,98716.876,753,0,gap,49
14817,98728427,98728.427,784,0,gap,49
14818,98732659,98732.659,735,0,gap,49
14819,98736895,98736.895,730,0,gap,49
14820,98748431,98748.431,743,0,gap,49
14821,98752681,98752.681,704,0,gap,49
14822,98756918,98756.918,703,0,gap,49
14823,98768423,98768.423,720,0,gap,49
14824,98772675,98772.675,688,0,gap,49
14825,98776935,98776.935,694,0,gap,49
14826,98788431,98788.431,675,0,gap,49
14827,98792701,98792.701,686,0,gap,49
14828,98796964,98796.964,657,0,gap,49
14829,98808423,98808.423,691,0,gap,49
14830,98812705,98812.705,659,0,gap,49
14831,98817019,98817.019,626,0,gap,49
14832,98828419,98828.419,673,0,gap,49
14833,98832742,98832.742,611,0,gap,49
14834,98837053,98837.053,620,0,gap,49
14835,98848415,98848.415,640,0,gap,49
14836,98852745,98852.745,587,0,gap,49
14837,98857067,98857.067,611,0,gap,49
14838,98868419,98868.419,612,0,gap,49
14839,98872759,98872.759,589,0,gap,49
14840,98877098,98877.098,593,0,gap,49
14841,98888411,98888.411,583,0,gap,49
14842,98892769,98892.769,586,0,gap,49
14843,98897125,98897.125,560,0,gap,49
14844,98908415,98908.415,589,0,gap,49
14845,98912795,98912.795,570,0,gap,49
14846,98917166,98917.166,529,0,gap,49
14847,98921553,98921.553,535,0,gap,49
14848,98928433,98928.433,578,0,gap,49
14849,98938429,98938.429,558,0,gap,49
14850,98942825,98942.825,539,0,gap,49
14851,98948424,98948.424,528,0,gap,49
14852,98958433,98958.433,570,0,gap,49
14853,98962835,98962.835,531,0,gap,49
14854,98968436,98968.436,490,0,gap,49
14855,98978425,98978.425,550,0,gap,49
14856,98982840,98982.84,481,0,gap,49
14857,98988424,98988.424,491,0,gap,49
14858,98998432,98998.432,530,0,gap,49
14859,99002854,99002.854,464,0,gap,49
14860,99008431,99008.431,495,0,gap,49
14861,99018424,99018.424,485,0,gap,49
14862,99022856,99022.856,470,0,gap,49
14863,99028423,99028.423,479,0,gap,49
14864,99038432,99038.432,480,0,gap,49
14865,99042877,99042.877,478,0,gap,49
14866,99048431,99048.431,464,0,gap,49
14867,99058424,99058.424,496,0,gap,49
14868,99065639,99065.639,463,0,gap,49
14869,99069855,99069.855,407,0,gap,49
14870,99078435,99078.435,486,0,gap,49
14871,99082626,99082.626,426,0,gap,49
14872,99088432,99088.432,421,0,gap,49
14873,99098424,99098.424,457,0,gap,49
14874,99102627,99102.627,389,0,gap,49
14875,99108424,99108.424,443,0,gap,49
14876,99118432,99118.432,438,0,gap,49
14877,99122651,99122.651,402,0,gap,49
14878,99128431,99128.431,433,0,gap,49
14879,99138424,99138.424,416,0,gap,49
14880,99142652,99142.652,406,0,gap,49
14881,99148427,99148.427,401,0,gap,49
14882,99158432,99158.432,438,0,gap,49
14883,99162679,99162.679,387,0,gap,49
14884,99168431,99168.431,381,0,gap,49
14885,99178424,99178.424,446,0,gap,49
14886,99182678,99182.678,361,0,gap,49
14887,99188423,99188.423,366,0,gap,49
14888,99198432,99198.432,410,0,gap,49
14889,99202696,99202.696,336,0,gap,49
14890,99208431,99208.431,366,0,gap,49
14891,99218424,99218.424,369,0,gap,49
14892,99222696,99222.696,336,0,gap,49
14893,99228415,99228.415,386,0,gap,49
14894,99238432,99238.432,373,0,gap,49
14895,99242752,99242.752,346,0,gap,49
14896,99247060,99247.06,337,0,gap,49
14897,99258429,99258.429,385,0,gap,49
14898,99262749,99262.749,340,0,gap,49
14899,99267072,99267.072,301,0,gap,49
14900,99278433,99278.433,400,0,gap,49
14901,99282770,99282.77,320,0,gap,49
14902,99287099,99287.099,290,0,gap,49
14903,99298425,99298.425,374,0,gap,49
14904,99302776,99302.776,291,0,gap,49
14905,99307133,99307.133,309,0,gap,49
14906,99318433,99318.433,342,0,gap,49
14907,99322814,99322.814,285,0,gap,49
14908,99327187,99327.187,320,0,gap,49
14909,99338425,99338.425,336,0,gap,49
14910,99342804,99342.804,302,0,gap,49
14911,99347190,99347.19,290,0,gap,49
14912,99358432,99358.432,357,0,gap,49
14913,99362833,99362.833,311,0,gap,49
14914,99367221,99367.221,269,0,gap,49
14915,99378424,99378.424,358,0,gap,49
14916,99382827,99382.827,273,0,gap,49
14917,99387229,99387.229,262,0,gap,49
14918,99398436,99398.436,340,0,gap,49
14919,99402856,99402.856,241,0,gap,49
14920,99407264,99407.264,279,0,gap,49
14921,99418424,99418.424,312,0,gap,49
14922,99422842,99422.842,243,0,gap,49
14923,99427264,99427.264,279,0,gap,49
14924,99438432,99438.432,287,0,gap,49
14925,99442872,99442.872,288,0,gap,49
14926,99447295,99447.295,257,0,gap,49
14927,99458424,99458.424,325,0,gap,49
14928,99462865,99462.865,270,0,gap,49
14929,99467314,99467.314,225,0,gap,49
14930,99478432,99478.432,337,0,gap,49
14931,99485640,99485.64,252,0,gap,49
14932,99489818,99489.818,235,0,gap,49
14933,99498423,99498.423,292,0,gap,49
14934,99502617,99502.617,219,0,gap,49
14935,99508424,99508.424,281,0,gap,49
14936,99518432,99518.432,267,0,gap,49
14937,99522642,99522.642,219,0,gap,49
14938,99528432,99528.432,265,0,gap,49
14939,99538424,99538.424,258,0,gap,49
14940,99542641,99542.641,240,0,gap,49
14941,99548423,99548.423,240,0,gap,49
14942,99558432,99558.432,283,0,gap,49
14943,99562672,99562.672,233,0,gap,49
14944,99568431,99568.431,212,0,gap,49
14945,99578428,99578.428,288,0,gap,49
14946,99582666,99582.666,217,0,gap,49
14947,99588423,99588.423,199,0,gap,49
14948,99598432,99598.432,290,0,gap,49
14949,99602688,99602.688,182,0,gap,49
14950,99608435,99608.435,235,0,gap,49
14951,99618424,99618.424,239,0,gap,49
14952,99622690,99622.69,196,0,gap,49
14953,99628423,99628.423,234,0,gap,49
14954,99638432,99638.432,219,0,gap,49
14955,99642714,99642.714,210,0,gap,49
14956,99648419,99648.419,196,0,gap,49
14957,99658424,99658.424,248,0,gap,49
14958,99662739,99662.739,203,0,gap,49
14959,99667062,99667.062,167,0,gap,49
14960,99678433,99678.433,261,0,gap,49
14961,99682767,99682.767,176,0,gap,49
14962,99687089,99687.089,148,0,gap,49
14963,99698425,99698.425,259,0,gap,49
14964,99702757,99702.757,149,0,gap,49
14965,99707096,99707.096,178,0,gap,49
14966,99718437,99718.437,219,0,gap,49
14967,99722799,99722.799,169,0,gap,49
14968,99727155,99727.155,186,0,gap,49
14969,99738425,99738.425,208,0,gap,49
14970,99742797,99742.797,181,0,gap,49
14971,99747172,99747.172,168,0,gap,49
14972,99758432,99758.432,223,0,gap,49
14973,99762826,99762.826,184,0,gap,49
14974,99767203,99767.203,144,0,gap,49
14975,99778424,99778.424,247,0,gap,49
14976,99782820,99782.82,160,0,gap,49
14977,99787219,99787.219,122,0,gap,49
14978,99798432,99798.432,249,0,gap,49
14979,99802841,99802.841,135,0,gap,49
14980,99807250,99807.25,163,0,gap,49
14981,99818424,99818.424,195,0,gap,49
14982,99822840,99822.84,150,0,gap,49
14983,99827258,99827.258,169,0,gap,49
14984,99838432,99838.432,173,0,gap,49
14985,99842861,99842.861,158,0,gap,49
14986,99847281,99847.281,163,0,gap,49
14987,99858424,99858.424,209,0,gap,49
14988,99862859,99862.859,164,0,gap,49
14989,99867293,99867.293,125,0,gap,49
14990,99878432,99878.432,234,1,pulse,50
14991,99882976,99882.976,4095,1,pulse,50
14992,99887361,99887.361,4095,1,pulse,50
14993,99898420,99898.42,4095,1,pulse,50
14994,99905563,99905.563,4095,1,pulse,50
14995,99909689,99909.689,4095,1,pulse,50
14996,99918428,99918.428,4095,0,gap,50
14997,99922785,99922.785,3027,0,gap,50
14998,99938419,99938.419,2749,0,gap,50
14999,99942635,99942.635,2733,0,gap,50
15000,99946848,99946.848,2703,0,gap,50
15001,99958423,99958.423,2672,0,gap,50
15002,99962651,99962.651,2638,0,gap,50
15003,99966878,99966.878,2628,0,gap,50
15004,99978432,99978.432,2595,0,gap,50
15005,99982674,99982.674,2559,0,gap,50
15006,99986911,99986.911,2541,0,gap,50
15007,99998424,99998.424,2521,0,gap,50
15008,100002681,100002.681,2503,0,gap,50
15009,100006930,100006.93,2480,0,gap,50
15010,100018432,100018.432,2453,0,gap,50
15011,100022692,100022.692,2434,0,gap,50
15012,100026947,100026.947,2416,0,gap,50
15013,100038428,100038.428,2383,0,gap,50
15014,100042698,100042.698,2361,0,gap,50
15015,100046972,100046.972,2359,0,gap,50
15016,100058433,100058.433,2335,0,gap,50
15017,100062722,100062.722,2303,0,gap,50
15018,100067007,100067.007,2295,0,gap,50
15019,100078425,100078.425,2271,0,gap,50
15020,100082748,100082.748,2236,0,gap,50
15021,100088423,100088.423,2224,0,gap,50
15022,100098432,100098.432,2194,0,gap,50
15023,100102773,100102.773,2176,0,gap,50
15024,100108431,100108.431,2159,0,gap,50
15025,100118424,100118.424,2154,0,gap,50
15026,100122765,100122.765,2131,0,gap,50
15027,100128424,100128.424,2103,0,gap,50
15028,100138433,100138.433,2086,0,gap,50
15029,100142803,100142.803,2070,0,gap,50
15030,100158431,100158.431,2038,0,gap,50
15031,100162819,100162.819,2031,0,gap,50
15032,100167195,100167.195,2006,0,gap,50
15033,100178423,100178.423,1975,0,gap,50
15034,100182814,100182.814,1959,0,gap,50
15035,100187211,100187.211,1935,0,gap,50
15036,100198432,100198.432,1923,0,gap,50
15037,100202840,100202.84,1902,0,gap,50
15038,100207239,100207.239,1904,0,gap,50
15039,100218424,100218.424,1874,0,gap,50
15040,100222838,100222.838,1855,0,gap,50
15041,100227251,100227.251,1832,0,gap,50
15042,100238432,100238.432,1803,0,gap,50
15043,100242856,100242.856,1791,0,gap,50
15044,100247271,100247.271,1776,0,gap,50
15045,100258429,100258.429,1757,0,gap,50
15046,100262854,100262.854,1745,0,gap,50
15047,100268423,100268.423,1712,0,gap,50
15048,100278432,100278.432,1701,0,gap,50
15049,100282875,100282.875,1678,0,gap,50
15050,100288431,100288.431,1655,0,gap,50
15051,100298425,100298.425,1637,0,gap,50
15052,100302869,100302.869,1619,0,gap,50
15053,100308424,100308.424,1619,0,gap,50
15054,100318433,100318.433,1591,0,gap,50
15055,100322899,100322.899,1573,0,gap,50
15056,100338431,100338.431,1535,0,gap,50
15057,100345518,100345.518,1552,0,gap,50
15058,100349717,100349.717,1520,0,gap,50
15059,100358424,100358.424,1497,0,gap,50
15060,100362625,100362.625,1488,0,gap,50
15061,100368428,100368.428,1464,0,gap,50
15062,100378433,100378.433,1460,0,gap,50
15063,100382658,100382.658,1431,0,gap,50
15064,100398431,100398.431,1419,0,gap,50
15065,100402664,100402.664,1406,0,gap,50
15066,100406884,100406.884,1402,0,gap,50
15067,100418424,100418.424,1365,0,gap,50
15068,100422659,100422.659,1351,0,gap,50
15069,100426902,100426.902,1349,0,gap,50
15070,100438432,100438.432,1334,0,gap,50
15071,100442690,100442.69,1326,0,gap,50
15072,100446940,100446.94,1298,0,gap,50
15073,100458424,100458.424,1283,0,gap,50
15074,100462680,100462.68,1280,0,gap,50
15075,100466940,100466.94,1249,0,gap,50
15076,100478433,100478.433,1261,0,gap,50
15077,100482711,100482.711,1220,0,gap,50
15078,100486977,100486.977,1201,0,gap,50
15079,100498425,100498.425,1200,0,gap,50
15080,100502706,100502.706,1187,0,gap,50
15081,100508423,100508.423,1187,0,gap,50
15082,100518432,100518.432,1148,0,gap,50
15083,100522763,100522.763,1146,0,gap,50
15084,100528432,100528.432,1152,0,gap,50
15085,100538425,100538.425,1110,0,gap,50
15086,100542763,100542.763,1109,0,gap,50
15087,100548424,100548.424,1101,0,gap,50
15088,100558433,100558.433,1088,0,gap,50
15089,100562777,100562.777,1076,0,gap,50
15090,100578431,100578.431,1079,0,gap,50
15091,100582790,100582.79,1043,0,gap,50
15092,100587148,100587.148,1023,0,gap,50
15093,100598427,100598.427,1013,0,gap,50
15094,100602808,100602.808,986,0,gap,50
15095,100607188,100607.188,1002,0,gap,50
15096,100618432,100618.432,975,0,gap,50
15097,100622825,100622.825,985,0,gap,50
15098,100627211,100627.211,973,0,gap,50
15099,100638424,100638.424,958,0,gap,50
15100,100642827,100642.827,944,0,gap,50
15101,100647222,100647.222,928,0,gap,50
15102,100658432,100658.432,931,0,gap,50
15103,100662845,100662.845,911,0,gap,50
15104,100667258,100667.258,882,0,gap,50
15105,100678424,100678.424,923,0,gap,50
15106,100682843,100682.843,862,0,gap,50
15107,100687262,100687.262,854,0,gap,50
15108,100698432,100698.432,877,0,gap,50
15109,100702865,100702.865,845,0,gap,50
15110,100707289,100707.289,843,0,gap,50
15111,100718424,100718.424,835,0,gap,50
15112,100722867,100722.867,826,0,gap,50
15113,100727301,100727.301,821,0,gap,50
15114,100738432,100738.432,805,0,gap,50
15115,100742885,100742.885,814,0,gap,50
15116,100747333,100747.333,786,0,gap,50
15117,100758425,100758.425,815,0,gap,50
15118,100762887,100762.887,783,0,gap,50
15119,100770114,100770.114,759,0,gap,50
15120,100774334,100774.334,754,0,gap,50
15121,100788425,100788.425,752,0,gap,50
15122,100792617,100792.617,729,0,gap,50
15123,100796814,100796.814,726,0,gap,50
15124,100808431,100808.431,758,0,gap,50
15125,100812657,100812.657,720,0,gap,50
15126,100816862,100816.862,693,0,gap,50
15127,100828424,100828.424,727,0,gap,50
15128,100832648,100832.648,679,0,gap,50
15129,100836877,100836.877,670,0,gap,50
15130,100848432,100848.432,706,0,gap,50
15131,100852678,100852.678,656,0,gap,50
15132,100856913,100856.913,657,0,gap,50
15133,100868424,100868.424,662,0,gap,50
15134,100872674,100872.674,644,0,gap,50
15135,100876927,100876.927,645,0,gap,50
15136,100888432,100888.432,643,0,gap,50
15137,100892696,100892.696,627,0,gap,50
15138,100896947,100896.947,612,0,gap,50
15139,100908424,100908.424,643,0,gap,50
15140,100912690,100912.69,625,0,gap,50
15141,100916964,100916.964,604,0,gap,50
15142,100928432,100928.432,654,0,gap,50
15143,100932721,100932.721,585,0,gap,50
15144,100937018,100937.018,554,0,gap,50
15145,100948424,100948.424,619,0,gap,50
15146,100952743,100952.743,546,0,gap,50
15147,100957073,100957.073,574,0,gap,50
15148,100968432,100968.432,569,0,gap,50
15149,100972770,100972.77,558,0,gap,50
15150,100977100,100977.1,566,0,gap,50
15151,100988425,100988.425,561,0,gap,50
15152,100992772,100992.772,563,0,gap,50
15153,100997115,100997.115,525,0,gap,50
15154,101008433,101008.433,576,0,gap,50
15155,101012799,101012.799,531,0,gap,50
15156,101017162,101017.162,507,0,gap,50
15157,101028429,101028.429,576,0,gap,50
15158,101032809,101032.809,493,0,gap,50
15159,101037196,101037.196,478,0,gap,50
15160,101048433,101048.433,541,0,gap,50
15161,101052830,101052.83,464,0,gap,50
15162,101058415,101058.415,511,0,gap,50
15163,101068424,101068.424,496,0,gap,50
15164,101072823,101072.823,469,0,gap,50
15165,101078423,101078.423,496,0,gap,50
15166,101088432,101088.432,481,0,gap,50
15167,101092853,101092.853,479,0,gap,50
15168,101098431,101098.431,465,0,gap,50
15169,101108424,101108.424,496,0,gap,50
15170,101112843,101112.843,449,0,gap,50
15171,101118423,101118.423,419,0,gap,50
15172,101128432,101128.432,491,0,gap,50
15173,101132873,101132.873,427,0,gap,50
15174,101138432,101138.432,428,0,gap,50
15175,101148425,101148.425,483,0,gap,50
15176,101152867,101152.867,410,0,gap,50
15177,101158424,101158.424,439,0,gap,50
15178,101168433,101168.433,426,0,gap,50
15179,101172893,101172.893,399,0,gap,50
15180,101178432,101178.432,431,0,gap,50
15181,101188425,101188.425,432,0,gap,50
15182,101195639,101195.639,455,0,gap,50
15183,101199835,101199.835,375,0,gap,50
15184,101208432,101208.432,439,0,gap,50
15185,101212636,101212.636,403,0,gap,50
15186,101228431,101228.431,474,0,gap,50
15187,101232648,101232.648,370,0,gap,50
15188,101236857,101236.857,345,0,gap,50
15189,101248427,101248.427,446,0,gap,50
15190,101252656,101252.656,346,0,gap,50
15191,101256880,101256.88,374,0,gap,50
15192,101268432,101268.432,400,0,gap,50
15193,101272670,101272.67,356,0,gap,50
15194,101276908,101276.908,373,0,gap,50
15195,101288424,101288.424,382,0,gap,50
15196,101292677,101292.677,353,0,gap,50
15197,101296922,101296.922,359,0,gap,50
15198,101308432,101308.432,391,0,gap,50
15199,101312695,101312.695,359,0,gap,50
15200,101316958,101316.958,319,0,gap,50
15201,101328424,101328.424,415,0,gap,50
15202,101332694,101332.694,320,0,gap,50
15203,101336966,101336.966,304,0,gap,50
15204,101348432,101348.432,384,0,gap,50
15205,101352720,101352.72,306,0,gap,50
15206,101357001,101357.001,319,0,gap,50
15207,101368424,101368.424,362,0,gap,50
15208,101372747,101372.747,309,0,gap,50
15209,101377068,101377.068,325,0,gap,50
15210,101388432,101388.432,350,0,gap,50
15211,101392773,101392.773,313,0,gap,50
15212,101397102,101397.102,300,0,gap,50
15213,101408424,101408.424,361,0,gap,50
15214,101412768,101412.768,299,0,gap,50
15215,101417110,101417.11,285,0,gap,50
15216,101428432,101428.432,379,0,gap,50
15217,101432794,101432.794,272,0,gap,50
15218,101437151,101437.151,256,0,gap,50
15219,101448425,101448.425,341,0,gap,50
15220,101452808,101452.808,250,0,gap,50
15221,101457191,101457.191,283,0,gap,50
15222,101468433,101468.433,321,0,gap,50
15223,101472830,101472.83,272,0,gap,50
15224,101477222,101477.222,279,0,gap,50
15225,101488425,101488.425,310,0,gap,50
15226,101492832,101492.832,290,0,gap,50
15227,101498411,101498.411,262,0,gap,50
15228,101508432,101508.432,330,0,gap,50
15229,101512845,101512.845,263,0,gap,50
15230,101518431,101518.431,246,0,gap,50
15231,101528424,101528.424,332,0,gap,50
15232,101532854,101532.854,244,0,gap,50
15233,101538423,101538.423,241,0,gap,50
15234,101548432,101548.432,302,0,gap,50
15235,101552868,101552.868,215,0,gap,50
15236,101558431,101558.431,286,0,gap,50
15237,101568428,101568.428,283,0,gap,50
15238,101572870,101572.87,235,0,gap,50
15239,101578424,101578.424,259,0,gap,50
15240,101588432,101588.432,256,0,gap,50
15241,101592884,101592.884,234,0,gap,50
15242,101598432,101598.432,242,0,gap,50
15243,101608425,101608.425,301,0,gap,50
15244,101612887,101612.887,222,0,gap,50
15245,101620106,101620.106,214,0,gap,50
15246,101628432,101628.432,303,0,gap,50
15247,101632631,101632.631,203,0,gap,50
15248,101648419,101648.419,305,0,gap,50
15249,101652629,101652.629,177,0,gap,50
15250,101656830,101656.83,211,0,gap,50
15251,101668423,101668.423,261,0,gap,50
15252,101672643,101672.643,212,0,gap,50
15253,101676867,101676.867,214,0,gap,50
15254,101688432,101688.432,245,0,gap,50
15255,101692672,101692.672,215,0,gap,50
15256,101696903,101696.903,199,0,gap,50
15257,101708424,101708.424,272,0,gap,50
15258,101712666,101712.666,210,0,gap,50
15259,101716916,101716.916,182,0,gap,50
15260,101728432,101728.432,290,0,gap,50
15261,101732692,101732.692,176,0,gap,50
15262,101736940,101736.94,162,0,gap,50
15263,101748424,101748.424,270,0,gap,50
15264,101752694,101752.694,157,0,gap,50
15265,101756960,101756.96,184,0,gap,50
15266,101768432,101768.432,224,0,gap,50
15267,101772710,101772.71,176,0,gap,50
15268,101776987,101776.987,193,0,gap,50
15269,101788428,101788.428,217,0,gap,50
15270,101792745,101792.745,190,0,gap,50
15271,101797064,101797.064,188,0,gap,50
15272,101808432,101808.432,240,0,gap,50
15273,101812762,101812.762,175,0,gap,50
15274,101817091,101817.091,144,0,gap,50
15275,101828424,101828.424,271,0,gap,50
15276,101832769,101832.769,146,0,gap,50
15277,101837105,101837.105,151,0,gap,50
15278,101848432,101848.432,251,0,gap,50
15279,101852791,101852.791,144,0,gap,50
15280,101857149,101857.149,174,0,gap,50
15281,101868425,101868.425,212,1,pulse,51
15282,101872896,101872.896,4095,1,pulse,51
15283,101878411,101878.411,4095,1,pulse,51
15284,101888428,101888.428,4095,1,pulse,51
15285,101892760,101892.76,4095,1,pulse,51
15286,101898428,101898.428,4095,1,pulse,51
15287,101908421,101908.421,4095,0,gap,51
15288,101912984,101912.984,2946,0,gap,51
15289,101928427,101928.427,2749,0,gap,51
15290,101932848,101932.848,2719,0,gap,51
15291,101937267,101937.267,2699,0,gap,51
15292,101948431,101948.431,2651,0,gap,51
15293,101952865,101952.865,2642,0,gap,51
15294,101957291,101957.291,2611,0,gap,51
15295,101968424,101968.424,2582,0,gap,51
15296,101972867,101972.867,2544,0,gap,51
15297,101977302,101977.302,2535,0,gap,51
15298,101988432,101988.432,2507,0,gap,51
15299,101992881,101992.881,2496,0,gap,51
15300,101997330,101997.33,2462,0,gap,51
15301,102008424,102008.424,2443,0,gap,51
15302,102012884,102012.884,2426,0,gap,51
15303,102017342,102017.342,2416,0,gap,51
15304,102028433,102028.433,2370,0,gap,51
15305,102032906,102032.906,2359,0,gap,51
15306,102038419,102038.419,2339,0,gap,51
15307,102045657,102045.657,2306,0,gap,51
15308,102058432,102058.432,2295,0,gap,51
15309,102062642,102062.642,2282,0,gap,51
15310,102066846,102066.846,2256,0,gap,51
15311,102078424,102078.424,2226,0,gap,51
15312,102082652,102082.652,2208,0,gap,51
15313,102086872,102086.872,2193,0,gap,51
15314,102098432,102098.432,2173,0,gap,51
15315,102102667,102102.667,2146,0,gap,51
15316,102106901,102106.901,2133,0,gap,51
15317,102118424,102118.424,2117,0,gap,51
15318,102122673,102122.673,2096,0,gap,51
15319,102126923,102126.923,2083,0,gap,51
15320,102138433,102138.433,2069,0,gap,51
15321,102142698,102142.698,2055,0,gap,51
15322,102146959,102146.959,2021,0,gap,51
15323,102158425,102158.425,1993,0,gap,51
15324,102162697,102162.697,1986,0,gap,51
15325,102168423,102168.423,1953,0,gap,51
15326,102178432,102178.432,1938,0,gap,51
15327,102182722,102182.722,1907,0,gap,51
15328,102188432,102188.432,1901,0,gap,51
15329,102198425,102198.425,1875,0,gap,51
15330,102202717,102202.717,1861,0,gap,51
15331,102208424,102208.424,1851,0,gap,51
15332,102218437,102218.437,1820,0,gap,51
15333,102222771,102222.771,1814,0,gap,51
15334,102238431,102238.431,1766,0,gap,51
15335,102242776,102242.776,1774,0,gap,51
15336,102247117,102247.117,1750,0,gap,51
15337,102258427,102258.427,1728,0,gap,51
15338,102262780,102262.78,1714,0,gap,51
15339,102267127,102267.127,1686,0,gap,51
15340,102278432,102278.432,1680,0,gap,51
15341,102282794,102282.794,1650,0,gap,51
15342,102287156,102287.156,1634,0,gap,51
15343,102298424,102298.424,1619,0,gap,51
15344,102302814,102302.814,1598,0,gap,51
15345,102307205,102307.205,1599,0,gap,51
15346,102318432,102318.432,1569,0,gap,51
15347,102322834,102322.834,1558,0,gap,51
15348,102327239,102327.239,1535,0,gap,51
15349,102338425,102338.425,1513,0,gap,51
15350,102342836,102342.836,1497,0,gap,51
15351,102348423,102348.423,1484,0,gap,51
15352,102358432,102358.432,1466,0,gap,51
15353,102362857,102362.857,1440,0,gap,51
15354,102368431,102368.431,1440,0,gap,51
15355,102378425,102378.425,1431,0,gap,51
15356,102382859,102382.859,1399,0,gap,51
15357,102388424,102388.424,1371,0,gap,51
15358,102398433,102398.433,1374,0,gap,51
15359,102402881,102402.881,1342,0,gap,51
15360,102418431,102418.431,1325,0,gap,51
15361,102422882,102422.882,1327,0,gap,51
15362,102427329,102427.329,1315,0,gap,51
15363,102438423,102438.423,1308,0,gap,51
15364,102442888,102442.888,1285,0,gap,51
15365,102447340,102447.34,1264,0,gap,51
15366,102458432,102458.432,1266,0,gap,51
15367,102462902,102462.902,1237,0,gap,51
15368,102467369,102467.369,1226,0,gap,51
15369,102478428,102478.428,1205,0,gap,51
15370,102485706,102485.706,1179,0,gap,51
15371,102489922,102489.922,1191,0,gap,51
15372,102498432,102498.432,1175,0,gap,51
15373,102502650,102502.65,1156,0,gap,51
15374,102518419,102518.419,1142,0,gap,51
15375,102522654,102522.654,1130,0,gap,51
15376,102526880,102526.88,1129,0,gap,51
15377,102538424,102538.424,1104,0,gap,51
15378,102542661,102542.661,1093,0,gap,51
15379,102546896,102546.896,1080,0,gap,51
15380,102558436,102558.436,1088,0,gap,51
15381,102562688,102562.688,1072,0,gap,51
15382,102566931,102566.931,1023,0,gap,51
15383,102578424,102578.424,1040,0,gap,51
15384,102582687,102582.687,996,0,gap,51
15385,102586958,102586.958,989,0,gap,51
15386,102598432,102598.432,993,0,gap,51
15387,102602709,102602.709,971,0,gap,51
15388,102606973,102606.973,969,0,gap,51
15389,102618425,102618.425,960,0,gap,51
15390,102622704,102622.704,959,0,gap,51
15391,102626995,102626.995,944,0,gap,51
15392,102638433,102638.433,934,0,gap,51
15393,102642734,102642.734,919,0,gap,51
15394,102647029,102647.029,915,0,gap,51
15395,102658425,102658.425,927,0,gap,51
15396,102662765,102662.765,881,0,gap,51
15397,102667100,102667.1,869,0,gap,51
15398,102678433,102678.433,880,0,gap,51
15399,102682788,102682.788,861,0,gap,51
15400,102688419,102688.419,853,0,gap,51
15401,102698428,102698.428,855,0,gap,51
15402,102702785,102702.785,811,0,gap,51
15403,102708423,102708.423,834,0,gap,51
15404,102718432,102718.432,809,0,gap,51
15405,102722807,102722.807,799,0,gap,51
15406,102728431,102728.431,815,0,gap,51
15407,102738424,102738.424,785,0,gap,51
15408,102742821,102742.821,793,0,gap,51
15409,102748423,102748.423,767,0,gap,51
15410,102758432,102758.432,783,0,gap,51
15411,102762847,102762.847,761,0,gap,51
15412,102768436,102768.436,725,0,gap,51
15413,102778425,102778.425,768,0,gap,51
15414,102782837,102782.837,720,0,gap,51
15415,102788424,102788.424,715,0,gap,51
15416,102798433,102798.433,725,0,gap,51
15417,102802867,102802.867,697,0,gap,51
15418,102808432,102808.432,710,0,gap,51
15419,102818425,102818.425,684,0,gap,51
15420,102822857,102822.857,679,0,gap,51
15421,102838415,102838.415,682,0,gap,51
15422,102842857,102842.857,673,0,gap,51
15423,102847307,102847.307,653,0,gap,51
15424,102858419,102858.419,703,0,gap,51
15425,102862879,102862.879,642,0,gap,51
15426,102867327,102867.327,624,0,gap,51
15427,102878423,102878.423,675,0,gap,51
15428,102882889,102882.889,625,0,gap,51
15429,102887350,102887.35,612,0,gap,51
15430,102898431,102898.431,655,0,gap,51
15431,102902911,102902.911,587,0,gap,51
15432,102907378,102907.378,593,0,gap,51
15433,102914621,102914.621,617,0,gap,51
15434,102928431,102928.431,654,0,gap,51
15435,102932649,102932.649,576,0,gap,51
15436,102936851,102936.851,566,0,gap,51
15437,102948423,102948.423,623,0,gap,51
15438,102952650,102952.65,539,0,gap,51
15439,102956885,102956.885,554,0,gap,51
15440,102968432,102968.432,575,0,gap,51
15441,102972678,102972.678,553,0,gap,51
15442,102976912,102976.912,569,0,gap,51
15443,102988424,102988.424,555,0,gap,51
15444,102992676,102992.676,535,0,gap,51
15445,102996932,102996.932,528,0,gap,51
15446,103008432,103008.432,563,0,gap,51
15447,103012703,103012.703,528,0,gap,51
15448,103016961,103016.961,493,0,gap,51
15449,103028428,103028.428,569,0,gap,51
15450,103032697,103032.697,478,0,gap,51
15451,103036974,103036.974,465,0,gap,51
15452,103048432,103048.432,532,0,gap,51
15453,103052716,103052.716,463,0,gap,51
15454,103056998,103056.998,493,0,gap,51
15455,103068424,103068.424,506,0,gap,51
15456,103072722,103072.722,466,0,gap,51
15457,103077021,103077.021,480,0,gap,51
15458,103088432,103088.432,494,0,gap,51
15459,103092773,103092.773,463,0,gap,51
15460,103097112,103097.112,445,0,gap,51
15461,103108424,103108.424,482,0,gap,51
15462,103112767,103112.767,447,0,gap,51
15463,103117118,103117.118,432,0,gap,51
15464,103128432,103128.432,502,0,gap,51
15465,103132802,103132.802,421,0,gap,51
15466,103137150,103137.15,390,0,gap,51
15467,103148425,103148.425,475,0,gap,51
15468,103152796,103152.796,389,0,gap,51
15469,103157171,103157.171,432,0,gap,51
15470,103168433,103168.433,431,0,gap,51
15471,103172842,103172.842,405,0,gap,51
15472,103177235,103177.235,412,0,gap,51
15473,103188425,103188.425,431,0,gap,51
15474,103192832,103192.832,416,0,gap,51
15475,103198411,103198.411,402,0,gap,51
15476,103208436,103208.436,453,0,gap,51
15477,103212857,103212.857,376,0,gap,51
15478,103218431,103218.431,370,0,gap,51
15479,103228424,103228.424,443,0,gap,51
15480,103232851,103232.851,342,0,gap,51
15481,103238427,103238.427,359,0,gap,51
15482,103248432,103248.432,418,0,gap,51
15483,103252873,103252.873,336,0,gap,51
15484,103258431,103258.431,387,0,gap,51
15485,103268424,103268.424,384,0,gap,51
15486,103272867,103272.867,351,0,gap,51
15487,103278424,103278.424,374,0,gap,51
15488,103288432,103288.432,368,0,gap,51
15489,103292892,103292.892,368,0,gap,51
15490,103298432,103298.432,350,0,gap,51
15491,103308425,103308.425,400,0,gap,51
15492,103312890,103312.89,339,0,gap,51
15493,103318424,103318.424,320,0,gap,51
15494,103328433,103328.433,410,0,gap,51
15495,103335680,103335.68,335,0,gap,51
15496,103339918,103339.918,327,0,gap,51
15497,103348428,103348.428,355,0,gap,51
15498,103352635,103352.635,283,0,gap,51
15499,103368423,103368.423,384,0,gap,51
15500,103372647,103372.647,301,0,gap,51
15501,103376875,103376.875,310,0,gap,51
15502,103388431,103388.431,336,0,gap,51
15503,103392678,103392.678,319,0,gap,51
15504,103396909,103396.909,304,0,gap,51
15505,103408423,103408.423,365,0,gap,51
15506,103412673,103412.673,302,0,gap,51
15507,103416921,103416.921,272,0,gap,51
15508,103428436,103428.436,380,0,gap,51
15509,103432697,103432.697,267,0,gap,51
15510,103436953,103436.953,253,0,gap,51
15511,103448424,103448.424,352,0,gap,51
15512,103452702,103452.702,246,0,gap,51
15513,103456981,103456.981,278,0,gap,51
15514,103468432,103468.432,309,0,gap,51
15515,103472713,103472.713,259,0,gap,51
15516,103476990,103476.99,291,0,gap,51
15517,103488424,103488.424,302,0,gap,51
15518,103492719,103492.719,274,0,gap,51
15519,103497016,103497.016,252,0,gap,51
15520,103508432,103508.432,335,0,gap,51
15521,103512770,103512.77,257,0,gap,51
15522,103517099,103517.099,240,0,gap,51
15523,103528424,103528.424,343,0,gap,51
15524,103532776,103532.776,230,0,gap,51
15525,103537121,103537.121,217,0,gap,51
15526,103548432,103548.432,307,0,gap,51
15527,103552791,103552.791,208,0,gap,51
15528,103557145,103557.145,256,0,gap,51
15529,103568428,103568.428,272,0,gap,51
15530,103572798,103572.798,231,0,gap,51
15531,103577170,103577.17,254,0,gap,51
15532,103588433,103588.433,274,0,gap,51
15533,103592827,103592.827,247,0,gap,51
15534,103597221,103597.221,241,0,gap,51
15535,103608425,103608.425,290,0,gap,51
15536,103612833,103612.833,240,0,gap,51
15537,103617233,103617.233,219,0,gap,51
15538,103628433,103628.433,318,0,gap,51
15539,103632851,103632.851,201,0,gap,51
15540,103638419,103638.419,217,0,gap,51
15541,103648424,103648.424,278,0,gap,51
15542,103652852,103652.852,173,0,gap,51
15543,103658423,103658.423,244,0,gap,51
15544,103668432,103668.432,247,0,gap,51
15545,103672874,103672.874,208,0,gap,51
15546,103678431,103678.431,250,0,gap,51
15547,103688424,103688.424,229,0,gap,51
15548,103692868,103692.868,204,0,gap,51
15549,103698423,103698.423,209,0,gap,51
15550,103708432,103708.432,261,0,gap,51
15551,103712893,103712.893,204,0,gap,51
15552,103718432,103718.432,195,0,gap,51
15553,103728425,103728.425,272,0,gap,51
15554,103732887,103732.887,183,0,gap,51
15555,103738424,103738.424,182,0,gap,51
15556,103748437,103748.437,243,0,gap,51
15557,103752910,103752.91,160,0,gap,51
15558,103760144,103760.144,227,0,gap,51
15559,103768424,103768.424,211,0,gap,51
15560,103772638,103772.638,162,0,gap,51
15561,103788419,103788.419,227,0,gap,51
15562,103792644,103792.644,199,0,gap,51
15563,103796867,103796.867,175,0,gap,51
15564,103808431,103808.431,247,0,gap,51
15565,103812669,103812.669,172,0,gap,51
15566,103816900,103816.9,147,0,gap,51
15567,103828423,103828.423,263,0,gap,51
15568,103832675,103832.675,153,0,gap,51
15569,103836920,103836.92,134,0,gap,51
15570,103848432,103848.432,245,0,gap,51
15571,103852692,103852.692,138,0,gap,51
15572,103856952,103856.952,155,0,gap,51
15573,103868424,103868.424,190,0,gap,51
15574,103872698,103872.698,149,0,gap,51
15575,103876967,103876.967,163,0,gap,51
15576,103888432,103888.432,192,0,gap,51
15577,103892716,103892.716,176,0,gap,51
15578,103896988,103896.988,157,0,gap,51
15579,103908424,103908.424,209,0,gap,51
15580,103912711,103912.711,171,0,gap,51
15581,103917006,103917.006,117,0,gap,51
15582,103928432,103928.432,240,0,gap,51
15583,103932783,103932.783,142,0,gap,51
15584,103937111,103937.111,114,0,gap,51
15585,103948424,103948.424,214,0,gap,51
15586,103952768,103952.768,106,0,gap,51
15587,103957107,103957.107,155,0,gap,51
15588,103968436,103968.436,189,0,gap,51
15589,103972791,103972.791,130,0,gap,51
15590,103977144,103977.144,156,0,gap,51
15591,103988424,103988.424,181,0,gap,51
15592,103992797,103992.797,155,0,gap,51
15593,103997169,103997.169,133,0,gap,51
15594,104008433,104008.433,203,0,gap,51
15595,104012821,104012.821,147,0,gap,51
15596,104017211,104017.211,112,0,gap,51
15597,104028425,104028.425,210,0,gap,51
15598,104032829,104032.829,125,0,gap,51
15599,104037236,104037.236,103,0,gap,51
15600,104048433,104048.433,208,0,gap,51
15601,104052846,104052.846,94,0,gap,51
15602,104057258,104057.258,125,1,pulse,52
15603,104068434,104068.434,4095,1,pulse,52
15604,104072803,104072.803,4095,1,pulse,52
15605,104078420,104078.42,4095,1,pulse,52
15606,104088429,104088.429,4095,1,pulse,52
15607,104092800,104092.8,4095,1,pulse,52
15608,104108428,104108.428,4095,0,gap,52
15609,104113031,104113.031,2971,0,gap,52
15610,104117484,104117.484,2883,0,gap,52
15611,104128423,104128.423,2762,0,gap,52
15612,104132887,104132.887,2711,0,gap,52
15613,104137346,104137.346,2689,0,gap,52
15614,104148432,104148.432,2658,0,gap,52
15615,104152905,104152.905,2628,0,gap,52
15616,104157374,104157.374,2619,0,gap,52
15617,104168424,104168.424,2559,0,gap,52
15618,104172907,104172.907,2559,0,gap,52
15619,104177390,104177.39,2544,0,gap,52
15620,104184643,104184.643,2513,0,gap,52
15621,104198424,104198.424,2487,0,gap,52
15622,104202646,104202.646,2457,0,gap,52
15623,104206863,104206.863,2449,0,gap,52
15624,104218436,104218.436,2417,0,gap,52
15625,104222670,104222.67,2405,0,gap,52
15626,104226904,104226.904,2375,0,gap,52
15627,104238424,104238.424,2368,0,gap,52
15628,104242669,104242.669,2323,0,gap,52
15629,104246910,104246.91,2327,0,gap,52
15630,104258432,104258.432,2306,0,gap,52
15631,104262696,104262.696,2274,0,gap,52
15632,104266950,104266.95,2258,0,gap,52
15633,104278425,104278.425,2238,0,gap,52
15634,104282696,104282.696,2223,0,gap,52
15635,104286974,104286.974,2201,0,gap,52
15636,104298433,104298.433,2173,0,gap,52
15637,104302718,104302.718,2154,0,gap,52
15638,104308431,104308.431,2140,0,gap,52
15639,104318424,104318.424,2119,0,gap,52
15640,104322720,104322.72,2103,0,gap,52
15641,104328424,104328.424,2085,0,gap,52
15642,104338432,104338.432,2047,0,gap,52
15643,104342742,104342.742,2035,0,gap,52
15644,104348432,104348.432,2003,0,gap,52
15645,104358425,104358.425,1992,0,gap,52
15646,104362769,104362.769,1977,0,gap,52
15647,104378423,104378.423,1951,0,gap,52
15648,104382774,104382.774,1929,0,gap,52
15649,104387128,104387.128,1913,0,gap,52
15650,104398431,104398.431,1889,0,gap,52
15651,104402806,104402.806,1872,0,gap,52
15652,104407163,104407.163,1866,0,gap,52
15653,104418424,104418.424,1838,0,gap,52
15654,104422796,104422.796,1812,0,gap,52
15655,104427175,104427.175,1811,0,gap,52
15656,104438436,104438.436,1792,0,gap,52
15657,104442836,104442.836,1773,0,gap,52
15658,104447229,104447.229,1755,0,gap,52
15659,104458424,104458.424,1731,0,gap,52
15660,104462832,104462.832,1712,0,gap,52
15661,104467243,104467.243,1690,0,gap,52
15662,104478433,104478.433,1681,0,gap,52
15663,104482862,104482.862,1659,0,gap,52
15664,104488419,104488.419,1648,0,gap,52
15665,104498424,104498.424,1622,0,gap,52
15666,104502855,104502.855,1610,0,gap,52
15667,104508423,104508.423,1603,0,gap,52
15668,104518432,104518.432,1565,0,gap,52
15669,104522877,104522.877,1535,0,gap,52
15670,104528432,104528.432,1553,0,gap,52
15671,104538425,104538.425,1520,0,gap,52
15672,104542880,104542.88,1517,0,gap,52
15673,104558423,104558.423,1484,0,gap,52
15674,104562880,104562.88,1457,0,gap,52
15675,104567337,104567.337,1447,0,gap,52
15676,104578431,104578.431,1445,0,gap,52
15677,104582906,104582.906,1424,0,gap,52
15678,104587369,104587.369,1405,0,gap,52
15679,104598424,104598.424,1397,0,gap,52
15680,104602901,104602.901,1366,0,gap,52
15681,104607381,104607.381,1358,0,gap,52
15682,104618432,104618.432,1341,0,gap,52
15683,104625679,104625.679,1335,0,gap,52
15684,104629899,104629.899,1302,0,gap,52
15685,104638424,104638.424,1295,0,gap,52
15686,104642648,104642.648,1295,0,gap,52
15687,104658415,104658.415,1271,0,gap,52
15688,104662656,104662.656,1259,0,gap,52
15689,104666894,104666.894,1232,0,gap,52
15690,104678432,104678.432,1232,0,gap,52
15691,104682684,104682.684,1205,0,gap,52
15692,104686925,104686.925,1185,0,gap,52
15693,104698424,104698.424,1195,0,gap,52
15694,104702687,104702.687,1165,0,gap,52
15695,104706953,104706.953,1154,0,gap,52
15696,104718432,104718.432,1136,0,gap,52
15697,104722710,104722.71,1132,0,gap,52
15698,104726979,104726.979,1127,0,gap,52
15699,104738425,104738.425,1104,0,gap,52
15700,104742704,104742.704,1110,0,gap,52
15701,104746991,104746.991,1087,0,gap,52
15702,104758433,104758.433,1083,0,gap,52
15703,104762731,104762.731,1053,0,gap,52
15704,104768435,104768.435,1034,0,gap,52
15705,104778424,104778.424,1062,0,gap,52
15706,104782733,104782.733,1015,0,gap,52
15707,104788424,104788.424,1002,0,gap,52
15708,104798432,104798.432,987,0,gap,52
15709,104802779,104802.779,982,0,gap,52
15710,104808432,104808.432,976,0,gap,52
15711,104818425,104818.425,959,0,gap,52
15712,104822781,104822.781,947,0,gap,52
15713,104828424,104828.424,947,0,gap,52
15714,104838433,104838.433,933,0,gap,52
15715,104842808,104842.808,934,0,gap,52
15716,104848432,104848.432,923,0,gap,52
15717,104858425,104858.425,907,0,gap,52
15718,104862807,104862.807,887,0,gap,52
15719,104878415,104878.415,897,0,gap,52
15720,104882818,104882.818,853,0,gap,52
15721,104887221,104887.221,843,0,gap,52
15722,104898431,104898.431,867,0,gap,52
15723,104902853,104902.853,827,0,gap,52
15724,104907258,104907.258,842,0,gap,52
15725,104918423,104918.423,825,0,gap,52
15726,104922851,104922.851,805,0,gap,52
15727,104927278,104927.278,815,0,gap,52
15728,104938431,104938.431,801,0,gap,52
15729,104942873,104942.873,789,0,gap,52
15730,104947297,104947.297,779,0,gap,52
15731,104958423,104958.423,800,0,gap,52
15732,104962867,104962.867,765,0,gap,52
15733,104967309,104967.309,736,0,gap,52
15734,104978432,104978.432,767,0,gap,52
15735,104982892,104982.892,739,0,gap,52
15736,104987345,104987.345,704,0,gap,52
15737,104998424,104998.424,738,0,gap,52
15738,105002882,105002.882,690,0,gap,52
15739,105007344,105007.344,713,0,gap,52
15740,105018432,105018.432,704,0,gap,52
15741,105022908,105022.908,688,0,gap,52
15742,105027384,105027.384,681,0,gap,52
15743,105038424,105038.424,688,0,gap,52
15744,105042914,105042.914,671,0,gap,52
15745,105047404,105047.404,672,0,gap,52
15746,105054643,105054.643,647,0,gap,52
15747,105068424,105068.424,663,0,gap,52
15748,105072644,105072.644,621,0,gap,52
15749,105076864,105076.864,644,0,gap,52
15750,105088431,105088.431,630,0,gap,52
15751,105092672,105092.672,629,0,gap,52
15752,105096913,105096.913,624,0,gap,52
15753,105108423,105108.423,641,0,gap,52
15754,105112675,105112.675,614,0,gap,52
15755,105116923,105116.923,589,0,gap,52
15756,105128432,105128.432,641,0,gap,52
15757,105132694,105132.694,576,0,gap,52
15758,105136960,105136.96,556,0,gap,52
15759,105148424,105148.424,608,0,gap,52
15760,105152701,105152.701,539,0,gap,52
15761,105156970,105156.97,551,0,gap,52
15762,105168432,105168.432,571,0,gap,52
15763,105172719,105172.719,542,0,gap,52
15764,105177002,105177.002,565,0,gap,52
15765,105188424,105188.424,549,0,gap,52
15766,105192714,105192.714,544,0,gap,52
15767,105197011,105197.011,528,0,gap,52
15768,105208436,105208.436,571,0,gap,52
15769,105212749,105212.749,528,0,gap,52
15770,105217058,105217.058,496,0,gap,52
15771,105228424,105228.424,567,0,gap,52
15772,105232770,105232.77,473,0,gap,52
15773,105237116,105237.116,469,0,gap,52
15774,105248432,105248.432,543,0,gap,52
15775,105252797,105252.797,468,0,gap,52
15776,105257150,105257.15,477,0,gap,52
15777,105268424,105268.424,494,0,gap,52
15778,105272792,105272.792,464,0,gap,52
15779,105277163,105277.163,468,0,gap,52
15780,105288433,105288.433,468,0,gap,52
15781,105292818,105292.818,477,0,gap,52
15782,105297195,105297.195,464,0,gap,52
15783,105308425,105308.425,490,0,gap,52
15784,105312836,105312.836,461,0,gap,52
15785,105317242,105317.242,431,0,gap,52
15786,105328433,105328.433,505,0,gap,52
15787,105332854,105332.854,417,0,gap,52
15788,105338415,105338.415,417,0,gap,52
15789,105348424,105348.424,480,0,gap,52
15790,105352851,105352.851,398,0,gap,52
15791,105358423,105358.423,432,0,gap,52
15792,105368432,105368.432,432,0,gap,52
15793,105372872,105372.872,400,0,gap,52
15794,105378431,105378.431,443,0,gap,52
15795,105388424,105388.424,415,0,gap,52
15796,105392870,105392.87,406,0,gap,52
15797,105398423,105398.423,398,0,gap,52
15798,105408432,105408.432,429,0,gap,52
15799,105412896,105412.896,384,0,gap,52
15800,105418436,105418.436,367,0,gap,52
15801,105428425,105428.425,442,0,gap,52
15802,105432886,105432.886,375,0,gap,52
15803,105438424,105438.424,363,0,gap,52
15804,105448433,105448.433,426,0,gap,52
15805,105452912,105452.912,336,0,gap,52
15806,105458432,105458.432,389,0,gap,52
15807,105468425,105468.425,391,0,gap,52
15808,105475673,105475.673,400,0,gap,52
15809,105479924,105479.924,362,0,gap,52
15810,105488432,105488.432,368,0,gap,52
15811,105492661,105492.661,369,0,gap,52
15812,105508431,105508.431,400,0,gap,52
15813,105512673,105512.673,334,0,gap,52
15814,105516903,105516.903,310,0,gap,52
15815,105528423,105528.423,414,0,gap,52
15816,105532672,105532.672,317,0,gap,52
15817,105536916,105536.916,297,0,gap,52
15818,105548432,105548.432,393,0,gap,52
15819,105552694,105552.694,287,0,gap,52
15820,105556949,105556.949,320,0,gap,52
15821,105568424,105568.424,351,0,gap,52
15822,105572698,105572.698,302,0,gap,52
15823,105576973,105576.973,327,0,gap,52
15824,105588432,105588.432,327,0,gap,52
15825,105592720,105592.72,315,0,gap,52
15826,105596993,105596.993,293,0,gap,52
15827,105608424,105608.424,368,0,gap,52
15828,105612711,105612.711,320,0,gap,52
15829,105617006,105617.006,267,0,gap,52
15830,105628432,105628.432,379,0,gap,52
15831,105632742,105632.742,270,0,gap,52
15832,105637043,105637.043,247,0,gap,52
15833,105648424,105648.424,351,0,gap,52
15834,105652767,105652.767,246,0,gap,52
15835,105657114,105657.114,272,0,gap,52
15836,105668432,105668.432,320,0,gap,52
15837,105672790,105672.79,257,0,gap,52
15838,105677145,105677.145,295,0,gap,52
15839,105688424,105688.424,303,0,gap,52
15840,105692789,105692.789,277,0,gap,52
15841,105697154,105697.154,270,0,gap,52
15842,105708432,105708.432,312,0,gap,52
15843,105712819,105712.819,272,0,gap,52
15844,105717194,105717.194,240,0,gap,52
15845,105728425,105728.425,329,0,gap,52
15846,105732825,105732.825,240,0,gap,52
15847,105737233,105737.233,227,0,gap,52
15848,105748437,105748.437,336,0,gap,52
15849,105752855,105752.855,222,0,gap,52
15850,105757264,105757.264,235,0,gap,52
15851,105768425,105768.425,272,0,gap,52
15852,105772845,105772.845,222,0,gap,52
15853,105778411,105778.411,268,0,gap,52
15854,105788432,105788.432,266,0,gap,52
15855,105792873,105792.873,242,0,gap,52
15856,105798431,105798.431,238,0,gap,52
15857,105808424,105808.424,282,0,gap,52
15858,105812863,105812.863,224,0,gap,52
15859,105818423,105818.423,221,0,gap,52
15860,105828432,105828.432,304,0,gap,52
15861,105832889,105832.889,192,0,gap,52
15862,105838431,105838.431,217,0,gap,52
15863,105848424,105848.424,297,0,gap,52
15864,105852891,105852.891,175,0,gap,52
15865,105858424,105858.424,221,0,gap,52
15866,105868433,105868.433,249,0,gap,52
15867,105872909,105872.909,200,0,gap,52
15868,105878432,105878.432,224,0,gap,52
15869,105888425,105888.425,235,0,gap,52
15870,105892908,105892.908,220,0,gap,52
15871,105900200,105900.2,211,0,gap,52
15872,105908432,105908.432,245,0,gap,52
15873,105912654,105912.654,208,0,gap,52
15874,105928431,105928.431,304,0,gap,52
15875,105932674,105932.674,187,0,gap,52
15876,105936899,105936.899,158,0,gap,52
15877,105948423,105948.423,275,0,gap,52
15878,105952666,105952.666,154,0,gap,52
15879,105956914,105956.914,174,0,gap,52
15880,105968436,105968.436,216,0,gap,52
15881,105972697,105972.697,170,0,gap,52
15882,105976947,105976.947,189,0,gap,52
15883,105988424,105988.424,207,1,pulse,53
15884,105992789,105992.789,4095,1,pulse,53
15885,105997003,105997.003,4095,1,pulse,53
15886,106008428,106008.428,4095,1,pulse,53
15887,106012646,106012.646,4095,1,pulse,53
15888,106018415,106018.415,4095,1,pulse,53
15889,106028420,106028.42,4095,0,gap,53
15890,106032873,106032.873,3024,0,gap,53
15891,106038423,106038.423,2886,0,gap,53
15892,106048432,106048.432,2751,0,gap,53
15893,106052747,106052.747,2719,0,gap,53
15894,106058432,106058.432,2704,0,gap,53
15895,106068429,106068.429,2665,0,gap,53
15896,106072797,106072.797,2638,0,gap,53
15897,106078424,106078.424,2624,0,gap,53
15898,106088433,106088.433,2589,0,gap,53
15899,106092795,106092.795,2559,0,gap,53
15900,106108435,106108.435,2531,0,gap,53
15901,106112807,106112.807,2517,0,gap,53
15902,106117176,106117.176,2497,0,gap,53
15903,106128423,106128.423,2461,0,gap,53
15904,106132807,106132.807,2443,0,gap,53
15905,106137187,106137.187,2413,0,gap,53
15906,106148432,106148.432,2400,0,gap,53
15907,106152830,106152.83,2374,0,gap,53
15908,106157245,106157.245,2369,0,gap,53
15909,106168424,106168.424,2338,0,gap,53
15910,106172844,106172.844,2313,0,gap,53
15911,106177268,106177.268,2300,0,gap,53
15912,106188432,106188.432,2279,0,gap,53
15913,106192866,106192.866,2256,0,gap,53
15914,106197291,106197.291,2240,0,gap,53
15915,106208425,106208.425,2211,0,gap,53
15916,106212868,106212.868,2196,0,gap,53
15917,106218415,106218.415,2169,0,gap,53
15918,106228432,106228.432,2166,0,gap,53
15919,106232885,106232.885,2128,0,gap,53
15920,106238431,106238.431,2114,0,gap,53
15921,106248425,106248.425,2096,0,gap,53
15922,106252888,106252.888,2074,0,gap,53
15923,106258424,106258.424,2062,0,gap,53
15924,106268433,106268.433,2030,0,gap,53
15925,106272906,106272.906,2005,0,gap,53
15926,106288431,106288.431,1989,0,gap,53
15927,106292915,106292.915,1968,0,gap,53
15928,106297390,106297.39,1959,0,gap,53
15929,106308423,106308.423,1936,0,gap,53
15930,106312913,106312.913,1923,0,gap,53
15931,106317393,106317.393,1903,0,gap,53
15932,106328436,106328.436,1884,0,gap,53
15933,106332931,106332.931,1856,0,gap,53
15934,106340184,106340.184,1838,0,gap,53
15935,106344411,106344.411,1823,0,gap,53
15936,106358432,106358.432,1803,0,gap,53
15937,106362666,106362.666,1773,0,gap,53
15938,106366908,106366.908,1762,0,gap,53
15939,106378424,106378.424,1743,0,gap,53
15940,106382679,106382.679,1719,0,gap,53
15941,106386929,106386.929,1695,0,gap,53
15942,106398432,106398.432,1707,0,gap,53
15943,106402702,106402.702,1667,0,gap,53
15944,106406966,106406.966,1676,0,gap,53
15945,106418424,106418.424,1616,0,gap,53
15946,106422701,106422.701,1613,0,gap,53
15947,106426974,106426.974,1616,0,gap,53
15948,106438437,106438.437,1581,0,gap,53
15949,106442724,106442.724,1580,0,gap,53
15950,106447006,106447.006,1535,0,gap,53
15951,106458425,106458.425,1533,0,gap,53
15952,106462726,106462.726,1509,0,gap,53
15953,106468423,106468.423,1498,0,gap,53
15954,106478432,106478.432,1498,0,gap,53
15955,106482743,106482.743,1459,0,gap,53
15956,106488432,106488.432,1452,0,gap,53
15957,106498425,106498.425,1429,0,gap,53
15958,106502748,106502.748,1405,0,gap,53
15959,106508428,106508.428,1395,0,gap,53
15960,106518433,106518.433,1382,0,gap,53
15961,106522800,106522.8,1363,0,gap,53
15962,106538431,106538.431,1353,0,gap,53
15963,106542802,106542.802,1357,0,gap,53
15964,106547170,106547.17,1333,0,gap,53
15965,106558423,106558.423,1325,0,gap,53
15966,106562805,106562.805,1294,0,gap,53
15967,106567182,106567.182,1279,0,gap,53
15968,106578432,106578.432,1267,0,gap,53
15969,106582828,106582.828,1245,0,gap,53
15970,106587223,106587.223,1232,0,gap,53
15971,106598424,106598.424,1229,0,gap,53
15972,106602842,106602.842,1202,0,gap,53
15973,106607255,106607.255,1200,0,gap,53
15974,106618432,106618.432,1184,0,gap,53
15975,106622868,106622.868,1163,0,gap,53
15976,106627295,106627.295,1156,0,gap,53
15977,106638425,106638.425,1139,0,gap,53
15978,106642862,106642.862,1139,0,gap,53
15979,106648415,106648.415,1122,0,gap,53
15980,106658436,106658.436,1114,0,gap,53
15981,106662883,106662.883,1088,0,gap,53
15982,106668431,106668.431,1071,0,gap,53
15983,106678425,106678.425,1089,0,gap,53
15984,106682885,106682.885,1045,0,gap,53
15985,106688424,106688.424,1036,0,gap,53
15986,106698433,106698.433,1038,0,gap,53
15987,106702903,106702.903,999,0,gap,53
15988,106718431,106718.431,995,0,gap,53
15989,106722908,106722.908,982,0,gap,53
15990,106727379,106727.379,989,0,gap,53
15991,106738415,106738.415,976,0,gap,53
15992,106742901,106742.901,958,0,gap,53
15993,106747383,106747.383,939,0,gap,53
15994,106758431,106758.431,961,0,gap,53
15995,106762928,106762.928,935,0,gap,53
15996,106770194,106770.194,914,0,gap,53
15997,106774445,106774.445,917,0,gap,53
15998,106788431,106788.431,894,0,gap,53
15999,106792667,106792.667,895,0,gap,53
16000,106796900,106796.9,871,0,gap,53
16001,106808423,106808.423,880,0,gap,53
16002,106812679,106812.679,862,0,gap,53
16003,106816926,106816.926,842,0,gap,53
16004,106828431,106828.431,850,0,gap,53
16005,106832694,106832.694,826,0,gap,53
16006,106836954,106836.954,814,0,gap,53
16007,106848428,106848.428,820,0,gap,53
16008,106852700,106852.7,783,0,gap,53
16009,106856977,106856.977,784,0,gap,53
16010,106868432,106868.432,785,0,gap,53
16011,106872720,106872.72,781,0,gap,53
16012,106876999,106876.999,772,0,gap,53
16013,106888424,106888.424,766,0,gap,53
16014,106892718,106892.718,761,0,gap,53
16015,106897015,106897.015,754,0,gap,53
16016,106908432,106908.432,768,0,gap,53
16017,106912740,106912.74,741,0,gap,53
16018,106917041,106917.041,705,0,gap,53
16019,106928424,106928.424,742,0,gap,53
16020,106932740,106932.74,692,0,gap,53
16021,106937080,106937.08,688,0,gap,53
16022,106948432,106948.432,715,0,gap,53
16023,106952809,106952.809,672,0,gap,53
16024,106957165,106957.165,685,0,gap,53
16025,106968424,106968.424,685,0,gap,53
16026,106972788,106972.788,662,0,gap,53
16027,106977160,106977.16,662,0,gap,53
16028,106988436,106988.436,656,0,gap,53
16029,106992818,106992.818,658,0,gap,53
16030,106997188,106997.188,642,0,gap,53
16031,107008425,107008.425,655,0,gap,53
16032,107012821,107012.821,624,0,gap,53
16033,107017222,107017.222,611,0,gap,53
16034,107028433,107028.433,647,0,gap,53
16035,107032858,107032.858,598,0,gap,53
16036,107037271,107037.271,582,0,gap,53
16037,107048425,107048.425,621,0,gap,53
16038,107052848,107052.848,560,0,gap,53
16039,107058415,107058.415,598,0,gap,53
16040,107068432,107068.432,573,0,gap,53
16041,107072873,107072.873,559,0,gap,53
16042,107078431,107078.431,587,0,gap,53
16043,107088424,107088.424,565,0,gap,53
16044,107092871,107092.871,544,0,gap,53
16045,107098423,107098.423,559,0,gap,53
16046,107108432,107108.432,571,0,gap,53
16047,107112897,107112.897,543,0,gap,53
16048,107118431,107118.431,525,0,gap,53
16049,107128424,107128.424,591,0,gap,53
16050,107132895,107132.895,506,0,gap,53
16051,107138424,107138.424,506,0,gap,53
16052,107148433,107148.433,560,0,gap,53
16053,107152913,107152.913,492,0,gap,53
16054,107158432,107158.432,510,0,gap,53
16055,107168429,107168.429,503,0,gap,53
16056,107172915,107172.915,467,0,gap,53
16057,107178424,107178.424,511,0,gap,53
16058,107188433,107188.433,486,0,gap,53
16059,107195689,107195.689,523,0,gap,53
16060,107199918,107199.918,451,0,gap,53
16061,107208424,107208.424,498,0,gap,53
16062,107212654,107212.654,464,0,gap,53
16063,107228423,107228.423,523,0,gap,53
16064,107232670,107232.67,430,0,gap,53
16065,107236920,107236.92,418,0,gap,53
16066,107248431,107248.431,496,0,gap,53
16067,107252697,107252.697,407,0,gap,53
16068,107256951,107256.951,433,0,gap,53
16069,107268423,107268.423,450,0,gap,53
16070,107272696,107272.696,411,0,gap,53
16071,107276976,107276.976,432,0,gap,53
16072,107288432,107288.432,432,0,gap,53
16073,107292719,107292.719,402,0,gap,53
16074,107296997,107296.997,417,0,gap,53
16075,107308424,107308.424,459,0,gap,53
16076,107312717,107312.717,400,0,gap,53
16077,107317009,107317.009,368,0,gap,53
16078,107328432,107328.432,449,0,gap,53
16079,107332739,107332.739,368,0,gap,53
16080,107337042,107337.042,353,0,gap,53
16081,107348424,107348.424,438,0,gap,53
16082,107352746,107352.746,337,0,gap,53
16083,107357064,107357.064,374,0,gap,53
16084,107368432,107368.432,413,0,gap,53
16085,107372788,107372.788,350,0,gap,53
16086,107377144,107377.144,368,0,gap,53
16087,107388428,107388.428,377,0,gap,53
16088,107392795,107392.795,361,0,gap,53
16089,107397161,107397.161,351,0,gap,53
16090,107408432,107408.432,400,0,gap,53
16091,107412813,107412.813,369,0,gap,53
16092,107417186,107417.186,322,0,gap,53
16093,107428424,107428.424,403,0,gap,53
16094,107432816,107432.816,336,0,gap,53
16095,107437215,107437.215,303,0,gap,53
16096,107448432,107448.432,391,0,gap,53
16097,107452858,107452.858,307,0,gap,53
16098,107457270,107457.27,318,0,gap,53
16099,107468425,107468.425,368,0,gap,53
16100,107472848,107472.848,316,0,gap,53
16101,107477274,107477.274,331,0,gap,53
16102,107488433,107488.433,350,0,gap,53
16103,107492881,107492.881,321,0,gap,53
16104,107497313,107497.313,304,0,gap,53
16105,107508425,107508.425,352,0,gap,53
16106,107512871,107512.871,304,0,gap,53
16107,107518423,107518.423,290,0,gap,53
16108,107528436,107528.436,371,0,gap,53
16109,107532896,107532.896,282,0,gap,53
16110,107538431,107538.431,277,0,gap,53
16111,107548424,107548.424,349,0,gap,53
16112,107552890,107552.89,251,0,gap,53
16113,107558423,107558.423,304,0,gap,53
16114,107568432,107568.432,304,0,gap,53
16115,107572912,107572.912,270,0,gap,53
16116,107578431,107578.431,318,0,gap,53
16117,107588425,107588.425,307,0,gap,53
16118,107592906,107592.906,277,0,gap,53
16119,107598428,107598.428,266,0,gap,53
16120,107608433,107608.433,331,0,gap,53
16121,107612932,107612.932,276,0,gap,53
16122,107620176,107620.176,272,0,gap,53
16123,107628424,107628.424,319,0,gap,53
16124,107632657,107632.657,240,0,gap,53
16125,107648415,107648.415,351,0,gap,53
16126,107652659,107652.659,224,0,gap,53
16127,107656901,107656.901,243,0,gap,53
16128,107668431,107668.431,292,0,gap,53
16129,107672689,107672.689,237,0,gap,53
16130,107676943,107676.943,255,0,gap,53
16131,107688423,107688.423,285,0,gap,53
16132,107692694,107692.694,237,0,gap,53
16133,107696962,107696.962,240,0,gap,53
16134,107708432,107708.432,285,0,gap,53
16135,107712720,107712.72,253,0,gap,53
16136,107716999,107716.999,211,0,gap,53
16137,107728424,107728.424,314,0,gap,53
16138,107732714,107732.714,209,0,gap,53
16139,107736999,107736.999,185,0,gap,53
16140,107748436,107748.436,295,0,gap,53
16141,107752740,107752.74,185,0,gap,53
16142,107757032,107757.032,207,0,gap,53
16143,107768424,107768.424,265,0,gap,53
16144,107772736,107772.736,194,0,gap,53
16145,107777046,107777.046,219,0,gap,53
16146,107788432,107788.432,240,0,gap,53
16147,107792787,107792.787,230,0,gap,53
16148,107797135,107797.135,211,0,gap,53
16149,107808424,107808.424,262,0,gap,53
16150,107812787,107812.787,208,0,gap,53
16151,107817158,107817.158,195,0,gap,53
16152,107828432,107828.432,282,0,gap,53
16153,107832810,107832.81,192,0,gap,53
16154,107837176,107837.176,161,0,gap,53
16155,107848424,107848.424,281,0,gap,53
16156,107852813,107852.813,170,0,gap,53
16157,107857200,107857.2,177,0,gap,53
16158,107868433,107868.433,234,0,gap,53
16159,107872854,107872.854,171,0,gap,53
16160,107877263,107877.263,196,0,gap,53
16161,107888425,107888.425,223,0,gap,53
16162,107892852,107892.852,197,0,gap,53
16163,107897275,107897.275,185,0,gap,53
16164,107908433,107908.433,242,0,gap,53
16165,107912870,107912.87,192,0,gap,53
16166,107918415,107918.415,155,0,gap,53
16167,107928428,107928.428,267,0,gap,53
16168,107932871,107932.871,176,0,gap,53
16169,107938423,107938.423,163,0,gap,53
16170,107948432,107948.432,245,1,pulse,54
16171,107952984,107952.984,4095,1,pulse,54
16172,107958428,107958.428,4095,1,pulse,54
16173,107968421,107968.421,4095,1,pulse,54
16174,107972818,107972.818,4095,1,pulse,54
16175,107988420,107988.42,4095,0,gap,54
16176,107993044,107993.044,2953,0,gap,54
16177,107997535,107997.535,2842,0,gap,54
16178,108008431,108008.431,2775,0,gap,54
16179,108012928,108012.928,2723,0,gap,54
16180,108017412,108017.412,2705,0,gap,54
16181,108028424,108028.424,2662,0,gap,54
16182,108032926,108032.926,2640,0,gap,54
16183,108037428,108037.428,2639,0,gap,54
16184,108044696,108044.696,2597,0,gap,54
16185,108058424,108058.424,2556,0,gap,54
16186,108062660,108062.66,2537,0,gap,54
16187,108066905,108066.905,2525,0,gap,54
16188,108078432,108078.432,2499,0,gap,54
16189,108082693,108082.693,2483,0,gap,54
16190,108086943,108086.943,2458,0,gap,54
16191,108098424,108098.424,2431,0,gap,54
16192,108102688,108102.688,2404,0,gap,54
16193,108106961,108106.961,2384,0,gap,54
16194,108118432,108118.432,2356,0,gap,54
16195,108122719,108122.719,2339,0,gap,54
16196,108126994,108126.994,2339,0,gap,54
16197,108138425,108138.425,2309,0,gap,54
16198,108142720,108142.72,2291,0,gap,54
16199,108147014,108147.014,2270,0,gap,54
16200,108158433,108158.433,2254,0,gap,54
16201,108162742,108162.742,2222,0,gap,54
16202,108168431,108168.431,2199,0,gap,54
16203,108178428,108178.428,2189,0,gap,54
16204,108182739,108182.739,2165,0,gap,54
16205,108188424,108188.424,2145,0,gap,54
16206,108198432,108198.432,2119,0,gap,54
16207,108202762,108202.762,2106,0,gap,54
16208,108208432,108208.432,2085,0,gap,54
16209,108218425,108218.425,2059,0,gap,54
16210,108222788,108222.788,2045,0,gap,54
16211,108238423,108238.423,2009,0,gap,54
16212,108242794,108242.794,1997,0,gap,54
16213,108247168,108247.168,1987,0,gap,54
16214,108258431,108258.431,1957,0,gap,54
16215,108262821,108262.821,1936,0,gap,54
16216,108267198,108267.198,1929,0,gap,54
16217,108278424,108278.424,1909,0,gap,54
16218,108282816,108282.816,1872,0,gap,54
16219,108287219,108287.219,1869,0,gap,54
16220,108298432,108298.432,1842,0,gap,54
16221,108302856,108302.856,1811,0,gap,54
16222,108307273,108307.273,1803,0,gap,54
16223,108318424,108318.424,1793,0,gap,54
16224,108322855,108322.855,1777,0,gap,54
16225,108327294,108327.294,1763,0,gap,54
16226,108338433,108338.433,1726,0,gap,54
16227,108342882,108342.882,1722,0,gap,54
16228,108348419,108348.419,1687,0,gap,54
16229,108358424,108358.424,1669,0,gap,54
16230,108362879,108362.879,1667,0,gap,54
16231,108368423,108368.423,1647,0,gap,54
16232,108378432,108378.432,1637,0,gap,54
16233,108382901,108382.901,1617,0,gap,54
16234,108388432,108388.432,1598,0,gap,54
16235,108398429,108398.429,1569,0,gap,54
16236,108402899,108402.899,1555,0,gap,54
16237,108418423,108418.423,1535,0,gap,54
16238,108422900,108422.9,1520,0,gap,54
16239,108427380,108427.38,1498,0,gap,54
16240,108438431,108438.431,1491,0,gap,54
16241,108442930,108442.93,1488,0,gap,54
16242,108447411,108447.411,1456,0,gap,54
16243,108458424,108458.424,1439,0,gap,54
16244,108462920,108462.92,1421,0,gap,54
16245,108467420,108467.42,1405,0,gap,54
16246,108478432,108478.432,1408,0,gap,54
16247,108485747,108485.747,1377,0,gap,54
16248,108489991,108489.991,1362,0,gap,54
16249,108498424,108498.424,1350,0,gap,54
16250,108502667,108502.667,1328,0,gap,54
16251,108518427,108518.427,1318,0,gap,54
16252,108522684,108522.684,1291,0,gap,54
16253,108526944,108526.944,1279,0,gap,54
16254,108538432,108538.432,1256,0,gap,54
16255,108542707,108542.707,1261,0,gap,54
16256,108546971,108546.971,1243,0,gap,54
16257,108558424,108558.424,1234,0,gap,54
16258,108562705,108562.705,1215,0,gap,54
16259,108566987,108566.987,1201,0,gap,54
16260,108578432,108578.432,1197,0,gap,54
16261,108582729,108582.729,1168,0,gap,54
16262,108587025,108587.025,1153,0,gap,54
16263,108598425,108598.425,1149,0,gap,54
16264,108602731,108602.731,1130,0,gap,54
16265,108607034,108607.034,1119,0,gap,54
16266,108618433,108618.433,1106,0,gap,54
16267,108622754,108622.754,1088,0,gap,54
16268,108628431,108628.431,1089,0,gap,54
16269,108638424,108638.424,1079,0,gap,54
16270,108642752,108642.752,1072,0,gap,54
16271,108648424,108648.424,1060,0,gap,54
16272,108658432,108658.432,1043,0,gap,54
16273,108662807,108662.807,1022,0,gap,54
16274,108668432,108668.432,1005,0,gap,54
16275,108678425,108678.425,1019,0,gap,54
16276,108682807,108682.807,982,0,gap,54
16277,108698415,108698.415,978,0,gap,54
16278,108702806,108702.806,950,0,gap,54
16279,108707189,108707.189,960,0,gap,54
16280,108718431,108718.431,945,0,gap,54
16281,108722828,108722.828,924,0,gap,54
16282,108727225,108727.225,930,0,gap,54
16283,108738427,108738.427,902,0,gap,54
16284,108742860,108742.86,891,0,gap,54
16285,108747283,108747.283,889,0,gap,54
16286,108758431,108758.431,880,0,gap,54
16287,108762868,108762.868,882,0,gap,54
16288,108767300,108767.3,862,0,gap,54
16289,108778423,108778.423,887,0,gap,54
16290,108782870,108782.87,827,0,gap,54
16291,108787312,108787.312,823,0,gap,54
16292,108798432,108798.432,835,0,gap,54
16293,108802888,108802.888,801,0,gap,54
16294,108807344,108807.344,815,0,gap,54
16295,108818424,108818.424,805,0,gap,54
16296,108822890,108822.89,780,0,gap,54
16297,108827351,108827.351,781,0,gap,54
16298,108838432,108838.432,767,0,gap,54
16299,108842912,108842.912,770,0,gap,54
16300,108847383,108847.383,758,0,gap,54
16301,108858424,108858.424,761,0,gap,54
16302,108862910,108862.91,747,0,gap,54
16303,108867391,108867.391,726,0,gap,54
16304,108878432,108878.432,755,0,gap,54
16305,108882932,108882.932,709,0,gap,54
16306,108887422,108887.422,693,0,gap,54
16307,108898424,108898.424,742,0,gap,54
16308,108902929,108902.929,673,0,gap,54
16309,108907430,108907.43,688,0,gap,54
16310,108914711,108914.711,703,0,gap,54
16311,108928424,108928.424,699,0,gap,54
16312,108932668,108932.668,645,0,gap,54
16313,108936907,108936.907,638,0,gap,54
16314,108948431,108948.431,686,0,gap,54
16315,108952696,108952.696,624,0,gap,54
16316,108956952,108956.952,636,0,gap,54
16317,108968423,108968.423,650,0,gap,54
16318,108972696,108972.696,615,0,gap,54
16319,108976963,108976.963,624,0,gap,54
16320,108988432,108988.432,610,0,gap,54
16321,108992722,108992.722,603,0,gap,54
16322,108997004,108997.004,611,0,gap,54
16323,109008424,109008.424,603,0,gap,54
16324,109012721,109012.721,610,0,gap,54
16325,109017013,109017.013,574,0,gap,54
16326,109028432,109028.432,624,0,gap,54
16327,109032739,109032.739,557,0,gap,54
16328,109037041,109037.041,550,0,gap,54
16329,109048424,109048.424,599,0,gap,54
16330,109052737,109052.737,543,0,gap,54
16331,109057058,109057.058,538,0,gap,54
16332,109068432,109068.432,576,0,gap,54
16333,109072764,109072.764,533,0,gap,54
16334,109077092,109077.092,541,0,gap,54
16335,109088424,109088.424,530,0,gap,54
16336,109092790,109092.79,511,0,gap,54
16337,109097163,109097.163,527,0,gap,54
16338,109108432,109108.432,547,0,gap,54
16339,109112813,109112.813,510,0,gap,54
16340,109117189,109117.189,479,0,gap,54
16341,109128424,109128.424,538,0,gap,54
16342,109132819,109132.819,481,0,gap,54
16343,109137206,109137.206,454,0,gap,54
16344,109148433,109148.433,532,0,gap,54
16345,109152842,109152.842,462,0,gap,54
16346,109157247,109157.247,469,0,gap,54
16347,109168429,109168.429,494,0,gap,54
16348,109172860,109172.86,455,0,gap,54
16349,109177286,109177.286,464,0,gap,54
16350,109188433,109188.433,471,0,gap,54
16351,109192873,109192.873,465,0,gap,54
16352,109197310,109197.31,447,0,gap,54
16353,109208425,109208.425,470,0,gap,54
16354,109212875,109212.875,452,0,gap,54
16355,109218423,109218.423,430,0,gap,54
16356,109228432,109228.432,486,0,gap,54
16357,109232892,109232.892,429,0,gap,54
16358,109238431,109238.431,405,0,gap,54
16359,109248424,109248.424,477,0,gap,54
16360,109252894,109252.894,399,0,gap,54
16361,109258423,109258.423,423,0,gap,54
16362,109268432,109268.432,428,0,gap,54
16363,109272916,109272.916,386,0,gap,54
16364,109278431,109278.431,418,0,gap,54
16365,109288425,109288.425,415,0,gap,54
16366,109292914,109292.914,403,0,gap,54
16367,109298424,109298.424,393,0,gap,54
16368,109308433,109308.433,429,0,gap,54
16369,109312936,109312.936,383,0,gap,54
16370,109318432,109318.432,372,0,gap,54
16371,109328425,109328.425,432,0,gap,54
16372,109335698,109335.698,388,0,gap,54
16373,109339969,109339.969,351,0,gap,54
16374,109348432,109348.432,395,0,gap,54
16375,109352677,109352.677,326,0,gap,54
16376,109368431,109368.431,413,0,gap,54
16377,109372689,109372.689,331,0,gap,54
16378,109376942,109376.942,342,0,gap,54
16379,109388427,109388.427,368,0,gap,54
16380,109392696,109392.696,336,0,gap,54
16381,109396960,109396.96,343,0,gap,54
16382,109408431,109408.431,386,0,gap,54
16383,109412714,109412.714,345,0,gap,54
16384,109416988,109416.988,309,0,gap,54
16385,109428424,109428.424,401,0,gap,54
16386,109432714,109432.714,321,0,gap,54
16387,109437008,109437.008,291,0,gap,54
16388,109448432,109448.432,400,0,gap,54
16389,109452740,109452.74,300,0,gap,54
16390,109457040,109457.04,290,0,gap,54
16391,109468424,109468.424,364,0,gap,54
16392,109472735,109472.735,291,0,gap,54
16393,109477049,109477.049,315,0,gap,54
16394,109488432,109488.432,332,0,gap,54
16395,109492765,109492.765,310,0,gap,54
16396,109497083,109497.083,307,0,gap,54
16397,109508424,109508.424,342,0,gap,54
16398,109512787,109512.787,306,0,gap,54
16399,109517154,109517.154,276,0,gap,54
16400,109528432,109528.432,363,0,gap,54
16401,109532818,109532.818,266,0,gap,54
16402,109537188,109537.188,256,0,gap,54
16403,109548424,109548.424,352,0,gap,54
16404,109552813,109552.813,254,0,gap,54
16405,109557204,109557.204,267,0,gap,54
16406,109568432,109568.432,323,0,gap,54
16407,109572839,109572.839,255,0,gap,54
16408,109577237,109577.237,258,0,gap,54
16409,109588425,109588.425,279,0,gap,54
16410,109592849,109592.849,256,0,gap,54
16411,109597280,109597.28,262,0,gap,54
16412,109608433,109608.433,304,0,gap,54
16413,109612875,109612.875,272,0,gap,54
16414,109617304,109617.304,240,0,gap,54
16415,109628425,109628.425,323,0,gap,54
16416,109632869,109632.869,242,0,gap,54
16417,109638411,109638.411,240,0,gap,54
16418,109648432,109648.432,315,0,gap,54
16419,109652893,109652.893,201,0,gap,54
16420,109658431,109658.431,255,0,gap,54
16421,109668424,109668.424,290,0,gap,54
16422,109672891,109672.891,208,0,gap,54
16423,109678423,109678.423,253,0,gap,54
16424,109688432,109688.432,254,0,gap,54
16425,109692913,109692.913,225,0,gap,54
16426,109698431,109698.431,239,0,gap,54
16427,109708428,109708.428,261,0,gap,54
16428,109712911,109712.911,233,0,gap,54
16429,109718423,109718.423,208,0,gap,54
16430,109728433,109728.433,277,0,gap,54
16431,109732933,109732.933,221,0,gap,54
16432,109738432,109738.432,197,0,gap,54
16433,109748425,109748.425,283,0,gap,54
16434,109752928,109752.928,182,0,gap,54
16435,109760196,109760.196,258,0,gap,54
16436,109768432,109768.432,239,0,gap,54
16437,109772679,109772.679,182,0,gap,54
16438,109788431,109788.431,252,0,gap,54
16439,109792694,109792.694,202,0,gap,54
16440,109796942,109796.942,208,0,gap,54
16441,109808423,109808.423,240,0,gap,54
16442,109812687,109812.687,192,0,gap,54
16443,109816959,109816.959,181,0,gap,54
16444,109828431,109828.431,272,0,gap,54
16445,109832717,109832.717,187,0,gap,54
16446,109836991,109836.991,160,0,gap,54
16447,109848424,109848.424,272,0,gap,54
16448,109852714,109852.714,159,0,gap,54
16449,109857011,109857.011,149,0,gap,54
16450,109868432,109868.432,239,0,gap,54
16451,109872739,109872.739,165,0,gap,54
16452,109877034,109877.034,177,0,gap,54
16453,109888424,109888.424,207,0,gap,54
16454,109892738,109892.738,191,0,gap,54
16455,109897047,109897.047,181,0,gap,54
16456,109908432,109908.432,229,0,gap,54
16457,109912757,109912.757,182,0,gap,54
16458,109917077,109917.077,155,0,gap,54
16459,109928428,109928.428,247,0,gap,54
16460,109932800,109932.8,176,0,gap,54
16461,109937163,109937.163,132,0,gap,54
16462,109948432,109948.432,238,0,gap,54
16463,109952809,109952.809,144,0,gap,54
16464,109957178,109957.178,140,0,gap,54
16465,109968424,109968.424,208,0,gap,54
16466,109972808,109972.808,134,0,gap,54
16467,109977195,109977.195,176,0,gap,54
16468,109988432,109988.432,183,0,gap,54
16469,109992838,109992.838,165,0,gap,54
16470,109997240,109997.24,162,0,gap,54
16471,110008425,110008.425,194,1,pulse,55
16472,110012934,110012.934,4095,1,pulse,55
16473,110018411,110018.411,4095,1,pulse,55
16474,110028428,110028.428,4095,1,pulse,55
16475,110032808,110032.808,4095,1,pulse,55
16476,110038428,110038.428,4095,1,pulse,55
16477,110048421,110048.421,4095,0,gap,55
16478,110053020,110053.02,3003,0,gap,55
16479,110068427,110068.427,2751,0,gap,55
16480,110072888,110072.888,2705,0,gap,55
16481,110077351,110077.351,2704,0,gap,55
16482,110088431,110088.431,2662,0,gap,55
16483,110092909,110092.909,2638,0,gap,55
16484,110097374,110097.374,2623,0,gap,55
16485,110108424,110108.424,2583,0,gap,55
16486,110112903,110112.903,2559,0,gap,55
16487,110117386,110117.386,2545,0,gap,55
16488,110128432,110128.432,2512,0,gap,55
16489,110132929,110132.929,2498,0,gap,55
16490,110137418,110137.418,2463,0,gap,55
16491,110148424,110148.424,2449,0,gap,55
16492,110152923,110152.923,2434,0,gap,55
16493,110157426,110157.426,2413,0,gap,55
16494,110168433,110168.433,2387,0,gap,55
16495,110172953,110172.953,2365,0,gap,55
16496,110178415,110178.415,2352,0,gap,55
16497,110185702,110185.702,2317,0,gap,55
16498,110198432,110198.432,2298,0,gap,55
16499,110202687,110202.687,2285,0,gap,55
16500,110206930,110206.93,2267,0,gap,55
16501,110218424,110218.424,2239,0,gap,55
16502,110222688,110222.688,2214,0,gap,55
16503,110226955,110226.955,2210,0,gap,55
16504,110238432,110238.432,2170,0,gap,55
16505,110242714,110242.714,2162,0,gap,55
16506,110246989,110246.989,2145,0,gap,55
16507,110258424,110258.424,2123,0,gap,55
16508,110262713,110262.713,2107,0,gap,55
16509,110267002,110267.002,2087,0,gap,55
16510,110278433,110278.433,2058,0,gap,55
16511,110282742,110282.742,2037,0,gap,55
16512,110287042,110287.042,2015,0,gap,55
16513,110298425,110298.425,2011,0,gap,55
16514,110302740,110302.74,1979,0,gap,55
16515,110308423,110308.423,1974,0,gap,55
16516,110318432,110318.432,1937,0,gap,55
16517,110322762,110322.762,1915,0,gap,55
16518,110328432,110328.432,1919,0,gap,55
16519,110338425,110338.425,1875,0,gap,55
16520,110342760,110342.76,1872,0,gap,55
16521,110348424,110348.424,1853,0,gap,55
16522,110358437,110358.437,1827,0,gap,55
16523,110362815,110362.815,1822,0,gap,55
16524,110378431,110378.431,1799,0,gap,55
16525,110382815,110382.815,1774,0,gap,55
16526,110387196,110387.196,1744,0,gap,55
16527,110398427,110398.427,1731,0,gap,55
16528,110402824,110402.824,1706,0,gap,55
16529,110407214,110407.214,1701,0,gap,55
16530,110418432,110418.432,1690,0,gap,55
16531,110422837,110422.837,1649,0,gap,55
16532,110427242,110427.242,1649,0,gap,55
16533,110438424,110438.424,1643,0,gap,55
16534,110442854,110442.854,1614,0,gap,55
16535,110447284,110447.284,1607,0,gap,55
16536,110458432,110458.432,1568,0,gap,55
16537,110462878,110462.878,1566,0,gap,55
16538,110467322,110467.322,1535,0,gap,55
16539,110478425,110478.425,1533,0,gap,55
16540,110482880,110482.88,1507,0,gap,55
16541,110488415,110488.415,1488,0,gap,55
16542,110498432,110498.432,1482,0,gap,55
16543,110502901,110502.901,1449,0,gap,55
16544,110508431,110508.431,1440,0,gap,55
16545,110518425,110518.425,1422,0,gap,55
16546,110522899,110522.899,1397,0,gap,55
16547,110528424,110528.424,1408,0,gap,55
16548,110538433,110538.433,1364,0,gap,55
16549,110542921,110542.921,1361,0,gap,55
16550,110558431,110558.431,1341,0,gap,55
16551,110562922,110562.922,1337,0,gap,55
16552,110567408,110567.408,1321,0,gap,55
16553,110578423,110578.423,1310,0,gap,55
16554,110582928,110582.928,1285,0,gap,55
16555,110587424,110587.424,1265,0,gap,55
16556,110598432,110598.432,1264,0,gap,55
16557,110602942,110602.942,1232,0,gap,55
16558,110607448,110607.448,1235,0,gap,55
16559,110618428,110618.428,1214,0,gap,55
16560,110625700,110625.7,1200,0,gap,55
16561,110629953,110629.953,1200,0,gap,55
16562,110638432,110638.432,1161,0,gap,55
16563,110642690,110642.69,1159,0,gap,55
16564,110658419,110658.419,1152,0,gap,55
16565,110662694,110662.694,1143,0,gap,55
16566,110666961,110666.961,1111,0,gap,55
16567,110678424,110678.424,1114,0,gap,55
16568,110682706,110682.706,1083,0,gap,55
16569,110686984,110686.984,1067,0,gap,55
16570,110698436,110698.436,1072,0,gap,55
16571,110702732,110702.732,1055,0,gap,55
16572,110707025,110707.025,1051,0,gap,55
16573,110718424,110718.424,1042,0,gap,55
16574,110722732,110722.732,1007,0,gap,55
16575,110727038,110727.038,1007,0,gap,55
16576,110738433,110738.433,991,0,gap,55
16577,110742749,110742.749,993,0,gap,55
16578,110747062,110747.062,976,0,gap,55
16579,110758425,110758.425,953,0,gap,55
16580,110762748,110762.748,950,0,gap,55
16581,110767078,110767.078,927,0,gap,55
16582,110778433,110778.433,944,0,gap,55
16583,110782775,110782.775,914,0,gap,55
16584,110787113,110787.113,895,0,gap,55
16585,110798425,110798.425,923,0,gap,55
16586,110802805,110802.805,879,0,gap,55
16587,110808415,110808.415,871,0,gap,55
16588,110818432,110818.432,881,0,gap,55
16589,110822822,110822.822,848,0,gap,55
16590,110828431,110828.431,871,0,gap,55
16591,110838428,110838.428,843,0,gap,55
16592,110842829,110842.829,832,0,gap,55
16593,110848423,110848.423,845,0,gap,55
16594,110858432,110858.432,830,0,gap,55
16595,110862852,110862.852,800,0,gap,55
16596,110868431,110868.431,799,0,gap,55
16597,110878424,110878.424,815,0,gap,55
16598,110882865,110882.865,779,0,gap,55
16599,110888424,110888.424,768,0,gap,55
16600,110898432,110898.432,795,0,gap,55
16601,110902883,110902.883,752,0,gap,55
16602,110908436,110908.436,752,0,gap,55
16603,110918425,110918.425,746,0,gap,55
16604,110922885,110922.885,709,0,gap,55
16605,110928424,110928.424,734,0,gap,55
16606,110938433,110938.433,707,0,gap,55
16607,110942907,110942.907,729,0,gap,55
16608,110958419,110958.419,717,0,gap,55
16609,110962896,110962.896,695,0,gap,55
16610,110967368,110967.368,677,0,gap,55
16611,110978411,110978.411,717,0,gap,55
16612,110982898,110982.898,671,0,gap,55
16613,110987383,110987.383,646,0,gap,55
16614,110998431,110998.431,688,0,gap,55
16615,111002935,111002.935,639,0,gap,55
16616,111007431,111007.431,629,0,gap,55
16617,111018423,111018.423,661,0,gap,55
16618,111022933,111022.933,622,0,gap,55
16619,111027434,111027.434,624,0,gap,55
16620,111038431,111038.431,613,0,gap,55
16621,111042947,111042.947,613,0,gap,55
16622,111047459,111047.459,608,0,gap,55
16623,111054738,111054.738,602,0,gap,55
16624,111068431,111068.431,619,0,gap,55
16625,111072685,111072.685,571,0,gap,55
16626,111076934,111076.934,582,0,gap,55
16627,111088423,111088.423,592,0,gap,55
16628,111092690,111092.69,574,0,gap,55
16629,111096964,111096.964,587,0,gap,55
16630,111108431,111108.431,592,0,gap,55
16631,111112717,111112.717,566,0,gap,55
16632,111116991,111116.991,533,0,gap,55
16633,111128424,111128.424,581,0,gap,55
16634,111132720,111132.72,540,0,gap,55
16635,111137016,111137.016,526,0,gap,55
16636,111148432,111148.432,576,0,gap,55
16637,111152743,111152.743,507,0,gap,55
16638,111157042,111157.042,496,0,gap,55
16639,111168428,111168.428,537,0,gap,55
16640,111172741,111172.741,483,0,gap,55
16641,111177057,111177.057,508,0,gap,55
16642,111188432,111188.432,511,0,gap,55
16643,111192759,111192.759,480,0,gap,55
16644,111197082,111197.082,487,0,gap,55
16645,111208424,111208.424,509,0,gap,55
16646,111212762,111212.762,478,0,gap,55
16647,111217105,111217.105,447,0,gap,55
16648,111228432,111228.432,529,0,gap,55
16649,111232812,111232.812,451,0,gap,55
16650,111237191,111237.191,435,0,gap,55
16651,111248424,111248.424,527,0,gap,55
16652,111252815,111252.815,432,0,gap,55
16653,111257201,111257.201,426,0,gap,55
16654,111268432,111268.432,480,0,gap,55
16655,111272838,111272.838,421,0,gap,55
16656,111277234,111277.234,435,0,gap,55
16657,111288425,111288.425,433,0,gap,55
16658,111292839,111292.839,425,0,gap,55
16659,111297254,111297.254,431,0,gap,55
16660,111308433,111308.433,450,0,gap,55
16661,111312877,111312.877,430,0,gap,55
16662,111317313,111317.313,399,0,gap,55
16663,111328425,111328.425,464,0,gap,55
16664,111332875,111332.875,388,0,gap,55
16665,111338411,111338.411,398,0,gap,55
16666,111348436,111348.436,453,0,gap,55
16667,111352896,111352.896,368,0,gap,55
16668,111358431,111358.431,401,0,gap,55
16669,111368424,111368.424,421,0,gap,55
16670,111372894,111372.894,365,0,gap,55
16671,111378427,111378.427,407,0,gap,55
16672,111388432,111388.432,391,0,gap,55
16673,111392912,111392.912,367,0,gap,55
16674,111398431,111398.431,391,0,gap,55
16675,111408424,111408.424,379,0,gap,55
16676,111412914,111412.914,375,0,gap,55
16677,111418423,111418.423,338,0,gap,55
16678,111428432,111428.432,402,0,gap,55
16679,111432932,111432.932,353,0,gap,55
16680,111438432,111438.432,331,0,gap,55
16681,111448425,111448.425,414,0,gap,55
16682,111452938,111452.938,317,0,gap,55
16683,111468411,111468.411,400,0,gap,55
16684,111472927,111472.927,303,0,gap,55
16685,111480206,111480.206,375,0,gap,55
16686,111484481,111484.481,322,0,gap,55
16687,111498427,111498.427,407,0,gap,55
16688,111502682,111502.682,299,0,gap,55
16689,111506933,111506.933,294,0,gap,55
16690,111518431,111518.431,379,0,gap,55
16691,111522703,111522.703,272,0,gap,55
16692,111526969,111526.969,314,0,gap,55
16693,111538423,111538.423,334,0,gap,55
16694,111542705,111542.705,294,0,gap,55
16695,111546985,111546.985,311,0,gap,55
16696,111558432,111558.432,341,0,gap,55
16697,111562728,111562.728,299,0,gap,55
16698,111567025,111567.025,271,0,gap,55
16699,111578424,111578.424,363,0,gap,55
16700,111582732,111582.732,295,0,gap,55
16701,111587035,111587.035,259,0,gap,55
16702,111598432,111598.432,365,0,gap,55
16703,111602754,111602.754,250,0,gap,55
16704,111607066,111607.066,256,0,gap,55
16705,111618424,111618.424,330,0,gap,55
16706,111622752,111622.752,255,0,gap,55
16707,111627075,111627.075,272,0,gap,55
16708,111638432,111638.432,294,0,gap,55
16709,111642775,111642.775,278,0,gap,55
16710,111647134,111647.134,282,0,gap,55
16711,111658424,111658.424,313,0,gap,55
16712,111662805,111662.805,272,0,gap,55
16713,111667181,111667.181,256,0,gap,55
16714,111678436,111678.436,329,0,gap,55
16715,111682828,111682.828,247,0,gap,55
16716,111687215,111687.215,209,0,gap,55
16717,111698424,111698.424,336,0,gap,55
16718,111702826,111702.826,234,0,gap,55
16719,111707228,111707.228,225,0,gap,55
16720,111718432,111718.432,290,0,gap,55
16721,111722853,111722.853,213,0,gap,55
16722,111727274,111727.274,240,0,gap,55
16723,111738425,111738.425,274,0,gap,55
16724,111742866,111742.866,240,0,gap,55
16725,111747306,111747.306,249,0,gap,55
16726,111758433,111758.433,261,0,gap,55
16727,111762884,111762.884,237,0,gap,55
16728,111767330,111767.33,216,0,gap,55
16729,111778425,111778.425,293,0,gap,55
16730,111782890,111782.89,224,0,gap,55
16731,111788415,111788.415,205,0,gap,55
16732,111798432,111798.432,291,0,gap,55
16733,111802902,111802.902,195,0,gap,55
16734,111808431,111808.431,214,0,gap,55
16735,111818428,111818.428,253,0,gap,55
16736,111822909,111822.909,193,0,gap,55
16737,111828423,111828.423,240,0,gap,55
16738,111838432,111838.432,240,0,gap,55
16739,111842922,111842.922,200,0,gap,55
16740,111848431,111848.431,242,0,gap,55
16741,111858425,111858.425,240,0,gap,55
16742,111862924,111862.924,225,0,gap,55
16743,111868424,111868.424,207,0,gap,55
16744,111878433,111878.433,261,0,gap,55
16745,111882942,111882.942,195,0,gap,55
16746,111888436,111888.436,176,0,gap,55
16747,111898425,111898.425,266,0,gap,55
16748,111905746,111905.746,179,0,gap,55
16749,111910003,111910.003,176,0,gap,55
16750,111918432,111918.432,210,0,gap,55
16751,111922693,111922.693,149,0,gap,55
16752,111938431,111938.431,249,0,gap,55
16753,111942701,111942.701,182,0,gap,55
16754,111946967,111946.967,186,0,gap,55
16755,111958423,111958.423,217,0,gap,55
16756,111962704,111962.704,180,0,gap,55
16757,111966986,111966.986,166,0,gap,55
16758,111978431,111978.431,249,0,gap,55
16759,111982726,111982.726,176,0,gap,55
16760,111987013,111987.013,131,0,gap,55
16761,111998424,111998.424,245,0,gap,55
16762,112002730,112002.73,144,0,gap,55
16763,112007036,112007.036,138,0,gap,55
16764,112018432,112018.432,221,0,gap,55
16765,112022752,112022.752,140,0,gap,55
16766,112027060,112027.06,160,0,gap,55
16767,112038428,112038.428,206,0,gap,55
16768,112042751,112042.751,144,0,gap,55
16769,112047077,112047.077,171,0,gap,55
16770,112058432,112058.432,185,0,gap,55
16771,112062773,112062.773,173,0,gap,55
16772,112067108,112067.108,141,0,gap,55
16773,112078424,112078.424,219,0,gap,55
16774,112082800,112082.8,144,0,gap,55
16775,112087178,112087.178,112,0,gap,55
16776,112098432,112098.432,214,0,gap,55
16777,112102827,112102.827,138,1,pulse,56
16778,112107302,112107.302,4095,1,pulse,56
16779,112118421,112118.421,4095,1,pulse,56
16780,112122751,112122.751,4095,1,pulse,56
16781,112128419,112128.419,4095,1,pulse,56
16782,112138429,112138.429,4095,1,pulse,56
16783,112142785,112142.785,4095,0,gap,56
16784,112148445,112148.445,2896,0,gap,56
16785,112158425,112158.425,2800,0,gap,56
16786,112162868,112162.868,2758,0,gap,56
16787,112178423,112178.423,2686,0,gap,56
16788,112182880,112182.88,2663,0,gap,56
16789,112187337,112187.337,2639,0,gap,56
16790,112198431,112198.431,2598,0,gap,56
16791,112202902,112202.902,2559,0,gap,56
16792,112207360,112207.36,2559,0,gap,56
16793,112218424,112218.424,2545,0,gap,56
16794,112222892,112222.892,2509,0,gap,56
16795,112227364,112227.364,2510,0,gap,56
16796,112238432,112238.432,2480,0,gap,56
16797,112242918,112242.918,2453,0,gap,56
16798,112247400,112247.4,2423,0,gap,56
16799,112258424,112258.424,2424,0,gap,56
16800,112262916,112262.916,2388,0,gap,56
16801,112267408,112267.408,2368,0,gap,56
16802,112278433,112278.433,2335,0,gap,56
16803,112282942,112282.942,2320,0,gap,56
16804,112288415,112288.415,2302,0,gap,56
16805,112298424,112298.424,2281,0,gap,56
16806,112302932,112302.932,2267,0,gap,56
16807,112308423,112308.423,2238,0,gap,56
16808,112318432,112318.432,2219,0,gap,56
16809,112322962,112322.962,2192,0,gap,56
16810,112328432,112328.432,2191,0,gap,56
16811,112335720,112335.72,2170,0,gap,56
16812,112348433,112348.433,2130,0,gap,56
16813,112352696,112352.696,2113,0,gap,56
16814,112356952,112356.952,2099,0,gap,56
16815,112368424,112368.424,2091,0,gap,56
16816,112372701,112372.701,2070,0,gap,56
16817,112376981,112376.981,2057,0,gap,56
16818,112388432,112388.432,2011,0,gap,56
16819,112392724,112392.724,2002,0,gap,56
16820,112397008,112397.008,1985,0,gap,56
16821,112408425,112408.425,1943,0,gap,56
16822,112412727,112412.727,1936,0,gap,56
16823,112417033,112417.033,1932,0,gap,56
16824,112428433,112428.433,1902,0,gap,56
16825,112432758,112432.758,1869,0,gap,56
16826,112438431,112438.431,1868,0,gap,56
16827,112448424,112448.424,1842,0,gap,56
16828,112452743,112452.743,1829,0,gap,56
16829,112458424,112458.424,1803,0,gap,56
16830,112468437,112468.437,1791,0,gap,56
16831,112472774,112472.774,1776,0,gap,56
16832,112478432,112478.432,1744,0,gap,56
16833,112488425,112488.425,1727,0,gap,56
16834,112492785,112492.785,1712,0,gap,56
16835,112508423,112508.423,1691,0,gap,56
16836,112512820,112512.82,1678,0,gap,56
16837,112517202,112517.202,1664,0,gap,56
16838,112528431,112528.431,1639,0,gap,56
16839,112532829,112532.829,1616,0,gap,56
16840,112537218,112537.218,1607,0,gap,56
16841,112548424,112548.424,1602,0,gap,56
16842,112552824,112552.824,1581,0,gap,56
16843,112557227,112557.227,1553,0,gap,56
16844,112568432,112568.432,1535,0,gap,56
16845,112572858,112572.858,1520,0,gap,56
16846,112577276,112577.276,1515,0,gap,56
16847,112588424,112588.424,1477,0,gap,56
16848,112592863,112592.863,1466,0,gap,56
16849,112597310,112597.31,1458,0,gap,56
16850,112608433,112608.433,1437,0,gap,56
16851,112612891,112612.891,1429,0,gap,56
16852,112618419,112618.419,1413,0,gap,56
16853,112628424,112628.424,1394,0,gap,56
16854,112632884,112632.884,1374,0,gap,56
16855,112638423,112638.423,1357,0,gap,56
16856,112648432,112648.432,1346,0,gap,56
16857,112652914,112652.914,1325,0,gap,56
16858,112658432,112658.432,1312,0,gap,56
16859,112668429,112668.429,1306,0,gap,56
16860,112672908,112672.908,1279,0,gap,56
16861,112688423,112688.423,1257,0,gap,56
16862,112692917,112692.917,1251,0,gap,56
16863,112697410,112697.41,1249,0,gap,56
16864,112708431,112708.431,1233,0,gap,56
16865,112712939,112712.939,1209,0,gap,56
16866,112717430,112717.43,1198,0,gap,56
16867,112728423,112728.423,1197,0,gap,56
16868,112732937,112732.937,1168,0,gap,56
16869,112737445,112737.445,1149,0,gap,56
16870,112748432,112748.432,1169,0,gap,56
16871,112752959,112752.959,1119,0,gap,56
16872,112757473,112757.473,1136,0,gap,56
16873,112768424,112768.424,1109,0,gap,56
16874,112775699,112775.699,1096,0,gap,56
16875,112779959,112779.959,1086,0,gap,56
16876,112788432,112788.432,1063,0,gap,56
16877,112792704,112792.704,1053,0,gap,56
16878,112808423,112808.423,1038,0,gap,56
16879,112812704,112812.704,1045,0,gap,56
16880,112816981,112816.981,1008,0,gap,56
16881,112828424,112828.424,1017,0,gap,56
16882,112832712,112832.712,994,0,gap,56
16883,112836995,112836.995,961,0,gap,56
16884,112848432,112848.432,993,0,gap,56
16885,112852734,112852.734,964,0,gap,56
16886,112857036,112857.036,937,0,gap,56
16887,112868424,112868.424,943,0,gap,56
16888,112872741,112872.741,921,0,gap,56
16889,112877054,112877.054,928,0,gap,56
16890,112888432,112888.432,909,0,gap,56
16891,112892755,112892.755,905,0,gap,56
16892,112897073,112897.073,896,0,gap,56
16893,112908424,112908.424,890,0,gap,56
16894,112912757,112912.757,875,0,gap,56
16895,112917094,112917.094,870,0,gap,56
16896,112928432,112928.432,873,0,gap,56
16897,112932780,112932.78,837,0,gap,56
16898,112937125,112937.125,816,0,gap,56
16899,112948424,112948.424,848,0,gap,56
16900,112952810,112952.81,800,0,gap,56
16901,112957195,112957.195,789,0,gap,56
16902,112968432,112968.432,816,0,gap,56
16903,112972837,112972.837,776,0,gap,56
16904,112977229,112977.229,782,0,gap,56
16905,112988425,112988.425,769,0,gap,56
16906,112992828,112992.828,753,0,gap,56
16907,112997234,112997.234,763,0,gap,56
16908,113008433,113008.433,742,0,gap,56
16909,113012861,113012.861,737,0,gap,56
16910,113017282,113017.282,742,0,gap,56
16911,113028425,113028.425,752,0,gap,56
16912,113032871,113032.871,705,0,gap,56
16913,113038411,113038.411,701,0,gap,56
16914,113048432,113048.432,731,0,gap,56
16915,113052892,113052.892,698,0,gap,56
16916,113058431,113058.431,691,0,gap,56
16917,113068424,113068.424,694,0,gap,56
16918,113072890,113072.89,653,0,gap,56
16919,113078423,113078.423,678,0,gap,56
16920,113088432,113088.432,658,0,gap,56
16921,113092916,113092.916,666,0,gap,56
16922,113098431,113098.431,661,0,gap,56
16923,113108424,113108.424,644,0,gap,56
16924,113112906,113112.906,638,0,gap,56
16925,113118423,113118.423,624,0,gap,56
16926,113128437,113128.437,653,0,gap,56
16927,113132940,113132.94,621,0,gap,56
16928,113138432,113138.432,589,0,gap,56
16929,113148425,113148.425,653,0,gap,56
16930,113152926,113152.926,579,0,gap,56
16931,113158424,113158.424,592,0,gap,56
16932,113168433,113168.433,606,0,gap,56
16933,113172955,113172.955,561,0,gap,56
16934,113188431,113188.431,594,0,gap,56
16935,113192960,113192.96,579,0,gap,56
16936,113197477,113197.477,562,0,gap,56
16937,113204625,113204.625,546,0,gap,56
16938,113208883,113208.883,555,0,gap,56
16939,113218425,113218.425,566,0,gap,56
16940,113222693,113222.693,508,0,gap,56
16941,113238423,113238.423,554,0,gap,56
16942,113242705,113242.705,528,0,gap,56
16943,113246985,113246.985,526,0,gap,56
16944,113258431,113258.431,540,0,gap,56
16945,113262726,113262.726,511,0,gap,56
16946,113267010,113267.01,487,0,gap,56
16947,113278423,113278.423,548,0,gap,56
16948,113282730,113282.73,494,0,gap,56
16949,113287035,113287.035,480,0,gap,56
16950,113298432,113298.432,543,0,gap,56
16951,113302752,113302.752,448,0,gap,56
16952,113307061,113307.061,454,0,gap,56
16953,113318424,113318.424,509,0,gap,56
16954,113322743,113322.743,439,0,gap,56
16955,113327069,113327.069,464,0,gap,56
16956,113338432,113338.432,469,0,gap,56
16957,113342769,113342.769,443,0,gap,56
16958,113347098,113347.098,451,0,gap,56
16959,113358424,113358.424,464,0,gap,56
16960,113362768,113362.768,458,0,gap,56
16961,113367120,113367.12,426,0,gap,56
16962,113378432,113378.432,481,0,gap,56
16963,113382822,113382.822,436,0,gap,56
16964,113387207,113387.207,395,0,gap,56
16965,113398424,113398.424,474,0,gap,56
16966,113402821,113402.821,398,0,gap,56
16967,113407218,113407.218,385,0,gap,56
16968,113418432,113418.432,453,0,gap,56
16969,113422843,113422.843,377,0,gap,56
16970,113427245,113427.245,414,0,gap,56
16971,113438424,113438.424,415,0,gap,56
16972,113442854,113442.854,387,0,gap,56
16973,113447284,113447.284,393,0,gap,56
16974,113458437,113458.437,402,0,gap,56
16975,113462887,113462.887,394,0,gap,56
16976,113467333,113467.333,361,0,gap,56
16977,113478425,113478.425,439,0,gap,56
16978,113482885,113482.885,372,0,gap,56
16979,113487337,113487.337,336,0,gap,56
16980,113498433,113498.433,432,0,gap,56
16981,113502899,113502.899,355,0,gap,56
16982,113507361,113507.361,351,0,gap,56
16983,113518425,113518.425,402,0,gap,56
16984,113522905,113522.905,341,0,gap,56
16985,113528415,113528.415,368,0,gap,56
16986,113538432,113538.432,368,0,gap,56
16987,113542918,113542.918,348,0,gap,56
16988,113548431,113548.431,358,0,gap,56
16989,113558424,113558.424,368,0,gap,56
16990,113562924,113562.924,336,0,gap,56
16991,113568423,113568.423,333,0,gap,56
16992,113578432,113578.432,381,0,gap,56
16993,113582938,113582.938,334,0,gap,56
16994,113588431,113588.431,289,0,gap,56
16995,113598425,113598.425,380,0,gap,56
16996,113602944,113602.944,304,0,gap,56
16997,113608424,113608.424,310,0,gap,56
16998,113618433,113618.433,352,0,gap,56
16999,113625728,113625.728,319,0,gap,56
17000,113630020,113630.02,305,0,gap,56
17001,113638424,113638.424,307,0,gap,56
17002,113642684,113642.684,283,0,gap,56
17003,113658423,113658.423,339,0,gap,56
17004,113662697,113662.697,291,0,gap,56
17005,113666970,113666.97,286,0,gap,56
17006,113678435,113678.435,367,0,gap,56
17007,113682727,113682.727,288,0,gap,56
17008,113687008,113687.008,270,0,gap,56
17009,113698423,113698.423,359,0,gap,56
17010,113702722,113702.722,257,0,gap,56
17011,113707016,113707.016,245,0,gap,56
17012,113718432,113718.432,325,0,gap,56
17013,113722742,113722.742,248,0,gap,56
17014,113727052,113727.052,269,0,gap,56
17015,113738424,113738.424,293,0,gap,56
17016,113742748,113742.748,261,0,gap,56
17017,113747068,113747.068,269,0,gap,56
17018,113758432,113758.432,297,0,gap,56
17019,113762763,113762.763,256,0,gap,56
17020,113767089,113767.089,254,0,gap,56
17021,113778424,113778.424,327,0,gap,56
17022,113782773,113782.773,235,0,gap,56
17023,113787115,113787.115,221,0,gap,56
17024,113798432,113798.432,331,0,gap,56
17025,113802815,113802.815,215,0,gap,56
17026,113807198,113807.198,210,0,gap,56
17027,113818424,113818.424,291,0,gap,56
17028,113822822,113822.822,206,0,gap,56
17029,113827215,113827.215,238,0,gap,56
17030,113838432,113838.432,272,0,gap,56
17031,113842840,113842.84,223,0,gap,56
17032,113847244,113847.244,229,0,gap,56
17033,113858424,113858.424,260,0,gap,56
17034,113862843,113862.843,240,0,gap,56
17035,113867261,113867.261,217,0,gap,56
17036,113878432,113878.432,282,0,gap,56
17037,113882877,113882.877,227,0,gap,56
17038,113887320,113887.32,190,0,gap,56
17039,113898425,113898.425,291,0,gap,56
17040,113902882,113902.882,208,0,gap,56
17041,113907332,113907.332,192,0,gap,56
17042,113918433,113918.433,271,0,gap,56
17043,113922900,113922.9,178,0,gap,56
17044,113927364,113927.364,208,0,gap,56
17045,113938425,113938.425,226,0,gap,56
17046,113942898,113942.898,197,0,gap,56
17047,113948415,113948.415,216,0,gap,56
17048,113958432,113958.432,218,0,gap,56
17049,113962919,113962.919,211,0,gap,56
17050,113968431,113968.431,195,0,gap,56
17051,113978424,113978.424,264,0,gap,56
17052,113982917,113982.917,189,0,gap,56
17053,113988423,113988.423,166,0,gap,56
17054,113998436,113998.436,263,0,gap,56
17055,114002943,114002.943,167,0,gap,56
17056,114008431,114008.431,190,1,pulse,57
17057,114018430,114018.43,4095,1,pulse,57
17058,114022888,114022.888,4095,1,pulse,57
17059,114038419,114038.419,4095,1,pulse,57
17060,114042877,114042.877,4095,1,pulse,57
17061,114047329,114047.329,4095,0,gap,57
17062,114054781,114054.781,2907,0,gap,57
17063,114068423,114068.423,2738,0,gap,57
17064,114072700,114072.7,2709,0,gap,57
17065,114076966,114076.966,2707,0,gap,57
17066,114088432,114088.432,2668,0,gap,57
17067,114092718,114092.718,2645,0,gap,57
17068,114097004,114097.004,2619,0,gap,57
17069,114108428,114108.428,2559,0,gap,57
17070,114112729,114112.729,2559,0,gap,57
17071,114117027,114117.027,2537,0,gap,57
17072,114128432,114128.432,2521,0,gap,57
17073,114132743,114132.743,2493,0,gap,57
17074,114137059,114137.059,2466,0,gap,57
17075,114148425,114148.425,2448,0,gap,57
17076,114152747,114152.747,2433,0,gap,57
17077,114157065,114157.065,2405,0,gap,57
17078,114168433,114168.433,2393,0,gap,57
17079,114172769,114172.769,2374,0,gap,57
17080,114178431,114178.431,2350,0,gap,57
17081,114188424,114188.424,2327,0,gap,57
17082,114192771,114192.771,2308,0,gap,57
17083,114198423,114198.423,2286,0,gap,57
17084,114208432,114208.432,2251,0,gap,57
17085,114212790,114212.79,2246,0,gap,57
17086,114218432,114218.432,2224,0,gap,57
17087,114228425,114228.425,2193,0,gap,57
17088,114232824,114232.824,2186,0,gap,57
17089,114248423,114248.423,2154,0,gap,57
17090,114252829,114252.829,2129,0,gap,57
17091,114257232,114257.232,2121,0,gap,57
17092,114268431,114268.431,2085,0,gap,57
17093,114272853,114272.853,2073,0,gap,57
17094,114277257,114277.257,2064,0,gap,57
17095,114288424,114288.424,2033,0,gap,57
17096,114292851,114292.851,2006,0,gap,57
17097,114297281,114297.281,1995,0,gap,57
17098,114308432,114308.432,1975,0,gap,57
17099,114312887,114312.887,1951,0,gap,57
17100,114317336,114317.336,1946,0,gap,57
17101,114328428,114328.428,1915,0,gap,57
17102,114332888,114332.888,1899,0,gap,57
17103,114337354,114337.354,1884,0,gap,57
17104,114348433,114348.433,1853,0,gap,57
17105,114352910,114352.91,1829,0,gap,57
17106,114358423,114358.423,1821,0,gap,57
17107,114368424,114368.424,1797,0,gap,57
17108,114372903,114372.903,1779,0,gap,57
17109,114378423,114378.423,1774,0,gap,57
17110,114388432,114388.432,1738,0,gap,57
17111,114392933,114392.933,1738,0,gap,57
17112,114398432,114398.432,1713,0,gap,57
17113,114408425,114408.425,1698,0,gap,57
17114,114412923,114412.923,1680,0,gap,57
17115,114428423,114428.423,1659,0,gap,57
17116,114432932,114432.932,1633,0,gap,57
17117,114437444,114437.444,1626,0,gap,57
17118,114448431,114448.431,1616,0,gap,57
17119,114452958,114452.958,1581,0,gap,57
17120,114457472,114457.472,1579,0,gap,57
17121,114468423,114468.423,1558,0,gap,57
17122,114472956,114472.956,1523,0,gap,57
17123,114477484,114477.484,1518,0,gap,57
17124,114484782,114484.782,1505,0,gap,57
17125,114498424,114498.424,1492,0,gap,57
17126,114502687,114502.687,1467,0,gap,57
17127,114506958,114506.958,1456,0,gap,57
17128,114518432,114518.432,1431,0,gap,57
17129,114522727,114522.727,1410,0,gap,57
17130,114527015,114527.015,1407,0,gap,57
17131,114538424,114538.424,1376,0,gap,57
17132,114542718,114542.718,1373,0,gap,57
17133,114547017,114547.017,1360,0,gap,57
17134,114558432,114558.432,1345,0,gap,57
17135,114562745,114562.745,1331,0,gap,57
17136,114567050,114567.05,1307,0,gap,57
17137,114578425,114578.425,1306,0,gap,57
17138,114582746,114582.746,1277,0,gap,57
17139,114587066,114587.066,1270,0,gap,57
17140,114598433,114598.433,1269,0,gap,57
17141,114602768,114602.768,1229,0,gap,57
17142,114608431,114608.431,1219,0,gap,57
17143,114618424,114618.424,1218,0,gap,57
17144,114622769,114622.769,1189,0,gap,57
17145,114628423,114628.423,1200,0,gap,57
17146,114638432,114638.432,1163,0,gap,57
17147,114642788,114642.788,1151,0,gap,57
17148,114648432,114648.432,1155,0,gap,57
17149,114658429,114658.429,1141,0,gap,57
17150,114662819,114662.819,1119,0,gap,57
17151,114678423,114678.423,1111,0,gap,57
17152,114682827,114682.827,1095,0,gap,57
17153,114687235,114687.235,1075,0,gap,57
17154,114698435,114698.435,1084,0,gap,57
17155,114702851,114702.851,1046,0,gap,57
17156,114707258,114707.258,1038,0,gap,57
17157,114718424,114718.424,1022,0,gap,57
17158,114722845,114722.845,1005,0,gap,57
17159,114727274,114727.274,1003,0,gap,57
17160,114738432,114738.432,999,0,gap,57
17161,114742885,114742.885,978,0,gap,57
17162,114747327,114747.327,983,0,gap,57
17163,114758424,114758.424,976,0,gap,57
17164,114762881,114762.881,951,0,gap,57
17165,114767349,114767.349,940,0,gap,57
17166,114778432,114778.432,930,0,gap,57
17167,114782910,114782.91,912,0,gap,57
17168,114787376,114787.376,906,0,gap,57
17169,114798424,114798.424,905,0,gap,57
17170,114802905,114802.905,876,0,gap,57
17171,114807384,114807.384,864,0,gap,57
17172,114818432,114818.432,877,0,gap,57
17173,114822926,114822.926,855,0,gap,57
17174,114827411,114827.411,846,0,gap,57
17175,114838425,114838.425,845,0,gap,57
17176,114842928,114842.928,833,0,gap,57
17177,114847427,114847.427,819,0,gap,57
17178,114858433,114858.433,816,0,gap,57
17179,114862946,114862.946,813,0,gap,57
17180,114868415,114868.415,788,0,gap,57
17181,114878428,114878.428,805,0,gap,57
17182,114882943,114882.943,773,0,gap,57
17183,114888423,114888.423,761,0,gap,57
17184,114898432,114898.432,781,0,gap,57
17185,114902965,114902.965,749,0,gap,57
17186,114908435,114908.435,752,0,gap,57
17187,114915740,114915.74,757,0,gap,57
17188,114928432,114928.432,735,0,gap,57
17189,114932709,114932.709,729,0,gap,57
17190,114936970,114936.97,699,0,gap,57
17191,114948423,114948.423,736,0,gap,57
17192,114952713,114952.713,685,0,gap,57
17193,114956999,114956.999,686,0,gap,57
17194,114968431,114968.431,709,0,gap,57
17195,114972737,114972.737,661,0,gap,57
17196,114977026,114977.026,667,0,gap,57
17197,114988428,114988.428,671,0,gap,57
17198,114992738,114992.738,640,0,gap,57
17199,114997054,114997.054,643,0,gap,57
17200,115008432,115008.432,662,0,gap,57
17201,115012762,115012.762,639,0,gap,57
17202,115017083,115017.083,639,0,gap,57
17203,115028424,115028.424,656,0,gap,57
17204,115032752,115032.752,618,0,gap,57
17205,115037084,115037.084,594,0,gap,57
17206,115048432,115048.432,644,0,gap,57
17207,115052783,115052.783,606,0,gap,57
17208,115057125,115057.125,578,0,gap,57
17209,115068424,115068.424,615,0,gap,57
17210,115072777,115072.777,556,0,gap,57
17211,115077137,115077.137,571,0,gap,57
17212,115088432,115088.432,593,0,gap,57
17213,115092836,115092.836,551,0,gap,57
17214,115097226,115097.226,571,0,gap,57
17215,115108424,115108.424,559,0,gap,57
17216,115112834,115112.834,550,0,gap,57
17217,115117241,115117.241,535,0,gap,57
17218,115128436,115128.436,566,0,gap,57
17219,115132857,115132.857,535,0,gap,57
17220,115137272,115137.272,503,0,gap,57
17221,115148425,115148.425,555,0,gap,57
17222,115152855,115152.855,486,0,gap,57
17223,115157289,115157.289,501,0,gap,57
17224,115168433,115168.433,544,0,gap,57
17225,115172889,115172.889,474,0,gap,57
17226,115177341,115177.341,484,0,gap,57
17227,115188425,115188.425,526,0,gap,57
17228,115192895,115192.895,470,0,gap,57
17229,115197364,115197.364,483,0,gap,57
17230,115208433,115208.433,495,0,gap,57
17231,115212913,115212.913,462,0,gap,57
17232,115218419,115218.419,470,0,gap,57
17233,115228424,115228.424,506,0,gap,57
17234,115232914,115232.914,450,0,gap,57
17235,115238423,115238.423,438,0,gap,57
17236,115248432,115248.432,490,0,gap,57
17237,115252928,115252.928,411,0,gap,57
17238,115258431,115258.431,437,0,gap,57
17239,115268424,115268.424,477,0,gap,57
17240,115272938,115272.938,407,0,gap,57
17241,115278423,115278.423,432,0,gap,57
17242,115288432,115288.432,448,0,gap,57
17243,115292947,115292.947,396,0,gap,57
17244,115298432,115298.432,433,0,gap,57
17245,115308429,115308.429,436,0,gap,57
17246,115312953,115312.953,415,0,gap,57
17247,115328411,115328.411,469,0,gap,57
17248,115332946,115332.946,398,0,gap,57
17249,115340246,115340.246,394,0,gap,57
17250,115344545,115344.545,400,0,gap,57
17251,115358423,115358.423,432,0,gap,57
17252,115362698,115362.698,385,0,gap,57
17253,115366967,115366.967,383,0,gap,57
17254,115378431,115378.431,423,0,gap,57
17255,115382726,115382.726,374,0,gap,57
17256,115387013,115387.013,362,0,gap,57
17257,115398423,115398.423,429,0,gap,57
17258,115402722,115402.722,336,0,gap,57
17259,115407021,115407.021,336,0,gap,57
17260,115418432,115418.432,400,0,gap,57
17261,115422747,115422.747,318,0,gap,57
17262,115427061,115427.061,349,0,gap,57
17263,115438424,115438.424,387,0,gap,57
17264,115442751,115442.751,341,0,gap,57
17265,115447074,115447.074,339,0,gap,57
17266,115458436,115458.436,370,0,gap,57
17267,115462769,115462.769,320,0,gap,57
17268,115467099,115467.099,330,0,gap,57
17269,115478424,115478.424,384,0,gap,57
17270,115482768,115482.768,332,0,gap,57
17271,115487112,115487.112,310,0,gap,57
17272,115498432,115498.432,385,0,gap,57
17273,115502788,115502.788,317,0,gap,57
17274,115507163,115507.163,294,0,gap,57
17275,115518424,115518.424,363,0,gap,57
17276,115522821,115522.821,273,0,gap,57
17277,115527216,115527.216,301,0,gap,57
17278,115538432,115538.432,345,0,gap,57
17279,115542844,115542.844,295,0,gap,57
17280,115547251,115547.251,302,0,gap,57
17281,115558424,115558.424,323,0,gap,57
17282,115562846,115562.846,299,0,gap,57
17283,115567263,115567.263,293,0,gap,57
17284,115578432,115578.432,332,0,gap,57
17285,115582868,115582.868,279,0,gap,57
17286,115587309,115587.309,263,0,gap,57
17287,115598425,115598.425,352,0,gap,57
17288,115602894,115602.894,259,0,gap,57
17289,115607354,115607.354,242,0,gap,57
17290,115618433,115618.433,327,0,gap,57
17291,115622904,115622.904,252,0,gap,57
17292,115627366,115627.366,272,0,gap,57
17293,115638429,115638.429,302,0,gap,57
17294,115642910,115642.91,259,0,gap,57
17295,115648415,115648.415,275,0,gap,57
17296,115658432,115658.432,290,0,gap,57
17297,115662919,115662.919,260,0,gap,57
17298,115668435,115668.435,261,0,gap,57
17299,115678424,115678.424,304,0,gap,57
17300,115682921,115682.921,239,0,gap,57
17301,115688423,115688.423,227,0,gap,57
17302,115698432,115698.432,304,0,gap,57
17303,115702942,115702.942,226,0,gap,57
17304,115708431,115708.431,222,0,gap,57
17305,115718425,115718.425,290,0,gap,57
17306,115722940,115722.94,225,0,gap,57
17307,115728424,115728.424,236,0,gap,57
17308,115738433,115738.433,256,0,gap,57
17309,115742962,115742.962,219,0,gap,57
17310,115758415,115758.415,287,0,gap,57
17311,115762953,115762.953,233,0,gap,57
17312,115770280,115770.28,244,0,gap,57
17313,115774550,115774.55,210,0,gap,57
17314,115788435,115788.435,285,0,gap,57
17315,115792708,115792.708,215,0,gap,57
17316,115796981,115796.981,218,0,gap,57
17317,115808423,115808.423,264,0,gap,57
17318,115812713,115812.713,213,0,gap,57
17319,115817006,115817.006,208,0,gap,57
17320,115828431,115828.431,269,0,gap,57
17321,115832740,115832.74,207,0,gap,57
17322,115837040,115837.04,184,0,gap,57
17323,115848424,115848.424,272,0,gap,57
17324,115852734,115852.734,176,0,gap,57
17325,115857058,115857.058,164,0,gap,57
17326,115868432,115868.432,265,0,gap,57
17327,115872765,115872.765,171,0,gap,57
17328,115877086,115877.086,179,0,gap,57
17329,115888424,115888.424,229,0,gap,57
17330,115892759,115892.759,173,0,gap,57
17331,115897095,115897.095,192,0,gap,57
17332,115908432,115908.432,235,0,gap,57
17333,115912778,115912.778,185,0,gap,57
17334,115917120,115917.12,180,0,gap,57
17335,115928424,115928.424,229,0,gap,57
17336,115932794,115932.794,186,0,gap,57
17337,115937176,115937.176,166,0,gap,57
17338,115948432,115948.432,263,0,gap,57
17339,115952834,115952.834,159,0,gap,57
17340,115957229,115957.229,155,0,gap,57
17341,115968428,115968.428,250,0,gap,57
17342,115972835,115972.835,154,0,gap,57
17343,115977248,115977.248,157,0,gap,57
17344,115988432,115988.432,213,0,gap,57
17345,115992856,115992.856,155,0,gap,57
17346,115997271,115997.271,173,0,gap,57
17347,116008425,116008.425,201,0,gap,57
17348,116012859,116012.859,174,0,gap,57
17349,116017306,116017.306,158,0,gap,57
17350,116028433,116028.433,223,0,gap,57
17351,116032900,116032.9,167,0,gap,57
17352,116037359,116037.359,141,0,gap,57
17353,116048425,116048.425,231,0,gap,57
17354,116052894,116052.894,145,0,gap,57
17355,116057367,116057.367,123,0,gap,57
17356,116068433,116068.433,212,0,gap,57
17357,116072920,116072.92,134,0,gap,57
17358,116078419,116078.419,167,0,gap,57
17359,116088424,116088.424,181,0,gap,57
17360,116092913,116092.913,124,0,gap,57
17361,116098423,116098.423,162,0,gap,57
17362,116108436,116108.436,182,0,gap,57
17363,116112943,116112.943,161,0,gap,57
17364,116118431,116118.431,146,0,gap,57
17365,116128424,116128.424,184,0,gap,57
17366,116132929,116132.929,144,0,gap,57
17367,116138423,116138.423,118,0,gap,57
17368,116148432,116148.432,191,0,gap,57
17369,116152959,116152.959,129,1,pulse,58
17370,116168420,116168.42,4095,1,pulse,58
17371,116172895,116172.895,4095,1,pulse,58
17372,116177353,116177.353,4095,1,pulse,58
17373,116188420,116188.42,4095,1,pulse,58
17374,116195652,116195.652,4095,0,gap,58
17375,116200113,116200.113,2972,0,gap,58
17376,116208432,116208.432,2853,0,gap,58
17377,116212720,116212.72,2803,0,gap,58
17378,116228431,116228.431,2710,0,gap,58
17379,116232729,116232.729,2692,0,gap,58
17380,116237018,116237.018,2674,0,gap,58
17381,116248423,116248.423,2634,0,gap,58
17382,116252732,116252.732,2613,0,gap,58
17383,116257040,116257.04,2594,0,gap,58
17384,116268432,116268.432,2559,0,gap,58
17385,116272754,116272.754,2533,0,gap,58
17386,116277065,116277.065,2527,0,gap,58
17387,116288424,116288.424,2498,0,gap,58
17388,116292755,116292.755,2480,0,gap,58
17389,116297085,116297.085,2469,0,gap,58
17390,116308433,116308.433,2419,0,gap,58
17391,116312781,116312.781,2416,0,gap,58
17392,116317117,116317.117,2402,0,gap,58
17393,116328429,116328.429,2378,0,gap,58
17394,116332776,116332.776,2357,0,gap,58
17395,116338423,116338.423,2325,0,gap,58
17396,116348432,116348.432,2317,0,gap,58
17397,116352801,116352.801,2290,0,gap,58
17398,116358431,116358.431,2269,0,gap,58
17399,116368425,116368.425,2238,0,gap,58
17400,116372828,116372.828,2219,0,gap,58
17401,116378424,116378.424,2197,0,gap,58
17402,116388433,116388.433,2171,0,gap,58
17403,116392851,116392.851,2162,0,gap,58
17404,116408431,116408.431,2128,0,gap,58
17405,116412861,116412.861,2125,0,gap,58
17406,116417273,116417.273,2105,0,gap,58
17407,116428423,116428.423,2083,0,gap,58
17408,116432854,116432.854,2063,0,gap,58
17409,116437297,116437.297,2042,0,gap,58
17410,116448432,116448.432,2012,0,gap,58
17411,116452891,116452.891,2000,0,gap,58
17412,116457343,116457.343,1973,0,gap,58
17413,116468424,116468.424,1968,0,gap,58
17414,116472891,116472.891,1927,0,gap,58
17415,116477369,116477.369,1923,0,gap,58
17416,116488432,116488.432,1891,0,gap,58
17417,116492917,116492.917,1891,0,gap,58
17418,116497389,116497.389,1858,0,gap,58
17419,116508425,116508.425,1839,0,gap,58
17420,116512919,116512.919,1825,0,gap,58
17421,116518415,116518.415,1810,0,gap,58
17422,116528432,116528.432,1778,0,gap,58
17423,116532940,116532.94,1769,0,gap,58
17424,116538431,116538.431,1765,0,gap,58
17425,116548429,116548.429,1744,0,gap,58
17426,116552935,116552.935,1715,0,gap,58
17427,116558424,116558.424,1694,0,gap,58
17428,116568433,116568.433,1680,0,gap,58
17429,116572957,116572.957,1659,0,gap,58
17430,116588431,116588.431,1647,0,gap,58
17431,116592970,116592.97,1625,0,gap,58
17432,116597491,116597.491,1611,0,gap,58
17433,116608423,116608.423,1600,0,gap,58
17434,116612959,116612.959,1584,0,gap,58
17435,116617498,116617.498,1562,0,gap,58
17436,116628431,116628.431,1531,0,gap,58
17437,116635748,116635.748,1520,0,gap,58
17438,116640028,116640.028,1500,0,gap,58
17439,116648424,116648.424,1478,0,gap,58
17440,116652707,116652.707,1483,0,gap,58
17441,116668427,116668.427,1462,0,gap,58
17442,116672723,116672.723,1426,0,gap,58
17443,116677019,116677.019,1424,0,gap,58
17444,116688431,116688.431,1405,0,gap,58
17445,116692747,116692.747,1385,0,gap,58
17446,116697046,116697.046,1376,0,gap,58
17447,116708424,116708.424,1365,0,gap,58
17448,116712745,116712.745,1349,0,gap,58
17449,116717067,116717.067,1329,0,gap,58
17450,116728432,116728.432,1312,0,gap,58
17451,116732781,116732.781,1302,0,gap,58
17452,116737113,116737.113,1271,0,gap,58
17453,116748425,116748.425,1271,0,gap,58
17454,116752767,116752.767,1247,0,gap,58
17455,116757113,116757.113,1249,0,gap,58
17456,116768433,116768.433,1220,0,gap,58
17457,116772794,116772.794,1214,0,gap,58
17458,116778431,116778.431,1200,0,gap,58
17459,116788424,116788.424,1183,0,gap,58
17460,116792788,116792.788,1167,0,gap,58
17461,116798423,116798.423,1154,0,gap,58
17462,116808432,116808.432,1143,0,gap,58
17463,116812850,116812.85,1141,0,gap,58
17464,116818432,116818.432,1124,0,gap,58
17465,116828425,116828.425,1125,0,gap,58
17466,116832841,116832.841,1104,0,gap,58
17467,116848423,116848.423,1091,0,gap,58
17468,116852855,116852.855,1053,0,gap,58
17469,116857278,116857.278,1046,0,gap,58
17470,116868431,116868.431,1050,0,gap,58
17471,116872868,116872.868,1031,0,gap,58
17472,116877305,116877.305,1015,0,gap,58
17473,116888428,116888.428,1014,0,gap,58
17474,116892889,116892.889,991,0,gap,58
17475,116897351,116897.351,993,0,gap,58
17476,116908432,116908.432,973,0,gap,58
17477,116912905,116912.905,957,0,gap,58
17478,116917373,116917.373,950,0,gap,58
17479,116928424,116928.424,941,0,gap,58
17480,116932910,116932.91,925,0,gap,58
17481,116937392,116937.392,909,0,gap,58
17482,116948432,116948.432,929,0,gap,58
17483,116952924,116952.924,903,0,gap,58
17484,116957420,116957.42,884,0,gap,58
17485,116968424,116968.424,884,0,gap,58
17486,116972926,116972.926,850,0,gap,58
17487,116977427,116977.427,862,0,gap,58
17488,116988432,116988.432,851,0,gap,58
17489,116992948,116992.948,839,0,gap,58
17490,116997459,116997.459,834,0,gap,58
17491,117008424,117008.424,823,0,gap,58
17492,117012950,117012.95,812,0,gap,58
17493,117017471,117017.471,810,0,gap,58
17494,117028433,117028.433,816,0,gap,58
17495,117032972,117032.972,791,0,gap,58
17496,117037502,117037.502,768,0,gap,58
17497,117048425,117048.425,797,0,gap,58
17498,117052966,117052.966,757,0,gap,58
17499,117060275,117060.275,755,0,gap,58
17500,117064581,117064.581,753,0,gap,58
17501,117078425,117078.425,768,0,gap,58
17502,117082705,117082.705,721,0,gap,58
17503,117086988,117086.988,706,0,gap,58
17504,117098431,117098.431,741,0,gap,58
17505,117102740,117102.74,703,0,gap,58
17506,117107033,117107.033,678,0,gap,58
17507,117118423,117118.423,714,0,gap,58
17508,117122732,117122.732,672,0,gap,58
17509,117127041,117127.041,662,0,gap,58
17510,117138432,117138.432,685,0,gap,58
17511,117142761,117142.761,651,0,gap,58
17512,117147084,117147.084,660,0,gap,58
17513,117158424,117158.424,645,0,gap,58
17514,117162757,117162.757,647,0,gap,58
17515,117167090,117167.09,636,0,gap,58
17516,117178432,117178.432,653,0,gap,58
17517,117182775,117182.775,619,0,gap,58
17518,117187118,117187.118,594,0,gap,58
17519,117198424,117198.424,646,0,gap,58
17520,117202782,117202.782,589,0,gap,58
17521,117207139,117207.139,567,0,gap,58
17522,117218432,117218.432,619,0,gap,58
17523,117222798,117222.798,581,0,gap,58
17524,117227187,117227.187,576,0,gap,58
17525,117238424,117238.424,590,0,gap,58
17526,117242835,117242.835,554,0,gap,58
17527,117247244,117247.244,570,0,gap,58
17528,117258432,117258.432,571,0,gap,58
17529,117262850,117262.85,560,0,gap,58
17530,117267263,117267.263,559,0,gap,58
17531,117278424,117278.424,571,0,gap,58
17532,117282856,117282.856,537,0,gap,58
17533,117287278,117287.278,501,0,gap,58
17534,117298432,117298.432,571,0,gap,58
17535,117302882,117302.882,525,0,gap,58
17536,117307333,117307.333,477,0,gap,58
17537,117318429,117318.429,556,0,gap,58
17538,117322896,117322.896,483,0,gap,58
17539,117327358,117327.358,481,0,gap,58
17540,117338433,117338.433,511,0,gap,58
17541,117342914,117342.914,479,0,gap,58
17542,117347390,117347.39,496,0,gap,58
17543,117358425,117358.425,491,0,gap,58
17544,117362915,117362.915,478,0,gap,58
17545,117368415,117368.415,461,0,gap,58
17546,117378432,117378.432,485,0,gap,58
17547,117382928,117382.928,459,0,gap,58
17548,117388431,117388.431,437,0,gap,58
17549,117398424,117398.424,496,0,gap,58
17550,117402930,117402.93,423,0,gap,58
17551,117408423,117408.423,430,0,gap,58
17552,117418432,117418.432,480,0,gap,58
17553,117422952,117422.952,411,0,gap,58
17554,117428431,117428.431,430,0,gap,58
17555,117438425,117438.425,459,0,gap,58
17556,117442950,117442.95,423,0,gap,58
17557,117448424,117448.424,432,0,gap,58
17558,117458433,117458.433,432,0,gap,58
17559,117462976,117462.976,418,0,gap,58
17560,117478415,117478.415,458,0,gap,58
17561,117482963,117482.963,415,0,gap,58
17562,117490296,117490.296,400,0,gap,58
17563,117494576,117494.576,385,0,gap,58
17564,117508431,117508.431,412,0,gap,58
17565,117512718,117512.718,387,0,gap,58
17566,117517005,117517.005,394,0,gap,58
17567,117528423,117528.423,430,0,gap,58
17568,117532726,117532.726,381,0,gap,58
17569,117537028,117537.028,350,0,gap,58
17570,117548431,117548.431,432,0,gap,58
17571,117552746,117552.746,347,0,gap,58
17572,117557054,117557.054,336,0,gap,58
17573,117568424,117568.424,431,0,gap,58
17574,117572752,117572.752,320,0,gap,58
17575,117577081,117577.081,341,0,gap,58
17576,117588432,117588.432,394,0,gap,58
17577,117592767,117592.767,328,0,gap,58
17578,117597102,117597.102,350,0,gap,58
17579,117608424,117608.424,358,0,gap,58
17580,117612777,117612.777,343,0,gap,58
17581,117617122,117617.122,347,0,gap,58
17582,117628432,117628.432,387,0,gap,58
17583,117632791,117632.791,341,0,gap,58
17584,117637147,117637.147,304,0,gap,58
17585,117648428,117648.428,389,0,gap,58
17586,117652800,117652.8,304,0,gap,58
17587,117657203,117657.203,286,0,gap,58
17588,117668432,117668.432,373,0,gap,58
17589,117672840,117672.84,272,0,gap,58
17590,117677244,117677.244,300,0,gap,58
17591,117688424,117688.424,348,0,gap,58
17592,117692849,117692.849,295,0,gap,58
17593,117697267,117697.267,307,0,gap,58
17594,117708432,117708.432,323,0,gap,58
17595,117712862,117712.862,300,0,gap,58
17596,117717294,117717.294,304,0,gap,58
17597,117728425,117728.425,347,0,gap,58
17598,117732872,117732.872,276,0,gap,58
17599,117737331,117737.331,272,0,gap,58
17600,117748433,117748.433,352,0,gap,58
17601,117752910,117752.91,280,0,gap,58
17602,117757382,117757.382,238,0,gap,58
17603,117768425,117768.425,339,0,gap,58
17604,117772904,117772.904,240,0,gap,58
17605,117777378,117777.378,271,0,gap,58
17606,117788433,117788.433,307,0,gap,58
17607,117792929,117792.929,269,0,gap,58
17608,117798419,117798.419,283,0,gap,58
17609,117808424,117808.424,281,0,gap,58
17610,117812922,117812.922,266,0,gap,58
17611,117818423,117818.423,267,0,gap,58
17612,117828432,117828.432,295,0,gap,58
17613,117832944,117832.944,256,0,gap,58
17614,117838431,117838.431,231,0,gap,58
17615,117848424,117848.424,320,0,gap,58
17616,117852946,117852.946,235,0,gap,58
17617,117858428,117858.428,229,0,gap,58
17618,117868432,117868.432,316,0,gap,58
17619,117872960,117872.96,219,0,gap,58
17620,117878432,117878.432,256,0,gap,58
17621,117888425,117888.425,271,0,gap,58
17622,117892966,117892.966,208,0,gap,58
17623,117908411,117908.411,281,0,gap,58
17624,117915722,117915.722,282,0,gap,58
17625,117920028,117920.028,210,0,gap,58
17626,117928431,117928.431,269,0,gap,58
17627,117932716,117932.716,233,0,gap,58
17628,117938432,117938.432,217,0,gap,58
17629,117948425,117948.425,278,0,gap,58
17630,117952726,117952.726,207,0,gap,58
17631,117958424,117958.424,195,0,gap,58
17632,117968433,117968.433,267,0,gap,58
17633,117972745,117972.745,178,0,gap,58
17634,117988419,117988.419,277,1,pulse,59
17635,117992829,117992.829,4095,1,pulse,59
17636,117997085,117997.085,4095,1,pulse,59
17637,118008420,118008.42,4095,1,pulse,59
17638,118012689,118012.689,4095,1,pulse,59
17639,118016956,118016.956,4095,0,post,59
17640,118028442,118028.442,2832,0,post,59
17641,118032732,118032.732,2769,0,post,59
17642,118038423,118038.423,2719,0,post,59
17643,118048420,118048.42,2687,0,post,59
17644,118052718,118052.718,2658,0,post,59
17645,118058416,118058.416,2629,0,post,59
17646,118068425,118068.425,2592,0,post,59
17647,118072741,118072.741,2559,0,post,59
17648,118088423,118088.423,2533,0,post,59
17649,118092771,118092.771,2503,0,post,59
17650,118097117,118097.117,2499,0,post,59
17651,118108416,118108.416,2455,0,post,59
17652,118112772,118112.772,2458,0,post,59
17653,118117129,118117.129,2433,0,post,59
17654,118128424,118128.424,2413,0,post,59
17655,118132800,118132.8,2391,0,post,59
17656,118137168,118137.168,2378,0,post,59
