index,t_us,t_ms,adc,led,phase,pulse_index
0,107,0.107,2724,0,pre,-1
1,4020,4.02,2611,0,pre,-1
2,17983,17.983,2626,0,pre,-1
3,21627,21.627,2597,0,pre,-1
4,25287,25.287,2559,0,pre,-1
5,28936,28.936,2559,0,pre,-1
6,37988,37.988,2559,0,pre,-1
7,41645,41.645,3521,1,pulse,0
8,47996,47.996,4095,1,pulse,0
9,57976,57.976,4095,1,pulse,0
10,61640,61.64,4095,1,pulse,0
11,67975,67.975,4095,1,pulse,0
12,77982,77.982,4095,1,pulse,0
13,81638,81.638,4095,0,gap,0
14,85519,85.519,3022,0,gap,0
15,97979,97.979,2784,0,gap,0
16,101725,101.725,2772,0,gap,0
17,105440,105.44,2741,0,gap,0
18,117986,117.986,2697,0,gap,0
19,121716,121.716,2697,0,gap,0
20,125461,125.461,2682,0,gap,0
21,129197,129.197,2672,0,gap,0
22,137988,137.988,2654,0,gap,0
23,141735,141.735,2650,0,gap,0
24,147988,147.988,2629,0,gap,0
25,157980,157.98,2617,0,gap,0
26,161757,161.757,2614,0,gap,0
27,167979,167.979,2586,0,gap,0
28,177987,177.987,2595,0,gap,0
29,181751,181.751,2559,0,gap,0
30,185534,185.534,2559,0,gap,0
31,197980,197.98,2547,0,gap,0
32,201782,201.782,2544,0,gap,0
33,205564,205.564,2544,0,gap,0
34,217986,217.986,2514,0,gap,0
35,221790,221.79,2517,0,gap,0
36,225614,225.614,2506,0,gap,0
37,229431,229.431,2507,0,gap,0
38,237988,237.988,2478,0,gap,0
39,241809,241.809,2469,0,gap,0
40,247988,247.988,2467,0,gap,0
41,257980,257.98,2461,0,gap,0
42,261831,261.831,2462,0,gap,0
43,267979,267.979,2437,0,gap,0
44,277987,277.987,2455,0,gap,0
45,281827,281.827,2417,0,gap,0
46,285679,285.679,2419,0,gap,0
47,297979,297.979,2409,0,gap,0
48,301854,301.854,2407,0,gap,0
49,305700,305.7,2401,0,gap,0
50,317986,317.986,2383,0,gap,0
51,321854,321.854,2384,0,gap,0
52,325741,325.741,2388,0,gap,0
53,329614,329.614,2377,0,gap,0
54,337988,337.988,2351,0,gap,0
55,341868,341.868,2343,0,gap,0
56,347988,347.988,2338,0,gap,0
57,357980,357.98,2325,0,gap,0
58,361891,361.891,2314,0,gap,0
59,368545,368.545,2320,0,gap,0
60,377986,377.986,2326,0,gap,0
61,381699,381.699,2290,0,gap,0
62,385425,385.425,2293,0,gap,0
63,397980,397.98,2291,0,gap,0
64,401728,401.728,2285,0,gap,0
65,405443,405.443,2289,0,gap,0
66,417987,417.987,2262,0,gap,0
67,421720,421.72,2266,0,gap,0
68,425466,425.466,2256,0,gap,0
69,429201,429.201,2246,0,gap,0
70,437988,437.988,2228,0,gap,0
71,441736,441.736,2221,0,gap,0
72,447988,447.988,2231,0,gap,0
73,457980,457.98,2215,0,gap,0
74,461762,461.762,2219,0,gap,0
75,467979,467.979,2211,0,gap,0
76,477987,477.987,2195,0,gap,0
77,481750,481.75,2195,0,gap,0
78,485534,485.534,2192,0,gap,0
79,497980,497.98,2192,0,gap,0
80,501779,501.779,2176,0,gap,0
81,505553,505.553,2157,0,gap,0
82,517986,517.986,2161,0,gap,0
83,521775,521.775,2159,0,gap,0
84,525575,525.575,2151,0,gap,0
85,529374,529.374,2139,0,gap,0
86,537988,537.988,2142,0,gap,0
87,541790,541.79,2122,0,gap,0
88,547988,547.988,2116,0,gap,0
89,557980,557.98,2125,0,gap,0
90,561814,561.814,2114,0,gap,0
91,567979,567.979,2106,0,gap,0
92,577987,577.987,2101,0,gap,0
93,581810,581.81,2080,0,gap,0
94,585649,585.649,2074,0,gap,0
95,597979,597.979,2078,0,gap,0
96,601857,601.857,2083,0,gap,0
97,605701,605.701,2046,0,gap,0
98,617986,617.986,2064,0,gap,0
99,621845,621.845,2064,0,gap,0
100,625719,625.719,2037,0,gap,0
101,629589,629.589,2025,0,gap,0
102,637988,637.988,2017,0,gap,0
103,647970,647.97,2038,0,gap,0
104,651870,651.87,2032,0,gap,0
105,655745,655.745,2001,0,gap,0
106,667991,667.991,2016,0,gap,0
107,671880,671.88,2009,0,gap,0
108,675781,675.781,2002,0,gap,0
109,687966,687.966,1994,0,gap,0
110,691886,691.886,2002,0,gap,0
111,695780,695.78,1975,0,gap,0
112,699708,699.708,1978,0,gap,0
113,707980,707.98,1971,0,gap,0
114,717986,717.986,1965,0,gap,0
115,721898,721.898,1951,0,gap,0
116,725829,725.829,1965,0,gap,0
117,737979,737.979,1966,0,gap,0
118,741924,741.924,1961,0,gap,0
119,745845,745.845,1939,0,gap,0
120,757986,757.986,1954,0,gap,0
121,764681,764.681,1953,0,gap,0
122,768421,768.421,1926,0,gap,0
123,777978,777.978,1941,0,gap,0
124,781719,781.719,1927,0,gap,0
125,785439,785.439,1911,0,gap,0
126,797988,797.988,1920,0,gap,0
127,801723,801.723,1905,0,gap,0
128,805478,805.478,1899,0,gap,0
129,817979,817.979,1904,0,gap,0
130,821740,821.74,1898,0,gap,0
131,825477,825.477,1872,0,gap,0
132,837986,837.986,1897,0,gap,0
133,841742,841.742,1887,0,gap,0
134,845513,845.513,1881,0,gap,0
135,857978,857.978,1891,0,gap,0
136,861773,861.773,1879,0,gap,0
137,865543,865.543,1881,0,gap,0
138,877978,877.978,1877,0,gap,0
139,881758,881.758,1869,0,gap,0
140,885554,885.554,1869,0,gap,0
141,897970,897.97,1872,0,gap,0
142,901777,901.777,1869,0,gap,0
143,905568,905.568,1840,0,gap,0
144,917974,917.974,1871,0,gap,0
145,921779,921.779,1849,0,gap,0
146,925592,925.592,1845,0,gap,0
147,937970,937.97,1839,0,gap,0
148,941801,941.801,1837,0,gap,0
149,945612,945.612,1825,0,gap,0
150,957970,957.97,1831,0,gap,0
151,961797,961.797,1824,0,gap,0
152,965634,965.634,1823,0,gap,0
153,977966,977.966,1809,0,gap,0
154,981822,981.822,1818,0,gap,0
155,985654,985.654,1808,0,gap,0
156,997970,997.97,1807,0,gap,0
157,1001825,1001.825,1801,0,gap,0
158,1005693,1005.693,1779,0,gap,0
159,1017970,1017.97,1778,0,gap,0
160,1021867,1021.867,1776,0,gap,0
161,1025736,1025.736,1775,0,gap,0
162,1037986,1037.986,1776,0,gap,0
163,1041869,1041.869,1779,0,gap,0
164,1045763,1045.763,1772,0,gap,0
165,1057978,1057.978,1750,0,gap,0
166,1061891,1061.891,1742,0,gap,0
167,1065783,1065.783,1743,0,gap,0
168,1077974,1077.974,1728,0,gap,0
169,1081880,1081.88,1744,0,gap,0
170,1085798,1085.798,1730,0,gap,0
171,1097970,1097.97,1718,0,gap,0
172,1101902,1101.902,1699,0,gap,0
173,1105813,1105.813,1687,0,gap,0
174,1117974,1117.974,1697,0,gap,0
175,1121900,1121.9,1679,0,gap,0
176,1125841,1125.841,1665,0,gap,0
177,1137970,1137.97,1662,0,gap,0
178,1141922,1141.922,1661,0,gap,0
179,1145848,1145.848,1659,0,gap,0
180,1157970,1157.97,1680,0,gap,0
181,1161916,1161.916,1653,0,gap,0
182,1165868,1165.868,1627,0,gap,0
183,1177966,1177.966,1632,0,gap,0
184,1184743,1184.743,1623,0,gap,0
185,1188462,1188.462,1616,0,gap,0
186,1197990,1197.99,1616,0,gap,0
187,1201731,1201.731,1595,0,gap,0
188,1205471,1205.471,1609,0,gap,0
189,1217980,1217.98,1616,0,gap,0
190,1221734,1221.734,1578,0,gap,0
191,1225480,1225.48,1569,0,gap,0
192,1237987,1237.987,1571,0,gap,0
193,1241744,1241.744,1561,0,gap,0
194,1245504,1245.504,1535,0,gap,0
195,1257979,1257.979,1553,0,gap,0
196,1261754,1261.754,1535,0,gap,0
197,1265524,1265.524,1527,0,gap,0
198,1277986,1277.986,1523,0,gap,0
199,1281767,1281.767,1521,0,gap,0
200,1285552,1285.552,1509,0,gap,0
201,1297978,1297.978,1535,0,gap,0
202,1301781,1301.781,1498,0,gap,0
203,1305564,1305.564,1495,0,gap,0
204,1317986,1317.986,1507,0,gap,0
205,1321784,1321.784,1477,0,gap,0
206,1325586,1325.586,1469,0,gap,0
207,1337978,1337.978,1478,0,gap,0
208,1341802,1341.802,1457,0,gap,0
209,1345605,1345.605,1461,0,gap,0
210,1357986,1357.986,1469,0,gap,0
211,1361804,1361.804,1449,0,gap,0
212,1365626,1365.626,1427,0,gap,0
213,1377978,1377.978,1443,0,gap,0
214,1381816,1381.816,1419,0,gap,0
215,1385645,1385.645,1423,0,gap,0
216,1397986,1397.986,1409,0,gap,0
217,1401825,1401.825,1408,0,gap,0
218,1405672,1405.672,1390,0,gap,0
219,1417978,1417.978,1393,0,gap,0
220,1421844,1421.844,1390,0,gap,0
221,1425706,1425.706,1387,0,gap,0
222,1437986,1437.986,1375,0,gap,0
223,1441869,1441.869,1363,0,gap,0
224,1445759,1445.759,1360,0,gap,0
225,1457978,1457.978,1361,0,gap,0
226,1461875,1461.875,1353,0,gap,0
227,1465758,1465.758,1361,0,gap,0
228,1477986,1477.986,1363,0,gap,0
229,1481888,1481.888,1339,0,gap,0
230,1485790,1485.79,1343,0,gap,0
231,1497970,1497.97,1344,0,gap,0
232,1501890,1501.89,1328,0,gap,0
233,1505793,1505.793,1328,0,gap,0
234,1517978,1517.978,1303,0,gap,0
235,1521900,1521.9,1327,0,gap,0
236,1525825,1525.825,1313,0,gap,0
237,1537970,1537.97,1281,0,gap,0
238,1541906,1541.906,1271,0,gap,0
239,1545832,1545.832,1295,0,gap,0
240,1557970,1557.97,1270,0,gap,0
241,1561911,1561.911,1278,0,gap,0
242,1565856,1565.856,1258,0,gap,0
243,1577966,1577.966,1275,0,gap,0
244,1581925,1581.925,1257,0,gap,0
245,1585872,1585.872,1259,0,gap,0
246,1592583,1592.583,1264,0,gap,0
247,1596310,1596.31,1248,0,gap,0
248,1607988,1607.988,1242,0,gap,0
249,1611722,1611.722,1233,0,gap,0
250,1615463,1615.463,1230,0,gap,0
251,1627980,1627.98,1239,0,gap,0
252,1631736,1631.736,1232,0,gap,0
253,1635476,1635.476,1206,0,gap,0
254,1647987,1647.987,1248,0,gap,0
255,1651745,1651.745,1201,0,gap,0
256,1655512,1655.512,1191,0,gap,0
257,1667979,1667.979,1215,0,gap,0
258,1671756,1671.756,1185,0,gap,0
259,1675517,1675.517,1200,0,gap,0
260,1687986,1687.986,1178,0,gap,0
261,1691765,1691.765,1178,0,gap,0
262,1695544,1695.544,1184,0,gap,0
263,1707978,1707.978,1200,0,gap,0
264,1711775,1711.775,1166,0,gap,0
265,1715560,1715.56,1168,0,gap,0
266,1727990,1727.99,1167,0,gap,0
267,1731790,1731.79,1161,0,gap,0
268,1735594,1735.594,1143,0,gap,0
269,1747978,1747.978,1156,0,gap,0
270,1751792,1751.792,1136,0,gap,0
271,1755598,1755.598,1117,0,gap,0
272,1767986,1767.986,1145,0,gap,0
273,1771803,1771.803,1121,0,gap,0
274,1775622,1775.622,1120,0,gap,0
275,1787978,1787.978,1125,0,gap,0
276,1791814,1791.814,1113,0,gap,0
277,1795645,1795.645,1118,0,gap,0
278,1807986,1807.986,1114,0,gap,0
279,1811828,1811.828,1106,0,gap,0
280,1815672,1815.672,1101,0,gap,0
281,1827978,1827.978,1109,0,gap,0
282,1831846,1831.846,1097,0,gap,0
283,1835707,1835.707,1090,0,gap,0
284,1847986,1847.986,1115,0,gap,0
285,1851863,1851.863,1088,0,gap,0
286,1855747,1855.747,1070,0,gap,0
287,1867978,1867.978,1105,0,gap,0
288,1871881,1871.881,1063,0,gap,0
289,1875767,1875.767,1082,0,gap,0
290,1887986,1887.986,1083,0,gap,0
291,1891883,1891.883,1082,0,gap,0
292,1895782,1895.782,1079,0,gap,0
293,1907970,1907.97,1071,0,gap,0
294,1911888,1911.888,1072,0,gap,0
295,1915794,1915.794,1071,0,gap,0
296,1927974,1927.974,1079,0,gap,0
297,1931894,1931.894,1073,0,gap,0
298,1935821,1935.821,1051,0,gap,0
299,1947970,1947.97,1089,0,gap,0
300,1951904,1951.904,1044,0,gap,0
301,1955825,1955.825,1054,0,gap,0
302,1967974,1967.974,1077,0,gap,0
303,1971914,1971.914,1023,0,gap,0
304,1975860,1975.86,1040,0,gap,0
305,1987966,1987.966,1045,0,gap,0
306,1991923,1991.923,1051,0,gap,0
307,1995864,1995.864,1056,0,gap,0
308,2007970,2007.97,1060,0,gap,0
309,2014705,2014.705,1075,0,gap,0
310,2018431,2018.431,1050,0,gap,0
311,2027978,2027.978,1074,0,gap,0
312,2031726,2031.726,1050,0,gap,0
313,2035461,2035.461,1034,0,gap,0
314,2047992,2047.992,1086,0,gap,0
315,2051742,2051.742,1051,0,gap,0
316,2055495,2055.495,1041,0,gap,0
317,2067979,2067.979,3797,1,pulse,1
318,2071827,2071.827,4095,1,pulse,1
319,2075512,2075.512,4095,1,pulse,1
320,2087983,2087.983,4095,1,pulse,1
321,2091675,2091.675,4095,1,pulse,1
322,2095371,2095.371,4095,1,pulse,1
323,2107975,2107.975,4095,0,gap,1
324,2111912,2111.912,2970,0,gap,1
325,2115690,2115.69,2873,0,gap,1
326,2127986,2127.986,2771,0,gap,1
327,2131775,2131.775,2752,0,gap,1
328,2135568,2135.568,2726,0,gap,1
329,2147982,2147.982,2691,0,gap,1
330,2151794,2151.794,2663,0,gap,1
331,2155585,2155.585,2656,0,gap,1
332,2167986,2167.986,2641,0,gap,1
333,2171788,2171.788,2635,0,gap,1
334,2175605,2175.605,2624,0,gap,1
335,2187978,2187.978,2595,0,gap,1
336,2191810,2191.81,2593,0,gap,1
337,2195617,2195.617,2559,0,gap,1
338,2207986,2207.986,2559,0,gap,1
339,2211814,2211.814,2548,0,gap,1
340,2215656,2215.656,2544,0,gap,1
341,2227978,2227.978,2528,0,gap,1
342,2231827,2231.827,2525,0,gap,1
343,2235659,2235.659,2513,0,gap,1
344,2247986,2247.986,2506,0,gap,1
345,2251841,2251.841,2494,0,gap,1
346,2255725,2255.725,2483,0,gap,1
347,2267978,2267.978,2483,0,gap,1
348,2271867,2271.867,2474,0,gap,1
349,2275735,2275.735,2466,0,gap,1
350,2287990,2287.99,2458,0,gap,1
351,2291877,2291.877,2449,0,gap,1
352,2295774,2295.774,2447,0,gap,1
353,2307978,2307.978,2429,0,gap,1
354,2311886,2311.886,2426,0,gap,1
355,2315778,2315.778,2407,0,gap,1
356,2327974,2327.974,2414,0,gap,1
357,2331880,2331.88,2406,0,gap,1
358,2335797,2335.797,2395,0,gap,1
359,2347970,2347.97,2391,0,gap,1
360,2351902,2351.902,2369,0,gap,1
361,2355817,2355.817,2363,0,gap,1
362,2367974,2367.974,2373,0,gap,1
363,2371900,2371.9,2354,0,gap,1
364,2375832,2375.832,2352,0,gap,1
365,2387970,2387.97,2343,0,gap,1
366,2391925,2391.925,2338,0,gap,1
367,2395856,2395.856,2325,0,gap,1
368,2407970,2407.97,2311,0,gap,1
369,2411915,2411.915,2321,0,gap,1
370,2415867,2415.867,2298,0,gap,1
371,2427966,2427.966,2305,0,gap,1
372,2434690,2434.69,2286,0,gap,1
373,2438417,2438.417,2273,0,gap,1
374,2447986,2447.986,2290,0,gap,1
375,2451721,2451.721,2279,0,gap,1
376,2455467,2455.467,2256,0,gap,1
377,2467984,2467.984,2248,0,gap,1
378,2471741,2471.741,2242,0,gap,1
379,2475477,2475.477,2221,0,gap,1
380,2487987,2487.987,2230,0,gap,1
381,2491742,2491.742,2217,0,gap,1
382,2495512,2495.512,2203,0,gap,1
383,2507979,2507.979,2197,0,gap,1
384,2511760,2511.76,2186,0,gap,1
385,2515517,2515.517,2192,0,gap,1
386,2527986,2527.986,2192,0,gap,1
387,2531758,2531.758,2163,0,gap,1
388,2535549,2535.549,2164,0,gap,1
389,2547978,2547.978,2147,0,gap,1
390,2551776,2551.776,2145,0,gap,1
391,2555557,2555.557,2128,0,gap,1
392,2567986,2567.986,2130,0,gap,1
393,2571783,2571.783,2104,0,gap,1
394,2575591,2575.591,2112,0,gap,1
395,2587978,2587.978,2099,0,gap,1
396,2591797,2591.797,2071,0,gap,1
397,2595599,2595.599,2087,0,gap,1
398,2607990,2607.99,2074,0,gap,1
399,2611806,2611.806,2071,0,gap,1
400,2615635,2615.635,2055,0,gap,1
401,2627978,2627.978,2047,0,gap,1
402,2631822,2631.822,2022,0,gap,1
403,2635645,2635.645,2013,0,gap,1
404,2647986,2647.986,2003,0,gap,1
405,2651819,2651.819,2006,0,gap,1
406,2655672,2655.672,1980,0,gap,1
407,2667978,2667.978,1979,0,gap,1
408,2671850,2671.85,1965,0,gap,1
409,2675707,2675.707,1969,0,gap,1
410,2687986,2687.986,1968,0,gap,1
411,2691864,2691.864,1954,0,gap,1
412,2695753,2695.753,1946,0,gap,1
413,2707978,2707.978,1953,0,gap,1
414,2711882,2711.882,1931,0,gap,1
415,2715764,2715.764,1929,0,gap,1
416,2727974,2727.974,1907,0,gap,1
417,2731883,2731.883,1930,0,gap,1
418,2735791,2735.791,1889,0,gap,1
419,2747970,2747.97,1896,0,gap,1
420,2751893,2751.893,1885,0,gap,1
421,2755791,2755.791,1883,0,gap,1
422,2767974,2767.974,1872,0,gap,1
423,2771891,2771.891,1870,0,gap,1
424,2775818,2775.818,1863,0,gap,1
425,2787974,2787.974,1851,0,gap,1
426,2791916,2791.916,1854,0,gap,1
427,2795838,2795.838,1850,0,gap,1
428,2807974,2807.974,1853,0,gap,1
429,2811910,2811.91,1840,0,gap,1
430,2815862,2815.862,1820,0,gap,1
431,2827966,2827.966,1834,0,gap,1
432,2831928,2831.928,1807,0,gap,1
433,2835869,2835.869,1802,0,gap,1
434,2847970,2847.97,1811,0,gap,1
435,2854683,2854.683,1789,0,gap,1
436,2858420,2858.42,1785,0,gap,1
437,2867978,2867.978,1800,0,gap,1
438,2871721,2871.721,1777,0,gap,1
439,2875455,2875.455,1777,0,gap,1
440,2887988,2887.988,1763,0,gap,1
441,2891737,2891.737,1750,0,gap,1
442,2895489,2895.489,1752,0,gap,1
443,2907979,2907.979,1755,0,gap,1
444,2911742,2911.742,1745,0,gap,1
445,2915496,2915.496,1735,0,gap,1
446,2927991,2927.991,1735,0,gap,1
447,2931759,2931.759,1722,0,gap,1
448,2935532,2935.532,1712,0,gap,1
449,2947978,2947.978,1712,0,gap,1
450,2951762,2951.762,1703,0,gap,1
451,2955536,2955.536,1699,0,gap,1
452,2967986,2967.986,1703,0,gap,1
453,2971775,2971.775,1685,0,gap,1
454,2975569,2975.569,1680,0,gap,1
455,2987978,2987.978,1680,0,gap,1
456,2991786,2991.786,1653,0,gap,1
457,2995582,2995.582,1649,0,gap,1
458,3007986,3007.986,1669,0,gap,1
459,3011793,3011.793,1657,0,gap,1
460,3015602,3015.602,1651,0,gap,1
461,3027978,3027.978,1637,0,gap,1
462,3031807,3031.807,1632,0,gap,1
463,3035622,3035.622,1622,0,gap,1
464,3047986,3047.986,1642,0,gap,1
465,3051814,3051.814,1615,0,gap,1
466,3055649,3055.649,1614,0,gap,1
467,3067978,3067.978,1613,0,gap,1
468,3071828,3071.828,1599,0,gap,1
469,3075668,3075.668,1586,0,gap,1
470,3087986,3087.986,1596,0,gap,1
471,3091846,3091.846,1586,0,gap,1
472,3095721,3095.721,1587,0,gap,1
473,3107982,3107.982,1577,0,gap,1
474,3111871,3111.871,1573,0,gap,1
475,3115748,3115.748,1562,0,gap,1
476,3127986,3127.986,1580,0,gap,1
477,3131873,3131.873,1564,0,gap,1
478,3135767,3135.767,1535,0,gap,1
479,3147978,3147.978,1566,0,gap,1
480,3151887,3151.887,1533,0,gap,1
481,3155783,3155.783,1523,0,gap,1
482,3167986,3167.986,1529,0,gap,1
483,3171892,3171.892,1520,0,gap,1
484,3175806,3175.806,1532,0,gap,1
485,3187970,3187.97,1521,0,gap,1
486,3191894,3191.894,1500,0,gap,1
487,3195810,3195.81,1511,0,gap,1
488,3207974,3207.974,1504,0,gap,1
489,3211908,3211.908,1509,0,gap,1
490,3215837,3215.837,1504,0,gap,1
491,3227970,3227.97,1499,0,gap,1
492,3231914,3231.914,1486,0,gap,1
493,3235849,3235.849,1472,0,gap,1
494,3247974,3247.974,1489,0,gap,1
495,3251924,3251.924,1472,0,gap,1
496,3255876,3255.876,1459,0,gap,1
497,3267966,3267.966,1474,0,gap,1
498,3274683,3274.683,1459,0,gap,1
499,3278411,3278.411,1454,0,gap,1
500,3287986,3287.986,1454,0,gap,1
501,3291725,3291.725,1445,0,gap,1
502,3295463,3295.463,1456,0,gap,1
503,3307980,3307.98,1461,0,gap,1
504,3311737,3311.737,1435,0,gap,1
505,3315481,3315.481,1443,0,gap,1
506,3327987,3327.987,1433,0,gap,1
507,3331742,3331.742,1423,0,gap,1
508,3335504,3335.504,1414,0,gap,1
509,3347979,3347.979,1446,0,gap,1
510,3351760,3351.76,1411,0,gap,1
511,3355525,3355.525,1397,0,gap,1
512,3367986,3367.986,1413,0,gap,1
513,3371762,3371.762,1393,0,gap,1
514,3375541,3375.541,1392,0,gap,1
515,3387978,3387.978,1393,0,gap,1
516,3391776,3391.776,1378,0,gap,1
517,3395558,3395.558,1382,0,gap,1
518,3407986,3407.986,1399,0,gap,1
519,3411783,3411.783,1383,0,gap,1
520,3415591,3415.591,1365,0,gap,1
521,3427982,3427.982,1392,0,gap,1
522,3431805,3431.805,1363,0,gap,1
523,3435603,3435.603,1366,0,gap,1
524,3447986,3447.986,1361,0,gap,1
525,3451799,3451.799,1358,0,gap,1
526,3455631,3455.631,1340,0,gap,1
527,3467978,3467.978,1343,0,gap,1
528,3471822,3471.822,1333,0,gap,1
529,3475645,3475.645,1350,0,gap,1
530,3487986,3487.986,1329,0,gap,1
531,3491820,3491.82,1323,0,gap,1
532,3495673,3495.673,1325,0,gap,1
533,3507978,3507.978,1333,0,gap,1
534,3511846,3511.846,1322,0,gap,1
535,3515703,3515.703,1314,0,gap,1
536,3527986,3527.986,1328,0,gap,1
537,3531864,3531.864,1311,0,gap,1
538,3535753,3535.753,1293,0,gap,1
539,3547978,3547.978,1314,0,gap,1
540,3551878,3551.878,1287,0,gap,1
541,3555760,3555.76,1279,0,gap,1
542,3567990,3567.99,1301,0,gap,1
543,3571887,3571.887,1283,0,gap,1
544,3575795,3575.795,1274,0,gap,1
545,3587978,3587.978,1269,0,gap,1
546,3591897,3591.897,1264,0,gap,1
547,3595795,3595.795,1280,0,gap,1
548,3607974,3607.974,1261,0,gap,1
549,3611891,3611.891,1269,0,gap,1
550,3615814,3615.814,1249,0,gap,1
551,3627970,3627.97,1277,0,gap,1
552,3631912,3631.912,1254,0,gap,1
553,3635838,3635.838,1251,0,gap,1
554,3647974,3647.974,1237,0,gap,1
555,3651910,3651.91,1232,0,gap,1
556,3655857,3655.857,1221,0,gap,1
557,3667966,3667.966,1241,0,gap,1
558,3671932,3671.932,1221,0,gap,1
559,3675873,3675.873,1234,0,gap,1
560,3687970,3687.97,1223,0,gap,1
561,3694688,3694.688,1238,0,gap,1
562,3698421,3698.421,1224,0,gap,1
563,3707978,3707.978,1232,0,gap,1
564,3711725,3711.725,1218,0,gap,1
565,3715455,3715.455,1226,0,gap,1
566,3727988,3727.988,1213,0,gap,1
567,3731737,3731.737,1229,0,gap,1
568,3735489,3735.489,1187,0,gap,1
569,3747983,3747.983,1214,0,gap,1
570,3751750,3751.75,1198,0,gap,1
571,3755504,3755.504,1185,0,gap,1
572,3767987,3767.987,1190,0,gap,1
573,3771755,3771.755,1186,0,gap,1
574,3775528,3775.528,1191,0,gap,1
575,3787978,3787.978,1179,0,gap,1
576,3791766,3791.766,1187,0,gap,1
577,3795540,3795.54,1181,0,gap,1
578,3807986,3807.986,1188,0,gap,1
579,3811771,3811.771,1168,0,gap,1
580,3815565,3815.565,1175,0,gap,1
581,3827978,3827.978,1185,0,gap,1
582,3831782,3831.782,1159,0,gap,1
583,3835578,3835.578,1159,0,gap,1
584,3847986,3847.986,1184,0,gap,1
585,3851797,3851.797,1157,0,gap,1
586,3855606,3855.606,1159,0,gap,1
587,3867978,3867.978,1164,0,gap,1
588,3871802,3871.802,1140,0,gap,1
589,3875614,3875.614,1151,0,gap,1
590,3887990,3887.99,1159,0,gap,1
591,3891822,3891.822,1136,0,gap,1
592,3895656,3895.656,1145,0,gap,1
593,3907978,3907.978,1137,0,gap,1
594,3911824,3911.824,1143,0,gap,1
595,3915664,3915.664,1133,0,gap,1
596,3927986,3927.986,1147,0,gap,1
597,3931842,3931.842,1138,0,gap,1
598,3935713,3935.713,1120,0,gap,1
599,3947978,3947.978,1147,0,gap,1
600,3951867,3951.867,1111,0,gap,1
601,3955748,3955.748,1104,0,gap,1
602,3967986,3967.986,1141,0,gap,1
603,3971873,3971.873,1121,0,gap,1
604,3975763,3975.763,1119,0,gap,1
605,3987978,3987.978,1115,0,gap,1
606,3991887,3991.887,1109,0,gap,1
607,3995783,3995.783,1109,0,gap,1
608,4007974,4007.974,1102,0,gap,1
609,4011884,4011.884,1126,0,gap,1
610,4015798,4015.798,1109,0,gap,1
611,4027970,4027.97,1116,0,gap,1
612,4031898,4031.898,1103,0,gap,1
613,4035814,4035.814,1091,0,gap,1
614,4047974,4047.974,1116,0,gap,1
615,4051904,4051.904,1098,0,gap,1
616,4055837,4055.837,1085,0,gap,1
617,4067974,4067.974,1107,0,gap,1
618,4071922,4071.922,1081,0,gap,1
619,4075853,4075.853,1122,1,pulse,2
620,4087995,4087.995,4095,1,pulse,2
621,4091882,4091.882,4095,1,pulse,2
622,4095772,4095.772,4095,1,pulse,2
623,4107975,4107.975,4095,1,pulse,2
624,4114630,4114.63,4095,0,gap,2
625,4118514,4118.514,3031,0,gap,2
626,4127986,4127.986,2812,0,gap,2
627,4131735,4131.735,2779,0,gap,2
628,4137970,4137.97,2751,0,gap,2
629,4147978,4147.978,2701,0,gap,2
630,4151741,4151.741,2674,0,gap,2
631,4155495,4155.495,2666,0,gap,2
632,4167987,4167.987,2637,0,gap,2
633,4171752,4171.752,2624,0,gap,2
634,4175520,4175.52,2620,0,gap,2
635,4187979,4187.979,2597,0,gap,2
636,4191762,4191.762,2559,0,gap,2
637,4195541,4195.541,2559,0,gap,2
638,4207986,4207.986,2559,0,gap,2
639,4211776,4211.776,2542,0,gap,2
640,4215569,4215.569,2521,0,gap,2
641,4227978,4227.978,2523,0,gap,2
642,4231782,4231.782,2482,0,gap,2
643,4235581,4235.581,2494,0,gap,2
644,4247986,4247.986,2483,0,gap,2
645,4251789,4251.789,2468,0,gap,2
646,4255603,4255.603,2453,0,gap,2
647,4267978,4267.978,2458,0,gap,2
648,4271815,4271.815,2419,0,gap,2
649,4275627,4275.627,2399,0,gap,2
650,4287986,4287.986,2407,0,gap,2
651,4291812,4291.812,2411,0,gap,2
652,4295646,4295.646,2406,0,gap,2
653,4307982,4307.982,2382,0,gap,2
654,4311836,4311.836,2370,0,gap,2
655,4315669,4315.669,2359,0,gap,2
656,4327986,4327.986,2363,0,gap,2
657,4331829,4331.829,2366,0,gap,2
658,4335692,4335.692,2347,0,gap,2
659,4347978,4347.978,2341,0,gap,2
660,4351856,4351.856,2338,0,gap,2
661,4355719,4355.719,2332,0,gap,2
662,4367986,4367.986,2325,0,gap,2
663,4371873,4371.873,2304,0,gap,2
664,4375776,4375.776,2304,0,gap,2
665,4387978,4387.978,2289,0,gap,2
666,4391887,4391.887,2288,0,gap,2
667,4395780,4395.78,2283,0,gap,2
668,4407986,4407.986,2273,0,gap,2
669,4411893,4411.893,2274,0,gap,2
670,4415807,4415.807,2257,0,gap,2
671,4427970,4427.97,2259,0,gap,2
672,4431903,4431.903,2255,0,gap,2
673,4435814,4435.814,2236,0,gap,2
674,4447974,4447.974,2247,0,gap,2
675,4451905,4451.905,2235,0,gap,2
676,4455838,4455.838,2225,0,gap,2
677,4467970,4467.97,2211,0,gap,2
678,4471918,4471.918,2205,0,gap,2
679,4475850,4475.85,2198,0,gap,2
680,4487970,4487.97,2203,0,gap,2
681,4491912,4491.912,2199,0,gap,2
682,4495869,4495.869,2191,0,gap,2
683,4507966,4507.966,2181,0,gap,2
684,4511938,4511.938,2173,0,gap,2
685,4515889,4515.889,2177,0,gap,2
686,4527970,4527.97,2167,0,gap,2
687,4534685,4534.685,2161,0,gap,2
688,4538442,4538.442,2140,0,gap,2
689,4547978,4547.978,2159,0,gap,2
690,4551739,4551.739,2132,0,gap,2
691,4555483,4555.483,2126,0,gap,2
692,4567988,4567.988,2130,0,gap,2
693,4571742,4571.742,2128,0,gap,2
694,4575504,4575.504,2115,0,gap,2
695,4587979,4587.979,2112,0,gap,2
696,4591760,4591.76,2105,0,gap,2
697,4595521,4595.521,2093,0,gap,2
698,4607987,4607.987,2099,0,gap,2
699,4611762,4611.762,2093,0,gap,2
700,4615541,4615.541,2077,0,gap,2
701,4627982,4627.982,2086,0,gap,2
702,4631780,4631.78,2065,0,gap,2
703,4635564,4635.564,2046,0,gap,2
704,4647986,4647.986,2070,0,gap,2
705,4651785,4651.785,2061,0,gap,2
706,4655584,4655.584,2035,0,gap,2
707,4667978,4667.978,2038,0,gap,2
708,4671797,4671.797,2028,0,gap,2
709,4675599,4675.599,2025,0,gap,2
710,4687986,4687.986,2030,0,gap,2
711,4691806,4691.806,2007,0,gap,2
712,4695634,4695.634,2017,0,gap,2
713,4707978,4707.978,2015,0,gap,2
714,4711817,4711.817,2001,0,gap,2
715,4715635,4715.635,2000,0,gap,2
716,4727986,4727.986,1989,0,gap,2
717,4731824,4731.824,1982,0,gap,2
718,4735673,4735.673,1969,0,gap,2
719,4747978,4747.978,1979,0,gap,2
720,4751842,4751.842,1957,0,gap,2
721,4755685,4755.685,1947,0,gap,2
722,4767986,4767.986,1965,0,gap,2
723,4771852,4771.852,1957,0,gap,2
724,4775737,4775.737,1951,0,gap,2
725,4787978,4787.978,1955,0,gap,2
726,4791877,4791.877,1939,0,gap,2
727,4795760,4795.76,1936,0,gap,2
728,4807986,4807.986,1939,0,gap,2
729,4811879,4811.879,1936,0,gap,2
730,4815787,4815.787,1925,0,gap,2
731,4827970,4827.97,1921,0,gap,2
732,4831889,4831.889,1907,0,gap,2
733,4835791,4835.791,1915,0,gap,2
734,4847974,4847.974,1904,0,gap,2
735,4851891,4851.891,1904,0,gap,2
736,4855818,4855.818,1887,0,gap,2
737,4867970,4867.97,1907,0,gap,2
738,4871908,4871.908,1873,0,gap,2
739,4875830,4875.83,1873,0,gap,2
740,4887974,4887.974,1870,0,gap,2
741,4891910,4891.91,1883,0,gap,2
742,4895857,4895.857,1869,0,gap,2
743,4907966,4907.966,1871,0,gap,2
744,4911932,4911.932,1867,0,gap,2
745,4915869,4915.869,1855,0,gap,2
746,4927970,4927.97,1872,0,gap,2
747,4931922,4931.922,1856,0,gap,2
748,4935884,4935.884,1854,0,gap,2
749,4947970,4947.97,1850,0,gap,2
750,4954712,4954.712,1840,0,gap,2
751,4958442,4958.442,1836,0,gap,2
752,4967986,4967.986,1841,0,gap,2
753,4971727,4971.727,1817,0,gap,2
754,4975483,4975.483,1823,0,gap,2
755,4987980,4987.98,1827,0,gap,2
756,4991746,4991.746,1814,0,gap,2
757,4995496,4995.496,1808,0,gap,2
758,5007987,5007.987,1809,0,gap,2
759,5011752,5011.752,1821,0,gap,2
760,5015532,5015.532,1813,0,gap,2
761,5027979,5027.979,1804,0,gap,2
762,5031766,5031.766,1795,0,gap,2
763,5035536,5035.536,1780,0,gap,2
764,5047986,5047.986,1795,0,gap,2
765,5051771,5051.771,1776,0,gap,2
766,5055564,5055.564,1773,0,gap,2
767,5067978,5067.978,1796,0,gap,2
768,5071789,5071.789,1761,0,gap,2
769,5075576,5075.576,1771,0,gap,2
770,5087986,5087.986,1779,0,gap,2
771,5091793,5091.793,1766,0,gap,2
772,5095610,5095.61,1769,0,gap,2
773,5107978,5107.978,1754,0,gap,2
774,5111806,5111.806,1745,0,gap,2
775,5115618,5115.618,1747,0,gap,2
776,5127986,5127.986,1749,0,gap,2
777,5131809,5131.809,1749,0,gap,2
778,5135643,5135.643,1739,0,gap,2
779,5147978,5147.978,1744,0,gap,2
780,5151827,5151.827,1727,0,gap,2
781,5155677,5155.677,1733,0,gap,2
782,5167986,5167.986,1733,0,gap,2
783,5171834,5171.834,1727,0,gap,2
784,5175705,5175.705,1712,0,gap,2
785,5187978,5187.978,1712,0,gap,2
786,5191856,5191.856,1710,0,gap,2
787,5195739,5195.739,1702,0,gap,2
788,5207986,5207.986,1699,0,gap,2
789,5211869,5211.869,1711,0,gap,2
790,5215767,5215.767,1703,0,gap,2
791,5227978,5227.978,1714,0,gap,2
792,5231895,5231.895,1685,0,gap,2
793,5235787,5235.787,1689,0,gap,2
794,5247986,5247.986,1680,0,gap,2
795,5251889,5251.889,1685,0,gap,2
796,5255802,5255.802,1665,0,gap,2
797,5267974,5267.974,1677,0,gap,2
798,5271906,5271.906,1663,0,gap,2
799,5275818,5275.818,1657,0,gap,2
800,5287974,5287.974,1679,0,gap,2
801,5291900,5291.9,1664,0,gap,2
802,5295833,5295.833,1671,0,gap,2
803,5307970,5307.97,1671,0,gap,2
804,5311922,5311.922,1664,0,gap,2
805,5315849,5315.849,1650,0,gap,2
806,5327970,5327.97,1650,0,gap,2
807,5331916,5331.916,1648,0,gap,2
808,5335876,5335.876,1653,0,gap,2
809,5347966,5347.966,1655,0,gap,2
810,5351937,5351.937,1631,0,gap,2
811,5355888,5355.888,1636,0,gap,2
812,5367970,5367.97,1653,0,gap,2
813,5374685,5374.685,1637,0,gap,2
814,5378435,5378.435,1627,0,gap,2
815,5387978,5387.978,1642,0,gap,2
816,5391739,5391.739,1620,0,gap,2
817,5395475,5395.475,1616,0,gap,2
818,5407988,5407.988,1623,0,gap,2
819,5411747,5411.747,1623,0,gap,2
820,5415513,5415.513,1613,0,gap,2
821,5427979,5427.979,1630,0,gap,2
822,5431760,5431.76,1622,0,gap,2
823,5435520,5435.52,1600,0,gap,2
824,5447987,5447.987,1619,0,gap,2
825,5451758,5451.758,1610,0,gap,2
826,5455545,5455.545,1602,0,gap,2
827,5467978,5467.978,1603,0,gap,2
828,5471776,5471.776,1589,0,gap,2
829,5475557,5475.557,1597,0,gap,2
830,5487986,5487.986,1588,0,gap,2
831,5491782,5491.782,1598,0,gap,2
832,5495589,5495.589,1587,0,gap,2
833,5507978,5507.978,1603,0,gap,2
834,5511793,5511.793,1581,0,gap,2
835,5515599,5515.599,1573,0,gap,2
836,5527986,5527.986,1599,0,gap,2
837,5531807,5531.807,1576,0,gap,2
838,5535631,5535.631,1557,0,gap,2
839,5547978,5547.978,1580,0,gap,2
840,5551821,5551.821,1563,0,gap,2
841,5555643,5555.643,1562,0,gap,2
842,5567986,5567.986,1559,0,gap,2
843,5571828,5571.828,1561,0,gap,2
844,5575669,5575.669,1554,0,gap,2
845,5587982,5587.982,1535,0,gap,2
846,5591842,5591.842,1535,0,gap,2
847,5595693,5595.693,1555,0,gap,2
848,5607986,5607.986,1569,0,gap,2
849,5611852,5611.852,1557,0,gap,2
850,5615727,5615.727,1535,0,gap,2
851,5627978,5627.978,1558,0,gap,2
852,5631878,5631.878,1535,0,gap,2
853,5635764,5635.764,1531,0,gap,2
854,5647986,5647.986,1535,0,gap,2
855,5651887,5651.887,1521,0,gap,2
856,5655796,5655.796,1511,0,gap,2
857,5667970,5667.97,1526,0,gap,2
858,5671889,5671.889,1515,0,gap,2
859,5675791,5675.791,1521,0,gap,2
860,5687974,5687.974,1518,0,gap,2
861,5691899,5691.899,1511,0,gap,2
862,5695823,5695.823,1519,0,gap,2
863,5707970,5707.97,1519,0,gap,2
864,5711909,5711.909,1509,0,gap,2
865,5715831,5715.831,1520,0,gap,2
866,5727974,5727.974,1535,0,gap,2
867,5731918,5731.918,1525,0,gap,2
868,5735862,5735.862,1499,0,gap,2
869,5747966,5747.966,1510,0,gap,2
870,5751924,5751.924,1493,0,gap,2
871,5755869,5755.869,1498,0,gap,2
872,5767970,5767.97,1494,0,gap,2
873,5771930,5771.93,1491,0,gap,2
874,5775889,5775.889,1500,0,gap,2
875,5787966,5787.966,1495,0,gap,2
876,5794707,5794.707,1493,0,gap,2
877,5798442,5798.442,1488,0,gap,2
878,5807986,5807.986,1493,0,gap,2
879,5811731,5811.731,1479,0,gap,2
880,5815487,5815.487,1486,0,gap,2
881,5827980,5827.98,1503,0,gap,2
882,5831751,5831.751,1483,0,gap,2
883,5835504,5835.504,1461,0,gap,2
884,5847987,5847.987,1490,0,gap,2
885,5851748,5851.748,1478,0,gap,2
886,5855524,5855.524,1463,0,gap,2
887,5867979,5867.979,1473,0,gap,2
888,5871773,5871.773,1456,0,gap,2
889,5875540,5875.54,1456,0,gap,2
890,5887986,5887.986,1469,0,gap,2
891,5891768,5891.768,1475,0,gap,2
892,5895560,5895.56,1463,0,gap,2
893,5907982,5907.982,1479,0,gap,2
894,5911793,5911.793,1453,0,gap,2
895,5915585,5915.585,1456,0,gap,2
896,5927986,5927.986,1477,0,gap,2
897,5931788,5931.788,1463,0,gap,2
898,5935606,5935.606,1446,0,gap,2
899,5947978,5947.978,1469,0,gap,2
900,5951807,5951.807,1451,0,gap,2
901,5955618,5955.618,1431,0,gap,2
902,5967986,5967.986,1459,0,gap,2
903,5971812,5971.812,1435,0,gap,2
904,5975654,5975.654,1447,0,gap,2
905,5987978,5987.978,1448,0,gap,2
906,5991828,5991.828,1429,0,gap,2
907,5995657,5995.657,1438,0,gap,2
908,6007986,6007.986,1440,0,gap,2
909,6011834,6011.834,1438,0,gap,2
910,6015696,6015.696,1443,0,gap,2
911,6027978,6027.978,1453,0,gap,2
912,6031860,6031.86,1433,0,gap,2
913,6035729,6035.729,1431,0,gap,2
914,6047986,6047.986,1441,0,gap,2
915,6051873,6051.873,1435,0,gap,2
916,6055768,6055.768,1447,1,pulse,3
917,6067987,6067.987,4095,1,pulse,3
918,6071837,6071.837,4095,1,pulse,3
919,6075667,6075.667,4095,1,pulse,3
920,6087983,6087.983,4095,1,pulse,3
921,6091823,6091.823,4095,1,pulse,3
922,6095674,6095.674,4095,0,gap,3
923,6107987,6107.987,2855,0,gap,3
924,6111941,6111.941,2802,0,gap,3
925,6115859,6115.859,2778,0,gap,3
926,6127974,6127.974,2741,0,gap,3
927,6131910,6131.91,2709,0,gap,3
928,6135857,6135.857,2685,0,gap,3
929,6147970,6147.97,2671,0,gap,3
930,6151932,6151.932,2650,0,gap,3
931,6155869,6155.869,2630,0,gap,3
932,6167970,6167.97,2622,0,gap,3
933,6171925,6171.925,2619,0,gap,3
934,6175888,6175.888,2606,0,gap,3
935,6187966,6187.966,2603,0,gap,3
936,6191947,6191.947,2559,0,gap,3
937,6195907,6195.907,2559,0,gap,3
938,6207970,6207.97,2556,0,gap,3
939,6214691,6214.691,2559,0,gap,3
940,6218455,6218.455,2544,0,gap,3
941,6227978,6227.978,2539,0,gap,3
942,6231745,6231.745,2518,0,gap,3
943,6235495,6235.495,2512,0,gap,3
944,6247988,6247.988,2509,0,gap,3
945,6251753,6251.753,2491,0,gap,3
946,6255525,6255.525,2470,0,gap,3
947,6267979,6267.979,2480,0,gap,3
948,6271766,6271.766,2455,0,gap,3
949,6275536,6275.536,2461,0,gap,3
950,6287987,6287.987,2453,0,gap,3
951,6291776,6291.776,2448,0,gap,3
952,6295572,6295.572,2441,0,gap,3
953,6307978,6307.978,2445,0,gap,3
954,6311786,6311.786,2413,0,gap,3
955,6315573,6315.573,2423,0,gap,3
956,6327990,6327.99,2416,0,gap,3
957,6331796,6331.796,2411,0,gap,3
958,6335609,6335.609,2390,0,gap,3
959,6347978,6347.978,2398,0,gap,3
960,6351807,6351.807,2374,0,gap,3
961,6355627,6355.627,2363,0,gap,3
962,6367986,6367.986,2366,0,gap,3
963,6371816,6371.816,2361,0,gap,3
964,6375646,6375.646,2350,0,gap,3
965,6387978,6387.978,2351,0,gap,3
966,6391826,6391.826,2333,0,gap,3
967,6395666,6395.666,2323,0,gap,3
968,6407986,6407.986,2327,0,gap,3
969,6411838,6411.838,2327,0,gap,3
970,6415692,6415.692,2304,0,gap,3
971,6427978,6427.978,2317,0,gap,3
972,6431847,6431.847,2288,0,gap,3
973,6435708,6435.708,2288,0,gap,3
974,6447986,6447.986,2302,0,gap,3
975,6451866,6451.866,2279,0,gap,3
976,6455755,6455.755,2255,0,gap,3
977,6467982,6467.982,2287,0,gap,3
978,6471891,6471.891,2239,0,gap,3
979,6475788,6475.788,2229,0,gap,3
980,6487974,6487.974,2231,0,gap,3
981,6491885,6491.885,2241,0,gap,3
982,6495795,6495.795,2238,0,gap,3
983,6507970,6507.97,2224,0,gap,3
984,6511899,6511.899,2223,0,gap,3
985,6515815,6515.815,2208,0,gap,3
986,6527974,6527.974,2219,0,gap,3
987,6531905,6531.905,2214,0,gap,3
988,6535842,6535.842,2199,0,gap,3
989,6547970,6547.97,2194,0,gap,3
990,6551914,6551.914,2181,0,gap,3
991,6555850,6555.85,2167,0,gap,3
992,6567970,6567.97,2188,0,gap,3
993,6571920,6571.92,2160,0,gap,3
994,6575870,6575.87,2153,0,gap,3
995,6587966,6587.966,2155,0,gap,3
996,6591934,6591.934,2135,0,gap,3
997,6595889,6595.889,2151,0,gap,3
998,6607970,6607.97,2153,0,gap,3
999,6611944,6611.944,2133,0,gap,3
1000,6615916,6615.916,2137,0,gap,3
1001,6627970,6627.97,2131,0,gap,3
1002,6634715,6634.715,2112,0,gap,3
1003,6638454,6638.454,2110,0,gap,3
1004,6647991,6647.991,2118,0,gap,3
1005,6651750,6651.75,2096,0,gap,3
1006,6657986,6657.986,2096,0,gap,3
1007,6667978,6667.978,2096,0,gap,3
1008,6671760,6671.76,2069,0,gap,3
1009,6675521,6675.521,2082,0,gap,3
1010,6687988,6687.988,2067,0,gap,3
1011,6691759,6691.759,2077,0,gap,3
1012,6695546,6695.546,2061,0,gap,3
1013,6707979,6707.979,2060,0,gap,3
1014,6711777,6711.777,2039,0,gap,3
1015,6715563,6715.563,2032,0,gap,3
1016,6727987,6727.987,2035,0,gap,3
1017,6731779,6731.779,2036,0,gap,3
1018,6735583,6735.583,2014,0,gap,3
1019,6747978,6747.978,2032,0,gap,3
1020,6751801,6751.801,2011,0,gap,3
1021,6755599,6755.599,2005,0,gap,3
1022,6767986,6767.986,2012,0,gap,3
1023,6771803,6771.803,1995,0,gap,3
1024,6775632,6775.632,1987,0,gap,3
1025,6787982,6787.982,1990,0,gap,3
1026,6791826,6791.826,1986,0,gap,3
1027,6795645,6795.645,1970,0,gap,3
1028,6807986,6807.986,1994,0,gap,3
1029,6811820,6811.82,1983,0,gap,3
1030,6815669,6815.669,1968,0,gap,3
1031,6827978,6827.978,1974,0,gap,3
1032,6831843,6831.843,1964,0,gap,3
1033,6835683,6835.683,1949,0,gap,3
1034,6847986,6847.986,1962,0,gap,3
1035,6851841,6851.841,1955,0,gap,3
1036,6855715,6855.715,1941,0,gap,3
1037,6867978,6867.978,1934,0,gap,3
1038,6871871,6871.871,1919,0,gap,3
1039,6875755,6875.755,1930,0,gap,3
1040,6887986,6887.986,1921,0,gap,3
1041,6891885,6891.885,1904,0,gap,3
1042,6895790,6895.79,1910,0,gap,3
1043,6907978,6907.978,1917,0,gap,3
1044,6911898,6911.898,1903,0,gap,3
1045,6915802,6915.802,1905,0,gap,3
1046,6927986,6927.986,1899,0,gap,3
1047,6931908,6931.908,1902,0,gap,3
1048,6935837,6935.837,1881,0,gap,3
1049,6947978,6947.978,1879,0,gap,3
1050,6951922,6951.922,1865,0,gap,3
1051,6955841,6955.841,1858,0,gap,3
1052,6967990,6967.99,1883,0,gap,3
1053,6971928,6971.928,1872,0,gap,3
1054,6975873,6975.873,1845,0,gap,3
1055,6987978,6987.978,1851,0,gap,3
1056,6991941,6991.941,1845,0,gap,3
1057,6995884,6995.884,1849,0,gap,3
1058,7007986,7007.986,1839,0,gap,3
1059,7011943,7011.943,1856,0,gap,3
1060,7015911,7015.911,1849,0,gap,3
1061,7027978,7027.978,1852,0,gap,3
1062,7031957,7031.957,1817,0,gap,3
1063,7035923,7035.923,1810,0,gap,3
1064,7047986,7047.986,1839,0,gap,3
1065,7054719,7054.719,1814,0,gap,3
1066,7058480,7058.48,1821,0,gap,3
1067,7067978,7067.978,1813,0,gap,3
1068,7071751,7071.751,1802,0,gap,3
1069,7077978,7077.978,1814,0,gap,3
1070,7087986,7087.986,1795,0,gap,3
1071,7091753,7091.753,1799,0,gap,3
1072,7095530,7095.53,1798,0,gap,3
1073,7107984,7107.984,1791,0,gap,3
1074,7111776,7111.776,1801,0,gap,3
1075,7115544,7115.544,1785,0,gap,3
1076,7127987,7127.987,1777,0,gap,3
1077,7131770,7131.77,1777,0,gap,3
1078,7135564,7135.564,1775,0,gap,3
1079,7147979,7147.979,1776,0,gap,3
1080,7151792,7151.792,1751,0,gap,3
1081,7155584,7155.584,1735,0,gap,3
1082,7167986,7167.986,1767,0,gap,3
1083,7171793,7171.793,1751,0,gap,3
1084,7175616,7175.616,1739,0,gap,3
1085,7187978,7187.978,1757,0,gap,3
1086,7191804,7191.804,1734,0,gap,3
1087,7195622,7195.622,1739,0,gap,3
1088,7207986,7207.986,1749,0,gap,3
1089,7211818,7211.818,1735,0,gap,3
1090,7215653,7215.653,1733,0,gap,3
1091,7227978,7227.978,1731,0,gap,3
1092,7231824,7231.824,1725,0,gap,3
1093,7235657,7235.657,1712,0,gap,3
1094,7247986,7247.986,1718,0,gap,3
1095,7251843,7251.843,1714,0,gap,3
1096,7255700,7255.7,1706,0,gap,3
1097,7267978,7267.978,1705,0,gap,3
1098,7271845,7271.845,1694,0,gap,3
1099,7275707,7275.707,1703,0,gap,3
1100,7287990,7287.99,1691,0,gap,3
1101,7291871,7291.871,1701,0,gap,3
1102,7295762,7295.762,1687,0,gap,3
1103,7307978,7307.978,1696,0,gap,3
1104,7311889,7311.889,1675,0,gap,3
1105,7315787,7315.787,1670,0,gap,3
1106,7327986,7327.986,1685,0,gap,3
1107,7331895,7331.895,1685,0,gap,3
1108,7335810,7335.81,1677,0,gap,3
1109,7347978,7347.978,1666,0,gap,3
1110,7351905,7351.905,1664,0,gap,3
1111,7355826,7355.826,1648,0,gap,3
1112,7367986,7367.986,1661,0,gap,3
1113,7371914,7371.914,1665,0,gap,3
1114,7375846,7375.846,1645,0,gap,3
1115,7387978,7387.978,1649,0,gap,3
1116,7391928,7391.928,1633,0,gap,3
1117,7395861,7395.861,1651,0,gap,3
1118,7407986,7407.986,1645,0,gap,3
1119,7411938,7411.938,1649,0,gap,3
1120,7415892,7415.892,1649,0,gap,3
1121,7427982,7427.982,1646,0,gap,3
1122,7431952,7431.952,1635,0,gap,3
1123,7435904,7435.904,1619,0,gap,3
1124,7447986,7447.986,1648,0,gap,3
1125,7451953,7451.953,1631,0,gap,3
1126,7455927,7455.927,1610,0,gap,3
1127,7467978,7467.978,1631,0,gap,3
1128,7474581,7474.581,1616,0,gap,3
1129,7478341,7478.341,1617,0,gap,3
1130,7487986,7487.986,1611,0,gap,3
1131,7491743,7491.743,1613,0,gap,3
1132,7497990,7497.99,1609,0,gap,3
1133,7507978,7507.978,1594,0,gap,3
1134,7511753,7511.753,1607,0,gap,3
1135,7515519,7515.519,1611,0,gap,3
1136,7527988,7527.988,1602,0,gap,3
1137,7531768,7531.768,1609,0,gap,3
1138,7535549,7535.549,1586,0,gap,3
1139,7547979,7547.979,1607,0,gap,3
1140,7551778,7551.778,1585,0,gap,3
1141,7555561,7555.561,1581,0,gap,3
1142,7567987,7567.987,1586,0,gap,3
1143,7571792,7571.792,1579,0,gap,3
1144,7575597,7575.597,1575,0,gap,3
1145,7587978,7587.978,1590,0,gap,3
1146,7591798,7591.798,1565,0,gap,3
1147,7595605,7595.605,1565,0,gap,3
1148,7607990,7607.99,1588,0,gap,3
1149,7611813,7611.813,1584,0,gap,3
1150,7615634,7615.634,1562,0,gap,3
1151,7627978,7627.978,1565,0,gap,3
1152,7631819,7631.819,1559,0,gap,3
1153,7635651,7635.651,1535,0,gap,3
1154,7647986,7647.986,1568,0,gap,3
1155,7651825,7651.825,1560,0,gap,3
1156,7655666,7655.666,1535,0,gap,3
1157,7667978,7667.978,1535,0,gap,3
1158,7671840,7671.84,1535,0,gap,3
1159,7675693,7675.693,1535,0,gap,3
1160,7687986,7687.986,1533,0,gap,3
1161,7691846,7691.846,1553,0,gap,3
1162,7695716,7695.716,1535,0,gap,3
1163,7707978,7707.978,1532,0,gap,3
1164,7711874,7711.874,1524,0,gap,3
1165,7715759,7715.759,1535,0,gap,3
1166,7727986,7727.986,1555,0,gap,3
1167,7731890,7731.89,1535,0,gap,3
1168,7735796,7735.796,1509,0,gap,3
1169,7747982,7747.982,1535,0,gap,3
1170,7751903,7751.903,1525,0,gap,3
1171,7755812,7755.812,1520,0,gap,3
1172,7767986,7767.986,1523,0,gap,3
1173,7771905,7771.905,1520,0,gap,3
1174,7775827,7775.827,1511,0,gap,3
1175,7787978,7787.978,1526,0,gap,3
1176,7791919,7791.919,1520,0,gap,3
1177,7795847,7795.847,1504,0,gap,3
1178,7807986,7807.986,1523,0,gap,3
1179,7811924,7811.924,1522,0,gap,3
1180,7815870,7815.87,1507,0,gap,3
1181,7827978,7827.978,1522,0,gap,3
1182,7831934,7831.934,1506,0,gap,3
1183,7835882,7835.882,1503,0,gap,3
1184,7847986,7847.986,1520,0,gap,3
1185,7851948,7851.948,1499,0,gap,3
1186,7855909,7855.909,1502,0,gap,3
1187,7867978,7867.978,1516,0,gap,3
1188,7871954,7871.954,1488,0,gap,3
1189,7875917,7875.917,1493,0,gap,3
1190,7882659,7882.659,1497,0,gap,3
1191,7887978,7887.978,1488,0,gap,3
1192,7897987,7897.987,1491,0,gap,3
1193,7901740,7901.74,1478,0,gap,3
1194,7907986,7907.986,1494,0,gap,3
1195,7917979,7917.979,1490,0,gap,3
1196,7921754,7921.754,1482,0,gap,3
1197,7925513,7925.513,1466,0,gap,3
1198,7937988,7937.988,1487,0,gap,3
1199,7941766,7941.766,1482,0,gap,3
1200,7945547,7945.547,1471,0,gap,3
1201,7957984,7957.984,1482,0,gap,3
1202,7961776,7961.776,1473,0,gap,3
1203,7965556,7965.556,1475,0,gap,3
1204,7977987,7977.987,1475,0,gap,3
1205,7981782,7981.782,1472,0,gap,3
1206,7985584,7985.584,1457,0,gap,3
1207,7997978,7997.978,1473,0,gap,3
1208,8001795,8001.795,1465,0,gap,3
1209,8005594,8005.594,1453,0,gap,3
1210,8017986,8017.986,1505,1,pulse,4
1211,8021898,8021.898,4095,1,pulse,4
1212,8025658,8025.658,4095,1,pulse,4
1213,8037975,8037.975,4095,1,pulse,4
1214,8041750,8041.75,4095,1,pulse,4
1215,8045512,8045.512,4095,1,pulse,4
1216,8057983,8057.983,4095,0,gap,4
1217,8061986,8061.986,3006,0,gap,4
1218,8065846,8065.846,2870,0,gap,4
1219,8077978,8077.978,2784,0,gap,4
1220,8081842,8081.842,2748,0,gap,4
1221,8085694,8085.694,2721,0,gap,4
1222,8097986,8097.986,2699,0,gap,4
1223,8101856,8101.856,2688,0,gap,4
1224,8105730,8105.73,2675,0,gap,4
1225,8117978,8117.978,2663,0,gap,4
1226,8121875,8121.875,2630,0,gap,4
1227,8125768,8125.768,2623,0,gap,4
1228,8137986,8137.986,2630,0,gap,4
1229,8141896,8141.896,2608,0,gap,4
1230,8145806,8145.806,2593,0,gap,4
1231,8157978,8157.978,2578,0,gap,4
1232,8161910,8161.91,2559,0,gap,4
1233,8165825,8165.825,2547,0,gap,4
1234,8177986,8177.986,2550,0,gap,4
1235,8181916,8181.916,2549,0,gap,4
1236,8185845,8185.845,2530,0,gap,4
1237,8197978,8197.978,2518,0,gap,4
1238,8201930,8201.93,2507,0,gap,4
1239,8205864,8205.864,2502,0,gap,4
1240,8217986,8217.986,2511,0,gap,4
1241,8221935,8221.935,2495,0,gap,4
1242,8225888,8225.888,2487,0,gap,4
1243,8237978,8237.978,2480,0,gap,4
1244,8241941,8241.941,2474,0,gap,4
1245,8245891,8245.891,2461,0,gap,4
1246,8257986,8257.986,2450,0,gap,4
1247,8261955,8261.955,2451,0,gap,4
1248,8265931,8265.931,2432,0,gap,4
1249,8277978,8277.978,2449,0,gap,4
1250,8281961,8281.961,2419,0,gap,4
1251,8285930,8285.93,2419,0,gap,4
1252,8297986,8297.986,2416,0,gap,4
1253,8304778,8304.778,2405,0,gap,4
1254,8308532,8308.532,2387,0,gap,4
1255,8317978,8317.978,2391,0,gap,4
1256,8321756,8321.756,2391,0,gap,4
1257,8327978,8327.978,2377,0,gap,4
1258,8337986,8337.986,2365,0,gap,4
1259,8341762,8341.762,2368,0,gap,4
1260,8345544,8345.544,2343,0,gap,4
1261,8357980,8357.98,2363,0,gap,4
1262,8361777,8361.777,2346,0,gap,4
1263,8365559,8365.559,2344,0,gap,4
1264,8377991,8377.991,2348,0,gap,4
1265,8381787,8381.787,2331,0,gap,4
1266,8385591,8385.591,2318,0,gap,4
1267,8397979,8397.979,2304,0,gap,4
1268,8401797,8401.797,2295,0,gap,4
1269,8405599,8405.599,2288,0,gap,4
1270,8417986,8417.986,2279,0,gap,4
1271,8421802,8421.802,2284,0,gap,4
1272,8425626,8425.626,2260,0,gap,4
1273,8437978,8437.978,2273,0,gap,4
1274,8441814,8441.814,2256,0,gap,4
1275,8445644,8445.644,2247,0,gap,4
1276,8457986,8457.986,2239,0,gap,4
1277,8461827,8461.827,2256,0,gap,4
1278,8465668,8465.668,2224,0,gap,4
1279,8477978,8477.978,2226,0,gap,4
1280,8481842,8481.842,2223,0,gap,4
1281,8485689,8485.689,2215,0,gap,4
1282,8497986,8497.986,2219,0,gap,4
1283,8501842,8501.842,2224,0,gap,4
1284,8505707,8505.707,2191,0,gap,4
1285,8517978,8517.978,2209,0,gap,4
1286,8521863,8521.863,2192,0,gap,4
1287,8525726,8525.726,2191,0,gap,4
1288,8537986,8537.986,2187,0,gap,4
1289,8541869,8541.869,2182,0,gap,4
1290,8545784,8545.784,2174,0,gap,4
1291,8557978,8557.978,2160,0,gap,4
1292,8561898,8561.898,2160,0,gap,4
1293,8565797,8565.797,2145,0,gap,4
1294,8577986,8577.986,2162,0,gap,4
1295,8581904,8581.904,2146,0,gap,4
1296,8585837,8585.837,2137,0,gap,4
1297,8597978,8597.978,2143,0,gap,4
1298,8601922,8601.922,2117,0,gap,4
1299,8605840,8605.84,2101,0,gap,4
1300,8617986,8617.986,2102,0,gap,4
1301,8621923,8621.923,2096,0,gap,4
1302,8625872,8625.872,2096,0,gap,4
1303,8637978,8637.978,2102,0,gap,4
1304,8641941,8641.941,2079,0,gap,4
1305,8645883,8645.883,2094,0,gap,4
1306,8657986,8657.986,2093,0,gap,4
1307,8661943,8661.943,2096,0,gap,4
1308,8665911,8665.911,2085,0,gap,4
1309,8677978,8677.978,2085,0,gap,4
1310,8681957,8681.957,2066,0,gap,4
1311,8685919,8685.919,2038,0,gap,4
1312,8697990,8697.99,2076,0,gap,4
1313,8701967,8701.967,2064,0,gap,4
1314,8705955,8705.955,2032,0,gap,4
1315,8712689,8712.689,2038,0,gap,4
1316,8717986,8717.986,2019,0,gap,4
1317,8727979,8727.979,2038,0,gap,4
1318,8731759,8731.759,2021,0,gap,4
1319,8737978,8737.978,2007,0,gap,4
1320,8747987,8747.987,2007,0,gap,4
1321,8751764,8751.764,2000,0,gap,4
1322,8755541,8755.541,2000,0,gap,4
1323,8767980,8767.98,2011,0,gap,4
1324,8771772,8771.772,1987,0,gap,4
1325,8775551,8775.551,1995,0,gap,4
1326,8787988,8787.988,1979,0,gap,4
1327,8791786,8791.786,1971,0,gap,4
1328,8795592,8795.592,1977,0,gap,4
1329,8807979,8807.979,1982,0,gap,4
1330,8811796,8811.796,1973,0,gap,4
1331,8815596,8815.596,1956,0,gap,4
1332,8827986,8827.986,1957,0,gap,4
1333,8831801,8831.801,1951,0,gap,4
1334,8835627,8835.627,1936,0,gap,4
1335,8847978,8847.978,1966,0,gap,4
1336,8851816,8851.816,1926,0,gap,4
1337,8855642,8855.642,1921,0,gap,4
1338,8867986,8867.986,1946,0,gap,4
1339,8871826,8871.826,1921,0,gap,4
1340,8875665,8875.665,1909,0,gap,4
1341,8887978,8887.978,1915,0,gap,4
1342,8891832,8891.832,1913,0,gap,4
1343,8895677,8895.677,1909,0,gap,4
1344,8907990,8907.99,1906,0,gap,4
1345,8911851,8911.851,1918,0,gap,4
1346,8915716,8915.716,1890,0,gap,4
1347,8927978,8927.978,1909,0,gap,4
1348,8931853,8931.853,1889,0,gap,4
1349,8935715,8935.715,1904,0,gap,4
1350,8947986,8947.986,1903,0,gap,4
1351,8951876,8951.876,1883,0,gap,4
1352,8955774,8955.774,1872,0,gap,4
1353,8967978,8967.978,1867,0,gap,4
1354,8971893,8971.893,1855,0,gap,4
1355,8975803,8975.803,1860,0,gap,4
1356,8987986,8987.986,1862,0,gap,4
1357,8991906,8991.906,1853,0,gap,4
1358,8995826,8995.826,1853,0,gap,4
1359,9007978,9007.978,1859,0,gap,4
1360,9011920,9011.92,1844,0,gap,4
1361,9015842,9015.842,1844,0,gap,4
1362,9027986,9027.986,1855,0,gap,4
1363,9031926,9031.926,1850,0,gap,4
1364,9035869,9035.869,1821,0,gap,4
1365,9047978,9047.978,1841,0,gap,4
1366,9051936,9051.936,1821,0,gap,4
1367,9055881,9055.881,1826,0,gap,4
1368,9067986,9067.986,1833,0,gap,4
1369,9071941,9071.941,1815,0,gap,4
1370,9075904,9075.904,1808,0,gap,4
1371,9087978,9087.978,1810,0,gap,4
1372,9091955,9091.955,1805,0,gap,4
1373,9095916,9095.916,1808,0,gap,4
1374,9107986,9107.986,1808,0,gap,4
1375,9111965,9111.965,1806,0,gap,4
1376,9115951,9115.951,1796,0,gap,4
1377,9127978,9127.978,1790,0,gap,4
1378,9134773,9134.773,1777,0,gap,4
1379,9138520,9138.52,1781,0,gap,4
1380,9147986,9147.986,1786,0,gap,4
1381,9151748,9151.748,1776,0,gap,4
1382,9157986,9157.986,1767,0,gap,4
1383,9167978,9167.978,1770,0,gap,4
1384,9171770,9171.77,1756,0,gap,4
1385,9175536,9175.536,1750,0,gap,4
1386,9187988,9187.988,1761,0,gap,4
1387,9191774,9191.774,1746,0,gap,4
1388,9195571,9195.571,1743,0,gap,4
1389,9207979,9207.979,1761,0,gap,4
1390,9211788,9211.788,1743,0,gap,4
1391,9215580,9215.58,1755,0,gap,4
1392,9227991,9227.991,1762,0,gap,4
1393,9231797,9231.797,1749,0,gap,4
1394,9235611,9235.611,1739,0,gap,4
1395,9247978,9247.978,1748,0,gap,4
1396,9251806,9251.806,1713,0,gap,4
1397,9255618,9255.618,1706,0,gap,4
1398,9267986,9267.986,1734,0,gap,4
1399,9271814,9271.814,1718,0,gap,4
1400,9275653,9275.653,1711,0,gap,4
1401,9287978,9287.978,1719,0,gap,4
1402,9291831,9291.831,1695,0,gap,4
1403,9295668,9295.668,1725,0,gap,4
1404,9307986,9307.986,1701,0,gap,4
1405,9311830,9311.83,1711,0,gap,4
1406,9315684,9315.684,1700,0,gap,4
1407,9327978,9327.978,1689,0,gap,4
1408,9331853,9331.853,1694,0,gap,4
1409,9335711,9335.711,1700,0,gap,4
1410,9347986,9347.986,1704,0,gap,4
1411,9351855,9351.855,1683,0,gap,4
1412,9355731,9355.731,1687,0,gap,4
1413,9367978,9367.978,1689,0,gap,4
1414,9371877,9371.877,1657,0,gap,4
1415,9375775,9375.775,1655,0,gap,4
1416,9387986,9387.986,1677,0,gap,4
1417,9391894,9391.894,1675,0,gap,4
1418,9395809,9395.809,1675,0,gap,4
1419,9407978,9407.978,1653,0,gap,4
1420,9411904,9411.904,1661,0,gap,4
1421,9415817,9415.817,1667,0,gap,4
1422,9427986,9427.986,1651,0,gap,4
1423,9431918,9431.918,1667,0,gap,4
1424,9435857,9435.857,1641,0,gap,4
1425,9447978,9447.978,1665,0,gap,4
1426,9451924,9451.924,1638,0,gap,4
1427,9455860,9455.86,1635,0,gap,4
1428,9467986,9467.986,1637,0,gap,4
1429,9471933,9471.933,1638,0,gap,4
1430,9475891,9475.891,1647,0,gap,4
1431,9487978,9487.978,1631,0,gap,4
1432,9491947,9491.947,1630,0,gap,4
1433,9495899,9495.899,1637,0,gap,4
1434,9507986,9507.986,1630,0,gap,4
1435,9511957,9511.957,1635,0,gap,4
1436,9515931,9515.931,1625,0,gap,4
1437,9527978,9527.978,1633,0,gap,4
1438,9531967,9531.967,1633,0,gap,4
1439,9535938,9535.938,1612,0,gap,4
1440,9542697,9542.697,1619,0,gap,4
1441,9547978,9547.978,1618,0,gap,4
1442,9557987,9557.987,1618,0,gap,4
1443,9561747,9561.747,1607,0,gap,4
1444,9567986,9567.986,1606,0,gap,4
1445,9577979,9577.979,1607,0,gap,4
1446,9581772,9581.772,1610,0,gap,4
1447,9585542,9585.542,1584,0,gap,4
1448,9597988,9597.988,1610,0,gap,4
1449,9601768,9601.768,1597,0,gap,4
1450,9605560,9605.56,1583,0,gap,4
1451,9617980,9617.98,1601,0,gap,4
1452,9621786,9621.786,1595,0,gap,4
1453,9625572,9625.572,1591,0,gap,4
1454,9637987,9637.987,1583,0,gap,4
1455,9641792,9641.792,1591,0,gap,4
1456,9645612,9645.612,1563,0,gap,4
1457,9657978,9657.978,1570,0,gap,4
1458,9661805,9661.805,1567,0,gap,4
1459,9665615,9665.615,1562,0,gap,4
1460,9677986,9677.986,1589,0,gap,4
1461,9681808,9681.808,1558,0,gap,4
1462,9685650,9685.65,1561,0,gap,4
1463,9697978,9697.978,1570,0,gap,4
1464,9701830,9701.83,1554,0,gap,4
1465,9705661,9705.661,1535,0,gap,4
1466,9717986,9717.986,1570,0,gap,4
1467,9721832,9721.832,1555,0,gap,4
1468,9725685,9725.685,1556,0,gap,4
1469,9737978,9737.978,1565,0,gap,4
1470,9741847,9741.847,1535,0,gap,4
1471,9745700,9745.7,1552,0,gap,4
1472,9757990,9757.99,1535,0,gap,4
1473,9761857,9761.857,1557,0,gap,4
1474,9765731,9765.731,1535,0,gap,4
1475,9777978,9777.978,1557,0,gap,4
1476,9781876,9781.876,1529,0,gap,4
1477,9785759,9785.759,1531,0,gap,4
1478,9797986,9797.986,1562,0,gap,4
1479,9801893,9801.893,1535,0,gap,4
1480,9805811,9805.811,1533,0,gap,4
1481,9817978,9817.978,1531,0,gap,4
1482,9821907,9821.907,1520,0,gap,4
1483,9825818,9825.818,1521,0,gap,4
1484,9837986,9837.986,1524,0,gap,4
1485,9841908,9841.908,1531,0,gap,4
1486,9845842,9845.842,1519,0,gap,4
1487,9857978,9857.978,1531,0,gap,4
1488,9861934,9861.934,1515,0,gap,4
1489,9865865,9865.865,1513,0,gap,4
1490,9877986,9877.986,1529,0,gap,4
1491,9881928,9881.928,1520,0,gap,4
1492,9885881,9885.881,1517,0,gap,4
1493,9897978,9897.978,1520,0,gap,4
1494,9901949,9901.949,1505,0,gap,4
1495,9905900,9905.9,1521,0,gap,4
1496,9917986,9917.986,1522,0,gap,4
1497,9921947,9921.947,1505,0,gap,4
1498,9925920,9925.92,1495,0,gap,4
1499,9937978,9937.978,1510,0,gap,4
1500,9941969,9941.969,1495,0,gap,4
1501,9945939,9945.939,1488,0,gap,4
1502,9957986,9957.986,1511,0,gap,4
1503,9964780,9964.78,1514,0,gap,4
1504,9968540,9968.54,1490,0,gap,4
1505,9977978,9977.978,1503,0,gap,4
1506,9981760,9981.76,1495,0,gap,4
1507,9987978,9987.978,1484,0,gap,4
1508,9997986,9997.986,1498,0,gap,4
1509,10001758,10001.758,1491,0,gap,4
1510,10005550,10005.55,1465,0,gap,4
1511,10017980,10017.98,1488,0,gap,4
1512,10021783,10021.783,1488,0,gap,4
1513,10025565,10025.565,1478,0,gap,4
1514,10037988,10037.988,1492,0,gap,4
1515,10041785,10041.785,1486,0,gap,4
1516,10045593,10045.593,1482,0,gap,4
1517,10057980,10057.98,1481,0,gap,4
1518,10061799,10061.799,1487,0,gap,4
1519,10065601,10065.601,1650,1,pulse,5
1520,10077996,10077.996,4095,1,pulse,5
1521,10081751,10081.751,4095,1,pulse,5
1522,10085509,10085.509,4095,1,pulse,5
1523,10097976,10097.976,4095,1,pulse,5
1524,10101750,10101.75,4095,1,pulse,5
1525,10105515,10105.515,4095,0,gap,5
1526,10117996,10117.996,2798,0,gap,5
1527,10121856,10121.856,2768,0,gap,5
1528,10125711,10125.711,2761,0,gap,5
1529,10137979,10137.979,2704,0,gap,5
1530,10141849,10141.849,2701,0,gap,5
1531,10145703,10145.703,2675,0,gap,5
1532,10157987,10157.987,2671,0,gap,5
1533,10161857,10161.857,2653,0,gap,5
1534,10165733,10165.733,2657,0,gap,5
1535,10177983,10177.983,2636,0,gap,5
1536,10181878,10181.878,2625,0,gap,5
1537,10185752,10185.752,2607,0,gap,5
1538,10197986,10197.986,2619,0,gap,5
1539,10201880,10201.88,2587,0,gap,5
1540,10205806,10205.806,2559,0,gap,5
1541,10217978,10217.978,2559,0,gap,5
1542,10221913,10221.913,2547,0,gap,5
1543,10225827,10225.827,2545,0,gap,5
1544,10237986,10237.986,2541,0,gap,5
1545,10241911,10241.911,2525,0,gap,5
1546,10245854,10245.854,2507,0,gap,5
1547,10257978,10257.978,2512,0,gap,5
1548,10261929,10261.929,2493,0,gap,5
1549,10265858,10265.858,2485,0,gap,5
1550,10277986,10277.986,2480,0,gap,5
1551,10281938,10281.938,2470,0,gap,5
1552,10285898,10285.898,2470,0,gap,5
1553,10297978,10297.978,2478,0,gap,5
1554,10301952,10301.952,2448,0,gap,5
1555,10305901,10305.901,2448,0,gap,5
1556,10317990,10317.99,2455,0,gap,5
1557,10321958,10321.958,2438,0,gap,5
1558,10325936,10325.936,2426,0,gap,5
1559,10337978,10337.978,2418,0,gap,5
1560,10341972,10341.972,2414,0,gap,5
1561,10345944,10345.944,2421,0,gap,5
1562,10357986,10357.986,2395,0,gap,5
1563,10361969,10361.969,2397,0,gap,5
1564,10365964,10365.964,2378,0,gap,5
1565,10372712,10372.712,2368,0,gap,5
1566,10377986,10377.986,2375,0,gap,5
1567,10387983,10387.983,2370,0,gap,5
1568,10391770,10391.77,2355,0,gap,5
1569,10397979,10397.979,2349,0,gap,5
1570,10407987,10407.987,2363,0,gap,5
1571,10411772,10411.772,2343,0,gap,5
1572,10417991,10417.991,2339,0,gap,5
1573,10427979,10427.979,2326,0,gap,5
1574,10431785,10431.785,2317,0,gap,5
1575,10437978,10437.978,2304,0,gap,5
1576,10447987,10447.987,2303,0,gap,5
1577,10451795,10451.795,2288,0,gap,5
1578,10457970,10457.97,2298,0,gap,5
1579,10467978,10467.978,2293,0,gap,5
1580,10471802,10471.802,2285,0,gap,5
1581,10475612,10475.612,2272,0,gap,5
1582,10487988,10487.988,2260,0,gap,5
1583,10491821,10491.821,2254,0,gap,5
1584,10495653,10495.653,2241,0,gap,5
1585,10507980,10507.98,2266,0,gap,5
1586,10511824,10511.824,2251,0,gap,5
1587,10515656,10515.656,2241,0,gap,5
1588,10527991,10527.991,2245,0,gap,5
1589,10531842,10531.842,2237,0,gap,5
1590,10535691,10535.691,2220,0,gap,5
1591,10547979,10547.979,2215,0,gap,5
1592,10551847,10551.847,2210,0,gap,5
1593,10555703,10555.703,2192,0,gap,5
1594,10567987,10567.987,2204,0,gap,5
1595,10571854,10571.854,2199,0,gap,5
1596,10575729,10575.729,2191,0,gap,5
1597,10587978,10587.978,2197,0,gap,5
1598,10591864,10591.864,2174,0,gap,5
1599,10595745,10595.745,2164,0,gap,5
1600,10607986,10607.986,2182,0,gap,5
1601,10611886,10611.886,2171,0,gap,5
1602,10615796,10615.796,2151,0,gap,5
1603,10627978,10627.978,2153,0,gap,5
1604,10631908,10631.908,2135,0,gap,5
1605,10635824,10635.824,2141,0,gap,5
1606,10647986,10647.986,2128,0,gap,5
1607,10651917,10651.917,2129,0,gap,5
1608,10655851,10655.851,2118,0,gap,5
1609,10667978,10667.978,2125,0,gap,5
1610,10671927,10671.927,2111,0,gap,5
1611,10675863,10675.863,2107,0,gap,5
1612,10687986,10687.986,2096,0,gap,5
1613,10691933,10691.933,2098,0,gap,5
1614,10695882,10695.882,2099,0,gap,5
1615,10707982,10707.982,2095,0,gap,5
1616,10711950,10711.95,2075,0,gap,5
1617,10715906,10715.906,2083,0,gap,5
1618,10727986,10727.986,2096,0,gap,5
1619,10731952,10731.952,2079,0,gap,5
1620,10735929,10735.929,2046,0,gap,5
1621,10747978,10747.978,2064,0,gap,5
1622,10751962,10751.962,2047,0,gap,5
1623,10755937,10755.937,2054,0,gap,5
1624,10767986,10767.986,2063,0,gap,5
1625,10771976,10771.976,2026,0,gap,5
1626,10775969,10775.969,2032,0,gap,5
1627,10787978,10787.978,2023,0,gap,5
1628,10794790,10794.79,2031,0,gap,5
1629,10798546,10798.546,2014,0,gap,5
1630,10807987,10807.987,2014,0,gap,5
1631,10811771,10811.771,2017,0,gap,5
1632,10817987,10817.987,2011,0,gap,5
1633,10827979,10827.979,1990,0,gap,5
1634,10831778,10831.778,2006,0,gap,5
1635,10837978,10837.978,2001,0,gap,5
1636,10847991,10847.991,2003,0,gap,5
1637,10851790,10851.79,1993,0,gap,5
1638,10857974,10857.974,1973,0,gap,5
1639,10867978,10867.978,1983,0,gap,5
1640,10871797,10871.797,1979,0,gap,5
1641,10875600,10875.6,1951,0,gap,5
1642,10887988,10887.988,1968,0,gap,5
1643,10891806,10891.806,1950,0,gap,5
1644,10895631,10895.631,1951,0,gap,5
1645,10907980,10907.98,1939,0,gap,5
1646,10911815,10911.815,1961,0,gap,5
1647,10915643,10915.643,1942,0,gap,5
1648,10927987,10927.987,1955,0,gap,5
1649,10931826,10931.826,1925,0,gap,5
1650,10935667,10935.667,1927,0,gap,5
1651,10947979,10947.979,1935,0,gap,5
1652,10951844,10951.844,1933,0,gap,5
1653,10955687,10955.687,1904,0,gap,5
1654,10967987,10967.987,1939,0,gap,5
1655,10971849,10971.849,1914,0,gap,5
1656,10975714,10975.714,1894,0,gap,5
1657,10987978,10987.978,1915,0,gap,5
1658,10991861,10991.861,1889,0,gap,5
1659,10995726,10995.726,1892,0,gap,5
1660,11007986,11007.986,1904,0,gap,5
1661,11011866,11011.866,1891,0,gap,5
1662,11015748,11015.748,1891,0,gap,5
1663,11027983,11027.983,1897,0,gap,5
1664,11031892,11031.892,1872,0,gap,5
1665,11035803,11035.803,1872,0,gap,5
1666,11047986,11047.986,1869,0,gap,5
1667,11051906,11051.906,1860,0,gap,5
1668,11055832,11055.832,1847,0,gap,5
1669,11067978,11067.978,1876,0,gap,5
1670,11071916,11071.916,1840,0,gap,5
1671,11075844,11075.844,1841,0,gap,5
1672,11087986,11087.986,1847,0,gap,5
1673,11091929,11091.929,1831,0,gap,5
1674,11095879,11095.879,1840,0,gap,5
1675,11107978,11107.978,1840,0,gap,5
1676,11111935,11111.935,1827,0,gap,5
1677,11115883,11115.883,1824,0,gap,5
1678,11127986,11127.986,1840,0,gap,5
1679,11131953,11131.953,1821,0,gap,5
1680,11135918,11135.918,1815,0,gap,5
1681,11147978,11147.978,1834,0,gap,5
1682,11151954,11151.954,1810,0,gap,5
1683,11155918,11155.918,1785,0,gap,5
1684,11167990,11167.99,1815,0,gap,5
1685,11171972,11171.972,1799,0,gap,5
1686,11175957,11175.957,1807,0,gap,5
1687,11187978,11187.978,1798,0,gap,5
1688,11191978,11191.978,1781,0,gap,5
1689,11195961,11195.961,1779,0,gap,5
1690,11202720,11202.72,1793,0,gap,5
1691,11207978,11207.978,1777,0,gap,5
1692,11217987,11217.987,1788,0,gap,5
1693,11221758,11221.758,1761,0,gap,5
1694,11227987,11227.987,1778,0,gap,5
1695,11237983,11237.983,1779,0,gap,5
1696,11241784,11241.784,1763,0,gap,5
1697,11247979,11247.979,1758,0,gap,5
1698,11257987,11257.987,1759,0,gap,5
1699,11261782,11261.782,1744,0,gap,5
1700,11267990,11267.99,1751,0,gap,5
1701,11277979,11277.979,1763,0,gap,5
1702,11281796,11281.796,1754,0,gap,5
1703,11287966,11287.966,1744,0,gap,5
1704,11297986,11297.986,1753,0,gap,5
1705,11301798,11301.798,1744,0,gap,5
1706,11305629,11305.629,1717,0,gap,5
1707,11317980,11317.98,1743,0,gap,5
1708,11321821,11321.821,1723,0,gap,5
1709,11325638,11325.638,1723,0,gap,5
1710,11337988,11337.988,1724,0,gap,5
1711,11341829,11341.829,1712,0,gap,5
1712,11345677,11345.677,1707,0,gap,5
1713,11357979,11357.979,1727,0,gap,5
1714,11361854,11361.854,1708,0,gap,5
1715,11365695,11365.695,1712,0,gap,5
1716,11377991,11377.991,1698,0,gap,5
1717,11381848,11381.848,1703,0,gap,5
1718,11385715,11385.715,1694,0,gap,5
1719,11397979,11397.979,1694,0,gap,5
1720,11401862,11401.862,1683,0,gap,5
1721,11405725,11405.725,1691,0,gap,5
1722,11417986,11417.986,1703,0,gap,5
1723,11421864,11421.864,1683,0,gap,5
1724,11425749,11425.749,1680,0,gap,5
1725,11437978,11437.978,1696,0,gap,5
1726,11441887,11441.887,1672,0,gap,5
1727,11445788,11445.788,1671,0,gap,5
1728,11457986,11457.986,1680,0,gap,5
1729,11461900,11461.9,1679,0,gap,5
1730,11465828,11465.828,1679,0,gap,5
1731,11477978,11477.978,1675,0,gap,5
1732,11481921,11481.921,1666,0,gap,5
1733,11485840,11485.84,1648,0,gap,5
1734,11497986,11497.986,1680,0,gap,5
1735,11501923,11501.923,1665,0,gap,5
1736,11505871,11505.871,1645,0,gap,5
1737,11517978,11517.978,1664,0,gap,5
1738,11521941,11521.941,1639,0,gap,5
1739,11525883,11525.883,1653,0,gap,5
1740,11537986,11537.986,1633,0,gap,5
1741,11541939,11541.939,1648,0,gap,5
1742,11545902,11545.902,1630,0,gap,5
1743,11557982,11557.982,1631,0,gap,5
1744,11561965,11561.965,1629,0,gap,5
1745,11565922,11565.922,1639,0,gap,5
1746,11577986,11577.986,1635,0,gap,5
1747,11581958,11581.958,1627,0,gap,5
1748,11585949,11585.949,1625,0,gap,5
1749,11597978,11597.978,1632,0,gap,5
1750,11601976,11601.976,1607,0,gap,5
1751,11605957,11605.957,1611,0,gap,5
1752,11617986,11617.986,1629,0,gap,5
1753,11624787,11624.787,1606,0,gap,5
1754,11628558,11628.558,1605,0,gap,5
1755,11637979,11637.979,1616,0,gap,5
1756,11641767,11641.767,1611,0,gap,5
1757,11647979,11647.979,1620,0,gap,5
1758,11657987,11657.987,1600,0,gap,5
1759,11661777,11661.777,1618,0,gap,5
1760,11667986,11667.986,1610,0,gap,5
1761,11677979,11677.979,1599,0,gap,5
1762,11681791,11681.791,1609,0,gap,5
1763,11687970,11687.97,1581,0,gap,5
1764,11697990,11697.99,1616,0,gap,5
1765,11701797,11701.797,1600,0,gap,5
1766,11705612,11705.612,1569,0,gap,5
1767,11717980,11717.98,1601,0,gap,5
1768,11721813,11721.813,1584,0,gap,5
1769,11725622,11725.622,1583,0,gap,5
1770,11737988,11737.988,1573,0,gap,5
1771,11741811,11741.811,1579,0,gap,5
1772,11745641,11745.641,1568,0,gap,5
1773,11757979,11757.979,1579,0,gap,5
1774,11761826,11761.826,1584,0,gap,5
1775,11765667,11765.667,1572,0,gap,5
1776,11777987,11777.987,1584,0,gap,5
1777,11781835,11781.835,1563,0,gap,5
1778,11785686,11785.686,1553,0,gap,5
1779,11797979,11797.979,1574,0,gap,5
1780,11801853,11801.853,1557,0,gap,5
1781,11805707,11805.707,1553,0,gap,5
1782,11817986,11817.986,1569,0,gap,5
1783,11821857,11821.857,1552,0,gap,5
1784,11825737,11825.737,1535,0,gap,5
1785,11837978,11837.978,1565,0,gap,5
1786,11841874,11841.874,1535,0,gap,5
1787,11845748,11845.748,1535,0,gap,5
1788,11857986,11857.986,1535,0,gap,5
1789,11861884,11861.884,1558,0,gap,5
1790,11865811,11865.811,1535,0,gap,5
1791,11877982,11877.982,1575,1,pulse,6
1792,11882009,11882.009,4095,1,pulse,6
1793,11885861,11885.861,4095,1,pulse,6
1794,11897983,11897.983,4095,1,pulse,6
1795,11901845,11901.845,4095,1,pulse,6
1796,11905722,11905.722,4095,1,pulse,6
1797,11917975,11917.975,4095,0,gap,6
1798,11922085,11922.085,3042,0,gap,6
1799,11926036,11926.036,2929,0,gap,6
1800,11937987,11937.987,2769,0,gap,6
1801,11941948,11941.948,2770,0,gap,6
1802,11945917,11945.917,2737,0,gap,6
1803,11957978,11957.978,2707,0,gap,6
1804,11961962,11961.962,2681,0,gap,6
1805,11965925,11965.925,2670,0,gap,6
1806,11977986,11977.986,2684,0,gap,6
1807,11981964,11981.964,2667,0,gap,6
1808,11985956,11985.956,2631,0,gap,6
1809,11997978,11997.978,2638,0,gap,6
1810,12001986,12001.986,2610,0,gap,6
1811,12005972,12005.972,2595,0,gap,6
1812,12017986,12017.986,2595,0,gap,6
1813,12021983,12021.983,2589,0,gap,6
1814,12025992,12025.992,2559,0,gap,6
1815,12032752,12032.752,2583,0,gap,6
1816,12037986,12037.986,2542,0,gap,6
1817,12047979,12047.979,2539,0,gap,6
1818,12051775,12051.775,2529,0,gap,6
1819,12057979,12057.979,2527,0,gap,6
1820,12067987,12067.987,2519,0,gap,6
1821,12071785,12071.785,2509,0,gap,6
1822,12077987,12077.987,2491,0,gap,6
1823,12087979,12087.979,2490,0,gap,6
1824,12091795,12091.795,2476,0,gap,6
1825,12097978,12097.978,2469,0,gap,6
1826,12107987,12107.987,2458,0,gap,6
1827,12111809,12111.809,2451,0,gap,6
1828,12117970,12117.97,2461,0,gap,6
1829,12127978,12127.978,2448,0,gap,6
1830,12131816,12131.816,2445,0,gap,6
1831,12135640,12135.64,2439,0,gap,6
1832,12147988,12147.988,2430,0,gap,6
1833,12151831,12151.831,2419,0,gap,6
1834,12155673,12155.673,2400,0,gap,6
1835,12167980,12167.98,2410,0,gap,6
1836,12171838,12171.838,2409,0,gap,6
1837,12175684,12175.684,2390,0,gap,6
1838,12187987,12187.987,2384,0,gap,6
1839,12191847,12191.847,2364,0,gap,6
1840,12195711,12195.711,2373,0,gap,6
1841,12207979,12207.979,2362,0,gap,6
1842,12211857,12211.857,2348,0,gap,6
1843,12215727,12215.727,2342,0,gap,6
1844,12227987,12227.987,2359,0,gap,6
1845,12231868,12231.868,2347,0,gap,6
1846,12235753,12235.753,2341,0,gap,6
1847,12247978,12247.978,2334,0,gap,6
1848,12251878,12251.878,2317,0,gap,6
1849,12255769,12255.769,2314,0,gap,6
1850,12267986,12267.986,2310,0,gap,6
1851,12271896,12271.896,2304,0,gap,6
1852,12275816,12275.816,2289,0,gap,6
1853,12287978,12287.978,2300,0,gap,6
1854,12291921,12291.921,2272,0,gap,6
1855,12295848,12295.848,2273,0,gap,6
1856,12307986,12307.986,2278,0,gap,6
1857,12311927,12311.927,2271,0,gap,6
1858,12315872,12315.872,2257,0,gap,6
1859,12327982,12327.982,2261,0,gap,6
1860,12331941,12331.941,2256,0,gap,6
1861,12335887,12335.887,2251,0,gap,6
1862,12347986,12347.986,2227,0,gap,6
1863,12351947,12351.947,2235,0,gap,6
1864,12355911,12355.911,2221,0,gap,6
1865,12367978,12367.978,2228,0,gap,6
1866,12371957,12371.957,2210,0,gap,6
1867,12375922,12375.922,2189,0,gap,6
1868,12387986,12387.986,2213,0,gap,6
1869,12391966,12391.966,2192,0,gap,6
1870,12395954,12395.954,2186,0,gap,6
1871,12407978,12407.978,2192,0,gap,6
1872,12411976,12411.976,2183,0,gap,6
1873,12415962,12415.962,2169,0,gap,6
1874,12427986,12427.986,2181,0,gap,6
1875,12431990,12431.99,2157,0,gap,6
1876,12435993,12435.993,2155,0,gap,6
1877,12447978,12447.978,2157,0,gap,6
1878,12454805,12454.805,2138,0,gap,6
1879,12458570,12458.57,2153,0,gap,6
1880,12467987,12467.987,2147,0,gap,6
1881,12471781,12471.781,2135,0,gap,6
1882,12477987,12477.987,2132,0,gap,6
1883,12487979,12487.979,2128,0,gap,6
1884,12491787,12491.787,2111,0,gap,6
1885,12497978,12497.978,2120,0,gap,6
1886,12507987,12507.987,2100,0,gap,6
1887,12511797,12511.797,2112,0,gap,6
1888,12517974,12517.974,2083,0,gap,6
1889,12527978,12527.978,2099,0,gap,6
1890,12531807,12531.807,2098,0,gap,6
1891,12535627,12535.627,2081,0,gap,6
1892,12547988,12547.988,2090,0,gap,6
1893,12551819,12551.819,2067,0,gap,6
1894,12555653,12555.653,2053,0,gap,6
1895,12567980,12567.98,2064,0,gap,6
1896,12571828,12571.828,2065,0,gap,6
1897,12575665,12575.665,2038,0,gap,6
1898,12587987,12587.987,2059,0,gap,6
1899,12591835,12591.835,2046,0,gap,6
1900,12595694,12595.694,2039,0,gap,6
1901,12607979,12607.979,2032,0,gap,6
1902,12611857,12611.857,2045,0,gap,6
1903,12615710,12615.71,2021,0,gap,6
1904,12627987,12627.987,2016,0,gap,6
1905,12631855,12631.855,2011,0,gap,6
1906,12635734,12635.734,2009,0,gap,6
1907,12647983,12647.983,2015,0,gap,6
1908,12651874,12651.874,1994,0,gap,6
1909,12655753,12655.753,1988,0,gap,6
1910,12667986,12667.986,2005,0,gap,6
1911,12671879,12671.879,1981,0,gap,6
1912,12675776,12675.776,1984,0,gap,6
1913,12687978,12687.978,1974,0,gap,6
1914,12691898,12691.898,1963,0,gap,6
1915,12695822,12695.822,1966,0,gap,6
1916,12707986,12707.986,1968,0,gap,6
1917,12711919,12711.919,1957,0,gap,6
1918,12715859,12715.859,1959,0,gap,6
1919,12727978,12727.978,1969,0,gap,6
1920,12731929,12731.929,1950,0,gap,6
1921,12735867,12735.867,1953,0,gap,6
1922,12747986,12747.986,1946,0,gap,6
1923,12751943,12751.943,1927,0,gap,6
1924,12755898,12755.898,1931,0,gap,6
1925,12767978,12767.978,1936,0,gap,6
1926,12771948,12771.948,1908,0,gap,6
1927,12775906,12775.906,1911,0,gap,6
1928,12787986,12787.986,1916,0,gap,6
1929,12791962,12791.962,1922,0,gap,6
1930,12795937,12795.937,1902,0,gap,6
1931,12807978,12807.978,1910,0,gap,6
1932,12811968,12811.968,1903,0,gap,6
1933,12815945,12815.945,1885,0,gap,6
1934,12827986,12827.986,1890,0,gap,6
1935,12831978,12831.978,1895,0,gap,6
1936,12835973,12835.973,1878,0,gap,6
1937,12847978,12847.978,1883,0,gap,6
1938,12851988,12851.988,1863,0,gap,6
1939,12855988,12855.988,1862,0,gap,6
1940,12862766,12862.766,1863,0,gap,6
1941,12867978,12867.978,1869,0,gap,6
1942,12877987,12877.987,1861,0,gap,6
1943,12881772,12881.772,1858,0,gap,6
1944,12887987,12887.987,1843,0,gap,6
1945,12897979,12897.979,1859,0,gap,6
1946,12901790,12901.79,1852,0,gap,6
1947,12907979,12907.979,1827,0,gap,6
1948,12917987,12917.987,1843,0,gap,6
1949,12921792,12921.792,1835,0,gap,6
1950,12927986,12927.986,1831,0,gap,6
1951,12937979,12937.979,1823,0,gap,6
1952,12941809,12941.809,1806,0,gap,6
1953,12947966,12947.966,1823,0,gap,6
1954,12957986,12957.986,1812,0,gap,6
1955,12961816,12961.816,1814,0,gap,6
1956,12965653,12965.653,1813,0,gap,6
1957,12977980,12977.98,1813,0,gap,6
1958,12981831,12981.831,1796,0,gap,6
1959,12985662,12985.662,1777,0,gap,6
1960,12997988,12997.988,1806,0,gap,6
1961,13001838,13001.838,1779,0,gap,6
1962,13005696,13005.696,1785,0,gap,6
1963,13017979,13017.979,1798,0,gap,6
1964,13021852,13021.852,1776,0,gap,6
1965,13025703,13025.703,1765,0,gap,6
1966,13037987,13037.987,1791,0,gap,6
1967,13041854,13041.854,1776,0,gap,6
1968,13045731,13045.731,1764,0,gap,6
1969,13057979,13057.979,1776,0,gap,6
1970,13061872,13061.872,1762,0,gap,6
1971,13065749,13065.749,1751,0,gap,6
1972,13077986,13077.986,1764,0,gap,6
1973,13081874,13081.874,1767,0,gap,6
1974,13085773,13085.773,1747,0,gap,6
1975,13097978,13097.978,1750,0,gap,6
1976,13101901,13101.901,1739,0,gap,6
1977,13105812,13105.812,1739,0,gap,6
1978,13117986,13117.986,1746,0,gap,6
1979,13121914,13121.914,1736,0,gap,6
1980,13125852,13125.852,1715,0,gap,6
1981,13137978,13137.978,1726,0,gap,6
1982,13141935,13141.935,1721,0,gap,6
1983,13145868,13145.868,1710,0,gap,6
1984,13157986,13157.986,1722,0,gap,6
1985,13161933,13161.933,1727,0,gap,6
1986,13165903,13165.903,1723,0,gap,6
1987,13177982,13177.982,1712,0,gap,6
1988,13181955,13181.955,1707,0,gap,6
1989,13185906,13185.906,1708,0,gap,6
1990,13197986,13197.986,1722,0,gap,6
1991,13201952,13201.952,1698,0,gap,6
1992,13205930,13205.93,1679,0,gap,6
1993,13217978,13217.978,1705,0,gap,6
1994,13221970,13221.97,1686,0,gap,6
1995,13225941,13225.941,1705,0,gap,6
1996,13237986,13237.986,1683,0,gap,6
1997,13241972,13241.972,1681,0,gap,6
1998,13245973,13245.973,1690,0,gap,6
1999,13257978,13257.978,1684,0,gap,6
2000,13261991,13261.991,1678,0,gap,6
2001,13265982,13265.982,1679,0,gap,6
2002,13277986,13277.986,1664,0,gap,6
2003,13284770,13284.77,1677,0,gap,6
2004,13288566,13288.566,1680,0,gap,6
2005,13297979,13297.979,1693,0,gap,6
2006,13301781,13301.781,1659,0,gap,6
2007,13307979,13307.979,1667,0,gap,6
2008,13317987,13317.987,1666,0,gap,6
2009,13321787,13321.787,1651,0,gap,6
2010,13327986,13327.986,1639,0,gap,6
2011,13337979,13337.979,1664,0,gap,6
2012,13341801,13341.801,1638,0,gap,6
2013,13347966,13347.966,1638,0,gap,6
2014,13357986,13357.986,1651,0,gap,6
2015,13361804,13361.804,1647,0,gap,6
2016,13365632,13365.632,1629,0,gap,6
2017,13377980,13377.98,1633,0,gap,6
2018,13381823,13381.823,1634,0,gap,6
2019,13385650,13385.65,1626,0,gap,6
2020,13397988,13397.988,1647,0,gap,6
2021,13401825,13401.825,1633,0,gap,6
2022,13405674,13405.674,1613,0,gap,6
2023,13417979,13417.979,1648,0,gap,6
2024,13421844,13421.844,1622,0,gap,6
2025,13425692,13425.692,1607,0,gap,6
2026,13437987,13437.987,1617,0,gap,6
2027,13441845,13441.845,1620,0,gap,6
2028,13445715,13445.715,1609,0,gap,6
2029,13457979,13457.979,1616,0,gap,6
2030,13461867,13461.867,1605,0,gap,6
2031,13465732,13465.732,1616,0,gap,6
2032,13477986,13477.986,1611,0,gap,6
2033,13481866,13481.866,1616,0,gap,6
2034,13485757,13485.757,1595,0,gap,6
2035,13497983,13497.983,1617,0,gap,6
2036,13501888,13501.888,1593,0,gap,6
2037,13505773,13505.773,1595,0,gap,6
2038,13517986,13517.986,1600,0,gap,6
2039,13521894,13521.894,1594,0,gap,6
2040,13525831,13525.831,1583,0,gap,6
2041,13537978,13537.978,1593,0,gap,6
2042,13541923,13541.923,1571,0,gap,6
2043,13545848,13545.848,1574,0,gap,6
2044,13557986,13557.986,1583,0,gap,6
2045,13561925,13561.925,1570,0,gap,6
2046,13565879,13565.879,1591,0,gap,6
2047,13577978,13577.978,1586,0,gap,6
2048,13581943,13581.943,1575,0,gap,6
2049,13585887,13585.887,1571,0,gap,6
2050,13597986,13597.986,1583,0,gap,6
2051,13601949,13601.949,1570,0,gap,6
2052,13605918,13605.918,1535,0,gap,6
2053,13617978,13617.978,1585,0,gap,6
2054,13621962,13621.962,1553,0,gap,6
2055,13625926,13625.926,1535,0,gap,6
2056,13637986,13637.986,1584,0,gap,6
2057,13641968,13641.968,1552,0,gap,6
2058,13645957,13645.957,1553,0,gap,6
2059,13657978,13657.978,1568,0,gap,6
2060,13661982,13661.982,1535,0,gap,6
2061,13665965,13665.965,1535,0,gap,6
2062,13677986,13677.986,1535,0,gap,6
2063,13681984,13681.984,1559,0,gap,6
2064,13685992,13685.992,1523,0,gap,6
2065,13692754,13692.754,1535,0,gap,6
2066,13697986,13697.986,1527,0,gap,6
2067,13707984,13707.984,1534,0,gap,6
2068,13711780,13711.78,1527,0,gap,6
2069,13717979,13717.979,1535,0,gap,6
2070,13727987,13727.987,1531,0,gap,6
2071,13731785,13731.785,1524,0,gap,6
2072,13737987,13737.987,1520,0,gap,6
2073,13747979,13747.979,1535,0,gap,6
2074,13751795,13751.795,1518,0,gap,6
2075,13757978,13757.978,1505,0,gap,6
2076,13767987,13767.987,1520,0,gap,6
2077,13771805,13771.805,1520,0,gap,6
2078,13777970,13777.97,1523,0,gap,6
2079,13787978,13787.978,1514,0,gap,6
2080,13791816,13791.816,1515,0,gap,6
2081,13795640,13795.64,1511,0,gap,6
2082,13807988,13807.988,1510,0,gap,6
2083,13811831,13811.831,1494,0,gap,6
2084,13815673,13815.673,1491,0,gap,6
2085,13827980,13827.98,1515,0,gap,6
2086,13831838,13831.838,1513,0,gap,6
2087,13835684,13835.684,1491,0,gap,6
2088,13847987,13847.987,1499,0,gap,6
2089,13851851,13851.851,1495,0,gap,6
2090,13855715,13855.715,1483,0,gap,6
2091,13867979,13867.979,1494,0,gap,6
2092,13871857,13871.857,1488,0,gap,6
2093,13875723,13875.723,1481,0,gap,6
2094,13887987,13887.987,1509,0,gap,6
2095,13891868,13891.868,1488,0,gap,6
2096,13895753,13895.753,1482,0,gap,6
2097,13907978,13907.978,1505,1,pulse,7
2098,13911970,13911.97,4095,1,pulse,7
2099,13915798,13915.798,4095,1,pulse,7
2100,13927983,13927.983,4095,1,pulse,7
2101,13931826,13931.826,4095,1,pulse,7
2102,13935679,13935.679,4095,1,pulse,7
2103,13947975,13947.975,4095,0,gap,7
2104,13952074,13952.074,2975,0,gap,7
2105,13956017,13956.017,2911,0,gap,7
2106,13967987,13967.987,2768,0,gap,7
2107,13971937,13971.937,2746,0,gap,7
2108,13975890,13975.89,2727,0,gap,7
2109,13987978,13987.978,2698,0,gap,7
2110,13991947,13991.947,2672,0,gap,7
2111,13995902,13995.902,2663,0,gap,7
2112,14007986,14007.986,2644,0,gap,7
2113,14011956,14011.956,2643,0,gap,7
2114,14015933,14015.933,2631,0,gap,7
2115,14027978,14027.978,2620,0,gap,7
2116,14031966,14031.966,2599,0,gap,7
2117,14035941,14035.941,2610,0,gap,7
2118,14047986,14047.986,2587,0,gap,7
2119,14051980,14051.98,2559,0,gap,7
2120,14055972,14055.972,2550,0,gap,7
2121,14067978,14067.978,2559,0,gap,7
2122,14071985,14071.985,2538,0,gap,7
2123,14075980,14075.98,2543,0,gap,7
2124,14087986,14087.986,2519,0,gap,7
2125,14091999,14091.999,2515,0,gap,7
2126,14096011,14096.011,2506,0,gap,7
2127,14107978,14107.978,2490,0,gap,7
2128,14114816,14114.816,2495,0,gap,7
2129,14118590,14118.59,2482,0,gap,7
2130,14127991,14127.991,2493,0,gap,7
2131,14131790,14131.79,2480,0,gap,7
2132,14137987,14137.987,2465,0,gap,7
2133,14147979,14147.979,2464,0,gap,7
2134,14151797,14151.797,2443,0,gap,7
2135,14157982,14157.982,2448,0,gap,7
2136,14167987,14167.987,2443,0,gap,7
2137,14171806,14171.806,2439,0,gap,7
2138,14177974,14177.974,2416,0,gap,7
2139,14187978,14187.978,2431,0,gap,7
2140,14191816,14191.816,2421,0,gap,7
2141,14195646,14195.646,2401,0,gap,7
2142,14207988,14207.988,2390,0,gap,7
2143,14211829,14211.829,2384,0,gap,7
2144,14215672,14215.672,2384,0,gap,7
2145,14227980,14227.98,2377,0,gap,7
2146,14231842,14231.842,2385,0,gap,7
2147,14235689,14235.689,2351,0,gap,7
2148,14247987,14247.987,2356,0,gap,7
2149,14251849,14251.849,2371,0,gap,7
2150,14255714,14255.714,2346,0,gap,7
2151,14267983,14267.983,2352,0,gap,7
2152,14271863,14271.863,2327,0,gap,7
2153,14275729,14275.729,2309,0,gap,7
2154,14287987,14287.987,2327,0,gap,7
2155,14291868,14291.868,2320,0,gap,7
2156,14295753,14295.753,2303,0,gap,7
2157,14307978,14307.978,2305,0,gap,7
2158,14311879,14311.879,2293,0,gap,7
2159,14315768,14315.768,2292,0,gap,7
2160,14327986,14327.986,2277,0,gap,7
2161,14331889,14331.889,2287,0,gap,7
2162,14335799,14335.799,2265,0,gap,7
2163,14347978,14347.978,2276,0,gap,7
2164,14351907,14351.907,2260,0,gap,7
2165,14355841,14355.841,2241,0,gap,7
2166,14367986,14367.986,2251,0,gap,7
2167,14371933,14371.933,2240,0,gap,7
2168,14375878,14375.878,2239,0,gap,7
2169,14387978,14387.978,2239,0,gap,7
2170,14391938,14391.938,2219,0,gap,7
2171,14395886,14395.886,2224,0,gap,7
2172,14407986,14407.986,2227,0,gap,7
2173,14411952,14411.952,2199,0,gap,7
2174,14415917,14415.917,2199,0,gap,7
2175,14427978,14427.978,2206,0,gap,7
2176,14431958,14431.958,2185,0,gap,7
2177,14435925,14435.925,2181,0,gap,7
2178,14447990,14447.99,2199,0,gap,7
2179,14451972,14451.972,2183,0,gap,7
2180,14455956,14455.956,2160,0,gap,7
2181,14467978,14467.978,2160,0,gap,7
2182,14471977,14471.977,2157,0,gap,7
2183,14475968,14475.968,2160,0,gap,7
2184,14487986,14487.986,2153,0,gap,7
2185,14491987,14491.987,2145,0,gap,7
2186,14495992,14495.992,2132,0,gap,7
2187,14507978,14507.978,2128,0,gap,7
2188,14511997,14511.997,2114,0,gap,7
2189,14516008,14516.008,2125,0,gap,7
2190,14522795,14522.795,2121,0,gap,7
2191,14527978,14527.978,2107,0,gap,7
2192,14537987,14537.987,2103,0,gap,7
2193,14541781,14541.781,2097,0,gap,7
2194,14547991,14547.991,2104,0,gap,7
2195,14557979,14557.979,2096,0,gap,7
2196,14561799,14561.799,2079,0,gap,7
2197,14567978,14567.978,2093,0,gap,7
2198,14577987,14577.987,2086,0,gap,7
2199,14581805,14581.805,2080,0,gap,7
2200,14587986,14587.986,2046,0,gap,7
2201,14597979,14597.979,2067,0,gap,7
2202,14601819,14601.819,2047,0,gap,7
2203,14607966,14607.966,2035,0,gap,7
2204,14617986,14617.986,2041,0,gap,7
2205,14621825,14621.825,2043,0,gap,7
2206,14625671,14625.671,2012,0,gap,7
2207,14637980,14637.98,2031,0,gap,7
2208,14641841,14641.841,2015,0,gap,7
2209,14645680,14645.68,2015,0,gap,7
2210,14657992,14657.992,2026,0,gap,7
2211,14661848,14661.848,2000,0,gap,7
2212,14665715,14665.715,1991,0,gap,7
2213,14677979,14677.979,2001,0,gap,7
2214,14681861,14681.861,1999,0,gap,7
2215,14685726,14685.726,1991,0,gap,7
2216,14697987,14697.987,1990,0,gap,7
2217,14701863,14701.863,2001,0,gap,7
2218,14705750,14705.75,1970,0,gap,7
2219,14717979,14717.979,1978,0,gap,7
2220,14721882,14721.882,1957,0,gap,7
2221,14725769,14725.769,1963,0,gap,7
2222,14737986,14737.986,1961,0,gap,7
2223,14741884,14741.884,1958,0,gap,7
2224,14745792,14745.792,1941,0,gap,7
2225,14757978,14757.978,1938,0,gap,7
2226,14761914,14761.914,1936,0,gap,7
2227,14765831,14765.831,1935,0,gap,7
2228,14777986,14777.986,1938,0,gap,7
2229,14781923,14781.923,1937,0,gap,7
2230,14785871,14785.871,1922,0,gap,7
2231,14797982,14797.982,1936,0,gap,7
2232,14801945,14801.945,1910,0,gap,7
2233,14805887,14805.887,1918,0,gap,7
2234,14817986,14817.986,1920,0,gap,7
2235,14821943,14821.943,1912,0,gap,7
2236,14825910,14825.91,1910,0,gap,7
2237,14837978,14837.978,1907,0,gap,7
2238,14841960,14841.96,1897,0,gap,7
2239,14845922,14845.922,1879,0,gap,7
2240,14857986,14857.986,1900,0,gap,7
2241,14861962,14861.962,1886,0,gap,7
2242,14865953,14865.953,1866,0,gap,7
2243,14877978,14877.978,1892,0,gap,7
2244,14881980,14881.98,1874,0,gap,7
2245,14885962,14885.962,1861,0,gap,7
2246,14897986,14897.986,1875,0,gap,7
2247,14901986,14901.986,1858,0,gap,7
2248,14905993,14905.993,1842,0,gap,7
2249,14917978,14917.978,1856,0,gap,7
2250,14922001,14922.001,1843,0,gap,7
2251,14926001,14926.001,1835,0,gap,7
2252,14937986,14937.986,1845,0,gap,7
2253,14944780,14944.78,1855,0,gap,7
2254,14948590,14948.59,1854,0,gap,7
2255,14957979,14957.979,1839,0,gap,7
2256,14961791,14961.791,1845,0,gap,7
2257,14967979,14967.979,1839,0,gap,7
2258,14977991,14977.991,1831,0,gap,7
2259,14981797,14981.797,1830,0,gap,7
2260,14987986,14987.986,1825,0,gap,7
2261,14997979,14997.979,1815,0,gap,7
2262,15001811,15001.811,1815,0,gap,7
2263,15007970,15007.97,1809,0,gap,7
2264,15017986,15017.986,1818,0,gap,7
2265,15021813,15021.813,1798,0,gap,7
2266,15025652,15025.652,1779,0,gap,7
2267,15037980,15037.98,1807,0,gap,7
2268,15041833,15041.833,1776,0,gap,7
2269,15045670,15045.67,1786,0,gap,7
2270,15057988,15057.988,1774,0,gap,7
2271,15061835,15061.835,1793,0,gap,7
2272,15065693,15065.693,1783,0,gap,7
2273,15077979,15077.979,1764,0,gap,7
2274,15081858,15081.858,1774,0,gap,7
2275,15085711,15085.711,1765,0,gap,7
2276,15097987,15097.987,1774,0,gap,7
2277,15101855,15101.855,1770,0,gap,7
2278,15105734,15105.734,1755,0,gap,7
2279,15117983,15117.983,1771,0,gap,7
2280,15121877,15121.877,1750,0,gap,7
2281,15125751,15125.751,1744,0,gap,7
2282,15137986,15137.986,1761,0,gap,7
2283,15141876,15141.876,1743,0,gap,7
2284,15145777,15145.777,1743,0,gap,7
2285,15157978,15157.978,1734,0,gap,7
2286,15161894,15161.894,1719,0,gap,7
2287,15165789,15165.789,1727,0,gap,7
2288,15177986,15177.986,1735,0,gap,7
2289,15181904,15181.904,1739,0,gap,7
2290,15185855,15185.855,1731,0,gap,7
2291,15197978,15197.978,1737,0,gap,7
2292,15201933,15201.933,1711,0,gap,7
2293,15205867,15205.867,1699,0,gap,7
2294,15217986,15217.986,1728,0,gap,7
2295,15221939,15221.939,1702,0,gap,7
2296,15225899,15225.899,1703,0,gap,7
2297,15237978,15237.978,1730,0,gap,7
2298,15241953,15241.953,1693,0,gap,7
2299,15245906,15245.906,1706,0,gap,7
2300,15257986,15257.986,1707,0,gap,7
2301,15261959,15261.959,1694,0,gap,7
2302,15265938,15265.938,1683,0,gap,7
2303,15277978,15277.978,1680,0,gap,7
2304,15281972,15281.972,1680,0,gap,7
2305,15285945,15285.945,1682,0,gap,7
2306,15297990,15297.99,1680,0,gap,7
2307,15301978,15301.978,1681,0,gap,7
2308,15305977,15305.977,1663,0,gap,7
2309,15317978,15317.978,1680,0,gap,7
2310,15321992,15321.992,1672,0,gap,7
2311,15325989,15325.989,1651,0,gap,7
2312,15337986,15337.986,1677,0,gap,7
2313,15341994,15341.994,1663,0,gap,7
2314,15346012,15346.012,1677,0,gap,7
2315,15352787,15352.787,1667,0,gap,7
2316,15357986,15357.986,1647,0,gap,7
2317,15367979,15367.979,1648,0,gap,7
2318,15371785,15371.785,1648,0,gap,7
2319,15377979,15377.979,1632,0,gap,7
2320,15387987,15387.987,1655,0,gap,7
2321,15391795,15391.795,1631,0,gap,7
2322,15397991,15397.991,1646,0,gap,7
2323,15407979,15407.979,1625,0,gap,7
2324,15411805,15411.805,1627,0,gap,7
2325,15417978,15417.978,1639,0,gap,7
2326,15427987,15427.987,1621,0,gap,7
2327,15431819,15431.819,1618,0,gap,7
2328,15437970,15437.97,1611,0,gap,7
2329,15447978,15447.978,1638,0,gap,7
2330,15451825,15451.825,1616,0,gap,7
2331,15455660,15455.66,1615,0,gap,7
2332,15467988,15467.988,1612,0,gap,7
2333,15471841,15471.841,1594,0,gap,7
2334,15475693,15475.693,1582,0,gap,7
2335,15487980,15487.98,1605,0,gap,7
2336,15491848,15491.848,1598,0,gap,7
2337,15495704,15495.704,1599,0,gap,7
2338,15507991,15507.991,1608,0,gap,7
2339,15511861,15511.861,1588,0,gap,7
2340,15515735,15515.735,1593,0,gap,7
2341,15527979,15527.979,1586,0,gap,7
2342,15531867,15531.867,1590,0,gap,7
2343,15535747,15535.747,1586,0,gap,7
2344,15547987,15547.987,1599,0,gap,7
2345,15551878,15551.878,1594,0,gap,7
2346,15555773,15555.773,1566,0,gap,7
2347,15567978,15567.978,1583,0,gap,7
2348,15571888,15571.888,1574,0,gap,7
2349,15575788,15575.788,1555,0,gap,7
2350,15587986,15587.986,1573,0,gap,7
2351,15591906,15591.906,1573,0,gap,7
2352,15595835,15595.835,1582,0,gap,7
2353,15607978,15607.978,1567,0,gap,7
2354,15611931,15611.931,1555,0,gap,7
2355,15615867,15615.867,1558,0,gap,7
2356,15627986,15627.986,1563,0,gap,7
2357,15631937,15631.937,1579,0,gap,7
2358,15635891,15635.891,1566,0,gap,7
2359,15647982,15647.982,1562,0,gap,7
2360,15651951,15651.951,1553,0,gap,7
2361,15655906,15655.906,1535,0,gap,7
2362,15667986,15667.986,1574,0,gap,7
2363,15671956,15671.956,1535,0,gap,7
2364,15675930,15675.93,1530,0,gap,7
2365,15687978,15687.978,1552,0,gap,7
2366,15691966,15691.966,1525,0,gap,7
2367,15695941,15695.941,1535,0,gap,7
2368,15707986,15707.986,1530,0,gap,7
2369,15711976,15711.976,1535,0,gap,7
2370,15715973,15715.973,1523,0,gap,7
2371,15727978,15727.978,1531,0,gap,7
2372,15731986,15731.986,1535,0,gap,7
2373,15735981,15735.981,1522,0,gap,7
2374,15747986,15747.986,1527,0,gap,7
2375,15752000,15752.0,1523,0,gap,7
2376,15756013,15756.013,1520,0,gap,7
2377,15767978,15767.978,1527,0,gap,7
2378,15774780,15774.78,1514,0,gap,7
2379,15778578,15778.578,1522,0,gap,7
2380,15787987,15787.987,1527,0,gap,7
2381,15791791,15791.791,1513,0,gap,7
2382,15797987,15797.987,1521,0,gap,7
2383,15807979,15807.979,1520,0,gap,7
2384,15811797,15811.797,1505,0,gap,7
2385,15817978,15817.978,1519,0,gap,7
2386,15827991,15827.991,1525,0,gap,7
2387,15831811,15831.811,1506,0,gap,7
2388,15837970,15837.97,1519,0,gap,7
2389,15847978,15847.978,1516,0,gap,7
2390,15851817,15851.817,1495,0,gap,7
2391,15855648,15855.648,1494,0,gap,7
2392,15867988,15867.988,1499,0,gap,7
2393,15871829,15871.829,1474,0,gap,7
2394,15875674,15875.674,1469,0,gap,7
2395,15887980,15887.98,1507,0,gap,7
2396,15891839,15891.839,1469,0,gap,7
2397,15895689,15895.689,1481,0,gap,7
2398,15907987,15907.987,1478,0,gap,7
2399,15911850,15911.85,1488,0,gap,7
2400,15915715,15915.715,1467,0,gap,7
2401,15927979,15927.979,1485,0,gap,7
2402,15931863,15931.863,1479,0,gap,7
2403,15935730,15935.73,1479,0,gap,7
2404,15947987,15947.987,1477,0,gap,7
2405,15951869,15951.869,1475,0,gap,7
2406,15955756,15955.756,1457,0,gap,7
2407,15967983,15967.983,1497,0,gap,7
2408,15971884,15971.884,1460,0,gap,7
2409,15975773,15975.773,1488,0,gap,7
2410,15987986,15987.986,1483,0,gap,7
2411,15991890,15991.89,1478,0,gap,7
2412,15995797,15995.797,1469,0,gap,7
2413,16007978,16007.978,1506,1,pulse,8
2414,16011996,16011.996,4095,1,pulse,8
2415,16015868,16015.868,4095,1,pulse,8
2416,16027983,16027.983,4095,1,pulse,8
2417,16031863,16031.863,4095,1,pulse,8
2418,16035743,16035.743,4095,1,pulse,8
2419,16047975,16047.975,4095,0,gap,8
2420,16052091,16052.091,2970,0,gap,8
2421,16056053,16056.053,2901,0,gap,8
2422,16067991,16067.991,2762,0,gap,8
2423,16071963,16071.963,2747,0,gap,8
2424,16075938,16075.938,2736,0,gap,8
2425,16087978,16087.978,2690,0,gap,8
2426,16091964,16091.964,2672,0,gap,8
2427,16095937,16095.937,2672,0,gap,8
2428,16107986,16107.986,2649,0,gap,8
2429,16111974,16111.974,2640,0,gap,8
2430,16115969,16115.969,2619,0,gap,8
2431,16127978,16127.978,2624,0,gap,8
2432,16131988,16131.988,2601,0,gap,8
2433,16135985,16135.985,2596,0,gap,8
2434,16147986,16147.986,2594,0,gap,8
2435,16151994,16151.994,2590,0,gap,8
2436,16156008,16156.008,2546,0,gap,8
2437,16167978,16167.978,2546,0,gap,8
2438,16172007,16172.007,2533,0,gap,8
2439,16176024,16176.024,2521,0,gap,8
2440,16182823,16182.823,2530,0,gap,8
2441,16187978,16187.978,2506,0,gap,8
2442,16197987,16197.987,2500,0,gap,8
2443,16201787,16201.787,2482,0,gap,8
2444,16207987,16207.987,2491,0,gap,8
2445,16217979,16217.979,2496,0,gap,8
2446,16221805,16221.805,2492,0,gap,8
2447,16227978,16227.978,2453,0,gap,8
2448,16237987,16237.987,2466,0,gap,8
2449,16241811,16241.811,2454,0,gap,8
2450,16247986,16247.986,2448,0,gap,8
2451,16257979,16257.979,2448,0,gap,8
2452,16261825,16261.825,2414,0,gap,8
2453,16267966,16267.966,2419,0,gap,8
2454,16277990,16277.99,2423,0,gap,8
2455,16281835,16281.835,2416,0,gap,8
2456,16285691,16285.691,2401,0,gap,8
2457,16297980,16297.98,2407,0,gap,8
2458,16301850,16301.85,2390,0,gap,8
2459,16305700,16305.7,2384,0,gap,8
2460,16317988,16317.988,2391,0,gap,8
2461,16321854,16321.854,2376,0,gap,8
2462,16325731,16325.731,2362,0,gap,8
2463,16337979,16337.979,2367,0,gap,8
2464,16341871,16341.871,2357,0,gap,8
2465,16345746,16345.746,2340,0,gap,8
2466,16357987,16357.987,2334,0,gap,8
2467,16361873,16361.873,2339,0,gap,8
2468,16365766,16365.766,2323,0,gap,8
2469,16377979,16377.979,2339,0,gap,8
2470,16381892,16381.892,2303,0,gap,8
2471,16385784,16385.784,2289,0,gap,8
2472,16397986,16397.986,2308,0,gap,8
2473,16401889,16401.889,2298,0,gap,8
2474,16405804,16405.804,2289,0,gap,8
2475,16417978,16417.978,2285,0,gap,8
2476,16421920,16421.92,2277,0,gap,8
2477,16425843,16425.843,2257,0,gap,8
2478,16437986,16437.986,2264,0,gap,8
2479,16441933,16441.933,2266,0,gap,8
2480,16445891,16445.891,2256,0,gap,8
2481,16457978,16457.978,2243,0,gap,8
2482,16461947,16461.947,2242,0,gap,8
2483,16465894,16465.894,2242,0,gap,8
2484,16477986,16477.986,2254,0,gap,8
2485,16481952,16481.952,2238,0,gap,8
2486,16485934,16485.934,2210,0,gap,8
2487,16497978,16497.978,2228,0,gap,8
2488,16501970,16501.97,2213,0,gap,8
2489,16505937,16505.937,2197,0,gap,8
2490,16517986,16517.986,2210,0,gap,8
2491,16521968,16521.968,2192,0,gap,8
2492,16525965,16525.965,2178,0,gap,8
2493,16537978,16537.978,2190,0,gap,8
2494,16541990,16541.99,2175,0,gap,8
2495,16545981,16545.981,2161,0,gap,8
2496,16557986,16557.986,2170,0,gap,8
2497,16561992,16561.992,2163,0,gap,8
2498,16566005,16566.005,2141,0,gap,8
2499,16577978,16577.978,2144,0,gap,8
2500,16582006,16582.006,2142,0,gap,8
2501,16586017,16586.017,2144,0,gap,8
2502,16597990,16597.99,2134,0,gap,8
2503,16604790,16604.79,2151,0,gap,8
2504,16608610,16608.61,2122,0,gap,8
2505,16617979,16617.979,2118,0,gap,8
2506,16621801,16621.801,2116,0,gap,8
2507,16627979,16627.979,2118,0,gap,8
2508,16637987,16637.987,2099,0,gap,8
2509,16641799,16641.799,2089,0,gap,8
2510,16647986,16647.986,2099,0,gap,8
2511,16657979,16657.979,2082,0,gap,8
2512,16661821,16661.821,2078,0,gap,8
2513,16667966,16667.966,2078,0,gap,8
2514,16677986,16677.986,2091,0,gap,8
2515,16681819,16681.819,2075,0,gap,8
2516,16685663,16685.663,2058,0,gap,8
2517,16697980,16697.98,2070,0,gap,8
2518,16701847,16701.847,2061,0,gap,8
2519,16705689,16705.689,2047,0,gap,8
2520,16717988,16717.988,2058,0,gap,8
2521,16721840,16721.84,2038,0,gap,8
2522,16725709,16725.709,2026,0,gap,8
2523,16737979,16737.979,2031,0,gap,8
2524,16741868,16741.868,2022,0,gap,8
2525,16745731,16745.731,2011,0,gap,8
2526,16757987,16757.987,2023,0,gap,8
2527,16761865,16761.865,2019,0,gap,8
2528,16765754,16765.754,2001,0,gap,8
2529,16777979,16777.979,2001,0,gap,8
2530,16781879,16781.879,1991,0,gap,8
2531,16785763,16785.763,2000,0,gap,8
2532,16797986,16797.986,1989,0,gap,8
2533,16801881,16801.881,1991,0,gap,8
2534,16805797,16805.797,1969,0,gap,8
2535,16817978,16817.978,1971,0,gap,8
2536,16821904,16821.904,1963,0,gap,8
2537,16825805,16825.805,1954,0,gap,8
2538,16837986,16837.986,1954,0,gap,8
2539,16841910,16841.91,1945,0,gap,8
2540,16845871,16845.871,1953,0,gap,8
2541,16857978,16857.978,1934,0,gap,8
2542,16861943,16861.943,1944,0,gap,8
2543,16865887,16865.887,1943,0,gap,8
2544,16877986,16877.986,1931,0,gap,8
2545,16881945,16881.945,1941,0,gap,8
2546,16885911,16885.911,1927,0,gap,8
2547,16897978,16897.978,1936,0,gap,8
2548,16901959,16901.959,1925,0,gap,8
2549,16905922,16905.922,1911,0,gap,8
2550,16917990,16917.99,1927,0,gap,8
2551,16921968,16921.968,1909,0,gap,8
2552,16925958,16925.958,1904,0,gap,8
2553,16937978,16937.978,1910,0,gap,8
2554,16941982,16941.982,1888,0,gap,8
2555,16945966,16945.966,1882,0,gap,8
2556,16957986,16957.986,1886,0,gap,8
2557,16961984,16961.984,1882,0,gap,8
2558,16965989,16965.989,1890,0,gap,8
2559,16977978,16977.978,1867,0,gap,8
2560,16982002,16982.002,1872,0,gap,8
2561,16986005,16986.005,1863,0,gap,8
2562,16997986,16997.986,1866,0,gap,8
2563,17002000,17002.0,1874,0,gap,8
2564,17006024,17006.024,1849,0,gap,8
2565,17012803,17012.803,1850,0,gap,8
2566,17017990,17017.99,1845,0,gap,8
2567,17027979,17027.979,1845,0,gap,8
2568,17031795,17031.795,1831,0,gap,8
2569,17037979,17037.979,1838,0,gap,8
2570,17047987,17047.987,1849,0,gap,8
2571,17051801,17051.801,1826,0,gap,8
2572,17057986,17057.986,1816,0,gap,8
2573,17067979,17067.979,1827,0,gap,8
2574,17071811,17071.811,1807,0,gap,8
2575,17077978,17077.978,1814,0,gap,8
2576,17087987,17087.987,1814,0,gap,8
2577,17091829,17091.829,1801,0,gap,8
2578,17097970,17097.97,1818,0,gap,8
2579,17107978,17107.978,1805,0,gap,8
2580,17111831,17111.831,1807,0,gap,8
2581,17115676,17115.676,1793,0,gap,8
2582,17127992,17127.992,1798,0,gap,8
2583,17131851,17131.851,1782,0,gap,8
2584,17135713,17135.713,1775,0,gap,8
2585,17147980,17147.98,1790,0,gap,8
2586,17151858,17151.858,1776,0,gap,8
2587,17155719,17155.719,1765,0,gap,8
2588,17167987,17167.987,1782,0,gap,8
2589,17171867,17171.867,1750,0,gap,8
2590,17175750,17175.75,1759,0,gap,8
2591,17187979,17187.979,1771,0,gap,8
2592,17191877,17191.877,1759,0,gap,8
2593,17195766,17195.766,1748,0,gap,8
2594,17207987,17207.987,1767,0,gap,8
2595,17211888,17211.888,1757,0,gap,8
2596,17215788,17215.788,1750,0,gap,8
2597,17227978,17227.978,1747,0,gap,8
2598,17231898,17231.898,1735,0,gap,8
2599,17235804,17235.804,1741,0,gap,8
2600,17247986,17247.986,1743,0,gap,8
2601,17251916,17251.916,1739,0,gap,8
2602,17255851,17255.851,1712,0,gap,8
2603,17267978,17267.978,1728,0,gap,8
2604,17271937,17271.937,1725,0,gap,8
2605,17275879,17275.879,1717,0,gap,8
2606,17287986,17287.986,1731,0,gap,8
2607,17291947,17291.947,1717,0,gap,8
2608,17295911,17295.911,1717,0,gap,8
2609,17307978,17307.978,1731,0,gap,8
2610,17311953,17311.953,1712,0,gap,8
2611,17315914,17315.914,1707,0,gap,8
2612,17327986,17327.986,1716,0,gap,8
2613,17331962,17331.962,1703,0,gap,8
2614,17335950,17335.95,1696,0,gap,8
2615,17347978,17347.978,1712,0,gap,8
2616,17351976,17351.976,1685,0,gap,8
2617,17355957,17355.957,1680,0,gap,8
2618,17367986,17367.986,1705,0,gap,8
2619,17371982,17371.982,1665,0,gap,8
2620,17375989,17375.989,1680,0,gap,8
2621,17387978,17387.978,1680,0,gap,8
2622,17391992,17391.992,1666,0,gap,8
2623,17395996,17395.996,1680,0,gap,8
2624,17407986,17407.986,1677,0,gap,8
2625,17412006,17412.006,1675,0,gap,8
2626,17416029,17416.029,1666,0,gap,8
2627,17427978,17427.978,1675,0,gap,8
2628,17434786,17434.786,1659,0,gap,8
2629,17438587,17438.587,1660,0,gap,8
2630,17447991,17447.991,1675,0,gap,8
2631,17451801,17451.801,1662,0,gap,8
2632,17457987,17457.987,1641,0,gap,8
2633,17467979,17467.979,1663,0,gap,8
2634,17471807,17471.807,1642,0,gap,8
2635,17477978,17477.978,1645,0,gap,8
2636,17487987,17487.987,1643,0,gap,8
2637,17491813,17491.813,1630,0,gap,8
2638,17497970,17497.97,1642,0,gap,8
2639,17507978,17507.978,1631,0,gap,8
2640,17511827,17511.827,1631,0,gap,8
2641,17515668,17515.668,1639,0,gap,8
2642,17527988,17527.988,1637,0,gap,8
2643,17531835,17531.835,1621,0,gap,8
2644,17535685,17535.685,1616,0,gap,8
2645,17547980,17547.98,1622,0,gap,8
2646,17551852,17551.852,1616,0,gap,8
2647,17555709,17555.709,1614,0,gap,8
2648,17567987,17567.987,1635,0,gap,8
2649,17571856,17571.856,1614,0,gap,8
2650,17575731,17575.731,1607,0,gap,8
2651,17587979,17587.979,1611,0,gap,8
2652,17591869,17591.869,1593,0,gap,8
2653,17595742,17595.742,1605,0,gap,8
2654,17607987,17607.987,1611,0,gap,8
2655,17611879,17611.879,1611,0,gap,8
2656,17615775,17615.775,1601,0,gap,8
2657,17627978,17627.978,1600,0,gap,8
2658,17631886,17631.886,1599,0,gap,8
2659,17635784,17635.784,1584,0,gap,8
2660,17647986,17647.986,1595,0,gap,8
2661,17651896,17651.896,1601,0,gap,8
2662,17655813,17655.813,1593,0,gap,8
2663,17667978,17667.978,1591,0,gap,8
2664,17671918,17671.918,1578,0,gap,8
2665,17675863,17675.863,1573,0,gap,8
2666,17687986,17687.986,1595,0,gap,8
2667,17691935,17691.935,1568,0,gap,8
2668,17695895,17695.895,1584,0,gap,8
2669,17707978,17707.978,1588,0,gap,8
2670,17711945,17711.945,1565,0,gap,8
2671,17715903,17715.903,1573,0,gap,8
2672,17727986,17727.986,1575,0,gap,8
2673,17731963,17731.963,1579,0,gap,8
2674,17735934,17735.934,1573,0,gap,8
2675,17747978,17747.978,1578,0,gap,8
2676,17751964,17751.964,1573,0,gap,8
2677,17755938,17755.938,1535,0,gap,8
2678,17767990,17767.99,1573,0,gap,8
2679,17771982,17771.982,1561,0,gap,8
2680,17775977,17775.977,1535,0,gap,8
2681,17787978,17787.978,1535,0,gap,8
2682,17791988,17791.988,1535,0,gap,8
2683,17795985,17795.985,1534,0,gap,8
2684,17807986,17807.986,1533,0,gap,8
2685,17811994,17811.994,1552,0,gap,8
2686,17816005,17816.005,1534,0,gap,8
2687,17827978,17827.978,1535,0,gap,8
2688,17832008,17832.008,1533,0,gap,8
2689,17836024,17836.024,1520,0,gap,8
2690,17842818,17842.818,1532,0,gap,8
2691,17847978,17847.978,1521,0,gap,8
2692,17857987,17857.987,1526,0,gap,8
2693,17861791,17861.791,1509,0,gap,8
2694,17867991,17867.991,1526,0,gap,8
2695,17877979,17877.979,1525,0,gap,8
2696,17881809,17881.809,1519,0,gap,8
2697,17887978,17887.978,1507,0,gap,8
2698,17897987,17897.987,1520,0,gap,8
2699,17901807,17901.807,1509,0,gap,8
2700,17907986,17907.986,1502,0,gap,8
2701,17917979,17917.979,1524,0,gap,8
2702,17921825,17921.825,1535,1,pulse,9
2703,17927975,17927.975,4095,1,pulse,9
2704,17937987,17937.987,4095,1,pulse,9
2705,17941765,17941.765,4095,1,pulse,9
2706,17947982,17947.982,4095,1,pulse,9
2707,17957975,17957.975,4095,1,pulse,9
2708,17961779,17961.779,4095,0,gap,9
2709,17967991,17967.991,2880,0,gap,9
2710,17977986,17977.986,2800,0,gap,9
2711,17981866,17981.866,2797,0,gap,9
2712,17985758,17985.758,2749,0,gap,9
2713,17997980,17997.98,2719,0,gap,9
2714,18001890,18001.89,2707,0,gap,9
2715,18005771,18005.771,2672,0,gap,9
2716,18017988,18017.988,2667,0,gap,9
2717,18021884,18021.884,2661,0,gap,9
2718,18025791,18025.791,2656,0,gap,9
2719,18037980,18037.98,2623,0,gap,9
2720,18041911,18041.911,2608,0,gap,9
2721,18045817,18045.817,2601,0,gap,9
2722,18057987,18057.987,2590,0,gap,9
2723,18061908,18061.908,2559,0,gap,9
2724,18065840,18065.84,2585,0,gap,9
2725,18077983,18077.983,2559,0,gap,9
2726,18081938,18081.938,2546,0,gap,9
2727,18085879,18085.879,2544,0,gap,9
2728,18097987,18097.987,2551,0,gap,9
2729,18101947,18101.947,2525,0,gap,9
2730,18105919,18105.919,2510,0,gap,9
2731,18117978,18117.978,2521,0,gap,9
2732,18121961,18121.961,2497,0,gap,9
2733,18125922,18125.922,2480,0,gap,9
2734,18137986,18137.986,2491,0,gap,9
2735,18141966,18141.966,2463,0,gap,9
2736,18145962,18145.962,2475,0,gap,9
2737,18157978,18157.978,2480,0,gap,9
2738,18161980,18161.98,2448,0,gap,9
2739,18165961,18165.961,2447,0,gap,9
2740,18177986,18177.986,2439,0,gap,9
2741,18181990,18181.99,2428,0,gap,9
2742,18186000,18186.0,2426,0,gap,9
2743,18197978,18197.978,2421,0,gap,9
2744,18202004,18202.004,2405,0,gap,9
2745,18206005,18206.005,2402,0,gap,9
2746,18217990,18217.99,2408,0,gap,9
2747,18222010,18222.01,2386,0,gap,9
2748,18226036,18226.036,2381,0,gap,9
2749,18237978,18237.978,2384,0,gap,9
2750,18242020,18242.02,2367,0,gap,9
2751,18246045,18246.045,2364,0,gap,9
2752,18257986,18257.986,2366,0,gap,9
2753,18264800,18264.8,2364,0,gap,9
2754,18268630,18268.63,2343,0,gap,9
2755,18277979,18277.979,2363,0,gap,9
2756,18281811,18281.811,2351,0,gap,9
2757,18287983,18287.983,2330,0,gap,9
2758,18297987,18297.987,2335,0,gap,9
2759,18301817,18301.817,2329,0,gap,9
2760,18307986,18307.986,2314,0,gap,9
2761,18317979,18317.979,2304,0,gap,9
2762,18321835,18321.835,2288,0,gap,9
2763,18327966,18327.966,2303,0,gap,9
2764,18337986,18337.986,2292,0,gap,9
2765,18341833,18341.833,2277,0,gap,9
2766,18345691,18345.691,2282,0,gap,9
2767,18357980,18357.98,2266,0,gap,9
2768,18361861,18361.861,2256,0,gap,9
2769,18365713,18365.713,2254,0,gap,9
2770,18377988,18377.988,2248,0,gap,9
2771,18381854,18381.854,2251,0,gap,9
2772,18385737,18385.737,2230,0,gap,9
2773,18397983,18397.983,2246,0,gap,9
2774,18401882,18401.882,2226,0,gap,9
2775,18405759,18405.759,2209,0,gap,9
2776,18417987,18417.987,2218,0,gap,9
2777,18421875,18421.875,2213,0,gap,9
2778,18425778,18425.778,2198,0,gap,9
2779,18437979,18437.979,2199,0,gap,9
2780,18441897,18441.897,2181,0,gap,9
2781,18445791,18445.791,2191,0,gap,9
2782,18457986,18457.986,2181,0,gap,9
2783,18461899,18461.899,2173,0,gap,9
2784,18465828,18465.828,2183,0,gap,9
2785,18477978,18477.978,2176,0,gap,9
2786,18481914,18481.914,2158,0,gap,9
2787,18485832,18485.832,2146,0,gap,9
2788,18497986,18497.986,2160,0,gap,9
2789,18501928,18501.928,2139,0,gap,9
2790,18505894,18505.894,2147,0,gap,9
2791,18517978,18517.978,2154,0,gap,9
2792,18521957,18521.957,2123,0,gap,9
2793,18525911,18525.911,2123,0,gap,9
2794,18537990,18537.99,2130,0,gap,9
2795,18541963,18541.963,2117,0,gap,9
2796,18545942,18545.942,2100,0,gap,9
2797,18557978,18557.978,2113,0,gap,9
2798,18561972,18561.972,2096,0,gap,9
2799,18565950,18565.95,2081,0,gap,9
2800,18577986,18577.986,2082,0,gap,9
2801,18581974,18581.974,2099,0,gap,9
2802,18585978,18585.978,2082,0,gap,9
2803,18597978,18597.978,2083,0,gap,9
2804,18601992,18601.992,2064,0,gap,9
2805,18605989,18605.989,2064,0,gap,9
2806,18617986,18617.986,2066,0,gap,9
2807,18621998,18621.998,2063,0,gap,9
2808,18626020,18626.02,2045,0,gap,9
2809,18637978,18637.978,2047,0,gap,9
2810,18642020,18642.02,2032,0,gap,9
2811,18646032,18646.032,2027,0,gap,9
2812,18657986,18657.986,2027,0,gap,9
2813,18662013,18662.013,2031,0,gap,9
2814,18666055,18666.055,2032,0,gap,9
2815,18672856,18672.856,2001,0,gap,9
2816,18677986,18677.986,2013,0,gap,9
2817,18687979,18687.979,2002,0,gap,9
2818,18691805,18691.805,1990,0,gap,9
2819,18697979,18697.979,1999,0,gap,9
2820,18707987,18707.987,1993,0,gap,9
2821,18711819,18711.819,1995,0,gap,9
2822,18717986,18717.986,1994,0,gap,9
2823,18727979,18727.979,1985,0,gap,9
2824,18731829,18731.829,1979,0,gap,9
2825,18737978,18737.978,1965,0,gap,9
2826,18747991,18747.991,1967,0,gap,9
2827,18751843,18751.843,1950,0,gap,9
2828,18757970,18757.97,1942,0,gap,9
2829,18767978,18767.978,1968,0,gap,9
2830,18771845,18771.845,1954,0,gap,9
2831,18775704,18775.704,1943,0,gap,9
2832,18787988,18787.988,1941,0,gap,9
2833,18791857,18791.857,1936,0,gap,9
2834,18795729,18795.729,1925,0,gap,9
2835,18807980,18807.98,1931,0,gap,9
2836,18811868,18811.868,1926,0,gap,9
2837,18815752,18815.752,1907,0,gap,9
2838,18827987,18827.987,1930,0,gap,9
2839,18831881,18831.881,1907,0,gap,9
2840,18835778,18835.778,1904,0,gap,9
2841,18847979,18847.979,1915,0,gap,9
2842,18851891,18851.891,1910,0,gap,9
2843,18855790,18855.79,1895,0,gap,9
2844,18867987,18867.987,1901,0,gap,9
2845,18871898,18871.898,1893,0,gap,9
2846,18875812,18875.812,1887,0,gap,9
2847,18887978,18887.978,1887,0,gap,9
2848,18891916,18891.916,1872,0,gap,9
2849,18895832,18895.832,1872,0,gap,9
2850,18907986,18907.986,1879,0,gap,9
2851,18911930,18911.93,1867,0,gap,9
2852,18915879,18915.879,1872,0,gap,9
2853,18927982,18927.982,1861,0,gap,9
2854,18931955,18931.955,1854,0,gap,9
2855,18935915,18935.915,1857,0,gap,9
2856,18947986,18947.986,1859,0,gap,9
2857,18951957,18951.957,1857,0,gap,9
2858,18955935,18955.935,1827,0,gap,9
2859,18967978,18967.978,1839,0,gap,9
2860,18971971,18971.971,1825,0,gap,9
2861,18975946,18975.946,1823,0,gap,9
2862,18987986,18987.986,1831,0,gap,9
2863,18991980,18991.98,1819,0,gap,9
2864,18995982,18995.982,1818,0,gap,9
2865,19007978,19007.978,1815,0,gap,9
2866,19011990,19011.99,1808,0,gap,9
2867,19015990,19015.99,1807,0,gap,9
2868,19027986,19027.986,1806,0,gap,9
2869,19032004,19032.004,1801,0,gap,9
2870,19036017,19036.017,1792,0,gap,9
2871,19047978,19047.978,1809,0,gap,9
2872,19052010,19052.01,1795,0,gap,9
2873,19056025,19056.025,1783,0,gap,9
2874,19067990,19067.99,1792,0,gap,9
2875,19072024,19072.024,1786,0,gap,9
2876,19076057,19076.057,1771,0,gap,9
2877,19087978,19087.978,1797,0,gap,9
2878,19094800,19094.8,1774,0,gap,9
2879,19098621,19098.621,1778,0,gap,9
2880,19107987,19107.987,1778,0,gap,9
2881,19111807,19111.807,1771,0,gap,9
2882,19117986,19117.986,1775,0,gap,9
2883,19127979,19127.979,1767,0,gap,9
2884,19131821,19131.821,1757,0,gap,9
2885,19137982,19137.982,1750,0,gap,9
2886,19147987,19147.987,1749,0,gap,9
2887,19151831,19151.831,1753,0,gap,9
2888,19157970,19157.97,1739,0,gap,9
2889,19167978,19167.978,1755,0,gap,9
2890,19171841,19171.841,1731,0,gap,9
2891,19175687,19175.687,1733,0,gap,9
2892,19187988,19187.988,1742,0,gap,9
2893,19191853,19191.853,1730,0,gap,9
2894,19195717,19195.717,1714,0,gap,9
2895,19207980,19207.98,1739,0,gap,9
2896,19211866,19211.866,1728,0,gap,9
2897,19215733,19215.733,1726,0,gap,9
2898,19227987,19227.987,1718,0,gap,9
2899,19231874,19231.874,1729,0,gap,9
2900,19235759,19235.759,1713,0,gap,9
2901,19247983,19247.983,1733,0,gap,9
2902,19251887,19251.887,1710,0,gap,9
2903,19255778,19255.778,1691,0,gap,9
2904,19267987,19267.987,1712,0,gap,9
2905,19271889,19271.889,1705,0,gap,9
2906,19275799,19275.799,1688,0,gap,9
2907,19287978,19287.978,1700,0,gap,9
2908,19291899,19291.899,1680,0,gap,9
2909,19295808,19295.808,1681,0,gap,9
2910,19307986,19307.986,1687,0,gap,9
2911,19311914,19311.914,1677,0,gap,9
2912,19315848,19315.848,1687,0,gap,9
2913,19327978,19327.978,1678,0,gap,9
2914,19331932,19331.932,1680,0,gap,9
2915,19335887,19335.887,1675,0,gap,9
2916,19347986,19347.986,1683,0,gap,9
2917,19351953,19351.953,1666,0,gap,9
2918,19355919,19355.919,1665,0,gap,9
2919,19367978,19367.978,1687,0,gap,9
2920,19371963,19371.963,1651,0,gap,9
2921,19375931,19375.931,1648,0,gap,9
2922,19387990,19387.99,1667,0,gap,9
2923,19391977,19391.977,1654,0,gap,9
2924,19395966,19395.966,1655,0,gap,9
2925,19407978,19407.978,1648,0,gap,9
2926,19411978,19411.978,1649,0,gap,9
2927,19415970,19415.97,1661,0,gap,9
2928,19427986,19427.986,1662,0,gap,9
2929,19431992,19431.992,1653,0,gap,9
2930,19435997,19435.997,1647,0,gap,9
2931,19447978,19447.978,1648,0,gap,9
2932,19451998,19451.998,1633,0,gap,9
2933,19456013,19456.013,1618,0,gap,9
2934,19467986,19467.986,1630,0,gap,9
2935,19472012,19472.012,1630,0,gap,9
2936,19476040,19476.04,1616,0,gap,9
2937,19487978,19487.978,1645,0,gap,9
2938,19492022,19492.022,1625,0,gap,9
2939,19496052,19496.052,1632,0,gap,9
2940,19502854,19502.854,1621,0,gap,9
2941,19507978,19507.978,1613,0,gap,9
2942,19517987,19517.987,1616,0,gap,9
2943,19521805,19521.805,1605,0,gap,9
2944,19527987,19527.987,1604,0,gap,9
2945,19537979,19537.979,1621,0,gap,9
2946,19541819,19541.819,1611,0,gap,9
2947,19547978,19547.978,1615,0,gap,9
2948,19557987,19557.987,1587,0,gap,9
2949,19561825,19561.825,1603,0,gap,9
2950,19567986,19567.986,1604,0,gap,9
2951,19577979,19577.979,1589,0,gap,9
2952,19581843,19581.843,1594,0,gap,9
2953,19587966,19587.966,1588,0,gap,9
2954,19597990,19597.99,1603,0,gap,9
2955,19601849,19601.849,1595,0,gap,9
2956,19605715,19605.715,1577,0,gap,9
2957,19617980,19617.98,1603,0,gap,9
2958,19621861,19621.861,1575,0,gap,9
2959,19625725,19625.725,1565,0,gap,9
2960,19637988,19637.988,1579,0,gap,9
2961,19641864,19641.864,1568,0,gap,9
2962,19645751,19645.751,1577,0,gap,9
2963,19657979,19657.979,1571,0,gap,9
2964,19661881,19661.881,1563,0,gap,9
2965,19665766,19665.766,1579,0,gap,9
2966,19677987,19677.987,1583,0,gap,9
2967,19681887,19681.887,1573,0,gap,9
2968,19685798,19685.798,1575,0,gap,9
2969,19697979,19697.979,1575,0,gap,9
2970,19701910,19701.91,1555,0,gap,9
2971,19705816,19705.816,1535,0,gap,9
2972,19717986,19717.986,1552,0,gap,9
2973,19721903,19721.903,1558,0,gap,9
2974,19725836,19725.836,1535,0,gap,9
2975,19737978,19737.978,1535,0,gap,9
2976,19741938,19741.938,1535,0,gap,9
2977,19745879,19745.879,1535,0,gap,9
2978,19757986,19757.986,1535,0,gap,9
2979,19761947,19761.947,1554,0,gap,9
2980,19765915,19765.915,1535,0,gap,9
2981,19777982,19777.982,1559,0,gap,9
2982,19781969,19781.969,1535,0,gap,9
2983,19785935,19785.935,1521,0,gap,9
2984,19797986,19797.986,1535,0,gap,9
2985,19801967,19801.967,1534,0,gap,9
2986,19805962,19805.962,1518,0,gap,9
2987,19817978,19817.978,1535,0,gap,9
2988,19821984,19821.984,1507,0,gap,9
2989,19825965,19825.965,1511,0,gap,9
2990,19837986,19837.986,1529,0,gap,9
2991,19841986,19841.986,1508,0,gap,9
2992,19846001,19846.001,1511,0,gap,9
2993,19857978,19857.978,1506,0,gap,9
2994,19862000,19862.0,1521,0,gap,9
2995,19866001,19866.001,1521,0,gap,9
2996,19877986,19877.986,1518,0,gap,9
2997,19882010,19882.01,1511,0,gap,9
2998,19886040,19886.04,1499,0,gap,9
2999,19897978,19897.978,1529,0,gap,9
3000,19902023,19902.023,1501,0,gap,9
3001,19906047,19906.047,1491,0,gap,9
3002,19917990,19917.99,1527,0,gap,9
3003,19924840,19924.84,1517,0,gap,9
3004,19928647,19928.647,1502,0,gap,9
3005,19937979,19937.979,1532,1,pulse,10
3006,19941903,19941.903,4095,1,pulse,10
3007,19947979,19947.979,4095,1,pulse,10
3008,19957984,19957.984,4095,1,pulse,10
3009,19961748,19961.748,4095,1,pulse,10
3010,19967983,19967.983,4095,1,pulse,10
3011,19977976,19977.976,4095,0,gap,10
3012,19981992,19981.992,2975,0,gap,10
3013,19987979,19987.979,2835,0,gap,10
3014,19997988,19997.988,2768,0,gap,10
3015,20001848,20001.848,2750,0,gap,10
3016,20007987,20007.987,2735,0,gap,10
3017,20017984,20017.984,2695,0,gap,10
3018,20021871,20021.871,2669,0,gap,10
3019,20027979,20027.979,2671,0,gap,10
3020,20037988,20037.988,2645,0,gap,10
3021,20041864,20041.864,2631,0,gap,10
3022,20047987,20047.987,2629,0,gap,10
3023,20057980,20057.98,2623,0,gap,10
3024,20061887,20061.887,2613,0,gap,10
3025,20067979,20067.979,2590,0,gap,10
3026,20077988,20077.988,2587,0,gap,10
3027,20081885,20081.885,2592,0,gap,10
3028,20087987,20087.987,2549,0,gap,10
3029,20097979,20097.979,2559,0,gap,10
3030,20101907,20101.907,2546,0,gap,10
3031,20107979,20107.979,2531,0,gap,10
3032,20117987,20117.987,2517,0,gap,10
3033,20121911,20121.911,2513,0,gap,10
3034,20127987,20127.987,2511,0,gap,10
3035,20137979,20137.979,2511,0,gap,10
3036,20141928,20141.928,2497,0,gap,10
3037,20147979,20147.979,2480,0,gap,10
3038,20157987,20157.987,2487,0,gap,10
3039,20161943,20161.943,2475,0,gap,10
3040,20167987,20167.987,2461,0,gap,10
3041,20177979,20177.979,2469,0,gap,10
3042,20181964,20181.964,2443,0,gap,10
3043,20187979,20187.979,2448,0,gap,10
3044,20197987,20197.987,2434,0,gap,10
3045,20201966,20201.966,2429,0,gap,10
3046,20207986,20207.986,2421,0,gap,10
3047,20217979,20217.979,2422,0,gap,10
3048,20221987,20221.987,2413,0,gap,10
3049,20227982,20227.982,2401,0,gap,10
3050,20237987,20237.987,2394,0,gap,10
3051,20241985,20241.985,2385,0,gap,10
3052,20247986,20247.986,2379,0,gap,10
3053,20257979,20257.979,2382,0,gap,10
3054,20262007,20262.007,2378,0,gap,10
3055,20267978,20267.978,2361,0,gap,10
3056,20277987,20277.987,2369,0,gap,10
3057,20282004,20282.004,2345,0,gap,10
3058,20287986,20287.986,2343,0,gap,10
3059,20297979,20297.979,2346,0,gap,10
3060,20302026,20302.026,2346,0,gap,10
3061,20307978,20307.978,2325,0,gap,10
3062,20317987,20317.987,2327,0,gap,10
3063,20322028,20322.028,2306,0,gap,10
3064,20327974,20327.974,2306,0,gap,10
3065,20334790,20334.79,2302,0,gap,10
3066,20347987,20347.987,2297,0,gap,10
3067,20351819,20351.819,2303,0,gap,10
3068,20355651,20355.651,2269,0,gap,10
3069,20367979,20367.979,2287,0,gap,10
3070,20371826,20371.826,2265,0,gap,10
3071,20375664,20375.664,2273,0,gap,10
3072,20387987,20387.987,2261,0,gap,10
3073,20391832,20391.832,2266,0,gap,10
3074,20395680,20395.68,2251,0,gap,10
3075,20407979,20407.979,2245,0,gap,10
3076,20411846,20411.846,2239,0,gap,10
3077,20415701,20415.701,2231,0,gap,10
3078,20427987,20427.987,2229,0,gap,10
3079,20431857,20431.857,2230,0,gap,10
3080,20435730,20435.73,2226,0,gap,10
3081,20447983,20447.983,2225,0,gap,10
3082,20451871,20451.871,2194,0,gap,10
3083,20455746,20455.746,2180,0,gap,10
3084,20467987,20467.987,2206,0,gap,10
3085,20471877,20471.877,2197,0,gap,10
3086,20475768,20475.768,2179,0,gap,10
3087,20487979,20487.979,2191,0,gap,10
3088,20491888,20491.888,2167,0,gap,10
3089,20495784,20495.784,2157,0,gap,10
3090,20507987,20507.987,2175,0,gap,10
3091,20511897,20511.897,2161,0,gap,10
3092,20515812,20515.812,2163,0,gap,10
3093,20527979,20527.979,2157,0,gap,10
3094,20531904,20531.904,2147,0,gap,10
3095,20535821,20535.821,2131,0,gap,10
3096,20547987,20547.987,2138,0,gap,10
3097,20551919,20551.919,2129,0,gap,10
3098,20555854,20555.854,2113,0,gap,10
3099,20567979,20567.979,2135,0,gap,10
3100,20571937,20571.937,2111,0,gap,10
3101,20575883,20575.883,2102,0,gap,10
3102,20587987,20587.987,2119,0,gap,10
3103,20591962,20591.962,2111,0,gap,10
3104,20595937,20595.937,2081,0,gap,10
3105,20607979,20607.979,2096,0,gap,10
3106,20611964,20611.964,2092,0,gap,10
3107,20615937,20615.937,2092,0,gap,10
3108,20627987,20627.987,2079,0,gap,10
3109,20631978,20631.978,2081,0,gap,10
3110,20635968,20635.968,2065,0,gap,10
3111,20647978,20647.978,2065,0,gap,10
3112,20651988,20651.988,2047,0,gap,10
3113,20655988,20655.988,2045,0,gap,10
3114,20667986,20667.986,2057,0,gap,10
3115,20671993,20671.993,2047,0,gap,10
3116,20676007,20676.007,2018,0,gap,10
3117,20687978,20687.978,2037,0,gap,10
3118,20692003,20692.003,2014,0,gap,10
3119,20696023,20696.023,2019,0,gap,10
3120,20707986,20707.986,2029,0,gap,10
3121,20712013,20712.013,2021,0,gap,10
3122,20716042,20716.042,2006,0,gap,10
3123,20727978,20727.978,2031,0,gap,10
3124,20732031,20732.031,1995,0,gap,10
3125,20736067,20736.067,1997,0,gap,10
3126,20747986,20747.986,1999,0,gap,10
3127,20752038,20752.038,1989,0,gap,10
3128,20758878,20758.878,1973,0,gap,10
3129,20762709,20762.709,1979,0,gap,10
3130,20767987,20767.987,1968,0,gap,10
3131,20777980,20777.98,1972,0,gap,10
3132,20781822,20781.822,1967,0,gap,10
3133,20787979,20787.979,1955,0,gap,10
3134,20797988,20797.988,1963,0,gap,10
3135,20801840,20801.84,1955,0,gap,10
3136,20807987,20807.987,1937,0,gap,10
3137,20817980,20817.98,1939,0,gap,10
3138,20821843,20821.843,1935,0,gap,10
3139,20827979,20827.979,1921,0,gap,10
3140,20837988,20837.988,1930,0,gap,10
3141,20841852,20841.852,1914,0,gap,10
3142,20847987,20847.987,1938,0,gap,10
3143,20857980,20857.98,1918,0,gap,10
3144,20861867,20861.867,1907,0,gap,10
3145,20867983,20867.983,1916,0,gap,10
3146,20877988,20877.988,1915,0,gap,10
3147,20881873,20881.873,1904,0,gap,10
3148,20887987,20887.987,1904,0,gap,10
3149,20897980,20897.98,1903,0,gap,10
3150,20901887,20901.887,1898,0,gap,10
3151,20907979,20907.979,1884,0,gap,10
3152,20917987,20917.987,1877,0,gap,10
3153,20921893,20921.893,1887,0,gap,10
3154,20927987,20927.987,1883,0,gap,10
3155,20937979,20937.979,1877,0,gap,10
3156,20941908,20941.908,1878,0,gap,10
3157,20947979,20947.979,1872,0,gap,10
3158,20957987,20957.987,1862,0,gap,10
3159,20961919,20961.919,1870,0,gap,10
3160,20967987,20967.987,1854,0,gap,10
3161,20977983,20977.983,1866,0,gap,10
3162,20981933,20981.933,1862,0,gap,10
3163,20987979,20987.979,1853,0,gap,10
3164,20997987,20997.987,1834,0,gap,10
3165,21001960,21001.96,1830,0,gap,10
3166,21007987,21007.987,1813,0,gap,10
3167,21017979,21017.979,1846,0,gap,10
3168,21021968,21021.968,1833,0,gap,10
3169,21027978,21027.978,1809,0,gap,10
3170,21037987,21037.987,1808,0,gap,10
3171,21041973,21041.973,1820,0,gap,10
3172,21047986,21047.986,1808,0,gap,10
3173,21057979,21057.979,1821,0,gap,10
3174,21061983,21061.983,1808,0,gap,10
3175,21067978,21067.978,1810,0,gap,10
3176,21077987,21077.987,1808,0,gap,10
3177,21081997,21081.997,1798,0,gap,10
3178,21087986,21087.986,1797,0,gap,10
3179,21097979,21097.979,1803,0,gap,10
3180,21102003,21102.003,1792,0,gap,10
3181,21107978,21107.978,1779,0,gap,10
3182,21117987,21117.987,1791,0,gap,10
3183,21122020,21122.02,1771,0,gap,10
3184,21127986,21127.986,1783,0,gap,10
3185,21137979,21137.979,1773,0,gap,10
3186,21142022,21142.022,1767,0,gap,10
3187,21147970,21147.97,1769,0,gap,10
3188,21157987,21157.987,1770,0,gap,10
3189,21162032,21162.032,1762,0,gap,10
3190,21168856,21168.856,1755,0,gap,10
3191,21177966,21177.966,1759,0,gap,10
3192,21181809,21181.809,1754,0,gap,10
3193,21187982,21187.982,1759,0,gap,10
3194,21197987,21197.987,1763,0,gap,10
3195,21201823,21201.823,1745,0,gap,10
3196,21207986,21207.986,1725,0,gap,10
3197,21217978,21217.978,1739,0,gap,10
3198,21221832,21221.832,1729,0,gap,10
3199,21227978,21227.978,1742,0,gap,10
3200,21237986,21237.986,1730,0,gap,10
3201,21241842,21241.842,1719,0,gap,10
3202,21247970,21247.97,1735,0,gap,10
3203,21257978,21257.978,1737,0,gap,10
3204,21261857,21261.857,1710,0,gap,10
3205,21265723,21265.723,1712,0,gap,10
3206,21277988,21277.988,1726,0,gap,10
3207,21281868,21281.868,1721,0,gap,10
3208,21285752,21285.752,1712,0,gap,10
3209,21297984,21297.984,1711,0,gap,10
3210,21301883,21301.883,1701,0,gap,10
3211,21305766,21305.766,1682,0,gap,10
3212,21317988,21317.988,1703,0,gap,10
3213,21321889,21321.889,1695,0,gap,10
3214,21325794,21325.794,1680,0,gap,10
3215,21337980,21337.98,1690,0,gap,10
3216,21341899,21341.899,1680,0,gap,10
3217,21345802,21345.802,1690,0,gap,10
3218,21357988,21357.988,1677,0,gap,10
3219,21361906,21361.906,1687,0,gap,10
3220,21365836,21365.836,1665,0,gap,10
3221,21377980,21377.98,1683,0,gap,10
3222,21381917,21381.917,1680,0,gap,10
3223,21385845,21385.845,1670,0,gap,10
3224,21397988,21397.988,1677,0,gap,10
3225,21401939,21401.939,1674,0,gap,10
3226,21405889,21405.889,1651,0,gap,10
3227,21417980,21417.98,1678,0,gap,10
3228,21421960,21421.96,1648,0,gap,10
3229,21425923,21425.923,1665,0,gap,10
3230,21437987,21437.987,1662,0,gap,10
3231,21441973,21441.973,1651,0,gap,10
3232,21445959,21445.959,1660,0,gap,10
3233,21457979,21457.979,1665,0,gap,10
3234,21461975,21461.975,1659,0,gap,10
3235,21465962,21465.962,1649,0,gap,10
3236,21477987,21477.987,1646,0,gap,10
3237,21481989,21481.989,1641,0,gap,10
3238,21485989,21485.989,1648,0,gap,10
3239,21497979,21497.979,1647,0,gap,10
3240,21501998,21501.998,1637,0,gap,10
3241,21506009,21506.009,1633,0,gap,10
3242,21517987,21517.987,1635,0,gap,10
3243,21522004,21522.004,1617,0,gap,10
3244,21526024,21526.024,1616,0,gap,10
3245,21537979,21537.979,1648,0,gap,10
3246,21542014,21542.014,1626,0,gap,10
3247,21546044,21546.044,1618,0,gap,10
3248,21557987,21557.987,1626,0,gap,10
3249,21562024,21562.024,1617,0,gap,10
3250,21566064,21566.064,1615,0,gap,10
3251,21577979,21577.979,1618,0,gap,10
3252,21582038,21582.038,1626,0,gap,10
3253,21588872,21588.872,1616,0,gap,10
3254,21592702,21592.702,1602,0,gap,10
3255,21597979,21597.979,1600,0,gap,10
3256,21607988,21607.988,1615,0,gap,10
3257,21611830,21611.83,1594,0,gap,10
3258,21617988,21617.988,1589,0,gap,10
3259,21627980,21627.98,1595,0,gap,10
3260,21631832,21631.832,1595,0,gap,10
3261,21637980,21637.98,1591,0,gap,10
3262,21647988,21647.988,1598,0,gap,10
3263,21651851,21651.851,1589,0,gap,10
3264,21657987,21657.987,1582,0,gap,10
3265,21667980,21667.98,1598,0,gap,10
3266,21671857,21671.857,1575,0,gap,10
3267,21677979,21677.979,1570,0,gap,10
3268,21687988,21687.988,1587,0,gap,10
3269,21691863,21691.863,1574,0,gap,10
3270,21697987,21697.987,1573,0,gap,10
3271,21707980,21707.98,1573,0,gap,10
3272,21711877,21711.877,1570,0,gap,10
3273,21717983,21717.983,1585,0,gap,10
3274,21727988,21727.988,1567,0,gap,10
3275,21731887,21731.887,1578,0,gap,10
3276,21737987,21737.987,1558,0,gap,10
3277,21747980,21747.98,1573,0,gap,10
3278,21751893,21751.893,1535,0,gap,10
3279,21757979,21757.979,1557,0,gap,10
3280,21767988,21767.988,1563,0,gap,10
3281,21771904,21771.904,1535,0,gap,10
3282,21777987,21777.987,1555,0,gap,10
3283,21787979,21787.979,1535,0,gap,10
3284,21791923,21791.923,1535,0,gap,10
3285,21797979,21797.979,1535,0,gap,10
3286,21807987,21807.987,1535,0,gap,10
3287,21811929,21811.929,1535,0,gap,10
3288,21817987,21817.987,1535,0,gap,10
3289,21827983,21827.983,1535,0,gap,10
3290,21831969,21831.969,1535,0,gap,10
3291,21837979,21837.979,1531,0,gap,10
3292,21847987,21847.987,1535,0,gap,10
3293,21851968,21851.968,1519,0,gap,10
3294,21857987,21857.987,1525,0,gap,10
3295,21867979,21867.979,1523,0,gap,10
3296,21871978,21871.978,1553,1,pulse,11
3297,21877987,21877.987,4095,1,pulse,11
3298,21887983,21887.983,4095,1,pulse,11
3299,21891921,21891.921,4095,1,pulse,11
3300,21897983,21897.983,4095,1,pulse,11
3301,21907976,21907.976,4095,1,pulse,11
3302,21911927,21911.927,4095,0,gap,11
3303,21917988,21917.988,2896,0,gap,11
3304,21927992,21927.992,2797,0,gap,11
3305,21932017,21932.017,2753,0,gap,11
3306,21937987,21937.987,2735,0,gap,11
3307,21947980,21947.98,2700,0,gap,11
3308,21952023,21952.023,2677,0,gap,11
3309,21957983,21957.983,2673,0,gap,11
3310,21967988,21967.988,2635,0,gap,11
3311,21972037,21972.037,2627,0,gap,11
3312,21977987,21977.987,2619,0,gap,11
3313,21987980,21987.98,2625,0,gap,11
3314,21992043,21992.043,2599,0,gap,11
3315,21998905,21998.905,2602,0,gap,11
3316,22007987,22007.987,2595,0,gap,11
3317,22011819,22011.819,2559,0,gap,11
3318,22017987,22017.987,2559,0,gap,11
3319,22027980,22027.98,2552,0,gap,11
3320,22031845,22031.845,2543,0,gap,11
3321,22037979,22037.979,2528,0,gap,11
3322,22047988,22047.988,2527,0,gap,11
3323,22051843,22051.843,2519,0,gap,11
3324,22057987,22057.987,2512,0,gap,11
3325,22067984,22067.984,2509,0,gap,11
3326,22071861,22071.861,2485,0,gap,11
3327,22077979,22077.979,2483,0,gap,11
3328,22087987,22087.987,2487,0,gap,11
3329,22091864,22091.864,2488,0,gap,11
3330,22097987,22097.987,2469,0,gap,11
3331,22107979,22107.979,2446,0,gap,11
3332,22111881,22111.881,2438,0,gap,11
3333,22117979,22117.979,2451,0,gap,11
3334,22127987,22127.987,2430,0,gap,11
3335,22131884,22131.884,2432,0,gap,11
3336,22137991,22137.991,2413,0,gap,11
3337,22147979,22147.979,2416,0,gap,11
3338,22151894,22151.894,2408,0,gap,11
3339,22157979,22157.979,2395,0,gap,11
3340,22167987,22167.987,2415,0,gap,11
3341,22171912,22171.912,2373,0,gap,11
3342,22177987,22177.987,2371,0,gap,11
3343,22187979,22187.979,2369,0,gap,11
3344,22191919,22191.919,2375,0,gap,11
3345,22197978,22197.978,2353,0,gap,11
3346,22207987,22207.987,2372,0,gap,11
3347,22211929,22211.929,2345,0,gap,11
3348,22217986,22217.986,2350,0,gap,11
3349,22227979,22227.979,2351,0,gap,11
3350,22231947,22231.947,2322,0,gap,11
3351,22237978,22237.978,2315,0,gap,11
3352,22247991,22247.991,2333,0,gap,11
3353,22251973,22251.973,2329,0,gap,11
3354,22257986,22257.986,2309,0,gap,11
3355,22267979,22267.979,2311,0,gap,11
3356,22271979,22271.979,2293,0,gap,11
3357,22277982,22277.982,2288,0,gap,11
3358,22287987,22287.987,2293,0,gap,11
3359,22291988,22291.988,2272,0,gap,11
3360,22297974,22297.974,2263,0,gap,11
3361,22307979,22307.979,2272,0,gap,11
3362,22311994,22311.994,2247,0,gap,11
3363,22317966,22317.966,2243,0,gap,11
3364,22327986,22327.986,2243,0,gap,11
3365,22332003,22332.003,2237,0,gap,11
3366,22336024,22336.024,2233,0,gap,11
3367,22347980,22347.98,2230,0,gap,11
3368,22352023,22352.023,2224,0,gap,11
3369,22356049,22356.049,2209,0,gap,11
3370,22367988,22367.988,2213,0,gap,11
3371,22372025,22372.025,2197,0,gap,11
3372,22376065,22376.065,2203,0,gap,11
3373,22387984,22387.984,2197,0,gap,11
3374,22392039,22392.039,2187,0,gap,11
3375,22396085,22396.085,2198,0,gap,11
3376,22407988,22407.988,2192,0,gap,11
3377,22412046,22412.046,2170,0,gap,11
3378,22418878,22418.878,2160,0,gap,11
3379,22422705,22422.705,2175,0,gap,11
3380,22437987,22437.987,2176,0,gap,11
3381,22441824,22441.824,2166,0,gap,11
3382,22445676,22445.676,2163,0,gap,11
3383,22457979,22457.979,2144,0,gap,11
3384,22461849,22461.849,2140,0,gap,11
3385,22465691,22465.691,2142,0,gap,11
3386,22477987,22477.987,2149,0,gap,11
3387,22481844,22481.844,2135,0,gap,11
3388,22485716,22485.716,2130,0,gap,11
3389,22497983,22497.983,2131,0,gap,11
3390,22501870,22501.87,2113,0,gap,11
3391,22505737,22505.737,2112,0,gap,11
3392,22517987,22517.987,2119,0,gap,11
3393,22521868,22521.868,2106,0,gap,11
3394,22525757,22525.757,2092,0,gap,11
3395,22537979,22537.979,2101,0,gap,11
3396,22541882,22541.882,2087,0,gap,11
3397,22545770,22545.77,2091,0,gap,11
3398,22557987,22557.987,2090,0,gap,11
3399,22561889,22561.889,2078,0,gap,11
3400,22565807,22565.807,2073,0,gap,11
3401,22577979,22577.979,2074,0,gap,11
3402,22581903,22581.903,2055,0,gap,11
3403,22585811,22585.811,2043,0,gap,11
3404,22597987,22597.987,2047,0,gap,11
3405,22601913,22601.913,2032,0,gap,11
3406,22605843,22605.843,2032,0,gap,11
3407,22617979,22617.979,2040,0,gap,11
3408,22621928,22621.928,2019,0,gap,11
3409,22625853,22625.853,2022,0,gap,11
3410,22637987,22637.987,2029,0,gap,11
3411,22641930,22641.93,2019,0,gap,11
3412,22645882,22645.882,2015,0,gap,11
3413,22657979,22657.979,2015,0,gap,11
3414,22661953,22661.953,1999,0,gap,11
3415,22665926,22665.926,2005,0,gap,11
3416,22677991,22677.991,2005,0,gap,11
3417,22681978,22681.978,2003,0,gap,11
3418,22685964,22685.964,1981,0,gap,11
3419,22697979,22697.979,1971,0,gap,11
3420,22701980,22701.98,1972,0,gap,11
3421,22705972,22705.972,1968,0,gap,11
3422,22717986,22717.986,1982,0,gap,11
3423,22721993,22721.993,1974,0,gap,11
3424,22726004,22726.004,1955,0,gap,11
3425,22737978,22737.978,1954,0,gap,11
3426,22741999,22741.999,1947,0,gap,11
3427,22746015,22746.015,1942,0,gap,11
3428,22757986,22757.986,1942,0,gap,11
3429,22762013,22762.013,1958,0,gap,11
3430,22766043,22766.043,1933,0,gap,11
3431,22777978,22777.978,1949,0,gap,11
3432,22782027,22782.027,1933,0,gap,11
3433,22786054,22786.054,1932,0,gap,11
3434,22797986,22797.986,1939,0,gap,11
3435,22802028,22802.028,1926,0,gap,11
3436,22806078,22806.078,1919,0,gap,11
3437,22817982,22817.982,1914,0,gap,11
3438,22822046,22822.046,1903,0,gap,11
3439,22826098,22826.098,1903,0,gap,11
3440,22832929,22832.929,1903,0,gap,11
3441,22837978,22837.978,1898,0,gap,11
3442,22847988,22847.988,1906,0,gap,11
3443,22851826,22851.826,1887,0,gap,11
3444,22857987,22857.987,1873,0,gap,11
3445,22867980,22867.98,1875,0,gap,11
3446,22871841,22871.841,1875,0,gap,11
3447,22877979,22877.979,1872,0,gap,11
3448,22887992,22887.992,1882,0,gap,11
3449,22891847,22891.847,1879,0,gap,11
3450,22897987,22897.987,1856,0,gap,11
3451,22907980,22907.98,1866,0,gap,11
3452,22911861,22911.861,1847,0,gap,11
3453,22917983,22917.983,1855,0,gap,11
3454,22927988,22927.988,1872,0,gap,11
3455,22931867,22931.867,1843,0,gap,11
3456,22937987,22937.987,1842,0,gap,11
3457,22947979,22947.979,1850,0,gap,11
3458,22951881,22951.881,1838,0,gap,11
3459,22957979,22957.979,1840,0,gap,11
3460,22967987,22967.987,1847,0,gap,11
3461,22971887,22971.887,1837,0,gap,11
3462,22977987,22977.987,1816,0,gap,11
3463,22987979,22987.979,1823,0,gap,11
3464,22991910,22991.91,1808,0,gap,11
3465,22997979,22997.979,1817,0,gap,11
3466,23007987,23007.987,1810,0,gap,11
3467,23011904,23011.904,1808,0,gap,11
3468,23017987,23017.987,1795,0,gap,11
3469,23027983,23027.983,1815,0,gap,11
3470,23031931,23031.931,1804,0,gap,11
3471,23037979,23037.979,1787,0,gap,11
3472,23047987,23047.987,1806,0,gap,11
3473,23051929,23051.929,1795,0,gap,11
3474,23057986,23057.986,1789,0,gap,11
3475,23067979,23067.979,1787,0,gap,11
3476,23071951,23071.951,1776,0,gap,11
3477,23077978,23077.978,1775,0,gap,11
3478,23087987,23087.987,1780,0,gap,11
3479,23091969,23091.969,1776,0,gap,11
3480,23097990,23097.99,1767,0,gap,11
3481,23107979,23107.979,1762,0,gap,11
3482,23111982,23111.982,1763,0,gap,11
3483,23117978,23117.978,1749,0,gap,11
3484,23127987,23127.987,1766,0,gap,11
3485,23131992,23131.992,1744,0,gap,11
3486,23137986,23137.986,1744,0,gap,11
3487,23147979,23147.979,1744,0,gap,11
3488,23152005,23152.005,1746,0,gap,11
3489,23157978,23157.978,1750,0,gap,11
3490,23167987,23167.987,1757,0,gap,11
3491,23172007,23172.007,1732,0,gap,11
3492,23177974,23177.974,1740,0,gap,11
3493,23187979,23187.979,1727,0,gap,11
3494,23192037,23192.037,1742,0,gap,11
3495,23196063,23196.063,1725,0,gap,11
3496,23207992,23207.992,1723,0,gap,11
3497,23212028,23212.028,1709,0,gap,11
3498,23216076,23216.076,1712,0,gap,11
3499,23227980,23227.98,1739,0,gap,11
3500,23232042,23232.042,1712,0,gap,11
3501,23236087,23236.087,1702,0,gap,11
3502,23247988,23247.988,1712,0,gap,11
3503,23254849,23254.849,1710,0,gap,11
3504,23258680,23258.68,1693,0,gap,11
3505,23267979,23267.979,1685,0,gap,11
3506,23271831,23271.831,1699,0,gap,11
3507,23277979,23277.979,1707,0,gap,11
3508,23287987,23287.987,1702,0,gap,11
3509,23291838,23291.838,1697,0,gap,11
3510,23297987,23297.987,1680,0,gap,11
3511,23307979,23307.979,1702,0,gap,11
3512,23311859,23311.859,1696,0,gap,11
3513,23317979,23317.979,1687,0,gap,11
3514,23327987,23327.987,1695,0,gap,11
3515,23331858,23331.858,1681,0,gap,11
3516,23337987,23337.987,1671,0,gap,11
3517,23347983,23347.983,1674,0,gap,11
3518,23351881,23351.881,1665,0,gap,11
3519,23357979,23357.979,1664,0,gap,11
3520,23367987,23367.987,1660,0,gap,11
3521,23371874,23371.874,1662,0,gap,11
3522,23377986,23377.986,1666,0,gap,11
3523,23387979,23387.979,1660,0,gap,11
3524,23391893,23391.893,1664,0,gap,11
3525,23397978,23397.978,1655,0,gap,11
3526,23407987,23407.987,1663,0,gap,11
3527,23411899,23411.899,1653,0,gap,11
3528,23417990,23417.99,1639,0,gap,11
3529,23427979,23427.979,1637,0,gap,11
3530,23431913,23431.913,1654,0,gap,11
3531,23437978,23437.978,1635,0,gap,11
3532,23447987,23447.987,1639,0,gap,11
3533,23451925,23451.925,1629,0,gap,11
3534,23457986,23457.986,1647,0,gap,11
3535,23467979,23467.979,1642,0,gap,11
3536,23471938,23471.938,1633,0,gap,11
3537,23477978,23477.978,1630,0,gap,11
3538,23487987,23487.987,1623,0,gap,11
3539,23491952,23491.952,1621,0,gap,11
3540,23497974,23497.974,1615,0,gap,11
3541,23507978,23507.978,1625,0,gap,11
3542,23511974,23511.974,1614,0,gap,11
3543,23517966,23517.966,1607,0,gap,11
3544,23527990,23527.99,1628,0,gap,11
3545,23531983,23531.983,1615,0,gap,11
3546,23535988,23535.988,1594,0,gap,11
3547,23547980,23547.98,1611,0,gap,11
3548,23551995,23551.995,1614,0,gap,11
3549,23555997,23555.997,1600,0,gap,11
3550,23567988,23567.988,1616,0,gap,11
3551,23572000,23572.0,1606,0,gap,11
3552,23576024,23576.024,1589,0,gap,11
3553,23587980,23587.98,1603,0,gap,11
3554,23592014,23592.014,1600,0,gap,11
3555,23596036,23596.036,1584,0,gap,11
3556,23607988,23607.988,1595,0,gap,11
3557,23612016,23612.016,1590,0,gap,11
3558,23616059,23616.059,1586,0,gap,11
3559,23627980,23627.98,1601,0,gap,11
3560,23632041,23632.041,1591,0,gap,11
3561,23636079,23636.079,1570,0,gap,11
3562,23647988,23647.988,1585,0,gap,11
3563,23652035,23652.035,1581,0,gap,11
3564,23656094,23656.094,1559,0,gap,11
3565,23662905,23662.905,1568,0,gap,11
3566,23677986,23677.986,1589,0,gap,11
3567,23681833,23681.833,1584,0,gap,11
3568,23685675,23685.675,1566,0,gap,11
3569,23697979,23697.979,1599,0,gap,11
3570,23701836,23701.836,1535,0,gap,11
3571,23705685,23705.685,1571,0,gap,11
3572,23717987,23717.987,1571,0,gap,11
3573,23721842,23721.842,1567,0,gap,11
3574,23725705,23725.705,1535,0,gap,11
3575,23737979,23737.979,1567,0,gap,11
3576,23741860,23741.86,1563,0,gap,11
3577,23745721,23745.721,1568,0,gap,11
3578,23757987,23757.987,1559,0,gap,11
3579,23761867,23761.867,1575,0,gap,11
3580,23765750,23765.75,1567,0,gap,11
3581,23777983,23777.983,1570,0,gap,11
3582,23781881,23781.881,1535,0,gap,11
3583,23785766,23785.766,1557,0,gap,11
3584,23797987,23797.987,1569,0,gap,11
3585,23801883,23801.883,1555,0,gap,11
3586,23805784,23805.784,1530,0,gap,11
3587,23817979,23817.979,1553,0,gap,11
3588,23821894,23821.894,1535,0,gap,11
3589,23825800,23825.8,1535,0,gap,11
3590,23837987,23837.987,1535,0,gap,11
3591,23841907,23841.907,1554,0,gap,11
3592,23845836,23845.836,1533,0,gap,11
3593,23857979,23857.979,1535,0,gap,11
3594,23861918,23861.918,1527,0,gap,11
3595,23865846,23865.846,1517,0,gap,11
3596,23877987,23877.987,1584,1,pulse,12
3597,23882021,23882.021,4095,1,pulse,12
3598,23885904,23885.904,4095,1,pulse,12
3599,23897975,23897.975,4095,1,pulse,12
3600,23901877,23901.877,4095,1,pulse,12
3601,23905767,23905.767,4095,1,pulse,12
3602,23917988,23917.988,4095,0,gap,12
3603,23922125,23922.125,3062,0,gap,12
3604,23926128,23926.128,2914,0,gap,12
3605,23937979,23937.979,2775,0,gap,12
3606,23941989,23941.989,2774,0,gap,12
3607,23945989,23945.989,2726,0,gap,12
3608,23957987,23957.987,2721,0,gap,12
3609,23961994,23961.994,2692,0,gap,12
3610,23966005,23966.005,2681,0,gap,12
3611,23977979,23977.979,2670,0,gap,12
3612,23982012,23982.012,2661,0,gap,12
3613,23986024,23986.024,2642,0,gap,12
3614,23997987,23997.987,2618,0,gap,12
3615,24002018,24002.018,2615,0,gap,12
3616,24006051,24006.051,2607,0,gap,12
3617,24017979,24017.979,2606,0,gap,12
3618,24022031,24022.031,2559,0,gap,12
3619,24026067,24026.067,2583,0,gap,12
3620,24037987,24037.987,2559,0,gap,12
3621,24042037,24042.037,2559,0,gap,12
3622,24046090,24046.09,2549,0,gap,12
3623,24057979,24057.979,2557,0,gap,12
3624,24062047,24062.047,2538,0,gap,12
3625,24066102,24066.102,2520,0,gap,12
3626,24077987,24077.987,2526,0,gap,12
3627,24082058,24082.058,2498,0,gap,12
3628,24088947,24088.947,2499,0,gap,12
3629,24092765,24092.765,2486,0,gap,12
3630,24097987,24097.987,2481,0,gap,12
3631,24107980,24107.98,2480,0,gap,12
3632,24111845,24111.845,2462,0,gap,12
3633,24117980,24117.98,2458,0,gap,12
3634,24127988,24127.988,2465,0,gap,12
3635,24131851,24131.851,2441,0,gap,12
3636,24137987,24137.987,2448,0,gap,12
3637,24147980,24147.98,2443,0,gap,12
3638,24151861,24151.861,2434,0,gap,12
3639,24157979,24157.979,2415,0,gap,12
3640,24167988,24167.988,2413,0,gap,12
3641,24171872,24171.872,2411,0,gap,12
3642,24177987,24177.987,2384,0,gap,12
3643,24187980,24187.98,2407,0,gap,12
3644,24191890,24191.89,2384,0,gap,12
3645,24197979,24197.979,2389,0,gap,12
3646,24207988,24207.988,2379,0,gap,12
3647,24211896,24211.896,2363,0,gap,12
3648,24217987,24217.987,2357,0,gap,12
3649,24227980,24227.98,2374,0,gap,12
3650,24231911,24231.911,2352,0,gap,12
3651,24237979,24237.979,2341,0,gap,12
3652,24247987,24247.987,2333,0,gap,12
3653,24251912,24251.912,2320,0,gap,12
3654,24257987,24257.987,2320,0,gap,12
3655,24267979,24267.979,2325,0,gap,12
3656,24271927,24271.927,2295,0,gap,12
3657,24277979,24277.979,2320,0,gap,12
3658,24287987,24287.987,2290,0,gap,12
3659,24291934,24291.934,2298,0,gap,12
3660,24297991,24297.991,2287,0,gap,12
3661,24307979,24307.979,2295,0,gap,12
3662,24311947,24311.947,2293,0,gap,12
3663,24317979,24317.979,2279,0,gap,12
3664,24327987,24327.987,2287,0,gap,12
3665,24331983,24331.983,2270,0,gap,12
3666,24337987,24337.987,2262,0,gap,12
3667,24347979,24347.979,2246,0,gap,12
3668,24351991,24351.991,2244,0,gap,12
3669,24357978,24357.978,2249,0,gap,12
3670,24367987,24367.987,2239,0,gap,12
3671,24372001,24372.001,2229,0,gap,12
3672,24377986,24377.986,2223,0,gap,12
3673,24387979,24387.979,2217,0,gap,12
3674,24392002,24392.002,2198,0,gap,12
3675,24397978,24397.978,2209,0,gap,12
3676,24407991,24407.991,2212,0,gap,12
3677,24412020,24412.02,2199,0,gap,12
3678,24417986,24417.986,2188,0,gap,12
3679,24427979,24427.979,2198,0,gap,12
3680,24432026,24432.026,2181,0,gap,12
3681,24437978,24437.978,2183,0,gap,12
3682,24447987,24447.987,2171,0,gap,12
3683,24452031,24452.031,2169,0,gap,12
3684,24457986,24457.986,2160,0,gap,12
3685,24467979,24467.979,2155,0,gap,12
3686,24472041,24472.041,2159,0,gap,12
3687,24477970,24477.97,2157,0,gap,12
3688,24487987,24487.987,2134,0,gap,12
3689,24492055,24492.055,2141,0,gap,12
3690,24498900,24498.9,2129,0,gap,12
3691,24507966,24507.966,2131,0,gap,12
3692,24511838,24511.838,2122,0,gap,12
3693,24517978,24517.978,2109,0,gap,12
3694,24527987,24527.987,2117,0,gap,12
3695,24531841,24531.841,2109,0,gap,12
3696,24537986,24537.986,2099,0,gap,12
3697,24547979,24547.979,2099,0,gap,12
3698,24551859,24551.859,2098,0,gap,12
3699,24557978,24557.978,2086,0,gap,12
3700,24567986,24567.986,2092,0,gap,12
3701,24571858,24571.858,2073,0,gap,12
3702,24577974,24577.974,2068,0,gap,12
3703,24587978,24587.978,2064,0,gap,12
3704,24591880,24591.88,2065,0,gap,12
3705,24597966,24597.966,2059,0,gap,12
3706,24607986,24607.986,2053,0,gap,12
3707,24611878,24611.878,2038,0,gap,12
3708,24615789,24615.789,2032,0,gap,12
3709,24627980,24627.98,2055,0,gap,12
3710,24631902,24631.902,2021,0,gap,12
3711,24635805,24635.805,2031,0,gap,12
3712,24647988,24647.988,2037,0,gap,12
3713,24651901,24651.901,2017,0,gap,12
3714,24655829,24655.829,2000,0,gap,12
3715,24667980,24667.98,2011,0,gap,12
3716,24671918,24671.918,2006,0,gap,12
3717,24675841,24675.841,2003,0,gap,12
3718,24687988,24687.988,2000,0,gap,12
3719,24691929,24691.929,1995,0,gap,12
3720,24695878,24695.878,1983,0,gap,12
3721,24707980,24707.98,1994,0,gap,12
3722,24711940,24711.94,1984,0,gap,12
3723,24715879,24715.879,1971,0,gap,12
3724,24727992,24727.992,1972,0,gap,12
3725,24731954,24731.954,1968,0,gap,12
3726,24735929,24735.929,1958,0,gap,12
3727,24747980,24747.98,1962,0,gap,12
3728,24751983,24751.983,1969,0,gap,12
3729,24755966,24755.966,1936,0,gap,12
3730,24767987,24767.987,1952,0,gap,12
3731,24771981,24771.981,1949,0,gap,12
3732,24775986,24775.986,1941,0,gap,12
3733,24787979,24787.979,1958,0,gap,12
3734,24792003,24792.003,1939,0,gap,12
3735,24796009,24796.009,1935,0,gap,12
3736,24807987,24807.987,1937,0,gap,12
3737,24812000,24812.0,1913,0,gap,12
3738,24816025,24816.025,1919,0,gap,12
3739,24827979,24827.979,1919,0,gap,12
3740,24832026,24832.026,1918,0,gap,12
3741,24836048,24836.048,1907,0,gap,12
3742,24847987,24847.987,1920,0,gap,12
3743,24852024,24852.024,1904,0,gap,12
3744,24856072,24856.072,1883,0,gap,12
3745,24867979,24867.979,1895,0,gap,12
3746,24872045,24872.045,1873,0,gap,12
3747,24876083,24876.083,1883,0,gap,12
3748,24887987,24887.987,1889,0,gap,12
3749,24892039,24892.039,1874,0,gap,12
3750,24896106,24896.106,1867,0,gap,12
3751,24907979,24907.979,1877,0,gap,12
3752,24912062,24912.062,1872,0,gap,12
3753,24918901,24918.901,1863,0,gap,12
3754,24922759,24922.759,1853,0,gap,12
3755,24927979,24927.979,1862,0,gap,12
3756,24937992,24937.992,1838,0,gap,12
3757,24941846,24941.846,1857,0,gap,12
3758,24947988,24947.988,1849,0,gap,12
3759,24957980,24957.98,1856,0,gap,12
3760,24961860,24961.86,1850,0,gap,12
3761,24967980,24967.98,1843,0,gap,12
3762,24977988,24977.988,1859,0,gap,12
3763,24981859,24981.859,1819,0,gap,12
3764,24987987,24987.987,1807,0,gap,12
3765,24997980,24997.98,1840,0,gap,12
3766,25001877,25001.877,1826,0,gap,12
3767,25007979,25007.979,1827,0,gap,12
3768,25017988,25017.988,1833,0,gap,12
3769,25021878,25021.878,1798,0,gap,12
3770,25027987,25027.987,1806,0,gap,12
3771,25037980,25037.98,1795,0,gap,12
3772,25041905,25041.905,1816,0,gap,12
3773,25047979,25047.979,1794,0,gap,12
3774,25057988,25057.988,1819,0,gap,12
3775,25061903,25061.903,1793,0,gap,12
3776,25067987,25067.987,1781,0,gap,12
3777,25077980,25077.98,1799,0,gap,12
3778,25081925,25081.925,1791,0,gap,12
3779,25087979,25087.979,1776,0,gap,12
3780,25097988,25097.988,1791,0,gap,12
3781,25101924,25101.924,1788,0,gap,12
3782,25107987,25107.987,1773,0,gap,12
3783,25117979,25117.979,1776,0,gap,12
3784,25121943,25121.943,1777,0,gap,12
3785,25127979,25127.979,1775,0,gap,12
3786,25137987,25137.987,1768,0,gap,12
3787,25141940,25141.94,1776,0,gap,12
3788,25147991,25147.991,1763,0,gap,12
3789,25157979,25157.979,1764,0,gap,12
3790,25161984,25161.984,1763,0,gap,12
3791,25167979,25167.979,1741,0,gap,12
3792,25177987,25177.987,1757,0,gap,12
3793,25181980,25181.98,1744,0,gap,12
3794,25187987,25187.987,1742,0,gap,12
3795,25197979,25197.979,1751,0,gap,12
3796,25202001,25202.001,1737,0,gap,12
3797,25207979,25207.979,1739,0,gap,12
3798,25217987,25217.987,1746,0,gap,12
3799,25222007,25222.007,1730,0,gap,12
3800,25227986,25227.986,1732,0,gap,12
3801,25237979,25237.979,1727,0,gap,12
3802,25242033,25242.033,1729,0,gap,12
3803,25247978,25247.978,1725,0,gap,12
3804,25257991,25257.991,1706,0,gap,12
3805,25262026,25262.026,1718,0,gap,12
3806,25267986,25267.986,1717,0,gap,12
3807,25277979,25277.979,1714,0,gap,12
3808,25282040,25282.04,1701,0,gap,12
3809,25287978,25287.978,1695,0,gap,12
3810,25297987,25297.987,1712,0,gap,12
3811,25302038,25302.038,1712,0,gap,12
3812,25307986,25307.986,1703,0,gap,12
3813,25317979,25317.979,1708,0,gap,12
3814,25322056,25322.056,1691,0,gap,12
3815,25328903,25328.903,1693,0,gap,12
3816,25337986,25337.986,1680,0,gap,12
3817,25341833,25341.833,1683,0,gap,12
3818,25347986,25347.986,1686,0,gap,12
3819,25357979,25357.979,1685,0,gap,12
3820,25361851,25361.851,1687,0,gap,12
3821,25367978,25367.978,1679,0,gap,12
3822,25377987,25377.987,1680,0,gap,12
3823,25381852,25381.852,1664,0,gap,12
3824,25387986,25387.986,1664,0,gap,12
3825,25397979,25397.979,1680,0,gap,12
3826,25401871,25401.871,1675,0,gap,12
3827,25407978,25407.978,1661,0,gap,12
3828,25417987,25417.987,1654,0,gap,12
3829,25421873,25421.873,1662,0,gap,12
3830,25427986,25427.986,1651,0,gap,12
3831,25437978,25437.978,1648,0,gap,12
3832,25441890,25441.89,1648,0,gap,12
3833,25447966,25447.966,1648,0,gap,12
3834,25457986,25457.986,1647,0,gap,12
3835,25461893,25461.893,1648,0,gap,12
3836,25465812,25465.812,1646,0,gap,12
3837,25477980,25477.98,1658,0,gap,12
3838,25481909,25481.909,1635,0,gap,12
3839,25485822,25485.822,1630,0,gap,12
3840,25497988,25497.988,1648,0,gap,12
3841,25501911,25501.911,1631,0,gap,12
3842,25505854,25505.854,1629,0,gap,12
3843,25517980,25517.98,1642,0,gap,12
3844,25521930,25521.93,1633,0,gap,12
3845,25525860,25525.86,1622,0,gap,12
3846,25537988,25537.988,1621,0,gap,12
3847,25541940,25541.94,1631,0,gap,12
3848,25545900,25545.9,1617,0,gap,12
3849,25557980,25557.98,1625,0,gap,12
3850,25561959,25561.959,1611,0,gap,12
3851,25565921,25565.921,1606,0,gap,12
3852,25577992,25577.992,1617,0,gap,12
3853,25581976,25581.976,1606,0,gap,12
3854,25585975,25585.975,1594,0,gap,12
3855,25597980,25597.98,1613,0,gap,12
3856,25601993,25601.993,1599,0,gap,12
3857,25605986,25605.986,1589,0,gap,12
3858,25617988,25617.988,1603,0,gap,12
3859,25621991,25621.991,1607,0,gap,12
3860,25626010,25626.01,1606,0,gap,12
3861,25637979,25637.979,1594,0,gap,12
3862,25642009,25642.009,1600,0,gap,12
3863,25646025,25646.025,1581,0,gap,12
3864,25657987,25657.987,1599,0,gap,12
3865,25662014,25662.014,1600,0,gap,12
3866,25666052,25666.052,1584,0,gap,12
3867,25677979,25677.979,1597,0,gap,12
3868,25682032,25682.032,1581,0,gap,12
3869,25686060,25686.06,1577,0,gap,12
3870,25697987,25697.987,1584,0,gap,12
3871,25702033,25702.033,1583,0,gap,12
3872,25706091,25706.091,1575,0,gap,12
3873,25717979,25717.979,1576,0,gap,12
3874,25722051,25722.051,1571,0,gap,12
3875,25726099,25726.099,1552,0,gap,12
3876,25737987,25737.987,1582,0,gap,12
3877,25742054,25742.054,1584,0,gap,12
3878,25748886,25748.886,1578,0,gap,12
3879,25752746,25752.746,1553,0,gap,12
3880,25767970,25767.97,1575,0,gap,12
3881,25771825,25771.825,1570,0,gap,12
3882,25775679,25775.679,1579,0,gap,12
3883,25787979,25787.979,1565,0,gap,12
3884,25791852,25791.852,1562,0,gap,12
3885,25795708,25795.708,1583,0,gap,12
3886,25807987,25807.987,1583,0,gap,12
3887,25811861,25811.861,1571,0,gap,12
3888,25815740,25815.74,1569,0,gap,12
3889,25827979,25827.979,1574,0,gap,12
3890,25831876,25831.876,1554,0,gap,12
3891,25835753,25835.753,1535,0,gap,12
3892,25847987,25847.987,1559,0,gap,12
3893,25851882,25851.882,1535,0,gap,12
3894,25855781,25855.781,1535,0,gap,12
3895,25867979,25867.979,1553,0,gap,12
3896,25871892,25871.892,1535,0,gap,12
3897,25875794,25875.794,1535,0,gap,12
3898,25887987,25887.987,1535,0,gap,12
3899,25891903,25891.903,1555,0,gap,12
3900,25895827,25895.827,1527,0,gap,12
3901,25907979,25907.979,1535,0,gap,12
3902,25911913,25911.913,1534,0,gap,12
3903,25915835,25915.835,1513,0,gap,12
3904,25927987,25927.987,1535,0,gap,12
3905,25931923,25931.923,1527,0,gap,12
3906,25935866,25935.866,1506,0,gap,12
3907,25947979,25947.979,1553,0,gap,12
3908,25951931,25951.931,1518,0,gap,12
3909,25955874,25955.874,1535,1,pulse,13
3910,25968000,25968.0,4095,1,pulse,13
3911,25971894,25971.894,4095,1,pulse,13
3912,25975788,25975.788,4095,1,pulse,13
3913,25987975,25987.975,4095,1,pulse,13
3914,25991892,25991.892,4095,1,pulse,13
3915,25995802,25995.802,4095,0,gap,13
3916,26007996,26007.996,2837,0,gap,13
3917,26012007,26012.007,2786,0,gap,13
3918,26016017,26016.017,2763,0,gap,13
3919,26027979,26027.979,2731,0,gap,13
3920,26032008,26032.008,2705,0,gap,13
3921,26036015,26036.015,2703,0,gap,13
3922,26047987,26047.987,2673,0,gap,13
3923,26052009,26052.009,2643,0,gap,13
3924,26056035,26056.035,2640,0,gap,13
3925,26067979,26067.979,2640,0,gap,13
3926,26072023,26072.023,2631,0,gap,13
3927,26076054,26076.054,2612,0,gap,13
3928,26087987,26087.987,2592,0,gap,13
3929,26092029,26092.029,2603,0,gap,13
3930,26096074,26096.074,2559,0,gap,13
3931,26107983,26107.983,2559,0,gap,13
3932,26112046,26112.046,2557,0,gap,13
3933,26116097,26116.097,2544,0,gap,13
3934,26127987,26127.987,2544,0,gap,13
3935,26132052,26132.052,2549,0,gap,13
3936,26136125,26136.125,2527,0,gap,13
3937,26147979,26147.979,2512,0,gap,13
3938,26152058,26152.058,2521,0,gap,13
3939,26156125,26156.125,2496,0,gap,13
3940,26162967,26162.967,2487,0,gap,13
3941,26167978,26167.978,2480,0,gap,13
3942,26177988,26177.988,2474,0,gap,13
3943,26181846,26181.846,2480,0,gap,13
3944,26187987,26187.987,2463,0,gap,13
3945,26197980,26197.98,2465,0,gap,13
3946,26201860,26201.86,2437,0,gap,13
3947,26207983,26207.983,2453,0,gap,13
3948,26217988,26217.988,2446,0,gap,13
3949,26221866,26221.866,2430,0,gap,13
3950,26227987,26227.987,2430,0,gap,13
3951,26237980,26237.98,2422,0,gap,13
3952,26241888,26241.888,2413,0,gap,13
3953,26247979,26247.979,2410,0,gap,13
3954,26257988,26257.988,2386,0,gap,13
3955,26261883,26261.883,2393,0,gap,13
3956,26267987,26267.987,2383,0,gap,13
3957,26277980,26277.98,2378,0,gap,13
3958,26281905,26281.905,2388,0,gap,13
3959,26287979,26287.979,2353,0,gap,13
3960,26297987,26297.987,2359,0,gap,13
3961,26301908,26301.908,2350,0,gap,13
3962,26307987,26307.987,2352,0,gap,13
3963,26317983,26317.983,2347,0,gap,13
3964,26321929,26321.929,2351,0,gap,13
3965,26327979,26327.979,2318,0,gap,13
3966,26337987,26337.987,2319,0,gap,13
3967,26341927,26341.927,2327,0,gap,13
3968,26347991,26347.991,2306,0,gap,13
3969,26357979,26357.979,2314,0,gap,13
3970,26361942,26361.942,2305,0,gap,13
3971,26367979,26367.979,2299,0,gap,13
3972,26377987,26377.987,2294,0,gap,13
3973,26381948,26381.948,2288,0,gap,13
3974,26387987,26387.987,2269,0,gap,13
3975,26397979,26397.979,2275,0,gap,13
3976,26401975,26401.975,2267,0,gap,13
3977,26407978,26407.978,2263,0,gap,13
3978,26417987,26417.987,2256,0,gap,13
3979,26421988,26421.988,2240,0,gap,13
3980,26427986,26427.986,2240,0,gap,13
3981,26437979,26437.979,2254,0,gap,13
3982,26442005,26442.005,2227,0,gap,13
3983,26447978,26447.978,2223,0,gap,13
3984,26457991,26457.991,2227,0,gap,13
3985,26462011,26462.011,2208,0,gap,13
3986,26467986,26467.986,2209,0,gap,13
3987,26477979,26477.979,2207,0,gap,13
3988,26482025,26482.025,2192,0,gap,13
3989,26487978,26487.978,2193,0,gap,13
3990,26497987,26497.987,2192,0,gap,13
3991,26502026,26502.026,2178,0,gap,13
3992,26507986,26507.986,2174,0,gap,13
3993,26517979,26517.979,2175,0,gap,13
3994,26522044,26522.044,2162,0,gap,13
3995,26527974,26527.974,2163,0,gap,13
3996,26537987,26537.987,2171,0,gap,13
3997,26542042,26542.042,2154,0,gap,13
3998,26547970,26547.97,2136,0,gap,13
3999,26557978,26557.978,2147,0,gap,13
4000,26562068,26562.068,2129,0,gap,13
4001,26566128,26566.128,2140,0,gap,13
4002,26577988,26577.988,2129,0,gap,13
4003,26584878,26584.878,2125,0,gap,13
4004,26588725,26588.725,2119,0,gap,13
4005,26597979,26597.979,2119,0,gap,13
4006,26601854,26601.854,2112,0,gap,13
4007,26607979,26607.979,2112,0,gap,13
4008,26617987,26617.987,2095,0,gap,13
4009,26621861,26621.861,2094,0,gap,13
4010,26627987,26627.987,2096,0,gap,13
4011,26637983,26637.983,2078,0,gap,13
4012,26641879,26641.879,2087,0,gap,13
4013,26647979,26647.979,2081,0,gap,13
4014,26657987,26657.987,2067,0,gap,13
4015,26661877,26661.877,2075,0,gap,13
4016,26667991,26667.991,2060,0,gap,13
4017,26677979,26677.979,2066,0,gap,13
4018,26681892,26681.892,2042,0,gap,13
4019,26687979,26687.979,2032,0,gap,13
4020,26697987,26697.987,2034,0,gap,13
4021,26701894,26701.894,2035,0,gap,13
4022,26707986,26707.986,2021,0,gap,13
4023,26717979,26717.979,2032,0,gap,13
4024,26721916,26721.916,2019,0,gap,13
4025,26727978,26727.978,2030,0,gap,13
4026,26737987,26737.987,2018,0,gap,13
4027,26741918,26741.918,1995,0,gap,13
4028,26747986,26747.986,1997,0,gap,13
4029,26757979,26757.979,2010,0,gap,13
4030,26761932,26761.932,1995,0,gap,13
4031,26767978,26767.978,2000,0,gap,13
4032,26777991,26777.991,1994,0,gap,13
4033,26781944,26781.944,1983,0,gap,13
4034,26787986,26787.986,1982,0,gap,13
4035,26797979,26797.979,1969,0,gap,13
4036,26801953,26801.953,1971,0,gap,13
4037,26807978,26807.978,1979,0,gap,13
4038,26817987,26817.987,1953,0,gap,13
4039,26821968,26821.968,1962,0,gap,13
4040,26827974,26827.974,1956,0,gap,13
4041,26837978,26837.978,1952,0,gap,13
4042,26841993,26841.993,1953,0,gap,13
4043,26845991,26845.991,1941,0,gap,13
4044,26857988,26857.988,1931,0,gap,13
4045,26861997,26861.997,1934,0,gap,13
4046,26866020,26866.02,1920,0,gap,13
4047,26877980,26877.98,1926,0,gap,13
4048,26882022,26882.022,1924,0,gap,13
4049,26886040,26886.04,1904,0,gap,13
4050,26897988,26897.988,1931,0,gap,13
4051,26902016,26902.016,1919,0,gap,13
4052,26906059,26906.059,1904,0,gap,13
4053,26917980,26917.98,1904,0,gap,13
4054,26922037,26922.037,1886,0,gap,13
4055,26926074,26926.074,1898,0,gap,13
4056,26937988,26937.988,1883,0,gap,13
4057,26942035,26942.035,1900,0,gap,13
4058,26946094,26946.094,1875,0,gap,13
4059,26957984,26957.984,1894,0,gap,13
4060,26962061,26962.061,1874,0,gap,13
4061,26966114,26966.114,1873,0,gap,13
4062,26977988,26977.988,1883,0,gap,13
4063,26982059,26982.059,1859,0,gap,13
4064,26986145,26986.145,1871,0,gap,13
4065,26992976,26992.976,1859,0,gap,13
4066,27007986,27007.986,1875,0,gap,13
4067,27011849,27011.849,1871,0,gap,13
4068,27015711,27015.711,1858,0,gap,13
4069,27027979,27027.979,1856,0,gap,13
4070,27031856,27031.856,1843,0,gap,13
4071,27035720,27035.72,1840,0,gap,13
4072,27047987,27047.987,1847,0,gap,13
4073,27051866,27051.866,1841,0,gap,13
4074,27055744,27055.744,1838,0,gap,13
4075,27067983,27067.983,1841,0,gap,13
4076,27071880,27071.88,1818,0,gap,13
4077,27075761,27075.761,1822,0,gap,13
4078,27087987,27087.987,1830,0,gap,13
4079,27091887,27091.887,1831,0,gap,13
4080,27095794,27095.794,1806,0,gap,13
4081,27107979,27107.979,1811,0,gap,13
4082,27111892,27111.892,1807,0,gap,13
4083,27115797,27115.797,1808,0,gap,13
4084,27127987,27127.987,1811,0,gap,13
4085,27131903,27131.903,1795,0,gap,13
4086,27135832,27135.832,1789,0,gap,13
4087,27147979,27147.979,1808,0,gap,13
4088,27151918,27151.918,1787,0,gap,13
4089,27155844,27155.844,1783,0,gap,13
4090,27167987,27167.987,1787,0,gap,13
4091,27171927,27171.927,1779,0,gap,13
4092,27175872,27175.872,1792,0,gap,13
4093,27187979,27187.979,1792,0,gap,13
4094,27191934,27191.934,1773,0,gap,13
4095,27195881,27195.881,1776,0,gap,13
4096,27207991,27207.991,1789,0,gap,13
4097,27211953,27211.953,1776,0,gap,13
4098,27215914,27215.914,1765,0,gap,13
4099,27227979,27227.979,1773,0,gap,13
4100,27231963,27231.963,1745,0,gap,13
4101,27235935,27235.935,1757,0,gap,13
4102,27247987,27247.987,1766,0,gap,13
4103,27251988,27251.988,1759,0,gap,13
4104,27255993,27255.993,1747,0,gap,13
4105,27267978,27267.978,1743,0,gap,13
4106,27271998,27271.998,1744,0,gap,13
4107,27276009,27276.009,1734,0,gap,13
4108,27287986,27287.986,1727,0,gap,13
4109,27292020,27292.02,1738,0,gap,13
4110,27296040,27296.04,1729,0,gap,13
4111,27307978,27307.978,1738,0,gap,13
4112,27312022,27312.022,1724,0,gap,13
4113,27316048,27316.048,1731,0,gap,13
4114,27327986,27327.986,1733,0,gap,13
4115,27332023,27332.023,1723,0,gap,13
4116,27336067,27336.067,1718,0,gap,13
4117,27347978,27347.978,1714,0,gap,13
4118,27352037,27352.037,1706,0,gap,13
4119,27356083,27356.083,1702,0,gap,13
4120,27367986,27367.986,1707,0,gap,13
4121,27372043,27372.043,1707,0,gap,13
4122,27376102,27376.102,1699,0,gap,13
4123,27387982,27387.982,1713,0,gap,13
4124,27392060,27392.06,1689,0,gap,13
4125,27396122,27396.122,1693,0,gap,13
4126,27407986,27407.986,1696,0,gap,13
4127,27412068,27412.068,1691,0,gap,13
4128,27418971,27418.971,1680,0,gap,13
4129,27422800,27422.8,1693,0,gap,13
4130,27427987,27427.987,1693,0,gap,13
4131,27437980,27437.98,1681,0,gap,13
4132,27441851,27441.851,1675,0,gap,13
4133,27447980,27447.98,1664,0,gap,13
4134,27457988,27457.988,1667,0,gap,13
4135,27461865,27461.865,1677,0,gap,13
4136,27467987,27467.987,1664,0,gap,13
4137,27477980,27477.98,1664,0,gap,13
4138,27481871,27481.871,1663,0,gap,13
4139,27487983,27487.983,1650,0,gap,13
4140,27497988,27497.988,1651,0,gap,13
4141,27501882,27501.882,1653,0,gap,13
4142,27507987,27507.987,1655,0,gap,13
4143,27517980,27517.98,1645,0,gap,13
4144,27521900,27521.9,1645,0,gap,13
4145,27527979,27527.979,1633,0,gap,13
4146,27537988,27537.988,1623,0,gap,13
4147,27541907,27541.907,1637,0,gap,13
4148,27547987,27547.987,1648,0,gap,13
4149,27557980,27557.98,1637,0,gap,13
4150,27561917,27561.917,1618,0,gap,13
4151,27567979,27567.979,1616,0,gap,13
4152,27577988,27577.988,1637,0,gap,13
4153,27581923,27581.923,1617,0,gap,13
4154,27587987,27587.987,1618,0,gap,13
4155,27597984,27597.984,1619,0,gap,13
4156,27601937,27601.937,1611,0,gap,13
4157,27607979,27607.979,1605,0,gap,13
4158,27617987,27617.987,1622,0,gap,13
4159,27621948,27621.948,1615,0,gap,13
4160,27627991,27627.991,1613,0,gap,13
4161,27637979,27637.979,1611,0,gap,13
4162,27641953,27641.953,1605,0,gap,13
4163,27647979,27647.979,1606,0,gap,13
4164,27657987,27657.987,1611,0,gap,13
4165,27661990,27661.99,1607,0,gap,13
4166,27667987,27667.987,1586,0,gap,13
4167,27677979,27677.979,1615,0,gap,13
4168,27681997,27681.997,1590,0,gap,13
4169,27687978,27687.978,1589,0,gap,13
4170,27697987,27697.987,1586,0,gap,13
4171,27702007,27702.007,1590,0,gap,13
4172,27707986,27707.986,1601,0,gap,13
4173,27717979,27717.979,1582,0,gap,13
4174,27722016,27722.016,1589,0,gap,13
4175,27727978,27727.978,1601,0,gap,13
4176,27737991,27737.991,1579,0,gap,13
4177,27742030,27742.03,1582,0,gap,13
4178,27747986,27747.986,1575,0,gap,13
4179,27757979,27757.979,1594,0,gap,13
4180,27762032,27762.032,1584,0,gap,13
4181,27767978,27767.978,1569,0,gap,13
4182,27777987,27777.987,1584,0,gap,13
4183,27782046,27782.046,1565,0,gap,13
4184,27787986,27787.986,1565,0,gap,13
4185,27797979,27797.979,1584,0,gap,13
4186,27802051,27802.051,1535,0,gap,13
4187,27807974,27807.974,1568,0,gap,13
4188,27817987,27817.987,1571,0,gap,13
4189,27822061,27822.061,1560,0,gap,13
4190,27828912,27828.912,1552,0,gap,13
4191,27837966,27837.966,1557,0,gap,13
4192,27841848,27841.848,1574,0,gap,13
4193,27847978,27847.978,1559,0,gap,13
4194,27857987,27857.987,1570,0,gap,13
4195,27861848,27861.848,1554,0,gap,13
4196,27867986,27867.986,1535,0,gap,13
4197,27877979,27877.979,1577,0,gap,13
4198,27881869,27881.869,1535,0,gap,13
4199,27887978,27887.978,1526,0,gap,13
4200,27897986,27897.986,1535,0,gap,13
4201,27901872,27901.872,1535,0,gap,13
4202,27907974,27907.974,1535,0,gap,13
4203,27917982,27917.982,1535,0,gap,13
4204,27921894,27921.894,1520,0,gap,13
4205,27927966,27927.966,1535,0,gap,13
4206,27937986,27937.986,1533,0,gap,13
4207,27941892,27941.892,1534,0,gap,13
4208,27945813,27945.813,1515,0,gap,13
4209,27957980,27957.98,1535,0,gap,13
4210,27961913,27961.913,1535,1,pulse,14
4211,27965917,27965.917,4095,1,pulse,14
4212,27977984,27977.984,4095,1,pulse,14
4213,27981849,27981.849,4095,1,pulse,14
4214,27987982,27987.982,4095,1,pulse,14
4215,27997975,27997.975,4095,1,pulse,14
4216,28001861,28001.861,4095,0,gap,14
4217,28007987,28007.987,2914,0,gap,14
4218,28017987,28017.987,2798,0,gap,14
4219,28021944,28021.944,2774,0,gap,14
4220,28027986,28027.986,2743,0,gap,14
4221,28037979,28037.979,2710,0,gap,14
4222,28041963,28041.963,2710,0,gap,14
4223,28047982,28047.982,2682,0,gap,14
4224,28057987,28057.987,2675,0,gap,14
4225,28061973,28061.973,2656,0,gap,14
4226,28067986,28067.986,2642,0,gap,14
4227,28077979,28077.979,2634,0,gap,14
4228,28082002,28082.002,2613,0,gap,14
4229,28087978,28087.978,2599,0,gap,14
4230,28097987,28097.987,2602,0,gap,14
4231,28102004,28102.004,2595,0,gap,14
4232,28107974,28107.974,2559,0,gap,14
4233,28117979,28117.979,2559,0,gap,14
4234,28122026,28122.026,2542,0,gap,14
4235,28127966,28127.966,2555,0,gap,14
4236,28137986,28137.986,2545,0,gap,14
4237,28142023,28142.023,2531,0,gap,14
4238,28146071,28146.071,2512,0,gap,14
4239,28157984,28157.984,2533,0,gap,14
4240,28162047,28162.047,2512,0,gap,14
4241,28166088,28166.088,2496,0,gap,14
4242,28177988,28177.988,2497,0,gap,14
4243,28182044,28182.044,2489,0,gap,14
4244,28186111,28186.111,2485,0,gap,14
4245,28197980,28197.98,2484,0,gap,14
4246,28202062,28202.062,2465,0,gap,14
4247,28206123,28206.123,2453,0,gap,14
4248,28217988,28217.988,2453,0,gap,14
4249,28222063,28222.063,2447,0,gap,14
4250,28226154,28226.154,2438,0,gap,14
4251,28237980,28237.98,2434,0,gap,14
4252,28242079,28242.079,2430,0,gap,14
4253,28248924,28248.924,2430,0,gap,14
4254,28252792,28252.792,2401,0,gap,14
4255,28267983,28267.983,2412,0,gap,14
4256,28271869,28271.869,2390,0,gap,14
4257,28275734,28275.734,2399,0,gap,14
4258,28287987,28287.987,2400,0,gap,14
4259,28291867,28291.867,2385,0,gap,14
4260,28295758,28295.758,2385,0,gap,14
4261,28307979,28307.979,2381,0,gap,14
4262,28311885,28311.885,2352,0,gap,14
4263,28315771,28315.771,2368,0,gap,14
4264,28327987,28327.987,2368,0,gap,14
4265,28331887,28331.887,2340,0,gap,14
4266,28335808,28335.808,2341,0,gap,14
4267,28347979,28347.979,2326,0,gap,14
4268,28351910,28351.91,2317,0,gap,14
4269,28355816,28355.816,2325,0,gap,14
4270,28367987,28367.987,2314,0,gap,14
4271,28371911,28371.911,2301,0,gap,14
4272,28375844,28375.844,2303,0,gap,14
4273,28387979,28387.979,2300,0,gap,14
4274,28391926,28391.926,2291,0,gap,14
4275,28395854,28395.854,2283,0,gap,14
4276,28407987,28407.987,2288,0,gap,14
4277,28411932,28411.932,2276,0,gap,14
4278,28415885,28415.885,2257,0,gap,14
4279,28427979,28427.979,2259,0,gap,14
4280,28431946,28431.946,2243,0,gap,14
4281,28435894,28435.894,2242,0,gap,14
4282,28447987,28447.987,2257,0,gap,14
4283,28451950,28451.95,2241,0,gap,14
4284,28455925,28455.925,2224,0,gap,14
4285,28467979,28467.979,2235,0,gap,14
4286,28471967,28471.967,2215,0,gap,14
4287,28475940,28475.94,2224,0,gap,14
4288,28487987,28487.987,2211,0,gap,14
4289,28491978,28491.978,2217,0,gap,14
4290,28495987,28495.987,2192,0,gap,14
4291,28507978,28507.978,2199,0,gap,14
4292,28512007,28512.007,2194,0,gap,14
4293,28516019,28516.019,2194,0,gap,14
4294,28527986,28527.986,2185,0,gap,14
4295,28532009,28532.009,2171,0,gap,14
4296,28536042,28536.042,2160,0,gap,14
4297,28547978,28547.978,2178,0,gap,14
4298,28552031,28552.031,2156,0,gap,14
4299,28556058,28556.058,2139,0,gap,14
4300,28567986,28567.986,2147,0,gap,14
4301,28572028,28572.028,2161,0,gap,14
4302,28576081,28576.081,2136,0,gap,14
4303,28587982,28587.982,2134,0,gap,14
4304,28592050,28592.05,2127,0,gap,14
4305,28596097,28596.097,2137,0,gap,14
4306,28607986,28607.986,2137,0,gap,14
4307,28612048,28612.048,2117,0,gap,14
4308,28616120,28616.12,2106,0,gap,14
4309,28627978,28627.978,2110,0,gap,14
4310,28632066,28632.066,2097,0,gap,14
4311,28636132,28636.132,2096,0,gap,14
4312,28647986,28647.986,2096,0,gap,14
4313,28652068,28652.068,2085,0,gap,14
4314,28656165,28656.165,2083,0,gap,14
4315,28663021,28663.021,2085,0,gap,14
4316,28667986,28667.986,2065,0,gap,14
4317,28677980,28677.98,2066,0,gap,14
4318,28681863,28681.863,2064,0,gap,14
4319,28687983,28687.983,2047,0,gap,14
4320,28697988,28697.988,2055,0,gap,14
4321,28701866,28701.866,2047,0,gap,14
4322,28707987,28707.987,2042,0,gap,14
4323,28717980,28717.98,2054,0,gap,14
4324,28721884,28721.884,2021,0,gap,14
4325,28727979,28727.979,2030,0,gap,14
4326,28737988,28737.988,2029,0,gap,14
4327,28741887,28741.887,2021,0,gap,14
4328,28747987,28747.987,2000,0,gap,14
4329,28757980,28757.98,2022,0,gap,14
4330,28761909,28761.909,2007,0,gap,14
4331,28767979,28767.979,2007,0,gap,14
4332,28777987,28777.987,1995,0,gap,14
4333,28781906,28781.906,1993,0,gap,14
4334,28787987,28787.987,1986,0,gap,14
4335,28797983,28797.983,1973,0,gap,14
4336,28801930,28801.93,1968,0,gap,14
4337,28807979,28807.979,1982,0,gap,14
4338,28817987,28817.987,1965,0,gap,14
4339,28821927,28821.927,1962,0,gap,14
4340,28827987,28827.987,1968,0,gap,14
4341,28837979,28837.979,1970,0,gap,14
4342,28841946,28841.946,1968,0,gap,14
4343,28847979,28847.979,1963,0,gap,14
4344,28857987,28857.987,1959,0,gap,14
4345,28861949,28861.949,1939,0,gap,14
4346,28867987,28867.987,1938,0,gap,14
4347,28877979,28877.979,1932,0,gap,14
4348,28881967,28881.967,1935,0,gap,14
4349,28887978,28887.978,1927,0,gap,14
4350,28897987,28897.987,1941,0,gap,14
4351,28901981,28901.981,1917,0,gap,14
4352,28907986,28907.986,1925,0,gap,14
4353,28917979,28917.979,1910,0,gap,14
4354,28922006,28922.006,1919,0,gap,14
4355,28927978,28927.978,1911,0,gap,14
4356,28937987,28937.987,1914,0,gap,14
4357,28942012,28942.012,1888,0,gap,14
4358,28947986,28947.986,1895,0,gap,14
4359,28957979,28957.979,1904,0,gap,14
4360,28962025,28962.025,1878,0,gap,14
4361,28967978,28967.978,1888,0,gap,14
4362,28977987,28977.987,1883,0,gap,14
4363,28982027,28982.027,1877,0,gap,14
4364,28987986,28987.986,1886,0,gap,14
4365,28997979,28997.979,1872,0,gap,14
4366,29002045,29002.045,1866,0,gap,14
4367,29007970,29007.97,1866,0,gap,14
4368,29017986,29017.986,1853,0,gap,14
4369,29022046,29022.046,1856,0,gap,14
4370,29026117,29026.117,1861,0,gap,14
4371,29037980,29037.98,1862,0,gap,14
4372,29042066,29042.066,1849,0,gap,14
4373,29046135,29046.135,1847,0,gap,14
4374,29057988,29057.988,1841,0,gap,14
4375,29062068,29062.068,1847,0,gap,14
4376,29066158,29066.158,1828,0,gap,14
4377,29077980,29077.98,1846,0,gap,14
4378,29084858,29084.858,1831,0,gap,14
4379,29088725,29088.725,1839,0,gap,14
4380,29097987,29097.987,1823,0,gap,14
4381,29101858,29101.858,1827,0,gap,14
4382,29107987,29107.987,1820,0,gap,14
4383,29117983,29117.983,1822,0,gap,14
4384,29121880,29121.88,1802,0,gap,14
4385,29127979,29127.979,1808,0,gap,14
4386,29137987,29137.987,1801,0,gap,14
4387,29141878,29141.878,1807,0,gap,14
4388,29147987,29147.987,1793,0,gap,14
4389,29157979,29157.979,1794,0,gap,14
4390,29161896,29161.896,1786,0,gap,14
4391,29167979,29167.979,1785,0,gap,14
4392,29177987,29177.987,1795,0,gap,14
4393,29181898,29181.898,1770,0,gap,14
4394,29187986,29187.986,1786,0,gap,14
4395,29197979,29197.979,1776,0,gap,14
4396,29201916,29201.916,1760,0,gap,14
4397,29207978,29207.978,1771,0,gap,14
4398,29217987,29217.987,1770,0,gap,14
4399,29221924,29221.924,1761,0,gap,14
4400,29227986,29227.986,1768,0,gap,14
4401,29237979,29237.979,1775,0,gap,14
4402,29241937,29241.937,1748,0,gap,14
4403,29247978,29247.978,1749,0,gap,14
4404,29257987,29257.987,1754,0,gap,14
4405,29261947,29261.947,1756,0,gap,14
4406,29267986,29267.986,1728,0,gap,14
4407,29277979,29277.979,1766,0,gap,14
4408,29281958,29281.958,1739,0,gap,14
4409,29287978,29287.978,1741,0,gap,14
4410,29297987,29297.987,1744,0,gap,14
4411,29301960,29301.96,1716,0,gap,14
4412,29307986,29307.986,1733,0,gap,14
4413,29317979,29317.979,1744,0,gap,14
4414,29321986,29321.986,1724,0,gap,14
4415,29327970,29327.97,1712,0,gap,14
4416,29337986,29337.986,1728,0,gap,14
4417,29341999,29341.999,1713,0,gap,14
4418,29346024,29346.024,1715,0,gap,14
4419,29357980,29357.98,1731,0,gap,14
4420,29362019,29362.019,1712,0,gap,14
4421,29366041,29366.041,1718,0,gap,14
4422,29377988,29377.988,1703,0,gap,14
4423,29382020,29382.02,1691,0,gap,14
4424,29386064,29386.064,1691,0,gap,14
4425,29397980,29397.98,1715,0,gap,14
4426,29402042,29402.042,1692,0,gap,14
4427,29406080,29406.08,1682,0,gap,14
4428,29417988,29417.988,1686,0,gap,14
4429,29422040,29422.04,1693,0,gap,14
4430,29426103,29426.103,1681,0,gap,14
4431,29437984,29437.984,1682,0,gap,14
4432,29442061,29442.061,1680,0,gap,14
4433,29446118,29446.118,1679,0,gap,14
4434,29457988,29457.988,1697,0,gap,14
4435,29462059,29462.059,1675,0,gap,14
4436,29466142,29466.142,1661,0,gap,14
4437,29477980,29477.98,1680,0,gap,14
4438,29482077,29482.077,1678,0,gap,14
4439,29486153,29486.153,1670,0,gap,14
4440,29493013,29493.013,1661,0,gap,14
4441,29507978,29507.978,1680,0,gap,14
4442,29511875,29511.875,1657,0,gap,14
4443,29515735,29515.735,1662,0,gap,14
4444,29527987,29527.987,1680,0,gap,14
4445,29531862,29531.862,1671,0,gap,14
4446,29535748,29535.748,1657,0,gap,14
4447,29547983,29547.983,1679,0,gap,14
4448,29551883,29551.883,1651,0,gap,14
4449,29555764,29555.764,1651,0,gap,14
4450,29567987,29567.987,1667,0,gap,14
4451,29571882,29571.882,1659,0,gap,14
4452,29575789,29575.789,1641,0,gap,14
4453,29587979,29587.979,1649,0,gap,14
4454,29591901,29591.901,1638,0,gap,14
4455,29595802,29595.802,1639,0,gap,14
4456,29607987,29607.987,1643,0,gap,14
4457,29611902,29611.902,1634,0,gap,14
4458,29615833,29615.833,1619,0,gap,14
4459,29627979,29627.979,1637,0,gap,14
4460,29631921,29631.921,1626,0,gap,14
4461,29635844,29635.844,1615,0,gap,14
4462,29647987,29647.987,1625,0,gap,14
4463,29651927,29651.927,1615,0,gap,14
4464,29655875,29655.875,1621,0,gap,14
4465,29667979,29667.979,1633,0,gap,14
4466,29671941,29671.941,1605,0,gap,14
4467,29675883,29675.883,1619,0,gap,14
4468,29687987,29687.987,1622,0,gap,14
4469,29691948,29691.948,1643,0,gap,14
4470,29695917,29695.917,1619,0,gap,14
4471,29707979,29707.979,1635,0,gap,14
4472,29711963,29711.963,1605,0,gap,14
4473,29715926,29715.926,1587,0,gap,14
4474,29727987,29727.987,1623,0,gap,14
4475,29731973,29731.973,1603,0,gap,14
4476,29735971,29735.971,1588,0,gap,14
4477,29747978,29747.978,1598,0,gap,14
4478,29752002,29752.002,1586,0,gap,14
4479,29756009,29756.009,1593,0,gap,14
4480,29767986,29767.986,1605,0,gap,14
4481,29772004,29772.004,1602,0,gap,14
4482,29776032,29776.032,1585,0,gap,14
4483,29787978,29787.978,1598,0,gap,14
4484,29792022,29792.022,1584,0,gap,14
4485,29796048,29796.048,1584,0,gap,14
4486,29807986,29807.986,1597,0,gap,14
4487,29812023,29812.023,1591,0,gap,14
4488,29816072,29816.072,1583,0,gap,14
4489,29827978,29827.978,1597,0,gap,14
4490,29832045,29832.045,1575,0,gap,14
4491,29836087,29836.087,1574,0,gap,14
4492,29847986,29847.986,1593,0,gap,14
4493,29852043,29852.043,1573,0,gap,14
4494,29856110,29856.11,1557,0,gap,14
4495,29867982,29867.982,1580,0,gap,14
4496,29872065,29872.065,1572,0,gap,14
4497,29876126,29876.126,1575,0,gap,14
4498,29887986,29887.986,1569,0,gap,14
4499,29892062,29892.062,1572,0,gap,14
4500,29896149,29896.149,1565,0,gap,14
4501,29907978,29907.978,1570,0,gap,14
4502,29912081,29912.081,1557,0,gap,14
4503,29918966,29918.966,1552,0,gap,14
4504,29922832,29922.832,1564,0,gap,14
4505,29927979,29927.979,1557,0,gap,14
4506,29937988,29937.988,1553,0,gap,14
4507,29941861,29941.861,1535,0,gap,14
4508,29947988,29947.988,1535,0,gap,14
4509,29957980,29957.98,1556,0,gap,14
4510,29961879,29961.879,1535,0,gap,14
4511,29967983,29967.983,1535,0,gap,14
4512,29977988,29977.988,1531,0,gap,14
4513,29981881,29981.881,1533,0,gap,14
4514,29987987,29987.987,1535,0,gap,14
4515,29997980,29997.98,1535,0,gap,14
4516,30001896,30001.896,1527,0,gap,14
4517,30007979,30007.979,1535,0,gap,14
4518,30017988,30017.988,1523,0,gap,14
4519,30021906,30021.906,1535,0,gap,14
4520,30027987,30027.987,1523,0,gap,14
4521,30037980,30037.98,1519,0,gap,14
4522,30041920,30041.92,1527,0,gap,14
4523,30047979,30047.979,1533,0,gap,14
4524,30057988,30057.988,1520,0,gap,14
4525,30061926,30061.926,1517,0,gap,14
4526,30067987,30067.987,1514,0,gap,14
4527,30077984,30077.984,1525,0,gap,14
4528,30081941,30081.941,1535,1,pulse,15
4529,30087988,30087.988,4095,1,pulse,15
4530,30097984,30097.984,4095,1,pulse,15
4531,30101876,30101.876,4095,1,pulse,15
4532,30107984,30107.984,4095,1,pulse,15
4533,30117976,30117.976,4095,1,pulse,15
4534,30121888,30121.888,4095,0,gap,15
4535,30127989,30127.989,2915,0,gap,15
4536,30137988,30137.988,2801,0,gap,15
4537,30141982,30141.982,2782,0,gap,15
4538,30147988,30147.988,2744,0,gap,15
4539,30157980,30157.98,2733,0,gap,15
4540,30162007,30162.007,2720,0,gap,15
4541,30167979,30167.979,2683,0,gap,15
4542,30177992,30177.992,2659,0,gap,15
4543,30182022,30182.022,2654,0,gap,15
4544,30187987,30187.987,2639,0,gap,15
4545,30197980,30197.98,2613,0,gap,15
4546,30202027,30202.027,2613,0,gap,15
4547,30207983,30207.983,2613,0,gap,15
4548,30217988,30217.988,2603,0,gap,15
4549,30222037,30222.037,2596,0,gap,15
4550,30227987,30227.987,2559,0,gap,15
4551,30237980,30237.98,2559,0,gap,15
4552,30242047,30242.047,2559,0,gap,15
4553,30247979,30247.979,2547,0,gap,15
4554,30257988,30257.988,2537,0,gap,15
4555,30262056,30262.056,2534,0,gap,15
4556,30267987,30267.987,2512,0,gap,15
4557,30277980,30277.98,2523,0,gap,15
4558,30282070,30282.07,2511,0,gap,15
4559,30287979,30287.979,2486,0,gap,15
4560,30297988,30297.988,2510,0,gap,15
4561,30302075,30302.075,2495,0,gap,15
4562,30307987,30307.987,2463,0,gap,15
4563,30317984,30317.984,2461,0,gap,15
4564,30322090,30322.09,2480,0,gap,15
4565,30328953,30328.953,2447,0,gap,15
4566,30337987,30337.987,2459,0,gap,15
4567,30341877,30341.877,2432,0,gap,15
4568,30347987,30347.987,2431,0,gap,15
4569,30357980,30357.98,2432,0,gap,15
4570,30361876,30361.876,2434,0,gap,15
4571,30367979,30367.979,2416,0,gap,15
4572,30377987,30377.987,2413,0,gap,15
4573,30381886,30381.886,2414,0,gap,15
4574,30387991,30387.991,2390,0,gap,15
4575,30397979,30397.979,2383,0,gap,15
4576,30401896,30401.896,2381,0,gap,15
4577,30407979,30407.979,2366,0,gap,15
4578,30417987,30417.987,2369,0,gap,15
4579,30421911,30421.911,2358,0,gap,15
4580,30427987,30427.987,2358,0,gap,15
4581,30437979,30437.979,2359,0,gap,15
4582,30441917,30441.917,2352,0,gap,15
4583,30447979,30447.979,2344,0,gap,15
4584,30457987,30457.987,2341,0,gap,15
4585,30461931,30461.931,2320,0,gap,15
4586,30467987,30467.987,2330,0,gap,15
4587,30477979,30477.979,2311,0,gap,15
4588,30481938,30481.938,2320,0,gap,15
4589,30487978,30487.978,2293,0,gap,15
4590,30497991,30497.991,2299,0,gap,15
4591,30501951,30501.951,2283,0,gap,15
4592,30507986,30507.986,2287,0,gap,15
4593,30517979,30517.979,2288,0,gap,15
4594,30521958,30521.958,2288,0,gap,15
4595,30527982,30527.982,2263,0,gap,15
4596,30537987,30537.987,2277,0,gap,15
4597,30541969,30541.969,2264,0,gap,15
4598,30547986,30547.986,2262,0,gap,15
4599,30557979,30557.979,2243,0,gap,15
4600,30561987,30561.987,2234,0,gap,15
4601,30567978,30567.978,2242,0,gap,15
4602,30577987,30577.987,2223,0,gap,15
4603,30582008,30582.008,2219,0,gap,15
4604,30587986,30587.986,2221,0,gap,15
4605,30597979,30597.979,2221,0,gap,15
4606,30602022,30602.022,2201,0,gap,15
4607,30607970,30607.97,2211,0,gap,15
4608,30617987,30617.987,2212,0,gap,15
4609,30622027,30622.027,2189,0,gap,15
4610,30627970,30627.97,2193,0,gap,15
4611,30637983,30637.983,2192,0,gap,15
4612,30642041,30642.041,2185,0,gap,15
4613,30646087,30646.087,2159,0,gap,15
4614,30657988,30657.988,2178,0,gap,15
4615,30662048,30662.048,2144,0,gap,15
4616,30666112,30666.112,2163,0,gap,15
4617,30677980,30677.98,2167,0,gap,15
4618,30682058,30682.058,2130,0,gap,15
4619,30686123,30686.123,2131,0,gap,15
4620,30697988,30697.988,2146,0,gap,15
4621,30702068,30702.068,2135,0,gap,15
4622,30706155,30706.155,2128,0,gap,15
4623,30717980,30717.98,2123,0,gap,15
4624,30722077,30722.077,2119,0,gap,15
4625,30726162,30726.162,2123,0,gap,15
4626,30737988,30737.988,2119,0,gap,15
4627,30742093,30742.093,2109,0,gap,15
4628,30748978,30748.978,2096,0,gap,15
4629,30752850,30752.85,2097,0,gap,15
4630,30767987,30767.987,2099,0,gap,15
4631,30771867,30771.867,2092,0,gap,15
4632,30775759,30775.759,2083,0,gap,15
4633,30787979,30787.979,2096,0,gap,15
4634,30791885,30791.885,2077,0,gap,15
4635,30795770,30795.77,2066,0,gap,15
4636,30807987,30807.987,2086,0,gap,15
4637,30811887,30811.887,2065,0,gap,15
4638,30815803,30815.803,2047,0,gap,15
4639,30827979,30827.979,2055,0,gap,15
4640,30831905,30831.905,2029,0,gap,15
4641,30835812,30835.812,2046,0,gap,15
4642,30847987,30847.987,2041,0,gap,15
4643,30851912,30851.912,2019,0,gap,15
4644,30855844,30855.844,2023,0,gap,15
4645,30867979,30867.979,2023,0,gap,15
4646,30871926,30871.926,2016,0,gap,15
4647,30875853,30875.853,2007,0,gap,15
4648,30887987,30887.987,2015,0,gap,15
4649,30891932,30891.932,2027,0,gap,15
4650,30895886,30895.886,2014,0,gap,15
4651,30907979,30907.979,2006,0,gap,15
4652,30911947,30911.947,1997,0,gap,15
4653,30915894,30915.894,1985,0,gap,15
4654,30927991,30927.991,1986,0,gap,15
4655,30931953,30931.953,1978,0,gap,15
4656,30935926,30935.926,1967,0,gap,15
4657,30947979,30947.979,1979,0,gap,15
4658,30951968,30951.968,1966,0,gap,15
4659,30955941,30955.941,1970,0,gap,15
4660,30967987,30967.987,1951,0,gap,15
4661,30971970,30971.97,1966,0,gap,15
4662,30975968,30975.968,1959,0,gap,15
4663,30987978,30987.978,1953,0,gap,15
4664,30991996,30991.996,1942,0,gap,15
4665,30996009,30996.009,1946,0,gap,15
4666,31007986,31007.986,1947,0,gap,15
4667,31012009,31012.009,1936,0,gap,15
4668,31016044,31016.044,1924,0,gap,15
4669,31027978,31027.978,1938,0,gap,15
4670,31032031,31032.031,1928,0,gap,15
4671,31036059,31036.059,1914,0,gap,15
4672,31047986,31047.986,1915,0,gap,15
4673,31052029,31052.029,1919,0,gap,15
4674,31056083,31056.083,1913,0,gap,15
4675,31067982,31067.982,1905,0,gap,15
4676,31072051,31072.051,1901,0,gap,15
4677,31076098,31076.098,1905,0,gap,15
4678,31087986,31087.986,1902,0,gap,15
4679,31092048,31092.048,1901,0,gap,15
4680,31096122,31096.122,1879,0,gap,15
4681,31107978,31107.978,1901,0,gap,15
4682,31112066,31112.066,1878,0,gap,15
4683,31116133,31116.133,1857,0,gap,15
4684,31127986,31127.986,1891,0,gap,15
4685,31132068,31132.068,1883,0,gap,15
4686,31136165,31136.165,1869,0,gap,15
4687,31147978,31147.978,1871,0,gap,15
4688,31152086,31152.086,1854,0,gap,15
4689,31156173,31156.173,1867,0,gap,15
4690,31163042,31163.042,1840,0,gap,15
4691,31167982,31167.982,1823,0,gap,15
4692,31177988,31177.988,1851,0,gap,15
4693,31181866,31181.866,1840,0,gap,15
4694,31187987,31187.987,1835,0,gap,15
4695,31197980,31197.98,1844,0,gap,15
4696,31201884,31201.884,1838,0,gap,15
4697,31207979,31207.979,1835,0,gap,15
4698,31217988,31217.988,1820,0,gap,15
4699,31221886,31221.886,1827,0,gap,15
4700,31227987,31227.987,1813,0,gap,15
4701,31237980,31237.98,1826,0,gap,15
4702,31241908,31241.908,1815,0,gap,15
4703,31247979,31247.979,1813,0,gap,15
4704,31257988,31257.988,1810,0,gap,15
4705,31261907,31261.907,1799,0,gap,15
4706,31267987,31267.987,1803,0,gap,15
4707,31277984,31277.984,1792,0,gap,15
4708,31281928,31281.928,1786,0,gap,15
4709,31287979,31287.979,1792,0,gap,15
4710,31297987,31297.987,1786,0,gap,15
4711,31301928,31301.928,1792,0,gap,15
4712,31307987,31307.987,1776,0,gap,15
4713,31317979,31317.979,1785,0,gap,15
4714,31321945,31321.945,1785,0,gap,15
4715,31327979,31327.979,1773,0,gap,15
4716,31337987,31337.987,1781,0,gap,15
4717,31341947,31341.947,1776,0,gap,15
4718,31347991,31347.991,1773,0,gap,15
4719,31357979,31357.979,1767,0,gap,15
4720,31361966,31361.966,1754,0,gap,15
4721,31367979,31367.979,1765,0,gap,15
4722,31377987,31377.987,1776,0,gap,15
4723,31381972,31381.972,1758,0,gap,15
4724,31387986,31387.986,1751,0,gap,15
4725,31397979,31397.979,1751,0,gap,15
4726,31401995,31401.995,1739,0,gap,15
4727,31407978,31407.978,1753,0,gap,15
4728,31417987,31417.987,1744,0,gap,15
4729,31422012,31422.012,1733,0,gap,15
4730,31427986,31427.986,1742,0,gap,15
4731,31437979,31437.979,1726,0,gap,15
4732,31442025,31442.025,1733,0,gap,15
4733,31447978,31447.978,1730,0,gap,15
4734,31457991,31457.991,1729,0,gap,15
4735,31462031,31462.031,1712,0,gap,15
4736,31467986,31467.986,1699,0,gap,15
4737,31477979,31477.979,1722,0,gap,15
4738,31482045,31482.045,1726,0,gap,15
4739,31487974,31487.974,1698,0,gap,15
4740,31497987,31497.987,1707,0,gap,15
4741,31502046,31502.046,1707,0,gap,15
4742,31507970,31507.97,1710,0,gap,15
4743,31517979,31517.979,1698,0,gap,15
4744,31522064,31522.064,1695,0,gap,15
4745,31526133,31526.133,1703,0,gap,15
4746,31537988,31537.988,1694,0,gap,15
4747,31542067,31542.067,1696,0,gap,15
4748,31546158,31546.158,1681,0,gap,15
4749,31557980,31557.98,1682,0,gap,15
4750,31562089,31562.089,1677,0,gap,15
4751,31566174,31566.174,1679,0,gap,15
4752,31577988,31577.988,1680,0,gap,15
4753,31584894,31584.894,1681,0,gap,15
4754,31588769,31588.769,1684,0,gap,15
4755,31597983,31597.983,1675,0,gap,15
4756,31601879,31601.879,1673,0,gap,15
4757,31607979,31607.979,1664,0,gap,15
4758,31617987,31617.987,1668,0,gap,15
4759,31621877,31621.877,1679,0,gap,15
4760,31627987,31627.987,1675,0,gap,15
4761,31637979,31637.979,1679,0,gap,15
4762,31641895,31641.895,1664,0,gap,15
4763,31647979,31647.979,1655,0,gap,15
4764,31657987,31657.987,1659,0,gap,15
4765,31661897,31661.897,1650,0,gap,15
4766,31667991,31667.991,1648,0,gap,15
4767,31677979,31677.979,1652,0,gap,15
4768,31681916,31681.916,1648,0,gap,15
4769,31687979,31687.979,1646,0,gap,15
4770,31697987,31697.987,1653,0,gap,15
4771,31701921,31701.921,1619,0,gap,15
4772,31707986,31707.986,1632,0,gap,15
4773,31717979,31717.979,1648,0,gap,15
4774,31721933,31721.933,1634,0,gap,15
4775,31727978,31727.978,1632,0,gap,15
4776,31737987,31737.987,1641,0,gap,15
4777,31741946,31741.946,1643,0,gap,15
4778,31747986,31747.986,1637,0,gap,15
4779,31757979,31757.979,1633,0,gap,15
4780,31761953,31761.953,1616,0,gap,15
4781,31767978,31767.978,1618,0,gap,15
4782,31777991,31777.991,1611,0,gap,15
4783,31781964,31781.964,1624,0,gap,15
4784,31787986,31787.986,1616,0,gap,15
4785,31797979,31797.979,1617,0,gap,15
4786,31801977,31801.977,1619,0,gap,15
4787,31807982,31807.982,1600,0,gap,15
4788,31817987,31817.987,1600,0,gap,15
4789,31821988,31821.988,1616,0,gap,15
4790,31827970,31827.97,1610,0,gap,15
4791,31837978,31837.978,1593,0,gap,15
4792,31842017,31842.017,1605,0,gap,15
4793,31846039,31846.039,1602,0,gap,15
4794,31857988,31857.988,1600,0,gap,15
4795,31862020,31862.02,1585,0,gap,15
4796,31866064,31866.064,1589,0,gap,15
4797,31877980,31877.98,1585,0,gap,15
4798,31882042,31882.042,1599,0,gap,15
4799,31886079,31886.079,1584,0,gap,15
4800,31897988,31897.988,1589,0,gap,15
4801,31902039,31902.039,1561,0,gap,15
4802,31906102,31906.102,1574,0,gap,15
4803,31917984,31917.984,1579,0,gap,15
4804,31922061,31922.061,1584,0,gap,15
4805,31926118,31926.118,1578,0,gap,15
4806,31937988,31937.988,1583,0,gap,15
4807,31942059,31942.059,1569,0,gap,15
4808,31946141,31946.141,1564,0,gap,15
4809,31957980,31957.98,1568,0,gap,15
4810,31962077,31962.077,1561,0,gap,15
4811,31966153,31966.153,1565,0,gap,15
4812,31977988,31977.988,1565,0,gap,15
4813,31982078,31982.078,1559,0,gap,15
4814,31986184,31986.184,1535,0,gap,15
4815,31993044,31993.044,1571,0,gap,15
4816,32007987,32007.987,1579,0,gap,15
4817,32011872,32011.872,1570,0,gap,15
4818,32015754,32015.754,1554,0,gap,15
4819,32027983,32027.983,1575,0,gap,15
4820,32031880,32031.88,1553,0,gap,15
4821,32035764,32035.764,1554,0,gap,15
4822,32047987,32047.987,1567,0,gap,15
4823,32051885,32051.885,1535,0,gap,15
4824,32055788,32055.788,1535,0,gap,15
4825,32067979,32067.979,1554,0,gap,15
4826,32071896,32071.896,1535,0,gap,15
4827,32075800,32075.8,1535,0,gap,15
4828,32087987,32087.987,1552,0,gap,15
4829,32091906,32091.906,1535,0,gap,15
4830,32095833,32095.833,1535,0,gap,15
4831,32107979,32107.979,1535,0,gap,15
4832,32111916,32111.916,1535,0,gap,15
4833,32115841,32115.841,1520,0,gap,15
4834,32127987,32127.987,1553,0,gap,15
4835,32131931,32131.931,1521,0,gap,15
4836,32135875,32135.875,1529,0,gap,15
4837,32147979,32147.979,1535,0,gap,15
4838,32151937,32151.937,1519,0,gap,15
4839,32155883,32155.883,1525,0,gap,15
4840,32167987,32167.987,1535,0,gap,15
4841,32171951,32171.951,1533,0,gap,15
4842,32175915,32175.915,1533,0,gap,15
4843,32187979,32187.979,1535,0,gap,15
4844,32191957,32191.957,1534,0,gap,15
4845,32195925,32195.925,1503,0,gap,15
4846,32207991,32207.991,1531,0,gap,15
4847,32211972,32211.972,1526,0,gap,15
4848,32215958,32215.958,1515,0,gap,15
4849,32227979,32227.979,1527,0,gap,15
4850,32231987,32231.987,1503,0,gap,15
4851,32235987,32235.987,1506,0,gap,15
4852,32247986,32247.986,1561,1,pulse,16
4853,32252096,32252.096,4095,1,pulse,16
4854,32256058,32256.058,4095,1,pulse,16
4855,32267975,32267.975,4095,1,pulse,16
4856,32271952,32271.952,4095,1,pulse,16
4857,32275912,32275.912,4095,1,pulse,16
4858,32287984,32287.984,4095,0,gap,16
4859,32292180,32292.18,2961,0,gap,16
4860,32296238,32296.238,2864,0,gap,16
4861,32307979,32307.979,2767,0,gap,16
4862,32312048,32312.048,2752,0,gap,16
4863,32316103,32316.103,2720,0,gap,16
4864,32327987,32327.987,2678,0,gap,16
4865,32332057,32332.057,2689,0,gap,16
4866,32336131,32336.131,2668,0,gap,16
4867,32347979,32347.979,2657,0,gap,16
4868,32352063,32352.063,2623,0,gap,16
4869,32356138,32356.138,2623,0,gap,16
4870,32367987,32367.987,2613,0,gap,16
4871,32372077,32372.077,2603,0,gap,16
4872,32376174,32376.174,2587,0,gap,16
4873,32387979,32387.979,2607,0,gap,16
4874,32392086,32392.086,2587,0,gap,16
4875,32396181,32396.181,2559,0,gap,16
4876,32407987,32407.987,2559,0,gap,16
4877,32412102,32412.102,2544,0,gap,16
4878,32419029,32419.029,2531,0,gap,16
4879,32422895,32422.895,2537,0,gap,16
4880,32427987,32427.987,2503,0,gap,16
4881,32437980,32437.98,2529,0,gap,16
4882,32441885,32441.885,2503,0,gap,16
4883,32447980,32447.98,2499,0,gap,16
4884,32457988,32457.988,2502,0,gap,16
4885,32461895,32461.895,2483,0,gap,16
4886,32467988,32467.988,2461,0,gap,16
4887,32477980,32477.98,2467,0,gap,16
4888,32481909,32481.909,2461,0,gap,16
4889,32487979,32487.979,2448,0,gap,16
4890,32497988,32497.988,2443,0,gap,16
4891,32501912,32501.912,2429,0,gap,16
4892,32507987,32507.987,2443,0,gap,16
4893,32517980,32517.98,2427,0,gap,16
4894,32521921,32521.921,2414,0,gap,16
4895,32527979,32527.979,2419,0,gap,16
4896,32537988,32537.988,2417,0,gap,16
4897,32541928,32541.928,2398,0,gap,16
4898,32547991,32547.991,2393,0,gap,16
4899,32557980,32557.98,2386,0,gap,16
4900,32561946,32561.946,2383,0,gap,16
4901,32567979,32567.979,2363,0,gap,16
4902,32577988,32577.988,2384,0,gap,16
4903,32581952,32581.952,2361,0,gap,16
4904,32587987,32587.987,2355,0,gap,16
4905,32597980,32597.98,2343,0,gap,16
4906,32601971,32601.971,2337,0,gap,16
4907,32607979,32607.979,2333,0,gap,16
4908,32617988,32617.988,2333,0,gap,16
4909,32621977,32621.977,2320,0,gap,16
4910,32627987,32627.987,2323,0,gap,16
4911,32637979,32637.979,2320,0,gap,16
4912,32641987,32641.987,2315,0,gap,16
4913,32647979,32647.979,2293,0,gap,16
4914,32657991,32657.991,2288,0,gap,16
4915,32662027,32662.027,2289,0,gap,16
4916,32667987,32667.987,2278,0,gap,16
4917,32677979,32677.979,2281,0,gap,16
4918,32682023,32682.023,2262,0,gap,16
4919,32687979,32687.979,2270,0,gap,16
4920,32697987,32697.987,2279,0,gap,16
4921,32702036,32702.036,2257,0,gap,16
4922,32707986,32707.986,2255,0,gap,16
4923,32717979,32717.979,2241,0,gap,16
4924,32722042,32722.042,2225,0,gap,16
4925,32727978,32727.978,2237,0,gap,16
4926,32737987,32737.987,2226,0,gap,16
4927,32742056,32742.056,2229,0,gap,16
4928,32747986,32747.986,2208,0,gap,16
4929,32757979,32757.979,2219,0,gap,16
4930,32762065,32762.065,2192,0,gap,16
4931,32767978,32767.978,2192,0,gap,16
4932,32777987,32777.987,2193,0,gap,16
4933,32782071,32782.071,2186,0,gap,16
4934,32787986,32787.986,2183,0,gap,16
4935,32797979,32797.979,2169,0,gap,16
4936,32802089,32802.089,2177,0,gap,16
4937,32807978,32807.978,2182,0,gap,16
4938,32817987,32817.987,2173,0,gap,16
4939,32822091,32822.091,2154,0,gap,16
4940,32828963,32828.963,2147,0,gap,16
4941,32837978,32837.978,2153,0,gap,16
4942,32841886,32841.886,2156,0,gap,16
4943,32847978,32847.978,2137,0,gap,16
4944,32857987,32857.987,2147,0,gap,16
4945,32861877,32861.877,2133,0,gap,16
4946,32867990,32867.99,2125,0,gap,16
4947,32877979,32877.979,2118,0,gap,16
4948,32881899,32881.899,2124,0,gap,16
4949,32887978,32887.978,2095,0,gap,16
4950,32897987,32897.987,2103,0,gap,16
4951,32901901,32901.901,2119,0,gap,16
4952,32907986,32907.986,2096,0,gap,16
4953,32917979,32917.979,2096,0,gap,16
4954,32921916,32921.916,2073,0,gap,16
4955,32927970,32927.97,2096,0,gap,16
4956,32937986,32937.986,2086,0,gap,16
4957,32941926,32941.926,2087,0,gap,16
4958,32947970,32947.97,2066,0,gap,16
4959,32957978,32957.978,2064,0,gap,16
4960,32961940,32961.94,2062,0,gap,16
4961,32965883,32965.883,2043,0,gap,16
4962,32977992,32977.992,2054,0,gap,16
4963,32981949,32981.949,2046,0,gap,16
4964,32985916,32985.916,2041,0,gap,16
4965,32997980,32997.98,2026,0,gap,16
4966,33001958,33001.958,2019,0,gap,16
4967,33005920,33005.92,2027,0,gap,16
4968,33017988,33017.988,2014,0,gap,16
4969,33021965,33021.965,2023,0,gap,16
4970,33025954,33025.954,2002,0,gap,16
4971,33037980,33037.98,2015,0,gap,16
4972,33041984,33041.984,2000,0,gap,16
4973,33045967,33045.967,1998,0,gap,16
4974,33057988,33057.988,1996,0,gap,16
4975,33061994,33061.994,1984,0,gap,16
4976,33066012,33066.012,1984,0,gap,16
4977,33077980,33077.98,1999,0,gap,16
4978,33082027,33082.027,1982,0,gap,16
4979,33086050,33086.05,1985,0,gap,16
4980,33097988,33097.988,1971,0,gap,16
4981,33102021,33102.021,1975,0,gap,16
4982,33106069,33106.069,1966,0,gap,16
4983,33117979,33117.979,1962,0,gap,16
4984,33122046,33122.046,1954,0,gap,16
4985,33126089,33126.089,1963,0,gap,16
4986,33137987,33137.987,1951,0,gap,16
4987,33142044,33142.044,1945,0,gap,16
4988,33146108,33146.108,1938,0,gap,16
4989,33157979,33157.979,1936,0,gap,16
4990,33162058,33162.058,1924,0,gap,16
4991,33166119,33166.119,1903,0,gap,16
4992,33177987,33177.987,1918,0,gap,16
4993,33182063,33182.063,1918,0,gap,16
4994,33186155,33186.155,1921,0,gap,16
4995,33197979,33197.979,1917,0,gap,16
4996,33202077,33202.077,1915,0,gap,16
4997,33206154,33206.154,1904,0,gap,16
4998,33217987,33217.987,1906,0,gap,16
4999,33222083,33222.083,1895,0,gap,16
5000,33226194,33226.194,1910,0,gap,16
5001,33237979,33237.979,1894,0,gap,16
5002,33242102,33242.102,1901,0,gap,16
5003,33248978,33248.978,1889,0,gap,16
5004,33252862,33252.862,1862,0,gap,16
5005,33267966,33267.966,1882,0,gap,16
5006,33271872,33271.872,1877,0,gap,16
5007,33275758,33275.758,1883,0,gap,16
5008,33287987,33287.987,1878,0,gap,16
5009,33291887,33291.887,1878,0,gap,16
5010,33295802,33295.802,1857,0,gap,16
5011,33307979,33307.979,1865,0,gap,16
5012,33311901,33311.901,1852,0,gap,16
5013,33315803,33315.803,1851,0,gap,16
5014,33327987,33327.987,1855,0,gap,16
5015,33331907,33331.907,1843,0,gap,16
5016,33335843,33335.843,1838,0,gap,16
5017,33347979,33347.979,1845,0,gap,16
5018,33351921,33351.921,1840,0,gap,16
5019,33355844,33355.844,1829,0,gap,16
5020,33367987,33367.987,1825,0,gap,16
5021,33371927,33371.927,1838,0,gap,16
5022,33375880,33375.88,1839,0,gap,16
5023,33387979,33387.979,1830,0,gap,16
5024,33391946,33391.946,1813,0,gap,16
5025,33395890,33395.89,1821,0,gap,16
5026,33407991,33407.991,1823,0,gap,16
5027,33411952,33411.952,1823,0,gap,16
5028,33415925,33415.925,1792,0,gap,16
5029,33427979,33427.979,1817,0,gap,16
5030,33431962,33431.962,1785,0,gap,16
5031,33435930,33435.93,1808,0,gap,16
5032,33447987,33447.987,1811,0,gap,16
5033,33451966,33451.966,1792,0,gap,16
5034,33455961,33455.961,1786,0,gap,16
5035,33467979,33467.979,1783,0,gap,16
5036,33471988,33471.988,1782,0,gap,16
5037,33475980,33475.98,1781,0,gap,16
5038,33487986,33487.986,1789,0,gap,16
5039,33491998,33491.998,1789,0,gap,16
5040,33496026,33496.026,1770,0,gap,16
5041,33507978,33507.978,1776,0,gap,16
5042,33512027,33512.027,1759,0,gap,16
5043,33516055,33516.055,1767,0,gap,16
5044,33527986,33527.986,1786,0,gap,16
5045,33532025,33532.025,1769,0,gap,16
5046,33536074,33536.074,1753,0,gap,16
5047,33547978,33547.978,1755,0,gap,16
5048,33552050,33552.05,1751,0,gap,16
5049,33556098,33556.098,1746,0,gap,16
5050,33567986,33567.986,1758,0,gap,16
5051,33572048,33572.048,1758,0,gap,16
5052,33576121,33576.121,1730,0,gap,16
5053,33587978,33587.978,1742,0,gap,16
5054,33592066,33592.066,1741,0,gap,16
5055,33596133,33596.133,1727,0,gap,16
5056,33607986,33607.986,1744,0,gap,16
5057,33612064,33612.064,1728,0,gap,16
5058,33616157,33616.157,1722,0,gap,16
5059,33627978,33627.978,1712,0,gap,16
5060,33632082,33632.082,1713,0,gap,16
5061,33636165,33636.165,1714,0,gap,16
5062,33647986,33647.986,1706,0,gap,16
5063,33652088,33652.088,1707,0,gap,16
5064,33656204,33656.204,1709,0,gap,16
5065,33663103,33663.103,1710,0,gap,16
5066,33667986,33667.986,1680,0,gap,16
5067,33677980,33677.98,1725,0,gap,16
5068,33681876,33681.876,1695,0,gap,16
5069,33687979,33687.979,1707,0,gap,16
5070,33697988,33697.988,1713,0,gap,16
5071,33701890,33701.89,1695,0,gap,16
5072,33707987,33707.987,1687,0,gap,16
5073,33717980,33717.98,1686,0,gap,16
5074,33721904,33721.904,1689,0,gap,16
5075,33727979,33727.979,1689,0,gap,16
5076,33737988,33737.988,1677,0,gap,16
5077,33741907,33741.907,1674,0,gap,16
5078,33747987,33747.987,1675,0,gap,16
5079,33757980,33757.98,1692,0,gap,16
5080,33761925,33761.925,1663,0,gap,16
5081,33767979,33767.979,1664,0,gap,16
5082,33777987,33777.987,1666,0,gap,16
5083,33781927,33781.927,1657,0,gap,16
5084,33787987,33787.987,1653,0,gap,16
5085,33797979,33797.979,1671,0,gap,16
5086,33801942,33801.942,1663,0,gap,16
5087,33807979,33807.979,1655,0,gap,16
5088,33817987,33817.987,1650,0,gap,16
5089,33821948,33821.948,1648,0,gap,16
5090,33827991,33827.991,1661,0,gap,16
5091,33837979,33837.979,1649,0,gap,16
5092,33841958,33841.958,1659,0,gap,16
5093,33847979,33847.979,1643,0,gap,16
5094,33857987,33857.987,1641,0,gap,16
5095,33861973,33861.973,1629,0,gap,16
5096,33867986,33867.986,1618,0,gap,16
5097,33877979,33877.979,1643,0,gap,16
5098,33881978,33881.978,1628,0,gap,16
5099,33887978,33887.978,1637,0,gap,16
5100,33897987,33897.987,1634,0,gap,16
5101,33902001,33902.001,1619,0,gap,16
5102,33907986,33907.986,1628,0,gap,16
5103,33917979,33917.979,1622,0,gap,16
5104,33922022,33922.022,1622,0,gap,16
5105,33927978,33927.978,1618,0,gap,16
5106,33937991,33937.991,1613,0,gap,16
5107,33942035,33942.035,1612,0,gap,16
5108,33947986,33947.986,1601,0,gap,16
5109,33957979,33957.979,1625,0,gap,16
5110,33962037,33962.037,1601,0,gap,16
5111,33967978,33967.978,1608,0,gap,16
5112,33977987,33977.987,1605,0,gap,16
5113,33982047,33982.047,1600,0,gap,16
5114,33987974,33987.974,1585,0,gap,16
5115,33997979,33997.979,1607,0,gap,16
5116,34002061,34002.061,1600,0,gap,16
5117,34007966,34007.966,1603,0,gap,16
5118,34017987,34017.987,1594,0,gap,16
5119,34022070,34022.07,1588,0,gap,16
5120,34026158,34026.158,1574,0,gap,16
5121,34037980,34037.98,1595,0,gap,16
5122,34042082,34042.082,1584,0,gap,16
5123,34046167,34046.167,1591,0,gap,16
5124,34057988,34057.988,1582,0,gap,16
5125,34062092,34062.092,1585,0,gap,16
5126,34066195,34066.195,1571,0,gap,16
5127,34077980,34077.98,1578,0,gap,16
5128,34084863,34084.863,1582,0,gap,16
5129,34088746,34088.746,1584,0,gap,16
5130,34097987,34097.987,1590,0,gap,16
5131,34101881,34101.881,1573,0,gap,16
5132,34107987,34107.987,1583,0,gap,16
5133,34117979,34117.979,1567,0,gap,16
5134,34121891,34121.891,1578,0,gap,16
5135,34127979,34127.979,1563,0,gap,16
5136,34137987,34137.987,1571,0,gap,16
5137,34141897,34141.897,1582,0,gap,16
5138,34147991,34147.991,1569,0,gap,16
5139,34157979,34157.979,1575,0,gap,16
5140,34161912,34161.912,1552,0,gap,16
5141,34167979,34167.979,1535,0,gap,16
5142,34177987,34177.987,1563,0,gap,16
5143,34181922,34181.922,1553,0,gap,16
5144,34187986,34187.986,1535,0,gap,16
5145,34197979,34197.979,1573,1,pulse,17
5146,34202019,34202.019,4095,1,pulse,17
5147,34207975,34207.975,4095,1,pulse,17
5148,34217987,34217.987,4095,1,pulse,17
5149,34221877,34221.877,4095,1,pulse,17
5150,34227983,34227.983,4095,1,pulse,17
5151,34237976,34237.976,4095,0,gap,17
5152,34242105,34242.105,2974,0,gap,17
5153,34247983,34247.983,2850,0,gap,17
5154,34257988,34257.988,2757,0,gap,17
5155,34261969,34261.969,2746,0,gap,17
5156,34267987,34267.987,2739,0,gap,17
5157,34277980,34277.98,2701,0,gap,17
5158,34281985,34281.985,2671,0,gap,17
5159,34287979,34287.979,2661,0,gap,17
5160,34297988,34297.988,2646,0,gap,17
5161,34301994,34301.994,2619,0,gap,17
5162,34307987,34307.987,2631,0,gap,17
5163,34317979,34317.979,2617,0,gap,17
5164,34322013,34322.013,2608,0,gap,17
5165,34327979,34327.979,2599,0,gap,17
5166,34337987,34337.987,2580,0,gap,17
5167,34342033,34342.033,2582,0,gap,17
5168,34347987,34347.987,2557,0,gap,17
5169,34357983,34357.983,2557,0,gap,17
5170,34362047,34362.047,2533,0,gap,17
5171,34367979,34367.979,2529,0,gap,17
5172,34377987,34377.987,2524,0,gap,17
5173,34382049,34382.049,2515,0,gap,17
5174,34387991,34387.991,2525,0,gap,17
5175,34397979,34397.979,2519,0,gap,17
5176,34402063,34402.063,2493,0,gap,17
5177,34407978,34407.978,2493,0,gap,17
5178,34417987,34417.987,2479,0,gap,17
5179,34422072,34422.072,2480,0,gap,17
5180,34427986,34427.986,2467,0,gap,17
5181,34437979,34437.979,2469,0,gap,17
5182,34442078,34442.078,2463,0,gap,17
5183,34447978,34447.978,2455,0,gap,17
5184,34457987,34457.987,2439,0,gap,17
5185,34462096,34462.096,2437,0,gap,17
5186,34467986,34467.986,2427,0,gap,17
5187,34477979,34477.979,2419,0,gap,17
5188,34482097,34482.097,2418,0,gap,17
5189,34487978,34487.978,2416,0,gap,17
5190,34494873,34494.873,2401,0,gap,17
5191,34507979,34507.979,2415,0,gap,17
5192,34511896,34511.896,2381,0,gap,17
5193,34515786,34515.786,2379,0,gap,17
5194,34527987,34527.987,2381,0,gap,17
5195,34531891,34531.891,2357,0,gap,17
5196,34535804,34535.804,2353,0,gap,17
5197,34547979,34547.979,2358,0,gap,17
5198,34551905,34551.905,2351,0,gap,17
5199,34555819,34555.819,2343,0,gap,17
5200,34567987,34567.987,2337,0,gap,17
5201,34571916,34571.916,2339,0,gap,17
5202,34575844,34575.844,2333,0,gap,17
5203,34587979,34587.979,2323,0,gap,17
5204,34591923,34591.923,2321,0,gap,17
5205,34595854,34595.854,2310,0,gap,17
5206,34607991,34607.991,2320,0,gap,17
5207,34611940,34611.94,2310,0,gap,17
5208,34615893,34615.893,2288,0,gap,17
5209,34627979,34627.979,2288,0,gap,17
5210,34631943,34631.943,2269,0,gap,17
5211,34635898,34635.898,2282,0,gap,17
5212,34647987,34647.987,2270,0,gap,17
5213,34651957,34651.957,2260,0,gap,17
5214,34655927,34655.927,2266,0,gap,17
5215,34667979,34667.979,2267,0,gap,17
5216,34671967,34671.967,2256,0,gap,17
5217,34675947,34675.947,2239,0,gap,17
5218,34687987,34687.987,2249,0,gap,17
5219,34691970,34691.97,2239,0,gap,17
5220,34695969,34695.969,2237,0,gap,17
5221,34707978,34707.978,2233,0,gap,17
5222,34711992,34711.992,2212,0,gap,17
5223,34715985,34715.985,2207,0,gap,17
5224,34727986,34727.986,2214,0,gap,17
5225,34732002,34732.002,2203,0,gap,17
5226,34736025,34736.025,2193,0,gap,17
5227,34747978,34747.978,2192,0,gap,17
5228,34752032,34752.032,2175,0,gap,17
5229,34756065,34756.065,2195,0,gap,17
5230,34767986,34767.986,2183,0,gap,17
5231,34772034,34772.034,2188,0,gap,17
5232,34776092,34776.092,2177,0,gap,17
5233,34787982,34787.982,2166,0,gap,17
5234,34792056,34792.056,2155,0,gap,17
5235,34796104,34796.104,2139,0,gap,17
5236,34807986,34807.986,2163,0,gap,17
5237,34812049,34812.049,2145,0,gap,17
5238,34816127,34816.127,2124,0,gap,17
5239,34827978,34827.978,2129,0,gap,17
5240,34832071,34832.071,2122,0,gap,17
5241,34836143,34836.143,2119,0,gap,17
5242,34847986,34847.986,2112,0,gap,17
5243,34852069,34852.069,2110,0,gap,17
5244,34856170,34856.17,2116,0,gap,17
5245,34867978,34867.978,2105,0,gap,17
5246,34872086,34872.086,2099,0,gap,17
5247,34876178,34876.178,2098,0,gap,17
5248,34887986,34887.986,2107,0,gap,17
5249,34892092,34892.092,2086,0,gap,17
5250,34896209,34896.209,2080,0,gap,17
5251,34907978,34907.978,2086,0,gap,17
5252,34912112,34912.112,2064,0,gap,17
5253,34919004,34919.004,2070,0,gap,17
5254,34922916,34922.916,2058,0,gap,17
5255,34927979,34927.979,2041,0,gap,17
5256,34937988,34937.988,2064,0,gap,17
5257,34941887,34941.887,2046,0,gap,17
5258,34947987,34947.987,2043,0,gap,17
5259,34957980,34957.98,2019,0,gap,17
5260,34961909,34961.909,2035,0,gap,17
5261,34967979,34967.979,2035,0,gap,17
5262,34977988,34977.988,2026,0,gap,17
5263,34981912,34981.912,2017,0,gap,17
5264,34987987,34987.987,2014,0,gap,17
5265,34997984,34997.984,1995,0,gap,17
5266,35001930,35001.93,2006,0,gap,17
5267,35007979,35007.979,1989,0,gap,17
5268,35017988,35017.988,1988,0,gap,17
5269,35021928,35021.928,1993,0,gap,17
5270,35027991,35027.991,1987,0,gap,17
5271,35037980,35037.98,1983,0,gap,17
5272,35041950,35041.95,1984,0,gap,17
5273,35047979,35047.979,1969,0,gap,17
5274,35057988,35057.988,1973,0,gap,17
5275,35061949,35061.949,1969,0,gap,17
5276,35067987,35067.987,1951,0,gap,17
5277,35077980,35077.98,1969,0,gap,17
5278,35081967,35081.967,1944,0,gap,17
5279,35087979,35087.979,1966,0,gap,17
5280,35097987,35097.987,1954,0,gap,17
5281,35101974,35101.974,1937,0,gap,17
5282,35107987,35107.987,1935,0,gap,17
5283,35117979,35117.979,1951,0,gap,17
5284,35121992,35121.992,1925,0,gap,17
5285,35127979,35127.979,1936,0,gap,17
5286,35137991,35137.991,1939,0,gap,17
5287,35141998,35141.998,1919,0,gap,17
5288,35147987,35147.987,1923,0,gap,17
5289,35157979,35157.979,1917,0,gap,17
5290,35162034,35162.034,1903,0,gap,17
5291,35167979,35167.979,1907,0,gap,17
5292,35177987,35177.987,1910,0,gap,17
5293,35182033,35182.033,1895,0,gap,17
5294,35187986,35187.986,1899,0,gap,17
5295,35197979,35197.979,1894,0,gap,17
5296,35202051,35202.051,1900,0,gap,17
5297,35207982,35207.982,1882,0,gap,17
5298,35217987,35217.987,1899,0,gap,17
5299,35222048,35222.048,1874,0,gap,17
5300,35227986,35227.986,1869,0,gap,17
5301,35237979,35237.979,1872,0,gap,17
5302,35242070,35242.07,1877,0,gap,17
5303,35247978,35247.978,1867,0,gap,17
5304,35257987,35257.987,1872,0,gap,17
5305,35262068,35262.068,1861,0,gap,17
5306,35267986,35267.986,1867,0,gap,17
5307,35277979,35277.979,1849,0,gap,17
5308,35282089,35282.089,1840,0,gap,17
5309,35287978,35287.978,1857,0,gap,17
5310,35297987,35297.987,1853,0,gap,17
5311,35302091,35302.091,1837,0,gap,17
5312,35307974,35307.974,1837,0,gap,17
5313,35317983,35317.983,1839,0,gap,17
5314,35322117,35322.117,1828,0,gap,17
5315,35329004,35329.004,1819,0,gap,17
5316,35332909,35332.909,1834,0,gap,17
5317,35347979,35347.979,1827,0,gap,17
5318,35351893,35351.893,1803,0,gap,17
5319,35355786,35355.786,1821,0,gap,17
5320,35367987,35367.987,1825,0,gap,17
5321,35371891,35371.891,1823,0,gap,17
5322,35375810,35375.81,1810,0,gap,17
5323,35387979,35387.979,1808,0,gap,17
5324,35391913,35391.913,1805,0,gap,17
5325,35395823,35395.823,1799,0,gap,17
5326,35407987,35407.987,1808,0,gap,17
5327,35411915,35411.915,1797,0,gap,17
5328,35415856,35415.856,1781,0,gap,17
5329,35427983,35427.983,1787,0,gap,17
5330,35431938,35431.938,1776,0,gap,17
5331,35435868,35435.868,1776,0,gap,17
5332,35447987,35447.987,1791,0,gap,17
5333,35451935,35451.935,1781,0,gap,17
5334,35455900,35455.9,1777,0,gap,17
5335,35467979,35467.979,1777,0,gap,17
5336,35471954,35471.954,1772,0,gap,17
5337,35475906,35475.906,1775,0,gap,17
5338,35487987,35487.987,1776,0,gap,17
5339,35491952,35491.952,1769,0,gap,17
5340,35495934,35495.934,1744,0,gap,17
5341,35507979,35507.979,1775,0,gap,17
5342,35511975,35511.975,1741,0,gap,17
5343,35515950,35515.95,1744,0,gap,17
5344,35527987,35527.987,1745,0,gap,17
5345,35531978,35531.978,1741,0,gap,17
5346,35535977,35535.977,1744,0,gap,17
5347,35547978,35547.978,1745,0,gap,17
5348,35551992,35551.992,1733,0,gap,17
5349,35555985,35555.985,1739,0,gap,17
5350,35567991,35567.991,1731,0,gap,17
5351,35572010,35572.01,1741,0,gap,17
5352,35576047,35576.047,1719,0,gap,17
5353,35587978,35587.978,1755,0,gap,17
5354,35592031,35592.031,1725,0,gap,17
5355,35596067,35596.067,1723,0,gap,17
5356,35607986,35607.986,1723,0,gap,17
5357,35612033,35612.033,1717,0,gap,17
5358,35616091,35616.091,1704,0,gap,17
5359,35627978,35627.978,1727,0,gap,17
5360,35632067,35632.067,1697,0,gap,17
5361,35636122,35636.122,1696,0,gap,17
5362,35647986,35647.986,1707,0,gap,17
5363,35652052,35652.052,1708,0,gap,17
5364,35656130,35656.13,1684,0,gap,17
5365,35667978,35667.978,1699,0,gap,17
5366,35672074,35672.074,1686,0,gap,17
5367,35676149,35676.149,1697,0,gap,17
5368,35687986,35687.986,1694,0,gap,17
5369,35692076,35692.076,1694,0,gap,17
5370,35696177,35696.177,1693,0,gap,17
5371,35707978,35707.978,1685,0,gap,17
5372,35712094,35712.094,1679,0,gap,17
5373,35716189,35716.189,1680,0,gap,17
5374,35727986,35727.986,1680,0,gap,17
5375,35732096,35732.096,1678,0,gap,17
5376,35736216,35736.216,1661,0,gap,17
5377,35747982,35747.982,1680,0,gap,17
5378,35754872,35754.872,1674,0,gap,17
5379,35758758,35758.758,1674,0,gap,17
5380,35767987,35767.987,1664,0,gap,17
5381,35771886,35771.886,1678,0,gap,17
5382,35777991,35777.991,1657,0,gap,17
5383,35787979,35787.979,1666,0,gap,17
5384,35791901,35791.901,1663,0,gap,17
5385,35797979,35797.979,1649,0,gap,17
5386,35807987,35807.987,1659,0,gap,17
5387,35811907,35811.907,1655,0,gap,17
5388,35817987,35817.987,1641,0,gap,17
5389,35827979,35827.979,1659,0,gap,17
5390,35831918,35831.918,1638,0,gap,17
5391,35837979,35837.979,1629,0,gap,17
5392,35847987,35847.987,1653,0,gap,17
5393,35851932,35851.932,1646,0,gap,17
5394,35857986,35857.986,1646,0,gap,17
5395,35867979,35867.979,1639,0,gap,17
5396,35871941,35871.941,1635,0,gap,17
5397,35877978,35877.978,1626,0,gap,17
5398,35887991,35887.991,1648,0,gap,17
5399,35891957,35891.957,1635,0,gap,17
5400,35897986,35897.986,1614,0,gap,17
5401,35907979,35907.979,1619,0,gap,17
5402,35911959,35911.959,1613,0,gap,17
5403,35917978,35917.978,1615,0,gap,17
5404,35927987,35927.987,1626,0,gap,17
5405,35931968,35931.968,1613,0,gap,17
5406,35937986,35937.986,1604,0,gap,17
5407,35947979,35947.979,1603,0,gap,17
5408,35951984,35951.984,1595,0,gap,17
5409,35957982,35957.982,1622,0,gap,17
5410,35967987,35967.987,1629,0,gap,17
5411,35971989,35971.989,1612,0,gap,17
5412,35977974,35977.974,1621,0,gap,17
5413,35987979,35987.979,1607,0,gap,17
5414,35992016,35992.016,1600,0,gap,17
5415,35997966,35997.966,1600,0,gap,17
5416,36007986,36007.986,1586,0,gap,17
5417,36012029,36012.029,1595,0,gap,17
5418,36016075,36016.075,1570,0,gap,17
5419,36027980,36027.98,1606,0,gap,17
5420,36032048,36032.048,1587,0,gap,17
5421,36036096,36036.096,1598,0,gap,17
5422,36047988,36047.988,1585,0,gap,17
5423,36052054,36052.054,1585,0,gap,17
5424,36056123,36056.123,1570,0,gap,17
5425,36067984,36067.984,1600,0,gap,17
5426,36072064,36072.064,1583,0,gap,17
5427,36076134,36076.134,1572,0,gap,17
5428,36087988,36087.988,1594,0,gap,17
5429,36092069,36092.069,1585,0,gap,17
5430,36096158,36096.158,1559,0,gap,17
5431,36107980,36107.98,1573,0,gap,17
5432,36112083,36112.083,1553,0,gap,17
5433,36116169,36116.169,1552,0,gap,17
5434,36127988,36127.988,1573,0,gap,17
5435,36132088,36132.088,1569,0,gap,17
5436,36136197,36136.197,1553,0,gap,17
5437,36147979,36147.979,1575,0,gap,17
5438,36152103,36152.103,1553,0,gap,17
5439,36156213,36156.213,1559,0,gap,17
5440,36163098,36163.098,1535,0,gap,17
5441,36177983,36177.983,1575,0,gap,17
5442,36181900,36181.9,1535,0,gap,17
5443,36185790,36185.79,1562,0,gap,17
5444,36197987,36197.987,1556,0,gap,17
5445,36201887,36201.887,1555,0,gap,17
5446,36205807,36205.807,1535,0,gap,17
5447,36217979,36217.979,1558,0,gap,17
5448,36221909,36221.909,1535,0,gap,17
5449,36225819,36225.819,1535,0,gap,17
5450,36237987,36237.987,1557,0,gap,17
5451,36241908,36241.908,1535,0,gap,17
5452,36245848,36245.848,1535,0,gap,17
5453,36257979,36257.979,1573,1,pulse,18
5454,36262018,36262.018,4095,1,pulse,18
5455,36265886,36265.886,4095,1,pulse,18
5456,36277987,36277.987,4095,1,pulse,18
5457,36281866,36281.866,4095,1,pulse,18
5458,36285756,36285.756,4095,1,pulse,18
5459,36297976,36297.976,4095,0,gap,18
5460,36302103,36302.103,3030,0,gap,18
5461,36306077,36306.077,2896,0,gap,18
5462,36317987,36317.987,2789,0,gap,18
5463,36321963,36321.963,2785,0,gap,18
5464,36325951,36325.951,2753,0,gap,18
5465,36337979,36337.979,2734,0,gap,18
5466,36341981,36341.981,2700,0,gap,18
5467,36345963,36345.963,2679,0,gap,18
5468,36357987,36357.987,2675,0,gap,18
5469,36361980,36361.98,2656,0,gap,18
5470,36365984,36365.984,2651,0,gap,18
5471,36377979,36377.979,2638,0,gap,18
5472,36382007,36382.007,2615,0,gap,18
5473,36386009,36386.009,2611,0,gap,18
5474,36397987,36397.987,2594,0,gap,18
5475,36402009,36402.009,2590,0,gap,18
5476,36406046,36406.046,2579,0,gap,18
5477,36417983,36417.983,2559,0,gap,18
5478,36422046,36422.046,2559,0,gap,18
5479,36426088,36426.088,2559,0,gap,18
5480,36437987,36437.987,2545,0,gap,18
5481,36442040,36442.04,2558,0,gap,18
5482,36446108,36446.108,2534,0,gap,18
5483,36457979,36457.979,2519,0,gap,18
5484,36462061,36462.061,2527,0,gap,18
5485,36466123,36466.123,2507,0,gap,18
5486,36477987,36477.987,2511,0,gap,18
5487,36482063,36482.063,2499,0,gap,18
5488,36486154,36486.154,2483,0,gap,18
5489,36497978,36497.978,2487,0,gap,18
5490,36502081,36502.081,2470,0,gap,18
5491,36506162,36506.162,2461,0,gap,18
5492,36517986,36517.986,2455,0,gap,18
5493,36522086,36522.086,2443,0,gap,18
5494,36526193,36526.193,2443,0,gap,18
5495,36537978,36537.978,2438,0,gap,18
5496,36542100,36542.1,2417,0,gap,18
5497,36546197,36546.197,2416,0,gap,18
5498,36557986,36557.986,2410,0,gap,18
5499,36562102,36562.102,2418,0,gap,18
5500,36566228,36566.228,2397,0,gap,18
5501,36577978,36577.978,2399,0,gap,18
5502,36582121,36582.121,2383,0,gap,18
5503,36589054,36589.054,2380,0,gap,18
5504,36592956,36592.956,2384,0,gap,18
5505,36597979,36597.979,2365,0,gap,18
5506,36607988,36607.988,2351,0,gap,18
5507,36611901,36611.901,2352,0,gap,18
5508,36617988,36617.988,2343,0,gap,18
5509,36627984,36627.984,2347,0,gap,18
5510,36631919,36631.919,2334,0,gap,18
5511,36637979,36637.979,2326,0,gap,18
5512,36647988,36647.988,2317,0,gap,18
5513,36651917,36651.917,2320,0,gap,18
5514,36657987,36657.987,2304,0,gap,18
5515,36667980,36667.98,2309,0,gap,18
5516,36671935,36671.935,2304,0,gap,18
5517,36677979,36677.979,2281,0,gap,18
5518,36687988,36687.988,2279,0,gap,18
5519,36691941,36691.941,2267,0,gap,18
5520,36697987,36697.987,2266,0,gap,18
5521,36707980,36707.98,2279,0,gap,18
5522,36711956,36711.956,2263,0,gap,18
5523,36717979,36717.979,2254,0,gap,18
5524,36727988,36727.988,2245,0,gap,18
5525,36731966,36731.966,2241,0,gap,18
5526,36737987,36737.987,2240,0,gap,18
5527,36747980,36747.98,2237,0,gap,18
5528,36751976,36751.976,2229,0,gap,18
5529,36757979,36757.979,2224,0,gap,18
5530,36767987,36767.987,2212,0,gap,18
5531,36771986,36771.986,2205,0,gap,18
5532,36777987,36777.987,2192,0,gap,18
5533,36787979,36787.979,2203,0,gap,18
5534,36791997,36791.997,2203,0,gap,18
5535,36797979,36797.979,2183,0,gap,18
5536,36807987,36807.987,2191,0,gap,18
5537,36812003,36812.003,2175,0,gap,18
5538,36817987,36817.987,2169,0,gap,18
5539,36827979,36827.979,2171,0,gap,18
5540,36832043,36832.043,2160,0,gap,18
5541,36837983,36837.983,2162,0,gap,18
5542,36847987,36847.987,2149,0,gap,18
5543,36852042,36852.042,2142,0,gap,18
5544,36857986,36857.986,2128,0,gap,18
5545,36867979,36867.979,2134,0,gap,18
5546,36872060,36872.06,2137,0,gap,18
5547,36877978,36877.978,2121,0,gap,18
5548,36887987,36887.987,2121,0,gap,18
5549,36892058,36892.058,2111,0,gap,18
5550,36897986,36897.986,2103,0,gap,18
5551,36907979,36907.979,2106,0,gap,18
5552,36912083,36912.083,2094,0,gap,18
5553,36917978,36917.978,2091,0,gap,18
5554,36927987,36927.987,2091,0,gap,18
5555,36932077,36932.077,2075,0,gap,18
5556,36937986,36937.986,2085,0,gap,18
5557,36947983,36947.983,2086,0,gap,18
5558,36952107,36952.107,2078,0,gap,18
5559,36957978,36957.978,2064,0,gap,18
5560,36967987,36967.987,2064,0,gap,18
5561,36972097,36972.097,2043,0,gap,18
5562,36977974,36977.974,2062,0,gap,18
5563,36987979,36987.979,2055,0,gap,18
5564,36992119,36992.119,2047,0,gap,18
5565,36999006,36999.006,2035,0,gap,18
5566,37002918,37002.918,2031,0,gap,18
5567,37017979,37017.979,2032,0,gap,18
5568,37021903,37021.903,2023,0,gap,18
5569,37025810,37025.81,2025,0,gap,18
5570,37037987,37037.987,2031,0,gap,18
5571,37041908,37041.908,2017,0,gap,18
5572,37045829,37045.829,2007,0,gap,18
5573,37057983,37057.983,2005,0,gap,18
5574,37061923,37061.923,1989,0,gap,18
5575,37065850,37065.85,1990,0,gap,18
5576,37077987,37077.987,1995,0,gap,18
5577,37081925,37081.925,1986,0,gap,18
5578,37085867,37085.867,1975,0,gap,18
5579,37097979,37097.979,2002,0,gap,18
5580,37101935,37101.935,1962,0,gap,18
5581,37105883,37105.883,1968,0,gap,18
5582,37117987,37117.987,1981,0,gap,18
5583,37121949,37121.949,1962,0,gap,18
5584,37125919,37125.919,1959,0,gap,18
5585,37137979,37137.979,1967,0,gap,18
5586,37141961,37141.961,1942,0,gap,18
5587,37145930,37145.93,1936,0,gap,18
5588,37157987,37157.987,1961,0,gap,18
5589,37161970,37161.97,1927,0,gap,18
5590,37165957,37165.957,1931,0,gap,18
5591,37177979,37177.979,1933,0,gap,18
5592,37181980,37181.98,1921,0,gap,18
5593,37185965,37185.965,1919,0,gap,18
5594,37197986,37197.986,1920,0,gap,18
5595,37201991,37201.991,1931,0,gap,18
5596,37206012,37206.012,1921,0,gap,18
5597,37217978,37217.978,1907,0,gap,18
5598,37221997,37221.997,1897,0,gap,18
5599,37226008,37226.008,1889,0,gap,18
5600,37237986,37237.986,1899,0,gap,18
5601,37242016,37242.016,1889,0,gap,18
5602,37246055,37246.055,1873,0,gap,18
5603,37257978,37257.978,1893,0,gap,18
5604,37262037,37262.037,1877,0,gap,18
5605,37266087,37266.087,1870,0,gap,18
5606,37277986,37277.986,1873,0,gap,18
5607,37282051,37282.051,1886,0,gap,18
5608,37286118,37286.118,1853,0,gap,18
5609,37297978,37297.978,1867,0,gap,18
5610,37302056,37302.056,1857,0,gap,18
5611,37306126,37306.126,1851,0,gap,18
5612,37317986,37317.986,1868,0,gap,18
5613,37322066,37322.066,1851,0,gap,18
5614,37326149,37326.149,1839,0,gap,18
5615,37337978,37337.978,1847,0,gap,18
5616,37342084,37342.084,1838,0,gap,18
5617,37346173,37346.173,1843,0,gap,18
5618,37357986,37357.986,1839,0,gap,18
5619,37362090,37362.09,1830,0,gap,18
5620,37366196,37366.196,1834,0,gap,18
5621,37377982,37377.982,1824,0,gap,18
5622,37382103,37382.103,1818,0,gap,18
5623,37386212,37386.212,1817,0,gap,18
5624,37397986,37397.986,1825,0,gap,18
5625,37402105,37402.105,1817,0,gap,18
5626,37406228,37406.228,1806,0,gap,18
5627,37417978,37417.978,1806,0,gap,18
5628,37424897,37424.897,1811,0,gap,18
5629,37428800,37428.8,1809,0,gap,18
5630,37437987,37437.987,1797,0,gap,18
5631,37441897,37441.897,1791,0,gap,18
5632,37447987,37447.987,1785,0,gap,18
5633,37457979,37457.979,1804,0,gap,18
5634,37461911,37461.911,1792,0,gap,18
5635,37467979,37467.979,1785,0,gap,18
5636,37477987,37477.987,1779,0,gap,18
5637,37481918,37481.918,1776,0,gap,18
5638,37487987,37487.987,1781,0,gap,18
5639,37497979,37497.979,1774,0,gap,18
5640,37501936,37501.936,1765,0,gap,18
5641,37507979,37507.979,1769,0,gap,18
5642,37517987,37517.987,1779,0,gap,18
5643,37521938,37521.938,1773,0,gap,18
5644,37527986,37527.986,1744,0,gap,18
5645,37537979,37537.979,1759,0,gap,18
5646,37541956,37541.956,1744,0,gap,18
5647,37547978,37547.978,1747,0,gap,18
5648,37557987,37557.987,1749,0,gap,18
5649,37561955,37561.955,1744,0,gap,18
5650,37567986,37567.986,1744,0,gap,18
5651,37577979,37577.979,1739,0,gap,18
5652,37581973,37581.973,1734,0,gap,18
5653,37587982,37587.982,1739,0,gap,18
5654,37597987,37597.987,1727,0,gap,18
5655,37601991,37601.991,1741,0,gap,18
5656,37607986,37607.986,1744,0,gap,18
5657,37617979,37617.979,1732,0,gap,18
5658,37621993,37621.993,1715,0,gap,18
5659,37627978,37627.978,1723,0,gap,18
5660,37637987,37637.987,1723,0,gap,18
5661,37641996,37641.996,1716,0,gap,18
5662,37647974,37647.974,1717,0,gap,18
5663,37657979,37657.979,1717,0,gap,18
5664,37662030,37662.03,1712,0,gap,18
5665,37667966,37667.966,1697,0,gap,18
5666,37677986,37677.986,1709,0,gap,18
5667,37682035,37682.035,1683,0,gap,18
5668,37686095,37686.095,1686,0,gap,18
5669,37697984,37697.984,1691,0,gap,18
5670,37702058,37702.058,1680,0,gap,18
5671,37706116,37706.116,1695,0,gap,18
5672,37717988,37717.988,1695,0,gap,18
5673,37722060,37722.06,1679,0,gap,18
5674,37726143,37726.143,1665,0,gap,18
5675,37737980,37737.98,1682,0,gap,18
5676,37742074,37742.074,1680,0,gap,18
5677,37746147,37746.147,1670,0,gap,18
5678,37757988,37757.988,1680,0,gap,18
5679,37762079,37762.079,1676,0,gap,18
5680,37766186,37766.186,1648,0,gap,18
5681,37777980,37777.98,1680,0,gap,18
5682,37782093,37782.093,1661,0,gap,18
5683,37786186,37786.186,1661,0,gap,18
5684,37797988,37797.988,1675,0,gap,18
5685,37802099,37802.099,1650,0,gap,18
5686,37806217,37806.217,1664,0,gap,18
5687,37817979,37817.979,1657,0,gap,18
5688,37822116,37822.116,1664,0,gap,18
5689,37826229,37826.229,1659,0,gap,18
5690,37833127,37833.127,1649,0,gap,18
5691,37847979,37847.979,1661,0,gap,18
5692,37851906,37851.906,1650,0,gap,18
5693,37855802,37855.802,1639,0,gap,18
5694,37867987,37867.987,1650,0,gap,18
5695,37871901,37871.901,1639,0,gap,18
5696,37875831,37875.831,1639,0,gap,18
5697,37887979,37887.979,1639,0,gap,18
5698,37891919,37891.919,1638,0,gap,18
5699,37895839,37895.839,1623,0,gap,18
5700,37907987,37907.987,1639,0,gap,18
5701,37911925,37911.925,1626,0,gap,18
5702,37915868,37915.868,1609,0,gap,18
5703,37927979,37927.979,1647,0,gap,18
5704,37931940,37931.94,1622,0,gap,18
5705,37935881,37935.881,1619,0,gap,18
5706,37947987,37947.987,1632,0,gap,18
5707,37951942,37951.942,1621,0,gap,18
5708,37955908,37955.908,1614,0,gap,18
5709,37967979,37967.979,1605,0,gap,18
5710,37971956,37971.956,1621,0,gap,18
5711,37975919,37975.919,1607,0,gap,18
5712,37987987,37987.987,1629,0,gap,18
5713,37991959,37991.959,1613,0,gap,18
5714,37995946,37995.946,1607,0,gap,18
5715,38007979,38007.979,1611,0,gap,18
5716,38011977,38011.977,1596,0,gap,18
5717,38015959,38015.959,1578,0,gap,18
5718,38027986,38027.986,1601,0,gap,18
5719,38031983,38031.983,1600,0,gap,18
5720,38035992,38035.992,1590,0,gap,18
5721,38047978,38047.978,1587,0,gap,18
5722,38051998,38051.998,1597,0,gap,18
5723,38056005,38056.005,1584,0,gap,18
5724,38067986,38067.986,1597,0,gap,18
5725,38072009,38072.009,1595,0,gap,18
5726,38076042,38076.042,1582,0,gap,18
5727,38087978,38087.978,1615,1,pulse,19
5728,38092137,38092.137,4095,1,pulse,19
5729,38096117,38096.117,4095,1,pulse,19
5730,38107983,38107.983,4095,1,pulse,19
5731,38111973,38111.973,4095,1,pulse,19
5732,38115975,38115.975,4095,1,pulse,19
5733,38127976,38127.976,4095,0,gap,19
5734,38132217,38132.217,3050,0,gap,19
5735,38136301,38136.301,2893,0,gap,19
5736,38147987,38147.987,2783,0,gap,19
5737,38152081,38152.081,2767,0,gap,19
5738,38156183,38156.183,2739,0,gap,19
5739,38167979,38167.979,2723,0,gap,19
5740,38172091,38172.091,2704,0,gap,19
5741,38176182,38176.182,2695,0,gap,19
5742,38187987,38187.987,2663,0,gap,19
5743,38192101,38192.101,2669,0,gap,19
5744,38196222,38196.222,2635,0,gap,19
5745,38207979,38207.979,2626,0,gap,19
5746,38212110,38212.11,2638,0,gap,19
5747,38216226,38216.226,2615,0,gap,19
5748,38227991,38227.991,2598,0,gap,19
5749,38232120,38232.12,2603,0,gap,19
5750,38236257,38236.257,2559,0,gap,19
5751,38247979,38247.979,2559,0,gap,19
5752,38252135,38252.135,2582,0,gap,19
5753,38259062,38259.062,2549,0,gap,19
5754,38262978,38262.978,2545,0,gap,19
5755,38267979,38267.979,2525,0,gap,19
5756,38277988,38277.988,2517,0,gap,19
5757,38281911,38281.911,2512,0,gap,19
5758,38287988,38287.988,2503,0,gap,19
5759,38297980,38297.98,2512,0,gap,19
5760,38301933,38301.933,2499,0,gap,19
5761,38307980,38307.98,2480,0,gap,19
5762,38317988,38317.988,2479,0,gap,19
5763,38321935,38321.935,2470,0,gap,19
5764,38327991,38327.991,2452,0,gap,19
5765,38337980,38337.98,2455,0,gap,19
5766,38341953,38341.953,2444,0,gap,19
5767,38347979,38347.979,2439,0,gap,19
5768,38357988,38357.988,2438,0,gap,19
5769,38361959,38361.959,2428,0,gap,19
5770,38367987,38367.987,2439,0,gap,19
5771,38377980,38377.98,2417,0,gap,19
5772,38381970,38381.97,2419,0,gap,19
5773,38387979,38387.979,2397,0,gap,19
5774,38397988,38397.988,2384,0,gap,19
5775,38401980,38401.98,2387,0,gap,19
5776,38407987,38407.987,2389,0,gap,19
5777,38417980,38417.98,2371,0,gap,19
5778,38421990,38421.99,2365,0,gap,19
5779,38427979,38427.979,2359,0,gap,19
5780,38437992,38437.992,2353,0,gap,19
5781,38441996,38441.996,2352,0,gap,19
5782,38447987,38447.987,2350,0,gap,19
5783,38457979,38457.979,2342,0,gap,19
5784,38462015,38462.015,2331,0,gap,19
5785,38467983,38467.983,2335,0,gap,19
5786,38477987,38477.987,2313,0,gap,19
5787,38482013,38482.013,2305,0,gap,19
5788,38487987,38487.987,2300,0,gap,19
5789,38497979,38497.979,2305,0,gap,19
5790,38502057,38502.057,2298,0,gap,19
5791,38507979,38507.979,2292,0,gap,19
5792,38517987,38517.987,2289,0,gap,19
5793,38522052,38522.052,2269,0,gap,19
5794,38527987,38527.987,2260,0,gap,19
5795,38537979,38537.979,2270,0,gap,19
5796,38542078,38542.078,2271,0,gap,19
5797,38547978,38547.978,2253,0,gap,19
5798,38557987,38557.987,2246,0,gap,19
5799,38562076,38562.076,2247,0,gap,19
5800,38567986,38567.986,2236,0,gap,19
5801,38577983,38577.983,2235,0,gap,19
5802,38582097,38582.097,2223,0,gap,19
5803,38587978,38587.978,2213,0,gap,19
5804,38597987,38597.987,2208,0,gap,19
5805,38602091,38602.091,2209,0,gap,19
5806,38607986,38607.986,2199,0,gap,19
5807,38617979,38617.979,2203,0,gap,19
5808,38622113,38622.113,2189,0,gap,19
5809,38627978,38627.978,2195,0,gap,19
5810,38637987,38637.987,2186,0,gap,19
5811,38642110,38642.11,2174,0,gap,19
5812,38647990,38647.99,2170,0,gap,19
5813,38657979,38657.979,2173,0,gap,19
5814,38662128,38662.128,2160,0,gap,19
5815,38669029,38669.029,2161,0,gap,19
5816,38677974,38677.974,2162,0,gap,19
5817,38681912,38681.912,2148,0,gap,19
5818,38687986,38687.986,2146,0,gap,19
5819,38697979,38697.979,2135,0,gap,19
5820,38701919,38701.919,2141,0,gap,19
5821,38707978,38707.978,2118,0,gap,19
5822,38717987,38717.987,2127,0,gap,19
5823,38721933,38721.933,2128,0,gap,19
5824,38727986,38727.986,2107,0,gap,19
5825,38737979,38737.979,2126,0,gap,19
5826,38741939,38741.939,2102,0,gap,19
5827,38747978,38747.978,2099,0,gap,19
5828,38757991,38757.991,2109,0,gap,19
5829,38761954,38761.954,2091,0,gap,19
5830,38767974,38767.974,2093,0,gap,19
5831,38777978,38777.978,2079,0,gap,19
5832,38781959,38781.959,2074,0,gap,19
5833,38787970,38787.97,2066,0,gap,19
5834,38797986,38797.986,2081,0,gap,19
5835,38801966,38801.966,2061,0,gap,19
5836,38805954,38805.954,2055,0,gap,19
5837,38817980,38817.98,2074,0,gap,19
5838,38821978,38821.978,2059,0,gap,19
5839,38825972,38825.972,2027,0,gap,19
5840,38837988,38837.988,2035,0,gap,19
5841,38841988,38841.988,2030,0,gap,19
5842,38845996,38845.996,2021,0,gap,19
5843,38857980,38857.98,2022,0,gap,19
5844,38862006,38862.006,2026,0,gap,19
5845,38866017,38866.017,2014,0,gap,19
5846,38877988,38877.988,2010,0,gap,19
5847,38882013,38882.013,2012,0,gap,19
5848,38886042,38886.042,2003,0,gap,19
5849,38897984,38897.984,1998,0,gap,19
5850,38902036,38902.036,1989,0,gap,19
5851,38906071,38906.071,1979,0,gap,19
5852,38917988,38917.988,1986,0,gap,19
5853,38922049,38922.049,1984,0,gap,19
5854,38926113,38926.113,1973,0,gap,19
5855,38937979,38937.979,1968,0,gap,19
5856,38942062,38942.062,1967,0,gap,19
5857,38946132,38946.132,1947,0,gap,19
5858,38957987,38957.987,1969,0,gap,19
5859,38962068,38962.068,1963,0,gap,19
5860,38966156,38966.156,1942,0,gap,19
5861,38977979,38977.979,1957,0,gap,19
5862,38982078,38982.078,1938,0,gap,19
5863,38986167,38986.167,1937,0,gap,19
5864,38997987,38997.987,1936,0,gap,19
5865,39002091,39002.091,1927,0,gap,19
5866,39006199,39006.199,1939,0,gap,19
5867,39017979,39017.979,1919,0,gap,19
5868,39022101,39022.101,1936,0,gap,19
5869,39026206,39026.206,1911,0,gap,19
5870,39037987,39037.987,1920,0,gap,19
5871,39042115,39042.115,1902,0,gap,19
5872,39046242,39046.242,1900,0,gap,19
5873,39057979,39057.979,1904,0,gap,19
5874,39062116,39062.116,1890,0,gap,19
5875,39066241,39066.241,1886,0,gap,19
5876,39077991,39077.991,1891,0,gap,19
5877,39082132,39082.132,1885,0,gap,19
5878,39089041,39089.041,1879,0,gap,19
5879,39092951,39092.951,1882,0,gap,19
5880,39107974,39107.974,1875,0,gap,19
5881,39111906,39111.906,1871,0,gap,19
5882,39115837,39115.837,1861,0,gap,19
5883,39127979,39127.979,1872,0,gap,19
5884,39131920,39131.92,1856,0,gap,19
5885,39135849,39135.849,1855,0,gap,19
5886,39147987,39147.987,1861,0,gap,19
5887,39151938,39151.938,1862,0,gap,19
5888,39155890,39155.89,1853,0,gap,19
5889,39167979,39167.979,1841,0,gap,19
5890,39171941,39171.941,1841,0,gap,19
5891,39175891,39175.891,1842,0,gap,19
5892,39187991,39187.991,1855,0,gap,19
5893,39191959,39191.959,1835,0,gap,19
5894,39195931,39195.931,1815,0,gap,19
5895,39207979,39207.979,1833,0,gap,19
5896,39211965,39211.965,1808,0,gap,19
5897,39215940,39215.94,1809,0,gap,19
5898,39227987,39227.987,1818,0,gap,19
5899,39231972,39231.972,1814,0,gap,19
5900,39235965,39235.965,1797,0,gap,19
5901,39247978,39247.978,1808,0,gap,19
5902,39251982,39251.982,1808,0,gap,19
5903,39255981,39255.981,1779,0,gap,19
5904,39267986,39267.986,1796,0,gap,19
5905,39271992,39271.992,1806,0,gap,19
5906,39276005,39276.005,1786,0,gap,19
5907,39287978,39287.978,1803,0,gap,19
5908,39292008,39292.008,1776,0,gap,19
5909,39296020,39296.02,1767,0,gap,19
5910,39307986,39307.986,1779,0,gap,19
5911,39312017,39312.017,1777,0,gap,19
5912,39316051,39316.051,1758,0,gap,19
5913,39327982,39327.982,1764,0,gap,19
5914,39332040,39332.04,1761,0,gap,19
5915,39336086,39336.086,1767,0,gap,19
5916,39347986,39347.986,1765,0,gap,19
5917,39352053,39352.053,1762,0,gap,19
5918,39356122,39356.122,1760,0,gap,19
5919,39367978,39367.978,1755,0,gap,19
5920,39372066,39372.066,1745,0,gap,19
5921,39376138,39376.138,1737,0,gap,19
5922,39387986,39387.986,1743,0,gap,19
5923,39392076,39392.076,1744,0,gap,19
5924,39396169,39396.169,1738,0,gap,19
5925,39407978,39407.978,1728,0,gap,19
5926,39412082,39412.082,1718,0,gap,19
5927,39416177,39416.177,1735,0,gap,19
5928,39427986,39427.986,1712,0,gap,19
5929,39432096,39432.096,1713,0,gap,19
5930,39436204,39436.204,1720,0,gap,19
5931,39447978,39447.978,1724,0,gap,19
5932,39452101,39452.101,1703,0,gap,19
5933,39456216,39456.216,1699,0,gap,19
5934,39467986,39467.986,1709,0,gap,19
5935,39472119,39472.119,1707,0,gap,19
5936,39476251,39476.251,1686,0,gap,19
5937,39487978,39487.978,1710,0,gap,19
5938,39492125,39492.125,1690,0,gap,19
5939,39496255,39496.255,1683,0,gap,19
5940,39503177,39503.177,1701,0,gap,19
5941,39507978,39507.978,1687,0,gap,19
5942,39517988,39517.988,1695,0,gap,19
5943,39521909,39521.909,1680,0,gap,19
5944,39527987,39527.987,1680,0,gap,19
5945,39537984,39537.984,1695,0,gap,19
5946,39541932,39541.932,1682,0,gap,19
5947,39547979,39547.979,1657,0,gap,19
5948,39557988,39557.988,1676,0,gap,19
5949,39561926,39561.926,1664,0,gap,19
5950,39567987,39567.987,1661,0,gap,19
5951,39577980,39577.98,1670,0,gap,19
5952,39581948,39581.948,1651,0,gap,19
5953,39587979,39587.979,1647,0,gap,19
5954,39597988,39597.988,1664,0,gap,19
5955,39601947,39601.947,1648,0,gap,19
5956,39607991,39607.991,1648,0,gap,19
5957,39617979,39617.979,1643,0,gap,19
5958,39621964,39621.964,1637,0,gap,19
5959,39627979,39627.979,1638,0,gap,19
5960,39637987,39637.987,1650,0,gap,19
5961,39641971,39641.971,1622,0,gap,19
5962,39647987,39647.987,1623,0,gap,19
5963,39657979,39657.979,1633,0,gap,19
5964,39661985,39661.985,1626,0,gap,19
5965,39667979,39667.979,1631,0,gap,19
5966,39677987,39677.987,1622,0,gap,19
5967,39681995,39681.995,1618,0,gap,19
5968,39687987,39687.987,1617,0,gap,19
5969,39697979,39697.979,1611,0,gap,19
5970,39702006,39702.006,1609,0,gap,19
5971,39707978,39707.978,1605,0,gap,19
5972,39717991,39717.991,1622,0,gap,19
5973,39722016,39722.016,1614,0,gap,19
5974,39727986,39727.986,1597,0,gap,19
5975,39737979,39737.979,1613,0,gap,19
5976,39742038,39742.038,1597,0,gap,19
5977,39747982,39747.982,1595,0,gap,19
5978,39757987,39757.987,1609,0,gap,19
5979,39762048,39762.048,1584,0,gap,19
5980,39767986,39767.986,1593,0,gap,19
5981,39777979,39777.979,1600,0,gap,19
5982,39782065,39782.065,1580,0,gap,19
5983,39787978,39787.978,1579,0,gap,19
5984,39797987,39797.987,1570,0,gap,19
5985,39802067,39802.067,1589,0,gap,19
5986,39807986,39807.986,1589,0,gap,19
5987,39817979,39817.979,1577,0,gap,19
5988,39822089,39822.089,1577,0,gap,19
5989,39827970,39827.97,1562,0,gap,19
5990,39837987,39837.987,1566,0,gap,19
5991,39842090,39842.09,1571,0,gap,19
5992,39847970,39847.97,1553,0,gap,19
5993,39857983,39857.983,1571,0,gap,19
5994,39862112,39862.112,1569,0,gap,19
5995,39866217,39866.217,1535,0,gap,19
5996,39877988,39877.988,1561,0,gap,19
5997,39882107,39882.107,1535,0,gap,19
5998,39886242,39886.242,1566,0,gap,19
5999,39897980,39897.98,1534,0,gap,19
6000,39902129,39902.129,1535,0,gap,19
6001,39906258,39906.258,1531,0,gap,19
6002,39917988,39917.988,1535,0,gap,19
6003,39924898,39924.898,1535,0,gap,19
6004,39928833,39928.833,1552,1,pulse,20
6005,39937988,39937.988,4095,1,pulse,20
6006,39941861,39941.861,4095,1,pulse,20
6007,39947975,39947.975,4095,1,pulse,20
6008,39957984,39957.984,4095,1,pulse,20
6009,39961859,39961.859,4095,1,pulse,20
6010,39967984,39967.984,4095,1,pulse,20
6011,39977976,39977.976,4095,0,gap,20
6012,39982087,39982.087,3036,0,gap,20
6013,39987980,39987.98,2838,0,gap,20
6014,39997988,39997.988,2782,0,gap,20
6015,40001956,40001.956,2762,0,gap,20
6016,40007988,40007.988,2727,0,gap,20
6017,40017980,40017.98,2711,0,gap,20
6018,40021967,40021.967,2677,0,gap,20
6019,40027979,40027.979,2693,0,gap,20
6020,40037988,40037.988,2658,0,gap,20
6021,40041972,40041.972,2645,0,gap,20
6022,40047987,40047.987,2631,0,gap,20
6023,40057980,40057.98,2625,0,gap,20
6024,40061991,40061.991,2619,0,gap,20
6025,40067979,40067.979,2608,0,gap,20
6026,40077988,40077.988,2607,0,gap,20
6027,40081997,40081.997,2559,0,gap,20
6028,40087987,40087.987,2559,0,gap,20
6029,40097980,40097.98,2559,0,gap,20
6030,40102011,40102.011,2557,0,gap,20
6031,40107979,40107.979,2549,0,gap,20
6032,40117988,40117.988,2529,0,gap,20
6033,40122014,40122.014,2528,0,gap,20
6034,40127987,40127.987,2526,0,gap,20
6035,40137980,40137.98,2511,0,gap,20
6036,40142028,40142.028,2508,0,gap,20
6037,40147979,40147.979,2482,0,gap,20
6038,40157988,40157.988,2482,0,gap,20
6039,40162046,40162.046,2481,0,gap,20
6040,40167991,40167.991,2469,0,gap,20
6041,40177979,40177.979,2459,0,gap,20
6042,40182064,40182.064,2451,0,gap,20
6043,40187979,40187.979,2459,0,gap,20
6044,40197987,40197.987,2450,0,gap,20
6045,40202073,40202.073,2432,0,gap,20
6046,40207987,40207.987,2431,0,gap,20
6047,40217979,40217.979,2422,0,gap,20
6048,40222087,40222.087,2417,0,gap,20
6049,40227979,40227.979,2410,0,gap,20
6050,40237987,40237.987,2416,0,gap,20
6051,40242097,40242.097,2391,0,gap,20
6052,40247987,40247.987,2385,0,gap,20
6053,40257979,40257.979,2373,0,gap,20
6054,40262102,40262.102,2362,0,gap,20
6055,40267978,40267.978,2362,0,gap,20
6056,40277991,40277.991,2359,0,gap,20
6057,40282120,40282.12,2341,0,gap,20
6058,40287986,40287.986,2345,0,gap,20
6059,40297979,40297.979,2345,0,gap,20
6060,40302122,40302.122,2345,0,gap,20
6061,40307978,40307.978,2338,0,gap,20
6062,40317987,40317.987,2322,0,gap,20
6063,40322135,40322.135,2314,0,gap,20
6064,40327986,40327.986,2301,0,gap,20
6065,40334900,40334.9,2301,0,gap,20
6066,40347987,40347.987,2299,0,gap,20
6067,40351930,40351.93,2289,0,gap,20
6068,40355861,40355.861,2271,0,gap,20
6069,40367979,40367.979,2288,0,gap,20
6070,40371925,40371.925,2258,0,gap,20
6071,40375862,40375.862,2267,0,gap,20
6072,40387991,40387.991,2267,0,gap,20
6073,40391942,40391.942,2257,0,gap,20
6074,40395898,40395.898,2250,0,gap,20
6075,40407979,40407.979,2240,0,gap,20
6076,40411945,40411.945,2235,0,gap,20
6077,40415899,40415.899,2226,0,gap,20
6078,40427987,40427.987,2224,0,gap,20
6079,40431959,40431.959,2220,0,gap,20
6080,40435936,40435.936,2215,0,gap,20
6081,40447979,40447.979,2209,0,gap,20
6082,40451965,40451.965,2202,0,gap,20
6083,40455943,40455.943,2201,0,gap,20
6084,40467987,40467.987,2193,0,gap,20
6085,40471976,40471.976,2191,0,gap,20
6086,40475973,40475.973,2169,0,gap,20
6087,40487978,40487.978,2171,0,gap,20
6088,40491994,40491.994,2159,0,gap,20
6089,40495993,40495.993,2160,0,gap,20
6090,40507986,40507.986,2160,0,gap,20
6091,40511996,40511.996,2160,0,gap,20
6092,40516009,40516.009,2147,0,gap,20
6093,40527978,40527.978,2138,0,gap,20
6094,40532011,40532.011,2126,0,gap,20
6095,40536031,40536.031,2128,0,gap,20
6096,40547986,40547.986,2118,0,gap,20
6097,40552021,40552.021,2138,0,gap,20
6098,40556056,40556.056,2111,0,gap,20
6099,40567978,40567.978,2116,0,gap,20
6100,40572036,40572.036,2094,0,gap,20
6101,40576085,40576.085,2101,0,gap,20
6102,40587986,40587.986,2098,0,gap,20
6103,40592061,40592.061,2091,0,gap,20
6104,40596143,40596.143,2065,0,gap,20
6105,40607978,40607.978,2082,0,gap,20
6106,40612067,40612.067,2079,0,gap,20
6107,40616146,40616.146,2071,0,gap,20
6108,40627986,40627.986,2064,0,gap,20
6109,40632077,40632.077,2043,0,gap,20
6110,40636174,40636.174,2064,0,gap,20
6111,40647978,40647.978,2040,0,gap,20
6112,40652090,40652.09,2032,0,gap,20
6113,40656185,40656.185,2047,0,gap,20
6114,40667986,40667.986,2032,0,gap,20
6115,40672100,40672.1,2032,0,gap,20
6116,40676213,40676.213,2020,0,gap,20
6117,40687978,40687.978,2021,0,gap,20
6118,40692106,40692.106,2015,0,gap,20
6119,40696224,40696.224,1994,0,gap,20
6120,40707990,40707.99,2013,0,gap,20
6121,40712124,40712.124,1999,0,gap,20
6122,40716260,40716.26,1991,0,gap,20
6123,40727978,40727.978,1989,0,gap,20
6124,40732126,40732.126,1984,0,gap,20
6125,40736264,40736.264,1986,0,gap,20
6126,40747986,40747.986,1971,0,gap,20
6127,40752140,40752.14,1970,0,gap,20
6128,40759081,40759.081,1955,0,gap,20
6129,40763006,40763.006,1954,0,gap,20
6130,40767987,40767.987,1951,0,gap,20
6131,40777980,40777.98,1953,0,gap,20
6132,40781925,40781.925,1951,0,gap,20
6133,40787979,40787.979,1943,0,gap,20
6134,40797988,40797.988,1952,0,gap,20
6135,40801939,40801.939,1943,0,gap,20
6136,40807991,40807.991,1945,0,gap,20
6137,40817980,40817.98,1937,0,gap,20
6138,40821946,40821.946,1936,0,gap,20
6139,40827979,40827.979,1933,0,gap,20
6140,40837988,40837.988,1914,0,gap,20
6141,40841955,40841.955,1905,0,gap,20
6142,40847987,40847.987,1904,0,gap,20
6143,40857980,40857.98,1907,0,gap,20
6144,40861969,40861.969,1894,0,gap,20
6145,40867979,40867.979,1885,0,gap,20
6146,40877988,40877.988,1893,0,gap,20
6147,40881980,40881.98,1894,0,gap,20
6148,40887987,40887.987,1879,0,gap,20
6149,40897980,40897.98,1878,0,gap,20
6150,40901990,40901.99,1872,0,gap,20
6151,40907979,40907.979,1863,0,gap,20
6152,40917992,40917.992,1887,0,gap,20
6153,40922004,40922.004,1851,0,gap,20
6154,40927987,40927.987,1853,0,gap,20
6155,40937979,40937.979,1859,0,gap,20
6156,40942007,40942.007,1840,0,gap,20
6157,40947979,40947.979,1830,0,gap,20
6158,40957987,40957.987,1847,0,gap,20
6159,40962022,40962.022,1838,0,gap,20
6160,40967987,40967.987,1837,0,gap,20
6161,40977979,40977.979,1830,0,gap,20
6162,40982031,40982.031,1821,0,gap,20
6163,40987979,40987.979,1824,0,gap,20
6164,40997987,40997.987,1822,0,gap,20
6165,41002067,41002.067,1825,0,gap,20
6166,41007987,41007.987,1811,0,gap,20
6167,41017979,41017.979,1818,0,gap,20
6168,41022075,41022.075,1794,0,gap,20
6169,41027978,41027.978,1805,0,gap,20
6170,41037987,41037.987,1795,0,gap,20
6171,41042076,41042.076,1789,0,gap,20
6172,41047986,41047.986,1778,0,gap,20
6173,41057979,41057.979,1785,0,gap,20
6174,41062090,41062.09,1791,0,gap,20
6175,41067978,41067.978,1769,0,gap,20
6176,41077987,41077.987,1779,0,gap,20
6177,41082096,41082.096,1781,0,gap,20
6178,41087986,41087.986,1765,0,gap,20
6179,41097979,41097.979,1763,0,gap,20
6180,41102105,41102.105,1767,0,gap,20
6181,41107978,41107.978,1755,0,gap,20
6182,41117987,41117.987,1747,0,gap,20
6183,41122119,41122.119,1751,0,gap,20
6184,41127990,41127.99,1745,0,gap,20
6185,41137979,41137.979,1751,0,gap,20
6186,41142129,41142.129,1744,0,gap,20
6187,41147970,41147.97,1743,0,gap,20
6188,41157987,41157.987,1731,0,gap,20
6189,41162135,41162.135,1728,0,gap,20
6190,41169065,41169.065,1730,0,gap,20
6191,41172989,41172.989,1727,0,gap,20
6192,41187987,41187.987,1742,0,gap,20
6193,41191918,41191.918,1722,0,gap,20
6194,41195861,41195.861,1712,0,gap,20
6195,41207979,41207.979,1737,0,gap,20
6196,41211933,41211.933,1713,0,gap,20
6197,41215866,41215.866,1709,0,gap,20
6198,41227987,41227.987,1713,0,gap,20
6199,41231938,41231.938,1712,0,gap,20
6200,41235905,41235.905,1706,0,gap,20
6201,41247979,41247.979,1706,0,gap,20
6202,41251953,41251.953,1687,0,gap,20
6203,41255911,41255.911,1696,0,gap,20
6204,41267987,41267.987,1687,0,gap,20
6205,41271959,41271.959,1680,0,gap,20
6206,41275948,41275.948,1681,0,gap,20
6207,41287979,41287.979,1701,0,gap,20
6208,41291977,41291.977,1680,0,gap,20
6209,41295951,41295.951,1667,0,gap,20
6210,41307987,41307.987,1691,0,gap,20
6211,41311980,41311.98,1671,0,gap,20
6212,41315985,41315.985,1663,0,gap,20
6213,41327978,41327.978,1665,0,gap,20
6214,41331994,41331.994,1661,0,gap,20
6215,41335993,41335.993,1655,0,gap,20
6216,41347991,41347.991,1660,0,gap,20
6217,41352004,41352.004,1655,0,gap,20
6218,41356028,41356.028,1649,0,gap,20
6219,41367978,41367.978,1668,0,gap,20
6220,41372015,41372.015,1649,0,gap,20
6221,41376035,41376.035,1628,0,gap,20
6222,41387986,41387.986,1648,0,gap,20
6223,41392021,41392.021,1648,0,gap,20
6224,41396067,41396.067,1626,0,gap,20
6225,41407978,41407.978,1631,0,gap,20
6226,41412047,41412.047,1634,0,gap,20
6227,41416105,41416.105,1633,0,gap,20
6228,41427986,41427.986,1643,0,gap,20
6229,41432057,41432.057,1631,0,gap,20
6230,41436143,41436.143,1625,0,gap,20
6231,41447978,41447.978,1618,0,gap,20
6232,41452083,41452.083,1613,0,gap,20
6233,41456158,41456.158,1622,0,gap,20
6234,41467986,41467.986,1616,0,gap,20
6235,41472076,41472.076,1619,0,gap,20
6236,41476178,41476.178,1609,0,gap,20
6237,41487978,41487.978,1609,0,gap,20
6238,41492098,41492.098,1601,0,gap,20
6239,41496197,41496.197,1600,0,gap,20
6240,41507986,41507.986,1596,0,gap,20
6241,41512096,41512.096,1607,0,gap,20
6242,41516221,41516.221,1600,0,gap,20
6243,41527978,41527.978,1601,0,gap,20
6244,41532114,41532.114,1589,0,gap,20
6245,41536228,41536.228,1584,0,gap,20
6246,41547986,41547.986,1586,0,gap,20
6247,41552119,41552.119,1585,0,gap,20
6248,41556268,41556.268,1577,0,gap,20
6249,41567978,41567.978,1597,0,gap,20
6250,41572133,41572.133,1571,0,gap,20
6251,41576268,41576.268,1570,0,gap,20
6252,41587986,41587.986,1588,0,gap,20
6253,41594902,41594.902,1573,0,gap,20
6254,41598847,41598.847,1557,0,gap,20
6255,41607979,41607.979,1578,0,gap,20
6256,41611925,41611.925,1555,0,gap,20
6257,41617979,41617.979,1569,0,gap,20
6258,41627987,41627.987,1558,0,gap,20
6259,41631939,41631.939,1535,0,gap,20
6260,41637987,41637.987,1560,0,gap,20
6261,41647979,41647.979,1565,0,gap,20
6262,41651941,41651.941,1535,0,gap,20
6263,41657979,41657.979,1535,0,gap,20
6264,41667991,41667.991,1535,0,gap,20
6265,41671959,41671.959,1553,0,gap,20
6266,41677987,41677.987,1535,0,gap,20
6267,41687979,41687.979,1555,0,gap,20
6268,41691962,41691.962,1535,0,gap,20
6269,41697978,41697.978,1530,0,gap,20
6270,41707987,41707.987,1535,0,gap,20
6271,41711975,41711.975,1526,0,gap,20
6272,41717986,41717.986,1535,0,gap,20
6273,41727979,41727.979,1535,0,gap,20
6274,41731986,41731.986,1509,0,gap,20
6275,41737978,41737.978,1535,0,gap,20
6276,41747987,41747.987,1515,0,gap,20
6277,41751992,41751.992,1516,0,gap,20
6278,41757986,41757.986,1527,0,gap,20
6279,41767979,41767.979,1506,0,gap,20
6280,41772010,41772.01,1511,0,gap,20
6281,41777978,41777.978,1499,0,gap,20
6282,41787987,41787.987,1516,0,gap,20
6283,41792013,41792.013,1500,0,gap,20
6284,41797986,41797.986,1503,0,gap,20
6285,41807979,41807.979,1513,0,gap,20
6286,41812027,41812.027,1505,0,gap,20
6287,41817970,41817.97,1492,0,gap,20
6288,41827987,41827.987,1504,0,gap,20
6289,41832041,41832.041,1507,0,gap,20
6290,41836112,41836.112,1507,0,gap,20
6291,41847980,41847.98,1492,0,gap,20
6292,41852065,41852.065,1488,0,gap,20
6293,41856136,41856.136,1471,0,gap,20
6294,41867988,41867.988,1494,0,gap,20
6295,41872078,41872.078,1478,0,gap,20
6296,41876176,41876.176,1470,0,gap,20
6297,41887980,41887.98,1488,0,gap,20
6298,41892084,41892.084,1489,0,gap,20
6299,41896175,41896.175,1482,0,gap,20
6300,41907988,41907.988,1483,0,gap,20
6301,41912093,41912.093,1475,0,gap,20
6302,41916206,41916.206,1472,0,gap,20
6303,41927980,41927.98,1483,0,gap,20
6304,41932107,41932.107,1485,0,gap,20
6305,41936218,41936.218,1462,0,gap,20
6306,41947988,41947.988,1497,1,pulse,21
6307,41952208,41952.208,4095,1,pulse,21
6308,41956278,41956.278,4095,1,pulse,21
6309,41967976,41967.976,4095,1,pulse,21
6310,41972056,41972.056,4095,1,pulse,21
6311,41977974,41977.974,4095,1,pulse,21
6312,41987983,41987.983,4095,0,gap,21
6313,41992287,41992.287,3021,0,gap,21
6314,41997970,41997.97,2901,0,gap,21
6315,42004894,42004.894,2806,0,gap,21
6316,42017991,42017.991,2736,0,gap,21
6317,42021944,42021.944,2732,0,gap,21
6318,42025885,42025.885,2695,0,gap,21
6319,42037979,42037.979,2683,0,gap,21
6320,42041938,42041.938,2667,0,gap,21
6321,42045882,42045.882,2661,0,gap,21
6322,42057987,42057.987,2629,0,gap,21
6323,42061944,42061.944,2625,0,gap,21
6324,42065906,42065.906,2624,0,gap,21
6325,42077979,42077.979,2609,0,gap,21
6326,42081955,42081.955,2593,0,gap,21
6327,42085927,42085.927,2592,0,gap,21
6328,42097987,42097.987,2578,0,gap,21
6329,42101965,42101.965,2559,0,gap,21
6330,42105952,42105.952,2559,0,gap,21
6331,42117979,42117.979,2554,0,gap,21
6332,42121979,42121.979,2529,0,gap,21
6333,42125963,42125.963,2531,0,gap,21
6334,42137986,42137.986,2521,0,gap,21
6335,42141990,42141.99,2510,0,gap,21
6336,42145997,42145.997,2509,0,gap,21
6337,42157978,42157.978,2480,0,gap,21
6338,42162000,42162.0,2479,0,gap,21
6339,42166009,42166.009,2480,0,gap,21
6340,42177986,42177.986,2471,0,gap,21
6341,42182010,42182.01,2471,0,gap,21
6342,42186037,42186.037,2449,0,gap,21
6343,42197983,42197.983,2453,0,gap,21
6344,42202025,42202.025,2447,0,gap,21
6345,42206055,42206.055,2431,0,gap,21
6346,42217986,42217.986,2423,0,gap,21
6347,42222031,42222.031,2425,0,gap,21
6348,42226084,42226.084,2415,0,gap,21
6349,42237978,42237.978,2407,0,gap,21
6350,42242050,42242.05,2380,0,gap,21
6351,42246109,42246.109,2390,0,gap,21
6352,42257986,42257.986,2396,0,gap,21
6353,42262067,42262.067,2369,0,gap,21
6354,42266155,42266.155,2384,0,gap,21
6355,42277978,42277.978,2365,0,gap,21
6356,42282077,42282.077,2354,0,gap,21
6357,42286162,42286.162,2354,0,gap,21
6358,42297986,42297.986,2337,0,gap,21
6359,42302094,42302.094,2335,0,gap,21
6360,42306202,42306.202,2323,0,gap,21
6361,42317978,42317.978,2336,0,gap,21
6362,42322096,42322.096,2320,0,gap,21
6363,42326201,42326.201,2302,0,gap,21
6364,42337990,42337.99,2302,0,gap,21
6365,42342114,42342.114,2303,0,gap,21
6366,42346241,42346.241,2293,0,gap,21
6367,42357978,42357.978,2279,0,gap,21
6368,42362120,42362.12,2275,0,gap,21
6369,42366244,42366.244,2278,0,gap,21
6370,42377986,42377.986,2263,0,gap,21
6371,42382129,42382.129,2261,0,gap,21
6372,42386272,42386.272,2255,0,gap,21
6373,42397978,42397.978,2256,0,gap,21
6374,42402135,42402.135,2247,0,gap,21
6375,42406288,42406.288,2227,0,gap,21
6376,42417986,42417.986,2246,0,gap,21
6377,42422151,42422.151,2226,0,gap,21
6378,42429097,42429.097,2215,0,gap,21
6379,42433035,42433.035,2214,0,gap,21
6380,42437991,42437.991,2210,0,gap,21
6381,42447980,42447.98,2193,0,gap,21
6382,42451935,42451.935,2206,0,gap,21
6383,42457979,42457.979,2187,0,gap,21
6384,42467988,42467.988,2174,0,gap,21
6385,42471948,42471.948,2192,0,gap,21
6386,42477987,42477.987,2171,0,gap,21
6387,42487980,42487.98,2177,0,gap,21
6388,42491955,42491.955,2166,0,gap,21
6389,42497979,42497.979,2157,0,gap,21
6390,42507988,42507.988,2155,0,gap,21
6391,42511973,42511.973,2143,0,gap,21
6392,42517987,42517.987,2138,0,gap,21
6393,42527980,42527.98,2142,0,gap,21
6394,42531979,42531.979,2126,0,gap,21
6395,42537979,42537.979,2112,0,gap,21
6396,42547992,42547.992,2106,0,gap,21
6397,42551989,42551.989,2112,0,gap,21
6398,42557987,42557.987,2091,0,gap,21
6399,42567980,42567.98,2110,0,gap,21
6400,42572000,42572.0,2106,0,gap,21
6401,42577979,42577.979,2091,0,gap,21
6402,42587988,42587.988,2095,0,gap,21
6403,42592010,42592.01,2083,0,gap,21
6404,42597987,42597.987,2085,0,gap,21
6405,42607979,42607.979,2075,0,gap,21
6406,42612017,42612.017,2073,0,gap,21
6407,42617983,42617.983,2054,0,gap,21
6408,42627987,42627.987,2062,0,gap,21
6409,42632031,42632.031,2039,0,gap,21
6410,42637987,42637.987,2047,0,gap,21
6411,42647979,42647.979,2032,0,gap,21
6412,42652041,42652.041,2027,0,gap,21
6413,42657979,42657.979,2032,0,gap,21
6414,42667987,42667.987,2007,0,gap,21
6415,42672077,42672.077,2000,0,gap,21
6416,42677986,42677.986,1995,0,gap,21
6417,42687979,42687.979,2002,0,gap,21
6418,42692080,42692.08,2000,0,gap,21
6419,42697978,42697.978,1992,0,gap,21
6420,42707987,42707.987,1994,0,gap,21
6421,42712086,42712.086,1987,0,gap,21
6422,42717986,42717.986,1987,0,gap,21
6423,42727983,42727.983,1975,0,gap,21
6424,42732104,42732.104,1975,0,gap,21
6425,42737978,42737.978,1966,0,gap,21
6426,42747987,42747.987,1974,0,gap,21
6427,42752109,42752.109,1968,0,gap,21
6428,42757990,42757.99,1949,0,gap,21
6429,42767979,42767.979,1969,0,gap,21
6430,42772115,42772.115,1935,0,gap,21
6431,42777978,42777.978,1936,0,gap,21
6432,42787987,42787.987,1939,0,gap,21
6433,42792125,42792.125,1930,0,gap,21
6434,42797986,42797.986,1921,0,gap,21
6435,42807979,42807.979,1925,0,gap,21
6436,42812135,42812.135,1904,0,gap,21
6437,42817970,42817.97,1927,0,gap,21
6438,42827987,42827.987,1903,0,gap,21
6439,42832153,42832.153,1915,0,gap,21
6440,42839089,42839.089,1904,0,gap,21
6441,42843018,42843.018,1899,0,gap,21
6442,42857987,42857.987,1901,0,gap,21
6443,42861924,42861.924,1899,0,gap,21
6444,42865877,42865.877,1893,0,gap,21
6445,42877979,42877.979,1912,0,gap,21
6446,42881943,42881.943,1881,0,gap,21
6447,42885890,42885.89,1885,0,gap,21
6448,42897987,42897.987,1879,0,gap,21
6449,42901948,42901.948,1865,0,gap,21
6450,42905921,42905.921,1867,0,gap,21
6451,42917979,42917.979,1880,0,gap,21
6452,42921962,42921.962,1849,0,gap,21
6453,42925927,42925.927,1847,0,gap,21
6454,42937987,42937.987,1866,0,gap,21
6455,42941973,42941.973,1840,0,gap,21
6456,42945967,42945.967,1826,0,gap,21
6457,42957978,42957.978,1853,0,gap,21
6458,42961983,42961.983,1830,0,gap,21
6459,42965971,42965.971,1827,0,gap,21
6460,42977991,42977.991,1837,0,gap,21
6461,42981994,42981.994,1831,0,gap,21
6462,42986009,42986.009,1815,0,gap,21
6463,42997978,42997.978,1823,0,gap,21
6464,43002008,43002.008,1821,0,gap,21
6465,43006013,43006.013,1813,0,gap,21
6466,43017986,43017.986,1801,0,gap,21
6467,43022006,43022.006,1815,0,gap,21
6468,43026040,43026.04,1787,0,gap,21
6469,43037978,43037.978,1807,0,gap,21
6470,43042029,43042.029,1778,0,gap,21
6471,43046063,43046.063,1782,0,gap,21
6472,43057986,43057.986,1792,0,gap,21
6473,43062027,43062.027,1786,0,gap,21
6474,43066079,43066.079,1777,0,gap,21
6475,43077978,43077.978,1783,0,gap,21
6476,43082061,43082.061,1762,0,gap,21
6477,43086121,43086.121,1767,0,gap,21
6478,43097986,43097.986,1775,0,gap,21
6479,43102071,43102.071,1772,0,gap,21
6480,43106167,43106.167,1771,0,gap,21
6481,43117978,43117.978,1771,0,gap,21
6482,43122089,43122.089,1744,0,gap,21
6483,43126174,43126.174,1751,0,gap,21
6484,43137986,43137.986,1735,0,gap,21
6485,43142090,43142.09,1760,0,gap,21
6486,43146202,43146.202,1737,0,gap,21
6487,43157982,43157.982,1743,0,gap,21
6488,43162112,43162.112,1727,0,gap,21
6489,43166233,43166.233,1725,0,gap,21
6490,43177986,43177.986,1725,0,gap,21
6491,43182106,43182.106,1739,0,gap,21
6492,43186241,43186.241,1712,0,gap,21
6493,43197978,43197.978,1724,0,gap,21
6494,43202124,43202.124,1714,0,gap,21
6495,43206252,43206.252,1706,0,gap,21
6496,43217986,43217.986,1727,0,gap,21
6497,43222142,43222.142,1711,0,gap,21
6498,43226300,43226.3,1694,0,gap,21
6499,43237978,43237.978,1715,0,gap,21
6500,43242143,43242.143,1695,0,gap,21
6501,43246292,43246.292,1693,0,gap,21
6502,43257986,43257.986,1699,0,gap,21
6503,43264921,43264.921,1691,0,gap,21
6504,43268874,43268.874,1691,0,gap,21
6505,43277979,43277.979,1693,0,gap,21
6506,43281931,43281.931,1680,0,gap,21
6507,43287979,43287.979,1686,0,gap,21
6508,43297991,43297.991,1685,0,gap,21
6509,43301949,43301.949,1677,0,gap,21
6510,43307987,43307.987,1671,0,gap,21
6511,43317979,43317.979,1679,0,gap,21
6512,43321955,43321.955,1661,0,gap,21
6513,43327979,43327.979,1663,0,gap,21
6514,43337987,43337.987,1669,0,gap,21
6515,43341961,43341.961,1653,0,gap,21
6516,43347987,43347.987,1643,0,gap,21
6517,43357979,43357.979,1666,0,gap,21
6518,43361972,43361.972,1646,0,gap,21
6519,43367983,43367.983,1651,0,gap,21
6520,43377987,43377.987,1630,0,gap,21
6521,43381985,43381.985,1644,0,gap,21
6522,43387986,43387.986,1647,0,gap,21
6523,43397979,43397.979,1639,0,gap,21
6524,43402000,43402.0,1627,0,gap,21
6525,43407978,43407.978,1629,0,gap,21
6526,43417987,43417.987,1633,0,gap,21
6527,43422006,43422.006,1621,0,gap,21
6528,43427986,43427.986,1621,0,gap,21
6529,43437979,43437.979,1637,0,gap,21
6530,43442016,43442.016,1610,0,gap,21
6531,43447978,43447.978,1609,0,gap,21
6532,43457987,43457.987,1611,0,gap,21
6533,43462023,43462.023,1601,0,gap,21
6534,43467986,43467.986,1601,0,gap,21
6535,43477983,43477.983,1621,0,gap,21
6536,43482041,43482.041,1601,0,gap,21
6537,43487970,43487.97,1610,0,gap,21
6538,43497987,43497.987,1613,0,gap,21
6539,43502051,43502.051,1604,0,gap,21
6540,43506135,43506.135,1605,0,gap,21
6541,43517980,43517.98,1595,0,gap,21
6542,43522074,43522.074,1582,0,gap,21
6543,43526160,43526.16,1595,0,gap,21
6544,43537988,43537.988,1602,0,gap,21
6545,43542084,43542.084,1583,0,gap,21
6546,43546191,43546.191,1571,0,gap,21
6547,43557980,43557.98,1591,0,gap,21
6548,43562098,43562.098,1581,0,gap,21
6549,43566199,43566.199,1584,0,gap,21
6550,43577988,43577.988,1584,0,gap,21
6551,43582111,43582.111,1579,0,gap,21
6552,43586234,43586.234,1578,0,gap,21
6553,43597980,43597.98,1577,0,gap,21
6554,43602113,43602.113,1559,0,gap,21
6555,43606238,43606.238,1535,0,gap,21
6556,43617992,43617.992,1567,0,gap,21
6557,43622131,43622.131,1535,0,gap,21
6558,43626273,43626.273,1535,0,gap,21
6559,43637979,43637.979,1563,0,gap,21
6560,43642136,43642.136,1557,0,gap,21
6561,43646276,43646.276,1535,0,gap,21
6562,43657987,43657.987,1535,0,gap,21
6563,43662146,43662.146,1535,0,gap,21
6564,43666308,43666.308,1535,0,gap,21
6565,43673225,43673.225,1535,0,gap,21
6566,43687987,43687.987,1552,0,gap,21
6567,43691944,43691.944,1523,0,gap,21
6568,43695889,43695.889,1534,0,gap,21
6569,43707979,43707.979,1529,0,gap,21
6570,43711935,43711.935,1533,0,gap,21
6571,43715882,43715.882,1535,0,gap,21
6572,43727991,43727.991,1552,0,gap,21
6573,43731952,43731.952,1535,0,gap,21
6574,43735918,43735.918,1527,0,gap,21
6575,43747979,43747.979,1529,0,gap,21
6576,43751959,43751.959,1520,0,gap,21
6577,43755927,43755.927,1516,0,gap,21
6578,43767987,43767.987,1535,0,gap,21
6579,43771970,43771.97,1520,0,gap,21
6580,43775952,43775.952,1513,0,gap,21
6581,43787979,43787.979,1522,0,gap,21
6582,43791975,43791.975,1497,0,gap,21
6583,43795967,43795.967,1503,0,gap,21
6584,43807986,43807.986,1514,0,gap,21
6585,43811986,43811.986,1514,0,gap,21
6586,43815990,43815.99,1511,0,gap,21
6587,43827978,43827.978,1502,0,gap,21
6588,43832004,43832.004,1495,0,gap,21
6589,43836014,43836.014,1495,0,gap,21
6590,43847986,43847.986,1500,0,gap,21
6591,43852010,43852.01,1495,0,gap,21
6592,43856037,43856.037,1481,0,gap,21
6593,43867978,43867.978,1502,0,gap,21
6594,43872025,43872.025,1481,0,gap,21
6595,43876051,43876.051,1486,0,gap,21
6596,43887986,43887.986,1503,0,gap,21
6597,43892032,43892.032,1488,0,gap,21
6598,43896076,43896.076,1486,0,gap,21
6599,43907982,43907.982,1522,1,pulse,22
6600,43912146,43912.146,4095,1,pulse,22
6601,43916142,43916.142,4095,1,pulse,22
6602,43927983,43927.983,4095,1,pulse,22
6603,43932001,43932.001,4095,1,pulse,22
6604,43936027,43936.027,4095,1,pulse,22
6605,43947975,43947.975,4095,0,gap,22
6606,43952233,43952.233,2999,0,gap,22
6607,43956341,43956.341,2881,0,gap,22
6608,43967987,43967.987,2779,0,gap,22
6609,43972105,43972.105,2762,0,gap,22
6610,43976222,43976.222,2734,0,gap,22
6611,43987979,43987.979,2699,0,gap,22
6612,43992111,43992.111,2681,0,gap,22
6613,43996230,43996.23,2673,0,gap,22
6614,44007987,44007.987,2651,0,gap,22
6615,44012120,44012.12,2627,0,gap,22
6616,44016257,44016.257,2626,0,gap,22
6617,44027979,44027.979,2620,0,gap,22
6618,44032130,44032.13,2606,0,gap,22
6619,44036273,44036.273,2598,0,gap,22
6620,44047987,44047.987,2590,0,gap,22
6621,44052140,44052.14,2559,0,gap,22
6622,44056296,44056.296,2559,0,gap,22
6623,44067979,44067.979,2557,0,gap,22
6624,44072149,44072.149,2544,0,gap,22
6625,44076311,44076.311,2543,0,gap,22
6626,44087987,44087.987,2538,0,gap,22
6627,44092160,44092.16,2518,0,gap,22
6628,44099152,44099.152,2512,0,gap,22
6629,44103078,44103.078,2496,0,gap,22
6630,44107987,44107.987,2480,0,gap,22
6631,44117980,44117.98,2496,0,gap,22
6632,44121948,44121.948,2471,0,gap,22
6633,44127980,44127.98,2462,0,gap,22
6634,44137988,44137.988,2468,0,gap,22
6635,44141962,44141.962,2449,0,gap,22
6636,44147987,44147.987,2455,0,gap,22
6637,44157980,44157.98,2451,0,gap,22
6638,44161968,44161.968,2438,0,gap,22
6639,44167979,44167.979,2427,0,gap,22
6640,44177988,44177.988,2427,0,gap,22
6641,44181983,44181.983,2406,0,gap,22
6642,44187987,44187.987,2401,0,gap,22
6643,44197980,44197.98,2390,0,gap,22
6644,44201989,44201.989,2391,0,gap,22
6645,44207979,44207.979,2379,0,gap,22
6646,44217988,44217.988,2391,0,gap,22
6647,44221999,44221.999,2369,0,gap,22
6648,44227987,44227.987,2366,0,gap,22
6649,44237980,44237.98,2368,0,gap,22
6650,44242010,44242.01,2353,0,gap,22
6651,44247983,44247.983,2346,0,gap,22
6652,44257988,44257.988,2337,0,gap,22
6653,44262019,44262.019,2323,0,gap,22
6654,44267987,44267.987,2327,0,gap,22
6655,44277980,44277.98,2329,0,gap,22
6656,44282030,44282.03,2305,0,gap,22
6657,44287979,44287.979,2315,0,gap,22
6658,44297987,44297.987,2311,0,gap,22
6659,44302041,44302.041,2287,0,gap,22
6660,44307987,44307.987,2275,0,gap,22
6661,44317979,44317.979,2278,0,gap,22
6662,44322054,44322.054,2261,0,gap,22
6663,44327979,44327.979,2273,0,gap,22
6664,44337987,44337.987,2275,0,gap,22
6665,44342086,44342.086,2254,0,gap,22
6666,44347987,44347.987,2239,0,gap,22
6667,44357983,44357.983,2239,0,gap,22
6668,44362094,44362.094,2221,0,gap,22
6669,44367978,44367.978,2238,0,gap,22
6670,44377987,44377.987,2223,0,gap,22
6671,44382100,44382.1,2207,0,gap,22
6672,44387986,44387.986,2223,0,gap,22
6673,44397979,44397.979,2195,0,gap,22
6674,44402109,44402.109,2197,0,gap,22
6675,44407978,44407.978,2190,0,gap,22
6676,44417987,44417.987,2187,0,gap,22
6677,44422119,44422.119,2192,0,gap,22
6678,44427986,44427.986,2176,0,gap,22
6679,44437979,44437.979,2177,0,gap,22
6680,44442129,44442.129,2170,0,gap,22
6681,44447978,44447.978,2159,0,gap,22
6682,44457987,44457.987,2176,0,gap,22
6683,44462142,44462.142,2145,0,gap,22
6684,44467986,44467.986,2141,0,gap,22
6685,44477979,44477.979,2134,0,gap,22
6686,44482148,44482.148,2138,0,gap,22
6687,44487970,44487.97,2133,0,gap,22
6688,44497987,44497.987,2115,0,gap,22
6689,44502162,44502.162,2127,0,gap,22
6690,44509106,44509.106,2118,0,gap,22
6691,44513049,44513.049,2107,0,gap,22
6692,44527987,44527.987,2110,0,gap,22
6693,44531938,44531.938,2096,0,gap,22
6694,44535905,44535.905,2103,0,gap,22
6695,44547979,44547.979,2096,0,gap,22
6696,44551956,44551.956,2091,0,gap,22
6697,44555912,44555.912,2085,0,gap,22
6698,44567987,44567.987,2085,0,gap,22
6699,44571962,44571.962,2057,0,gap,22
6700,44575945,44575.945,2064,0,gap,22
6701,44587979,44587.979,2063,0,gap,22
6702,44591976,44591.976,2042,0,gap,22
6703,44595954,44595.954,2062,0,gap,22
6704,44607986,44607.986,2046,0,gap,22
6705,44611983,44611.983,2037,0,gap,22
6706,44615986,44615.986,2029,0,gap,22
6707,44627978,44627.978,2027,0,gap,22
6708,44631996,44631.996,2023,0,gap,22
6709,44635993,44635.993,2010,0,gap,22
6710,44647986,44647.986,2016,0,gap,22
6711,44652000,44652.0,2016,0,gap,22
6712,44656025,44656.025,1994,0,gap,22
6713,44667978,44667.978,2005,0,gap,22
6714,44672017,44672.017,1990,0,gap,22
6715,44676040,44676.04,1985,0,gap,22
6716,44687986,44687.986,2000,0,gap,22
6717,44692020,44692.02,1979,0,gap,22
6718,44696064,44696.064,1973,0,gap,22
6719,44707978,44707.978,1969,0,gap,22
6720,44712039,44712.039,1958,0,gap,22
6721,44716083,44716.083,1963,0,gap,22
6722,44727986,44727.986,1956,0,gap,22
6723,44732041,44732.041,1962,0,gap,22
6724,44736107,44736.107,1941,0,gap,22
6725,44747978,44747.978,1968,0,gap,22
6726,44752071,44752.071,1936,0,gap,22
6727,44756146,44756.146,1937,0,gap,22
6728,44767986,44767.986,1935,0,gap,22
6729,44772080,44772.08,1935,0,gap,22
6730,44776186,44776.186,1915,0,gap,22
6731,44787982,44787.982,1916,0,gap,22
6732,44792102,44792.102,1899,0,gap,22
6733,44796201,44796.201,1904,0,gap,22
6734,44807986,44807.986,1909,0,gap,22
6735,44812100,44812.1,1905,0,gap,22
6736,44816225,44816.225,1894,0,gap,22
6737,44827978,44827.978,1882,0,gap,22
6738,44832118,44832.118,1883,0,gap,22
6739,44836236,44836.236,1869,0,gap,22
6740,44847986,44847.986,1867,0,gap,22
6741,44852119,44852.119,1872,0,gap,22
6742,44856268,44856.268,1859,0,gap,22
6743,44867978,44867.978,1879,0,gap,22
6744,44872137,44872.137,1858,0,gap,22
6745,44876275,44876.275,1837,0,gap,22
6746,44887986,44887.986,1857,0,gap,22
6747,44892143,44892.143,1839,0,gap,22
6748,44896306,44896.306,1823,0,gap,22
6749,44907978,44907.978,1840,0,gap,22
6750,44912156,44912.156,1833,0,gap,22
6751,44916315,44916.315,1815,0,gap,22
6752,44927986,44927.986,1827,0,gap,22
6753,44934918,44934.918,1833,0,gap,22
6754,44938876,44938.876,1809,0,gap,22
6755,44947979,44947.979,1825,0,gap,22
6756,44951948,44951.948,1817,0,gap,22
6757,44957979,44957.979,1798,0,gap,22
6758,44967987,44967.987,1810,0,gap,22
6759,44971951,44971.951,1785,0,gap,22
6760,44977987,44977.987,1779,0,gap,22
6761,44987979,44987.979,1791,0,gap,22
6762,44991969,44991.969,1787,0,gap,22
6763,44997983,44997.983,1785,0,gap,22
6764,45007987,45007.987,1777,0,gap,22
6765,45011971,45011.971,1767,0,gap,22
6766,45017986,45017.986,1764,0,gap,22
6767,45027979,45027.979,1774,0,gap,22
6768,45031989,45031.989,1773,0,gap,22
6769,45037978,45037.978,1765,0,gap,22
6770,45047987,45047.987,1749,0,gap,22
6771,45051991,45051.991,1745,0,gap,22
6772,45057986,45057.986,1744,0,gap,22
6773,45067979,45067.979,1747,0,gap,22
6774,45072014,45072.014,1749,0,gap,22
6775,45077978,45077.978,1726,0,gap,22
6776,45087987,45087.987,1731,0,gap,22
6777,45092012,45092.012,1715,0,gap,22
6778,45097986,45097.986,1712,0,gap,22
6779,45107983,45107.983,1728,0,gap,22
6780,45112034,45112.034,1712,0,gap,22
6781,45117978,45117.978,1705,0,gap,22
6782,45127987,45127.987,1709,0,gap,22
6783,45132034,45132.034,1685,0,gap,22
6784,45137986,45137.986,1695,0,gap,22
6785,45147979,45147.979,1695,0,gap,22
6786,45152051,45152.051,1681,0,gap,22
6787,45157966,45157.966,1680,0,gap,22
6788,45167987,45167.987,1695,0,gap,22
6789,45172061,45172.061,1680,0,gap,22
6790,45176157,45176.157,1659,0,gap,22
6791,45187980,45187.98,1666,0,gap,22
6792,45192092,45192.092,1666,0,gap,22
6793,45196183,45196.183,1666,0,gap,22
6794,45207988,45207.988,1674,0,gap,22
6795,45212097,45212.097,1649,0,gap,22
6796,45216214,45216.214,1650,0,gap,22
6797,45227980,45227.98,1662,0,gap,22
6798,45232111,45232.111,1639,0,gap,22
6799,45236222,45236.222,1639,0,gap,22
6800,45247988,45247.988,1643,0,gap,22
6801,45252117,45252.117,1634,0,gap,22
6802,45256253,45256.253,1631,0,gap,22
6803,45267980,45267.98,1648,0,gap,22
6804,45272130,45272.13,1616,0,gap,22
6805,45276261,45276.261,1621,0,gap,22
6806,45287988,45287.988,1634,0,gap,22
6807,45292132,45292.132,1607,0,gap,22
6808,45296288,45296.288,1603,0,gap,22
6809,45307979,45307.979,1616,0,gap,22
6810,45312150,45312.15,1615,0,gap,22
6811,45316304,45316.304,1605,0,gap,22
6812,45327987,45327.987,1603,0,gap,22
6813,45332151,45332.151,1617,0,gap,22
6814,45336327,45336.327,1607,0,gap,22
6815,45343249,45343.249,1586,0,gap,22
6816,45357987,45357.987,1590,0,gap,22
6817,45361950,45361.95,1603,0,gap,22
6818,45365905,45365.905,1597,0,gap,22
6819,45377979,45377.979,1594,0,gap,22
6820,45381949,45381.949,1585,0,gap,22
6821,45385906,45385.906,1582,0,gap,22
6822,45397987,45397.987,1597,0,gap,22
6823,45401958,45401.958,1587,0,gap,22
6824,45405934,45405.934,1562,0,gap,22
6825,45417979,45417.979,1584,0,gap,22
6826,45421969,45421.969,1561,0,gap,22
6827,45425951,45425.951,1558,0,gap,22
6828,45437987,45437.987,1575,0,gap,22
6829,45441980,45441.98,1563,0,gap,22
6830,45445976,45445.976,1535,0,gap,22
6831,45457978,45457.978,1565,0,gap,22
6832,45461989,45461.989,1535,0,gap,22
6833,45465991,45465.991,1535,0,gap,22
6834,45477986,45477.986,1535,0,gap,22
6835,45482000,45482.0,1554,0,gap,22
6836,45486018,45486.018,1535,0,gap,22
6837,45497978,45497.978,1535,0,gap,22
6838,45502014,45502.014,1531,0,gap,22
6839,45506033,45506.033,1525,0,gap,22
6840,45517986,45517.986,1531,0,gap,22
6841,45522020,45522.02,1530,0,gap,22
6842,45526057,45526.057,1502,0,gap,22
6843,45537982,45537.982,1533,0,gap,22
6844,45542035,45542.035,1507,0,gap,22
6845,45546075,45546.075,1520,0,gap,22
6846,45557986,45557.986,1523,0,gap,22
6847,45562041,45562.041,1520,0,gap,22
6848,45566100,45566.1,1511,0,gap,22
6849,45577978,45577.978,1523,0,gap,22
6850,45582060,45582.06,1498,0,gap,22
6851,45586129,45586.129,1502,0,gap,22
6852,45597986,45597.986,1499,0,gap,22
6853,45602081,45602.081,1492,0,gap,22
6854,45606183,45606.183,1504,0,gap,22
6855,45617978,45617.978,1503,0,gap,22
6856,45622091,45622.091,1489,0,gap,22
6857,45626191,45626.191,1496,0,gap,22
6858,45637986,45637.986,1493,0,gap,22
6859,45642105,45642.105,1470,0,gap,22
6860,45646222,45646.222,1484,0,gap,22
6861,45657978,45657.978,1482,0,gap,22
6862,45662110,45662.11,1478,0,gap,22
6863,45666230,45666.23,1470,0,gap,22
6864,45677986,45677.986,1488,0,gap,22
6865,45682124,45682.124,1487,0,gap,22
6866,45686261,45686.261,1463,0,gap,22
6867,45697978,45697.978,1483,0,gap,22
6868,45702130,45702.13,1467,0,gap,22
6869,45706269,45706.269,1471,0,gap,22
6870,45717986,45717.986,1481,0,gap,22
6871,45722139,45722.139,1467,0,gap,22
6872,45726296,45726.296,1461,0,gap,22
6873,45737978,45737.978,1467,0,gap,22
6874,45742149,45742.149,1450,0,gap,22
6875,45746312,45746.312,1456,0,gap,22
6876,45757986,45757.986,1457,0,gap,22
6877,45762156,45762.156,1461,0,gap,22
6878,45769136,45769.136,1451,0,gap,22
6879,45773069,45773.069,1454,0,gap,22
6880,45777987,45777.987,1432,0,gap,22
6881,45787980,45787.98,1445,0,gap,22
6882,45791952,45791.952,1424,0,gap,22
6883,45797980,45797.98,1432,0,gap,22
6884,45807988,45807.988,1429,0,gap,22
6885,45811954,45811.954,1420,0,gap,22
6886,45817987,45817.987,1431,0,gap,22
6887,45827980,45827.98,1438,0,gap,22
6888,45831972,45831.972,1424,0,gap,22
6889,45837979,45837.979,1422,0,gap,22
6890,45847988,45847.988,1424,0,gap,22
6891,45851980,45851.98,1424,0,gap,22
6892,45857987,45857.987,1424,0,gap,22
6893,45867980,45867.98,1414,0,gap,22
6894,45871993,45871.993,1417,0,gap,22
6895,45877979,45877.979,1393,0,gap,22
6896,45887988,45887.988,1414,0,gap,22
6897,45891999,45891.999,1408,0,gap,22
6898,45897987,45897.987,1397,0,gap,22
6899,45907980,45907.98,1423,0,gap,22
6900,45912014,45912.014,1398,0,gap,22
6901,45917979,45917.979,1412,0,gap,22
6902,45927988,45927.988,1398,0,gap,22
6903,45932016,45932.016,1394,0,gap,22
6904,45937987,45937.987,1411,0,gap,22
6905,45947979,45947.979,1406,0,gap,22
6906,45952033,45952.033,1394,0,gap,22
6907,45957983,45957.983,1394,0,gap,22
6908,45967987,45967.987,1392,0,gap,22
6909,45972049,45972.049,1382,0,gap,22
6910,45977987,45977.987,1383,0,gap,22
6911,45987979,45987.979,1402,0,gap,22
6912,45992054,45992.054,1366,0,gap,22
6913,45997979,45997.979,1385,0,gap,22
6914,46007987,46007.987,1381,0,gap,22
6915,46012076,46012.076,1377,0,gap,22
6916,46017987,46017.987,1373,0,gap,22
6917,46027979,46027.979,1381,0,gap,22
6918,46032098,46032.098,1396,0,gap,22
6919,46037978,46037.978,1361,0,gap,22
6920,46047987,46047.987,1375,0,gap,22
6921,46052096,46052.096,1360,0,gap,22
6922,46057986,46057.986,1361,0,gap,22
6923,46067983,46067.983,1392,0,gap,22
6924,46072118,46072.118,1450,1,pulse,23
6925,46077987,46077.987,4095,1,pulse,23
6926,46087983,46087.983,4095,1,pulse,23
6927,46092045,46092.045,4095,1,pulse,23
6928,46097983,46097.983,4095,1,pulse,23
6929,46107976,46107.976,4095,1,pulse,23
6930,46112063,46112.063,4095,0,gap,23
6931,46117988,46117.988,2901,0,gap,23
6932,46127988,46127.988,2813,0,gap,23
6933,46132149,46132.149,2798,0,gap,23
6934,46137987,46137.987,2753,0,gap,23
6935,46147980,46147.98,2725,0,gap,23
6936,46152163,46152.163,2711,0,gap,23
6937,46157979,46157.979,2679,0,gap,23
6938,46167992,46167.992,2673,0,gap,23
6939,46172168,46172.168,2658,0,gap,23
6940,46179124,46179.124,2635,0,gap,23
6941,46187979,46187.979,2611,0,gap,23
6942,46191963,46191.963,2623,0,gap,23
6943,46197983,46197.983,2607,0,gap,23
6944,46207988,46207.988,2595,0,gap,23
6945,46211955,46211.955,2559,0,gap,23
6946,46217987,46217.987,2559,0,gap,23
6947,46227980,46227.98,2555,0,gap,23
6948,46231973,46231.973,2551,0,gap,23
6949,46237979,46237.979,2544,0,gap,23
6950,46247987,46247.987,2547,0,gap,23
6951,46251975,46251.975,2527,0,gap,23
6952,46257987,46257.987,2515,0,gap,23
6953,46267979,46267.979,2495,0,gap,23
6954,46271998,46271.998,2499,0,gap,23
6955,46277979,46277.979,2481,0,gap,23
6956,46287987,46287.987,2485,0,gap,23
6957,46291996,46291.996,2464,0,gap,23
6958,46297987,46297.987,2459,0,gap,23
6959,46307983,46307.983,2458,0,gap,23
6960,46312018,46312.018,2448,0,gap,23
6961,46317979,46317.979,2431,0,gap,23
6962,46327987,46327.987,2439,0,gap,23
6963,46332017,46332.017,2419,0,gap,23
6964,46337986,46337.986,2416,0,gap,23
6965,46347979,46347.979,2399,0,gap,23
6966,46352034,46352.034,2390,0,gap,23
6967,46357978,46357.978,2385,0,gap,23
6968,46367987,46367.987,2378,0,gap,23
6969,46372037,46372.037,2374,0,gap,23
6970,46377990,46377.99,2363,0,gap,23
6971,46387979,46387.979,2359,0,gap,23
6972,46392056,46392.056,2348,0,gap,23
6973,46397978,46397.978,2352,0,gap,23
6974,46407987,46407.987,2355,0,gap,23
6975,46412070,46412.07,2325,0,gap,23
6976,46417986,46417.986,2323,0,gap,23
6977,46427979,46427.979,2319,0,gap,23
6978,46432095,46432.095,2318,0,gap,23
6979,46437978,46437.978,2322,0,gap,23
6980,46447987,46447.987,2295,0,gap,23
6981,46452101,46452.101,2289,0,gap,23
6982,46457974,46457.974,2285,0,gap,23
6983,46467979,46467.979,2282,0,gap,23
6984,46472114,46472.114,2275,0,gap,23
6985,46477966,46477.966,2256,0,gap,23
6986,46487991,46487.991,2255,0,gap,23
6987,46492120,46492.12,2249,0,gap,23
6988,46496261,46496.261,2234,0,gap,23
6989,46507980,46507.98,2229,0,gap,23
6990,46512135,46512.135,2229,0,gap,23
6991,46516274,46516.274,2244,0,gap,23
6992,46527988,46527.988,2229,0,gap,23
6993,46532137,46532.137,2198,0,gap,23
6994,46536297,46536.297,2194,0,gap,23
6995,46547980,46547.98,2211,0,gap,23
6996,46552155,46552.155,2203,0,gap,23
6997,46556313,46556.313,2185,0,gap,23
6998,46567988,46567.988,2183,0,gap,23
6999,46572156,46572.156,2177,0,gap,23
7000,46576336,46576.336,2173,0,gap,23
7001,46587980,46587.98,2159,0,gap,23
7002,46592176,46592.176,2159,0,gap,23
7003,46599135,46599.135,2154,0,gap,23
7004,46603102,46603.102,2150,0,gap,23
7005,46617979,46617.979,2148,0,gap,23
7006,46621954,46621.954,2128,0,gap,23
7007,46625921,46625.921,2112,0,gap,23
7008,46637987,46637.987,2117,0,gap,23
7009,46641964,46641.964,2123,0,gap,23
7010,46645944,46645.944,2096,0,gap,23
7011,46657979,46657.979,2106,0,gap,23
7012,46661974,46661.974,2098,0,gap,23
7013,46665961,46665.961,2097,0,gap,23
7014,46677986,46677.986,2078,0,gap,23
7015,46681984,46681.984,2085,0,gap,23
7016,46685985,46685.985,2083,0,gap,23
7017,46697978,46697.978,2067,0,gap,23
7018,46701999,46701.999,2063,0,gap,23
7019,46706002,46706.002,2055,0,gap,23
7020,46717986,46717.986,2057,0,gap,23
7021,46722004,46722.004,2041,0,gap,23
7022,46726026,46726.026,2033,0,gap,23
7023,46737983,46737.983,2039,0,gap,23
7024,46742020,46742.02,2025,0,gap,23
7025,46746044,46746.044,2003,0,gap,23
7026,46757986,46757.986,2032,0,gap,23
7027,46762025,46762.025,2015,0,gap,23
7028,46766067,46766.067,2016,0,gap,23
7029,46777978,46777.978,1998,0,gap,23
7030,46782036,46782.036,1999,0,gap,23
7031,46786081,46786.081,2000,0,gap,23
7032,46797986,46797.986,1978,0,gap,23
7033,46802046,46802.046,1985,0,gap,23
7034,46806115,46806.115,1976,0,gap,23
7035,46817978,46817.978,1991,0,gap,23
7036,46822057,46822.057,1954,0,gap,23
7037,46826123,46826.123,1949,0,gap,23
7038,46837986,46837.986,1973,0,gap,23
7039,46842079,46842.079,1951,0,gap,23
7040,46846189,46846.189,1947,0,gap,23
7041,46857978,46857.978,1941,0,gap,23
7042,46862096,46862.096,1934,0,gap,23
7043,46866201,46866.201,1930,0,gap,23
7044,46877986,46877.986,1927,0,gap,23
7045,46882110,46882.11,1936,0,gap,23
7046,46886233,46886.233,1927,0,gap,23
7047,46897978,46897.978,1918,0,gap,23
7048,46902116,46902.116,1911,0,gap,23
7049,46906240,46906.24,1894,0,gap,23
7050,46917990,46917.99,1911,0,gap,23
7051,46922129,46922.129,1899,0,gap,23
7052,46926272,46926.272,1882,0,gap,23
7053,46937978,46937.978,1899,0,gap,23
7054,46942135,46942.135,1879,0,gap,23
7055,46946283,46946.283,1883,0,gap,23
7056,46957986,46957.986,1890,0,gap,23
7057,46962145,46962.145,1879,0,gap,23
7058,46966307,46966.307,1867,0,gap,23
7059,46977978,46977.978,1873,0,gap,23
7060,46982155,46982.155,1858,0,gap,23
7061,46986323,46986.323,1856,0,gap,23
7062,46997986,46997.986,1861,0,gap,23
7063,47002164,47002.164,1861,0,gap,23
7064,47006346,47006.346,1827,0,gap,23
7065,47013290,47013.29,1847,0,gap,23
7066,47017990,47017.99,1818,0,gap,23
7067,47027980,47027.98,1831,0,gap,23
7068,47031953,47031.953,1829,0,gap,23
7069,47037979,47037.979,1808,0,gap,23
7070,47047988,47047.988,1799,0,gap,23
7071,47051967,47051.967,1810,0,gap,23
7072,47057987,47057.987,1803,0,gap,23
7073,47067980,47067.98,1799,0,gap,23
7074,47071973,47071.973,1790,0,gap,23
7075,47077979,47077.979,1776,0,gap,23
7076,47087988,47087.988,1776,0,gap,23
7077,47091987,47091.987,1776,0,gap,23
7078,47097987,47097.987,1778,0,gap,23
7079,47107980,47107.98,1754,0,gap,23
7080,47111994,47111.994,1744,0,gap,23
7081,47117979,47117.979,1739,0,gap,23
7082,47127991,47127.991,1744,0,gap,23
7083,47132008,47132.008,1727,0,gap,23
7084,47137987,47137.987,1723,0,gap,23
7085,47147979,47147.979,1735,0,gap,23
7086,47152014,47152.014,1722,0,gap,23
7087,47157983,47157.983,1701,0,gap,23
7088,47167987,47167.987,1721,0,gap,23
7089,47172025,47172.025,1691,0,gap,23
7090,47177987,47177.987,1681,0,gap,23
7091,47187979,47187.979,1699,0,gap,23
7092,47192034,47192.034,1672,0,gap,23
7093,47197979,47197.979,1665,0,gap,23
7094,47207987,47207.987,1667,0,gap,23
7095,47212046,47212.046,1663,0,gap,23
7096,47217986,47217.986,1654,0,gap,23
7097,47227979,47227.979,1660,0,gap,23
7098,47232059,47232.059,1650,0,gap,23
7099,47237978,47237.978,1641,0,gap,23
7100,47247987,47247.987,1627,0,gap,23
7101,47252073,47252.073,1628,0,gap,23
7102,47257986,47257.986,1622,0,gap,23
7103,47267983,47267.983,1619,0,gap,23
7104,47272099,47272.099,1609,0,gap,23
7105,47277978,47277.978,1614,0,gap,23
7106,47287987,47287.987,1600,0,gap,23
7107,47292105,47292.105,1581,0,gap,23
7108,47297986,47297.986,1598,0,gap,23
7109,47307979,47307.979,1598,0,gap,23
7110,47312115,47312.115,1584,0,gap,23
7111,47317978,47317.978,1578,0,gap,23
7112,47327987,47327.987,1584,0,gap,23
7113,47332124,47332.124,1570,0,gap,23
7114,47337974,47337.974,1571,0,gap,23
7115,47347979,47347.979,1567,0,gap,23
7116,47352134,47352.134,1555,0,gap,23
7117,47356277,47356.277,1521,0,gap,23
7118,47367988,47367.988,1559,0,gap,23
7119,47372149,47372.149,1526,0,gap,23
7120,47376309,47376.309,1524,0,gap,23
7121,47387980,47387.98,1520,0,gap,23
7122,47392155,47392.155,1510,0,gap,23
7123,47396317,47396.317,1507,0,gap,23
7124,47407988,47407.988,1506,0,gap,23
7125,47412168,47412.168,1488,0,gap,23
7126,47416348,47416.348,1487,0,gap,23
7127,47427980,47427.98,1501,0,gap,23
7128,47434986,47434.986,1488,0,gap,23
7129,47438926,47438.926,1487,0,gap,23
7130,47447991,47447.991,1488,0,gap,23
7131,47451958,47451.958,1482,0,gap,23
7132,47457987,47457.987,1475,0,gap,23
7133,47467979,47467.979,1479,0,gap,23
7134,47471964,47471.964,1472,0,gap,23
7135,47477983,47477.983,1456,0,gap,23
7136,47487987,47487.987,1459,0,gap,23
7137,47491975,47491.975,1462,0,gap,23
7138,47497987,47497.987,1446,0,gap,23
7139,47507979,47507.979,1461,0,gap,23
7140,47511985,47511.985,1450,0,gap,23
7141,47517979,47517.979,1458,0,gap,23
7142,47527987,47527.987,1441,0,gap,23
7143,47531995,47531.995,1442,0,gap,23
7144,47537986,47537.986,1439,0,gap,23
7145,47547979,47547.979,1453,0,gap,23
7146,47552009,47552.009,1439,0,gap,23
7147,47557978,47557.978,1421,0,gap,23
7148,47567987,47567.987,1428,0,gap,23
7149,47572016,47572.016,1431,0,gap,23
7150,47577986,47577.986,1429,0,gap,23
7151,47587983,47587.983,1446,0,gap,23
7152,47592030,47592.03,1429,0,gap,23
7153,47597978,47597.978,1435,0,gap,23
7154,47607987,47607.987,1424,0,gap,23
7155,47612036,47612.036,1425,0,gap,23
7156,47617986,47617.986,1431,0,gap,23
7157,47627979,47627.979,1424,0,gap,23
7158,47632048,47632.048,1428,0,gap,23
7159,47637978,47637.978,1424,0,gap,23
7160,47647987,47647.987,1431,0,gap,23
7161,47652057,47652.057,1425,0,gap,23
7162,47657978,47657.978,1422,0,gap,23
7163,47667979,47667.979,1420,0,gap,23
7164,47672075,47672.075,1427,0,gap,23
7165,47676171,47676.171,1410,0,gap,23
7166,47687988,47687.988,1410,0,gap,23
7167,47692102,47692.102,1425,0,gap,23
7168,47696215,47696.215,1418,0,gap,23
7169,47707980,47707.98,1414,0,gap,23
7170,47712107,47712.107,1408,0,gap,23
7171,47716222,47716.222,1405,0,gap,23
7172,47727988,47727.988,1418,0,gap,23
7173,47732121,47732.121,1424,0,gap,23
7174,47736253,47736.253,1411,0,gap,23
7175,47747980,47747.98,1413,0,gap,23
7176,47752127,47752.127,1410,0,gap,23
7177,47756261,47756.261,1403,0,gap,23
7178,47767992,47767.992,1417,0,gap,23
7179,47772140,47772.14,1408,0,gap,23
7180,47776292,47776.292,1390,0,gap,23
7181,47787980,47787.98,1424,0,gap,23
7182,47792146,47792.146,1393,0,gap,23
7183,47796304,47796.304,1392,0,gap,23
7184,47807988,47807.988,1409,0,gap,23
7185,47812156,47812.156,1397,0,gap,23
7186,47816327,47816.327,1398,0,gap,23
7187,47827979,47827.979,1405,0,gap,23
7188,47832165,47832.165,1399,0,gap,23
7189,47836343,47836.343,1391,0,gap,23
7190,47847987,47847.987,1407,0,gap,23
7191,47854930,47854.93,1398,0,gap,23
7192,47858895,47858.895,1395,0,gap,23
7193,47867979,47867.979,1401,0,gap,23
7194,47871959,47871.959,1395,0,gap,23
7195,47877979,47877.979,1389,0,gap,23
7196,47887987,47887.987,1397,0,gap,23
7197,47891965,47891.965,1372,0,gap,23
7198,47897987,47897.987,1393,0,gap,23
7199,47907983,47907.983,1389,0,gap,23
7200,47911979,47911.979,1385,0,gap,23
7201,47917979,47917.979,1382,0,gap,23
7202,47927987,47927.987,1392,0,gap,23
7203,47931985,47931.985,1395,0,gap,23
7204,47937986,47937.986,1391,0,gap,23
7205,47947979,47947.979,1394,0,gap,23
7206,47951996,47951.996,1385,0,gap,23
7207,47957978,47957.978,1370,0,gap,23
7208,47967987,47967.987,1392,0,gap,23
7209,47972005,47972.005,1372,0,gap,23
7210,47977990,47977.99,1391,0,gap,23
7211,47987979,47987.979,1377,0,gap,23
7212,47992017,47992.017,1367,0,gap,23
7213,47997978,47997.978,1374,0,gap,23
7214,48007987,48007.987,1379,0,gap,23
7215,48012031,48012.031,1362,0,gap,23
7216,48017986,48017.986,1373,0,gap,23
7217,48027979,48027.979,1381,0,gap,23
7218,48032036,48032.036,1375,0,gap,23
7219,48037978,48037.978,1364,0,gap,23
7220,48047987,48047.987,1383,0,gap,23
7221,48052051,48052.051,1361,0,gap,23
7222,48057986,48057.986,1372,0,gap,23
7223,48067979,48067.979,1387,0,gap,23
7224,48072057,48072.057,1381,0,gap,23
7225,48077966,48077.966,1375,0,gap,23
7226,48087991,48087.991,1361,0,gap,23
7227,48092079,48092.079,1389,1,pulse,24
7228,48097979,48097.979,4095,1,pulse,24
7229,48107975,48107.975,4095,1,pulse,24
7230,48112027,48112.027,4095,1,pulse,24
7231,48117974,48117.974,4095,1,pulse,24
7232,48127983,48127.983,4095,1,pulse,24
7233,48132037,48132.037,4095,0,gap,24
7234,48137995,48137.995,2912,0,gap,24
7235,48147979,48147.979,2800,0,gap,24
7236,48152127,48152.127,2772,0,gap,24
7237,48157978,48157.978,2757,0,gap,24
7238,48167987,48167.987,2710,0,gap,24
7239,48172137,48172.137,2697,0,gap,24
7240,48177986,48177.986,2685,0,gap,24
7241,48187979,48187.979,2675,0,gap,24
7242,48192142,48192.142,2658,0,gap,24
7243,48197978,48197.978,2645,0,gap,24
7244,48207987,48207.987,2626,0,gap,24
7245,48212152,48212.152,2622,0,gap,24
7246,48217990,48217.99,2609,0,gap,24
7247,48227979,48227.979,2608,0,gap,24
7248,48232166,48232.166,2599,0,gap,24
7249,48237978,48237.978,2585,0,gap,24
7250,48247987,48247.987,2559,0,gap,24
7251,48252175,48252.175,2551,0,gap,24
7252,48257986,48257.986,2541,0,gap,24
7253,48264943,48264.943,2544,0,gap,24
7254,48277987,48277.987,2542,0,gap,24
7255,48281965,48281.965,2531,0,gap,24
7256,48285940,48285.94,2511,0,gap,24
7257,48297979,48297.979,2521,0,gap,24
7258,48301964,48301.964,2509,0,gap,24
7259,48305938,48305.938,2493,0,gap,24
7260,48317987,48317.987,2497,0,gap,24
7261,48321974,48321.974,2489,0,gap,24
7262,48325974,48325.974,2477,0,gap,24
7263,48337978,48337.978,2478,0,gap,24
7264,48341989,48341.989,2460,0,gap,24
7265,48345982,48345.982,2457,0,gap,24
7266,48357986,48357.986,2448,0,gap,24
7267,48361995,48361.995,2439,0,gap,24
7268,48366016,48366.016,2446,0,gap,24
7269,48377978,48377.978,2435,0,gap,24
7270,48382005,48382.005,2424,0,gap,24
7271,48386023,48386.023,2416,0,gap,24
7272,48397986,48397.986,2405,0,gap,24
7273,48402020,48402.02,2415,0,gap,24
7274,48406057,48406.057,2387,0,gap,24
7275,48417978,48417.978,2389,0,gap,24
7276,48422026,48422.026,2381,0,gap,24
7277,48426062,48426.062,2375,0,gap,24
7278,48437990,48437.99,2386,0,gap,24
7279,48442044,48442.044,2375,0,gap,24
7280,48446101,48446.101,2358,0,gap,24
7281,48457978,48457.978,2357,0,gap,24
7282,48462047,48462.047,2349,0,gap,24
7283,48466107,48466.107,2346,0,gap,24
7284,48477986,48477.986,2358,0,gap,24
7285,48482061,48482.061,2351,0,gap,24
7286,48486139,48486.139,2303,0,gap,24
7287,48497978,48497.978,2323,0,gap,24
7288,48502079,48502.079,2307,0,gap,24
7289,48506172,48506.172,2310,0,gap,24
7290,48517986,48517.986,2307,0,gap,24
7291,48522097,48522.097,2298,0,gap,24
7292,48526211,48526.211,2287,0,gap,24
7293,48537978,48537.978,2288,0,gap,24
7294,48542111,48542.111,2273,0,gap,24
7295,48546231,48546.231,2267,0,gap,24
7296,48557986,48557.986,2276,0,gap,24
7297,48562117,48562.117,2262,0,gap,24
7298,48566254,48566.254,2258,0,gap,24
7299,48577978,48577.978,2254,0,gap,24
7300,48582134,48582.134,2240,0,gap,24
7301,48586274,48586.274,2235,0,gap,24
7302,48597986,48597.986,2245,0,gap,24
7303,48602140,48602.14,2240,0,gap,24
7304,48606297,48606.297,2229,0,gap,24
7305,48617978,48617.978,2224,0,gap,24
7306,48622146,48622.146,2207,0,gap,24
7307,48626305,48626.305,2192,0,gap,24
7308,48637986,48637.986,2211,0,gap,24
7309,48642155,48642.155,2201,0,gap,24
7310,48646332,48646.332,2195,0,gap,24
7311,48657978,48657.978,2186,0,gap,24
7312,48662169,48662.169,2177,0,gap,24
7313,48666344,48666.344,2179,0,gap,24
7314,48677986,48677.986,2167,0,gap,24
7315,48682181,48682.181,2163,0,gap,24
7316,48689145,48689.145,2161,0,gap,24
7317,48693104,48693.104,2154,0,gap,24
7318,48697987,48697.987,2154,0,gap,24
7319,48707980,48707.98,2157,0,gap,24
7320,48711973,48711.973,2129,0,gap,24
7321,48717979,48717.979,2129,0,gap,24
7322,48727988,48727.988,2150,0,gap,24
7323,48731974,48731.974,2127,0,gap,24
7324,48737987,48737.987,2133,0,gap,24
7325,48747980,48747.98,2128,0,gap,24
7326,48751993,48751.993,2107,0,gap,24
7327,48757979,48757.979,2115,0,gap,24
7328,48767988,48767.988,2112,0,gap,24
7329,48771991,48771.991,2086,0,gap,24
7330,48777987,48777.987,2094,0,gap,24
7331,48787980,48787.98,2091,0,gap,24
7332,48792013,48792.013,2083,0,gap,24
7333,48797979,48797.979,2081,0,gap,24
7334,48807988,48807.988,2075,0,gap,24
7335,48812016,48812.016,2075,0,gap,24
7336,48817987,48817.987,2053,0,gap,24
7337,48827980,48827.98,2078,0,gap,24
7338,48832034,48832.034,2045,0,gap,24
7339,48837979,48837.979,2045,0,gap,24
7340,48847988,48847.988,2064,0,gap,24
7341,48852032,48852.032,2054,0,gap,24
7342,48857991,48857.991,2025,0,gap,24
7343,48867979,48867.979,2046,0,gap,24
7344,48872054,48872.054,2032,0,gap,24
7345,48877979,48877.979,2021,0,gap,24
7346,48887987,48887.987,2033,0,gap,24
7347,48892053,48892.053,2018,0,gap,24
7348,48897987,48897.987,2017,0,gap,24
7349,48907979,48907.979,2010,0,gap,24
7350,48912071,48912.071,2002,0,gap,24
7351,48917979,48917.979,1998,0,gap,24
7352,48927987,48927.987,2002,0,gap,24
7353,48932101,48932.101,2001,0,gap,24
7354,48937986,48937.986,2000,0,gap,24
7355,48947979,48947.979,1984,0,gap,24
7356,48952106,48952.106,1991,0,gap,24
7357,48957978,48957.978,1978,0,gap,24
7358,48967991,48967.991,1983,0,gap,24
7359,48972124,48972.124,1980,0,gap,24
7360,48977986,48977.986,1955,0,gap,24
7361,48987979,48987.979,1961,0,gap,24
7362,48992126,48992.126,1951,0,gap,24
7363,48997978,48997.978,1954,0,gap,24
7364,49007987,49007.987,1965,0,gap,24
7365,49012135,49012.135,1964,0,gap,24
7366,49017986,49017.986,1935,0,gap,24
7367,49027979,49027.979,1952,0,gap,24
7368,49032149,49032.149,1946,0,gap,24
7369,49037978,49037.978,1938,0,gap,24
7370,49047987,49047.987,1937,0,gap,24
7371,49052155,49052.155,1943,0,gap,24
7372,49057986,49057.986,1909,0,gap,24
7373,49067979,49067.979,1935,0,gap,24
7374,49072172,49072.172,1917,0,gap,24
7375,49077966,49077.966,1921,0,gap,24
7376,49087987,49087.987,1908,0,gap,24
7377,49092175,49092.175,1904,0,gap,24
7378,49099144,49099.144,1909,0,gap,24
7379,49103102,49103.102,1909,0,gap,24
7380,49117987,49117.987,1914,0,gap,24
7381,49121954,49121.954,1906,0,gap,24
7382,49125933,49125.933,1873,0,gap,24
7383,49137979,49137.979,1897,0,gap,24
7384,49141976,49141.976,1888,0,gap,24
7385,49145953,49145.953,1888,0,gap,24
7386,49157987,49157.987,1886,0,gap,24
7387,49161978,49161.978,1882,0,gap,24
7388,49165977,49165.977,1862,0,gap,24
7389,49177978,49177.978,1876,0,gap,24
7390,49181996,49181.996,1872,0,gap,24
7391,49185994,49185.994,1862,0,gap,24
7392,49197986,49197.986,1869,0,gap,24
7393,49201995,49201.995,1877,0,gap,24
7394,49206015,49206.015,1856,0,gap,24
7395,49217978,49217.978,1871,0,gap,24
7396,49222021,49222.021,1847,0,gap,24
7397,49226038,49226.038,1840,0,gap,24
7398,49237986,49237.986,1865,0,gap,24
7399,49242019,49242.019,1845,0,gap,24
7400,49246064,49246.064,1847,0,gap,24
7401,49257978,49257.978,1840,0,gap,24
7402,49262034,49262.034,1838,0,gap,24
7403,49266072,49266.072,1833,0,gap,24
7404,49277986,49277.986,1840,0,gap,24
7405,49282035,49282.035,1845,0,gap,24
7406,49286100,49286.1,1819,0,gap,24
7407,49297978,49297.978,1837,0,gap,24
7408,49302059,49302.059,1809,0,gap,24
7409,49306114,49306.114,1812,0,gap,24
7410,49317986,49317.986,1811,0,gap,24
7411,49322057,49322.057,1808,0,gap,24
7412,49326142,49326.142,1806,0,gap,24
7413,49337978,49337.978,1808,0,gap,24
7414,49342083,49342.083,1790,0,gap,24
7415,49346177,49346.177,1809,0,gap,24
7416,49357986,49357.986,1799,0,gap,24
7417,49362105,49362.105,1799,0,gap,24
7418,49366230,49366.23,1804,0,gap,24
7419,49377978,49377.978,1792,0,gap,24
7420,49382114,49382.114,1790,0,gap,24
7421,49386234,49386.234,1781,0,gap,24
7422,49397990,49397.99,1804,0,gap,24
7423,49402124,49402.124,1791,0,gap,24
7424,49406269,49406.269,1778,0,gap,24
7425,49417978,49417.978,1796,0,gap,24
7426,49422134,49422.134,1766,0,gap,24
7427,49426273,49426.273,1770,0,gap,24
7428,49437986,49437.986,1782,0,gap,24
7429,49442139,49442.139,1766,0,gap,24
7430,49446304,49446.304,1744,0,gap,24
7431,49457978,49457.978,1763,0,gap,24
7432,49462157,49462.157,1751,0,gap,24
7433,49466320,49466.32,1755,0,gap,24
7434,49477986,49477.986,1760,0,gap,24
7435,49482155,49482.155,1763,0,gap,24
7436,49486335,49486.335,1750,0,gap,24
7437,49497978,49497.978,1744,0,gap,24
7438,49502177,49502.177,1735,0,gap,24
7439,49506355,49506.355,1739,0,gap,24
7440,49513312,49513.312,1744,0,gap,24
7441,49517978,49517.978,1744,0,gap,24
7442,49527988,49527.988,1741,0,gap,24
7443,49531955,49531.955,1717,0,gap,24
7444,49537987,49537.987,1712,0,gap,24
7445,49547980,49547.98,1729,0,gap,24
7446,49551973,49551.973,1713,0,gap,24
7447,49557979,49557.979,1712,0,gap,24
7448,49567988,49567.988,1729,0,gap,24
7449,49571979,49571.979,1707,0,gap,24
7450,49577987,49577.987,1712,0,gap,24
7451,49587980,49587.98,1701,0,gap,24
7452,49591993,49591.993,1695,0,gap,24
7453,49597979,49597.979,1705,0,gap,24
7454,49607992,49607.992,1697,0,gap,24
7455,49612004,49612.004,1682,0,gap,24
7456,49617987,49617.987,1699,0,gap,24
7457,49627979,49627.979,1698,0,gap,24
7458,49632014,49632.014,1686,0,gap,24
7459,49637979,49637.979,1680,0,gap,24
7460,49647987,49647.987,1681,0,gap,24
7461,49652016,49652.016,1686,0,gap,24
7462,49657987,49657.987,1667,0,gap,24
7463,49667979,49667.979,1705,0,gap,24
7464,49672039,49672.039,1680,0,gap,24
7465,49677979,49677.979,1679,0,gap,24
7466,49687987,49687.987,1679,0,gap,24
7467,49692040,49692.04,1681,0,gap,24
7468,49697987,49697.987,1667,0,gap,24
7469,49707979,49707.979,1670,0,gap,24
7470,49712064,49712.064,1667,0,gap,24
7471,49717978,49717.978,1667,0,gap,24
7472,49727987,49727.987,1674,0,gap,24
7473,49732057,49732.057,1661,0,gap,24
7474,49737986,49737.986,1655,0,gap,24
7475,49747979,49747.979,1648,0,gap,24
7476,49752087,49752.087,1661,0,gap,24
7477,49757978,49757.978,1651,0,gap,24
7478,49767987,49767.987,1661,0,gap,24
7479,49772101,49772.101,1649,0,gap,24
7480,49777986,49777.986,1650,0,gap,24
7481,49787979,49787.979,1654,0,gap,24
7482,49792119,49792.119,1621,0,gap,24
7483,49797978,49797.978,1625,0,gap,24
7484,49807987,49807.987,1648,0,gap,24
7485,49812116,49812.116,1635,0,gap,24
7486,49817978,49817.978,1627,0,gap,24
7487,49827979,49827.979,1641,0,gap,24
7488,49832138,49832.138,1627,0,gap,24
7489,49837966,49837.966,1628,0,gap,24
7490,49847987,49847.987,1625,0,gap,24
7491,49852136,49852.136,1616,0,gap,24
7492,49856300,49856.3,1630,0,gap,24
7493,49867980,49867.98,1626,0,gap,24
7494,49872155,49872.155,1617,0,gap,24
7495,49876313,49876.313,1615,0,gap,24
7496,49887988,49887.988,1607,0,gap,24
7497,49892165,49892.165,1619,0,gap,24
7498,49896345,49896.345,1616,0,gap,24
7499,49907980,49907.98,1609,0,gap,24
7500,49912174,49912.174,1605,0,gap,24
7501,49916352,49916.352,1607,0,gap,24
7502,49927992,49927.992,1610,0,gap,24
7503,49934990,49934.99,1623,0,gap,24
7504,49938957,49938.957,1605,0,gap,24
7505,49947979,49947.979,1617,0,gap,24
7506,49951964,49951.964,1609,0,gap,24
7507,49957979,49957.979,1584,0,gap,24
7508,49967987,49967.987,1616,0,gap,24
7509,49971966,49971.966,1587,0,gap,24
7510,49977987,49977.987,1583,0,gap,24
7511,49987979,49987.979,1595,0,gap,24
7512,49991988,49991.988,1601,0,gap,24
7513,49997979,49997.979,1587,0,gap,24
7514,50007987,50007.987,1595,0,gap,24
7515,50011987,50011.987,1579,0,gap,24
7516,50017987,50017.987,1585,0,gap,24
7517,50027979,50027.979,1589,0,gap,24
7518,50032009,50032.009,1580,0,gap,24
7519,50037978,50037.978,1573,0,gap,24
7520,50047987,50047.987,1578,0,gap,24
7521,50052007,50052.007,1577,0,gap,24
7522,50057986,50057.986,1573,0,gap,24
7523,50067979,50067.979,1584,0,gap,24
7524,50072030,50072.03,1597,1,pulse,25
7525,50077987,50077.987,4095,1,pulse,25
7526,50087983,50087.983,4095,1,pulse,25
7527,50091961,50091.961,4095,1,pulse,25
7528,50097987,50097.987,4095,1,pulse,25
7529,50107976,50107.976,4095,1,pulse,25
7530,50111980,50111.98,4095,0,gap,25
7531,50117988,50117.988,2913,0,gap,25
7532,50127988,50127.988,2816,0,gap,25
7533,50132064,50132.064,2791,0,gap,25
7534,50137987,50137.987,2756,0,gap,25
7535,50147980,50147.98,2719,0,gap,25
7536,50152081,50152.081,2707,0,gap,25
7537,50157979,50157.979,2691,0,gap,25
7538,50167991,50167.991,2675,0,gap,25
7539,50172096,50172.096,2643,0,gap,25
7540,50177987,50177.987,2640,0,gap,25
7541,50187979,50187.979,2642,0,gap,25
7542,50192117,50192.117,2630,0,gap,25
7543,50197979,50197.979,2613,0,gap,25
7544,50207987,50207.987,2613,0,gap,25
7545,50212118,50212.118,2596,0,gap,25
7546,50217987,50217.987,2583,0,gap,25
7547,50227979,50227.979,2591,0,gap,25
7548,50232140,50232.14,2559,0,gap,25
7549,50237983,50237.983,2559,0,gap,25
7550,50247987,50247.987,2544,0,gap,25
7551,50252142,50252.142,2535,0,gap,25
7552,50257986,50257.986,2537,0,gap,25
7553,50267979,50267.979,2537,0,gap,25
7554,50272159,50272.159,2521,0,gap,25
7555,50277978,50277.978,2511,0,gap,25
7556,50287987,50287.987,2512,0,gap,25
7557,50292157,50292.157,2480,0,gap,25
7558,50297986,50297.986,2493,0,gap,25
7559,50307979,50307.979,2480,0,gap,25
7560,50312183,50312.183,2474,0,gap,25
7561,50317978,50317.978,2460,0,gap,25
7562,50327987,50327.987,2465,0,gap,25
7563,50332176,50332.176,2445,0,gap,25
7564,50337986,50337.986,2449,0,gap,25
7565,50344953,50344.953,2442,0,gap,25
7566,50357987,50357.987,2438,0,gap,25
7567,50361975,50361.975,2436,0,gap,25
7568,50365960,50365.96,2422,0,gap,25
7569,50377979,50377.979,2407,0,gap,25
7570,50381982,50381.982,2404,0,gap,25
7571,50385970,50385.97,2407,0,gap,25
7572,50397986,50397.986,2397,0,gap,25
7573,50401984,50401.984,2403,0,gap,25
7574,50405985,50405.985,2389,0,gap,25
7575,50417978,50417.978,2385,0,gap,25
7576,50422003,50422.003,2367,0,gap,25
7577,50426010,50426.01,2366,0,gap,25
7578,50437986,50437.986,2374,0,gap,25
7579,50442009,50442.009,2363,0,gap,25
7580,50446032,50446.032,2352,0,gap,25
7581,50457983,50457.983,2352,0,gap,25
7582,50462023,50462.023,2335,0,gap,25
7583,50466051,50466.051,2319,0,gap,25
7584,50477986,50477.986,2336,0,gap,25
7585,50482026,50482.026,2326,0,gap,25
7586,50486077,50486.077,2317,0,gap,25
7587,50497978,50497.978,2315,0,gap,25
7588,50502036,50502.036,2295,0,gap,25
7589,50506085,50506.085,2288,0,gap,25
7590,50517986,50517.986,2302,0,gap,25
7591,50522050,50522.05,2274,0,gap,25
7592,50526121,50526.121,2288,0,gap,25
7593,50537978,50537.978,2281,0,gap,25
7594,50542057,50542.057,2263,0,gap,25
7595,50546127,50546.127,2271,0,gap,25
7596,50557986,50557.986,2275,0,gap,25
7597,50562071,50562.071,2258,0,gap,25
7598,50566159,50566.159,2256,0,gap,25
7599,50577978,50577.978,2246,0,gap,25
7600,50582089,50582.089,2235,0,gap,25
7601,50586183,50586.183,2237,0,gap,25
7602,50597990,50597.99,2225,0,gap,25
7603,50602115,50602.115,2225,0,gap,25
7604,50606239,50606.239,2224,0,gap,25
7605,50617978,50617.978,2218,0,gap,25
7606,50622117,50622.117,2205,0,gap,25
7607,50626247,50626.247,2213,0,gap,25
7608,50637986,50637.986,2203,0,gap,25
7609,50642126,50642.126,2202,0,gap,25
7610,50646274,50646.274,2182,0,gap,25
7611,50657978,50657.978,2192,0,gap,25
7612,50662136,50662.136,2179,0,gap,25
7613,50666286,50666.286,2173,0,gap,25
7614,50677986,50677.986,2176,0,gap,25
7615,50682150,50682.15,2172,0,gap,25
7616,50686317,50686.317,2139,0,gap,25
7617,50697978,50697.978,2159,0,gap,25
7618,50702164,50702.164,2145,0,gap,25
7619,50706328,50706.328,2137,0,gap,25
7620,50717986,50717.986,2150,0,gap,25
7621,50722169,50722.169,2132,0,gap,25
7622,50726352,50726.352,2107,0,gap,25
7623,50737978,50737.978,2139,0,gap,25
7624,50742183,50742.183,2118,0,gap,25
7625,50746371,50746.371,2123,0,gap,25
7626,50757986,50757.986,2115,0,gap,25
7627,50762187,50762.187,2114,0,gap,25
7628,50769160,50769.16,2099,0,gap,25
7629,50773132,50773.132,2090,0,gap,25
7630,50777987,50777.987,2087,0,gap,25
7631,50787980,50787.98,2091,0,gap,25
7632,50791983,50791.983,2079,0,gap,25
7633,50797979,50797.979,2068,0,gap,25
7634,50807992,50807.992,2064,0,gap,25
7635,50811984,50811.984,2047,0,gap,25
7636,50817987,50817.987,2075,0,gap,25
7637,50827980,50827.98,2047,0,gap,25
7638,50832003,50832.003,2037,0,gap,25
7639,50837979,50837.979,2037,0,gap,25
7640,50847988,50847.988,2037,0,gap,25
7641,50852001,50852.001,2036,0,gap,25
7642,50857987,50857.987,2034,0,gap,25
7643,50867980,50867.98,2039,0,gap,25
7644,50872023,50872.023,2031,0,gap,25
7645,50877983,50877.983,2023,0,gap,25
7646,50887988,50887.988,2025,0,gap,25
7647,50892026,50892.026,2003,0,gap,25
7648,50897987,50897.987,1998,0,gap,25
7649,50907980,50907.98,2016,0,gap,25
7650,50912044,50912.044,1994,0,gap,25
7651,50917979,50917.979,1987,0,gap,25
7652,50927988,50927.988,2002,0,gap,25
7653,50932042,50932.042,1986,0,gap,25
7654,50937987,50937.987,1971,0,gap,25
7655,50947979,50947.979,1968,0,gap,25
7656,50952068,50952.068,1967,0,gap,25
7657,50957979,50957.979,1969,0,gap,25
7658,50967987,50967.987,1968,0,gap,25
7659,50972063,50972.063,1963,0,gap,25
7660,50977987,50977.987,1955,0,gap,25
7661,50987983,50987.983,1955,0,gap,25
7662,50992089,50992.089,1951,0,gap,25
7663,50997979,50997.979,1936,0,gap,25
7664,51007987,51007.987,1936,0,gap,25
7665,51012107,51012.107,1938,0,gap,25
7666,51017991,51017.991,1923,0,gap,25
7667,51027979,51027.979,1925,0,gap,25
7668,51032116,51032.116,1939,0,gap,25
7669,51037978,51037.978,1941,0,gap,25
7670,51047987,51047.987,1926,0,gap,25
7671,51052130,51052.13,1918,0,gap,25
7672,51057986,51057.986,1917,0,gap,25
7673,51067979,51067.979,1911,0,gap,25
7674,51072140,51072.14,1887,0,gap,25
7675,51077978,51077.978,1903,0,gap,25
7676,51087987,51087.987,1887,0,gap,25
7677,51092153,51092.153,1901,0,gap,25
7678,51097986,51097.986,1888,0,gap,25
7679,51107979,51107.979,1900,0,gap,25
7680,51112159,51112.159,1897,0,gap,25
7681,51117978,51117.978,1883,0,gap,25
7682,51127991,51127.991,1878,0,gap,25
7683,51132173,51132.173,1882,0,gap,25
7684,51137986,51137.986,1858,0,gap,25
7685,51147979,51147.979,1879,0,gap,25
7686,51152179,51152.179,1868,0,gap,25
7687,51157966,51157.966,1857,0,gap,25
7688,51167987,51167.987,1871,0,gap,25
7689,51172189,51172.189,1863,0,gap,25
7690,51179169,51179.169,1854,0,gap,25
7691,51183141,51183.141,1864,0,gap,25
7692,51197987,51197.987,1871,0,gap,25
7693,51201972,51201.972,1849,0,gap,25
7694,51205961,51205.961,1827,0,gap,25
7695,51217979,51217.979,1845,0,gap,25
7696,51221986,51221.986,1834,0,gap,25
7697,51225969,51225.969,1831,0,gap,25
7698,51237991,51237.991,1840,0,gap,25
7699,51241992,51241.992,1840,0,gap,25
7700,51246000,51246.0,1823,0,gap,25
7701,51257978,51257.978,1829,0,gap,25
7702,51262002,51262.002,1824,0,gap,25
7703,51266010,51266.01,1827,0,gap,25
7704,51277986,51277.986,1823,0,gap,25
7705,51282009,51282.009,1828,0,gap,25
7706,51286039,51286.039,1804,0,gap,25
7707,51297978,51297.978,1834,0,gap,25
7708,51302023,51302.023,1809,0,gap,25
7709,51306054,51306.054,1815,0,gap,25
7710,51317986,51317.986,1817,0,gap,25
7711,51322029,51322.029,1806,0,gap,25
7712,51326084,51326.084,1796,0,gap,25
7713,51337978,51337.978,1802,0,gap,25
7714,51342048,51342.048,1776,0,gap,25
7715,51346092,51346.092,1776,0,gap,25
7716,51357986,51357.986,1805,0,gap,25
7717,51362045,51362.045,1795,0,gap,25
7718,51366115,51366.115,1790,0,gap,25
7719,51377978,51377.978,1797,0,gap,25
7720,51382073,51382.073,1778,0,gap,25
7721,51386138,51386.138,1782,0,gap,25
7722,51397986,51397.986,1777,0,gap,25
7723,51402066,51402.066,1776,0,gap,25
7724,51406158,51406.158,1770,0,gap,25
7725,51417982,51417.982,1775,0,gap,25
7726,51422101,51422.101,1761,0,gap,25
7727,51426204,51426.204,1767,0,gap,25
7728,51437986,51437.986,1766,0,gap,25
7729,51442110,51442.11,1755,0,gap,25
7730,51446250,51446.25,1758,0,gap,25
7731,51457978,51457.978,1749,0,gap,25
7732,51462124,51462.124,1744,0,gap,25
7733,51466249,51466.249,1750,0,gap,25
7734,51477986,51477.986,1757,0,gap,25
7735,51482130,51482.13,1744,0,gap,25
7736,51486289,51486.289,1735,0,gap,25
7737,51497978,51497.978,1746,0,gap,25
7738,51502144,51502.144,1741,0,gap,25
7739,51506288,51506.288,1739,0,gap,25
7740,51517986,51517.986,1748,0,gap,25
7741,51522150,51522.15,1742,0,gap,25
7742,51526324,51526.324,1730,0,gap,25
7743,51537978,51537.978,1738,0,gap,25
7744,51542167,51542.167,1723,0,gap,25
7745,51546335,51546.335,1707,0,gap,25
7746,51557990,51557.99,1717,0,gap,25
7747,51562173,51562.173,1735,0,gap,25
7748,51566367,51566.367,1713,0,gap,25
7749,51577978,51577.978,1719,0,gap,25
7750,51582186,51582.186,1712,0,gap,25
7751,51586374,51586.374,1715,0,gap,25
7752,51597986,51597.986,1722,0,gap,25
7753,51604940,51604.94,1715,0,gap,25
7754,51608925,51608.925,1711,0,gap,25
7755,51617979,51617.979,1712,0,gap,25
7756,51621974,51621.974,1690,0,gap,25
7757,51627983,51627.983,1712,0,gap,25
7758,51637987,51637.987,1698,0,gap,25
7759,51641981,51641.981,1689,0,gap,25
7760,51647987,51647.987,1699,0,gap,25
7761,51657979,51657.979,1695,0,gap,25
7762,51662003,51662.003,1679,0,gap,25
7763,51667979,51667.979,1694,0,gap,25
7764,51677987,51677.987,1691,0,gap,25
7765,51681997,51681.997,1692,0,gap,25
7766,51687986,51687.986,1681,0,gap,25
7767,51697979,51697.979,1706,0,gap,25
7768,51702024,51702.024,1685,0,gap,25
7769,51707978,51707.978,1669,0,gap,25
7770,51717987,51717.987,1683,0,gap,25
7771,51722017,51722.017,1668,0,gap,25
7772,51727986,51727.986,1671,0,gap,25
7773,51737983,51737.983,1664,0,gap,25
7774,51742041,51742.041,1678,0,gap,25
7775,51747978,51747.978,1664,0,gap,25
7776,51757987,51757.987,1678,0,gap,25
7777,51762046,51762.046,1664,0,gap,25
7778,51767990,51767.99,1667,0,gap,25
7779,51777979,51777.979,1667,0,gap,25
7780,51782052,51782.052,1662,0,gap,25
7781,51787978,51787.978,1657,0,gap,25
7782,51797987,51797.987,1667,0,gap,25
7783,51802067,51802.067,1651,0,gap,25
7784,51807974,51807.974,1651,0,gap,25
7785,51817979,51817.979,1655,0,gap,25
7786,51822077,51822.077,1641,0,gap,25
7787,51827966,51827.966,1644,0,gap,25
7788,51837987,51837.987,1653,0,gap,25
7789,51842095,51842.095,1637,0,gap,25
7790,51846213,51846.213,1638,0,gap,25
7791,51857980,51857.98,1643,0,gap,25
7792,51862118,51862.118,1645,0,gap,25
7793,51866244,51866.244,1647,0,gap,25
7794,51877992,51877.992,1654,1,pulse,26
7795,51882224,51882.224,4095,1,pulse,26
7796,51887970,51887.97,4095,1,pulse,26
7797,51897975,51897.975,4095,1,pulse,26
7798,51902066,51902.066,4095,1,pulse,26
7799,51907979,51907.979,4095,1,pulse,26
7800,51917983,51917.983,4095,0,gap,26
7801,51922298,51922.298,3019,0,gap,26
7802,51927986,51927.986,2863,0,gap,26
7803,51937979,51937.979,2773,0,gap,26
7804,51942166,51942.166,2745,0,gap,26
7805,51947978,51947.978,2726,0,gap,26
7806,51957987,51957.987,2691,0,gap,26
7807,51962176,51962.176,2679,0,gap,26
7808,51967986,51967.986,2667,0,gap,26
7809,51977983,51977.983,2663,0,gap,26
7810,51982189,51982.189,2645,0,gap,26
7811,51987978,51987.978,2626,0,gap,26
7812,51997987,51997.987,2621,0,gap,26
7813,52002191,52002.191,2607,0,gap,26
7814,52007974,52007.974,2608,0,gap,26
7815,52017979,52017.979,2588,0,gap,26
7816,52024822,52024.822,2559,0,gap,26
7817,52028817,52028.817,2559,0,gap,26
7818,52037986,52037.986,2551,0,gap,26
7819,52041980,52041.98,2541,0,gap,26
7820,52047987,52047.987,2550,0,gap,26
7821,52057979,52057.979,2544,0,gap,26
7822,52061995,52061.995,2511,0,gap,26
7823,52067979,52067.979,2515,0,gap,26
7824,52077987,52077.987,2516,0,gap,26
7825,52082000,52082.0,2492,0,gap,26
7826,52087986,52087.986,2503,0,gap,26
7827,52097979,52097.979,2491,0,gap,26
7828,52102011,52102.011,2487,0,gap,26
7829,52107978,52107.978,2476,0,gap,26
7830,52117987,52117.987,2465,0,gap,26
7831,52122029,52122.029,2461,0,gap,26
7832,52127986,52127.986,2458,0,gap,26
7833,52137979,52137.979,2455,0,gap,26
7834,52142035,52142.035,2445,0,gap,26
7835,52147978,52147.978,2430,0,gap,26
7836,52157987,52157.987,2431,0,gap,26
7837,52162046,52162.046,2434,0,gap,26
7838,52167986,52167.986,2416,0,gap,26
7839,52177979,52177.979,2416,0,gap,26
7840,52182056,52182.056,2398,0,gap,26
7841,52187982,52187.982,2402,0,gap,26
7842,52197987,52197.987,2390,0,gap,26
7843,52202066,52202.066,2368,0,gap,26
7844,52207974,52207.974,2383,0,gap,26
7845,52217979,52217.979,2375,0,gap,26
7846,52222077,52222.077,2370,0,gap,26
7847,52226167,52226.167,2363,0,gap,26
7848,52237988,52237.988,2363,0,gap,26
7849,52242084,52242.084,2345,0,gap,26
7850,52246188,52246.188,2334,0,gap,26
7851,52257980,52257.98,2343,0,gap,26
7852,52262116,52262.116,2336,0,gap,26
7853,52266238,52266.238,2319,0,gap,26
7854,52277988,52277.988,2323,0,gap,26
7855,52282128,52282.128,2314,0,gap,26
7856,52286271,52286.271,2309,0,gap,26
7857,52297984,52297.984,2319,0,gap,26
7858,52302142,52302.142,2314,0,gap,26
7859,52306287,52306.287,2287,0,gap,26
7860,52317988,52317.988,2282,0,gap,26
7861,52322143,52322.143,2283,0,gap,26
7862,52326306,52326.306,2266,0,gap,26
7863,52337980,52337.98,2273,0,gap,26
7864,52342157,52342.157,2258,0,gap,26
7865,52346318,52346.318,2267,0,gap,26
7866,52357987,52357.987,2266,0,gap,26
7867,52362162,52362.162,2256,0,gap,26
7868,52366345,52366.345,2265,0,gap,26
7869,52377979,52377.979,2237,0,gap,26
7870,52382172,52382.172,2234,0,gap,26
7871,52386356,52386.356,2221,0,gap,26
7872,52397987,52397.987,2224,0,gap,26
7873,52402186,52402.186,2217,0,gap,26
7874,52406384,52406.384,2225,0,gap,26
7875,52417979,52417.979,2205,0,gap,26
7876,52422191,52422.191,2203,0,gap,26
7877,52426395,52426.395,2196,0,gap,26
7878,52433368,52433.368,2193,0,gap,26
7879,52447978,52447.978,2189,0,gap,26
7880,52451976,52451.976,2187,0,gap,26
7881,52455957,52455.957,2171,0,gap,26
7882,52467986,52467.986,2192,0,gap,26
7883,52471983,52471.983,2157,0,gap,26
7884,52475992,52475.992,2169,0,gap,26
7885,52487978,52487.978,2173,0,gap,26
7886,52491993,52491.993,2151,0,gap,26
7887,52496000,52496.0,2160,0,gap,26
7888,52507986,52507.986,2153,0,gap,26
7889,52512008,52512.008,2143,0,gap,26
7890,52516033,52516.033,2128,0,gap,26
7891,52527978,52527.978,2141,0,gap,26
7892,52532015,52532.015,2127,0,gap,26
7893,52536042,52536.042,2128,0,gap,26
7894,52547986,52547.986,2118,0,gap,26
7895,52552032,52552.032,2135,0,gap,26
7896,52556077,52556.077,2122,0,gap,26
7897,52567978,52567.978,2127,0,gap,26
7898,52572038,52572.038,2099,0,gap,26
7899,52576087,52576.087,2086,0,gap,26
7900,52587986,52587.986,2099,0,gap,26
7901,52592045,52592.045,2100,0,gap,26
7902,52596108,52596.108,2087,0,gap,26
7903,52607978,52607.978,2100,0,gap,26
7904,52612059,52612.059,2071,0,gap,26
7905,52616132,52616.132,2064,0,gap,26
7906,52627986,52627.986,2071,0,gap,26
7907,52632069,52632.069,2077,0,gap,26
7908,52636153,52636.153,2046,0,gap,26
7909,52647978,52647.978,2059,0,gap,26
7910,52652076,52652.076,2057,0,gap,26
7911,52656170,52656.17,2054,0,gap,26
7912,52667986,52667.986,2054,0,gap,26
7913,52672094,52672.094,2035,0,gap,26
7914,52676210,52676.21,2032,0,gap,26
7915,52687978,52687.978,2045,0,gap,26
7916,52692120,52692.12,2023,0,gap,26
7917,52696249,52696.249,2029,0,gap,26
7918,52707986,52707.986,2017,0,gap,26
7919,52712130,52712.13,2015,0,gap,26
7920,52716277,52716.277,1998,0,gap,26
7921,52727982,52727.982,2020,0,gap,26
7922,52732144,52732.144,2009,0,gap,26
7923,52736288,52736.288,1999,0,gap,26
7924,52747986,52747.986,1997,0,gap,26
7925,52752146,52752.146,2003,0,gap,26
7926,52756308,52756.308,1968,0,gap,26
7927,52767978,52767.978,1995,0,gap,26
7928,52772159,52772.159,1984,0,gap,26
7929,52776328,52776.328,1968,0,gap,26
7930,52787986,52787.986,1986,0,gap,26
7931,52792165,52792.165,1965,0,gap,26
7932,52796351,52796.351,1957,0,gap,26
7933,52807978,52807.978,1985,0,gap,26
7934,52812175,52812.175,1950,0,gap,26
7935,52816363,52816.363,1958,0,gap,26
7936,52827986,52827.986,1966,0,gap,26
7937,52832193,52832.193,1939,0,gap,26
7938,52836394,52836.394,1933,0,gap,26
7939,52847978,52847.978,1946,0,gap,26
7940,52852195,52852.195,1936,0,gap,26
7941,52859212,52859.212,1947,0,gap,26
7942,52863184,52863.184,1921,0,gap,26
7943,52867979,52867.979,1929,0,gap,26
7944,52877988,52877.988,1931,0,gap,26
7945,52881984,52881.984,1915,0,gap,26
7946,52887988,52887.988,1904,0,gap,26
7947,52897980,52897.98,1911,0,gap,26
7948,52902002,52902.002,1895,0,gap,26
7949,52907979,52907.979,1895,0,gap,26
7950,52917988,52917.988,1899,0,gap,26
7951,52922008,52922.008,1891,0,gap,26
7952,52927987,52927.987,1893,0,gap,26
7953,52937984,52937.984,1888,0,gap,26
7954,52942020,52942.02,1882,0,gap,26
7955,52947979,52947.979,1887,0,gap,26
7956,52957988,52957.988,1887,0,gap,26
7957,52962028,52962.028,1869,0,gap,26
7958,52967987,52967.987,1877,0,gap,26
7959,52977980,52977.98,1876,0,gap,26
7960,52982039,52982.039,1865,0,gap,26
7961,52987979,52987.979,1854,0,gap,26
7962,52997988,52997.988,1869,0,gap,26
7963,53002045,53002.045,1852,0,gap,26
7964,53007987,53007.987,1856,0,gap,26
7965,53017980,53017.98,1858,0,gap,26
7966,53022055,53022.055,1862,0,gap,26
7967,53027979,53027.979,1854,0,gap,26
7968,53037988,53037.988,1847,0,gap,26
7969,53042069,53042.069,1829,0,gap,26
7970,53047987,53047.987,1839,0,gap,26
7971,53057979,53057.979,1828,0,gap,26
7972,53062081,53062.081,1833,0,gap,26
7973,53067979,53067.979,1821,0,gap,26
7974,53077987,53077.987,1823,0,gap,26
7975,53082090,53082.09,1823,0,gap,26
7976,53087987,53087.987,1808,0,gap,26
7977,53097979,53097.979,1836,0,gap,26
7978,53102120,53102.12,1811,0,gap,26
7979,53107979,53107.979,1810,0,gap,26
7980,53117987,53117.987,1807,0,gap,26
7981,53122125,53122.125,1787,0,gap,26
7982,53127986,53127.986,1805,0,gap,26
7983,53137979,53137.979,1791,0,gap,26
7984,53142143,53142.143,1792,0,gap,26
7985,53147982,53147.982,1782,0,gap,26
7986,53157987,53157.987,1803,0,gap,26
7987,53162141,53162.141,1802,0,gap,26
7988,53167986,53167.986,1783,0,gap,26
7989,53177979,53177.979,1767,0,gap,26
7990,53182163,53182.163,1791,0,gap,26
7991,53187978,53187.978,1774,0,gap,26
7992,53197987,53197.987,1780,0,gap,26
7993,53202160,53202.16,1765,0,gap,26
7994,53207986,53207.986,1753,0,gap,26
7995,53217979,53217.979,1762,0,gap,26
7996,53222178,53222.178,1746,0,gap,26
7997,53227978,53227.978,1750,0,gap,26
7998,53237987,53237.987,1754,0,gap,26
7999,53242188,53242.188,1745,0,gap,26
8000,53247974,53247.974,1755,0,gap,26
8001,53257983,53257.983,1760,0,gap,26
8002,53262201,53262.201,1744,0,gap,26
8003,53267966,53267.966,1754,0,gap,26
8004,53274959,53274.959,1740,0,gap,26
8005,53287979,53287.979,1755,0,gap,26
8006,53291974,53291.974,1731,0,gap,26
8007,53295964,53295.964,1742,0,gap,26
8008,53307986,53307.986,1741,0,gap,26
8009,53311983,53311.983,1743,0,gap,26
8010,53315995,53315.995,1725,0,gap,26
8011,53327978,53327.978,1734,0,gap,26
8012,53332009,53332.009,1722,0,gap,26
8013,53336010,53336.01,1723,0,gap,26
8014,53347986,53347.986,1741,0,gap,26
8015,53352007,53352.007,1718,0,gap,26
8016,53356039,53356.039,1712,0,gap,26
8017,53367983,53367.983,1719,0,gap,26
8018,53372030,53372.03,1715,0,gap,26
8019,53376056,53376.056,1707,0,gap,26
8020,53387986,53387.986,1724,0,gap,26
8021,53392024,53392.024,1712,0,gap,26
8022,53396072,53396.072,1712,0,gap,26
8023,53407978,53407.978,1697,0,gap,26
8024,53412046,53412.046,1694,0,gap,26
8025,53416094,53416.094,1706,0,gap,26
8026,53427986,53427.986,1711,0,gap,26
8027,53432049,53432.049,1701,0,gap,26
8028,53436122,53436.122,1697,0,gap,26
8029,53447978,53447.978,1707,0,gap,26
8030,53452062,53452.062,1693,0,gap,26
8031,53456130,53456.13,1677,0,gap,26
8032,53467986,53467.986,1691,0,gap,26
8033,53472069,53472.069,1680,0,gap,26
8034,53476160,53476.16,1687,0,gap,26
8035,53487978,53487.978,1679,0,gap,26
8036,53492087,53492.087,1664,0,gap,26
8037,53496176,53496.176,1694,0,gap,26
8038,53507986,53507.986,1675,0,gap,26
8039,53512102,53512.102,1680,0,gap,26
8040,53516224,53516.224,1669,0,gap,26
8041,53527978,53527.978,1669,0,gap,26
8042,53532123,53532.123,1661,0,gap,26
8043,53536248,53536.248,1661,0,gap,26
8044,53547986,53547.986,1669,0,gap,26
8045,53552125,53552.125,1667,0,gap,26
8046,53556275,53556.275,1649,0,gap,26
8047,53567978,53567.978,1671,0,gap,26
8048,53572147,53572.147,1647,0,gap,26
8049,53576299,53576.299,1645,0,gap,26
8050,53587986,53587.986,1665,0,gap,26
8051,53592145,53592.145,1653,0,gap,26
8052,53596314,53596.314,1647,0,gap,26
8053,53607978,53607.978,1655,0,gap,26
8054,53612166,53612.166,1628,0,gap,26
8055,53616338,53616.338,1629,0,gap,26
8056,53627986,53627.986,1648,0,gap,26
8057,53632164,53632.164,1643,0,gap,26
8058,53636353,53636.353,1623,0,gap,26
8059,53647978,53647.978,1645,0,gap,26
8060,53652186,53652.186,1619,0,gap,26
8061,53656369,53656.369,1616,0,gap,26
8062,53667986,53667.986,1627,0,gap,26
8063,53672188,53672.188,1622,0,gap,26
8064,53676401,53676.401,1614,0,gap,26
8065,53687982,53687.982,1635,0,gap,26
8066,53694971,53694.971,1631,0,gap,26
8067,53698953,53698.953,1619,0,gap,26
8068,53707986,53707.986,1633,0,gap,26
8069,53711973,53711.973,1635,0,gap,26
8070,53717987,53717.987,1621,0,gap,26
8071,53727979,53727.979,1622,0,gap,26
8072,53731996,53731.996,1618,0,gap,26
8073,53737979,53737.979,1603,0,gap,26
8074,53747987,53747.987,1629,0,gap,26
8075,53751994,53751.994,1597,0,gap,26
8076,53757987,53757.987,1605,0,gap,26
8077,53767979,53767.979,1613,0,gap,26
8078,53772012,53772.012,1598,0,gap,26
8079,53777978,53777.978,1611,0,gap,26
8080,53787987,53787.987,1633,1,pulse,27
8081,53792111,53792.111,4095,1,pulse,27
8082,53797983,53797.983,4095,1,pulse,27
8083,53807976,53807.976,4095,1,pulse,27
8084,53811966,53811.966,4095,1,pulse,27
8085,53817975,53817.975,4095,1,pulse,27
8086,53827984,53827.984,4095,0,gap,27
8087,53832192,53832.192,2993,0,gap,27
8088,53837987,53837.987,2859,0,gap,27
8089,53847980,53847.98,2763,0,gap,27
8090,53852064,53852.064,2756,0,gap,27
8091,53857979,53857.979,2714,0,gap,27
8092,53867988,53867.988,2691,0,gap,27
8093,53872066,53872.066,2685,0,gap,27
8094,53877987,53877.987,2666,0,gap,27
8095,53887980,53887.98,2660,0,gap,27
8096,53892093,53892.093,2639,0,gap,27
8097,53897979,53897.979,2637,0,gap,27
8098,53907988,53907.988,2611,0,gap,27
8099,53912087,53912.087,2609,0,gap,27
8100,53917987,53917.987,2605,0,gap,27
8101,53927983,53927.983,2603,0,gap,27
8102,53932126,53932.126,2583,0,gap,27
8103,53937979,53937.979,2553,0,gap,27
8104,53947987,53947.987,2553,0,gap,27
8105,53952127,53952.127,2554,0,gap,27
8106,53957987,53957.987,2530,0,gap,27
8107,53967979,53967.979,2544,0,gap,27
8108,53972144,53972.144,2531,0,gap,27
8109,53977978,53977.978,2526,0,gap,27
8110,53987987,53987.987,2509,0,gap,27
8111,53992150,53992.15,2498,0,gap,27
8112,53997990,53997.99,2494,0,gap,27
8113,54007979,54007.979,2505,0,gap,27
8114,54012164,54012.164,2466,0,gap,27
8115,54017978,54017.978,2461,0,gap,27
8116,54027987,54027.987,2465,0,gap,27
8117,54032169,54032.169,2474,0,gap,27
8118,54037986,54037.986,2455,0,gap,27
8119,54047979,54047.979,2463,0,gap,27
8120,54052187,54052.187,2442,0,gap,27
8121,54057978,54057.978,2448,0,gap,27
8122,54067987,54067.987,2432,0,gap,27
8123,54072189,54072.189,2426,0,gap,27
8124,54077986,54077.986,2407,0,gap,27
8125,54087979,54087.979,2416,0,gap,27
8126,54092202,54092.202,2410,0,gap,27
8127,54097978,54097.978,2395,0,gap,27
8128,54107991,54107.991,2383,0,gap,27
8129,54114985,54114.985,2395,0,gap,27
8130,54118998,54118.998,2383,0,gap,27
8131,54127978,54127.978,2375,0,gap,27
8132,54131998,54131.998,2375,0,gap,27
8133,54137983,54137.983,2352,0,gap,27
8134,54147987,54147.987,2359,0,gap,27
8135,54152000,54152.0,2349,0,gap,27
8136,54157987,54157.987,2341,0,gap,27
8137,54167979,54167.979,2352,0,gap,27
8138,54172014,54172.014,2333,0,gap,27
8139,54177979,54177.979,2328,0,gap,27
8140,54187987,54187.987,2325,0,gap,27
8141,54192017,54192.017,2320,0,gap,27
8142,54197986,54197.986,2304,0,gap,27
8143,54207979,54207.979,2311,0,gap,27
8144,54212043,54212.043,2293,0,gap,27
8145,54217978,54217.978,2300,0,gap,27
8146,54227987,54227.987,2283,0,gap,27
8147,54232036,54232.036,2282,0,gap,27
8148,54237986,54237.986,2270,0,gap,27
8149,54247983,54247.983,2285,0,gap,27
8150,54252064,54252.064,2261,0,gap,27
8151,54257978,54257.978,2275,0,gap,27
8152,54267987,54267.987,2256,0,gap,27
8153,54272057,54272.057,2256,0,gap,27
8154,54277986,54277.986,2257,0,gap,27
8155,54287979,54287.979,2254,0,gap,27
8156,54292080,54292.08,2233,0,gap,27
8157,54297978,54297.978,2225,0,gap,27
8158,54307987,54307.987,2227,0,gap,27
8159,54312082,54312.082,2227,0,gap,27
8160,54317978,54317.978,2217,0,gap,27
8161,54327979,54327.979,2227,0,gap,27
8162,54332097,54332.097,2226,0,gap,27
8163,54337966,54337.966,2197,0,gap,27
8164,54347987,54347.987,2224,0,gap,27
8165,54352111,54352.111,2192,0,gap,27
8166,54356264,54356.264,2187,0,gap,27
8167,54367980,54367.98,2195,0,gap,27
8168,54372141,54372.141,2191,0,gap,27
8169,54376282,54376.282,2187,0,gap,27
8170,54387988,54387.988,2177,0,gap,27
8171,54392143,54392.143,2165,0,gap,27
8172,54396309,54396.309,2167,0,gap,27
8173,54407980,54407.98,2169,0,gap,27
8174,54412157,54412.157,2161,0,gap,27
8175,54416317,54416.317,2158,0,gap,27
8176,54427992,54427.992,2153,0,gap,27
8177,54432162,54432.162,2158,0,gap,27
8178,54436348,54436.348,2139,0,gap,27
8179,54447980,54447.98,2163,0,gap,27
8180,54452176,54452.176,2143,0,gap,27
8181,54456360,54456.36,2125,0,gap,27
8182,54467987,54467.987,2143,0,gap,27
8183,54472182,54472.182,2129,0,gap,27
8184,54476387,54476.387,2122,0,gap,27
8185,54487979,54487.979,2111,0,gap,27
8186,54492199,54492.199,2102,0,gap,27
8187,54496402,54496.402,2097,0,gap,27
8188,54507987,54507.987,2110,0,gap,27
8189,54512201,54512.201,2103,0,gap,27
8190,54516426,54516.426,2105,0,gap,27
8191,54523405,54523.405,2079,0,gap,27
8192,54537991,54537.991,2099,0,gap,27
8193,54541999,54541.999,2096,0,gap,27
8194,54546003,54546.003,2079,0,gap,27
8195,54557978,54557.978,2071,0,gap,27
8196,54561998,54561.998,2069,0,gap,27
8197,54566008,54566.008,2068,0,gap,27
8198,54577986,54577.986,2061,0,gap,27
8199,54582007,54582.007,2064,0,gap,27
8200,54586032,54586.032,2038,0,gap,27
8201,54597978,54597.978,2063,0,gap,27
8202,54602018,54602.018,2039,0,gap,27
8203,54606049,54606.049,2043,0,gap,27
8204,54617986,54617.986,2045,0,gap,27
8205,54622025,54622.025,2029,0,gap,27
8206,54626066,54626.066,2015,0,gap,27
8207,54637978,54637.978,2020,0,gap,27
8208,54642043,54642.043,2002,0,gap,27
8209,54646086,54646.086,2012,0,gap,27
8210,54657986,54657.986,2005,0,gap,27
8211,54662045,54662.045,2015,0,gap,27
8212,54666112,54666.112,1990,0,gap,27
8213,54677982,54677.982,2007,0,gap,27
8214,54682064,54682.064,1997,0,gap,27
8215,54686132,54686.132,1984,0,gap,27
8216,54697986,54697.986,1990,0,gap,27
8217,54702069,54702.069,1987,0,gap,27
8218,54706152,54706.152,1980,0,gap,27
8219,54717978,54717.978,1969,0,gap,27
8220,54722076,54722.076,1957,0,gap,27
8221,54726162,54726.162,1968,0,gap,27
8222,54737986,54737.986,1953,0,gap,27
8223,54742091,54742.091,1953,0,gap,27
8224,54746203,54746.203,1950,0,gap,27
8225,54757978,54757.978,1956,0,gap,27
8226,54762105,54762.105,1939,0,gap,27
8227,54766220,54766.22,1937,0,gap,27
8228,54777986,54777.986,1938,0,gap,27
8229,54782131,54782.131,1920,0,gap,27
8230,54786274,54786.274,1915,0,gap,27
8231,54797978,54797.978,1934,0,gap,27
8232,54802140,54802.14,1914,0,gap,27
8233,54806285,54806.285,1911,0,gap,27
8234,54817986,54817.986,1927,0,gap,27
8235,54822154,54822.154,1910,0,gap,27
8236,54826321,54826.321,1899,0,gap,27
8237,54837978,54837.978,1899,0,gap,27
8238,54842156,54842.156,1891,0,gap,27
8239,54846324,54846.324,1897,0,gap,27
8240,54857990,54857.99,1895,0,gap,27
8241,54862173,54862.173,1890,0,gap,27
8242,54866356,54866.356,1871,0,gap,27
8243,54877978,54877.978,1877,0,gap,27
8244,54882175,54882.175,1865,0,gap,27
8245,54886367,54886.367,1877,0,gap,27
8246,54897986,54897.986,1871,0,gap,27
8247,54902189,54902.189,1871,0,gap,27
8248,54906395,54906.395,1863,0,gap,27
8249,54917978,54917.978,1861,0,gap,27
8250,54922195,54922.195,1840,0,gap,27
8251,54926403,54926.403,1857,0,gap,27
8252,54937986,54937.986,1861,0,gap,27
8253,54942206,54942.206,1847,0,gap,27
8254,54949194,54949.194,1835,0,gap,27
8255,54953184,54953.184,1839,0,gap,27
8256,54957991,54957.991,1810,0,gap,27
8257,54967980,54967.98,1827,0,gap,27
8258,54971994,54971.994,1799,0,gap,27
8259,54977979,54977.979,1816,0,gap,27
8260,54987988,54987.988,1823,0,gap,27
8261,54992012,54992.012,1790,0,gap,27
8262,54997987,54997.987,1794,0,gap,27
8263,55007980,55007.98,1794,0,gap,27
8264,55012019,55012.019,1787,0,gap,27
8265,55017979,55017.979,1781,0,gap,27
8266,55027988,55027.988,1776,0,gap,27
8267,55032029,55032.029,1755,0,gap,27
8268,55037987,55037.987,1776,0,gap,27
8269,55047980,55047.98,1764,0,gap,27
8270,55052035,55052.035,1762,0,gap,27
8271,55057979,55057.979,1758,0,gap,27
8272,55067992,55067.992,1754,0,gap,27
8273,55072049,55072.049,1735,0,gap,27
8274,55077987,55077.987,1737,0,gap,27
8275,55087980,55087.98,1744,0,gap,27
8276,55092056,55092.056,1725,0,gap,27
8277,55097983,55097.983,1727,0,gap,27
8278,55107988,55107.988,1713,0,gap,27
8279,55112069,55112.069,1691,0,gap,27
8280,55117987,55117.987,1683,0,gap,27
8281,55127980,55127.98,1690,0,gap,27
8282,55132076,55132.076,1680,0,gap,27
8283,55137979,55137.979,1674,0,gap,27
8284,55147987,55147.987,1677,0,gap,27
8285,55152087,55152.087,1660,0,gap,27
8286,55157987,55157.987,1664,0,gap,27
8287,55167979,55167.979,1663,0,gap,27
8288,55172104,55172.104,1622,0,gap,27
8289,55177979,55177.979,1634,0,gap,27
8290,55187987,55187.987,1616,0,gap,27
8291,55192120,55192.12,1623,0,gap,27
8292,55197986,55197.986,1607,0,gap,27
8293,55207983,55207.983,1609,0,gap,27
8294,55212144,55212.144,1612,0,gap,27
8295,55217978,55217.978,1587,0,gap,27
8296,55227987,55227.987,1594,0,gap,27
8297,55232145,55232.145,1575,0,gap,27
8298,55237986,55237.986,1579,0,gap,27
8299,55247979,55247.979,1566,0,gap,27
8300,55252159,55252.159,1563,0,gap,27
8301,55257978,55257.978,1554,0,gap,27
8302,55267987,55267.987,1535,0,gap,27
8303,55272169,55272.169,1527,0,gap,27
8304,55277990,55277.99,1535,0,gap,27
8305,55287979,55287.979,1523,0,gap,27
8306,55292174,55292.174,1518,0,gap,27
8307,55297978,55297.978,1518,0,gap,27
8308,55307987,55307.987,1520,0,gap,27
8309,55312188,55312.188,1492,0,gap,27
8310,55317986,55317.986,1492,0,gap,27
8311,55327979,55327.979,1501,0,gap,27
8312,55332198,55332.198,1486,0,gap,27
8313,55337966,55337.966,1461,0,gap,27
8314,55347987,55347.987,1469,0,gap,27
8315,55352208,55352.208,1469,0,gap,27
8316,55359200,55359.2,1456,0,gap,27
8317,55363189,55363.189,1451,0,gap,27
8318,55377987,55377.987,1456,0,gap,27
8319,55381988,55381.988,1449,0,gap,27
8320,55386004,55386.004,1424,0,gap,27
8321,55397978,55397.978,1437,0,gap,27
8322,55402002,55402.002,1421,0,gap,27
8323,55406004,55406.004,1417,0,gap,27
8324,55417986,55417.986,1419,0,gap,27
8325,55422008,55422.008,1400,0,gap,27
8326,55426036,55426.036,1403,0,gap,27
8327,55437978,55437.978,1398,0,gap,27
8328,55442026,55442.026,1395,0,gap,27
8329,55446049,55446.049,1381,0,gap,27
8330,55457986,55457.986,1392,0,gap,27
8331,55462029,55462.029,1379,0,gap,27
8332,55466078,55466.078,1372,0,gap,27
8333,55477978,55477.978,1366,0,gap,27
8334,55482046,55482.046,1356,0,gap,27
8335,55486093,55486.093,1355,0,gap,27
8336,55497990,55497.99,1367,0,gap,27
8337,55502053,55502.053,1335,0,gap,27
8338,55506127,55506.127,1331,0,gap,27
8339,55517978,55517.978,1339,0,gap,27
8340,55522064,55522.064,1327,0,gap,27
8341,55526136,55526.136,1322,0,gap,27
8342,55537986,55537.986,1328,0,gap,27
8343,55542069,55542.069,1319,0,gap,27
8344,55546163,55546.163,1325,0,gap,27
8345,55557978,55557.978,1313,0,gap,27
8346,55562085,55562.085,1310,0,gap,27
8347,55566178,55566.178,1318,0,gap,27
8348,55577986,55577.986,1307,0,gap,27
8349,55582086,55582.086,1314,0,gap,27
8350,55586201,55586.201,1300,0,gap,27
8351,55597978,55597.978,1321,0,gap,27
8352,55602121,55602.121,1294,0,gap,27
8353,55606244,55606.244,1307,0,gap,27
8354,55617986,55617.986,1319,0,gap,27
8355,55622130,55622.13,1307,0,gap,27
8356,55626281,55626.281,1296,0,gap,27
8357,55637982,55637.982,1319,0,gap,27
8358,55642152,55642.152,1296,0,gap,27
8359,55646301,55646.301,1316,0,gap,27
8360,55657986,55657.986,1306,0,gap,27
8361,55662146,55662.146,1316,0,gap,27
8362,55666316,55666.316,1328,1,pulse,28
8363,55677987,55677.987,4095,1,pulse,28
8364,55682114,55682.114,4095,1,pulse,28
8365,55686215,55686.215,4095,1,pulse,28
8366,55697983,55697.983,4095,1,pulse,28
8367,55702103,55702.103,4095,1,pulse,28
8368,55706231,55706.231,4095,0,gap,28
8369,55717988,55717.988,2787,0,gap,28
8370,55722210,55722.21,2774,0,gap,28
8371,55726408,55726.408,2741,0,gap,28
8372,55737991,55737.991,2701,0,gap,28
8373,55742203,55742.203,2704,0,gap,28
8374,55746422,55746.422,2677,0,gap,28
8375,55757979,55757.979,2650,0,gap,28
8376,55762217,55762.217,2649,0,gap,28
8377,55766430,55766.43,2640,0,gap,28
8378,55777987,55777.987,2622,0,gap,28
8379,55784985,55784.985,2613,0,gap,28
8380,55789000,55789.0,2592,0,gap,28
8381,55797978,55797.978,2581,0,gap,28
8382,55802000,55802.0,2559,0,gap,28
8383,55807979,55807.979,2553,0,gap,28
8384,55817987,55817.987,2547,0,gap,28
8385,55822010,55822.01,2514,0,gap,28
8386,55827987,55827.987,2522,0,gap,28
8387,55837979,55837.979,2508,0,gap,28
8388,55842024,55842.024,2481,0,gap,28
8389,55847979,55847.979,2491,0,gap,28
8390,55857987,55857.987,2485,0,gap,28
8391,55862034,55862.034,2463,0,gap,28
8392,55867986,55867.986,2448,0,gap,28
8393,55877979,55877.979,2438,0,gap,28
8394,55882049,55882.049,2442,0,gap,28
8395,55887978,55887.978,2419,0,gap,28
8396,55897987,55897.987,2416,0,gap,28
8397,55902050,55902.05,2393,0,gap,28
8398,55907986,55907.986,2395,0,gap,28
8399,55917979,55917.979,2399,0,gap,28
8400,55922065,55922.065,2384,0,gap,28
8401,55927978,55927.978,2384,0,gap,28
8402,55937987,55937.987,2377,0,gap,28
8403,55942071,55942.071,2365,0,gap,28
8404,55947990,55947.99,2371,0,gap,28
8405,55957979,55957.979,2350,0,gap,28
8406,55962085,55962.085,2346,0,gap,28
8407,55967978,55967.978,2343,0,gap,28
8408,55977987,55977.987,2334,0,gap,28
8409,55982096,55982.096,2330,0,gap,28
8410,55987974,55987.974,2311,0,gap,28
8411,55997979,55997.979,2321,0,gap,28
8412,56002102,56002.102,2304,0,gap,28
8413,56007966,56007.966,2299,0,gap,28
8414,56017987,56017.987,2293,0,gap,28
8415,56022128,56022.128,2302,0,gap,28
8416,56026282,56026.282,2286,0,gap,28
8417,56037980,56037.98,2285,0,gap,28
8418,56042143,56042.143,2262,0,gap,28
8419,56046298,56046.298,2269,0,gap,28
8420,56057992,56057.992,2263,0,gap,28
8421,56062161,56062.161,2262,0,gap,28
8422,56066333,56066.333,2254,0,gap,28
8423,56077980,56077.98,2250,0,gap,28
8424,56082167,56082.167,2256,0,gap,28
8425,56086341,56086.341,2230,0,gap,28
8426,56097988,56097.988,2239,0,gap,28
8427,56102176,56102.176,2231,0,gap,28
8428,56106368,56106.368,2224,0,gap,28
8429,56117980,56117.98,2229,0,gap,28
8430,56122182,56122.182,2222,0,gap,28
8431,56126380,56126.38,2211,0,gap,28
8432,56137987,56137.987,2214,0,gap,28
8433,56142195,56142.195,2197,0,gap,28
8434,56146403,56146.403,2188,0,gap,28
8435,56157979,56157.979,2191,0,gap,28
8436,56162209,56162.209,2192,0,gap,28
8437,56166418,56166.418,2176,0,gap,28
8438,56177987,56177.987,2187,0,gap,28
8439,56182215,56182.215,2177,0,gap,28
8440,56186446,56186.446,2161,0,gap,28
8441,56193440,56193.44,2149,0,gap,28
8442,56207987,56207.987,2161,0,gap,28
8443,56212005,56212.005,2171,0,gap,28
8444,56216015,56216.015,2143,0,gap,28
8445,56227978,56227.978,2160,0,gap,28
8446,56232004,56232.004,2143,0,gap,28
8447,56236024,56236.024,2128,0,gap,28
8448,56247986,56247.986,2135,0,gap,28
8449,56252017,56252.017,2127,0,gap,28
8450,56256052,56256.052,2111,0,gap,28
8451,56267978,56267.978,2126,0,gap,28
8452,56272032,56272.032,2103,0,gap,28
8453,56276069,56276.069,2098,0,gap,28
8454,56287986,56287.986,2106,0,gap,28
8455,56292039,56292.039,2106,0,gap,28
8456,56296094,56296.094,2096,0,gap,28
8457,56307978,56307.978,2102,0,gap,28
8458,56312052,56312.052,2091,0,gap,28
8459,56316106,56316.106,2067,0,gap,28
8460,56327986,56327.986,2087,0,gap,28
8461,56332059,56332.059,2078,0,gap,28
8462,56336136,56336.136,2060,0,gap,28
8463,56347978,56347.978,2068,0,gap,28
8464,56352069,56352.069,2046,0,gap,28
8465,56356148,56356.148,2057,0,gap,28
8466,56367986,56367.986,2054,0,gap,28
8467,56372079,56372.079,2058,0,gap,28
8468,56376180,56376.18,2035,0,gap,28
8469,56387978,56387.978,2038,0,gap,28
8470,56392090,56392.09,2035,0,gap,28
8471,56396189,56396.189,2035,0,gap,28
8472,56407986,56407.986,2022,0,gap,28
8473,56412101,56412.101,2022,0,gap,28
8474,56416222,56416.222,2017,0,gap,28
8475,56427978,56427.978,2024,0,gap,28
8476,56432115,56432.115,1998,0,gap,28
8477,56436243,56436.243,2002,0,gap,28
8478,56447986,56447.986,2000,0,gap,28
8479,56452144,56452.144,2000,0,gap,28
8480,56456301,56456.301,1985,0,gap,28
8481,56467978,56467.978,1998,0,gap,28
8482,56472150,56472.15,1986,0,gap,28
8483,56476309,56476.309,1989,0,gap,28
8484,56487990,56487.99,1984,0,gap,28
8485,56492164,56492.164,1975,0,gap,28
8486,56496341,56496.341,1973,0,gap,28
8487,56507978,56507.978,1977,0,gap,28
8488,56512170,56512.17,1962,0,gap,28
8489,56516344,56516.344,1950,0,gap,28
8490,56527986,56527.986,1955,0,gap,28
8491,56532175,56532.175,1952,0,gap,28
8492,56536372,56536.372,1951,0,gap,28
8493,56547978,56547.978,1951,0,gap,28
8494,56552189,56552.189,1936,0,gap,28
8495,56556391,56556.391,1934,0,gap,28
8496,56567986,56567.986,1949,0,gap,28
8497,56572195,56572.195,1927,0,gap,28
8498,56576411,56576.411,1936,0,gap,28
8499,56587978,56587.978,1938,0,gap,28
8500,56592209,56592.209,1921,0,gap,28
8501,56596423,56596.423,1920,0,gap,28
8502,56607986,56607.986,1921,0,gap,28
8503,56612220,56612.22,1919,0,gap,28
8504,56619239,56619.239,1900,0,gap,28
8505,56623248,56623.248,1903,0,gap,28
8506,56627986,56627.986,1899,0,gap,28
8507,56637980,56637.98,1890,0,gap,28
8508,56642005,56642.005,1905,0,gap,28
8509,56647979,56647.979,1879,0,gap,28
8510,56657988,56657.988,1875,0,gap,28
8511,56662022,56662.022,1886,0,gap,28
8512,56667987,56667.987,1872,0,gap,28
8513,56677980,56677.98,1874,0,gap,28
8514,56682025,56682.025,1886,0,gap,28
8515,56687979,56687.979,1866,0,gap,28
8516,56697992,56697.992,1879,0,gap,28
8517,56702043,56702.043,1863,0,gap,28
8518,56707987,56707.987,1863,0,gap,28
8519,56717980,56717.98,1859,0,gap,28
8520,56722049,56722.049,1842,0,gap,28
8521,56727979,56727.979,1856,0,gap,28
8522,56737988,56737.988,1861,0,gap,28
8523,56742055,56742.055,1831,0,gap,28
8524,56747987,56747.987,1854,0,gap,28
8525,56757980,56757.98,1836,0,gap,28
8526,56762066,56762.066,1833,0,gap,28
8527,56767979,56767.979,1821,0,gap,28
8528,56777988,56777.988,1837,0,gap,28
8529,56782075,56782.075,1824,0,gap,28
8530,56787987,56787.987,1811,0,gap,28
8531,56797980,56797.98,1825,0,gap,28
8532,56802091,56802.091,1811,0,gap,28
8533,56807979,56807.979,1815,0,gap,28
8534,56817987,56817.987,1809,0,gap,28
8535,56822101,56822.101,1808,0,gap,28
8536,56827987,56827.987,1802,0,gap,28
8537,56837979,56837.979,1791,0,gap,28
8538,56842115,56842.115,1791,0,gap,28
8539,56847979,56847.979,1803,0,gap,28
8540,56857987,56857.987,1807,0,gap,28
8541,56862147,56862.147,1791,0,gap,28
8542,56867987,56867.987,1789,0,gap,28
8543,56877979,56877.979,1805,0,gap,28
8544,56882150,56882.15,1777,0,gap,28
8545,56887978,56887.978,1776,0,gap,28
8546,56897987,56897.987,1781,0,gap,28
8547,56902156,56902.156,1771,0,gap,28
8548,56907990,56907.99,1775,0,gap,28
8549,56917979,56917.979,1779,0,gap,28
8550,56922165,56922.165,1759,0,gap,28
8551,56927978,56927.978,1773,0,gap,28
8552,56937987,56937.987,1765,0,gap,28
8553,56942175,56942.175,1751,0,gap,28
8554,56947986,56947.986,1751,0,gap,28
8555,56957979,56957.979,1767,0,gap,28
8556,56962189,56962.189,1745,0,gap,28
8557,56967978,56967.978,1747,0,gap,28
8558,56977987,56977.987,1758,0,gap,28
8559,56982202,56982.202,1745,0,gap,28
8560,56987986,56987.986,1731,0,gap,28
8561,56997979,56997.979,1738,0,gap,28
8562,57002204,57002.204,1738,0,gap,28
8563,57007970,57007.97,1735,0,gap,28
8564,57017991,57017.991,1727,0,gap,28
8565,57022234,57022.234,1717,0,gap,28
8566,57029240,57029.24,1734,0,gap,28
8567,57033245,57033.245,1728,0,gap,28
8568,57047987,57047.987,1739,0,gap,28
8569,57051997,57051.997,1725,0,gap,28
8570,57056016,57056.016,1719,0,gap,28
8571,57067978,57067.978,1729,0,gap,28
8572,57072007,57072.007,1712,0,gap,28
8573,57076028,57076.028,1715,0,gap,28
8574,57087986,57087.986,1713,0,gap,28
8575,57092025,57092.025,1711,0,gap,28
8576,57096064,57096.064,1700,0,gap,28
8577,57107978,57107.978,1709,0,gap,28
8578,57112028,57112.028,1705,0,gap,28
8579,57116066,57116.066,1712,0,gap,28
8580,57127990,57127.99,1717,0,gap,28
8581,57132046,57132.046,1705,0,gap,28
8582,57136105,57136.105,1703,0,gap,28
8583,57147978,57147.978,1722,0,gap,28
8584,57152052,57152.052,1687,0,gap,28
8585,57156113,57156.113,1690,0,gap,28
8586,57167986,57167.986,1714,0,gap,28
8587,57172059,57172.059,1689,0,gap,28
8588,57176136,57176.136,1686,0,gap,28
8589,57187978,57187.978,1680,0,gap,28
8590,57192069,57192.069,1677,0,gap,28
8591,57196155,57196.155,1684,0,gap,28
8592,57207986,57207.986,1674,0,gap,28
8593,57212079,57212.079,1683,0,gap,28
8594,57216180,57216.18,1670,0,gap,28
8595,57227978,57227.978,1679,0,gap,28
8596,57232099,57232.099,1673,0,gap,28
8597,57236198,57236.198,1663,0,gap,28
8598,57247986,57247.986,1671,0,gap,28
8599,57252104,57252.104,1675,0,gap,28
8600,57256226,57256.226,1657,0,gap,28
8601,57267978,57267.978,1661,0,gap,28
8602,57272123,57272.123,1648,0,gap,28
8603,57276256,57276.256,1663,0,gap,28
8604,57287986,57287.986,1662,0,gap,28
8605,57292144,57292.144,1659,0,gap,28
8606,57296301,57296.301,1653,0,gap,28
8607,57307978,57307.978,1652,0,gap,28
8608,57312154,57312.154,1643,0,gap,28
8609,57316312,57316.312,1633,0,gap,28
8610,57327986,57327.986,1659,0,gap,28
8611,57332159,57332.159,1648,0,gap,28
8612,57336344,57336.344,1634,0,gap,28
8613,57347978,57347.978,1651,0,gap,28
8614,57352169,57352.169,1636,0,gap,28
8615,57356351,57356.351,1618,0,gap,28
8616,57367986,57367.986,1637,0,gap,28
8617,57372179,57372.179,1623,0,gap,28
8618,57376383,57376.383,1635,0,gap,28
8619,57387978,57387.978,1639,0,gap,28
8620,57392193,57392.193,1623,0,gap,28
8621,57396394,57396.394,1622,0,gap,28
8622,57407986,57407.986,1638,0,gap,28
8623,57412206,57412.206,1625,0,gap,28
8624,57416426,57416.426,1623,0,gap,28
8625,57427978,57427.978,1634,0,gap,28
8626,57432208,57432.208,1606,0,gap,28
8627,57436429,57436.429,1600,0,gap,28
8628,57447990,57447.99,1625,0,gap,28
8629,57455001,57455.001,1630,0,gap,28
8630,57459024,57459.024,1616,0,gap,28
8631,57467978,57467.978,1613,0,gap,28
8632,57472004,57472.004,1611,0,gap,28
8633,57477979,57477.979,1620,0,gap,28
8634,57487987,57487.987,1600,0,gap,28
8635,57492010,57492.01,1599,0,gap,28
8636,57497987,57497.987,1609,0,gap,28
8637,57507979,57507.979,1600,0,gap,28
8638,57512020,57512.02,1594,0,gap,28
8639,57517979,57517.979,1601,0,gap,28
8640,57527987,57527.987,1616,0,gap,28
8641,57532031,57532.031,1593,0,gap,28
8642,57537986,57537.986,1585,0,gap,28
8643,57547979,57547.979,1600,0,gap,28
8644,57552045,57552.045,1586,0,gap,28
8645,57557978,57557.978,1598,0,gap,28
8646,57567987,57567.987,1604,0,gap,28
8647,57572054,57572.054,1585,0,gap,28
8648,57577986,57577.986,1593,0,gap,28
8649,57587979,57587.979,1591,0,gap,28
8650,57592070,57592.07,1586,0,gap,28
8651,57597978,57597.978,1584,0,gap,28
8652,57607987,57607.987,1585,0,gap,28
8653,57612071,57612.071,1565,0,gap,28
8654,57617986,57617.986,1570,0,gap,28
8655,57627979,57627.979,1594,0,gap,28
8656,57632086,57632.086,1568,0,gap,28
8657,57637978,57637.978,1569,0,gap,28
8658,57647987,57647.987,1581,0,gap,28
8659,57652092,57652.092,1554,0,gap,28
8660,57657978,57657.978,1565,0,gap,28
8661,57667979,57667.979,1579,0,gap,28
8662,57672103,57672.103,1559,0,gap,28
8663,57677966,57677.966,1569,0,gap,28
8664,57687987,57687.987,1574,0,gap,28
8665,57692125,57692.125,1555,0,gap,28
8666,57696284,57696.284,1557,0,gap,28
8667,57707980,57707.98,1556,0,gap,28
8668,57712143,57712.143,1577,0,gap,28
8669,57716298,57716.298,1561,0,gap,28
8670,57727988,57727.988,1567,0,gap,28
8671,57732161,57732.161,1535,0,gap,28
8672,57736333,57736.333,1585,1,pulse,29
8673,57747989,57747.989,4095,1,pulse,29
8674,57752113,57752.113,4095,1,pulse,29
8675,57757974,57757.974,4095,1,pulse,29
8676,57767983,57767.983,4095,1,pulse,29
8677,57772105,57772.105,4095,1,pulse,29
8678,57777983,57777.983,4095,0,gap,29
8679,57787988,57787.988,2848,0,gap,29
8680,57792216,57792.216,2818,0,gap,29
8681,57797978,57797.978,2774,0,gap,29
8682,57807987,57807.987,2751,0,gap,29
8683,57812205,57812.205,2721,0,gap,29
8684,57817986,57817.986,2708,0,gap,29
8685,57827979,57827.979,2695,0,gap,29
8686,57832219,57832.219,2685,0,gap,29
8687,57837978,57837.978,2661,0,gap,29
8688,57847987,57847.987,2651,0,gap,29
8689,57852220,57852.22,2631,0,gap,29
8690,57857974,57857.974,2618,0,gap,29
8691,57864984,57864.984,2614,0,gap,29
8692,57877987,57877.987,2621,0,gap,29
8693,57882015,57882.015,2607,0,gap,29
8694,57886039,57886.039,2594,0,gap,29
8695,57897978,57897.978,2586,0,gap,29
8696,57902022,57902.022,2559,0,gap,29
8697,57906048,57906.048,2559,0,gap,29
8698,57917986,57917.986,2559,0,gap,29
8699,57922027,57922.027,2545,0,gap,29
8700,57926068,57926.068,2533,0,gap,29
8701,57937978,57937.978,2525,0,gap,29
8702,57942038,57942.038,2507,0,gap,29
8703,57946085,57946.085,2518,0,gap,29
8704,57957986,57957.986,2504,0,gap,29
8705,57962044,57962.044,2512,0,gap,29
8706,57966106,57966.106,2480,0,gap,29
8707,57977982,57977.982,2490,0,gap,29
8708,57982062,57982.062,2467,0,gap,29
8709,57986129,57986.129,2459,0,gap,29
8710,57997986,57997.986,2459,0,gap,29
8711,58002069,58002.069,2453,0,gap,29
8712,58006160,58006.16,2447,0,gap,29
8713,58017978,58017.978,2431,0,gap,29
8714,58022079,58022.079,2426,0,gap,29
8715,58026168,58026.168,2431,0,gap,29
8716,58037986,58037.986,2413,0,gap,29
8717,58042085,58042.085,2406,0,gap,29
8718,58046196,58046.196,2413,0,gap,29
8719,58057978,58057.978,2395,0,gap,29
8720,58062099,58062.099,2387,0,gap,29
8721,58066205,58066.205,2382,0,gap,29
8722,58077986,58077.986,2377,0,gap,29
8723,58082111,58082.111,2354,0,gap,29
8724,58086238,58086.238,2354,0,gap,29
8725,58097978,58097.978,2365,0,gap,29
8726,58102125,58102.125,2343,0,gap,29
8727,58106263,58106.263,2340,0,gap,29
8728,58117990,58117.99,2338,0,gap,29
8729,58122154,58122.154,2338,0,gap,29
8730,58126317,58126.317,2332,0,gap,29
8731,58137978,58137.978,2320,0,gap,29
8732,58142156,58142.156,2309,0,gap,29
8733,58146321,58146.321,2305,0,gap,29
8734,58157986,58157.986,2311,0,gap,29
8735,58162169,58162.169,2309,0,gap,29
8736,58166356,58166.356,2279,0,gap,29
8737,58177978,58177.978,2288,0,gap,29
8738,58182175,58182.175,2273,0,gap,29
8739,58186368,58186.368,2285,0,gap,29
8740,58197986,58197.986,2276,0,gap,29
8741,58202185,58202.185,2269,0,gap,29
8742,58206387,58206.387,2265,0,gap,29
8743,58217978,58217.978,2246,0,gap,29
8744,58222203,58222.203,2241,0,gap,29
8745,58226407,58226.407,2240,0,gap,29
8746,58237986,58237.986,2231,0,gap,29
8747,58242208,58242.208,2224,0,gap,29
8748,58246430,58246.43,2221,0,gap,29
8749,58257978,58257.978,2225,0,gap,29
8750,58262218,58262.218,2199,0,gap,29
8751,58266446,58266.446,2193,0,gap,29
8752,58277986,58277.986,2209,0,gap,29
8753,58282221,58282.221,2188,0,gap,29
8754,58289251,58289.251,2175,0,gap,29
8755,58293269,58293.269,2166,0,gap,29
8756,58307970,58307.97,2160,0,gap,29
8757,58311989,58311.989,2165,0,gap,29
8758,58316019,58316.019,2155,0,gap,29
8759,58327978,58327.978,2144,0,gap,29
8760,58332031,58332.031,2143,0,gap,29
8761,58336059,58336.059,2129,0,gap,29
8762,58347986,58347.986,2128,0,gap,29
8763,58352025,58352.025,2113,0,gap,29
8764,58356076,58356.076,2117,0,gap,29
8765,58367978,58367.978,2114,0,gap,29
8766,58372048,58372.048,2096,0,gap,29
8767,58376096,58376.096,2081,0,gap,29
8768,58387986,58387.986,2095,0,gap,29
8769,58392050,58392.05,2089,0,gap,29
8770,58396120,58396.12,2077,0,gap,29
8771,58407982,58407.982,2069,0,gap,29
8772,58412072,58412.072,2053,0,gap,29
8773,58416137,58416.137,2039,0,gap,29
8774,58427986,58427.986,2035,0,gap,29
8775,58432071,58432.071,2038,0,gap,29
8776,58436171,58436.171,2023,0,gap,29
8777,58447978,58447.978,2012,0,gap,29
8778,58452085,58452.085,2000,0,gap,29
8779,58456170,58456.17,2003,0,gap,29
8780,58467986,58467.986,1999,0,gap,29
8781,58472091,58472.091,1982,0,gap,29
8782,58476212,58476.212,1990,0,gap,29
8783,58487978,58487.978,1984,0,gap,29
8784,58492110,58492.11,1972,0,gap,29
8785,58496221,58496.221,1963,0,gap,29
8786,58507986,58507.986,1965,0,gap,29
8787,58512112,58512.112,1954,0,gap,29
8788,58516246,58516.246,1962,0,gap,29
8789,58527978,58527.978,1945,0,gap,29
8790,58532134,58532.134,1926,0,gap,29
8791,58536292,58536.292,1911,0,gap,29
8792,58547990,58547.99,1930,0,gap,29
8793,58552156,58552.156,1922,0,gap,29
8794,58556328,58556.328,1915,0,gap,29
8795,58567978,58567.978,1906,0,gap,29
8796,58572165,58572.165,1888,0,gap,29
8797,58576332,58576.332,1887,0,gap,29
8798,58587986,58587.986,1887,0,gap,29
8799,58592171,58592.171,1888,0,gap,29
8800,58596367,58596.367,1877,0,gap,29
8801,58607978,58607.978,1867,0,gap,29
8802,58612185,58612.185,1865,0,gap,29
8803,58616375,58616.375,1872,0,gap,29
8804,58627986,58627.986,1853,0,gap,29
8805,58632186,58632.186,1857,0,gap,29
8806,58636398,58636.398,1839,0,gap,29
8807,58647978,58647.978,1841,0,gap,29
8808,58652212,58652.212,1821,0,gap,29
8809,58656418,58656.418,1839,0,gap,29
8810,58667986,58667.986,1834,0,gap,29
8811,58672206,58672.206,1819,0,gap,29
8812,58676441,58676.441,1806,0,gap,29
8813,58687978,58687.978,1822,0,gap,29
8814,58692232,58692.232,1801,0,gap,29
8815,58696461,58696.461,1795,0,gap,29
8816,58703517,58703.517,1789,0,gap,29
8817,58717970,58717.97,1793,0,gap,29
8818,58722001,58722.001,1775,0,gap,29
8819,58726017,58726.017,1773,0,gap,29
8820,58737986,58737.986,1776,0,gap,29
8821,58742010,58742.01,1776,0,gap,29
8822,58746045,58746.045,1759,0,gap,29
8823,58757978,58757.978,1767,0,gap,29
8824,58762036,58762.036,1744,0,gap,29
8825,58766065,58766.065,1763,0,gap,29
8826,58777986,58777.986,1753,0,gap,29
8827,58782030,58782.03,1745,0,gap,29
8828,58786090,58786.09,1729,0,gap,29
8829,58797978,58797.978,1744,0,gap,29
8830,58802053,58802.053,1723,0,gap,29
8831,58806107,58806.107,1708,0,gap,29
8832,58817986,58817.986,1741,0,gap,29
8833,58822051,58822.051,1712,0,gap,29
8834,58826126,58826.126,1712,0,gap,29
8835,58837982,58837.982,1714,0,gap,29
8836,58842077,58842.077,1705,0,gap,29
8837,58846148,58846.148,1688,0,gap,29
8838,58857986,58857.986,1691,0,gap,29
8839,58862076,58862.076,1694,0,gap,29
8840,58866181,58866.181,1687,0,gap,29
8841,58877978,58877.978,1680,0,gap,29
8842,58882090,58882.09,1669,0,gap,29
8843,58886181,58886.181,1669,0,gap,29
8844,58897986,58897.986,1664,0,gap,29
8845,58902092,58902.092,1651,0,gap,29
8846,58906214,58906.214,1659,0,gap,29
8847,58917978,58917.978,1666,0,gap,29
8848,58922115,58922.115,1647,0,gap,29
8849,58926231,58926.231,1639,0,gap,29
8850,58937986,58937.986,1647,0,gap,29
8851,58942129,58942.129,1630,0,gap,29
8852,58946279,58946.279,1611,0,gap,29
8853,58957978,58957.978,1633,0,gap,29
8854,58962151,58962.151,1621,0,gap,29
8855,58966306,58966.306,1610,0,gap,29
8856,58977990,58977.99,1634,0,gap,29
8857,58982160,58982.16,1619,0,gap,29
8858,58986338,58986.338,1605,0,gap,29
8859,58997978,58997.978,1616,0,gap,29
8860,59002170,59002.17,1587,0,gap,29
8861,59006341,59006.341,1577,0,gap,29
8862,59017986,59017.986,1590,0,gap,29
8863,59022176,59022.176,1578,0,gap,29
8864,59026377,59026.377,1569,0,gap,29
8865,59037978,59037.978,1569,0,gap,29
8866,59042190,59042.19,1535,0,gap,29
8867,59046388,59046.388,1535,0,gap,29
8868,59057986,59057.986,1555,0,gap,29
8869,59062191,59062.191,1535,0,gap,29
8870,59066412,59066.412,1535,0,gap,29
8871,59077978,59077.978,1526,0,gap,29
8872,59082217,59082.217,1517,0,gap,29
8873,59086428,59086.428,1520,0,gap,29
8874,59097986,59097.986,1520,0,gap,29
8875,59102211,59102.211,1497,0,gap,29
8876,59106448,59106.448,1479,0,gap,29
8877,59117978,59117.978,1509,0,gap,29
8878,59122234,59122.234,1481,0,gap,29
8879,59129234,59129.234,1488,0,gap,29
8880,59133260,59133.26,1472,0,gap,29
8881,59137979,59137.979,1463,0,gap,29
8882,59147988,59147.988,1463,0,gap,29
8883,59152019,59152.019,1454,0,gap,29
8884,59157987,59157.987,1434,0,gap,29
8885,59167980,59167.98,1445,0,gap,29
8886,59172029,59172.029,1438,0,gap,29
8887,59177979,59177.979,1439,0,gap,29
8888,59187992,59187.992,1424,0,gap,29
8889,59192035,59192.035,1424,0,gap,29
8890,59197987,59197.987,1413,0,gap,29
8891,59207980,59207.98,1405,0,gap,29
8892,59212050,59212.05,1411,0,gap,29
8893,59217979,59217.979,1392,0,gap,29
8894,59227988,59227.988,1392,0,gap,29
8895,59232055,59232.055,1392,0,gap,29
8896,59237987,59237.987,1386,0,gap,29
8897,59247980,59247.98,1392,0,gap,29
8898,59252070,59252.07,1371,0,gap,29
8899,59257983,59257.983,1361,0,gap,29
8900,59267988,59267.988,1360,0,gap,29
8901,59272076,59272.076,1355,0,gap,29
8902,59277987,59277.987,1350,0,gap,29
8903,59287980,59287.98,1345,0,gap,29
8904,59292094,59292.094,1335,0,gap,29
8905,59297979,59297.979,1333,0,gap,29
8906,59307988,59307.988,1328,0,gap,29
8907,59312096,59312.096,1339,0,gap,29
8908,59317987,59317.987,1325,0,gap,29
8909,59327979,59327.979,1313,0,gap,29
8910,59332111,59332.111,1315,0,gap,29
8911,59337979,59337.979,1296,0,gap,29
8912,59347987,59347.987,1313,0,gap,29
8913,59352121,59352.121,1296,0,gap,29
8914,59357987,59357.987,1296,0,gap,29
8915,59367983,59367.983,1296,0,gap,29
8916,59372149,59372.149,1264,0,gap,29
8917,59377978,59377.978,1287,0,gap,29
8918,59387987,59387.987,1284,0,gap,29
8919,59392160,59392.16,1271,0,gap,29
8920,59397990,59397.99,1274,0,gap,29
8921,59407979,59407.979,1249,0,gap,29
8922,59412166,59412.166,1267,0,gap,29
8923,59417978,59417.978,1250,0,gap,29
8924,59427987,59427.987,1263,0,gap,29
8925,59432180,59432.18,1259,0,gap,29
8926,59437986,59437.986,1239,0,gap,29
8927,59447979,59447.979,1254,0,gap,29
8928,59452189,59452.189,1250,0,gap,29
8929,59457978,59457.978,1232,0,gap,29
8930,59467987,59467.987,1243,0,gap,29
8931,59472199,59472.199,1231,0,gap,29
8932,59477986,59477.986,1232,0,gap,29
8933,59487979,59487.979,1253,0,gap,29
8934,59492205,59492.205,1222,0,gap,29
8935,59497978,59497.978,1234,0,gap,29
8936,59507991,59507.991,1232,0,gap,29
8937,59512222,59512.222,1232,0,gap,29
8938,59517970,59517.97,1238,0,gap,29
8939,59527979,59527.979,1251,0,gap,29
8940,59532225,59532.225,1223,0,gap,29
8941,59539233,59539.233,1232,0,gap,29
8942,59543257,59543.257,1234,0,gap,29
8943,59557979,59557.979,1251,0,gap,29
8944,59562012,59562.012,1232,0,gap,29
8945,59566028,59566.028,1232,0,gap,29
8946,59577986,59577.986,1241,0,gap,29
8947,59582022,59582.022,1232,0,gap,29
8948,59586060,59586.06,1244,0,gap,29
8949,59597978,59597.978,1252,0,gap,29
8950,59602027,59602.027,1231,0,gap,29
8951,59606067,59606.067,1222,0,gap,29
8952,59617990,59617.99,1258,0,gap,29
8953,59622045,59622.045,1244,0,gap,29
8954,59626101,59626.101,1232,0,gap,29
8955,59637978,59637.978,1246,0,gap,29
8956,59642052,59642.052,1219,0,gap,29
8957,59646110,59646.11,1243,0,gap,29
8958,59657986,59657.986,1247,0,gap,29
8959,59662062,59662.062,1237,0,gap,29
8960,59666141,59666.141,1225,0,gap,29
8961,59677978,59677.978,1242,0,gap,29
8962,59682069,59682.069,1227,0,gap,29
8963,59686151,59686.151,1231,0,gap,29
8964,59697986,59697.986,1238,0,gap,29
8965,59702083,59702.083,1242,0,gap,29
8966,59706179,59706.179,1222,0,gap,29
8967,59717978,59717.978,1239,0,gap,29
8968,59722097,59722.097,1221,0,gap,29
8969,59726195,59726.195,1232,0,gap,29
8970,59737986,59737.986,1235,0,gap,29
8971,59742100,59742.1,1218,0,gap,29
8972,59746217,59746.217,1230,0,gap,29
8973,59757978,59757.978,1232,0,gap,29
8974,59762114,59762.114,1231,0,gap,29
8975,59766237,59766.237,1218,0,gap,29
8976,59777986,59777.986,1231,0,gap,29
8977,59782132,59782.132,1233,0,gap,29
8978,59786283,59786.283,1218,0,gap,29
8979,59797982,59797.982,1243,0,gap,29
8980,59802158,59802.158,1217,0,gap,29
8981,59806321,59806.321,1219,0,gap,29
8982,59817986,59817.986,1245,0,gap,29
8983,59822164,59822.164,1225,0,gap,29
8984,59826348,59826.348,1207,0,gap,29
8985,59837978,59837.978,1232,0,gap,29
8986,59842169,59842.169,1209,0,gap,29
8987,59846348,59846.348,1218,0,gap,29
8988,59857986,59857.986,1213,0,gap,29
8989,59862179,59862.179,1219,0,gap,29
8990,59866379,59866.379,1219,0,gap,29
8991,59877978,59877.978,1237,0,gap,29
8992,59882193,59882.193,1204,0,gap,29
8993,59886391,59886.391,1194,0,gap,29
8994,59897986,59897.986,1232,1,pulse,30
8995,59902298,59902.298,4095,1,pulse,30
8996,59906455,59906.455,4095,1,pulse,30
8997,59917975,59917.975,4095,1,pulse,30
8998,59922142,59922.142,4095,1,pulse,30
8999,59926297,59926.297,4095,1,pulse,30
9000,59937983,59937.983,4095,0,gap,30
9001,59942378,59942.378,3009,0,gap,30
9002,59946640,59946.64,2886,0,gap,30
9003,59957979,59957.979,2786,0,gap,30
9004,59965000,59965.0,2734,0,gap,30
9005,59969038,59969.038,2726,0,gap,30
9006,59977986,59977.986,2704,0,gap,30
9007,59982028,59982.028,2680,0,gap,30
9008,59987987,59987.987,2663,0,gap,30
9009,59997979,59997.979,2666,0,gap,30
9010,60002042,60002.042,2640,0,gap,30
9011,60007979,60007.979,2630,0,gap,30
9012,60017987,60017.987,2624,0,gap,30
9013,60022048,60022.048,2602,0,gap,30
9014,60027986,60027.986,2603,0,gap,30
9015,60037983,60037.983,2579,0,gap,30
9016,60042063,60042.063,2559,0,gap,30
9017,60047978,60047.978,2559,0,gap,30
9018,60057987,60057.987,2548,0,gap,30
9019,60062069,60062.069,2559,0,gap,30
9020,60067986,60067.986,2533,0,gap,30
9021,60077979,60077.979,2539,0,gap,30
9022,60082079,60082.079,2514,0,gap,30
9023,60087978,60087.978,2528,0,gap,30
9024,60097987,60097.987,2512,0,gap,30
9025,60102086,60102.086,2509,0,gap,30
9026,60107986,60107.986,2494,0,gap,30
9027,60117979,60117.979,2491,0,gap,30
9028,60122104,60122.104,2489,0,gap,30
9029,60127978,60127.978,2474,0,gap,30
9030,60137987,60137.987,2459,0,gap,30
9031,60142109,60142.109,2455,0,gap,30
9032,60147986,60147.986,2447,0,gap,30
9033,60157979,60157.979,2448,0,gap,30
9034,60162125,60162.125,2435,0,gap,30
9035,60167966,60167.966,2422,0,gap,30
9036,60177987,60177.987,2417,0,gap,30
9037,60182130,60182.13,2421,0,gap,30
9038,60186285,60186.285,2407,0,gap,30
9039,60197980,60197.98,2416,0,gap,30
9040,60202154,60202.154,2388,0,gap,30
9041,60206313,60206.313,2379,0,gap,30
9042,60217988,60217.988,2383,0,gap,30
9043,60222168,60222.168,2385,0,gap,30
9044,60226359,60226.359,2365,0,gap,30
9045,60237980,60237.98,2365,0,gap,30
9046,60242185,60242.185,2359,0,gap,30
9047,60246374,60246.374,2351,0,gap,30
9048,60257988,60257.988,2352,0,gap,30
9049,60262187,60262.187,2352,0,gap,30
9050,60266397,60266.397,2333,0,gap,30
9051,60277980,60277.98,2336,0,gap,30
9052,60282205,60282.205,2319,0,gap,30
9053,60286413,60286.413,2310,0,gap,30
9054,60297987,60297.987,2333,0,gap,30
9055,60302206,60302.206,2307,0,gap,30
9056,60306436,60306.436,2290,0,gap,30
9057,60317979,60317.979,2299,0,gap,30
9058,60322228,60322.228,2293,0,gap,30
9059,60326452,60326.452,2283,0,gap,30
9060,60337987,60337.987,2282,0,gap,30
9061,60342225,60342.225,2278,0,gap,30
9062,60346475,60346.475,2266,0,gap,30
9063,60357983,60357.983,2271,0,gap,30
9064,60362247,60362.247,2259,0,gap,30
9065,60366490,60366.49,2240,0,gap,30
9066,60377987,60377.987,2243,0,gap,30
9067,60384997,60384.997,2250,0,gap,30
9068,60389050,60389.05,2231,0,gap,30
9069,60397978,60397.978,2240,0,gap,30
9070,60402032,60402.032,2215,0,gap,30
9071,60407979,60407.979,2217,0,gap,30
9072,60417987,60417.987,2221,0,gap,30
9073,60422034,60422.034,2193,0,gap,30
9074,60427987,60427.987,2198,0,gap,30
9075,60437979,60437.979,2192,0,gap,30
9076,60442052,60442.052,2194,0,gap,30
9077,60447978,60447.978,2183,0,gap,30
9078,60457987,60457.987,2192,0,gap,30
9079,60462059,60462.059,2181,0,gap,30
9080,60467986,60467.986,2175,0,gap,30
9081,60477979,60477.979,2159,0,gap,30
9082,60482073,60482.073,2165,0,gap,30
9083,60487978,60487.978,2157,0,gap,30
9084,60497987,60497.987,2153,0,gap,30
9085,60502078,60502.078,2135,0,gap,30
9086,60507986,60507.986,2143,0,gap,30
9087,60517979,60517.979,2134,0,gap,30
9088,60522090,60522.09,2140,0,gap,30
9089,60527978,60527.978,2128,0,gap,30
9090,60537987,60537.987,2132,0,gap,30
9091,60542099,60542.099,2114,0,gap,30
9092,60547986,60547.986,2112,0,gap,30
9093,60557979,60557.979,2112,0,gap,30
9094,60562110,60562.11,2109,0,gap,30
9095,60567982,60567.982,2102,0,gap,30
9096,60577987,60577.987,2101,0,gap,30
9097,60582117,60582.117,2096,0,gap,30
9098,60587970,60587.97,2083,0,gap,30
9099,60597979,60597.979,2091,0,gap,30
9100,60602135,60602.135,2085,0,gap,30
9101,60606278,60606.278,2065,0,gap,30
9102,60617988,60617.988,2071,0,gap,30
9103,60622146,60622.146,2062,0,gap,30
9104,60626327,60626.327,2059,0,gap,30
9105,60637980,60637.98,2078,0,gap,30
9106,60642179,60642.179,2064,0,gap,30
9107,60646354,60646.354,2043,0,gap,30
9108,60657988,60657.988,2058,0,gap,30
9109,60662177,60662.177,2042,0,gap,30
9110,60666377,60666.377,2031,0,gap,30
9111,60677984,60677.984,2042,0,gap,30
9112,60682199,60682.199,2035,0,gap,30
9113,60686393,60686.393,2003,0,gap,30
9114,60697988,60697.988,2030,0,gap,30
9115,60702196,60702.196,2007,0,gap,30
9116,60706416,60706.416,2001,0,gap,30
9117,60717980,60717.98,2007,0,gap,30
9118,60722214,60722.214,2009,0,gap,30
9119,60726428,60726.428,1989,0,gap,30
9120,60737987,60737.987,1994,0,gap,30
9121,60742216,60742.216,1994,0,gap,30
9122,60746459,60746.459,1985,0,gap,30
9123,60757979,60757.979,1979,0,gap,30
9124,60762233,60762.233,1985,0,gap,30
9125,60766467,60766.467,1990,0,gap,30
9126,60777987,60777.987,1969,0,gap,30
9127,60782239,60782.239,1963,0,gap,30
9128,60786498,60786.498,1953,0,gap,30
9129,60797979,60797.979,1975,0,gap,30
9130,60804867,60804.867,1953,0,gap,30
9131,60808904,60808.904,1951,0,gap,30
9132,60817986,60817.986,1957,0,gap,30
9133,60822028,60822.028,1934,0,gap,30
9134,60827987,60827.987,1936,0,gap,30
9135,60837979,60837.979,1944,0,gap,30
9136,60842042,60842.042,1922,0,gap,30
9137,60847978,60847.978,1911,0,gap,30
9138,60857987,60857.987,1933,0,gap,30
9139,60862044,60862.044,1911,0,gap,30
9140,60867986,60867.986,1923,0,gap,30
9141,60877979,60877.979,1920,0,gap,30
9142,60882059,60882.059,1899,0,gap,30
9143,60887982,60887.982,1903,0,gap,30
9144,60897987,60897.987,1907,0,gap,30
9145,60902069,60902.069,1904,0,gap,30
9146,60907986,60907.986,1897,0,gap,30
9147,60917979,60917.979,1898,0,gap,30
9148,60922079,60922.079,1886,0,gap,30
9149,60927978,60927.978,1876,0,gap,30
9150,60937987,60937.987,1892,0,gap,30
9151,60942089,60942.089,1874,0,gap,30
9152,60947986,60947.986,1876,0,gap,30
9153,60957979,60957.979,1884,0,gap,30
9154,60962104,60962.104,1868,0,gap,30
9155,60967970,60967.97,1885,0,gap,30
9156,60977987,60977.987,1872,0,gap,30
9157,60982110,60982.11,1855,0,gap,30
9158,60987970,60987.97,1865,0,gap,30
9159,60997983,60997.983,1874,0,gap,30
9160,61002125,61002.125,1841,0,gap,30
9161,61006255,61006.255,1837,0,gap,30
9162,61017988,61017.988,1857,0,gap,30
9163,61022132,61022.132,1840,0,gap,30
9164,61026283,61026.283,1838,0,gap,30
9165,61037980,61037.98,1846,0,gap,30
9166,61042156,61042.156,1833,0,gap,30
9167,61046325,61046.325,1827,0,gap,30
9168,61057988,61057.988,1830,0,gap,30
9169,61062171,61062.171,1823,0,gap,30
9170,61066363,61066.363,1825,0,gap,30
9171,61077980,61077.98,1831,0,gap,30
9172,61082181,61082.181,1811,0,gap,30
9173,61086370,61086.37,1813,0,gap,30
9174,61097988,61097.988,1808,0,gap,30
9175,61102195,61102.195,1815,0,gap,30
9176,61106402,61106.402,1791,0,gap,30
9177,61117979,61117.979,1819,0,gap,30
9178,61122201,61122.201,1789,0,gap,30
9179,61126409,61126.409,1798,0,gap,30
9180,61137987,61137.987,1806,0,gap,30
9181,61142214,61142.214,1795,0,gap,30
9182,61146440,61146.44,1776,0,gap,30
9183,61157979,61157.979,1791,0,gap,30
9184,61162220,61162.22,1778,0,gap,30
9185,61166448,61166.448,1779,0,gap,30
9186,61177987,61177.987,1782,0,gap,30
9187,61182229,61182.229,1780,0,gap,30
9188,61186475,61186.475,1778,0,gap,30
9189,61197979,61197.979,1771,0,gap,30
9190,61202239,61202.239,1771,0,gap,30
9191,61206491,61206.491,1753,0,gap,30
9192,61213522,61213.522,1762,0,gap,30
9193,61227979,61227.979,1781,0,gap,30
9194,61232020,61232.02,1759,0,gap,30
9195,61236046,61236.046,1747,0,gap,30
9196,61247986,61247.986,1776,0,gap,30
9197,61252032,61252.032,1757,0,gap,30
9198,61256084,61256.084,1746,0,gap,30
9199,61267978,61267.978,1763,0,gap,30
9200,61272046,61272.046,1743,0,gap,30
9201,61276092,61276.092,1742,0,gap,30
9202,61287986,61287.986,1753,0,gap,30
9203,61292048,61292.048,1744,0,gap,30
9204,61296121,61296.121,1744,0,gap,30
9205,61307978,61307.978,1734,0,gap,30
9206,61312067,61312.067,1727,0,gap,30
9207,61316150,61316.15,1744,0,gap,30
9208,61327986,61327.986,1738,0,gap,30
9209,61332068,61332.068,1738,0,gap,30
9210,61336162,61336.162,1723,0,gap,30
9211,61347978,61347.978,1733,0,gap,30
9212,61352087,61352.087,1721,0,gap,30
9213,61356179,61356.179,1717,0,gap,30
9214,61367986,61367.986,1718,0,gap,30
9215,61372090,61372.09,1715,0,gap,30
9216,61376204,61376.204,1712,0,gap,30
9217,61387978,61387.978,1711,0,gap,30
9218,61392111,61392.111,1700,0,gap,30
9219,61396220,61396.22,1710,0,gap,30
9220,61407986,61407.986,1705,0,gap,30
9221,61412110,61412.11,1695,0,gap,30
9222,61416245,61416.245,1685,0,gap,30
9223,61427982,61427.982,1698,0,gap,30
9224,61432133,61432.133,1687,0,gap,30
9225,61436262,61436.262,1687,0,gap,30
9226,61447986,61447.986,1702,0,gap,30
9227,61452135,61452.135,1686,0,gap,30
9228,61456298,61456.298,1675,0,gap,30
9229,61467978,61467.978,1697,0,gap,30
9230,61472168,61472.168,1665,0,gap,30
9231,61476337,61476.337,1671,0,gap,30
9232,61487986,61487.986,1689,0,gap,30
9233,61492170,61492.17,1662,0,gap,30
9234,61496369,61496.369,1675,0,gap,30
9235,61507978,61507.978,1674,0,gap,30
9236,61512188,61512.188,1669,0,gap,30
9237,61516376,61516.376,1679,0,gap,30
9238,61527986,61527.986,1663,0,gap,30
9239,61532194,61532.194,1661,0,gap,30
9240,61536408,61536.408,1662,0,gap,30
9241,61547978,61547.978,1665,0,gap,30
9242,61552207,61552.207,1648,0,gap,30
9243,61556415,61556.415,1662,0,gap,30
9244,61567986,61567.986,1655,0,gap,30
9245,61572213,61572.213,1649,0,gap,30
9246,61576447,61576.447,1641,0,gap,30
9247,61587978,61587.978,1658,0,gap,30
9248,61592227,61592.227,1647,0,gap,30
9249,61596454,61596.454,1638,0,gap,30
9250,61607986,61607.986,1634,0,gap,30
9251,61612228,61612.228,1647,0,gap,30
9252,61616482,61616.482,1632,0,gap,30
9253,61627978,61627.978,1649,0,gap,30
9254,61632247,61632.247,1645,0,gap,30
9255,61639264,61639.264,1629,0,gap,30
9256,61643304,61643.304,1647,0,gap,30
9257,61657966,61657.966,1648,0,gap,30
9258,61662024,61662.024,1627,0,gap,30
9259,61666060,61666.06,1644,0,gap,30
9260,61677986,61677.986,1643,0,gap,30
9261,61682038,61682.038,1648,0,gap,30
9262,61686096,61686.096,1627,0,gap,30
9263,61697978,61697.978,1647,0,gap,30
9264,61702051,61702.051,1620,0,gap,30
9265,61706104,61706.104,1616,0,gap,30
9266,61717986,61717.986,1633,0,gap,30
9267,61722054,61722.054,1631,0,gap,30
9268,61726134,61726.134,1615,0,gap,30
9269,61737978,61737.978,1617,0,gap,30
9270,61742073,61742.073,1601,0,gap,30
9271,61746150,61746.15,1614,0,gap,30
9272,61757986,61757.986,1613,0,gap,30
9273,61762074,61762.074,1626,0,gap,30
9274,61766174,61766.174,1617,0,gap,30
9275,61777978,61777.978,1611,0,gap,30
9276,61782090,61782.09,1612,0,gap,30
9277,61786192,61786.192,1606,0,gap,30
9278,61797986,61797.986,1605,0,gap,30
9279,61802099,61802.099,1604,0,gap,30
9280,61806216,61806.216,1600,0,gap,30
9281,61817978,61817.978,1616,0,gap,30
9282,61822113,61822.113,1591,0,gap,30
9283,61826232,61826.232,1584,0,gap,30
9284,61837986,61837.986,1594,0,gap,30
9285,61842120,61842.12,1587,0,gap,30
9286,61846258,61846.258,1590,0,gap,30
9287,61857982,61857.982,1595,0,gap,30
9288,61862134,61862.134,1589,0,gap,30
9289,61866277,61866.277,1610,1,pulse,31
9290,61877995,61877.995,4095,1,pulse,31
9291,61882095,61882.095,4095,1,pulse,31
9292,61886204,61886.204,4095,1,pulse,31
9293,61897975,61897.975,4095,1,pulse,31
9294,61902100,61902.1,4095,1,pulse,31
9295,61906213,61906.213,4095,0,gap,31
9296,61917996,61917.996,2810,0,gap,31
9297,61922211,61922.211,2789,0,gap,31
9298,61926418,61926.418,2757,0,gap,31
9299,61937979,61937.979,2707,0,gap,31
9300,61942200,61942.2,2705,0,gap,31
9301,61946408,61946.408,2703,0,gap,31
9302,61957991,61957.991,2675,0,gap,31
9303,61962214,61962.214,2671,0,gap,31
9304,61966440,61966.44,2645,0,gap,31
9305,61977979,61977.979,2653,0,gap,31
9306,61982219,61982.219,2635,0,gap,31
9307,61986451,61986.451,2607,0,gap,31
9308,61997986,61997.986,2620,0,gap,31
9309,62002229,62002.229,2608,0,gap,31
9310,62006474,62006.474,2598,0,gap,31
9311,62017978,62017.978,2559,0,gap,31
9312,62022239,62022.239,2559,0,gap,31
9313,62026490,62026.49,2547,0,gap,31
9314,62037986,62037.986,2559,0,gap,31
9315,62042248,62042.248,2535,0,gap,31
9316,62046514,62046.514,2523,0,gap,31
9317,62053546,62053.546,2521,0,gap,31
9318,62067990,62067.99,2541,0,gap,31
9319,62072042,62072.042,2517,0,gap,31
9320,62076090,62076.09,2512,0,gap,31
9321,62087978,62087.978,2513,0,gap,31
9322,62092042,62092.042,2485,0,gap,31
9323,62096096,62096.096,2479,0,gap,31
9324,62107986,62107.986,2479,0,gap,31
9325,62112052,62112.052,2477,0,gap,31
9326,62116120,62116.12,2470,0,gap,31
9327,62127978,62127.978,2460,0,gap,31
9328,62132062,62132.062,2448,0,gap,31
9329,62136137,62136.137,2448,0,gap,31
9330,62147986,62147.986,2434,0,gap,31
9331,62152073,62152.073,2445,0,gap,31
9332,62156162,62156.162,2431,0,gap,31
9333,62167978,62167.978,2415,0,gap,31
9334,62172087,62172.087,2399,0,gap,31
9335,62176178,62176.178,2402,0,gap,31
9336,62187986,62187.986,2400,0,gap,31
9337,62192093,62192.093,2390,0,gap,31
9338,62196203,62196.203,2385,0,gap,31
9339,62207982,62207.982,2377,0,gap,31
9340,62212108,62212.108,2368,0,gap,31
9341,62216220,62216.22,2367,0,gap,31
9342,62227986,62227.986,2374,0,gap,31
9343,62232113,62232.113,2366,0,gap,31
9344,62236243,62236.243,2339,0,gap,31
9345,62247978,62247.978,2342,0,gap,31
9346,62252124,62252.124,2340,0,gap,31
9347,62256257,62256.257,2331,0,gap,31
9348,62267986,62267.986,2320,0,gap,31
9349,62272134,62272.134,2326,0,gap,31
9350,62276290,62276.29,2316,0,gap,31
9351,62287978,62287.978,2318,0,gap,31
9352,62292157,62292.157,2301,0,gap,31
9353,62296322,62296.322,2302,0,gap,31
9354,62307986,62307.986,2304,0,gap,31
9355,62312178,62312.178,2275,0,gap,31
9356,62316370,62316.37,2275,0,gap,31
9357,62327978,62327.978,2271,0,gap,31
9358,62332184,62332.184,2263,0,gap,31
9359,62336377,62336.377,2272,0,gap,31
9360,62347986,62347.986,2252,0,gap,31
9361,62352198,62352.198,2262,0,gap,31
9362,62356409,62356.409,2239,0,gap,31
9363,62367978,62367.978,2263,0,gap,31
9364,62372204,62372.204,2225,0,gap,31
9365,62376416,62376.416,2231,0,gap,31
9366,62387990,62387.99,2229,0,gap,31
9367,62392217,62392.217,2230,0,gap,31
9368,62396448,62396.448,2228,0,gap,31
9369,62407978,62407.978,2221,0,gap,31
9370,62412223,62412.223,2205,0,gap,31
9371,62416459,62416.459,2211,0,gap,31
9372,62427986,62427.986,2207,0,gap,31
9373,62432233,62432.233,2201,0,gap,31
9374,62436483,62436.483,2186,0,gap,31
9375,62447978,62447.978,2198,0,gap,31
9376,62452243,62452.243,2175,0,gap,31
9377,62456499,62456.499,2179,0,gap,31
9378,62467986,62467.986,2183,0,gap,31
9379,62472253,62472.253,2176,0,gap,31
9380,62479287,62479.287,2160,0,gap,31
9381,62483325,62483.325,2156,0,gap,31
9382,62497974,62497.974,2165,0,gap,31
9383,62502025,62502.025,2153,0,gap,31
9384,62506079,62506.079,2145,0,gap,31
9385,62517978,62517.978,2154,0,gap,31
9386,62522047,62522.047,2128,0,gap,31
9387,62526108,62526.108,2126,0,gap,31
9388,62537986,62537.986,2153,0,gap,31
9389,62542057,62542.057,2116,0,gap,31
9390,62546132,62546.132,2127,0,gap,31
9391,62557978,62557.978,2113,0,gap,31
9392,62562068,62562.068,2112,0,gap,31
9393,62566149,62566.149,2111,0,gap,31
9394,62577986,62577.986,2101,0,gap,31
9395,62582078,62582.078,2095,0,gap,31
9396,62586173,62586.173,2096,0,gap,31
9397,62597978,62597.978,2082,0,gap,31
9398,62602092,62602.092,2075,0,gap,31
9399,62606190,62606.19,2078,0,gap,31
9400,62617986,62617.986,2082,0,gap,31
9401,62622095,62622.095,2071,0,gap,31
9402,62626215,62626.215,2064,0,gap,31
9403,62637982,62637.982,2066,0,gap,31
9404,62642117,62642.117,2057,0,gap,31
9405,62646231,62646.231,2046,0,gap,31
9406,62657986,62657.986,2032,0,gap,31
9407,62662115,62662.115,2055,0,gap,31
9408,62666255,62666.255,2038,0,gap,31
9409,62677978,62677.978,2034,0,gap,31
9410,62682134,62682.134,2025,0,gap,31
9411,62686269,62686.269,2015,0,gap,31
9412,62697986,62697.986,2026,0,gap,31
9413,62702136,62702.136,2023,0,gap,31
9414,62706305,62706.305,1999,0,gap,31
9415,62717978,62717.978,2013,0,gap,31
9416,62722162,62722.162,1997,0,gap,31
9417,62726332,62726.332,1982,0,gap,31
9418,62737986,62737.986,2001,0,gap,31
9419,62742180,62742.18,1991,0,gap,31
9420,62746381,62746.381,1990,0,gap,31
9421,62757978,62757.978,1994,0,gap,31
9422,62762194,62762.194,1974,0,gap,31
9423,62766389,62766.389,1970,0,gap,31
9424,62777986,62777.986,1976,0,gap,31
9425,62782200,62782.2,1980,0,gap,31
9426,62786420,62786.42,1968,0,gap,31
9427,62797978,62797.978,1973,0,gap,31
9428,62802213,62802.213,1956,0,gap,31
9429,62806427,62806.427,1959,0,gap,31
9430,62817990,62817.99,1971,0,gap,31
9431,62822219,62822.219,1948,0,gap,31
9432,62826459,62826.459,1945,0,gap,31
9433,62837978,62837.978,1936,0,gap,31
9434,62842233,62842.233,1922,0,gap,31
9435,62846471,62846.471,1921,0,gap,31
9436,62857986,62857.986,1935,0,gap,31
9437,62862235,62862.235,1942,0,gap,31
9438,62866494,62866.494,1920,0,gap,31
9439,62877978,62877.978,1936,0,gap,31
9440,62882252,62882.252,1908,0,gap,31
9441,62886510,62886.51,1919,0,gap,31
9442,62893555,62893.555,1895,0,gap,31
9443,62907966,62907.966,1917,0,gap,31
9444,62912030,62912.03,1911,0,gap,31
9445,62916066,62916.066,1898,0,gap,31
9446,62927990,62927.99,1899,0,gap,31
9447,62932042,62932.042,1901,0,gap,31
9448,62936105,62936.105,1866,0,gap,31
9449,62947978,62947.978,1904,0,gap,31
9450,62952056,62952.056,1872,0,gap,31
9451,62956117,62956.117,1871,0,gap,31
9452,62967986,62967.986,1886,0,gap,31
9453,62972058,62972.058,1862,0,gap,31
9454,62976141,62976.141,1840,0,gap,31
9455,62987978,62987.978,1851,0,gap,31
9456,62992077,62992.077,1840,0,gap,31
9457,62996159,62996.159,1831,0,gap,31
9458,63007986,63007.986,1822,0,gap,31
9459,63012079,63012.079,1815,0,gap,31
9460,63016182,63016.182,1815,0,gap,31
9461,63027978,63027.978,1808,0,gap,31
9462,63032101,63032.101,1797,0,gap,31
9463,63036200,63036.2,1798,0,gap,31
9464,63047986,63047.986,1794,0,gap,31
9465,63052100,63052.1,1793,0,gap,31
9466,63056224,63056.224,1779,0,gap,31
9467,63067982,63067.982,1787,0,gap,31
9468,63072121,63072.121,1765,0,gap,31
9469,63076240,63076.24,1757,0,gap,31
9470,63087986,63087.986,1751,0,gap,31
9471,63092120,63092.12,1750,0,gap,31
9472,63096266,63096.266,1739,0,gap,31
9473,63107978,63107.978,1751,0,gap,31
9474,63112138,63112.138,1742,0,gap,31
9475,63116278,63116.278,1737,0,gap,31
9476,63127986,63127.986,1745,0,gap,31
9477,63132149,63132.149,1742,0,gap,31
9478,63136327,63136.327,1724,0,gap,31
9479,63147978,63147.978,1733,0,gap,31
9480,63152179,63152.179,1711,0,gap,31
9481,63156358,63156.358,1694,0,gap,31
9482,63167986,63167.986,1712,0,gap,31
9483,63172184,63172.184,1692,0,gap,31
9484,63176390,63176.39,1686,0,gap,31
9485,63187978,63187.978,1689,0,gap,31
9486,63192198,63192.198,1678,0,gap,31
9487,63196397,63196.397,1667,0,gap,31
9488,63207986,63207.986,1681,0,gap,31
9489,63212204,63212.204,1669,0,gap,31
9490,63216428,63216.428,1673,0,gap,31
9491,63227978,63227.978,1671,0,gap,31
9492,63232217,63232.217,1649,0,gap,31
9493,63236436,63236.436,1652,0,gap,31
9494,63247990,63247.99,1646,0,gap,31
9495,63252223,63252.223,1647,0,gap,31
9496,63256467,63256.467,1629,0,gap,31
9497,63267978,63267.978,1634,0,gap,31
9498,63272237,63272.237,1620,0,gap,31
9499,63276479,63276.479,1616,0,gap,31
9500,63287986,63287.986,1623,0,gap,31
9501,63292239,63292.239,1609,0,gap,31
9502,63296503,63296.503,1609,0,gap,31
9503,63307978,63307.978,1606,0,gap,31
9504,63312257,63312.257,1602,0,gap,31
9505,63319284,63319.284,1593,0,gap,31
9506,63323334,63323.334,1596,0,gap,31
9507,63337966,63337.966,1595,0,gap,31
9508,63342029,63342.029,1581,0,gap,31
9509,63346072,63346.072,1583,0,gap,31
9510,63357990,63357.99,1565,0,gap,31
9511,63362048,63362.048,1581,0,gap,31
9512,63366116,63366.116,1555,0,gap,31
9513,63377978,63377.978,1563,0,gap,31
9514,63382061,63382.061,1535,0,gap,31
9515,63386128,63386.128,1523,0,gap,31
9516,63397986,63397.986,1535,0,gap,31
9517,63402064,63402.064,1517,0,gap,31
9518,63406153,63406.153,1516,0,gap,31
9519,63417978,63417.978,1511,0,gap,31
9520,63422082,63422.082,1494,0,gap,31
9521,63426170,63426.17,1498,0,gap,31
9522,63437986,63437.986,1489,0,gap,31
9523,63442084,63442.084,1487,0,gap,31
9524,63446194,63446.194,1488,0,gap,31
9525,63457978,63457.978,1464,0,gap,31
9526,63462104,63462.104,1471,0,gap,31
9527,63466212,63466.212,1471,0,gap,31
9528,63477986,63477.986,1465,0,gap,31
9529,63482109,63482.109,1462,0,gap,31
9530,63486236,63486.236,1443,0,gap,31
9531,63497982,63497.982,1443,0,gap,31
9532,63502123,63502.123,1439,0,gap,31
9533,63506251,63506.251,1427,0,gap,31
9534,63517986,63517.986,1424,0,gap,31
9535,63522130,63522.13,1422,0,gap,31
9536,63526278,63526.278,1405,0,gap,31
9537,63537978,63537.978,1415,0,gap,31
9538,63542140,63542.14,1393,0,gap,31
9539,63546293,63546.293,1398,0,gap,31
9540,63557986,63557.986,1413,0,gap,31
9541,63562158,63562.158,1390,0,gap,31
9542,63566344,63566.344,1375,0,gap,31
9543,63577978,63577.978,1375,0,gap,31
9544,63582180,63582.18,1377,0,gap,31
9545,63586369,63586.369,1373,0,gap,31
9546,63597986,63597.986,1369,0,gap,31
9547,63602194,63602.194,1356,0,gap,31
9548,63606401,63606.401,1344,0,gap,31
9549,63617978,63617.978,1349,0,gap,31
9550,63622200,63622.2,1328,0,gap,31
9551,63626408,63626.408,1353,0,gap,31
9552,63637986,63637.986,1359,0,gap,31
9553,63642213,63642.213,1334,0,gap,31
9554,63646440,63646.44,1328,0,gap,31
9555,63657978,63657.978,1328,0,gap,31
9556,63662219,63662.219,1319,0,gap,31
9557,63666447,63666.447,1312,0,gap,31
9558,63677994,63677.994,1332,0,gap,31
9559,63682237,63682.237,1307,0,gap,31
9560,63686483,63686.483,1297,0,gap,31
9561,63697978,63697.978,1299,0,gap,31
9562,63702238,63702.238,1279,0,gap,31
9563,63706490,63706.49,1270,0,gap,31
9564,63717986,63717.986,1280,0,gap,31
9565,63722248,63722.248,1279,0,gap,31
9566,63726514,63726.514,1263,0,gap,31
9567,63733546,63733.546,1260,0,gap,31
9568,63747970,63747.97,1281,0,gap,31
9569,63752026,63752.026,1267,0,gap,31
9570,63756074,63756.074,1271,0,gap,31
9571,63767978,63767.978,1269,0,gap,31
9572,63772042,63772.042,1258,0,gap,31
9573,63776093,63776.093,1253,0,gap,31
9574,63787990,63787.99,1262,0,gap,31
9575,63792056,63792.056,1270,1,pulse,32
9576,63796216,63796.216,4095,1,pulse,32
9577,63807975,63807.975,4095,1,pulse,32
9578,63811992,63811.992,4095,1,pulse,32
9579,63816000,63816.0,4095,1,pulse,32
9580,63827983,63827.983,4095,1,pulse,32
9581,63832003,63832.003,4095,0,gap,32
9582,63836248,63836.248,3005,0,gap,32
9583,63847979,63847.979,2797,0,gap,32
9584,63852097,63852.097,2771,0,gap,32
9585,63856194,63856.194,2741,0,gap,32
9586,63867987,63867.987,2702,0,gap,32
9587,63872116,63872.116,2691,0,gap,32
9588,63876232,63876.232,2698,0,gap,32
9589,63887979,63887.979,2660,0,gap,32
9590,63892110,63892.11,2640,0,gap,32
9591,63896232,63896.232,2647,0,gap,32
9592,63907987,63907.987,2625,0,gap,32
9593,63912120,63912.12,2615,0,gap,32
9594,63916264,63916.264,2601,0,gap,32
9595,63927979,63927.979,2602,0,gap,32
9596,63932130,63932.13,2579,0,gap,32
9597,63936270,63936.27,2554,0,gap,32
9598,63947987,63947.987,2559,0,gap,32
9599,63952144,63952.144,2549,0,gap,32
9600,63956310,63956.31,2543,0,gap,32
9601,63967978,63967.978,2530,0,gap,32
9602,63972159,63972.159,2515,0,gap,32
9603,63976330,63976.33,2512,0,gap,32
9604,63987986,63987.986,2513,0,gap,32
9605,63992184,63992.184,2499,0,gap,32
9606,63996382,63996.382,2493,0,gap,32
9607,64007978,64007.978,2474,0,gap,32
9608,64012194,64012.194,2462,0,gap,32
9609,64016397,64016.397,2451,0,gap,32
9610,64027990,64027.99,2450,0,gap,32
9611,64032208,64032.208,2440,0,gap,32
9612,64036425,64036.425,2432,0,gap,32
9613,64047978,64047.978,2427,0,gap,32
9614,64052210,64052.21,2405,0,gap,32
9615,64056432,64056.432,2398,0,gap,32
9616,64067986,64067.986,2406,0,gap,32
9617,64072223,64072.223,2390,0,gap,32
9618,64076463,64076.463,2381,0,gap,32
9619,64087978,64087.978,2366,0,gap,32
9620,64092233,64092.233,2358,0,gap,32
9621,64096479,64096.479,2346,0,gap,32
9622,64107986,64107.986,2346,0,gap,32
9623,64112243,64112.243,2351,0,gap,32
9624,64116502,64116.502,2322,0,gap,32
9625,64127978,64127.978,2324,0,gap,32
9626,64132253,64132.253,2317,0,gap,32
9627,64136511,64136.511,2319,0,gap,32
9628,64147986,64147.986,2308,0,gap,32
9629,64152259,64152.259,2295,0,gap,32
9630,64159303,64159.303,2275,0,gap,32
9631,64163350,64163.35,2267,0,gap,32
9632,64177970,64177.97,2281,0,gap,32
9633,64182027,64182.027,2266,0,gap,32
9634,64186087,64186.087,2261,0,gap,32
9635,64197978,64197.978,2242,0,gap,32
9636,64202053,64202.053,2224,0,gap,32
9637,64206120,64206.12,2213,0,gap,32
9638,64217986,64217.986,2222,0,gap,32
9639,64222067,64222.067,2209,0,gap,32
9640,64226152,64226.152,2178,0,gap,32
9641,64237978,64237.978,2174,0,gap,32
9642,64242082,64242.082,2167,0,gap,32
9643,64246169,64246.169,2170,0,gap,32
9644,64257986,64257.986,2157,0,gap,32
9645,64262084,64262.084,2147,0,gap,32
9646,64266185,64266.185,2131,0,gap,32
9647,64277978,64277.978,2119,0,gap,32
9648,64282102,64282.102,2128,0,gap,32
9649,64286210,64286.21,2114,0,gap,32
9650,64297986,64297.986,2106,0,gap,32
9651,64302101,64302.101,2091,0,gap,32
9652,64306227,64306.227,2069,0,gap,32
9653,64317978,64317.978,2071,0,gap,32
9654,64322123,64322.123,2055,0,gap,32
9655,64326247,64326.247,2045,0,gap,32
9656,64337986,64337.986,2033,0,gap,32
9657,64342121,64342.121,2038,0,gap,32
9658,64346275,64346.275,2031,0,gap,32
9659,64357978,64357.978,2032,0,gap,32
9660,64362140,64362.14,2002,0,gap,32
9661,64366281,64366.281,1994,0,gap,32
9662,64377986,64377.986,1997,0,gap,32
9663,64382146,64382.146,1985,0,gap,32
9664,64386325,64386.325,1986,0,gap,32
9665,64397978,64397.978,1981,0,gap,32
9666,64402168,64402.168,1969,0,gap,32
9667,64406344,64406.344,1959,0,gap,32
9668,64417986,64417.986,1959,0,gap,32
9669,64422190,64422.19,1957,0,gap,32
9670,64426401,64426.401,1949,0,gap,32
9671,64437978,64437.978,1952,0,gap,32
9672,64442204,64442.204,1927,0,gap,32
9673,64446408,64446.408,1941,0,gap,32
9674,64457990,64457.99,1933,0,gap,32
9675,64462209,64462.209,1936,0,gap,32
9676,64466436,64466.436,1933,0,gap,32
9677,64477978,64477.978,1941,0,gap,32
9678,64482219,64482.219,1919,0,gap,32
9679,64486443,64486.443,1915,0,gap,32
9680,64497986,64497.986,1927,0,gap,32
9681,64502225,64502.225,1906,0,gap,32
9682,64506471,64506.471,1901,0,gap,32
9683,64517978,64517.978,1904,0,gap,32
9684,64522239,64522.239,1894,0,gap,32
9685,64526487,64526.487,1895,0,gap,32
9686,64537986,64537.986,1883,0,gap,32
9687,64542244,64542.244,1898,0,gap,32
9688,64546514,64546.514,1888,0,gap,32
9689,64557978,64557.978,1888,0,gap,32
9690,64562262,64562.262,1868,0,gap,32
9691,64566526,64566.526,1883,0,gap,32
9692,64573575,64573.575,1859,0,gap,32
9693,64587966,64587.966,1879,0,gap,32
9694,64592040,64592.04,1865,0,gap,32
9695,64596086,64596.086,1871,0,gap,32
9696,64607986,64607.986,1858,0,gap,32
9697,64612044,64612.044,1872,0,gap,32
9698,64616113,64616.113,1865,0,gap,32
9699,64627978,64627.978,1872,0,gap,32
9700,64632062,64632.062,1855,0,gap,32
9701,64636132,64636.132,1848,0,gap,32
9702,64647986,64647.986,1851,0,gap,32
9703,64652068,64652.068,1846,0,gap,32
9704,64656161,64656.161,1841,0,gap,32
9705,64667978,64667.978,1831,0,gap,32
9706,64672091,64672.091,1822,0,gap,32
9707,64676179,64676.179,1838,0,gap,32
9708,64687986,64687.986,1837,0,gap,32
9709,64692085,64692.085,1831,0,gap,32
9710,64696198,64696.198,1815,0,gap,32
9711,64707978,64707.978,1821,0,gap,32
9712,64712111,64712.111,1821,0,gap,32
9713,64716219,64716.219,1815,0,gap,32
9714,64727986,64727.986,1813,0,gap,32
9715,64732106,64732.106,1818,0,gap,32
9716,64736236,64736.236,1804,0,gap,32
9717,64747978,64747.978,1797,0,gap,32
9718,64752123,64752.123,1792,0,gap,32
9719,64756252,64756.252,1790,0,gap,32
9720,64767986,64767.986,1794,0,gap,32
9721,64772126,64772.126,1797,0,gap,32
9722,64776286,64776.286,1778,0,gap,32
9723,64787978,64787.978,1785,0,gap,32
9724,64792144,64792.144,1767,0,gap,32
9725,64796294,64796.294,1775,0,gap,32
9726,64807986,64807.986,1783,0,gap,32
9727,64812159,64812.159,1763,0,gap,32
9728,64816347,64816.347,1761,0,gap,32
9729,64827978,64827.978,1770,0,gap,32
9730,64832184,64832.184,1753,0,gap,32
9731,64836370,64836.37,1748,0,gap,32
9732,64847986,64847.986,1773,0,gap,32
9733,64852190,64852.19,1765,0,gap,32
9734,64856406,64856.406,1758,0,gap,32
9735,64867978,64867.978,1760,0,gap,32
9736,64872208,64872.208,1741,0,gap,32
9737,64876413,64876.413,1744,0,gap,32
9738,64887990,64887.99,1745,0,gap,32
9739,64892214,64892.214,1749,0,gap,32
9740,64896448,64896.448,1729,0,gap,32
9741,64907978,64907.978,1738,0,gap,32
9742,64912223,64912.223,1731,0,gap,32
9743,64916452,64916.452,1744,0,gap,32
9744,64927986,64927.986,1734,0,gap,32
9745,64932229,64932.229,1732,0,gap,32
9746,64936479,64936.479,1727,0,gap,32
9747,64947978,64947.978,1745,0,gap,32
9748,64952243,64952.243,1718,0,gap,32
9749,64956495,64956.495,1715,0,gap,32
9750,64967986,64967.986,1728,0,gap,32
9751,64972249,64972.249,1719,0,gap,32
9752,64976522,64976.522,1712,0,gap,32
9753,64987978,64987.978,1712,0,gap,32
9754,64992267,64992.267,1708,0,gap,32
9755,64999325,64999.325,1717,0,gap,32
9756,65003374,65003.374,1701,0,gap,32
9757,65017970,65017.97,1721,0,gap,32
9758,65022038,65022.038,1696,0,gap,32
9759,65026090,65026.09,1696,0,gap,32
9760,65037986,65037.986,1706,0,gap,32
9761,65042053,65042.053,1705,0,gap,32
9762,65046130,65046.13,1687,0,gap,32
9763,65057978,65057.978,1698,0,gap,32
9764,65062067,65062.067,1684,0,gap,32
9765,65066139,65066.139,1685,0,gap,32
9766,65077986,65077.986,1697,0,gap,32
9767,65082073,65082.073,1703,0,gap,32
9768,65086171,65086.171,1689,0,gap,32
9769,65097978,65097.978,1694,0,gap,32
9770,65102095,65102.095,1676,0,gap,32
9771,65106188,65106.188,1675,0,gap,32
9772,65117986,65117.986,1683,0,gap,32
9773,65122089,65122.089,1680,0,gap,32
9774,65126200,65126.2,1669,0,gap,32
9775,65137978,65137.978,1671,0,gap,32
9776,65142113,65142.113,1671,0,gap,32
9777,65146230,65146.23,1666,0,gap,32
9778,65157986,65157.986,1671,0,gap,32
9779,65162118,65162.118,1668,0,gap,32
9780,65166253,65166.253,1664,0,gap,32
9781,65177978,65177.978,1671,0,gap,32
9782,65182128,65182.128,1662,0,gap,32
9783,65186266,65186.266,1648,0,gap,32
9784,65197986,65197.986,1665,0,gap,32
9785,65202132,65202.132,1659,0,gap,32
9786,65206293,65206.293,1649,0,gap,32
9787,65217978,65217.978,1662,0,gap,32
9788,65222153,65222.153,1636,0,gap,32
9789,65226304,65226.304,1645,0,gap,32
9790,65237986,65237.986,1650,0,gap,32
9791,65242164,65242.164,1634,0,gap,32
9792,65246374,65246.374,1642,0,gap,32
9793,65257978,65257.978,1648,0,gap,32
9794,65262189,65262.189,1635,0,gap,32
9795,65266379,65266.379,1641,0,gap,32
9796,65277986,65277.986,1638,0,gap,32
9797,65282199,65282.199,1638,0,gap,32
9798,65286418,65286.418,1635,0,gap,32
9799,65297978,65297.978,1648,0,gap,32
9800,65302212,65302.212,1616,0,gap,32
9801,65306422,65306.422,1634,0,gap,32
9802,65317990,65317.99,1639,0,gap,32
9803,65322218,65322.218,1616,0,gap,32
9804,65326453,65326.453,1605,0,gap,32
9805,65337978,65337.978,1615,0,gap,32
9806,65342232,65342.232,1610,0,gap,32
9807,65346465,65346.465,1623,0,gap,32
9808,65357986,65357.986,1616,0,gap,32
9809,65362230,65362.23,1617,0,gap,32
9810,65366488,65366.488,1598,0,gap,32
9811,65377978,65377.978,1630,0,gap,32
9812,65382251,65382.251,1606,0,gap,32
9813,65386508,65386.508,1611,0,gap,32
9814,65397986,65397.986,1615,0,gap,32
9815,65402253,65402.253,1616,0,gap,32
9816,65406532,65406.532,1599,0,gap,32
9817,65413560,65413.56,1600,0,gap,32
9818,65427974,65427.974,1616,0,gap,32
9819,65432036,65432.036,1613,0,gap,32
9820,65436090,65436.09,1602,0,gap,32
9821,65447978,65447.978,1616,0,gap,32
9822,65452048,65452.048,1599,0,gap,32
9823,65456109,65456.109,1590,0,gap,32
9824,65467986,65467.986,1613,0,gap,32
9825,65472058,65472.058,1588,0,gap,32
9826,65476133,65476.133,1586,0,gap,32
9827,65487978,65487.978,1591,0,gap,32
9828,65492072,65492.072,1584,0,gap,32
9829,65496153,65496.153,1597,0,gap,32
9830,65507986,65507.986,1597,0,gap,32
9831,65512083,65512.083,1587,0,gap,32
9832,65516183,65516.183,1589,0,gap,32
9833,65527978,65527.978,1579,0,gap,32
9834,65532093,65532.093,1569,0,gap,32
9835,65536190,65536.19,1579,0,gap,32
9836,65547986,65547.986,1586,0,gap,32
9837,65552099,65552.099,1579,0,gap,32
9838,65556216,65556.216,1577,0,gap,32
9839,65567978,65567.978,1586,0,gap,32
9840,65572118,65572.118,1570,0,gap,32
9841,65576240,65576.24,1554,0,gap,32
9842,65587986,65587.986,1570,0,gap,32
9843,65592119,65592.119,1573,0,gap,32
9844,65596260,65596.26,1563,0,gap,32
9845,65607978,65607.978,1574,0,gap,32
9846,65612134,65612.134,1559,0,gap,32
9847,65616278,65616.278,1563,0,gap,32
9848,65627986,65627.986,1573,0,gap,32
9849,65632140,65632.14,1565,0,gap,32
9850,65636302,65636.302,1560,0,gap,32
9851,65647978,65647.978,1579,0,gap,32
9852,65652159,65652.159,1565,0,gap,32
9853,65656330,65656.33,1535,0,gap,32
9854,65667986,65667.986,1571,0,gap,32
9855,65672184,65672.184,1535,0,gap,32
9856,65676390,65676.39,1535,0,gap,32
9857,65687978,65687.978,1558,0,gap,32
9858,65692194,65692.194,1535,0,gap,32
9859,65696397,65696.397,1535,0,gap,32
9860,65707986,65707.986,1573,1,pulse,33
9861,65712296,65712.296,4095,1,pulse,33
9862,65716454,65716.454,4095,1,pulse,33
9863,65727975,65727.975,4095,1,pulse,33
9864,65732143,65732.143,4095,1,pulse,33
9865,65736299,65736.299,4095,1,pulse,33
9866,65747983,65747.983,4095,0,gap,33
9867,65752376,65752.376,3018,0,gap,33
9868,65756630,65756.63,2915,0,gap,33
9869,65767979,65767.979,2763,0,gap,33
9870,65772244,65772.244,2747,0,gap,33
9871,65776495,65776.495,2740,0,gap,33
9872,65787987,65787.987,2704,0,gap,33
9873,65792249,65792.249,2686,0,gap,33
9874,65796519,65796.519,2672,0,gap,33
9875,65807979,65807.979,2671,0,gap,33
9876,65812267,65812.267,2657,0,gap,33
9877,65816535,65816.535,2643,0,gap,33
9878,65827987,65827.987,2630,0,gap,33
9879,65832269,65832.269,2617,0,gap,33
9880,65839338,65839.338,2607,0,gap,33
9881,65843397,65843.397,2608,0,gap,33
9882,65857986,65857.986,2591,0,gap,33
9883,65862053,65862.053,2593,0,gap,33
9884,65866127,65866.127,2581,0,gap,33
9885,65877978,65877.978,2559,0,gap,33
9886,65882075,65882.075,2549,0,gap,33
9887,65886146,65886.146,2545,0,gap,33
9888,65897986,65897.986,2532,0,gap,33
9889,65902069,65902.069,2534,0,gap,33
9890,65906167,65906.167,2529,0,gap,33
9891,65917978,65917.978,2513,0,gap,33
9892,65922092,65922.092,2499,0,gap,33
9893,65926180,65926.18,2503,0,gap,33
9894,65937986,65937.986,2496,0,gap,33
9895,65942093,65942.093,2493,0,gap,33
9896,65946212,65946.212,2481,0,gap,33
9897,65957982,65957.982,2471,0,gap,33
9898,65962115,65962.115,2466,0,gap,33
9899,65966225,65966.225,2455,0,gap,33
9900,65977986,65977.986,2449,0,gap,33
9901,65982111,65982.111,2450,0,gap,33
9902,65986254,65986.254,2437,0,gap,33
9903,65997978,65997.978,2431,0,gap,33
9904,66002132,66002.132,2415,0,gap,33
9905,66006266,66006.266,2416,0,gap,33
9906,66017986,66017.986,2416,0,gap,33
9907,66022130,66022.13,2386,0,gap,33
9908,66026290,66026.29,2400,0,gap,33
9909,66037978,66037.978,2402,0,gap,33
9910,66042149,66042.149,2384,0,gap,33
9911,66046304,66046.304,2383,0,gap,33
9912,66057986,66057.986,2384,0,gap,33
9913,66062156,66062.156,2362,0,gap,33
9914,66066332,66066.332,2352,0,gap,33
9915,66077978,66077.978,2352,0,gap,33
9916,66082174,66082.174,2351,0,gap,33
9917,66086373,66086.373,2337,0,gap,33
9918,66097990,66097.99,2347,0,gap,33
9919,66102203,66102.203,2352,0,gap,33
9920,66106419,66106.419,2331,0,gap,33
9921,66117978,66117.978,2334,0,gap,33
9922,66122209,66122.209,2314,0,gap,33
9923,66126423,66126.423,2314,0,gap,33
9924,66137986,66137.986,2319,0,gap,33
9925,66142218,66142.218,2305,0,gap,33
9926,66146450,66146.45,2288,0,gap,33
9927,66157978,66157.978,2283,0,gap,33
9928,66162228,66162.228,2288,0,gap,33
9929,66166466,66166.466,2271,0,gap,33
9930,66177986,66177.986,2277,0,gap,33
9931,66182234,66182.234,2271,0,gap,33
9932,66186489,66186.489,2255,0,gap,33
9933,66197978,66197.978,2265,0,gap,33
9934,66202248,66202.248,2250,0,gap,33
9935,66206505,66206.505,2243,0,gap,33
9936,66217986,66217.986,2251,0,gap,33
9937,66222253,66222.253,2240,0,gap,33
9938,66226524,66226.524,2239,0,gap,33
9939,66237978,66237.978,2222,0,gap,33
9940,66242271,66242.271,2207,0,gap,33
9941,66246548,66246.548,2223,0,gap,33
9942,66253593,66253.593,2212,0,gap,33
9943,66257648,66257.648,2192,0,gap,33
9944,66267988,66267.988,2202,0,gap,33
9945,66272052,66272.052,2186,0,gap,33
9946,66277987,66277.987,2190,0,gap,33
9947,66287980,66287.98,2175,0,gap,33
9948,66292070,66292.07,2174,0,gap,33
9949,66297979,66297.979,2165,0,gap,33
9950,66307992,66307.992,2160,0,gap,33
9951,66312076,66312.076,2162,0,gap,33
9952,66317987,66317.987,2162,0,gap,33
9953,66327980,66327.98,2151,0,gap,33
9954,66332090,66332.09,2137,0,gap,33
9955,66337979,66337.979,2135,0,gap,33
9956,66347988,66347.988,2129,0,gap,33
9957,66352089,66352.089,2125,0,gap,33
9958,66357987,66357.987,2123,0,gap,33
9959,66367979,66367.979,2117,0,gap,33
9960,66372110,66372.11,2106,0,gap,33
9961,66377983,66377.983,2097,0,gap,33
9962,66387987,66387.987,2111,0,gap,33
9963,66392113,66392.113,2093,0,gap,33
9964,66397987,66397.987,2085,0,gap,33
9965,66407979,66407.979,2104,0,gap,33
9966,66412132,66412.132,2080,0,gap,33
9967,66417979,66417.979,2073,0,gap,33
9968,66427987,66427.987,2066,0,gap,33
9969,66432129,66432.129,2079,0,gap,33
9970,66437986,66437.986,2065,0,gap,33
9971,66447979,66447.979,2067,0,gap,33
9972,66452153,66452.153,2041,0,gap,33
9973,66457978,66457.978,2039,0,gap,33
9974,66467987,66467.987,2055,0,gap,33
9975,66472154,66472.154,2039,0,gap,33
9976,66477986,66477.986,2023,0,gap,33
9977,66487983,66487.983,2044,0,gap,33
9978,66492184,66492.184,2020,0,gap,33
9979,66497978,66497.978,2029,0,gap,33
9980,66507987,66507.987,2035,0,gap,33
9981,66512190,66512.19,2027,0,gap,33
9982,66517990,66517.99,2014,0,gap,33
9983,66527979,66527.979,2015,0,gap,33
9984,66532212,66532.212,1998,0,gap,33
9985,66537970,66537.97,1995,0,gap,33
9986,66547987,66547.987,2001,0,gap,33
9987,66552209,66552.209,1983,0,gap,33
9988,66557970,66557.97,1983,0,gap,33
9989,66567979,66567.979,1987,0,gap,33
9990,66572227,66572.227,1969,0,gap,33
9991,66576459,66576.459,1985,0,gap,33
9992,66587988,66587.988,1980,0,gap,33
9993,66592234,66592.234,1968,0,gap,33
9994,66596488,66596.488,1968,0,gap,33
9995,66607980,66607.98,1970,0,gap,33
9996,66612248,66612.248,1958,0,gap,33
9997,66616499,66616.499,1953,0,gap,33
9998,66627992,66627.992,1952,0,gap,33
9999,66632258,66632.258,1949,0,gap,33
10000,66636535,66636.535,1949,0,gap,33
10001,66647980,66647.98,1947,0,gap,33
10002,66652268,66652.268,1926,0,gap,33
10003,66656539,66656.539,1917,0,gap,33
10004,66667988,66667.988,1921,0,gap,33
10005,66675076,66675.076,1930,0,gap,33
10006,66679133,66679.133,1922,0,gap,33
10007,66687979,66687.979,1927,0,gap,33
10008,66692062,66692.062,1918,0,gap,33
10009,66697983,66697.983,1910,0,gap,33
10010,66707988,66707.988,1913,0,gap,33
10011,66712060,66712.06,1897,0,gap,33
10012,66717987,66717.987,1892,0,gap,33
10013,66727980,66727.98,1895,0,gap,33
10014,66732087,66732.087,1904,0,gap,33
10015,66737979,66737.979,1875,0,gap,33
10016,66747988,66747.988,1883,0,gap,33
10017,66752082,66752.082,1890,0,gap,33
10018,66767974,66767.974,1887,0,gap,33
10019,66772078,66772.078,1872,0,gap,33
10020,66776198,66776.198,1862,0,gap,33
10021,66787979,66787.979,1878,0,gap,33
10022,66792109,66792.109,1875,0,gap,33
10023,66796218,66796.218,1875,0,gap,33
10024,66807987,66807.987,1861,0,gap,33
10025,66812111,66812.111,1868,0,gap,33
10026,66816248,66816.248,1847,0,gap,33
10027,66827979,66827.979,1872,0,gap,33
10028,66832126,66832.126,1862,0,gap,33
10029,66836256,66836.256,1847,0,gap,33
10030,66847991,66847.991,1858,0,gap,33
10031,66852136,66852.136,1856,0,gap,33
10032,66856293,66856.293,1847,0,gap,33
10033,66867979,66867.979,1850,0,gap,33
10034,66872148,66872.148,1840,0,gap,33
10035,66876296,66876.296,1835,0,gap,33
10036,66887987,66887.987,1831,0,gap,33
10037,66892154,66892.154,1838,0,gap,33
10038,66896332,66896.332,1817,0,gap,33
10039,66907979,66907.979,1827,0,gap,33
10040,66912185,66912.185,1813,0,gap,33
10041,66916365,66916.365,1820,0,gap,33
10042,66927987,66927.987,1818,0,gap,33
10043,66932189,66932.189,1817,0,gap,33
10044,66936403,66936.403,1819,0,gap,33
10045,66947980,66947.98,1811,0,gap,33
10046,66952212,66952.212,1808,0,gap,33
10047,66956423,66956.423,1782,0,gap,33
10048,66967988,66967.988,1799,0,gap,33
10049,66972213,66972.213,1791,0,gap,33
10050,66976450,66976.45,1783,0,gap,33
10051,66987980,66987.98,1781,0,gap,33
10052,66992231,66992.231,1791,0,gap,33
10053,66996462,66996.462,1793,0,gap,33
10054,67007988,67007.988,1783,0,gap,33
10055,67012233,67012.233,1779,0,gap,33
10056,67017970,67017.97,1783,0,gap,33
10057,67027983,67027.983,1789,0,gap,33
10058,67032254,67032.254,1765,0,gap,33
10059,67037978,67037.978,1779,0,gap,33
10060,67047987,67047.987,1765,0,gap,33
10061,67052248,67052.248,1751,0,gap,33
10062,67057990,67057.99,1761,0,gap,33
10063,67067979,67067.979,1765,0,gap,33
10064,67072269,67072.269,1763,0,gap,33
10065,67077978,67077.978,1740,0,gap,33
10066,67087987,67087.987,1755,0,gap,33
10067,67095034,67095.034,1744,0,gap,33
10068,67099105,67099.105,1754,0,gap,33
10069,67107979,67107.979,1749,0,gap,33
10070,67112051,67112.051,1737,0,gap,33
10071,67117979,67117.979,1734,0,gap,33
10072,67127988,67127.988,1730,0,gap,33
10073,67132067,67132.067,1743,0,gap,33
10074,67137987,67137.987,1729,0,gap,33
10075,67147980,67147.98,1738,0,gap,33
10076,67152073,67152.073,1712,0,gap,33
10077,67157979,67157.979,1715,0,gap,33
10078,67167992,67167.992,1742,0,gap,33
10079,67172091,67172.091,1728,0,gap,33
10080,67187970,67187.97,1744,0,gap,33
10081,67192073,67192.073,1722,0,gap,33
10082,67196179,67196.179,1731,0,gap,33
10083,67207979,67207.979,1713,0,gap,33
10084,67212103,67212.103,1730,0,gap,33
10085,67216215,67216.215,1711,0,gap,33
10086,67227987,67227.987,1711,0,gap,33
10087,67232114,67232.114,1703,0,gap,33
10088,67236245,67236.245,1695,0,gap,33
10089,67247983,67247.983,1712,0,gap,33
10090,67252129,67252.129,1687,0,gap,33
10091,67256262,67256.262,1689,0,gap,33
10092,67267987,67267.987,1690,0,gap,33
10093,67272131,67272.131,1696,0,gap,33
10094,67276281,67276.281,1683,0,gap,33
10095,67287979,67287.979,1682,0,gap,33
10096,67292145,67292.145,1682,0,gap,33
10097,67296296,67296.296,1682,0,gap,33
10098,67307987,67307.987,1689,0,gap,33
10099,67312152,67312.152,1665,0,gap,33
10100,67316324,67316.324,1659,0,gap,33
10101,67327979,67327.979,1666,0,gap,33
10102,67332170,67332.17,1665,0,gap,33
10103,67336353,67336.353,1650,0,gap,33
10104,67347987,67347.987,1647,0,gap,33
10105,67352200,67352.2,1654,0,gap,33
10106,67356412,67356.412,1643,0,gap,33
10107,67367980,67367.98,1664,0,gap,33
10108,67372202,67372.202,1648,0,gap,33
10109,67376412,67376.412,1631,0,gap,33
10110,67387992,67387.992,1627,0,gap,33
10111,67392220,67392.22,1634,0,gap,33
10112,67396451,67396.451,1639,0,gap,33
10113,67407980,67407.98,1627,0,gap,33
10114,67412222,67412.222,1631,0,gap,33
10115,67416455,67416.455,1627,0,gap,33
10116,67427988,67427.988,1635,0,gap,33
10117,67432232,67432.232,1616,0,gap,33
10118,67437970,67437.97,1613,0,gap,33
10119,67447979,67447.979,1634,0,gap,33
10120,67452244,67452.244,1615,0,gap,33
10121,67457982,67457.982,1616,0,gap,33
10122,67467987,67467.987,1625,0,gap,33
10123,67472250,67472.25,1616,0,gap,33
10124,67477986,67477.986,1601,0,gap,33
10125,67487979,67487.979,1614,0,gap,33
10126,67492268,67492.268,1603,0,gap,33
10127,67497978,67497.978,1609,0,gap,33
10128,67507987,67507.987,1591,0,gap,33
10129,67512276,67512.276,1594,0,gap,33
10130,67519333,67519.333,1581,0,gap,33
10131,67527978,67527.978,1583,0,gap,33
10132,67532059,67532.059,1591,0,gap,33
10133,67537979,67537.979,1572,0,gap,33
10134,67547988,67547.988,1584,0,gap,33
10135,67552061,67552.061,1575,0,gap,33
10136,67557987,67557.987,1568,0,gap,33
10137,67567984,67567.984,1569,0,gap,33
10138,67572080,67572.08,1571,0,gap,33
10139,67577979,67577.979,1557,0,gap,33
10140,67587988,67587.988,1584,1,pulse,34
10141,67592170,67592.17,4095,1,pulse,34
10142,67607982,67607.982,4095,1,pulse,34
10143,67612017,67612.017,4095,1,pulse,34
10144,67616064,67616.064,4095,1,pulse,34
10145,67627975,67627.975,4095,0,gap,34
10146,67632258,67632.258,3011,0,gap,34
10147,67636382,67636.382,2906,0,gap,34
10148,67647987,67647.987,2797,0,gap,34
10149,67652115,67652.115,2790,0,gap,34
10150,67656258,67656.258,2754,0,gap,34
10151,67667979,67667.979,2736,0,gap,34
10152,67672141,67672.141,2704,0,gap,34
10153,67676275,67676.275,2704,0,gap,34
10154,67687987,67687.987,2659,0,gap,34
10155,67692135,67692.135,2659,0,gap,34
10156,67696299,67696.299,2642,0,gap,34
10157,67707984,67707.984,2624,0,gap,34
10158,67712158,67712.158,2620,0,gap,34
10159,67716316,67716.316,2613,0,gap,34
10160,67727988,67727.988,2597,0,gap,34
10161,67732157,67732.157,2607,0,gap,34
10162,67736342,67736.342,2559,0,gap,34
10163,67747980,67747.98,2559,0,gap,34
10164,67752179,67752.179,2559,0,gap,34
10165,67756370,67756.37,2543,0,gap,34
10166,67767988,67767.988,2530,0,gap,34
10167,67772205,67772.205,2517,0,gap,34
10168,67776429,67776.429,2514,0,gap,34
10169,67787980,67787.98,2498,0,gap,34
10170,67792211,67792.211,2490,0,gap,34
10171,67797966,67797.966,2503,0,gap,34
10172,67807987,67807.987,2478,0,gap,34
10173,67812227,67812.227,2473,0,gap,34
10174,67817986,67817.986,2464,0,gap,34
10175,67827979,67827.979,2447,0,gap,34
10176,67832233,67832.233,2448,0,gap,34
10177,67837978,67837.978,2427,0,gap,34
10178,67847987,67847.987,2437,0,gap,34
10179,67852243,67852.243,2415,0,gap,34
10180,67857986,67857.986,2399,0,gap,34
10181,67867979,67867.979,2413,0,gap,34
10182,67872249,67872.249,2386,0,gap,34
10183,67877978,67877.978,2373,0,gap,34
10184,67887987,67887.987,2365,0,gap,34
10185,67892259,67892.259,2365,0,gap,34
10186,67897987,67897.987,2353,0,gap,34
10187,67907979,67907.979,2354,0,gap,34
10188,67912269,67912.269,2334,0,gap,34
10189,67917983,67917.983,2320,0,gap,34
10190,67927988,67927.988,2331,0,gap,34
10191,67932283,67932.283,2320,0,gap,34
10192,67939356,67939.356,2303,0,gap,34
10193,67947979,67947.979,2309,0,gap,34
10194,67952069,67952.069,2279,0,gap,34
10195,67957979,67957.979,2283,0,gap,34
10196,67967988,67967.988,2268,0,gap,34
10197,67972066,67972.066,2256,0,gap,34
10198,67987974,67987.974,2270,0,gap,34
10199,67992062,67992.062,2245,0,gap,34
10200,67996166,67996.166,2253,0,gap,34
10201,68007979,68007.979,2250,0,gap,34
10202,68012088,68012.088,2253,0,gap,34
10203,68016178,68016.178,2230,0,gap,34
10204,68027987,68027.987,2224,0,gap,34
10205,68032096,68032.096,2226,0,gap,34
10206,68036213,68036.213,2208,0,gap,34
10207,68047979,68047.979,2192,0,gap,34
10208,68052114,68052.114,2192,0,gap,34
10209,68056224,68056.224,2187,0,gap,34
10210,68067987,68067.987,2171,0,gap,34
10211,68072116,68072.116,2176,0,gap,34
10212,68076253,68076.253,2145,0,gap,34
10213,68087979,68087.979,2154,0,gap,34
10214,68092131,68092.131,2149,0,gap,34
10215,68096267,68096.267,2138,0,gap,34
10216,68107987,68107.987,2143,0,gap,34
10217,68112137,68112.137,2141,0,gap,34
10218,68116295,68116.295,2123,0,gap,34
10219,68127979,68127.979,2121,0,gap,34
10220,68132151,68132.151,2112,0,gap,34
10221,68136311,68136.311,2093,0,gap,34
10222,68147987,68147.987,2097,0,gap,34
10223,68152158,68152.158,2091,0,gap,34
10224,68156341,68156.341,2067,0,gap,34
10225,68167980,68167.98,2078,0,gap,34
10226,68172176,68172.176,2061,0,gap,34
10227,68176361,68176.361,2047,0,gap,34
10228,68187988,68187.988,2057,0,gap,34
10229,68192189,68192.189,2032,0,gap,34
10230,68196407,68196.407,2039,0,gap,34
10231,68207980,68207.98,2012,0,gap,34
10232,68212221,68212.221,2001,0,gap,34
10233,68216433,68216.433,1991,0,gap,34
10234,68227988,68227.988,1999,0,gap,34
10235,68232219,68232.219,1982,0,gap,34
10236,68237970,68237.97,1972,0,gap,34
10237,68247983,68247.983,1980,0,gap,34
10238,68252239,68252.239,1962,0,gap,34
10239,68257978,68257.978,1959,0,gap,34
10240,68267987,68267.987,1955,0,gap,34
10241,68272233,68272.233,1937,0,gap,34
10242,68277986,68277.986,1935,0,gap,34
10243,68287979,68287.979,1935,0,gap,34
10244,68292255,68292.255,1933,0,gap,34
10245,68297978,68297.978,1921,0,gap,34
10246,68307987,68307.987,1911,0,gap,34
10247,68312257,68312.257,1907,0,gap,34
10248,68317986,68317.986,1901,0,gap,34
10249,68327979,68327.979,1904,0,gap,34
10250,68332271,68332.271,1893,0,gap,34
10251,68337979,68337.979,1873,0,gap,34
10252,68347988,68347.988,1865,0,gap,34
10253,68352277,68352.277,1857,0,gap,34
10254,68357987,68357.987,1857,0,gap,34
10255,68365036,68365.036,1853,0,gap,34
10256,68377988,68377.988,1856,0,gap,34
10257,68382067,68382.067,1840,0,gap,34
10258,68386148,68386.148,1829,0,gap,34
10259,68397979,68397.979,1835,0,gap,34
10260,68402074,68402.074,1840,0,gap,34
10261,68406149,68406.149,1813,0,gap,34
10262,68417987,68417.987,1831,0,gap,34
10263,68422081,68422.081,1811,0,gap,34
10264,68426190,68426.19,1803,0,gap,34
10265,68437979,68437.979,1808,0,gap,34
10266,68442095,68442.095,1805,0,gap,34
10267,68446195,68446.195,1783,0,gap,34
10268,68457987,68457.987,1799,0,gap,34
10269,68462106,68462.106,1775,0,gap,34
10270,68466231,68466.231,1777,0,gap,34
10271,68477979,68477.979,1778,0,gap,34
10272,68482120,68482.12,1779,0,gap,34
10273,68486235,68486.235,1751,0,gap,34
10274,68497987,68497.987,1759,0,gap,34
10275,68502127,68502.127,1767,0,gap,34
10276,68506274,68506.274,1744,0,gap,34
10277,68517980,68517.98,1749,0,gap,34
10278,68522137,68522.137,1744,0,gap,34
10279,68526278,68526.278,1730,0,gap,34
10280,68537988,68537.988,1734,0,gap,34
10281,68542143,68542.143,1729,0,gap,34
10282,68546310,68546.31,1725,0,gap,34
10283,68557980,68557.98,1719,0,gap,34
10284,68562162,68562.162,1709,0,gap,34
10285,68566324,68566.324,1693,0,gap,34
10286,68577988,68577.988,1703,0,gap,34
10287,68582165,68582.165,1698,0,gap,34
10288,68587970,68587.97,1677,0,gap,34
10289,68597979,68597.979,1691,0,gap,34
10290,68602186,68602.186,1683,0,gap,34
10291,68607978,68607.978,1675,0,gap,34
10292,68617987,68617.987,1673,0,gap,34
10293,68622199,68622.199,1669,0,gap,34
10294,68627986,68627.986,1664,0,gap,34
10295,68637979,68637.979,1666,0,gap,34
10296,68642225,68642.225,1643,0,gap,34
10297,68647978,68647.978,1648,0,gap,34
10298,68657987,68657.987,1647,0,gap,34
10299,68662223,68662.223,1646,0,gap,34
10300,68667986,68667.986,1637,0,gap,34
10301,68677983,68677.983,1630,0,gap,34
10302,68682245,68682.245,1618,0,gap,34
10303,68687979,68687.979,1625,0,gap,34
10304,68697987,68697.987,1616,0,gap,34
10305,68702239,68702.239,1617,0,gap,34
10306,68707987,68707.987,1593,0,gap,34
10307,68717980,68717.98,1602,0,gap,34
10308,68722257,68722.257,1595,0,gap,34
10309,68727979,68727.979,1590,0,gap,34
10310,68737988,68737.988,1584,0,gap,34
10311,68742262,68742.262,1567,0,gap,34
10312,68747987,68747.987,1574,0,gap,34
10313,68757980,68757.98,1571,0,gap,34
10314,68762276,68762.276,1572,0,gap,34
10315,68777966,68777.966,1563,0,gap,34
10316,68782273,68782.273,1556,0,gap,34
10317,68789333,68789.333,1533,0,gap,34
10318,68793407,68793.407,1535,0,gap,34
10319,68807978,68807.978,1535,0,gap,34
10320,68812065,68812.065,1535,0,gap,34
10321,68816139,68816.139,1533,0,gap,34
10322,68827987,68827.987,1522,0,gap,34
10323,68832076,68832.076,1511,0,gap,34
10324,68836168,68836.168,1504,0,gap,34
10325,68847979,68847.979,1506,0,gap,34
10326,68852082,68852.082,1510,0,gap,34
10327,68856176,68856.176,1495,0,gap,34
10328,68867987,68867.987,1485,0,gap,34
10329,68872092,68872.092,1478,0,gap,34
10330,68876206,68876.206,1469,0,gap,34
10331,68887979,68887.979,1469,0,gap,34
10332,68892103,68892.103,1457,0,gap,34
10333,68896223,68896.223,1467,0,gap,34
10334,68907987,68907.987,1470,0,gap,34
10335,68912117,68912.117,1446,0,gap,34
10336,68916250,68916.25,1444,0,gap,34
10337,68927979,68927.979,1455,0,gap,34
10338,68932128,68932.128,1437,0,gap,34
10339,68936264,68936.264,1425,0,gap,34
10340,68947987,68947.987,1425,0,gap,34
10341,68952134,68952.134,1411,0,gap,34
10342,68956289,68956.289,1405,0,gap,34
10343,68967980,68967.98,1423,0,gap,34
10344,68972152,68972.152,1403,0,gap,34
10345,68976304,68976.304,1395,0,gap,34
10346,68987988,68987.988,1405,0,gap,34
10347,68992156,68992.156,1376,0,gap,34
10348,68996327,68996.327,1383,0,gap,34
10349,69007984,69007.984,1366,0,gap,34
10350,69012174,69012.174,1379,0,gap,34
10351,69016351,69016.351,1367,0,gap,34
10352,69027988,69027.988,1365,0,gap,34
10353,69032184,69032.184,1359,0,gap,34
10354,69036394,69036.394,1344,0,gap,34
10355,69047980,69047.98,1346,0,gap,34
10356,69052206,69052.206,1331,0,gap,34
10357,69057970,69057.97,1343,0,gap,34
10358,69067987,69067.987,1334,0,gap,34
10359,69072218,69072.218,1341,0,gap,34
10360,69077986,69077.986,1329,0,gap,34
10361,69087979,69087.979,1319,0,gap,34
10362,69092228,69092.228,1299,0,gap,34
10363,69097978,69097.978,1307,0,gap,34
10364,69107987,69107.987,1328,0,gap,34
10365,69112238,69112.238,1304,0,gap,34
10366,69117986,69117.986,1300,0,gap,34
10367,69127979,69127.979,1284,0,gap,34
10368,69132248,69132.248,1275,0,gap,34
10369,69137978,69137.978,1277,0,gap,34
10370,69147987,69147.987,1282,0,gap,34
10371,69152258,69152.258,1280,0,gap,34
10372,69157987,69157.987,1262,0,gap,34
10373,69167980,69167.98,1282,0,gap,34
10374,69172264,69172.264,1249,0,gap,34
10375,69177979,69177.979,1251,0,gap,34
10376,69187988,69187.988,1257,0,gap,34
10377,69192274,69192.274,1234,0,gap,34
10378,69197987,69197.987,1236,0,gap,34
10379,69207980,69207.98,1253,0,gap,34
10380,69215049,69215.049,1239,0,gap,34
10381,69219127,69219.127,1226,0,gap,34
10382,69227987,69227.987,1235,0,gap,34
10383,69232065,69232.065,1226,0,gap,34
10384,69247986,69247.986,1253,0,gap,34
10385,69252066,69252.066,1224,0,gap,34
10386,69256157,69256.157,1200,0,gap,34
10387,69267979,69267.979,1214,0,gap,34
10388,69272088,69272.088,1200,0,gap,34
10389,69276173,69276.173,1191,0,gap,34
10390,69287987,69287.987,1198,0,gap,34
10391,69292091,69292.091,1187,0,gap,34
10392,69296211,69296.211,1202,0,gap,34
10393,69307979,69307.979,1190,0,gap,34
10394,69312109,69312.109,1185,0,gap,34
10395,69316215,69316.215,1190,0,gap,34
10396,69327987,69327.987,1195,0,gap,34
10397,69332111,69332.111,1170,0,gap,34
10398,69336247,69336.247,1170,0,gap,34
10399,69347979,69347.979,1173,0,gap,34
10400,69352131,69352.131,1169,0,gap,34
10401,69356258,69356.258,1159,0,gap,34
10402,69367987,69367.987,1170,0,gap,34
10403,69372133,69372.133,1146,0,gap,34
10404,69376286,69376.286,1156,0,gap,34
10405,69387979,69387.979,1152,0,gap,34
10406,69392147,69392.147,1134,0,gap,34
10407,69396298,69396.298,1136,0,gap,34
10408,69407987,69407.987,1136,0,gap,34
10409,69412150,69412.15,1127,0,gap,34
10410,69416328,69416.328,1127,0,gap,34
10411,69427980,69427.98,1138,0,gap,34
10412,69432168,69432.168,1122,0,gap,34
10413,69436341,69436.341,1121,0,gap,34
10414,69447988,69447.988,1126,0,gap,34
10415,69452187,69452.187,1119,0,gap,34
10416,69456389,69456.389,1114,0,gap,34
10417,69467980,69467.98,1124,0,gap,34
10418,69472204,69472.204,1108,0,gap,34
10419,69476420,69476.42,1109,0,gap,34
10420,69487988,69487.988,1122,0,gap,34
10421,69492214,69492.214,1111,0,gap,34
10422,69497970,69497.97,1118,0,gap,34
10423,69507979,69507.979,1122,0,gap,34
10424,69512231,69512.231,1122,0,gap,34
10425,69517978,69517.978,1127,0,gap,34
10426,69527987,69527.987,1127,0,gap,34
10427,69532236,69532.236,1119,0,gap,34
10428,69537986,69537.986,1107,0,gap,34
10429,69547983,69547.983,1127,0,gap,34
10430,69552250,69552.25,1136,0,gap,34
10431,69557978,69557.978,1131,0,gap,34
10432,69567987,69567.987,1136,0,gap,34
10433,69572252,69572.252,1106,0,gap,34
10434,69577986,69577.986,1126,0,gap,34
10435,69587979,69587.979,1145,0,gap,34
10436,69592262,69592.262,1115,0,gap,34
10437,69597979,69597.979,1127,0,gap,34
10438,69607988,69607.988,1131,0,gap,34
10439,69612276,69612.276,1134,0,gap,34
10440,69617987,69617.987,1129,0,gap,34
10441,69627980,69627.98,1143,1,pulse,35
10442,69635145,69635.145,4095,1,pulse,35
10443,69639152,69639.152,4095,1,pulse,35
10444,69647983,69647.983,4095,1,pulse,35
10445,69651996,69651.996,4095,1,pulse,35
10446,69667983,69667.983,4095,0,gap,35
10447,69672220,69672.22,3005,0,gap,35
10448,69676331,69676.331,2909,0,gap,35
10449,69687983,69687.983,2789,0,gap,35
10450,69692100,69692.1,2767,0,gap,35
10451,69696197,69696.197,2742,0,gap,35
10452,69707987,69707.987,2711,0,gap,35
10453,69712098,69712.098,2704,0,gap,35
10454,69716217,69716.217,2674,0,gap,35
10455,69727979,69727.979,2657,0,gap,35
10456,69732117,69732.117,2652,0,gap,35
10457,69736236,69736.236,2643,0,gap,35
10458,69747987,69747.987,2625,0,gap,35
10459,69752120,69752.12,2619,0,gap,35
10460,69756263,69756.263,2588,0,gap,35
10461,69767979,69767.979,2597,0,gap,35
10462,69772134,69772.134,2559,0,gap,35
10463,69776273,69776.273,2550,0,gap,35
10464,69787987,69787.987,2555,0,gap,35
10465,69792141,69792.141,2537,0,gap,35
10466,69796302,69796.302,2531,0,gap,35
10467,69807979,69807.979,2513,0,gap,35
10468,69812155,69812.155,2496,0,gap,35
10469,69816309,69816.309,2497,0,gap,35
10470,69827988,69827.988,2480,0,gap,35
10471,69832165,69832.165,2477,0,gap,35
10472,69836351,69836.351,2461,0,gap,35
10473,69847980,69847.98,2450,0,gap,35
10474,69852176,69852.176,2433,0,gap,35
10475,69856351,69856.351,2437,0,gap,35
10476,69867992,69867.992,2427,0,gap,35
10477,69872190,69872.19,2403,0,gap,35
10478,69876404,69876.404,2386,0,gap,35
10479,69887980,69887.98,2382,0,gap,35
10480,69892220,69892.22,2382,0,gap,35
10481,69897970,69897.97,2357,0,gap,35
10482,69907987,69907.987,2365,0,gap,35
10483,69912217,69912.217,2350,0,gap,35
10484,69917986,69917.986,2331,0,gap,35
10485,69927979,69927.979,2342,0,gap,35
10486,69932239,69932.239,2339,0,gap,35
10487,69937978,69937.978,2320,0,gap,35
10488,69947987,69947.987,2314,0,gap,35
10489,69952237,69952.237,2303,0,gap,35
10490,69957986,69957.986,2285,0,gap,35
10491,69967979,69967.979,2288,0,gap,35
10492,69972258,69972.258,2282,0,gap,35
10493,69977978,69977.978,2266,0,gap,35
10494,69987987,69987.987,2259,0,gap,35
10495,69992260,69992.26,2246,0,gap,35
10496,69997987,69997.987,2239,0,gap,35
10497,70007984,70007.984,2218,0,gap,35
10498,70012278,70012.278,2217,0,gap,35
10499,70017979,70017.979,2209,0,gap,35
10500,70027988,70027.988,2192,0,gap,35
10501,70032276,70032.276,2179,0,gap,35
10502,70037987,70037.987,2179,0,gap,35
10503,70047980,70047.98,2171,0,gap,35
10504,70052295,70052.295,2160,0,gap,35
10505,70059365,70059.365,2149,0,gap,35
10506,70067987,70067.987,2137,0,gap,35
10507,70072067,70072.067,2128,0,gap,35
10508,70087978,70087.978,2125,0,gap,35
10509,70092069,70092.069,2122,0,gap,35
10510,70096162,70096.162,2109,0,gap,35
10511,70107979,70107.979,2102,0,gap,35
10512,70112091,70112.091,2096,0,gap,35
10513,70116190,70116.19,2097,0,gap,35
10514,70127987,70127.987,2085,0,gap,35
10515,70132097,70132.097,2086,0,gap,35
10516,70136215,70136.215,2081,0,gap,35
10517,70147979,70147.979,2074,0,gap,35
10518,70152108,70152.108,2062,0,gap,35
10519,70156232,70156.232,2057,0,gap,35
10520,70167987,70167.987,2066,0,gap,35
10521,70172118,70172.118,2045,0,gap,35
10522,70176256,70176.256,2032,0,gap,35
10523,70187979,70187.979,2041,0,gap,35
10524,70192133,70192.133,2035,0,gap,35
10525,70196270,70196.27,2022,0,gap,35
10526,70207987,70207.987,2032,0,gap,35
10527,70212143,70212.143,2026,0,gap,35
10528,70216302,70216.302,2027,0,gap,35
10529,70227983,70227.983,2032,0,gap,35
10530,70232157,70232.157,2015,0,gap,35
10531,70236319,70236.319,1997,0,gap,35
10532,70247987,70247.987,2000,0,gap,35
10533,70252159,70252.159,2011,0,gap,35
10534,70256340,70256.34,1987,0,gap,35
10535,70267980,70267.98,1996,0,gap,35
10536,70272175,70272.175,1987,0,gap,35
10537,70276358,70276.358,1968,0,gap,35
10538,70287988,70287.988,1973,0,gap,35
10539,70292181,70292.181,1983,0,gap,35
10540,70296398,70296.398,1973,0,gap,35
10541,70307980,70307.98,1966,0,gap,35
10542,70312219,70312.219,1954,0,gap,35
10543,70316437,70316.437,1954,0,gap,35
10544,70327988,70327.988,1959,0,gap,35
10545,70332225,70332.225,1951,0,gap,35
10546,70337970,70337.97,1937,0,gap,35
10547,70347979,70347.979,1947,0,gap,35
10548,70352233,70352.233,1937,0,gap,35
10549,70357978,70357.978,1946,0,gap,35
10550,70367987,70367.987,1940,0,gap,35
10551,70372243,70372.243,1931,0,gap,35
10552,70377986,70377.986,1926,0,gap,35
10553,70387979,70387.979,1936,0,gap,35
10554,70392253,70392.253,1923,0,gap,35
10555,70397978,70397.978,1932,0,gap,35
10556,70407991,70407.991,1917,0,gap,35
10557,70412263,70412.263,1917,0,gap,35
10558,70417986,70417.986,1904,0,gap,35
10559,70427979,70427.979,1919,0,gap,35
10560,70432277,70432.277,1908,0,gap,35
10561,70437983,70437.983,1895,0,gap,35
10562,70447988,70447.988,1902,0,gap,35
10563,70452279,70452.279,1891,0,gap,35
10564,70457987,70457.987,1887,0,gap,35
10565,70467980,70467.98,1891,0,gap,35
10566,70472294,70472.294,1892,0,gap,35
10567,70479368,70479.368,1877,0,gap,35
10568,70487987,70487.987,1877,0,gap,35
10569,70492075,70492.075,1869,0,gap,35
10570,70507970,70507.97,1872,0,gap,35
10571,70512058,70512.058,1875,0,gap,35
10572,70516154,70516.154,1869,0,gap,35
10573,70527979,70527.979,1872,0,gap,35
10574,70532085,70532.085,1872,0,gap,35
10575,70536183,70536.183,1875,0,gap,35
10576,70547987,70547.987,1871,0,gap,35
10577,70552103,70552.103,1857,0,gap,35
10578,70556219,70556.219,1855,0,gap,35
10579,70567979,70567.979,1870,0,gap,35
10580,70572110,70572.11,1857,0,gap,35
10581,70576229,70576.229,1840,0,gap,35
10582,70587987,70587.987,1856,0,gap,35
10583,70592124,70592.124,1840,0,gap,35
10584,70596261,70596.261,1839,0,gap,35
10585,70607979,70607.979,1852,0,gap,35
10586,70612126,70612.126,1841,0,gap,35
10587,70616265,70616.265,1834,0,gap,35
10588,70627991,70627.991,1835,0,gap,35
10589,70632145,70632.145,1830,0,gap,35
10590,70636303,70636.303,1827,0,gap,35
10591,70647979,70647.979,1835,0,gap,35
10592,70652151,70652.151,1821,0,gap,35
10593,70656315,70656.315,1807,0,gap,35
10594,70667987,70667.987,1828,0,gap,35
10595,70672157,70672.157,1818,0,gap,35
10596,70676331,70676.331,1801,0,gap,35
10597,70687980,70687.98,1822,0,gap,35
10598,70692173,70692.173,1790,0,gap,35
10599,70696357,70696.357,1801,0,gap,35
10600,70707988,70707.988,1808,0,gap,35
10601,70712179,70712.179,1793,0,gap,35
10602,70716381,70716.381,1802,0,gap,35
10603,70727980,70727.98,1780,0,gap,35
10604,70732207,70732.207,1791,0,gap,35
10605,70736428,70736.428,1776,0,gap,35
10606,70747988,70747.988,1779,0,gap,35
10607,70752223,70752.223,1777,0,gap,35
10608,70757970,70757.97,1774,0,gap,35
10609,70767983,70767.983,1777,0,gap,35
10610,70772236,70772.236,1756,0,gap,35
10611,70777978,70777.978,1771,0,gap,35
10612,70787987,70787.987,1776,0,gap,35
10613,70792237,70792.237,1765,0,gap,35
10614,70797986,70797.986,1753,0,gap,35
10615,70807979,70807.979,1770,0,gap,35
10616,70812251,70812.251,1761,0,gap,35
10617,70817978,70817.978,1753,0,gap,35
10618,70827987,70827.987,1744,0,gap,35
10619,70832257,70832.257,1746,0,gap,35
10620,70837991,70837.991,1744,0,gap,35
10621,70847979,70847.979,1744,0,gap,35
10622,70852267,70852.267,1749,0,gap,35
10623,70857979,70857.979,1733,0,gap,35
10624,70867988,70867.988,1727,0,gap,35
10625,70872297,70872.297,1729,0,gap,35
10626,70877987,70877.987,1724,0,gap,35
10627,70887980,70887.98,1731,0,gap,35
10628,70892287,70892.287,1728,0,gap,35
10629,70897979,70897.979,1715,0,gap,35
10630,70905062,70905.062,1711,0,gap,35
10631,70917980,70917.98,1731,0,gap,35
10632,70922076,70922.076,1718,0,gap,35
10633,70926156,70926.156,1719,0,gap,35
10634,70937987,70937.987,1711,0,gap,35
10635,70942081,70942.081,1711,0,gap,35
10636,70946190,70946.19,1699,0,gap,35
10637,70957979,70957.979,1711,0,gap,35
10638,70962098,70962.098,1715,0,gap,35
10639,70966197,70966.197,1709,0,gap,35
10640,70977987,70977.987,1699,0,gap,35
10641,70982101,70982.101,1712,0,gap,35
10642,70986223,70986.223,1680,0,gap,35
10643,70997979,70997.979,1711,0,gap,35
10644,71002120,71002.12,1693,0,gap,35
10645,71006236,71006.236,1677,0,gap,35
10646,71017987,71017.987,1695,0,gap,35
10647,71022126,71022.126,1679,0,gap,35
10648,71026271,71026.271,1690,0,gap,35
10649,71037980,71037.98,1680,0,gap,35
10650,71042137,71042.137,1680,0,gap,35
10651,71046274,71046.274,1680,0,gap,35
10652,71057992,71057.992,1683,0,gap,35
10653,71062143,71062.143,1686,0,gap,35
10654,71066310,71066.31,1661,0,gap,35
10655,71077980,71077.98,1680,0,gap,35
10656,71082162,71082.162,1667,0,gap,35
10657,71086323,71086.323,1666,0,gap,35
10658,71097988,71097.988,1667,0,gap,35
10659,71102160,71102.16,1663,0,gap,35
10660,71107970,71107.97,1647,0,gap,35
10661,71117979,71117.979,1658,0,gap,35
10662,71122177,71122.177,1651,0,gap,35
10663,71127978,71127.978,1653,0,gap,35
10664,71137987,71137.987,1655,0,gap,35
10665,71142196,71142.196,1658,0,gap,35
10666,71147986,71147.986,1651,0,gap,35
10667,71157979,71157.979,1654,0,gap,35
10668,71162221,71162.221,1650,0,gap,35
10669,71167978,71167.978,1650,0,gap,35
10670,71177987,71177.987,1645,0,gap,35
10671,71182227,71182.227,1637,0,gap,35
10672,71187986,71187.986,1627,0,gap,35
10673,71197983,71197.983,1639,0,gap,35
10674,71202241,71202.241,1635,0,gap,35
10675,71207979,71207.979,1628,0,gap,35
10676,71217987,71217.987,1643,0,gap,35
10677,71222243,71222.243,1630,0,gap,35
10678,71227987,71227.987,1630,0,gap,35
10679,71237980,71237.98,1637,0,gap,35
10680,71242257,71242.257,1624,0,gap,35
10681,71247979,71247.979,1631,0,gap,35
10682,71257988,71257.988,1614,0,gap,35
10683,71262267,71262.267,1614,0,gap,35
10684,71267991,71267.991,1619,0,gap,35
10685,71277980,71277.98,1610,0,gap,35
10686,71282273,71282.273,1623,0,gap,35
10687,71297966,71297.966,1627,0,gap,35
10688,71302269,71302.269,1621,0,gap,35
10689,71306560,71306.56,1622,0,gap,35
10690,71317986,71317.986,1625,0,gap,35
10691,71322287,71322.287,1628,0,gap,35
10692,71329370,71329.37,1616,0,gap,35
10693,71333441,71333.441,1616,0,gap,35
10694,71347987,71347.987,1634,0,gap,35
10695,71352075,71352.075,1621,0,gap,35
10696,71356171,71356.171,1611,0,gap,35
10697,71367979,71367.979,1633,0,gap,35
10698,71372086,71372.086,1617,0,gap,35
10699,71376176,71376.176,1600,0,gap,35
10700,71387991,71387.991,1616,0,gap,35
10701,71392096,71392.096,1616,0,gap,35
10702,71396208,71396.208,1616,0,gap,35
10703,71407979,71407.979,1616,0,gap,35
10704,71412110,71412.11,1605,0,gap,35
10705,71416225,71416.225,1614,0,gap,35
10706,71427987,71427.987,1597,0,gap,35
10707,71432109,71432.109,1589,0,gap,35
10708,71436242,71436.242,1593,0,gap,35
10709,71447979,71447.979,1611,0,gap,35
10710,71452127,71452.127,1591,0,gap,35
10711,71456262,71456.262,1600,0,gap,35
10712,71467987,71467.987,1602,0,gap,35
10713,71472130,71472.13,1578,0,gap,35
10714,71476284,71476.284,1581,0,gap,35
10715,71487979,71487.979,1591,0,gap,35
10716,71492156,71492.156,1584,0,gap,35
10717,71496305,71496.305,1573,0,gap,35
10718,71507988,71507.988,1584,0,gap,35
10719,71512154,71512.154,1593,0,gap,35
10720,71516332,71516.332,1574,0,gap,35
10721,71527984,71527.984,1591,0,gap,35
10722,71532178,71532.178,1581,0,gap,35
10723,71536347,71536.347,1569,0,gap,35
10724,71547988,71547.988,1587,0,gap,35
10725,71552171,71552.171,1577,0,gap,35
10726,71556366,71556.366,1573,0,gap,35
10727,71567980,71567.98,1567,0,gap,35
10728,71572202,71572.202,1572,0,gap,35
10729,71576405,71576.405,1555,0,gap,35
10730,71587988,71587.988,1575,0,gap,35
10731,71592216,71592.216,1535,0,gap,35
10732,71597978,71597.978,1569,0,gap,35
10733,71607979,71607.979,1575,0,gap,35
10734,71612232,71612.232,1563,0,gap,35
10735,71617978,71617.978,1566,0,gap,35
10736,71627987,71627.987,1579,0,gap,35
10737,71632234,71632.234,1535,0,gap,35
10738,71637986,71637.986,1559,0,gap,35
10739,71647979,71647.979,1561,0,gap,35
10740,71652248,71652.248,1535,0,gap,35
10741,71657978,71657.978,1531,0,gap,35
10742,71667987,71667.987,1535,0,gap,35
10743,71672258,71672.258,1535,0,gap,35
10744,71677986,71677.986,1552,0,gap,35
10745,71687979,71687.979,1552,0,gap,35
10746,71692268,71692.268,1535,0,gap,35
10747,71697979,71697.979,1535,0,gap,35
10748,71707992,71707.992,1535,0,gap,35
10749,71712278,71712.278,1535,0,gap,35
10750,71717987,71717.987,1535,0,gap,35
10751,71727980,71727.98,1535,0,gap,35
10752,71732292,71732.292,1522,0,gap,35
10753,71737983,71737.983,1520,0,gap,35
10754,71747988,71747.988,1573,1,pulse,36
10755,71755147,71755.147,4095,1,pulse,36
10756,71759176,71759.176,4095,1,pulse,36
10757,71767976,71767.976,4095,1,pulse,36
10758,71777974,71777.974,4095,1,pulse,36
10759,71782002,71782.002,4095,1,pulse,36
10760,71786034,71786.034,4095,0,gap,36
10761,71797989,71797.989,2832,0,gap,36
10762,71802115,71802.115,2813,0,gap,36
10763,71806224,71806.224,2794,0,gap,36
10764,71817988,71817.988,2747,0,gap,36
10765,71822109,71822.109,2715,0,gap,36
10766,71827970,71827.97,2721,0,gap,36
10767,71837979,71837.979,2695,0,gap,36
10768,71842126,71842.126,2678,0,gap,36
10769,71847978,71847.978,2661,0,gap,36
10770,71857987,71857.987,2662,0,gap,36
10771,71862131,71862.131,2640,0,gap,36
10772,71867986,71867.986,2630,0,gap,36
10773,71877979,71877.979,2629,0,gap,36
10774,71882143,71882.143,2630,0,gap,36
10775,71887978,71887.978,2610,0,gap,36
10776,71897987,71897.987,2602,0,gap,36
10777,71902149,71902.149,2559,0,gap,36
10778,71907986,71907.986,2559,0,gap,36
10779,71917979,71917.979,2579,0,gap,36
10780,71922159,71922.159,2559,0,gap,36
10781,71927979,71927.979,2557,0,gap,36
10782,71937987,71937.987,2549,0,gap,36
10783,71942173,71942.173,2533,0,gap,36
10784,71947991,71947.991,2526,0,gap,36
10785,71957980,71957.98,2515,0,gap,36
10786,71962181,71962.181,2499,0,gap,36
10787,71967979,71967.979,2503,0,gap,36
10788,71977988,71977.988,2501,0,gap,36
10789,71982191,71982.191,2485,0,gap,36
10790,71987987,71987.987,2491,0,gap,36
10791,71997980,71997.98,2494,0,gap,36
10792,72002229,72002.229,2478,0,gap,36
10793,72007979,72007.979,2450,0,gap,36
10794,72017988,72017.988,2462,0,gap,36
10795,72022234,72022.234,2443,0,gap,36
10796,72037974,72037.974,2449,0,gap,36
10797,72042223,72042.223,2447,0,gap,36
10798,72046483,72046.483,2441,0,gap,36
10799,72057978,72057.978,2423,0,gap,36
10800,72062257,72062.257,2412,0,gap,36
10801,72066507,72066.507,2414,0,gap,36
10802,72077986,72077.986,2400,0,gap,36
10803,72082251,72082.251,2387,0,gap,36
10804,72086527,72086.527,2387,0,gap,36
10805,72097979,72097.979,2385,0,gap,36
10806,72102273,72102.273,2380,0,gap,36
10807,72106546,72106.546,2370,0,gap,36
10808,72117987,72117.987,2368,0,gap,36
10809,72122271,72122.271,2352,0,gap,36
10810,72126570,72126.57,2354,0,gap,36
10811,72137979,72137.979,2350,0,gap,36
10812,72142292,72142.292,2348,0,gap,36
10813,72146581,72146.581,2338,0,gap,36
10814,72157987,72157.987,2324,0,gap,36
10815,72162294,72162.294,2329,0,gap,36
10816,72166617,72166.617,2314,0,gap,36
10817,72173686,72173.686,2304,0,gap,36
10818,72187987,72187.987,2305,0,gap,36
10819,72192085,72192.085,2299,0,gap,36
10820,72196179,72196.179,2288,0,gap,36
10821,72207979,72207.979,2287,0,gap,36
10822,72212096,72212.096,2281,0,gap,36
10823,72216197,72216.197,2279,0,gap,36
10824,72227987,72227.987,2281,0,gap,36
10825,72232098,72232.098,2254,0,gap,36
10826,72236217,72236.217,2251,0,gap,36
10827,72247979,72247.979,2243,0,gap,36
10828,72252108,72252.108,2230,0,gap,36
10829,72256229,72256.229,2229,0,gap,36
10830,72267987,72267.987,2228,0,gap,36
10831,72272123,72272.123,2215,0,gap,36
10832,72276267,72276.267,2227,0,gap,36
10833,72287979,72287.979,2222,0,gap,36
10834,72292133,72292.133,2206,0,gap,36
10835,72296275,72296.275,2209,0,gap,36
10836,72307987,72307.987,2193,0,gap,36
10837,72312140,72312.14,2192,0,gap,36
10838,72316300,72316.3,2191,0,gap,36
10839,72327979,72327.979,2178,0,gap,36
10840,72332155,72332.155,2165,0,gap,36
10841,72336313,72336.313,2176,0,gap,36
10842,72347987,72347.987,2173,0,gap,36
10843,72352165,72352.165,2172,0,gap,36
10844,72356341,72356.341,2150,0,gap,36
10845,72367980,72367.98,2171,0,gap,36
10846,72372171,72372.171,2141,0,gap,36
10847,72376355,72376.355,2138,0,gap,36
10848,72387992,72387.992,2148,0,gap,36
10849,72392186,72392.186,2128,0,gap,36
10850,72396383,72396.383,2115,0,gap,36
10851,72407980,72407.98,2137,0,gap,36
10852,72412200,72412.2,2116,0,gap,36
10853,72416408,72416.408,2126,0,gap,36
10854,72427988,72427.988,2102,0,gap,36
10855,72432226,72432.226,2101,0,gap,36
10856,72437970,72437.97,2103,0,gap,36
10857,72447979,72447.979,2098,0,gap,36
10858,72452231,72452.231,2101,0,gap,36
10859,72457978,72457.978,2075,0,gap,36
10860,72467987,72467.987,2093,0,gap,36
10861,72472241,72472.241,2081,0,gap,36
10862,72477986,72477.986,2079,0,gap,36
10863,72487979,72487.979,2059,0,gap,36
10864,72492259,72492.259,2047,0,gap,36
10865,72497978,72497.978,2047,0,gap,36
10866,72507987,72507.987,2064,0,gap,36
10867,72512260,72512.26,2059,0,gap,36
10868,72517986,72517.986,2034,0,gap,36
10869,72527979,72527.979,2055,0,gap,36
10870,72532278,72532.278,2025,0,gap,36
10871,72537979,72537.979,2023,0,gap,36
10872,72547988,72547.988,2029,0,gap,36
10873,72552280,72552.28,2026,0,gap,36
10874,72557987,72557.987,2030,0,gap,36
10875,72567980,72567.98,2027,0,gap,36
10876,72572290,72572.29,2007,0,gap,36
10877,72577979,72577.979,2007,0,gap,36
10878,72587988,72587.988,2009,0,gap,36
10879,72592305,72592.305,1984,0,gap,36
10880,72599441,72599.441,1986,0,gap,36
10881,72607979,72607.979,1982,0,gap,36
10882,72612079,72612.079,1973,0,gap,36
10883,72627978,72627.978,1999,0,gap,36
10884,72632090,72632.09,1988,0,gap,36
10885,72636185,72636.185,1985,0,gap,36
10886,72647987,72647.987,1989,0,gap,36
10887,72652100,72652.1,1967,0,gap,36
10888,72656217,72656.217,1954,0,gap,36
10889,72667979,72667.979,1973,0,gap,36
10890,72672107,72672.107,1955,0,gap,36
10891,72676227,72676.227,1966,0,gap,36
10892,72687987,72687.987,1967,0,gap,36
10893,72692121,72692.121,1942,0,gap,36
10894,72696260,72696.26,1939,0,gap,36
10895,72707979,72707.979,1938,0,gap,36
10896,72712135,72712.135,1947,0,gap,36
10897,72716275,72716.275,1943,0,gap,36
10898,72727987,72727.987,1941,0,gap,36
10899,72732138,72732.138,1934,0,gap,36
10900,72736297,72736.297,1920,0,gap,36
10901,72747979,72747.979,1927,0,gap,36
10902,72752157,72752.157,1919,0,gap,36
10903,72756318,72756.318,1922,0,gap,36
10904,72767987,72767.987,1919,0,gap,36
10905,72772163,72772.163,1910,0,gap,36
10906,72776342,72776.342,1893,0,gap,36
10907,72787979,72787.979,1919,0,gap,36
10908,72792174,72792.174,1875,0,gap,36
10909,72796356,72796.356,1895,0,gap,36
10910,72807988,72807.988,1886,0,gap,36
10911,72812185,72812.185,1892,0,gap,36
10912,72816389,72816.389,1885,0,gap,36
10913,72827980,72827.98,1874,0,gap,36
10914,72832191,72832.191,1879,0,gap,36
10915,72836406,72836.406,1878,0,gap,36
10916,72847988,72847.988,1872,0,gap,36
10917,72852221,72852.221,1859,0,gap,36
10918,72856461,72856.461,1851,0,gap,36
10919,72867980,72867.98,1861,0,gap,36
10920,72872238,72872.238,1853,0,gap,36
10921,72877966,72877.966,1871,0,gap,36
10922,72887987,72887.987,1859,0,gap,36
10923,72892243,72892.243,1854,0,gap,36
10924,72897986,72897.986,1854,0,gap,36
10925,72907979,72907.979,1847,0,gap,36
10926,72912257,72912.257,1833,0,gap,36
10927,72917978,72917.978,1834,0,gap,36
10928,72927991,72927.991,1841,0,gap,36
10929,72932267,72932.267,1827,0,gap,36
10930,72937986,72937.986,1821,0,gap,36
10931,72947979,72947.979,1839,0,gap,36
10932,72952273,72952.273,1812,0,gap,36
10933,72957978,72957.978,1807,0,gap,36
10934,72967987,72967.987,1823,0,gap,36
10935,72972282,72972.282,1808,0,gap,36
10936,72977987,72977.987,1798,0,gap,36
10937,72987980,72987.98,1807,0,gap,36
10938,72992292,72992.292,1790,0,gap,36
10939,72997979,72997.979,1793,0,gap,36
10940,73007988,73007.988,1792,0,gap,36
10941,73012299,73012.299,1786,0,gap,36
10942,73019378,73019.378,1799,0,gap,36
10943,73027979,73027.979,1791,0,gap,36
10944,73032097,73032.097,1775,0,gap,36
10945,73047966,73047.966,1795,0,gap,36
10946,73052080,73052.08,1774,0,gap,36
10947,73056174,73056.174,1781,0,gap,36
10948,73067987,73067.987,1778,0,gap,36
10949,73072091,73072.091,1783,0,gap,36
10950,73076215,73076.215,1779,0,gap,36
10951,73087979,73087.979,1774,0,gap,36
10952,73092112,73092.112,1773,0,gap,36
10953,73096222,73096.222,1773,0,gap,36
10954,73107987,73107.987,1763,0,gap,36
10955,73112116,73112.116,1765,0,gap,36
10956,73116253,73116.253,1759,0,gap,36
10957,73127979,73127.979,1769,0,gap,36
10958,73132130,73132.13,1773,0,gap,36
10959,73136265,73136.265,1747,0,gap,36
10960,73147991,73147.991,1746,0,gap,36
10961,73152140,73152.14,1749,0,gap,36
10962,73156297,73156.297,1744,0,gap,36
10963,73167979,73167.979,1754,0,gap,36
10964,73172151,73172.151,1739,0,gap,36
10965,73176307,73176.307,1729,0,gap,36
10966,73187987,73187.987,1731,0,gap,36
10967,73192157,73192.157,1733,0,gap,36
10968,73196339,73196.339,1722,0,gap,36
10969,73207979,73207.979,1715,0,gap,36
10970,73212171,73212.171,1727,0,gap,36
10971,73216363,73216.363,1729,0,gap,36
10972,73227988,73227.988,1729,0,gap,36
10973,73232174,73232.174,1718,0,gap,36
10974,73236377,73236.377,1704,0,gap,36
10975,73247980,73247.98,1723,0,gap,36
10976,73252201,73252.201,1709,0,gap,36
10977,73256401,73256.401,1690,0,gap,36
10978,73267988,73267.988,1711,0,gap,36
10979,73272213,73272.213,1689,0,gap,36
10980,73276451,73276.451,1699,0,gap,36
10981,73287980,73287.98,1707,0,gap,36
10982,73292237,73292.237,1695,0,gap,36
10983,73297966,73297.966,1699,0,gap,36
10984,73307987,73307.987,1694,0,gap,36
10985,73312237,73312.237,1695,0,gap,36
10986,73317986,73317.986,1680,0,gap,36
10987,73327979,73327.979,1685,0,gap,36
10988,73332251,73332.251,1680,0,gap,36
10989,73337978,73337.978,1685,0,gap,36
10990,73347987,73347.987,1680,0,gap,36
10991,73352257,73352.257,1680,0,gap,36
10992,73357990,73357.99,1674,0,gap,36
10993,73367979,73367.979,1674,0,gap,36
10994,73372271,73372.271,1671,0,gap,36
10995,73377978,73377.978,1674,0,gap,36
10996,73387987,73387.987,1680,0,gap,36
10997,73392273,73392.273,1671,0,gap,36
10998,73397987,73397.987,1655,0,gap,36
10999,73407980,73407.98,1678,0,gap,36
11000,73412295,73412.295,1665,0,gap,36
11001,73417979,73417.979,1666,0,gap,36
11002,73427988,73427.988,1664,0,gap,36
11003,73432297,73432.297,1661,0,gap,36
11004,73437987,73437.987,1650,0,gap,36
11005,73445060,73445.06,1643,0,gap,36
11006,73457988,73457.988,1648,0,gap,36
11007,73462091,73462.091,1647,0,gap,36
11008,73466200,73466.2,1651,0,gap,36
11009,73477979,73477.979,1659,0,gap,36
11010,73482094,73482.094,1638,0,gap,36
11011,73486193,73486.193,1639,0,gap,36
11012,73497987,73497.987,1648,0,gap,36
11013,73502096,73502.096,1643,0,gap,36
11014,73506242,73506.242,1620,0,gap,36
11015,73517979,73517.979,1649,0,gap,36
11016,73522123,73522.123,1648,0,gap,36
11017,73526239,73526.239,1623,0,gap,36
11018,73537987,73537.987,1620,0,gap,36
11019,73542122,73542.122,1627,0,gap,36
11020,73546263,73546.263,1615,0,gap,36
11021,73557979,73557.979,1626,0,gap,36
11022,73562135,73562.135,1635,0,gap,36
11023,73566275,73566.275,1625,0,gap,36
11024,73577992,73577.992,1636,0,gap,36
11025,73582143,73582.143,1621,0,gap,36
11026,73586310,73586.31,1610,0,gap,36
11027,73597980,73597.98,1625,0,gap,36
11028,73602157,73602.157,1620,0,gap,36
11029,73606313,73606.313,1606,0,gap,36
11030,73617988,73617.988,1611,0,gap,36
11031,73622163,73622.163,1599,0,gap,36
11032,73626350,73626.35,1600,0,gap,36
11033,73637980,73637.98,1622,0,gap,36
11034,73642182,73642.182,1622,0,gap,36
11035,73646368,73646.368,1598,0,gap,36
11036,73657988,73657.988,1629,1,pulse,37
11037,73662273,73662.273,4095,1,pulse,37
11038,73667982,73667.982,4095,1,pulse,37
11039,73677975,73677.975,4095,1,pulse,37
11040,73682144,73682.144,4095,1,pulse,37
11041,73687975,73687.975,4095,1,pulse,37
11042,73697984,73697.984,4095,0,gap,37
11043,73702375,73702.375,2992,0,gap,37
11044,73707991,73707.991,2887,0,gap,37
11045,73717980,73717.98,2771,0,gap,37
11046,73722247,73722.247,2756,0,gap,37
11047,73737970,73737.97,2691,0,gap,37
11048,73742248,73742.248,2675,0,gap,37
11049,73746501,73746.501,2660,0,gap,37
11050,73757986,73757.986,2647,0,gap,37
11051,73762258,73762.258,2640,0,gap,37
11052,73766537,73766.537,2634,0,gap,37
11053,73777978,73777.978,2627,0,gap,37
11054,73782272,73782.272,2615,0,gap,37
11055,73786553,73786.553,2611,0,gap,37
11056,73797986,73797.986,2586,0,gap,37
11057,73802274,73802.274,2586,0,gap,37
11058,73806572,73806.572,2583,0,gap,37
11059,73817979,73817.979,2586,0,gap,37
11060,73822296,73822.296,2558,0,gap,37
11061,73826592,73826.592,2553,0,gap,37
11062,73837987,73837.987,2545,0,gap,37
11063,73842297,73842.297,2539,0,gap,37
11064,73846619,73846.619,2534,0,gap,37
11065,73857979,73857.979,2517,0,gap,37
11066,73862315,73862.315,2522,0,gap,37
11067,73869393,73869.393,2490,0,gap,37
11068,73873496,73873.496,2491,0,gap,37
11069,73887979,73887.979,2493,0,gap,37
11070,73892091,73892.091,2470,0,gap,37
11071,73896199,73896.199,2480,0,gap,37
11072,73907987,73907.987,2470,0,gap,37
11073,73912105,73912.105,2471,0,gap,37
11074,73916227,73916.227,2461,0,gap,37
11075,73927979,73927.979,2458,0,gap,37
11076,73932115,73932.115,2443,0,gap,37
11077,73936235,73936.235,2451,0,gap,37
11078,73947987,73947.987,2430,0,gap,37
11079,73952125,73952.125,2431,0,gap,37
11080,73956268,73956.268,2418,0,gap,37
11081,73967979,73967.979,2416,0,gap,37
11082,73972137,73972.137,2409,0,gap,37
11083,73976278,73976.278,2397,0,gap,37
11084,73987987,73987.987,2411,0,gap,37
11085,73992142,73992.142,2395,0,gap,37
11086,73996305,73996.305,2381,0,gap,37
11087,74007983,74007.983,2378,0,gap,37
11088,74012161,74012.161,2372,0,gap,37
11089,74016323,74016.323,2362,0,gap,37
11090,74027987,74027.987,2359,0,gap,37
11091,74032168,74032.168,2352,0,gap,37
11092,74036352,74036.352,2342,0,gap,37
11093,74047979,74047.979,2348,0,gap,37
11094,74052174,74052.174,2330,0,gap,37
11095,74056359,74056.359,2322,0,gap,37
11096,74067988,74067.988,2326,0,gap,37
11097,74072189,74072.189,2309,0,gap,37
11098,74076394,74076.394,2306,0,gap,37
11099,74087980,74087.98,2303,0,gap,37
11100,74092199,74092.199,2310,0,gap,37
11101,74096405,74096.405,2301,0,gap,37
11102,74107988,74107.988,2297,0,gap,37
11103,74112221,74112.221,2277,0,gap,37
11104,74116460,74116.46,2275,0,gap,37
11105,74127980,74127.98,2263,0,gap,37
11106,74132239,74132.239,2272,0,gap,37
11107,74137966,74137.966,2257,0,gap,37
11108,74147991,74147.991,2259,0,gap,37
11109,74152252,74152.252,2239,0,gap,37
11110,74157986,74157.986,2249,0,gap,37
11111,74167979,74167.979,2256,0,gap,37
11112,74172258,74172.258,2224,0,gap,37
11113,74177978,74177.978,2224,0,gap,37
11114,74187987,74187.987,2235,0,gap,37
11115,74192264,74192.264,2213,0,gap,37
11116,74197986,74197.986,2202,0,gap,37
11117,74207979,74207.979,2213,0,gap,37
11118,74212274,74212.274,2190,0,gap,37
11119,74217983,74217.983,2196,0,gap,37
11120,74227987,74227.987,2208,0,gap,37
11121,74232283,74232.283,2192,0,gap,37
11122,74237987,74237.987,2179,0,gap,37
11123,74247980,74247.98,2181,0,gap,37
11124,74252298,74252.298,2160,0,gap,37
11125,74257979,74257.979,2155,0,gap,37
11126,74267988,74267.988,2163,0,gap,37
11127,74272307,74272.307,2157,0,gap,37
11128,74277987,74277.987,2151,0,gap,37
11129,74287980,74287.98,2165,0,gap,37
11130,74295091,74295.091,2162,0,gap,37
11131,74299185,74299.185,2153,0,gap,37
11132,74307987,74307.987,2130,0,gap,37
11133,74312090,74312.09,2128,0,gap,37
11134,74327986,74327.986,2141,0,gap,37
11135,74332103,74332.103,2125,0,gap,37
11136,74336228,74336.228,2123,0,gap,37
11137,74347978,74347.978,2122,0,gap,37
11138,74352114,74352.114,2117,0,gap,37
11139,74356228,74356.228,2102,0,gap,37
11140,74367991,74367.991,2102,0,gap,37
11141,74372124,74372.124,2099,0,gap,37
11142,74376266,74376.266,2101,0,gap,37
11143,74387979,74387.979,2107,0,gap,37
11144,74392139,74392.139,2090,0,gap,37
11145,74396274,74396.274,2071,0,gap,37
11146,74407987,74407.987,2094,0,gap,37
11147,74412141,74412.141,2079,0,gap,37
11148,74416306,74416.306,2064,0,gap,37
11149,74427979,74427.979,2081,0,gap,37
11150,74432156,74432.156,2055,0,gap,37
11151,74436321,74436.321,2062,0,gap,37
11152,74447987,74447.987,2064,0,gap,37
11153,74452158,74452.158,2041,0,gap,37
11154,74456344,74456.344,2041,0,gap,37
11155,74467979,74467.979,2043,0,gap,37
11156,74472181,74472.181,2028,0,gap,37
11157,74476357,74476.357,2021,0,gap,37
11158,74487987,74487.987,2043,0,gap,37
11159,74492183,74492.183,2025,0,gap,37
11160,74496391,74496.391,2016,0,gap,37
11161,74507980,74507.98,2010,0,gap,37
11162,74512202,74512.202,2008,0,gap,37
11163,74516399,74516.399,2011,0,gap,37
11164,74527988,74527.988,2011,0,gap,37
11165,74532212,74532.212,2013,0,gap,37
11166,74536440,74536.44,2003,0,gap,37
11167,74547984,74547.984,2002,0,gap,37
11168,74552242,74552.242,2004,0,gap,37
11169,74556483,74556.483,1988,0,gap,37
11170,74567988,74567.988,1982,0,gap,37
11171,74572248,74572.248,1985,0,gap,37
11172,74577974,74577.974,1970,0,gap,37
11173,74587979,74587.979,1991,0,gap,37
11174,74592256,74592.256,1958,0,gap,37
11175,74597978,74597.978,1956,0,gap,37
11176,74607987,74607.987,1959,0,gap,37
11177,74612266,74612.266,1953,0,gap,37
11178,74617986,74617.986,1949,0,gap,37
11179,74627979,74627.979,1954,0,gap,37
11180,74632272,74632.272,1957,0,gap,37
11181,74637978,74637.978,1938,0,gap,37
11182,74647987,74647.987,1939,0,gap,37
11183,74652290,74652.29,1938,0,gap,37
11184,74657986,74657.986,1920,0,gap,37
11185,74667979,74667.979,1934,0,gap,37
11186,74672296,74672.296,1920,0,gap,37
11187,74677979,74677.979,1920,0,gap,37
11188,74687992,74687.992,1918,0,gap,37
11189,74692310,74692.31,1902,0,gap,37
11190,74697987,74697.987,1915,0,gap,37
11191,74707980,74707.98,1905,0,gap,37
11192,74715075,74715.075,1904,0,gap,37
11193,74719171,74719.171,1918,0,gap,37
11194,74727987,74727.987,1904,0,gap,37
11195,74732087,74732.087,1885,0,gap,37
11196,74747970,74747.97,1899,0,gap,37
11197,74752078,74752.078,1909,0,gap,37
11198,74756200,74756.2,1874,0,gap,37
11199,74767983,74767.983,1907,0,gap,37
11200,74772120,74772.12,1886,0,gap,37
11201,74776237,74776.237,1873,0,gap,37
11202,74787987,74787.987,1891,0,gap,37
11203,74792114,74792.114,1886,0,gap,37
11204,74796261,74796.261,1868,0,gap,37
11205,74807979,74807.979,1877,0,gap,37
11206,74812133,74812.133,1872,0,gap,37
11207,74816271,74816.271,1857,0,gap,37
11208,74827987,74827.987,1861,0,gap,37
11209,74832135,74832.135,1858,0,gap,37
11210,74836303,74836.303,1843,0,gap,37
11211,74847979,74847.979,1863,0,gap,37
11212,74852158,74852.158,1844,0,gap,37
11213,74856316,74856.316,1847,0,gap,37
11214,74867987,74867.987,1856,0,gap,37
11215,74872165,74872.165,1840,0,gap,37
11216,74876349,74876.349,1840,0,gap,37
11217,74887979,74887.979,1856,0,gap,37
11218,74892174,74892.174,1822,0,gap,37
11219,74896353,74896.353,1818,0,gap,37
11220,74907991,74907.991,1839,0,gap,37
11221,74912185,74912.185,1838,0,gap,37
11222,74916391,74916.391,1818,0,gap,37
11223,74927980,74927.98,1817,0,gap,37
11224,74932200,74932.2,1830,0,gap,37
11225,74936399,74936.399,1810,0,gap,37
11226,74947988,74947.988,1821,0,gap,37
11227,74952206,74952.206,1802,0,gap,37
11228,74956440,74956.44,1798,0,gap,37
11229,74967980,74967.98,1818,0,gap,37
11230,74972236,74972.236,1802,0,gap,37
11231,74976480,74976.48,1791,0,gap,37
11232,74987988,74987.988,1797,0,gap,37
11233,74992238,74992.238,1781,0,gap,37
11234,74997970,74997.97,1793,0,gap,37
11235,75007979,75007.979,1791,0,gap,37
11236,75012263,75012.263,1776,0,gap,37
11237,75017978,75017.978,1793,0,gap,37
11238,75027987,75027.987,1790,0,gap,37
11239,75032260,75032.26,1787,0,gap,37
11240,75037986,75037.986,1778,0,gap,37
11241,75047979,75047.979,1782,0,gap,37
11242,75052282,75052.282,1776,0,gap,37
11243,75057978,75057.978,1763,0,gap,37
11244,75067987,75067.987,1761,0,gap,37
11245,75072276,75072.276,1765,0,gap,37
11246,75077986,75077.986,1774,0,gap,37
11247,75087983,75087.983,1762,0,gap,37
11248,75092302,75092.302,1750,0,gap,37
11249,75097979,75097.979,1743,0,gap,37
11250,75107988,75107.988,1764,0,gap,37
11251,75112296,75112.296,1738,0,gap,37
11252,75117991,75117.991,1737,0,gap,37
11253,75127980,75127.98,1745,0,gap,37
11254,75132311,75132.311,1737,0,gap,37
11255,75139409,75139.409,1743,0,gap,37
11256,75147987,75147.987,1754,0,gap,37
11257,75152087,75152.087,1742,0,gap,37
11258,75167970,75167.97,1745,0,gap,37
11259,75172080,75172.08,1738,0,gap,37
11260,75176194,75176.194,1723,0,gap,37
11261,75187979,75187.979,1744,0,gap,37
11262,75192106,75192.106,1735,0,gap,37
11263,75196230,75196.23,1735,0,gap,37
11264,75207987,75207.987,1727,0,gap,37
11265,75212133,75212.133,1734,0,gap,37
11266,75216271,75216.271,1718,0,gap,37
11267,75227979,75227.979,1728,0,gap,37
11268,75232132,75232.132,1723,0,gap,37
11269,75236268,75236.268,1712,0,gap,37
11270,75247987,75247.987,1719,0,gap,37
11271,75252142,75252.142,1711,0,gap,37
11272,75256300,75256.3,1707,0,gap,37
11273,75267979,75267.979,1718,0,gap,37
11274,75272157,75272.157,1691,0,gap,37
11275,75276314,75276.314,1697,0,gap,37
11276,75287987,75287.987,1699,0,gap,37
11277,75292159,75292.159,1695,0,gap,37
11278,75296338,75296.338,1680,0,gap,37
11279,75307983,75307.983,1715,0,gap,37
11280,75312177,75312.177,1695,0,gap,37
11281,75316358,75316.358,1680,0,gap,37
11282,75327987,75327.987,1690,0,gap,37
11283,75332179,75332.179,1685,0,gap,37
11284,75336380,75336.38,1687,0,gap,37
11285,75347980,75347.98,1691,0,gap,37
11286,75352191,75352.191,1682,0,gap,37
11287,75356393,75356.393,1664,0,gap,37
11288,75367988,75367.988,1693,0,gap,37
11289,75372201,75372.201,1666,0,gap,37
11290,75376434,75376.434,1663,0,gap,37
11291,75387980,75387.98,1677,0,gap,37
11292,75392235,75392.235,1666,0,gap,37
11293,75396469,75396.469,1671,0,gap,37
11294,75407988,75407.988,1661,0,gap,37
11295,75412244,75412.244,1654,0,gap,37
11296,75417970,75417.97,1674,0,gap,37
11297,75427979,75427.979,1676,0,gap,37
11298,75432253,75432.253,1649,0,gap,37
11299,75437978,75437.978,1662,0,gap,37
11300,75447991,75447.991,1648,0,gap,37
11301,75452263,75452.263,1658,0,gap,37
11302,75457986,75457.986,1647,0,gap,37
11303,75467979,75467.979,1657,0,gap,37
11304,75472277,75472.277,1652,0,gap,37
11305,75477978,75477.978,1631,0,gap,37
11306,75487987,75487.987,1645,0,gap,37
11307,75492275,75492.275,1644,0,gap,37
11308,75497986,75497.986,1630,0,gap,37
11309,75507979,75507.979,1646,0,gap,37
11310,75512297,75512.297,1631,0,gap,37
11311,75517983,75517.983,1630,0,gap,37
11312,75527988,75527.988,1643,0,gap,37
11313,75532295,75532.295,1632,0,gap,37
11314,75537987,75537.987,1627,0,gap,37
11315,75547980,75547.98,1627,0,gap,37
11316,75552317,75552.317,1620,0,gap,37
11317,75559396,75559.396,1626,0,gap,37
11318,75567987,75567.987,1629,0,gap,37
11319,75572099,75572.099,1629,0,gap,37
11320,75587970,75587.97,1639,0,gap,37
11321,75592082,75592.082,1619,0,gap,37
11322,75596197,75596.197,1627,0,gap,37
11323,75607979,75607.979,1618,0,gap,37
11324,75612105,75612.105,1629,0,gap,37
11325,75616218,75616.218,1622,0,gap,37
11326,75627987,75627.987,1618,0,gap,37
11327,75632122,75632.122,1615,0,gap,37
11328,75636258,75636.258,1618,0,gap,37
11329,75647979,75647.979,1619,0,gap,37
11330,75652126,75652.126,1611,0,gap,37
11331,75656265,75656.265,1611,0,gap,37
11332,75667991,75667.991,1642,1,pulse,38
11333,75672236,75672.236,4095,1,pulse,38
11334,75676330,75676.33,4095,1,pulse,38
11335,75687976,75687.976,4095,1,pulse,38
11336,75692080,75692.08,4095,1,pulse,38
11337,75696177,75696.177,4095,1,pulse,38
11338,75707984,75707.984,4095,0,gap,38
11339,75712314,75712.314,2986,0,gap,38
11340,75716509,75716.509,2875,0,gap,38
11341,75727980,75727.98,2787,0,gap,38
11342,75732186,75732.186,2778,0,gap,38
11343,75737978,75737.978,2736,0,gap,38
11344,75747987,75747.987,2704,0,gap,38
11345,75752190,75752.19,2689,0,gap,38
11346,75757986,75757.986,2690,0,gap,38
11347,75767983,75767.983,2674,0,gap,38
11348,75772206,75772.206,2661,0,gap,38
11349,75777978,75777.978,2642,0,gap,38
11350,75787987,75787.987,2625,0,gap,38
11351,75792212,75792.212,2635,0,gap,38
11352,75797987,75797.987,2599,0,gap,38
11353,75807979,75807.979,2608,0,gap,38
11354,75812236,75812.236,2559,0,gap,38
11355,75817979,75817.979,2589,0,gap,38
11356,75827988,75827.988,2559,0,gap,38
11357,75832252,75832.252,2559,0,gap,38
11358,75837987,75837.987,2544,0,gap,38
11359,75847980,75847.98,2538,0,gap,38
11360,75852262,75852.262,2531,0,gap,38
11361,75857979,75857.979,2542,0,gap,38
11362,75867988,75867.988,2539,0,gap,38
11363,75872276,75872.276,2517,0,gap,38
11364,75877987,75877.987,2513,0,gap,38
11365,75887980,75887.98,2497,0,gap,38
11366,75892282,75892.282,2490,0,gap,38
11367,75907970,75907.97,2487,0,gap,38
11368,75912278,75912.278,2479,0,gap,38
11369,75916578,75916.578,2480,0,gap,38
11370,75927986,75927.986,2479,0,gap,38
11371,75932296,75932.296,2470,0,gap,38
11372,75936610,75936.61,2460,0,gap,38
11373,75947978,75947.978,2448,0,gap,38
11374,75952310,75952.31,2445,0,gap,38
11375,75956625,75956.625,2435,0,gap,38
11376,75967986,75967.986,2433,0,gap,38
11377,75972316,75972.316,2427,0,gap,38
11378,75976649,75976.649,2421,0,gap,38
11379,75987983,75987.983,2416,0,gap,38
11380,75995107,75995.107,2415,0,gap,38
11381,75999215,75999.215,2402,0,gap,38
11382,76007987,76007.987,2397,0,gap,38
11383,76012104,76012.104,2398,0,gap,38
11384,76017987,76017.987,2383,0,gap,38
11385,76027980,76027.98,2370,0,gap,38
11386,76032122,76032.122,2382,0,gap,38
11387,76037979,76037.979,2362,0,gap,38
11388,76047988,76047.988,2366,0,gap,38
11389,76052124,76052.124,2340,0,gap,38
11390,76057987,76057.987,2339,0,gap,38
11391,76067980,76067.98,2332,0,gap,38
11392,76072143,76072.143,2329,0,gap,38
11393,76087970,76087.97,2345,0,gap,38
11394,76092140,76092.14,2330,0,gap,38
11395,76096293,76096.293,2321,0,gap,38
11396,76107986,76107.986,2320,0,gap,38
11397,76112150,76112.15,2307,0,gap,38
11398,76116325,76116.325,2311,0,gap,38
11399,76127979,76127.979,2307,0,gap,38
11400,76132170,76132.17,2288,0,gap,38
11401,76136344,76136.344,2289,0,gap,38
11402,76147987,76147.987,2288,0,gap,38
11403,76152172,76152.172,2277,0,gap,38
11404,76156368,76156.368,2271,0,gap,38
11405,76167979,76167.979,2267,0,gap,38
11406,76172194,76172.194,2267,0,gap,38
11407,76176384,76176.384,2264,0,gap,38
11408,76187987,76187.987,2246,0,gap,38
11409,76192193,76192.193,2259,0,gap,38
11410,76196410,76196.41,2238,0,gap,38
11411,76207983,76207.983,2242,0,gap,38
11412,76212215,76212.215,2224,0,gap,38
11413,76216427,76216.427,2221,0,gap,38
11414,76227987,76227.987,2224,0,gap,38
11415,76232226,76232.226,2222,0,gap,38
11416,76236468,76236.468,2203,0,gap,38
11417,76247979,76247.979,2204,0,gap,38
11418,76252247,76252.247,2215,0,gap,38
11419,76256502,76256.502,2204,0,gap,38
11420,76267987,76267.987,2194,0,gap,38
11421,76272257,76272.257,2179,0,gap,38
11422,76276534,76276.534,2176,0,gap,38
11423,76287980,76287.98,2171,0,gap,38
11424,76292267,76292.267,2162,0,gap,38
11425,76296541,76296.541,2167,0,gap,38
11426,76307988,76307.988,2160,0,gap,38
11427,76312281,76312.281,2155,0,gap,38
11428,76316573,76316.573,2151,0,gap,38
11429,76327980,76327.98,2155,0,gap,38
11430,76332287,76332.287,2148,0,gap,38
11431,76337966,76337.966,2128,0,gap,38
11432,76347987,76347.987,2145,0,gap,38
11433,76352299,76352.299,2116,0,gap,38
11434,76357986,76357.986,2118,0,gap,38
11435,76367979,76367.979,2129,0,gap,38
11436,76372305,76372.305,2096,0,gap,38
11437,76377978,76377.978,2119,0,gap,38
11438,76387987,76387.987,2117,0,gap,38
11439,76392315,76392.315,2109,0,gap,38
11440,76397986,76397.986,2090,0,gap,38
11441,76407979,76407.979,2096,0,gap,38
11442,76415085,76415.085,2087,0,gap,38
11443,76419197,76419.197,2075,0,gap,38
11444,76427986,76427.986,2088,0,gap,38
11445,76432100,76432.1,2068,0,gap,38
11446,76437987,76437.987,2068,0,gap,38
11447,76447980,76447.98,2064,0,gap,38
11448,76452120,76452.12,2062,0,gap,38
11449,76457979,76457.979,2047,0,gap,38
11450,76467988,76467.988,2039,0,gap,38
11451,76472122,76472.122,2043,0,gap,38
11452,76477987,76477.987,2019,0,gap,38
11453,76487980,76487.98,2032,0,gap,38
11454,76492145,76492.145,2023,0,gap,38
11455,76507970,76507.97,2035,0,gap,38
11456,76512138,76512.138,2029,0,gap,38
11457,76516286,76516.286,2023,0,gap,38
11458,76527986,76527.986,2017,0,gap,38
11459,76532153,76532.153,2028,0,gap,38
11460,76536326,76536.326,2019,0,gap,38
11461,76547979,76547.979,2017,0,gap,38
11462,76552167,76552.167,2007,0,gap,38
11463,76556335,76556.335,2003,0,gap,38
11464,76567987,76567.987,2011,0,gap,38
11465,76572174,76572.174,1998,0,gap,38
11466,76576369,76576.369,1984,0,gap,38
11467,76587979,76587.979,1985,0,gap,38
11468,76592188,76592.188,1982,0,gap,38
11469,76596376,76596.376,1980,0,gap,38
11470,76607987,76607.987,1969,0,gap,38
11471,76612191,76612.191,1982,0,gap,38
11472,76616406,76616.406,1957,0,gap,38
11473,76627979,76627.979,1966,0,gap,38
11474,76632209,76632.209,1953,0,gap,38
11475,76636423,76636.423,1940,0,gap,38
11476,76647987,76647.987,1955,0,gap,38
11477,76652220,76652.22,1938,0,gap,38
11478,76656463,76656.463,1936,0,gap,38
11479,76667979,76667.979,1931,0,gap,38
11480,76672249,76672.249,1925,0,gap,38
11481,76676503,76676.503,1937,0,gap,38
11482,76687987,76687.987,1936,0,gap,38
11483,76692251,76692.251,1922,0,gap,38
11484,76696527,76696.527,1921,0,gap,38
11485,76707980,76707.98,1906,0,gap,38
11486,76712273,76712.273,1907,0,gap,38
11487,76716542,76716.542,1921,0,gap,38
11488,76727988,76727.988,1915,0,gap,38
11489,76732271,76732.271,1903,0,gap,38
11490,76736566,76736.566,1887,0,gap,38
11491,76747984,76747.984,1904,0,gap,38
11492,76752293,76752.293,1887,0,gap,38
11493,76757966,76757.966,1878,0,gap,38
11494,76767987,76767.987,1871,0,gap,38
11495,76772290,76772.29,1890,0,gap,38
11496,76777986,76777.986,1888,0,gap,38
11497,76787979,76787.979,1870,0,gap,38
11498,76792308,76792.308,1865,0,gap,38
11499,76797978,76797.978,1882,0,gap,38
11500,76807987,76807.987,1872,0,gap,38
11501,76812310,76812.31,1870,0,gap,38
11502,76817986,76817.986,1856,0,gap,38
11503,76827979,76827.979,1861,0,gap,38
11504,76832329,76832.329,1851,0,gap,38
11505,76839437,76839.437,1850,0,gap,38
11506,76847986,76847.986,1848,0,gap,38
11507,76852105,76852.105,1851,0,gap,38
11508,76857987,76857.987,1847,0,gap,38
11509,76867980,76867.98,1841,0,gap,38
11510,76872115,76872.115,1826,0,gap,38
11511,76877979,76877.979,1823,0,gap,38
11512,76887988,76887.988,1840,0,gap,38
11513,76892129,76892.129,1826,0,gap,38
11514,76897987,76897.987,1830,0,gap,38
11515,76907980,76907.98,1813,0,gap,38
11516,76912136,76912.136,1808,0,gap,38
11517,76927966,76927.966,1834,0,gap,38
11518,76932133,76932.133,1818,0,gap,38
11519,76936283,76936.283,1814,0,gap,38
11520,76947986,76947.986,1830,0,gap,38
11521,76952151,76952.151,1810,0,gap,38
11522,76956319,76956.319,1807,0,gap,38
11523,76967983,76967.983,1808,0,gap,38
11524,76972166,76972.166,1803,0,gap,38
11525,76976337,76976.337,1795,0,gap,38
11526,76987987,76987.987,1795,0,gap,38
11527,76992173,76992.173,1793,0,gap,38
11528,76996362,76996.362,1779,0,gap,38
11529,77007979,77007.979,1779,0,gap,38
11530,77012182,77012.182,1793,0,gap,38
11531,77016374,77016.374,1766,0,gap,38
11532,77027987,77027.987,1791,0,gap,38
11533,77032193,77032.193,1770,0,gap,38
11534,77036407,77036.407,1761,0,gap,38
11535,77047979,77047.979,1770,0,gap,38
11536,77052204,77052.204,1777,0,gap,38
11537,77056417,77056.417,1744,0,gap,38
11538,77067987,77067.987,1770,0,gap,38
11539,77072218,77072.218,1751,0,gap,38
11540,77076461,77076.461,1753,0,gap,38
11541,77087979,77087.979,1745,0,gap,38
11542,77092248,77092.248,1755,0,gap,38
11543,77096496,77096.496,1759,0,gap,38
11544,77107987,77107.987,1747,0,gap,38
11545,77112254,77112.254,1746,0,gap,38
11546,77116528,77116.528,1738,0,gap,38
11547,77127980,77127.98,1743,0,gap,38
11548,77132268,77132.268,1741,0,gap,38
11549,77136535,77136.535,1728,0,gap,38
11550,77147988,77147.988,1746,0,gap,38
11551,77152270,77152.27,1717,0,gap,38
11552,77156563,77156.563,1740,0,gap,38
11553,77167980,77167.98,1734,0,gap,38
11554,77172287,77172.287,1717,0,gap,38
11555,77177970,77177.97,1718,0,gap,38
11556,77187987,77187.987,1728,0,gap,38
11557,77192288,77192.288,1739,0,gap,38
11558,77197986,77197.986,1727,0,gap,38
11559,77207979,77207.979,1714,0,gap,38
11560,77212306,77212.306,1718,0,gap,38
11561,77217978,77217.978,1701,0,gap,38
11562,77227987,77227.987,1706,0,gap,38
11563,77232308,77232.308,1717,0,gap,38
11564,77237986,77237.986,1703,0,gap,38
11565,77247979,77247.979,1712,0,gap,38
11566,77252331,77252.331,1709,0,gap,38
11567,77259423,77259.423,1705,0,gap,38
11568,77267986,77267.986,1694,0,gap,38
11569,77272108,77272.108,1701,0,gap,38
11570,77277987,77277.987,1689,0,gap,38
11571,77287984,77287.984,1690,0,gap,38
11572,77292117,77292.117,1677,0,gap,38
11573,77297979,77297.979,1682,0,gap,38
11574,77307988,77307.988,1689,0,gap,38
11575,77312123,77312.123,1677,0,gap,38
11576,77317987,77317.987,1674,0,gap,38
11577,77327980,77327.98,1679,0,gap,38
11578,77332134,77332.134,1666,0,gap,38
11579,77347966,77347.966,1690,0,gap,38
11580,77352127,77352.127,1674,0,gap,38
11581,77356276,77356.276,1670,0,gap,38
11582,77367986,77367.986,1685,0,gap,38
11583,77372149,77372.149,1664,0,gap,38
11584,77376316,77376.316,1671,0,gap,38
11585,77387979,77387.979,1678,0,gap,38
11586,77392159,77392.159,1674,0,gap,38
11587,77396332,77396.332,1667,0,gap,38
11588,77407987,77407.987,1661,0,gap,38
11589,77412170,77412.17,1661,0,gap,38
11590,77416358,77416.358,1662,0,gap,38
11591,77427979,77427.979,1659,0,gap,38
11592,77432181,77432.181,1655,0,gap,38
11593,77436374,77436.374,1650,0,gap,38
11594,77447987,77447.987,1650,0,gap,38
11595,77452190,77452.19,1646,0,gap,38
11596,77456398,77456.398,1639,0,gap,38
11597,77467979,77467.979,1648,0,gap,38
11598,77472206,77472.206,1633,0,gap,38
11599,77476416,77476.416,1647,0,gap,38
11600,77487987,77487.987,1641,0,gap,38
11601,77492212,77492.212,1636,0,gap,38
11602,77496448,77496.448,1642,0,gap,38
11603,77507983,77507.983,1645,0,gap,38
11604,77512240,77512.24,1635,0,gap,38
11605,77516491,77516.491,1639,0,gap,38
11606,77527987,77527.987,1636,0,gap,38
11607,77532252,77532.252,1620,0,gap,38
11608,77536520,77536.52,1615,0,gap,38
11609,77547980,77547.98,1636,0,gap,38
11610,77552262,77552.262,1613,0,gap,38
11611,77556532,77556.532,1621,0,gap,38
11612,77567988,77567.988,1621,0,gap,38
11613,77572272,77572.272,1618,0,gap,38
11614,77576563,77576.563,1614,0,gap,38
11615,77587980,77587.98,1617,0,gap,38
11616,77592282,77592.282,1612,0,gap,38
11617,77597966,77597.966,1609,0,gap,38
11618,77607987,77607.987,1612,0,gap,38
11619,77612294,77612.294,1616,0,gap,38
11620,77617986,77617.986,1603,0,gap,38
11621,77627979,77627.979,1606,0,gap,38
11622,77632300,77632.3,1613,0,gap,38
11623,77637978,77637.978,1597,0,gap,38
11624,77647987,77647.987,1617,0,gap,38
11625,77652314,77652.314,1606,0,gap,38
11626,77657986,77657.986,1594,0,gap,38
11627,77667979,77667.979,1616,0,gap,38
11628,77672321,77672.321,1601,0,gap,38
11629,77677978,77677.978,1606,0,gap,38
11630,77685094,77685.094,1591,0,gap,38
11631,77697979,77697.979,1604,0,gap,38
11632,77702114,77702.114,1585,0,gap,38
11633,77706227,77706.227,1581,0,gap,38
11634,77717986,77717.986,1588,0,gap,38
11635,77722118,77722.118,1591,0,gap,38
11636,77726248,77726.248,1594,0,gap,38
11637,77737979,77737.979,1590,0,gap,38
11638,77742124,77742.124,1587,0,gap,38
11639,77746257,77746.257,1593,0,gap,38
11640,77757987,77757.987,1586,0,gap,38
11641,77762138,77762.138,1573,0,gap,38
11642,77766290,77766.29,1573,0,gap,38
11643,77777979,77777.979,1578,0,gap,38
11644,77782145,77782.145,1561,0,gap,38
11645,77786298,77786.298,1570,0,gap,38
11646,77797987,77797.987,1568,0,gap,38
11647,77802155,77802.155,1535,0,gap,38
11648,77806326,77806.326,1535,0,gap,38
11649,77817979,77817.979,1559,0,gap,38
11650,77822166,77822.166,1534,0,gap,38
11651,77826345,77826.345,1535,0,gap,38
11652,77837987,77837.987,1559,0,gap,38
11653,77842176,77842.176,1529,0,gap,38
11654,77846368,77846.368,1530,0,gap,38
11655,77857979,77857.979,3015,1,pulse,39
11656,77862282,77862.282,4095,1,pulse,39
11657,77866414,77866.414,4095,1,pulse,39
11658,77877984,77877.984,4095,1,pulse,39
11659,77882128,77882.128,4095,1,pulse,39
11660,77887982,77887.982,4095,1,pulse,39
11661,77897979,77897.979,4095,0,gap,39
11662,77902363,77902.363,2982,0,gap,39
11663,77907978,77907.978,2881,0,gap,39
11664,77917987,77917.987,2768,0,gap,39
11665,77922236,77922.236,2751,0,gap,39
11666,77927991,77927.991,2734,0,gap,39
11667,77937980,77937.98,2715,0,gap,39
11668,77942257,77942.257,2690,0,gap,39
11669,77947979,77947.979,2681,0,gap,39
11670,77957988,77957.988,2663,0,gap,39
11671,77962271,77962.271,2656,0,gap,39
11672,77967987,77967.987,2633,0,gap,39
11673,77977980,77977.98,2629,0,gap,39
11674,77982277,77982.277,2611,0,gap,39
11675,77987979,77987.979,2599,0,gap,39
11676,77997988,77997.988,2602,0,gap,39
11677,78002291,78002.291,2595,0,gap,39
11678,78017986,78017.986,2589,0,gap,39
11679,78022291,78022.291,2559,0,gap,39
11680,78026600,78026.6,2555,0,gap,39
11681,78037978,78037.978,2553,0,gap,39
11682,78042305,78042.305,2534,0,gap,39
11683,78046616,78046.616,2526,0,gap,39
11684,78057986,78057.986,2522,0,gap,39
11685,78062311,78062.311,2521,0,gap,39
11686,78066639,78066.639,2501,0,gap,39
11687,78077983,78077.983,2482,0,gap,39
11688,78082325,78082.325,2475,0,gap,39
11689,78086655,78086.655,2456,0,gap,39
11690,78097987,78097.987,2461,0,gap,39
11691,78102331,78102.331,2449,0,gap,39
11692,78109446,78109.446,2437,0,gap,39
11693,78113565,78113.565,2429,0,gap,39
11694,78127987,78127.987,2431,0,gap,39
11695,78132111,78132.111,2421,0,gap,39
11696,78136246,78136.246,2406,0,gap,39
11697,78147978,78147.978,2416,0,gap,39
11698,78152133,78152.133,2385,0,gap,39
11699,78156263,78156.263,2384,0,gap,39
11700,78167987,78167.987,2375,0,gap,39
11701,78172131,78172.131,2368,0,gap,39
11702,78176286,78176.286,2362,0,gap,39
11703,78187983,78187.983,2349,0,gap,39
11704,78192153,78192.153,2330,0,gap,39
11705,78196304,78196.304,2327,0,gap,39
11706,78207987,78207.987,2313,0,gap,39
11707,78212152,78212.152,2303,0,gap,39
11708,78216329,78216.329,2285,0,gap,39
11709,78227979,78227.979,2288,0,gap,39
11710,78232170,78232.17,2285,0,gap,39
11711,78236341,78236.341,2269,0,gap,39
11712,78247987,78247.987,2271,0,gap,39
11713,78252173,78252.173,2261,0,gap,39
11714,78256374,78256.374,2239,0,gap,39
11715,78267979,78267.979,2242,0,gap,39
11716,78272191,78272.191,2241,0,gap,39
11717,78276383,78276.383,2221,0,gap,39
11718,78287987,78287.987,2217,0,gap,39
11719,78292198,78292.198,2209,0,gap,39
11720,78296415,78296.415,2193,0,gap,39
11721,78307980,78307.98,2189,0,gap,39
11722,78312213,78312.213,2190,0,gap,39
11723,78316426,78316.426,2170,0,gap,39
11724,78327988,78327.988,2173,0,gap,39
11725,78332219,78332.219,2165,0,gap,39
11726,78336458,78336.458,2160,0,gap,39
11727,78347980,78347.98,2160,0,gap,39
11728,78352241,78352.241,2157,0,gap,39
11729,78356488,78356.488,2131,0,gap,39
11730,78367992,78367.992,2128,0,gap,39
11731,78372259,78372.259,2123,0,gap,39
11732,78377970,78377.97,2118,0,gap,39
11733,78387979,78387.979,2109,0,gap,39
11734,78392271,78392.271,2112,0,gap,39
11735,78397982,78397.982,2086,0,gap,39
11736,78407987,78407.987,2087,0,gap,39
11737,78412273,78412.273,2067,0,gap,39
11738,78417986,78417.986,2055,0,gap,39
11739,78427979,78427.979,2071,0,gap,39
11740,78432291,78432.291,2059,0,gap,39
11741,78437978,78437.978,2032,0,gap,39
11742,78447987,78447.987,2032,0,gap,39
11743,78452293,78452.293,2021,0,gap,39
11744,78457986,78457.986,2018,0,gap,39
11745,78467979,78467.979,2017,0,gap,39
11746,78472315,78472.315,2003,0,gap,39
11747,78477979,78477.979,2003,0,gap,39
11748,78487988,78487.988,1995,0,gap,39
11749,78492313,78492.313,1981,0,gap,39
11750,78497987,78497.987,1983,0,gap,39
11751,78507984,78507.984,1982,0,gap,39
11752,78512335,78512.335,1968,0,gap,39
11753,78517979,78517.979,1965,0,gap,39
11754,78527988,78527.988,1967,0,gap,39
11755,78535089,78535.089,1953,0,gap,39
11756,78539236,78539.236,1940,0,gap,39
11757,78547979,78547.979,1936,0,gap,39
11758,78552122,78552.122,1929,0,gap,39
11759,78567978,78567.978,1920,0,gap,39
11760,78572127,78572.127,1907,0,gap,39
11761,78576256,78576.256,1919,0,gap,39
11762,78587991,78587.991,1918,0,gap,39
11763,78592134,78592.134,1900,0,gap,39
11764,78596288,78596.288,1907,0,gap,39
11765,78607979,78607.979,1905,0,gap,39
11766,78612148,78612.148,1877,0,gap,39
11767,78616302,78616.302,1879,0,gap,39
11768,78627987,78627.987,1877,0,gap,39
11769,78632151,78632.151,1866,0,gap,39
11770,78636326,78636.326,1856,0,gap,39
11771,78647979,78647.979,1852,0,gap,39
11772,78652169,78652.169,1841,0,gap,39
11773,78656342,78656.342,1840,0,gap,39
11774,78667987,78667.987,1841,0,gap,39
11775,78672172,78672.172,1830,0,gap,39
11776,78676369,78676.369,1837,0,gap,39
11777,78687979,78687.979,1815,0,gap,39
11778,78692194,78692.194,1823,0,gap,39
11779,78696384,78696.384,1825,0,gap,39
11780,78707987,78707.987,1805,0,gap,39
11781,78712192,78712.192,1806,0,gap,39
11782,78716409,78716.409,1791,0,gap,39
11783,78727983,78727.983,1798,0,gap,39
11784,78732216,78732.216,1781,0,gap,39
11785,78736427,78736.427,1766,0,gap,39
11786,78747988,78747.988,1772,0,gap,39
11787,78752214,78752.214,1750,0,gap,39
11788,78756452,78756.452,1763,0,gap,39
11789,78767980,78767.98,1765,0,gap,39
11790,78772240,78772.24,1753,0,gap,39
11791,78776480,78776.48,1731,0,gap,39
11792,78787988,78787.988,1730,0,gap,39
11793,78792253,78792.253,1730,0,gap,39
11794,78796534,78796.534,1718,0,gap,39
11795,78807980,78807.98,1717,0,gap,39
11796,78812271,78812.271,1722,0,gap,39
11797,78817966,78817.966,1695,0,gap,39
11798,78827987,78827.987,1699,0,gap,39
11799,78832276,78832.276,1690,0,gap,39
11800,78837986,78837.986,1691,0,gap,39
11801,78847979,78847.979,1680,0,gap,39
11802,78852290,78852.29,1677,0,gap,39
11803,78857978,78857.978,1654,0,gap,39
11804,78867987,78867.987,1674,0,gap,39
11805,78872296,78872.296,1651,0,gap,39
11806,78877986,78877.986,1643,0,gap,39
11807,78887979,78887.979,1659,0,gap,39
11808,78892310,78892.31,1643,0,gap,39
11809,78897978,78897.978,1639,0,gap,39
11810,78907991,78907.991,1648,0,gap,39
11811,78912316,78912.316,1627,0,gap,39
11812,78917987,78917.987,1619,0,gap,39
11813,78927980,78927.98,1616,0,gap,39
11814,78932330,78932.33,1611,0,gap,39
11815,78937983,78937.983,1614,0,gap,39
11816,78947988,78947.988,1617,0,gap,39
11817,78955091,78955.091,1590,0,gap,39
11818,78959224,78959.224,1599,0,gap,39
11819,78967979,78967.979,1604,0,gap,39
11820,78972115,78972.115,1571,0,gap,39
11821,78987966,78987.966,1586,0,gap,39
11822,78992109,78992.109,1575,0,gap,39
11823,78996240,78996.24,1584,0,gap,39
11824,79007986,79007.986,1583,0,gap,39
11825,79012132,79012.132,1557,0,gap,39
11826,79016284,79016.284,1563,0,gap,39
11827,79027979,79027.979,1561,0,gap,39
11828,79032142,79032.142,1561,0,gap,39
11829,79036293,79036.293,1535,0,gap,39
11830,79047987,79047.987,1562,0,gap,39
11831,79052157,79052.157,1535,0,gap,39
11832,79056327,79056.327,1527,0,gap,39
11833,79067979,79067.979,1534,0,gap,39
11834,79072163,79072.163,1527,0,gap,39
11835,79076334,79076.334,1520,0,gap,39
11836,79087987,79087.987,1527,0,gap,39
11837,79092178,79092.178,1505,0,gap,39
11838,79096368,79096.368,1513,0,gap,39
11839,79107979,79107.979,1503,0,gap,39
11840,79112184,79112.184,1494,0,gap,39
11841,79116377,79116.377,1499,0,gap,39
11842,79127991,79127.991,1488,0,gap,39
11843,79132198,79132.198,1488,0,gap,39
11844,79136408,79136.408,1472,0,gap,39
11845,79147979,79147.979,1480,0,gap,39
11846,79152205,79152.205,1458,0,gap,39
11847,79156423,79156.423,1475,0,gap,39
11848,79167988,79167.988,1485,0,gap,39
11849,79172215,79172.215,1456,0,gap,39
11850,79176447,79176.447,1455,0,gap,39
11851,79187980,79187.98,1457,0,gap,39
11852,79192234,79192.234,1456,0,gap,39
11853,79196480,79196.48,1456,0,gap,39
11854,79207988,79207.988,1461,0,gap,39
11855,79212256,79212.256,1442,0,gap,39
11856,79216527,79216.527,1441,0,gap,39
11857,79227980,79227.98,1441,0,gap,39
11858,79232270,79232.27,1426,0,gap,39
11859,79237966,79237.966,1431,0,gap,39
11860,79247987,79247.987,1435,0,gap,39
11861,79252274,79252.274,1424,0,gap,39
11862,79257986,79257.986,1419,0,gap,39
11863,79267983,79267.983,1424,0,gap,39
11864,79272288,79272.288,1419,0,gap,39
11865,79277978,79277.978,1435,0,gap,39
11866,79287987,79287.987,1412,0,gap,39
11867,79292294,79292.294,1408,0,gap,39
11868,79297986,79297.986,1407,0,gap,39
11869,79307979,79307.979,1413,0,gap,39
11870,79312304,79312.304,1402,0,gap,39
11871,79317978,79317.978,1389,0,gap,39
11872,79327987,79327.987,1398,0,gap,39
11873,79332314,79332.314,1386,0,gap,39
11874,79337991,79337.991,1375,0,gap,39
11875,79347979,79347.979,1392,0,gap,39
11876,79352324,79352.324,1379,0,gap,39
11877,79357979,79357.979,1377,0,gap,39
11878,79367988,79367.988,1381,0,gap,39
11879,79372339,79372.339,1363,0,gap,39
11880,79379469,79379.469,1374,0,gap,39
11881,79387979,79387.979,1377,0,gap,39
11882,79392115,79392.115,1355,0,gap,39
11883,79407966,79407.966,1377,0,gap,39
11884,79412112,79412.112,1369,0,gap,39
11885,79416242,79416.242,1363,0,gap,39
11886,79427986,79427.986,1374,0,gap,39
11887,79432126,79432.126,1366,0,gap,39
11888,79436277,79436.277,1346,0,gap,39
11889,79447979,79447.979,1358,0,gap,39
11890,79452149,79452.149,1353,0,gap,39
11891,79456295,79456.295,1346,0,gap,39
11892,79467987,79467.987,1369,0,gap,39
11893,79472148,79472.148,1350,0,gap,39
11894,79476320,79476.32,1341,0,gap,39
11895,79487983,79487.983,1361,0,gap,39
11896,79492169,79492.169,1340,0,gap,39
11897,79496335,79496.335,1328,0,gap,39
11898,79507987,79507.987,1346,0,gap,39
11899,79512169,79512.169,1344,0,gap,39
11900,79516362,79516.362,1325,0,gap,39
11901,79527979,79527.979,1333,0,gap,39
11902,79532187,79532.187,1339,0,gap,39
11903,79536374,79536.374,1315,0,gap,39
11904,79547987,79547.987,1337,0,gap,39
11905,79552189,79552.189,1322,0,gap,39
11906,79556406,79556.406,1313,0,gap,39
11907,79567979,79567.979,1315,0,gap,39
11908,79572207,79572.207,1311,0,gap,39
11909,79576415,79576.415,1296,0,gap,39
11910,79587988,79587.988,1313,0,gap,39
11911,79592214,79592.214,1299,0,gap,39
11912,79596449,79596.449,1291,0,gap,39
11913,79607980,79607.98,1307,0,gap,39
11914,79612229,79612.229,1294,0,gap,39
11915,79616469,79616.469,1287,0,gap,39
11916,79627988,79627.988,1296,0,gap,39
11917,79632258,79632.258,1278,0,gap,39
11918,79636528,79636.528,1276,0,gap,39
11919,79647980,79647.98,1306,0,gap,39
11920,79652264,79652.264,1283,0,gap,39
11921,79657966,79657.966,1277,0,gap,39
11922,79667991,79667.991,1289,0,gap,39
11923,79672277,79672.277,1264,0,gap,39
11924,79677986,79677.986,1277,0,gap,39
11925,79687979,79687.979,1267,0,gap,39
11926,79692283,79692.283,1275,0,gap,39
11927,79697982,79697.982,1275,0,gap,39
11928,79707987,79707.987,1269,0,gap,39
11929,79712293,79712.293,1267,0,gap,39
11930,79717986,79717.986,1266,0,gap,39
11931,79727979,79727.979,1270,0,gap,39
11932,79732303,79732.303,1267,0,gap,39
11933,79737978,79737.978,1251,0,gap,39
11934,79747987,79747.987,1264,0,gap,39
11935,79752312,79752.312,1255,0,gap,39
11936,79757987,79757.987,1264,0,gap,39
11937,79767980,79767.98,1264,0,gap,39
11938,79772327,79772.327,1250,0,gap,39
11939,79777979,79777.979,1251,0,gap,39
11940,79787988,79787.988,1255,0,gap,39
11941,79792333,79792.333,1245,0,gap,39
11942,79799447,79799.447,1259,0,gap,39
11943,79807983,79807.983,1252,0,gap,39
11944,79812127,79812.127,1259,0,gap,39
11945,79827966,79827.966,1263,0,gap,39
11946,79832110,79832.11,1239,0,gap,39
11947,79836233,79836.233,1257,0,gap,39
11948,79847986,79847.986,1265,0,gap,39
11949,79852128,79852.128,1253,0,gap,39
11950,79856278,79856.278,1227,0,gap,39
11951,79867979,79867.979,1238,0,gap,39
11952,79872142,79872.142,1243,0,gap,39
11953,79876286,79876.286,1229,0,gap,39
11954,79887991,79887.991,1226,0,gap,39
11955,79892150,79892.15,1232,0,gap,39
11956,79896320,79896.32,1214,0,gap,39
11957,79907979,79907.979,1238,0,gap,39
11958,79912164,79912.164,1231,0,gap,39
11959,79916332,79916.332,1218,0,gap,39
11960,79927987,79927.987,1264,1,pulse,40
11961,79932254,79932.254,4095,1,pulse,40
11962,79936382,79936.382,4095,1,pulse,40
11963,79947976,79947.976,4095,1,pulse,40
11964,79952119,79952.119,4095,1,pulse,40
11965,79957966,79957.966,4095,1,pulse,40
11966,79967983,79967.983,4095,0,gap,40
11967,79972338,79972.338,3021,0,gap,40
11968,79977974,79977.974,2863,0,gap,40
11969,79987979,79987.979,2781,0,gap,40
11970,79992210,79992.21,2766,0,gap,40
11971,79997978,79997.978,2733,0,gap,40
11972,80007987,80007.987,2706,0,gap,40
11973,80012213,80012.213,2692,0,gap,40
11974,80017990,80017.99,2682,0,gap,40
11975,80027979,80027.979,2653,0,gap,40
11976,80032235,80032.235,2643,0,gap,40
11977,80037978,80037.978,2639,0,gap,40
11978,80047987,80047.987,2623,0,gap,40
11979,80052252,80052.252,2599,0,gap,40
11980,80057987,80057.987,2608,0,gap,40
11981,80067980,80067.98,2591,0,gap,40
11982,80072276,80072.276,2559,0,gap,40
11983,80077979,80077.979,2559,0,gap,40
11984,80087988,80087.988,2558,0,gap,40
11985,80092282,80092.282,2541,0,gap,40
11986,80097987,80097.987,2512,0,gap,40
11987,80107980,80107.98,2505,0,gap,40
11988,80112292,80112.292,2512,0,gap,40
11989,80117979,80117.979,2482,0,gap,40
11990,80127992,80127.992,2481,0,gap,40
11991,80132302,80132.302,2465,0,gap,40
11992,80147986,80147.986,2473,0,gap,40
11993,80152298,80152.298,2461,0,gap,40
11994,80156622,80156.622,2433,0,gap,40
11995,80167978,80167.978,2442,0,gap,40
11996,80172320,80172.32,2415,0,gap,40
11997,80176641,80176.641,2417,0,gap,40
11998,80187986,80187.986,2406,0,gap,40
11999,80192322,80192.322,2388,0,gap,40
12000,80196669,80196.669,2387,0,gap,40
12001,80207978,80207.978,2379,0,gap,40
12002,80212336,80212.336,2362,0,gap,40
12003,80216673,80216.673,2362,0,gap,40
12004,80227987,80227.987,2352,0,gap,40
12005,80235114,80235.114,2355,0,gap,40
12006,80239258,80239.258,2346,0,gap,40
12007,80247978,80247.978,2327,0,gap,40
12008,80252127,80252.127,2325,0,gap,40
12009,80257979,80257.979,2314,0,gap,40
12010,80267988,80267.988,2294,0,gap,40
12011,80272138,80272.138,2289,0,gap,40
12012,80277987,80277.987,2282,0,gap,40
12013,80287980,80287.98,2278,0,gap,40
12014,80292148,80292.148,2273,0,gap,40
12015,80297979,80297.979,2275,0,gap,40
12016,80307988,80307.988,2266,0,gap,40
12017,80312159,80312.159,2245,0,gap,40
12018,80327974,80327.974,2253,0,gap,40
12019,80332152,80332.152,2235,0,gap,40
12020,80336329,80336.329,2229,0,gap,40
12021,80347978,80347.978,2234,0,gap,40
12022,80352174,80352.174,2213,0,gap,40
12023,80356357,80356.357,2194,0,gap,40
12024,80367987,80367.987,2202,0,gap,40
12025,80372181,80372.181,2188,0,gap,40
12026,80376380,80376.38,2191,0,gap,40
12027,80387979,80387.979,2176,0,gap,40
12028,80392195,80392.195,2157,0,gap,40
12029,80396395,80396.395,2172,0,gap,40
12030,80407987,80407.987,2158,0,gap,40
12031,80412206,80412.206,2137,0,gap,40
12032,80416428,80416.428,2119,0,gap,40
12033,80427979,80427.979,2110,0,gap,40
12034,80432217,80432.217,2115,0,gap,40
12035,80436438,80436.438,2087,0,gap,40
12036,80447987,80447.987,2096,0,gap,40
12037,80452223,80452.223,2075,0,gap,40
12038,80456470,80456.47,2083,0,gap,40
12039,80467979,80467.979,2064,0,gap,40
12040,80472249,80472.249,2033,0,gap,40
12041,80476495,80476.495,2028,0,gap,40
12042,80487987,80487.987,2036,0,gap,40
12043,80492259,80492.259,2027,0,gap,40
12044,80496546,80496.546,2021,0,gap,40
12045,80507979,80507.979,2006,0,gap,40
12046,80512281,80512.281,2011,0,gap,40
12047,80516561,80516.561,1988,0,gap,40
12048,80527988,80527.988,1984,0,gap,40
12049,80532283,80532.283,1981,0,gap,40
12050,80536585,80536.585,1981,0,gap,40
12051,80547980,80547.98,1983,0,gap,40
12052,80552301,80552.301,1954,0,gap,40
12053,80556597,80556.597,1951,0,gap,40
12054,80567992,80567.992,1955,0,gap,40
12055,80572307,80572.307,1947,0,gap,40
12056,80576633,80576.633,1936,0,gap,40
12057,80587980,80587.98,1926,0,gap,40
12058,80592320,80592.32,1942,0,gap,40
12059,80597970,80597.97,1923,0,gap,40
12060,80607987,80607.987,1922,0,gap,40
12061,80612317,80612.317,1920,0,gap,40
12062,80617986,80617.986,1911,0,gap,40
12063,80627979,80627.979,1918,0,gap,40
12064,80632339,80632.339,1904,0,gap,40
12065,80637978,80637.978,1889,0,gap,40
12066,80647987,80647.987,1904,0,gap,40
12067,80655097,80655.097,1883,0,gap,40
12068,80659233,80659.233,1879,0,gap,40
12069,80667978,80667.978,1874,0,gap,40
12070,80672125,80672.125,1855,0,gap,40
12071,80677979,80677.979,1859,0,gap,40
12072,80687988,80687.988,1840,0,gap,40
12073,80692132,80692.132,1843,0,gap,40
12074,80697987,80697.987,1831,0,gap,40
12075,80707980,80707.98,1831,0,gap,40
12076,80712150,80712.15,1809,0,gap,40
12077,80717979,80717.979,1808,0,gap,40
12078,80727988,80727.988,1806,0,gap,40
12079,80732157,80732.157,1795,0,gap,40
12080,80747974,80747.974,1802,0,gap,40
12081,80752154,80752.154,1796,0,gap,40
12082,80756330,80756.33,1782,0,gap,40
12083,80767978,80767.978,1776,0,gap,40
12084,80772168,80772.168,1766,0,gap,40
12085,80776350,80776.35,1753,0,gap,40
12086,80787991,80787.991,1758,0,gap,40
12087,80792187,80792.187,1763,0,gap,40
12088,80796387,80796.387,1747,0,gap,40
12089,80807979,80807.979,1743,0,gap,40
12090,80812194,80812.194,1747,0,gap,40
12091,80816392,80816.392,1745,0,gap,40
12092,80827987,80827.987,1745,0,gap,40
12093,80832200,80832.2,1727,0,gap,40
12094,80836432,80836.432,1721,0,gap,40
12095,80847979,80847.979,1734,0,gap,40
12096,80852214,80852.214,1725,0,gap,40
12097,80856442,80856.442,1719,0,gap,40
12098,80867987,80867.987,1724,0,gap,40
12099,80872221,80872.221,1704,0,gap,40
12100,80876458,80876.458,1715,0,gap,40
12101,80887979,80887.979,1712,0,gap,40
12102,80892243,80892.243,1712,0,gap,40
12103,80896495,80896.495,1705,0,gap,40
12104,80907987,80907.987,1718,0,gap,40
12105,80912265,80912.265,1703,0,gap,40
12106,80916547,80916.547,1697,0,gap,40
12107,80927979,80927.979,1693,0,gap,40
12108,80932275,80932.275,1694,0,gap,40
12109,80936558,80936.558,1683,0,gap,40
12110,80947988,80947.988,1698,0,gap,40
12111,80952285,80952.285,1680,0,gap,40
12112,80956586,80956.586,1682,0,gap,40
12113,80967980,80967.98,1685,0,gap,40
12114,80972291,80972.291,1676,0,gap,40
12115,80976589,80976.589,1683,0,gap,40
12116,80987988,80987.988,1675,0,gap,40
12117,80992301,80992.301,1667,0,gap,40
12118,80997974,80997.974,1675,0,gap,40
12119,81007979,81007.979,1659,0,gap,40
12120,81012314,81012.314,1668,0,gap,40
12121,81017978,81017.978,1667,0,gap,40
12122,81027987,81027.987,1678,0,gap,40
12123,81032323,81032.323,1655,0,gap,40
12124,81037986,81037.986,1662,0,gap,40
12125,81047979,81047.979,1664,0,gap,40
12126,81052329,81052.329,1660,0,gap,40
12127,81057978,81057.978,1651,0,gap,40
12128,81067987,81067.987,1661,0,gap,40
12129,81072345,81072.345,1650,0,gap,40
12130,81079480,81079.48,1647,0,gap,40
12131,81087978,81087.978,1655,0,gap,40
12132,81092124,81092.124,1647,0,gap,40
12133,81097979,81097.979,1647,0,gap,40
12134,81107992,81107.992,1648,0,gap,40
12135,81112135,81112.135,1633,0,gap,40
12136,81117987,81117.987,1644,0,gap,40
12137,81127980,81127.98,1648,0,gap,40
12138,81132145,81132.145,1635,0,gap,40
12139,81137979,81137.979,1631,0,gap,40
12140,81147988,81147.988,1653,0,gap,40
12141,81152147,81152.147,1630,0,gap,40
12142,81167974,81167.974,1647,0,gap,40
12143,81172145,81172.145,1652,0,gap,40
12144,81176327,81176.327,1648,0,gap,40
12145,81187978,81187.978,1654,0,gap,40
12146,81192175,81192.175,1653,0,gap,40
12147,81196351,81196.351,1630,0,gap,40
12148,81207987,81207.987,1658,0,gap,40
12149,81212174,81212.174,1635,0,gap,40
12150,81216381,81216.381,1637,0,gap,40
12151,81227979,81227.979,1651,0,gap,40
12152,81232196,81232.196,1637,0,gap,40
12153,81236389,81236.389,1625,0,gap,40
12154,81247987,81247.987,1631,0,gap,40
12155,81252198,81252.198,1633,0,gap,40
12156,81256425,81256.425,1632,0,gap,40
12157,81267979,81267.979,1629,0,gap,40
12158,81272213,81272.213,1631,0,gap,40
12159,81276430,81276.43,1610,0,gap,40
12160,81287987,81287.987,1626,0,gap,40
12161,81292220,81292.22,1633,0,gap,40
12162,81296460,81296.46,1611,0,gap,40
12163,81307979,81307.979,1637,0,gap,40
12164,81312234,81312.234,1635,0,gap,40
12165,81316481,81316.481,1602,0,gap,40
12166,81327991,81327.991,1635,0,gap,40
12167,81332268,81332.268,1607,0,gap,40
12168,81336548,81336.548,1604,0,gap,40
12169,81347979,81347.979,1619,0,gap,40
12170,81352270,81352.27,1616,0,gap,40
12171,81356551,81356.551,1602,0,gap,40
12172,81367988,81367.988,1600,0,gap,40
12173,81372279,81372.279,1597,0,gap,40
12174,81376579,81376.579,1607,0,gap,40
12175,81387980,81387.98,1602,0,gap,40
12176,81392293,81392.293,1612,0,gap,40
12177,81396595,81396.595,1600,0,gap,40
12178,81407988,81407.988,1605,0,gap,40
12179,81412299,81412.299,1609,0,gap,40
12180,81416614,81416.614,1584,0,gap,40
12181,81427980,81427.98,1606,0,gap,40
12182,81432317,81432.317,1584,0,gap,40
12183,81437970,81437.97,1583,0,gap,40
12184,81447987,81447.987,1593,0,gap,40
12185,81452318,81452.318,1587,0,gap,40
12186,81457986,81457.986,1584,0,gap,40
12187,81467979,81467.979,1598,0,gap,40
12188,81472336,81472.336,1584,0,gap,40
12189,81477978,81477.978,1593,0,gap,40
12190,81487987,81487.987,1584,0,gap,40
12191,81492343,81492.343,1588,0,gap,40
12192,81499466,81499.466,1588,0,gap,40
12193,81507978,81507.978,1584,0,gap,40
12194,81512128,81512.128,1582,0,gap,40
12195,81517979,81517.979,1573,0,gap,40
12196,81527988,81527.988,1581,0,gap,40
12197,81532125,81532.125,1573,0,gap,40
12198,81537991,81537.991,1567,0,gap,40
12199,81547980,81547.98,1590,0,gap,40
12200,81552147,81552.147,1557,0,gap,40
12201,81557979,81557.979,1571,0,gap,40
12202,81567988,81567.988,1567,0,gap,40
12203,81572149,81572.149,1565,0,gap,40
12204,81587970,81587.97,1581,0,gap,40
12205,81592135,81592.135,1584,0,gap,40
12206,81596315,81596.315,1573,0,gap,40
12207,81607978,81607.978,1584,0,gap,40
12208,81612173,81612.173,1585,0,gap,40
12209,81616347,81616.347,1574,0,gap,40
12210,81627987,81627.987,1581,0,gap,40
12211,81632171,81632.171,1584,0,gap,40
12212,81636368,81636.368,1577,0,gap,40
12213,81647979,81647.979,1583,0,gap,40
12214,81652198,81652.198,1567,0,gap,40
12215,81656394,81656.394,1569,0,gap,40
12216,81667987,81667.987,1578,0,gap,40
12217,81672192,81672.192,1567,0,gap,40
12218,81676413,81676.413,1555,0,gap,40
12219,81687979,81687.979,1559,0,gap,40
12220,81692218,81692.218,1535,0,gap,40
12221,81696434,81696.434,1553,0,gap,40
12222,81707987,81707.987,1569,0,gap,40
12223,81712218,81712.218,1535,0,gap,40
12224,81716459,81716.459,1535,0,gap,40
12225,81727979,81727.979,1554,0,gap,40
12226,81732231,81732.231,1535,0,gap,40
12227,81736476,81736.476,1535,0,gap,40
12228,81747987,81747.987,1535,0,gap,40
12229,81752252,81752.252,1535,0,gap,40
12230,81756538,81756.538,1535,0,gap,40
12231,81767979,81767.979,1565,0,gap,40
12232,81772276,81772.276,1553,0,gap,40
12233,81776548,81776.548,1535,0,gap,40
12234,81787988,81787.988,1564,1,pulse,41
12235,81792370,81792.37,4095,1,pulse,41
12236,81796609,81796.609,4095,1,pulse,41
12237,81807976,81807.976,4095,1,pulse,41
12238,81812226,81812.226,4095,1,pulse,41
12239,81817975,81817.975,4095,1,pulse,41
12240,81827988,81827.988,4095,0,gap,41
12241,81832457,81832.457,2991,0,gap,41
12242,81837987,81837.987,2893,0,gap,41
12243,81847980,81847.98,2773,0,gap,41
12244,81852325,81852.325,2759,0,gap,41
12245,81857983,81857.983,2736,0,gap,41
12246,81867988,81867.988,2702,0,gap,41
12247,81872331,81872.331,2697,0,gap,41
12248,81887970,81887.97,2672,0,gap,41
12249,81892316,81892.316,2672,0,gap,41
12250,81896677,81896.677,2654,0,gap,41
12251,81907978,81907.978,2643,0,gap,41
12252,81912349,81912.349,2629,0,gap,41
12253,81916701,81916.701,2625,0,gap,41
12254,81927986,81927.986,2614,0,gap,41
12255,81935119,81935.119,2602,0,gap,41
12256,81939295,81939.295,2602,0,gap,41
12257,81947978,81947.978,2583,0,gap,41
12258,81952145,81952.145,2559,0,gap,41
12259,81957979,81957.979,2559,0,gap,41
12260,81967988,81967.988,2545,0,gap,41
12261,81972148,81972.148,2530,0,gap,41
12262,81977987,81977.987,2544,0,gap,41
12263,81987980,81987.98,2529,0,gap,41
12264,81992166,81992.166,2527,0,gap,41
12265,81997979,81997.979,2512,0,gap,41
12266,82007992,82007.992,2512,0,gap,41
12267,82012169,82012.169,2511,0,gap,41
12268,82027974,82027.974,2509,0,gap,41
12269,82032162,82032.162,2503,0,gap,41
12270,82036361,82036.361,2491,0,gap,41
12271,82047978,82047.978,2479,0,gap,41
12272,82052196,82052.196,2480,0,gap,41
12273,82056385,82056.385,2470,0,gap,41
12274,82067986,82067.986,2470,0,gap,41
12275,82072195,82072.195,2467,0,gap,41
12276,82076411,82076.411,2454,0,gap,41
12277,82087983,82087.983,2448,0,gap,41
12278,82092217,82092.217,2428,0,gap,41
12279,82096431,82096.431,2441,0,gap,41
12280,82107987,82107.987,2429,0,gap,41
12281,82112211,82112.211,2418,0,gap,41
12282,82116451,82116.451,2416,0,gap,41
12283,82127979,82127.979,2416,0,gap,41
12284,82132231,82132.231,2410,0,gap,41
12285,82136465,82136.465,2389,0,gap,41
12286,82147987,82147.987,2397,0,gap,41
12287,82152237,82152.237,2384,0,gap,41
12288,82156502,82156.502,2379,0,gap,41
12289,82167979,82167.979,2373,0,gap,41
12290,82172259,82172.259,2363,0,gap,41
12291,82176519,82176.519,2356,0,gap,41
12292,82187987,82187.987,2352,0,gap,41
12293,82192277,82192.277,2357,0,gap,41
12294,82196573,82196.573,2343,0,gap,41
12295,82207979,82207.979,2352,0,gap,41
12296,82212295,82212.295,2329,0,gap,41
12297,82216589,82216.589,2326,0,gap,41
12298,82227992,82227.992,2339,0,gap,41
12299,82232296,82232.296,2320,0,gap,41
12300,82236613,82236.613,2307,0,gap,41
12301,82247980,82247.98,2313,0,gap,41
12302,82252310,82252.31,2302,0,gap,41
12303,82256624,82256.624,2304,0,gap,41
12304,82267988,82267.988,2295,0,gap,41
12305,82272316,82272.316,2287,0,gap,41
12306,82276656,82276.656,2274,0,gap,41
12307,82287980,82287.98,2287,0,gap,41
12308,82292334,82292.334,2263,0,gap,41
12309,82297974,82297.974,2269,0,gap,41
12310,82307987,82307.987,2269,0,gap,41
12311,82312335,82312.335,2251,0,gap,41
12312,82317986,82317.986,2256,0,gap,41
12313,82327979,82327.979,2239,0,gap,41
12314,82332357,82332.357,2249,0,gap,41
12315,82337978,82337.978,2232,0,gap,41
12316,82347987,82347.987,2229,0,gap,41
12317,82355111,82355.111,2238,0,gap,41
12318,82359269,82359.269,2219,0,gap,41
12319,82367978,82367.978,2208,0,gap,41
12320,82372142,82372.142,2202,0,gap,41
12321,82377979,82377.979,2208,0,gap,41
12322,82387988,82387.988,2195,0,gap,41
12323,82392146,82392.146,2191,0,gap,41
12324,82397987,82397.987,2177,0,gap,41
12325,82407984,82407.984,2177,0,gap,41
12326,82412160,82412.16,2182,0,gap,41
12327,82417979,82417.979,2177,0,gap,41
12328,82427988,82427.988,2170,0,gap,41
12329,82432166,82432.166,2165,0,gap,41
12330,82447978,82447.978,2179,0,gap,41
12331,82452164,82452.164,2161,0,gap,41
12332,82456354,82456.354,2160,0,gap,41
12333,82467978,82467.978,2160,0,gap,41
12334,82472182,82472.182,2146,0,gap,41
12335,82476377,82476.377,2146,0,gap,41
12336,82487987,82487.987,2139,0,gap,41
12337,82492193,82492.193,2128,0,gap,41
12338,82496403,82496.403,2138,0,gap,41
12339,82507979,82507.979,2130,0,gap,41
12340,82512204,82512.204,2121,0,gap,41
12341,82516420,82516.42,2116,0,gap,41
12342,82527987,82527.987,2115,0,gap,41
12343,82532217,82532.217,2122,0,gap,41
12344,82536451,82536.451,2113,0,gap,41
12345,82547979,82547.979,2112,0,gap,41
12346,82552228,82552.228,2107,0,gap,41
12347,82556461,82556.461,2091,0,gap,41
12348,82567987,82567.987,2096,0,gap,41
12349,82572235,82572.235,2091,0,gap,41
12350,82576486,82576.486,2081,0,gap,41
12351,82587979,82587.979,2078,0,gap,41
12352,82592261,82592.261,2076,0,gap,41
12353,82596522,82596.522,2064,0,gap,41
12354,82607987,82607.987,2064,0,gap,41
12355,82612275,82612.275,2061,0,gap,41
12356,82616566,82616.566,2041,0,gap,41
12357,82627983,82627.983,2063,0,gap,41
12358,82632293,82632.293,2058,0,gap,41
12359,82636590,82636.59,2032,0,gap,41
12360,82647988,82647.988,2043,0,gap,41
12361,82652295,82652.295,2023,0,gap,41
12362,82656613,82656.613,2026,0,gap,41
12363,82667980,82667.98,2034,0,gap,41
12364,82672305,82672.305,2011,0,gap,41
12365,82676617,82676.617,2011,0,gap,41
12366,82687988,82687.988,2019,0,gap,41
12367,82692318,82692.318,1995,0,gap,41
12368,82696657,82696.657,1994,0,gap,41
12369,82707980,82707.98,2011,0,gap,41
12370,82712324,82712.324,1989,0,gap,41
12371,82717970,82717.97,1989,0,gap,41
12372,82727987,82727.987,1988,0,gap,41
12373,82732337,82732.337,1978,0,gap,41
12374,82737986,82737.986,1985,0,gap,41
12375,82747979,82747.979,1969,0,gap,41
12376,82752347,82752.347,1983,0,gap,41
12377,82757978,82757.978,1967,0,gap,41
12378,82767991,82767.991,1975,0,gap,41
12379,82772363,82772.363,1968,0,gap,41
12380,82779512,82779.512,1950,0,gap,41
12381,82787978,82787.978,1951,0,gap,41
12382,82792138,82792.138,1947,0,gap,41
12383,82797979,82797.979,1936,0,gap,41
12384,82807988,82807.988,1955,0,gap,41
12385,82812141,82812.141,1930,0,gap,41
12386,82817987,82817.987,1926,0,gap,41
12387,82827980,82827.98,1937,0,gap,41
12388,82832159,82832.159,1928,0,gap,41
12389,82837983,82837.983,1927,0,gap,41
12390,82847988,82847.988,1933,0,gap,41
12391,82852165,82852.165,1920,0,gap,41
12392,82867974,82867.974,1935,0,gap,41
12393,82872159,82872.159,1929,0,gap,41
12394,82876359,82876.359,1920,0,gap,41
12395,82887978,82887.978,1922,0,gap,41
12396,82892185,82892.185,1918,0,gap,41
12397,82896375,82896.375,1905,0,gap,41
12398,82907986,82907.986,1921,0,gap,41
12399,82912192,82912.192,1917,0,gap,41
12400,82916413,82916.413,1895,0,gap,41
12401,82927979,82927.979,1910,0,gap,41
12402,82932210,82932.21,1901,0,gap,41
12403,82936417,82936.417,1879,0,gap,41
12404,82947987,82947.987,1899,0,gap,41
12405,82952212,82952.212,1898,0,gap,41
12406,82956445,82956.445,1885,0,gap,41
12407,82967979,82967.979,1886,0,gap,41
12408,82972231,82972.231,1885,0,gap,41
12409,82976462,82976.462,1874,0,gap,41
12410,82987991,82987.991,1885,0,gap,41
12411,82992238,82992.238,1868,0,gap,41
12412,82996496,82996.496,1868,0,gap,41
12413,83007979,83007.979,1867,0,gap,41
12414,83012248,83012.248,1872,0,gap,41
12415,83016513,83016.513,1855,0,gap,41
12416,83027987,83027.987,1859,0,gap,41
12417,83032274,83032.274,1858,0,gap,41
12418,83036564,83036.564,1840,0,gap,41
12419,83047979,83047.979,1842,0,gap,41
12420,83052284,83052.284,1840,0,gap,41
12421,83056579,83056.579,1842,0,gap,41
12422,83067988,83067.988,1834,0,gap,41
12423,83072297,83072.297,1827,0,gap,41
12424,83076611,83076.611,1840,0,gap,41
12425,83087980,83087.98,1831,0,gap,41
12426,83092311,83092.311,1819,0,gap,41
12427,83096626,83096.626,1826,0,gap,41
12428,83107988,83107.988,1838,0,gap,41
12429,83112317,83112.317,1815,0,gap,41
12430,83116650,83116.65,1808,0,gap,41
12431,83127980,83127.98,1811,0,gap,41
12432,83132331,83132.331,1808,0,gap,41
12433,83137970,83137.97,1808,0,gap,41
12434,83147987,83147.987,1810,0,gap,41
12435,83152332,83152.332,1794,0,gap,41
12436,83157986,83157.986,1810,0,gap,41
12437,83167983,83167.983,1796,0,gap,41
12438,83172350,83172.35,1807,0,gap,41
12439,83177978,83177.978,1786,0,gap,41
12440,83187987,83187.987,1792,0,gap,41
12441,83192353,83192.353,1791,0,gap,41
12442,83199495,83199.495,1793,0,gap,41
12443,83207978,83207.978,1794,0,gap,41
12444,83212142,83212.142,1787,0,gap,41
12445,83217979,83217.979,1770,0,gap,41
12446,83227988,83227.988,1776,0,gap,41
12447,83232143,83232.143,1770,0,gap,41
12448,83237987,83237.987,1753,0,gap,41
12449,83247980,83247.98,1771,0,gap,41
12450,83252157,83252.157,1763,0,gap,41
12451,83257979,83257.979,1768,0,gap,41
12452,83267988,83267.988,1760,0,gap,41
12453,83272163,83272.163,1753,0,gap,41
12454,83287974,83287.974,1772,0,gap,41
12455,83292157,83292.157,1774,0,gap,41
12456,83296351,83296.351,1775,0,gap,41
12457,83307978,83307.978,1767,0,gap,41
12458,83312191,83312.191,1753,0,gap,41
12459,83316379,83316.379,1757,0,gap,41
12460,83327987,83327.987,1764,0,gap,41
12461,83332185,83332.185,1749,0,gap,41
12462,83336396,83336.396,1745,0,gap,41
12463,83347979,83347.979,1745,0,gap,41
12464,83352212,83352.212,1740,0,gap,41
12465,83356417,83356.417,1743,0,gap,41
12466,83367987,83367.987,1746,0,gap,41
12467,83372206,83372.206,1733,0,gap,41
12468,83376441,83376.441,1741,0,gap,41
12469,83387983,83387.983,1735,0,gap,41
12470,83392232,83392.232,1728,0,gap,41
12471,83396462,83396.462,1729,0,gap,41
12472,83407987,83407.987,1741,0,gap,41
12473,83412227,83412.227,1739,0,gap,41
12474,83416483,83416.483,1731,0,gap,41
12475,83427979,83427.979,1733,0,gap,41
12476,83432245,83432.245,1729,0,gap,41
12477,83436500,83436.5,1712,0,gap,41
12478,83447987,83447.987,1726,0,gap,41
12479,83452266,83452.266,1722,0,gap,41
12480,83456566,83456.566,1720,0,gap,41
12481,83467979,83467.979,1714,0,gap,41
12482,83472286,83472.286,1715,0,gap,41
12483,83476575,83476.575,1719,0,gap,41
12484,83487988,83487.988,1712,0,gap,41
12485,83492292,83492.292,1709,0,gap,41
12486,83496603,83496.603,1709,0,gap,41
12487,83507980,83507.98,1706,0,gap,41
12488,83512310,83512.31,1703,0,gap,41
12489,83516619,83516.619,1683,0,gap,41
12490,83527992,83527.992,1702,0,gap,41
12491,83532315,83532.315,1691,0,gap,41
12492,83536646,83536.646,1680,0,gap,41
12493,83547980,83547.98,1680,0,gap,41
12494,83552325,83552.325,1701,0,gap,41
12495,83557970,83557.97,1699,0,gap,41
12496,83567987,83567.987,1686,0,gap,41
12497,83572330,83572.33,1680,0,gap,41
12498,83577986,83577.986,1691,0,gap,41
12499,83587979,83587.979,1678,0,gap,41
12500,83592348,83592.348,1681,0,gap,41
12501,83597982,83597.982,1669,0,gap,41
12502,83607987,83607.987,1688,0,gap,41
12503,83612350,83612.35,1680,0,gap,41
12504,83617986,83617.986,1665,0,gap,41
12505,83625106,83625.106,1655,0,gap,41
12506,83637991,83637.991,1675,0,gap,41
12507,83642132,83642.132,1680,0,gap,41
12508,83646287,83646.287,1670,0,gap,41
12509,83657978,83657.978,1675,0,gap,41
12510,83662148,83662.148,1677,0,gap,41
12511,83666301,83666.301,1653,0,gap,41
12512,83677987,83677.987,1674,0,gap,41
12513,83682150,83682.15,1657,0,gap,41
12514,83686328,83686.328,1650,0,gap,41
12515,83697979,83697.979,1658,0,gap,41
12516,83702168,83702.168,1652,0,gap,41
12517,83706342,83706.342,1647,0,gap,41
12518,83717987,83717.987,1648,0,gap,41
12519,83722175,83722.175,1649,0,gap,41
12520,83726375,83726.375,1649,0,gap,41
12521,83737979,83737.979,1643,0,gap,41
12522,83742193,83742.193,1642,0,gap,41
12523,83746383,83746.383,1648,0,gap,41
12524,83757987,83757.987,1650,0,gap,41
12525,83762192,83762.192,1642,0,gap,41
12526,83766405,83766.405,1635,0,gap,41
12527,83777979,83777.979,1648,0,gap,41
12528,83782215,83782.215,1637,0,gap,41
12529,83786433,83786.433,1623,0,gap,41
12530,83797987,83797.987,1629,0,gap,41
12531,83802217,83802.217,1616,0,gap,41
12532,83806449,83806.449,1621,0,gap,41
12533,83817984,83817.984,1639,0,gap,41
12534,83822235,83822.235,1627,0,gap,41
12535,83826475,83826.475,1622,0,gap,41
12536,83837988,83837.988,1620,0,gap,41
12537,83842238,83842.238,1631,0,gap,41
12538,83846499,83846.499,1615,0,gap,41
12539,83857980,83857.98,1622,0,gap,41
12540,83862260,83862.26,1622,0,gap,41
12541,83866528,83866.528,1627,0,gap,41
12542,83877988,83877.988,1617,0,gap,41
12543,83882282,83882.282,1629,0,gap,41
12544,83887970,83887.97,1623,1,pulse,42
12545,83897988,83897.988,4095,1,pulse,42
12546,83902237,83902.237,4095,1,pulse,42
12547,83907975,83907.975,4095,1,pulse,42
12548,83917988,83917.988,4095,1,pulse,42
12549,83922235,83922.235,4095,1,pulse,42
12550,83937970,83937.97,4095,0,gap,42
12551,83942446,83942.446,2992,0,gap,42
12552,83946787,83946.787,2864,0,gap,42
12553,83957982,83957.982,2779,0,gap,42
12554,83962330,83962.33,2773,0,gap,42
12555,83966661,83966.661,2751,0,gap,42
12556,83977986,83977.986,2715,0,gap,42
12557,83982332,83982.332,2698,0,gap,42
12558,83986681,83986.681,2690,0,gap,42
12559,83997979,83997.979,2673,0,gap,42
12560,84002346,84002.346,2657,0,gap,42
12561,84006696,84006.696,2643,0,gap,42
12562,84017987,84017.987,2651,0,gap,42
12563,84022352,84022.352,2627,0,gap,42
12564,84026724,84026.724,2619,0,gap,42
12565,84037979,84037.979,2613,0,gap,42
12566,84042361,84042.361,2596,0,gap,42
12567,84046736,84046.736,2592,0,gap,42
12568,84053883,84053.883,2559,0,gap,42
12569,84067983,84067.983,2587,0,gap,42
12570,84072151,84072.151,2555,0,gap,42
12571,84076308,84076.308,2544,0,gap,42
12572,84087986,84087.986,2547,0,gap,42
12573,84092153,84092.153,2544,0,gap,42
12574,84096324,84096.324,2543,0,gap,42
12575,84107979,84107.979,2514,0,gap,42
12576,84112168,84112.168,2528,0,gap,42
12577,84116340,84116.34,2501,0,gap,42
12578,84127987,84127.987,2506,0,gap,42
12579,84132174,84132.174,2495,0,gap,42
12580,84136374,84136.374,2487,0,gap,42
12581,84147979,84147.979,2480,0,gap,42
12582,84152185,84152.185,2466,0,gap,42
12583,84156382,84156.382,2467,0,gap,42
12584,84167987,84167.987,2463,0,gap,42
12585,84172203,84172.203,2451,0,gap,42
12586,84176414,84176.414,2451,0,gap,42
12587,84187979,84187.979,2451,0,gap,42
12588,84192206,84192.206,2432,0,gap,42
12589,84196421,84196.421,2439,0,gap,42
12590,84207987,84207.987,2431,0,gap,42
12591,84212220,84212.22,2413,0,gap,42
12592,84216460,84216.46,2416,0,gap,42
12593,84227979,84227.979,2414,0,gap,42
12594,84232234,84232.234,2388,0,gap,42
12595,84236465,84236.465,2384,0,gap,42
12596,84247988,84247.988,2402,0,gap,42
12597,84252237,84252.237,2367,0,gap,42
12598,84256495,84256.495,2371,0,gap,42
12599,84267980,84267.98,2367,0,gap,42
12600,84272252,84272.252,2353,0,gap,42
12601,84276512,84276.512,2349,0,gap,42
12602,84287988,84287.988,2352,0,gap,42
12603,84292262,84292.262,2351,0,gap,42
12604,84296547,84296.547,2328,0,gap,42
12605,84307980,84307.98,2337,0,gap,42
12606,84312288,84312.288,2320,0,gap,42
12607,84317966,84317.966,2321,0,gap,42
12608,84327987,84327.987,2320,0,gap,42
12609,84332296,84332.296,2315,0,gap,42
12610,84337986,84337.986,2306,0,gap,42
12611,84347979,84347.979,2314,0,gap,42
12612,84352310,84352.31,2288,0,gap,42
12613,84357978,84357.978,2290,0,gap,42
12614,84367987,84367.987,2290,0,gap,42
12615,84372320,84372.32,2277,0,gap,42
12616,84377986,84377.986,2287,0,gap,42
12617,84387983,84387.983,2277,0,gap,42
12618,84392334,84392.334,2257,0,gap,42
12619,84397978,84397.978,2266,0,gap,42
12620,84407987,84407.987,2257,0,gap,42
12621,84412336,84412.336,2249,0,gap,42
12622,84417987,84417.987,2259,0,gap,42
12623,84427980,84427.98,2247,0,gap,42
12624,84432350,84432.35,2235,0,gap,42
12625,84437979,84437.979,2246,0,gap,42
12626,84447988,84447.988,2224,0,gap,42
12627,84452356,84452.356,2209,0,gap,42
12628,84457987,84457.987,2213,0,gap,42
12629,84467980,84467.98,2206,0,gap,42
12630,84475132,84475.132,2210,0,gap,42
12631,84479288,84479.288,2198,0,gap,42
12632,84487987,84487.987,2186,0,gap,42
12633,84492148,84492.148,2180,0,gap,42
12634,84507986,84507.986,2199,0,gap,42
12635,84512155,84512.155,2193,0,gap,42
12636,84516323,84516.323,2178,0,gap,42
12637,84527978,84527.978,2181,0,gap,42
12638,84532161,84532.161,2178,0,gap,42
12639,84536338,84536.338,2175,0,gap,42
12640,84547987,84547.987,2166,0,gap,42
12641,84552175,84552.175,2163,0,gap,42
12642,84556367,84556.367,2160,0,gap,42
12643,84567979,84567.979,2158,0,gap,42
12644,84572190,84572.19,2154,0,gap,42
12645,84576385,84576.385,2130,0,gap,42
12646,84587987,84587.987,2145,0,gap,42
12647,84592196,84592.196,2128,0,gap,42
12648,84596408,84596.408,2112,0,gap,42
12649,84607983,84607.983,2127,0,gap,42
12650,84612211,84612.211,2123,0,gap,42
12651,84616422,84616.422,2107,0,gap,42
12652,84627987,84627.987,2123,0,gap,42
12653,84632213,84632.213,2108,0,gap,42
12654,84636443,84636.443,2106,0,gap,42
12655,84647979,84647.979,2115,0,gap,42
12656,84652227,84652.227,2091,0,gap,42
12657,84656459,84656.459,2079,0,gap,42
12658,84667987,84667.987,2096,0,gap,42
12659,84672234,84672.234,2081,0,gap,42
12660,84676489,84676.489,2071,0,gap,42
12661,84687979,84687.979,2077,0,gap,42
12662,84692245,84692.245,2082,0,gap,42
12663,84696502,84696.502,2057,0,gap,42
12664,84707988,84707.988,2071,0,gap,42
12665,84712267,84712.267,2075,0,gap,42
12666,84716546,84716.546,2046,0,gap,42
12667,84727980,84727.98,2057,0,gap,42
12668,84732285,84732.285,2047,0,gap,42
12669,84736581,84736.581,2031,0,gap,42
12670,84747988,84747.988,2041,0,gap,42
12671,84752303,84752.303,2032,0,gap,42
12672,84757970,84757.97,2026,0,gap,42
12673,84767979,84767.979,2015,0,gap,42
12674,84772307,84772.307,2015,0,gap,42
12675,84777978,84777.978,2009,0,gap,42
12676,84787987,84787.987,2019,0,gap,42
12677,84792313,84792.313,2021,0,gap,42
12678,84797986,84797.986,2005,0,gap,42
12679,84807979,84807.979,2000,0,gap,42
12680,84812327,84812.327,1990,0,gap,42
12681,84817982,84817.982,2003,0,gap,42
12682,84827987,84827.987,2001,0,gap,42
12683,84832333,84832.333,1982,0,gap,42
12684,84837986,84837.986,1983,0,gap,42
12685,84847979,84847.979,1988,0,gap,42
12686,84852343,84852.343,1974,0,gap,42
12687,84857979,84857.979,1968,0,gap,42
12688,84867988,84867.988,1980,0,gap,42
12689,84872353,84872.353,1967,0,gap,42
12690,84877987,84877.987,1951,0,gap,42
12691,84887980,84887.98,1965,0,gap,42
12692,84892368,84892.368,1962,0,gap,42
12693,84899544,84899.544,1959,0,gap,42
12694,84907987,84907.987,1948,0,gap,42
12695,84912154,84912.154,1951,0,gap,42
12696,84927974,84927.974,1949,0,gap,42
12697,84932141,84932.141,1939,0,gap,42
12698,84936312,84936.312,1936,0,gap,42
12699,84947978,84947.978,1950,0,gap,42
12700,84952167,84952.167,1944,0,gap,42
12701,84956336,84956.336,1924,0,gap,42
12702,84967987,84967.987,1929,0,gap,42
12703,84972174,84972.174,1931,0,gap,42
12704,84976369,84976.369,1937,0,gap,42
12705,84987979,84987.979,1935,0,gap,42
12706,84992189,84992.189,1936,0,gap,42
12707,84996374,84996.374,1911,0,gap,42
12708,85007987,85007.987,1913,0,gap,42
12709,85012187,85012.187,1918,0,gap,42
12710,85016402,85016.402,1913,0,gap,42
12711,85027979,85027.979,1909,0,gap,42
12712,85032205,85032.205,1913,0,gap,42
12713,85036419,85036.419,1899,0,gap,42
12714,85047987,85047.987,1910,0,gap,42
12715,85052216,85052.216,1897,0,gap,42
12716,85056444,85056.444,1888,0,gap,42
12717,85067979,85067.979,1885,0,gap,42
12718,85072222,85072.222,1891,0,gap,42
12719,85076460,85076.46,1872,0,gap,42
12720,85087987,85087.987,1881,0,gap,42
12721,85092233,85092.233,1870,0,gap,42
12722,85096487,85096.487,1855,0,gap,42
12723,85107979,85107.979,1875,0,gap,42
12724,85112251,85112.251,1855,0,gap,42
12725,85116503,85116.503,1845,0,gap,42
12726,85127988,85127.988,1867,0,gap,42
12727,85132253,85132.253,1870,0,gap,42
12728,85136535,85136.535,1853,0,gap,42
12729,85147984,85147.984,1860,0,gap,42
12730,85152297,85152.297,1840,0,gap,42
12731,85156584,85156.584,1823,0,gap,42
12732,85167988,85167.988,1838,0,gap,42
12733,85172293,85172.293,1827,0,gap,42
12734,85176606,85176.606,1834,0,gap,42
12735,85187980,85187.98,1840,0,gap,42
12736,85192311,85192.311,1826,0,gap,42
12737,85197978,85197.978,1828,0,gap,42
12738,85207987,85207.987,1836,0,gap,42
12739,85212308,85212.308,1813,0,gap,42
12740,85217986,85217.986,1818,0,gap,42
12741,85227979,85227.979,1817,0,gap,42
12742,85232326,85232.326,1821,0,gap,42
12743,85237978,85237.978,1821,0,gap,42
12744,85247987,85247.987,1823,0,gap,42
12745,85252336,85252.336,1799,0,gap,42
12746,85257986,85257.986,1811,0,gap,42
12747,85267979,85267.979,1791,0,gap,42
12748,85272350,85272.35,1789,0,gap,42
12749,85277979,85277.979,1811,0,gap,42
12750,85287988,85287.988,1805,0,gap,42
12751,85292356,85292.356,1793,0,gap,42
12752,85297987,85297.987,1791,0,gap,42
12753,85307980,85307.98,1797,0,gap,42
12754,85312366,85312.366,1791,0,gap,42
12755,85317979,85317.979,1789,0,gap,42
12756,85325131,85325.131,1780,0,gap,42
12757,85337980,85337.98,1788,0,gap,42
12758,85342143,85342.143,1776,0,gap,42
12759,85346295,85346.295,1783,0,gap,42
12760,85357987,85357.987,1785,0,gap,42
12761,85362154,85362.154,1778,0,gap,42
12762,85366329,85366.329,1760,0,gap,42
12763,85377979,85377.979,1776,0,gap,42
12764,85382168,85382.168,1748,0,gap,42
12765,85386337,85386.337,1743,0,gap,42
12766,85397987,85397.987,1776,0,gap,42
12767,85402178,85402.178,1761,0,gap,42
12768,85406378,85406.378,1753,0,gap,42
12769,85417979,85417.979,1750,0,gap,42
12770,85422193,85422.193,1761,0,gap,42
12771,85426383,85426.383,1757,0,gap,42
12772,85437987,85437.987,1762,0,gap,42
12773,85442191,85442.191,1766,0,gap,42
12774,85446411,85446.411,1741,0,gap,42
12775,85457979,85457.979,1747,0,gap,42
12776,85462214,85462.214,1749,0,gap,42
12777,85466433,85466.433,1735,0,gap,42
12778,85477988,85477.988,1742,0,gap,42
12779,85482217,85482.217,1742,0,gap,42
12780,85486457,85486.457,1731,0,gap,42
12781,85497980,85497.98,1744,0,gap,42
12782,85502231,85502.231,1723,0,gap,42
12783,85506469,85506.469,1734,0,gap,42
12784,85517988,85517.988,1731,0,gap,42
12785,85522233,85522.233,1726,0,gap,42
12786,85526495,85526.495,1719,0,gap,42
12787,85537980,85537.98,1712,0,gap,42
12788,85542256,85542.256,1729,0,gap,42
12789,85547970,85547.97,1713,0,gap,42
12790,85557987,85557.987,1725,0,gap,42
12791,85562265,85562.265,1726,0,gap,42
12792,85567986,85567.986,1712,0,gap,42
12793,85577983,85577.983,1711,0,gap,42
12794,85582299,85582.299,1695,0,gap,42
12795,85587978,85587.978,1707,0,gap,42
12796,85597987,85597.987,1701,0,gap,42
12797,85602293,85602.293,1693,0,gap,42
12798,85607986,85607.986,1712,0,gap,42
12799,85617979,85617.979,1707,0,gap,42
12800,85622315,85622.315,1691,0,gap,42
12801,85627978,85627.978,1695,0,gap,42
12802,85637987,85637.987,1690,0,gap,42
12803,85642313,85642.313,1693,0,gap,42
12804,85647987,85647.987,1674,0,gap,42
12805,85657980,85657.98,1677,0,gap,42
12806,85662331,85662.331,1684,0,gap,42
12807,85667979,85667.979,1680,0,gap,42
12808,85677988,85677.988,1690,0,gap,42
12809,85682337,85682.337,1683,0,gap,42
12810,85687987,85687.987,1670,0,gap,42
12811,85697980,85697.98,1674,0,gap,42
12812,85702350,85702.35,1669,0,gap,42
12813,85717970,85717.97,1670,0,gap,42
12814,85722351,85722.351,1667,0,gap,42
12815,85726716,85726.716,1681,0,gap,42
12816,85737986,85737.986,1675,0,gap,42
12817,85742357,85742.357,1670,0,gap,42
12818,85746743,85746.743,1663,0,gap,42
12819,85753879,85753.879,1676,0,gap,42
12820,85767986,85767.986,1687,0,gap,42
12821,85772142,85772.142,1680,0,gap,42
12822,85776311,85776.311,1671,0,gap,42
12823,85787978,85787.978,1680,0,gap,42
12824,85792170,85792.17,1683,0,gap,42
12825,85796336,85796.336,1665,0,gap,42
12826,85807987,85807.987,1673,0,gap,42
12827,85812160,85812.16,1671,0,gap,42
12828,85816349,85816.349,1655,0,gap,42
12829,85827979,85827.979,1683,1,pulse,43
12830,85832274,85832.274,4095,1,pulse,43
12831,85836396,85836.396,4095,1,pulse,43
12832,85847983,85847.983,4095,1,pulse,43
12833,85852115,85852.115,4095,1,pulse,43
12834,85856258,85856.258,4095,1,pulse,43
12835,85867980,85867.98,4095,0,gap,43
12836,85872359,85872.359,3019,0,gap,43
12837,85876580,85876.58,2880,0,gap,43
12838,85887988,85887.988,2778,0,gap,43
12839,85892216,85892.216,2785,0,gap,43
12840,85897978,85897.978,2741,0,gap,43
12841,85907979,85907.979,2722,0,gap,43
12842,85912226,85912.226,2702,0,gap,43
12843,85917978,85917.978,2693,0,gap,43
12844,85927987,85927.987,2659,0,gap,43
12845,85932240,85932.24,2661,0,gap,43
12846,85937986,85937.986,2655,0,gap,43
12847,85947979,85947.979,2626,0,gap,43
12848,85952254,85952.254,2626,0,gap,43
12849,85957978,85957.978,2605,0,gap,43
12850,85967987,85967.987,2593,0,gap,43
12851,85972258,85972.258,2599,0,gap,43
12852,85977986,85977.986,2580,0,gap,43
12853,85987979,85987.979,2589,0,gap,43
12854,85992275,85992.275,2583,0,gap,43
12855,85997979,85997.979,2557,0,gap,43
12856,86007992,86007.992,2539,0,gap,43
12857,86012297,86012.297,2543,0,gap,43
12858,86017987,86017.987,2544,0,gap,43
12859,86027980,86027.98,2525,0,gap,43
12860,86032311,86032.311,2525,0,gap,43
12861,86037983,86037.983,2522,0,gap,43
12862,86047988,86047.988,2514,0,gap,43
12863,86052317,86052.317,2494,0,gap,43
12864,86067970,86067.97,2503,0,gap,43
12865,86072306,86072.306,2493,0,gap,43
12866,86076648,86076.648,2473,0,gap,43
12867,86087978,86087.978,2475,0,gap,43
12868,86092336,86092.336,2478,0,gap,43
12869,86096676,86096.676,2467,0,gap,43
12870,86107986,86107.986,2464,0,gap,43
12871,86112341,86112.341,2467,0,gap,43
12872,86116712,86116.712,2449,0,gap,43
12873,86127978,86127.978,2435,0,gap,43
12874,86132355,86132.355,2434,0,gap,43
12875,86136711,86136.711,2426,0,gap,43
12876,86147986,86147.986,2422,0,gap,43
12877,86152365,86152.365,2409,0,gap,43
12878,86156747,86156.747,2404,0,gap,43
12879,86167979,86167.979,2385,0,gap,43
12880,86172379,86172.379,2397,0,gap,43
12881,86179523,86179.523,2390,0,gap,43
12882,86183695,86183.695,2375,0,gap,43
12883,86197979,86197.979,2381,0,gap,43
12884,86202157,86202.157,2365,0,gap,43
12885,86206317,86206.317,2370,0,gap,43
12886,86217986,86217.986,2368,0,gap,43
12887,86222164,86222.164,2355,0,gap,43
12888,86226357,86226.357,2339,0,gap,43
12889,86237979,86237.979,2351,0,gap,43
12890,86242182,86242.182,2331,0,gap,43
12891,86246365,86246.365,2320,0,gap,43
12892,86257987,86257.987,2329,0,gap,43
12893,86262185,86262.185,2312,0,gap,43
12894,86266391,86266.391,2303,0,gap,43
12895,86277979,86277.979,2320,0,gap,43
12896,86282203,86282.203,2292,0,gap,43
12897,86286403,86286.403,2303,0,gap,43
12898,86297987,86297.987,2305,0,gap,43
12899,86302205,86302.205,2283,0,gap,43
12900,86306431,86306.431,2270,0,gap,43
12901,86317979,86317.979,2286,0,gap,43
12902,86322224,86322.224,2276,0,gap,43
12903,86326449,86326.449,2259,0,gap,43
12904,86337991,86337.991,2258,0,gap,43
12905,86342231,86342.231,2264,0,gap,43
12906,86346481,86346.481,2252,0,gap,43
12907,86357979,86357.979,2256,0,gap,43
12908,86362241,86362.241,2241,0,gap,43
12909,86366486,86366.486,2225,0,gap,43
12910,86377987,86377.987,2234,0,gap,43
12911,86382248,86382.248,2219,0,gap,43
12912,86386520,86386.52,2224,0,gap,43
12913,86397980,86397.98,2224,0,gap,43
12914,86402262,86402.262,2213,0,gap,43
12915,86406533,86406.533,2192,0,gap,43
12916,86417988,86417.988,2194,0,gap,43
12917,86422273,86422.273,2214,0,gap,43
12918,86426579,86426.579,2191,0,gap,43
12919,86437980,86437.98,2191,0,gap,43
12920,86442310,86442.31,2181,0,gap,43
12921,86446615,86446.615,2183,0,gap,43
12922,86457988,86457.988,2183,0,gap,43
12923,86462308,86462.308,2176,0,gap,43
12924,86467986,86467.986,2147,0,gap,43
12925,86477983,86477.983,2167,0,gap,43
12926,86482329,86482.329,2166,0,gap,43
12927,86487978,86487.978,2149,0,gap,43
12928,86497987,86497.987,2153,0,gap,43
12929,86502323,86502.323,2134,0,gap,43
12930,86507986,86507.986,2146,0,gap,43
12931,86517979,86517.979,2142,0,gap,43
12932,86522344,86522.344,2127,0,gap,43
12933,86527978,86527.978,2140,0,gap,43
12934,86537987,86537.987,2122,0,gap,43
12935,86542346,86542.346,2117,0,gap,43
12936,86547991,86547.991,2110,0,gap,43
12937,86557980,86557.98,2118,0,gap,43
12938,86562364,86562.364,2098,0,gap,43
12939,86567979,86567.979,2095,0,gap,43
12940,86577988,86577.988,2104,0,gap,43
12941,86582366,86582.366,2082,0,gap,43
12942,86587987,86587.987,2094,0,gap,43
12943,86597980,86597.98,2085,0,gap,43
12944,86605185,86605.185,2083,0,gap,43
12945,86609329,86609.329,2091,0,gap,43
12946,86617987,86617.987,2065,0,gap,43
12947,86622157,86622.157,2073,0,gap,43
12948,86637986,86637.986,2091,0,gap,43
12949,86642162,86642.162,2083,0,gap,43
12950,86646342,86646.342,2077,0,gap,43
12951,86657978,86657.978,2070,0,gap,43
12952,86662180,86662.18,2047,0,gap,43
12953,86666366,86666.366,2041,0,gap,43
12954,86677987,86677.987,2064,0,gap,43
12955,86682183,86682.183,2057,0,gap,43
12956,86686387,86686.387,2029,0,gap,43
12957,86697983,86697.983,2041,0,gap,43
12958,86702202,86702.202,2022,0,gap,43
12959,86706408,86706.408,2027,0,gap,43
12960,86717987,86717.987,2021,0,gap,43
12961,86722203,86722.203,2023,0,gap,43
12962,86726427,86726.427,2021,0,gap,43
12963,86737979,86737.979,2026,0,gap,43
12964,86742219,86742.219,2013,0,gap,43
12965,86746438,86746.438,1997,0,gap,43
12966,86757987,86757.987,2010,0,gap,43
12967,86762225,86762.225,1988,0,gap,43
12968,86766478,86766.478,1984,0,gap,43
12969,86777979,86777.979,1990,0,gap,43
12970,86782243,86782.243,1984,0,gap,43
12971,86786483,86786.483,1979,0,gap,43
12972,86797987,86797.987,1978,0,gap,43
12973,86802248,86802.248,1966,0,gap,43
12974,86806515,86806.515,1970,0,gap,43
12975,86817979,86817.979,1968,0,gap,43
12976,86822261,86822.261,1965,0,gap,43
12977,86826525,86826.525,1955,0,gap,43
12978,86837988,86837.988,1968,0,gap,43
12979,86842275,86842.275,1967,0,gap,43
12980,86846570,86846.57,1955,0,gap,43
12981,86857980,86857.98,1943,0,gap,43
12982,86862300,86862.3,1950,0,gap,43
12983,86866609,86866.609,1935,0,gap,43
12984,86877992,86877.992,1963,0,gap,43
12985,86882310,86882.31,1943,0,gap,43
12986,86886636,86886.636,1921,0,gap,43
12987,86897980,86897.98,1950,0,gap,43
12988,86902320,86902.32,1918,0,gap,43
12989,86907982,86907.982,1917,0,gap,43
12990,86917987,86917.987,1931,0,gap,43
12991,86922329,86922.329,1923,0,gap,43
12992,86927986,86927.986,1922,0,gap,43
12993,86937979,86937.979,1913,0,gap,43
12994,86942335,86942.335,1914,0,gap,43
12995,86947978,86947.978,1904,0,gap,43
12996,86957987,86957.987,1907,0,gap,43
12997,86962349,86962.349,1899,0,gap,43
12998,86967986,86967.986,1895,0,gap,43
12999,86977979,86977.979,1899,0,gap,43
13000,86982363,86982.363,1901,0,gap,43
13001,86987979,86987.979,1887,0,gap,43
13002,86997988,86997.988,1898,0,gap,43
13003,87002365,87002.365,1879,0,gap,43
13004,87007987,87007.987,1875,0,gap,43
13005,87017984,87017.984,1871,0,gap,43
13006,87022383,87022.383,1888,0,gap,43
13007,87029534,87029.534,1872,0,gap,43
13008,87037987,87037.987,1867,0,gap,43
13009,87042147,87042.147,1861,0,gap,43
13010,87057974,87057.974,1871,0,gap,43
13011,87062156,87062.156,1870,0,gap,43
13012,87066337,87066.337,1866,0,gap,43
13013,87077978,87077.978,1878,0,gap,43
13014,87082174,87082.174,1856,0,gap,43
13015,87086358,87086.358,1846,0,gap,43
13016,87097991,87097.991,1857,0,gap,43
13017,87102189,87102.189,1859,0,gap,43
13018,87106386,87106.386,1855,0,gap,43
13019,87117979,87117.979,1854,0,gap,43
13020,87122196,87122.196,1840,0,gap,43
13021,87126400,87126.4,1849,0,gap,43
13022,87137987,87137.987,1855,0,gap,43
13023,87142206,87142.206,1835,0,gap,43
13024,87146428,87146.428,1842,0,gap,43
13025,87157979,87157.979,1844,0,gap,43
13026,87162212,87162.212,1835,0,gap,43
13027,87166437,87166.437,1822,0,gap,43
13028,87177987,87177.987,1839,0,gap,43
13029,87182227,87182.227,1831,0,gap,43
13030,87186470,87186.47,1803,0,gap,43
13031,87197979,87197.979,1818,0,gap,43
13032,87202241,87202.241,1808,0,gap,43
13033,87206482,87206.482,1807,0,gap,43
13034,87217987,87217.987,1809,0,gap,43
13035,87222243,87222.243,1799,0,gap,43
13036,87226507,87226.507,1799,0,gap,43
13037,87237984,87237.984,1792,0,gap,43
13038,87242258,87242.258,1788,0,gap,43
13039,87246524,87246.524,1782,0,gap,43
13040,87257988,87257.988,1802,0,gap,43
13041,87262268,87262.268,1804,0,gap,43
13042,87266557,87266.557,1795,0,gap,43
13043,87277980,87277.98,1786,0,gap,43
13044,87282289,87282.289,1779,0,gap,43
13045,87286591,87286.591,1786,0,gap,43
13046,87297988,87297.988,1787,0,gap,43
13047,87302308,87302.308,1779,0,gap,43
13048,87306636,87306.636,1775,0,gap,43
13049,87317980,87317.98,1770,0,gap,43
13050,87322314,87322.314,1764,0,gap,43
13051,87327978,87327.978,1776,0,gap,43
13052,87337987,87337.987,1773,0,gap,43
13053,87342327,87342.327,1757,0,gap,43
13054,87347986,87347.986,1757,0,gap,43
13055,87357979,87357.979,1766,0,gap,43
13056,87362337,87362.337,1747,0,gap,43
13057,87367978,87367.978,1744,0,gap,43
13058,87377987,87377.987,1771,0,gap,43
13059,87382347,87382.347,1746,0,gap,43
13060,87387986,87387.986,1742,0,gap,43
13061,87397979,87397.979,1744,0,gap,43
13062,87402353,87402.353,1738,0,gap,43
13063,87407979,87407.979,1736,0,gap,43
13064,87417992,87417.992,1750,0,gap,43
13065,87422371,87422.371,1733,0,gap,43
13066,87427987,87427.987,1731,0,gap,43
13067,87437980,87437.98,1726,0,gap,43
13068,87442377,87442.377,1728,0,gap,43
13069,87449534,87449.534,1712,0,gap,43
13070,87457987,87457.987,1728,0,gap,43
13071,87462162,87462.162,1717,0,gap,43
13072,87477974,87477.974,1726,0,gap,43
13073,87482149,87482.149,1732,0,gap,43
13074,87486324,87486.324,1720,0,gap,43
13075,87497978,87497.978,1734,0,gap,43
13076,87502172,87502.172,1719,0,gap,43
13077,87506353,87506.353,1708,0,gap,43
13078,87517987,87517.987,1723,0,gap,43
13079,87522182,87522.182,1713,0,gap,43
13080,87526385,87526.385,1711,0,gap,43
13081,87537979,87537.979,1699,0,gap,43
13082,87542189,87542.189,1710,0,gap,43
13083,87546391,87546.391,1712,0,gap,43
13084,87557987,87557.987,1699,0,gap,43
13085,87562203,87562.203,1703,0,gap,43
13086,87566423,87566.423,1680,0,gap,43
13087,87577979,87577.979,1687,0,gap,43
13088,87582213,87582.213,1685,0,gap,43
13089,87586432,87586.432,1671,0,gap,43
13090,87597987,87597.987,1678,0,gap,43
13091,87602229,87602.229,1674,0,gap,43
13092,87606466,87606.466,1666,0,gap,43
13093,87617979,87617.979,1682,0,gap,43
13094,87622231,87622.231,1680,0,gap,43
13095,87626473,87626.473,1674,0,gap,43
13096,87637991,87637.991,1682,0,gap,43
13097,87642248,87642.248,1673,0,gap,43
13098,87646506,87646.506,1655,0,gap,43
13099,87657979,87657.979,1661,0,gap,43
13100,87662252,87662.252,1647,0,gap,43
13101,87666519,87666.519,1630,0,gap,43
13102,87677988,87677.988,1650,0,gap,43
13103,87682270,87682.27,1636,0,gap,43
13104,87686564,87686.564,1633,0,gap,43
13105,87697980,87697.98,1646,0,gap,43
13106,87702290,87702.29,1638,0,gap,43
13107,87706598,87706.598,1615,0,gap,43
13108,87717988,87717.988,1622,0,gap,43
13109,87722306,87722.306,1618,0,gap,43
13110,87726624,87726.624,1607,0,gap,43
13111,87737980,87737.98,1616,0,gap,43
13112,87742320,87742.32,1610,0,gap,43
13113,87747970,87747.97,1599,0,gap,43
13114,87757987,87757.987,1589,0,gap,43
13115,87762321,87762.321,1584,0,gap,43
13116,87767986,87767.986,1584,0,gap,43
13117,87777983,87777.983,1585,0,gap,43
13118,87782339,87782.339,1584,0,gap,43
13119,87787978,87787.978,1584,0,gap,43
13120,87797987,87797.987,1566,0,gap,43
13121,87802344,87802.344,1563,0,gap,43
13122,87807986,87807.986,1567,0,gap,43
13123,87817979,87817.979,1555,0,gap,43
13124,87822350,87822.35,1553,0,gap,43
13125,87827979,87827.979,1535,0,gap,43
13126,87837988,87837.988,1535,0,gap,43
13127,87842364,87842.364,1520,0,gap,43
13128,87847991,87847.991,1530,0,gap,43
13129,87857980,87857.98,1535,0,gap,43
13130,87862375,87862.375,1521,0,gap,43
13131,87867979,87867.979,1493,0,gap,43
13132,87875130,87875.13,1508,0,gap,43
13133,87887984,87887.984,1497,0,gap,43
13134,87892153,87892.153,1488,0,gap,43
13135,87896319,87896.319,1487,0,gap,43
13136,87907987,87907.987,1493,0,gap,43
13137,87912164,87912.164,1482,0,gap,43
13138,87916345,87916.345,1474,0,gap,43
13139,87927979,87927.979,1472,0,gap,43
13140,87932174,87932.174,1455,0,gap,43
13141,87936360,87936.36,1469,1,pulse,44
13142,87947996,87947.996,4095,1,pulse,44
13143,87952139,87952.139,4095,1,pulse,44
13144,87956278,87956.278,4095,1,pulse,44
13145,87967976,87967.976,4095,1,pulse,44
13146,87972130,87972.13,4095,1,pulse,44
13147,87977974,87977.974,4095,0,gap,44
13148,87988000,87988.0,2871,0,gap,44
13149,87992239,87992.239,2809,0,gap,44
13150,87997986,87997.986,2757,0,gap,44
13151,88007979,88007.979,2715,0,gap,44
13152,88012229,88012.229,2701,0,gap,44
13153,88017978,88017.978,2704,0,gap,44
13154,88027987,88027.987,2672,0,gap,44
13155,88032232,88032.232,2639,0,gap,44
13156,88037986,88037.986,2631,0,gap,44
13157,88047979,88047.979,2626,0,gap,44
13158,88052250,88052.25,2601,0,gap,44
13159,88057979,88057.979,2559,0,gap,44
13160,88067987,88067.987,2559,0,gap,44
13161,88072256,88072.256,2559,0,gap,44
13162,88077987,88077.987,2557,0,gap,44
13163,88087980,88087.98,2531,0,gap,44
13164,88092275,88092.275,2522,0,gap,44
13165,88097979,88097.979,2501,0,gap,44
13166,88107988,88107.988,2481,0,gap,44
13167,88112286,88112.286,2484,0,gap,44
13168,88117987,88117.987,2463,0,gap,44
13169,88127980,88127.98,2449,0,gap,44
13170,88132316,88132.316,2425,0,gap,44
13171,88147966,88147.966,2427,0,gap,44
13172,88152308,88152.308,2407,0,gap,44
13173,88156630,88156.63,2416,0,gap,44
13174,88167986,88167.986,2405,0,gap,44
13175,88172326,88172.326,2387,0,gap,44
13176,88176673,88176.673,2378,0,gap,44
13177,88187978,88187.978,2359,0,gap,44
13178,88192340,88192.34,2363,0,gap,44
13179,88196677,88196.677,2338,0,gap,44
13180,88207990,88207.99,2343,0,gap,44
13181,88212346,88212.346,2342,0,gap,44
13182,88216713,88216.713,2322,0,gap,44
13183,88227979,88227.979,2298,0,gap,44
13184,88232360,88232.36,2288,0,gap,44
13185,88236716,88236.716,2277,0,gap,44
13186,88247987,88247.987,2260,0,gap,44
13187,88252358,88252.358,2261,0,gap,44
13188,88256744,88256.744,2265,0,gap,44
13189,88267979,88267.979,2241,0,gap,44
13190,88272375,88272.375,2256,0,gap,44
13191,88276760,88276.76,2221,0,gap,44
13192,88287987,88287.987,2225,0,gap,44
13193,88292377,88292.377,2201,0,gap,44
13194,88296780,88296.78,2186,0,gap,44
13195,88303931,88303.931,2183,0,gap,44
13196,88317991,88317.991,2185,0,gap,44
13197,88322167,88322.167,2174,0,gap,44
13198,88326355,88326.355,2173,0,gap,44
13199,88337978,88337.978,2161,0,gap,44
13200,88342181,88342.181,2149,0,gap,44
13201,88346359,88346.359,2131,0,gap,44
13202,88357987,88357.987,2129,0,gap,44
13203,88362179,88362.179,2109,0,gap,44
13204,88366384,88366.384,2113,0,gap,44
13205,88377979,88377.979,2107,0,gap,44
13206,88382198,88382.198,2096,0,gap,44
13207,88386405,88386.405,2077,0,gap,44
13208,88397987,88397.987,2080,0,gap,44
13209,88402200,88402.2,2063,0,gap,44
13210,88406429,88406.429,2067,0,gap,44
13211,88417979,88417.979,2064,0,gap,44
13212,88422222,88422.222,2036,0,gap,44
13213,88426445,88426.445,2032,0,gap,44
13214,88437987,88437.987,2013,0,gap,44
13215,88442226,88442.226,2007,0,gap,44
13216,88446472,88446.472,1997,0,gap,44
13217,88457979,88457.979,1998,0,gap,44
13218,88462244,88462.244,1990,0,gap,44
13219,88466492,88466.492,1986,0,gap,44
13220,88477987,88477.987,1979,0,gap,44
13221,88482246,88482.246,1981,0,gap,44
13222,88486512,88486.512,1949,0,gap,44
13223,88497979,88497.979,1968,0,gap,44
13224,88502265,88502.265,1939,0,gap,44
13225,88506527,88506.527,1936,0,gap,44
13226,88517988,88517.988,1936,0,gap,44
13227,88522264,88522.264,1927,0,gap,44
13228,88526559,88526.559,1905,0,gap,44
13229,88537980,88537.98,1926,0,gap,44
13230,88542290,88542.29,1899,0,gap,44
13231,88546583,88546.583,1893,0,gap,44
13232,88557988,88557.988,1881,0,gap,44
13233,88562303,88562.303,1874,0,gap,44
13234,88566638,88566.638,1873,0,gap,44
13235,88577980,88577.98,1872,0,gap,44
13236,88582321,88582.321,1854,0,gap,44
13237,88587978,88587.978,1867,0,gap,44
13238,88597987,88597.987,1841,0,gap,44
13239,88602330,88602.33,1834,0,gap,44
13240,88607986,88607.986,1840,0,gap,44
13241,88617979,88617.979,1824,0,gap,44
13242,88622340,88622.34,1837,0,gap,44
13243,88627978,88627.978,1809,0,gap,44
13244,88637991,88637.991,1809,0,gap,44
13245,88642350,88642.35,1801,0,gap,44
13246,88647986,88647.986,1782,0,gap,44
13247,88657979,88657.979,1781,0,gap,44
13248,88662364,88662.364,1777,0,gap,44
13249,88667979,88667.979,1759,0,gap,44
13250,88677988,88677.988,1775,0,gap,44
13251,88682366,88682.366,1770,0,gap,44
13252,88687987,88687.987,1754,0,gap,44
13253,88697980,88697.98,1752,0,gap,44
13254,88702380,88702.38,1728,0,gap,44
13255,88707979,88707.979,1750,0,gap,44
13256,88717988,88717.988,1746,0,gap,44
13257,88725144,88725.144,1734,0,gap,44
13258,88729328,88729.328,1715,0,gap,44
13259,88737979,88737.979,1708,0,gap,44
13260,88742172,88742.172,1715,0,gap,44
13261,88757978,88757.978,1738,0,gap,44
13262,88762175,88762.175,1698,0,gap,44
13263,88766355,88766.355,1698,0,gap,44
13264,88777986,88777.986,1695,0,gap,44
13265,88782181,88782.181,1681,0,gap,44
13266,88786386,88786.386,1689,0,gap,44
13267,88797979,88797.979,1693,0,gap,44
13268,88802195,88802.195,1662,0,gap,44
13269,88806395,88806.395,1680,0,gap,44
13270,88817987,88817.987,1664,0,gap,44
13271,88822206,88822.206,1659,0,gap,44
13272,88826433,88826.433,1658,0,gap,44
13273,88837979,88837.979,1635,0,gap,44
13274,88842216,88842.216,1633,0,gap,44
13275,88846432,88846.432,1639,0,gap,44
13276,88857991,88857.991,1648,0,gap,44
13277,88862227,88862.227,1630,0,gap,44
13278,88866474,88866.474,1620,0,gap,44
13279,88877979,88877.979,1615,0,gap,44
13280,88882241,88882.241,1615,0,gap,44
13281,88886483,88886.483,1610,0,gap,44
13282,88897987,88897.987,1604,0,gap,44
13283,88902239,88902.239,1589,0,gap,44
13284,88906506,88906.506,1587,0,gap,44
13285,88917979,88917.979,1583,0,gap,44
13286,88922262,88922.262,1597,0,gap,44
13287,88926529,88926.529,1585,0,gap,44
13288,88937987,88937.987,1579,0,gap,44
13289,88942261,88942.261,1566,0,gap,44
13290,88946550,88946.55,1587,0,gap,44
13291,88957980,88957.98,1571,0,gap,44
13292,88962287,88962.287,1579,0,gap,44
13293,88966578,88966.578,1553,0,gap,44
13294,88977988,88977.988,1568,0,gap,44
13295,88982305,88982.305,1535,0,gap,44
13296,88986633,88986.633,1535,0,gap,44
13297,88997980,88997.98,1530,0,gap,44
13298,89002323,89002.323,1535,0,gap,44
13299,89006645,89006.645,1527,0,gap,44
13300,89017988,89017.988,1530,0,gap,44
13301,89022320,89022.32,1525,0,gap,44
13302,89027974,89027.974,1520,0,gap,44
13303,89037979,89037.979,1507,0,gap,44
13304,89042341,89042.341,1509,0,gap,44
13305,89047978,89047.978,1504,0,gap,44
13306,89057987,89057.987,1499,0,gap,44
13307,89062339,89062.339,1491,0,gap,44
13308,89067990,89067.99,1477,0,gap,44
13309,89077979,89077.979,1493,0,gap,44
13310,89082357,89082.357,1469,0,gap,44
13311,89087978,89087.978,1482,0,gap,44
13312,89097987,89097.987,1485,0,gap,44
13313,89102359,89102.359,1457,0,gap,44
13314,89107987,89107.987,1458,0,gap,44
13315,89117980,89117.98,1485,0,gap,44
13316,89122377,89122.377,1461,0,gap,44
13317,89127979,89127.979,1453,0,gap,44
13318,89137988,89137.988,1459,0,gap,44
13319,89142388,89142.388,1459,0,gap,44
13320,89149598,89149.598,1443,0,gap,44
13321,89157979,89157.979,1459,0,gap,44
13322,89162173,89162.173,1438,0,gap,44
13323,89177970,89177.97,1456,0,gap,44
13324,89182165,89182.165,1439,0,gap,44
13325,89186347,89186.347,1435,0,gap,44
13326,89197986,89197.986,1453,0,gap,44
13327,89202183,89202.183,1420,0,gap,44
13328,89206383,89206.383,1424,0,gap,44
13329,89217978,89217.978,1419,0,gap,44
13330,89222194,89222.194,1426,0,gap,44
13331,89226392,89226.392,1417,0,gap,44
13332,89237987,89237.987,1419,0,gap,44
13333,89242200,89242.2,1428,0,gap,44
13334,89246417,89246.417,1399,0,gap,44
13335,89257979,89257.979,1415,0,gap,44
13336,89262214,89262.214,1402,0,gap,44
13337,89266437,89266.437,1399,0,gap,44
13338,89277987,89277.987,1395,0,gap,44
13339,89282217,89282.217,1397,0,gap,44
13340,89286463,89286.463,1391,0,gap,44
13341,89297979,89297.979,1393,0,gap,44
13342,89302236,89302.236,1386,0,gap,44
13343,89306475,89306.475,1383,0,gap,44
13344,89317987,89317.987,1379,0,gap,44
13345,89322238,89322.238,1387,0,gap,44
13346,89326508,89326.508,1366,0,gap,44
13347,89337979,89337.979,1372,0,gap,44
13348,89342256,89342.256,1360,0,gap,44
13349,89346515,89346.515,1357,0,gap,44
13350,89357987,89357.987,1362,0,gap,44
13351,89362271,89362.271,1351,0,gap,44
13352,89366554,89366.554,1339,0,gap,44
13353,89377980,89377.98,1361,0,gap,44
13354,89382273,89382.273,1357,0,gap,44
13355,89386559,89386.559,1344,0,gap,44
13356,89397992,89397.992,1343,0,gap,44
13357,89402317,89402.317,1343,0,gap,44
13358,89406640,89406.64,1335,0,gap,44
13359,89417980,89417.98,1343,0,gap,44
13360,89422317,89422.317,1324,0,gap,44
13361,89426638,89426.638,1327,0,gap,44
13362,89437988,89437.988,1339,0,gap,44
13363,89442323,89442.323,1324,0,gap,44
13364,89447974,89447.974,1323,0,gap,44
13365,89457979,89457.979,1328,0,gap,44
13366,89462332,89462.332,1330,0,gap,44
13367,89467978,89467.978,1325,0,gap,44
13368,89477987,89477.987,1327,0,gap,44
13369,89482346,89482.346,1312,0,gap,44
13370,89487990,89487.99,1318,0,gap,44
13371,89497979,89497.979,1311,0,gap,44
13372,89502360,89502.36,1315,0,gap,44
13373,89507978,89507.978,1301,0,gap,44
13374,89517987,89517.987,1310,0,gap,44
13375,89522365,89522.365,1296,0,gap,44
13376,89527987,89527.987,1303,0,gap,44
13377,89537980,89537.98,1297,0,gap,44
13378,89542376,89542.376,1296,0,gap,44
13379,89547979,89547.979,1282,0,gap,44
13380,89557988,89557.988,1314,0,gap,44
13381,89562382,89562.382,1286,0,gap,44
13382,89567987,89567.987,1280,0,gap,44
13383,89575150,89575.15,1291,0,gap,44
13384,89587988,89587.988,1297,0,gap,44
13385,89592158,89592.158,1285,0,gap,44
13386,89596343,89596.343,1284,0,gap,44
13387,89607979,89607.979,1287,0,gap,44
13388,89612182,89612.182,1277,0,gap,44
13389,89616369,89616.369,1266,0,gap,44
13390,89627987,89627.987,1271,0,gap,44
13391,89632188,89632.188,1279,0,gap,44
13392,89636392,89636.392,1269,0,gap,44
13393,89647979,89647.979,1281,0,gap,44
13394,89652198,89652.198,1271,0,gap,44
13395,89656405,89656.405,1283,0,gap,44
13396,89667987,89667.987,1263,0,gap,44
13397,89672209,89672.209,1279,0,gap,44
13398,89676435,89676.435,1270,0,gap,44
13399,89687979,89687.979,1269,0,gap,44
13400,89692219,89692.219,1278,0,gap,44
13401,89696446,89696.446,1274,0,gap,44
13402,89707987,89707.987,1292,0,gap,44
13403,89712226,89712.226,1268,0,gap,44
13404,89716473,89716.473,1259,0,gap,44
13405,89727980,89727.98,1275,0,gap,44
13406,89732237,89732.237,1261,0,gap,44
13407,89736485,89736.485,1248,0,gap,44
13408,89747988,89747.988,1275,0,gap,44
13409,89752247,89752.247,1264,0,gap,44
13410,89756517,89756.517,1251,0,gap,44
13411,89767980,89767.98,1267,0,gap,44
13412,89772257,89772.257,1264,0,gap,44
13413,89776523,89776.523,1260,0,gap,44
13414,89787988,89787.988,1271,0,gap,44
13415,89792276,89792.276,1264,0,gap,44
13416,89797970,89797.97,1264,0,gap,44
13417,89807979,89807.979,1267,0,gap,44
13418,89812285,89812.285,1264,0,gap,44
13419,89817978,89817.978,1255,0,gap,44
13420,89827991,89827.991,1270,0,gap,44
13421,89832315,89832.315,1245,0,gap,44
13422,89837986,89837.986,1252,0,gap,44
13423,89847979,89847.979,1259,0,gap,44
13424,89852321,89852.321,1263,0,gap,44
13425,89857978,89857.978,1255,0,gap,44
13426,89867987,89867.987,1246,0,gap,44
13427,89872331,89872.331,1248,0,gap,44
13428,89877986,89877.986,1254,0,gap,44
13429,89887979,89887.979,1254,0,gap,44
13430,89892341,89892.341,1265,0,gap,44
13431,89897979,89897.979,1247,0,gap,44
13432,89907988,89907.988,1263,0,gap,44
13433,89912350,89912.35,1249,0,gap,44
13434,89917987,89917.987,1235,0,gap,44
13435,89927980,89927.98,1258,0,gap,44
13436,89932360,89932.36,1255,0,gap,44
13437,89937979,89937.979,1262,0,gap,44
13438,89947988,89947.988,1262,0,gap,44
13439,89952374,89952.374,1245,0,gap,44
13440,89967974,89967.974,1260,0,gap,44
13441,89972363,89972.363,1260,0,gap,44
13442,89976755,89976.755,1253,0,gap,44
13443,89987978,89987.978,1257,0,gap,44
13444,89992381,89992.381,1260,0,gap,44
13445,89996771,89996.771,1249,0,gap,44
13446,90003934,90003.934,1245,0,gap,44
13447,90017970,90017.97,1265,0,gap,44
13448,90022158,90022.158,1264,0,gap,44
13449,90026335,90026.335,1267,0,gap,44
13450,90037986,90037.986,1273,0,gap,44
13451,90042173,90042.173,1277,0,gap,44
13452,90046376,90046.376,1264,0,gap,44
13453,90057979,90057.979,1296,1,pulse,45
13454,90062276,90062.276,4095,1,pulse,45
13455,90066410,90066.41,4095,1,pulse,45
13456,90077983,90077.983,4095,1,pulse,45
13457,90082132,90082.132,4095,1,pulse,45
13458,90086281,90086.281,4095,1,pulse,45
13459,90097976,90097.976,4095,0,gap,45
13460,90102361,90102.361,3052,0,gap,45
13461,90106592,90106.592,2893,0,gap,45
13462,90117988,90117.988,2806,0,gap,45
13463,90122229,90122.229,2797,0,gap,45
13464,90126474,90126.474,2768,0,gap,45
13465,90137980,90137.98,2747,0,gap,45
13466,90142236,90142.236,2719,0,gap,45
13467,90147970,90147.97,2704,0,gap,45
13468,90157987,90157.987,2681,0,gap,45
13469,90162241,90162.241,2674,0,gap,45
13470,90167986,90167.986,2658,0,gap,45
13471,90177979,90177.979,2642,0,gap,45
13472,90182267,90182.267,2633,0,gap,45
13473,90187978,90187.978,2619,0,gap,45
13474,90197987,90197.987,2611,0,gap,45
13475,90202266,90202.266,2589,0,gap,45
13476,90207986,90207.986,2585,0,gap,45
13477,90217979,90217.979,2580,0,gap,45
13478,90222281,90222.281,2559,0,gap,45
13479,90227978,90227.978,2559,0,gap,45
13480,90237987,90237.987,2546,0,gap,45
13481,90242291,90242.291,2545,0,gap,45
13482,90247987,90247.987,2527,0,gap,45
13483,90257984,90257.984,2529,0,gap,45
13484,90262321,90262.321,2521,0,gap,45
13485,90267979,90267.979,2512,0,gap,45
13486,90277988,90277.988,2515,0,gap,45
13487,90282331,90282.331,2489,0,gap,45
13488,90287991,90287.991,2490,0,gap,45
13489,90297980,90297.98,2477,0,gap,45
13490,90302337,90302.337,2470,0,gap,45
13491,90317966,90317.966,2490,0,gap,45
13492,90322333,90322.333,2465,0,gap,45
13493,90326684,90326.684,2450,0,gap,45
13494,90337986,90337.986,2453,0,gap,45
13495,90342355,90342.355,2441,0,gap,45
13496,90346728,90346.728,2435,0,gap,45
13497,90357978,90357.978,2432,0,gap,45
13498,90362361,90362.361,2416,0,gap,45
13499,90366735,90366.735,2415,0,gap,45
13500,90377986,90377.986,2399,0,gap,45
13501,90382375,90382.375,2389,0,gap,45
13502,90386767,90386.767,2381,0,gap,45
13503,90397978,90397.978,2399,0,gap,45
13504,90402389,90402.389,2375,0,gap,45
13505,90406782,90406.782,2370,0,gap,45
13506,90417987,90417.987,2357,0,gap,45
13507,90422391,90422.391,2368,0,gap,45
13508,90429571,90429.571,2364,0,gap,45
13509,90433746,90433.746,2341,0,gap,45
13510,90447987,90447.987,2352,0,gap,45
13511,90452177,90452.177,2335,0,gap,45
13512,90456372,90456.372,2334,0,gap,45
13513,90467978,90467.978,2338,0,gap,45
13514,90472184,90472.184,2300,0,gap,45
13515,90476380,90476.38,2294,0,gap,45
13516,90487987,90487.987,2315,0,gap,45
13517,90492194,90492.194,2306,0,gap,45
13518,90496405,90496.405,2293,0,gap,45
13519,90507979,90507.979,2287,0,gap,45
13520,90512213,90512.213,2278,0,gap,45
13521,90516430,90516.43,2259,0,gap,45
13522,90527987,90527.987,2270,0,gap,45
13523,90532219,90532.219,2257,0,gap,45
13524,90536450,90536.45,2243,0,gap,45
13525,90547979,90547.979,2238,0,gap,45
13526,90552233,90552.233,2226,0,gap,45
13527,90556470,90556.47,2238,0,gap,45
13528,90567987,90567.987,2237,0,gap,45
13529,90572236,90572.236,2217,0,gap,45
13530,90576489,90576.489,2207,0,gap,45
13531,90587983,90587.983,2211,0,gap,45
13532,90592254,90592.254,2193,0,gap,45
13533,90596513,90596.513,2194,0,gap,45
13534,90607987,90607.987,2199,0,gap,45
13535,90612260,90612.26,2181,0,gap,45
13536,90616541,90616.541,2176,0,gap,45
13537,90627979,90627.979,2171,0,gap,45
13538,90632268,90632.268,2179,0,gap,45
13539,90636544,90636.544,2147,0,gap,45
13540,90647988,90647.988,2175,0,gap,45
13541,90652282,90652.282,2148,0,gap,45
13542,90656580,90656.58,2159,0,gap,45
13543,90667980,90667.98,2139,0,gap,45
13544,90672300,90672.3,2138,0,gap,45
13545,90676610,90676.61,2115,0,gap,45
13546,90687988,90687.988,2138,0,gap,45
13547,90692322,90692.322,2125,0,gap,45
13548,90696655,90696.655,2112,0,gap,45
13549,90707980,90707.98,2112,0,gap,45
13550,90712328,90712.328,2109,0,gap,45
13551,90717970,90717.97,2087,0,gap,45
13552,90727991,90727.991,2083,0,gap,45
13553,90732344,90732.344,2082,0,gap,45
13554,90737986,90737.986,2067,0,gap,45
13555,90747979,90747.979,2075,0,gap,45
13556,90752346,90752.346,2064,0,gap,45
13557,90757978,90757.978,2071,0,gap,45
13558,90767987,90767.987,2070,0,gap,45
13559,90772360,90772.36,2041,0,gap,45
13560,90777986,90777.986,2039,0,gap,45
13561,90787979,90787.979,2058,0,gap,45
13562,90792366,90792.366,2038,0,gap,45
13563,90797983,90797.983,2017,0,gap,45
13564,90807988,90807.988,2030,0,gap,45
13565,90812380,90812.38,2011,0,gap,45
13566,90817987,90817.987,2016,0,gap,45
13567,90827980,90827.98,2026,0,gap,45
13568,90832394,90832.394,1990,0,gap,45
13569,90837979,90837.979,1999,0,gap,45
13570,90847988,90847.988,1987,0,gap,45
13571,90855196,90855.196,2007,0,gap,45
13572,90859376,90859.376,1981,0,gap,45
13573,90867979,90867.979,1979,0,gap,45
13574,90872181,90872.181,1982,0,gap,45
13575,90887978,90887.978,1992,0,gap,45
13576,90892190,90892.19,1968,0,gap,45
13577,90896381,90896.381,1977,0,gap,45
13578,90907986,90907.986,1987,0,gap,45
13579,90912192,90912.192,1968,0,gap,45
13580,90916406,90916.406,1961,0,gap,45
13581,90927978,90927.978,1955,0,gap,45
13582,90932207,90932.207,1957,0,gap,45
13583,90936419,90936.419,1951,0,gap,45
13584,90947991,90947.991,1941,0,gap,45
13585,90952218,90952.218,1931,0,gap,45
13586,90956452,90956.452,1917,0,gap,45
13587,90967979,90967.979,1936,0,gap,45
13588,90972227,90972.227,1911,0,gap,45
13589,90976459,90976.459,1930,0,gap,45
13590,90987987,90987.987,1905,0,gap,45
13591,90992239,90992.239,1906,0,gap,45
13592,90996494,90996.494,1904,0,gap,45
13593,91007979,91007.979,1916,0,gap,45
13594,91012245,91012.245,1886,0,gap,45
13595,91016506,91016.506,1882,0,gap,45
13596,91027987,91027.987,1888,0,gap,45
13597,91032255,91032.255,1878,0,gap,45
13598,91036530,91036.53,1875,0,gap,45
13599,91047979,91047.979,1884,0,gap,45
13600,91052275,91052.275,1865,0,gap,45
13601,91056547,91056.547,1865,0,gap,45
13602,91067987,91067.987,1866,0,gap,45
13603,91072273,91072.273,1867,0,gap,45
13604,91076569,91076.569,1865,0,gap,45
13605,91087980,91087.98,1872,0,gap,45
13606,91092299,91092.299,1849,0,gap,45
13607,91096602,91096.602,1832,0,gap,45
13608,91107988,91107.988,1851,0,gap,45
13609,91112312,91112.312,1825,0,gap,45
13610,91116648,91116.648,1814,0,gap,45
13611,91127984,91127.984,1830,0,gap,45
13612,91132338,91132.338,1833,0,gap,45
13613,91136668,91136.668,1826,0,gap,45
13614,91147988,91147.988,1822,0,gap,45
13615,91152336,91152.336,1811,0,gap,45
13616,91157978,91157.978,1799,0,gap,45
13617,91167979,91167.979,1807,0,gap,45
13618,91172353,91172.353,1803,0,gap,45
13619,91177978,91177.978,1803,0,gap,45
13620,91187987,91187.987,1811,0,gap,45
13621,91192351,91192.351,1789,0,gap,45
13622,91197986,91197.986,1793,0,gap,45
13623,91207979,91207.979,1796,0,gap,45
13624,91212373,91212.373,1770,0,gap,45
13625,91217978,91217.978,1774,0,gap,45
13626,91227987,91227.987,1792,0,gap,45
13627,91232375,91232.375,1759,0,gap,45
13628,91237987,91237.987,1769,0,gap,45
13629,91247980,91247.98,1774,0,gap,45
13630,91252393,91252.393,1752,0,gap,45
13631,91257979,91257.979,1763,0,gap,45
13632,91267992,91267.992,1764,0,gap,45
13633,91272395,91272.395,1749,0,gap,45
13634,91279576,91279.576,1745,0,gap,45
13635,91287979,91287.979,1749,0,gap,45
13636,91292171,91292.171,1745,0,gap,45
13637,91307970,91307.97,1758,0,gap,45
13638,91312184,91312.184,1742,0,gap,45
13639,91316373,91316.373,1744,0,gap,45
13640,91327986,91327.986,1749,0,gap,45
13641,91332186,91332.186,1744,0,gap,45
13642,91336397,91336.397,1749,0,gap,45
13643,91347983,91347.983,1755,0,gap,45
13644,91352213,91352.213,1734,0,gap,45
13645,91356422,91356.422,1734,0,gap,45
13646,91367987,91367.987,1726,0,gap,45
13647,91372211,91372.211,1725,0,gap,45
13648,91376451,91376.451,1727,0,gap,45
13649,91387979,91387.979,1728,0,gap,45
13650,91392225,91392.225,1720,0,gap,45
13651,91396451,91396.451,1703,0,gap,45
13652,91407987,91407.987,1712,0,gap,45
13653,91412228,91412.228,1695,0,gap,45
13654,91416489,91416.489,1712,0,gap,45
13655,91427979,91427.979,1721,0,gap,45
13656,91432251,91432.251,1715,0,gap,45
13657,91436498,91436.498,1706,0,gap,45
13658,91447987,91447.987,1699,0,gap,45
13659,91452253,91452.253,1695,0,gap,45
13660,91456529,91456.529,1691,0,gap,45
13661,91467979,91467.979,1694,0,gap,45
13662,91472271,91472.271,1697,0,gap,45
13663,91476542,91476.542,1685,0,gap,45
13664,91487991,91487.991,1695,0,gap,45
13665,91492278,91492.278,1693,0,gap,45
13666,91496576,91496.576,1662,0,gap,45
13667,91507980,91507.98,1693,0,gap,45
13668,91512292,91512.292,1676,0,gap,45
13669,91516588,91516.588,1664,0,gap,45
13670,91527988,91527.988,1685,0,gap,45
13671,91532308,91532.308,1650,0,gap,45
13672,91536646,91536.646,1659,0,gap,45
13673,91547980,91547.98,1678,0,gap,45
13674,91552332,91552.332,1654,0,gap,45
13675,91556668,91556.668,1659,0,gap,45
13676,91567988,91567.988,1653,0,gap,45
13677,91572330,91572.33,1655,0,gap,45
13678,91577974,91577.974,1642,0,gap,45
13679,91587979,91587.979,1645,0,gap,45
13680,91592355,91592.355,1643,0,gap,45
13681,91597978,91597.978,1630,0,gap,45
13682,91607987,91607.987,1658,0,gap,45
13683,91612349,91612.349,1631,0,gap,45
13684,91617986,91617.986,1625,0,gap,45
13685,91627979,91627.979,1646,0,gap,45
13686,91632374,91632.374,1627,0,gap,45
13687,91637978,91637.978,1632,0,gap,45
13688,91647987,91647.987,1627,0,gap,45
13689,91652368,91652.368,1618,0,gap,45
13690,91657987,91657.987,1605,0,gap,45
13691,91667984,91667.984,1627,0,gap,45
13692,91672390,91672.39,1617,0,gap,45
13693,91677979,91677.979,1618,0,gap,45
13694,91687988,91687.988,1636,0,gap,45
13695,91692393,91692.393,1623,0,gap,45
13696,91699585,91699.585,1613,0,gap,45
13697,91707979,91707.979,1617,0,gap,45
13698,91712182,91712.182,1603,0,gap,45
13699,91727970,91727.97,1631,0,gap,45
13700,91732177,91732.177,1611,0,gap,45
13701,91736360,91736.36,1625,0,gap,45
13702,91747986,91747.986,1615,0,gap,45
13703,91752188,91752.188,1603,0,gap,45
13704,91756401,91756.401,1612,0,gap,45
13705,91767978,91767.978,1616,0,gap,45
13706,91772201,91772.201,1609,0,gap,45
13707,91776408,91776.408,1600,0,gap,45
13708,91787987,91787.987,1602,0,gap,45
13709,91792205,91792.205,1603,0,gap,45
13710,91796435,91796.435,1594,0,gap,45
13711,91807979,91807.979,1596,0,gap,45
13712,91812231,91812.231,1598,0,gap,45
13713,91816459,91816.459,1584,0,gap,45
13714,91827987,91827.987,1614,0,gap,45
13715,91832229,91832.229,1578,0,gap,45
13716,91836479,91836.479,1591,0,gap,45
13717,91847979,91847.979,1587,0,gap,45
13718,91852248,91852.248,1598,0,gap,45
13719,91856497,91856.497,1573,0,gap,45
13720,91867987,91867.987,1584,0,gap,45
13721,91872246,91872.246,1577,0,gap,45
13722,91876521,91876.521,1565,0,gap,45
13723,91887983,91887.983,1584,0,gap,45
13724,91892272,91892.272,1585,0,gap,45
13725,91896537,91896.537,1578,0,gap,45
13726,91907987,91907.987,1579,0,gap,45
13727,91912271,91912.271,1594,0,gap,45
13728,91916571,91916.571,1554,0,gap,45
13729,91927980,91927.98,1579,0,gap,45
13730,91932286,91932.286,1575,0,gap,45
13731,91936583,91936.583,1574,0,gap,45
13732,91947988,91947.988,1582,0,gap,45
13733,91952306,91952.306,1583,0,gap,45
13734,91956645,91956.645,1568,0,gap,45
13735,91967980,91967.98,1570,0,gap,45
13736,91972330,91972.33,1553,0,gap,45
13737,91976655,91976.655,1557,0,gap,45
13738,91987988,91987.988,1582,0,gap,45
13739,91992336,91992.336,1535,0,gap,45
13740,91997974,91997.974,1552,0,gap,45
13741,92007979,92007.979,1562,0,gap,45
13742,92012344,92012.344,1555,0,gap,45
13743,92017978,92017.978,1553,0,gap,45
13744,92027991,92027.991,1555,0,gap,45
13745,92032355,92032.355,1555,0,gap,45
13746,92037986,92037.986,1535,0,gap,45
13747,92047979,92047.979,1554,0,gap,45
13748,92052364,92052.364,1565,0,gap,45
13749,92057978,92057.978,1535,0,gap,45
13750,92067987,92067.987,1535,0,gap,45
13751,92072370,92072.37,1562,0,gap,45
13752,92077987,92077.987,1531,0,gap,45
13753,92087980,92087.98,1558,0,gap,45
13754,92092388,92092.388,1535,0,gap,45
13755,92097983,92097.983,1526,0,gap,45
13756,92107988,92107.988,1535,0,gap,45
13757,92112390,92112.39,1535,0,gap,45
13758,92117987,92117.987,1535,0,gap,45
13759,92125150,92125.15,1535,0,gap,45
13760,92137992,92137.992,1557,0,gap,45
13761,92142168,92142.168,1535,0,gap,45
13762,92146367,92146.367,1530,0,gap,45
13763,92157979,92157.979,1535,0,gap,45
13764,92162192,92162.192,1529,0,gap,45
13765,92166380,92166.38,1525,0,gap,45
13766,92177987,92177.987,1555,0,gap,45
13767,92182194,92182.194,1535,0,gap,45
13768,92186412,92186.412,1571,1,pulse,46
13769,92197988,92197.988,4095,1,pulse,46
13770,92202163,92202.163,4095,1,pulse,46
13771,92206309,92206.309,4095,1,pulse,46
13772,92217984,92217.984,4095,1,pulse,46
13773,92222146,92222.146,4095,1,pulse,46
13774,92227982,92227.982,4095,0,gap,46
13775,92237992,92237.992,2847,0,gap,46
13776,92242263,92242.263,2794,0,gap,46
13777,92247978,92247.978,2779,0,gap,46
13778,92257987,92257.987,2718,0,gap,46
13779,92262245,92262.245,2707,0,gap,46
13780,92267986,92267.986,2701,0,gap,46
13781,92277979,92277.979,2673,0,gap,46
13782,92282260,92282.26,2654,0,gap,46
13783,92287978,92287.978,2670,0,gap,46
13784,92297987,92297.987,2651,0,gap,46
13785,92302270,92302.27,2633,0,gap,46
13786,92307986,92307.986,2622,0,gap,46
13787,92317979,92317.979,2611,0,gap,46
13788,92322280,92322.28,2610,0,gap,46
13789,92327979,92327.979,2579,0,gap,46
13790,92337988,92337.988,2582,0,gap,46
13791,92342295,92342.295,2583,0,gap,46
13792,92347987,92347.987,2559,0,gap,46
13793,92357980,92357.98,2559,0,gap,46
13794,92362310,92362.31,2540,0,gap,46
13795,92367979,92367.979,2547,0,gap,46
13796,92377988,92377.988,2538,0,gap,46
13797,92382335,92382.335,2530,0,gap,46
13798,92397970,92397.97,2527,0,gap,46
13799,92402320,92402.32,2512,0,gap,46
13800,92406673,92406.673,2512,0,gap,46
13801,92417978,92417.978,2505,0,gap,46
13802,92422350,92422.35,2496,0,gap,46
13803,92426705,92426.705,2496,0,gap,46
13804,92437986,92437.986,2489,0,gap,46
13805,92442356,92442.356,2487,0,gap,46
13806,92446728,92446.728,2477,0,gap,46
13807,92457982,92457.982,2474,0,gap,46
13808,92462370,92462.37,2457,0,gap,46
13809,92466744,92466.744,2457,0,gap,46
13810,92477986,92477.986,2437,0,gap,46
13811,92482375,92482.375,2438,0,gap,46
13812,92486768,92486.768,2427,0,gap,46
13813,92497979,92497.979,2422,0,gap,46
13814,92502385,92502.385,2426,0,gap,46
13815,92506779,92506.779,2423,0,gap,46
13816,92517987,92517.987,2415,0,gap,46
13817,92522395,92522.395,2399,0,gap,46
13818,92526811,92526.811,2391,0,gap,46
13819,92537979,92537.979,2398,0,gap,46
13820,92542405,92542.405,2384,0,gap,46
13821,92546819,92546.819,2369,0,gap,46
13822,92554007,92554.007,2367,0,gap,46
13823,92567983,92567.983,2381,0,gap,46
13824,92572191,92572.191,2359,0,gap,46
13825,92576387,92576.387,2361,0,gap,46
13826,92587986,92587.986,2369,0,gap,46
13827,92592197,92592.197,2347,0,gap,46
13828,92596411,92596.411,2335,0,gap,46
13829,92607978,92607.978,2335,0,gap,46
13830,92612207,92612.207,2343,0,gap,46
13831,92616423,92616.423,2320,0,gap,46
13832,92627987,92627.987,2327,0,gap,46
13833,92632218,92632.218,2314,0,gap,46
13834,92636457,92636.457,2314,0,gap,46
13835,92647979,92647.979,2315,0,gap,46
13836,92652228,92652.228,2294,0,gap,46
13837,92656465,92656.465,2305,0,gap,46
13838,92667987,92667.987,2292,0,gap,46
13839,92672242,92672.242,2288,0,gap,46
13840,92676497,92676.497,2290,0,gap,46
13841,92687979,92687.979,2285,0,gap,46
13842,92692249,92692.249,2255,0,gap,46
13843,92696504,92696.504,2261,0,gap,46
13844,92707987,92707.987,2257,0,gap,46
13845,92712260,92712.26,2256,0,gap,46
13846,92716539,92716.539,2247,0,gap,46
13847,92727979,92727.979,2238,0,gap,46
13848,92732273,92732.273,2224,0,gap,46
13849,92736547,92736.547,2237,0,gap,46
13850,92747987,92747.987,2223,0,gap,46
13851,92752280,92752.28,2208,0,gap,46
13852,92756578,92756.578,2218,0,gap,46
13853,92767980,92767.98,2224,0,gap,46
13854,92772292,92772.292,2210,0,gap,46
13855,92776595,92776.595,2205,0,gap,46
13856,92787988,92787.988,2208,0,gap,46
13857,92792305,92792.305,2205,0,gap,46
13858,92796630,92796.63,2183,0,gap,46
13859,92807980,92807.98,2187,0,gap,46
13860,92812331,92812.331,2186,0,gap,46
13861,92816673,92816.673,2166,0,gap,46
13862,92827988,92827.988,2179,0,gap,46
13863,92832341,92832.341,2168,0,gap,46
13864,92837974,92837.974,2167,0,gap,46
13865,92847979,92847.979,2173,0,gap,46
13866,92852354,92852.354,2154,0,gap,46
13867,92857978,92857.978,2151,0,gap,46
13868,92867987,92867.987,2155,0,gap,46
13869,92872359,92872.359,2147,0,gap,46
13870,92877986,92877.986,2135,0,gap,46
13871,92887983,92887.983,2128,0,gap,46
13872,92892374,92892.374,2127,0,gap,46
13873,92897978,92897.978,2112,0,gap,46
13874,92907987,92907.987,2131,0,gap,46
13875,92912379,92912.379,2102,0,gap,46
13876,92917987,92917.987,2102,0,gap,46
13877,92927980,92927.98,2113,0,gap,46
13878,92932389,92932.389,2103,0,gap,46
13879,92937979,92937.979,2112,0,gap,46
13880,92947988,92947.988,2101,0,gap,46
13881,92952403,92952.403,2095,0,gap,46
13882,92957987,92957.987,2090,0,gap,46
13883,92967980,92967.98,2081,0,gap,46
13884,92975172,92975.172,2079,0,gap,46
13885,92979364,92979.364,2074,0,gap,46
13886,92987987,92987.987,2085,0,gap,46
13887,92992191,92992.191,2065,0,gap,46
13888,93007986,93007.986,2080,0,gap,46
13889,93012195,93012.195,2064,0,gap,46
13890,93016406,93016.406,2064,0,gap,46
13891,93027978,93027.978,2057,0,gap,46
13892,93032204,93032.204,2064,0,gap,46
13893,93036421,93036.421,2053,0,gap,46
13894,93047986,93047.986,2047,0,gap,46
13895,93052215,93052.215,2063,0,gap,46
13896,93056446,93056.446,2023,0,gap,46
13897,93067979,93067.979,2047,0,gap,46
13898,93072230,93072.23,2032,0,gap,46
13899,93076464,93076.464,2032,0,gap,46
13900,93087987,93087.987,2043,0,gap,46
13901,93092235,93092.235,2029,0,gap,46
13902,93096487,93096.487,2000,0,gap,46
13903,93107983,93107.983,2030,0,gap,46
13904,93112250,93112.25,2004,0,gap,46
13905,93116505,93116.505,2012,0,gap,46
13906,93127987,93127.987,2003,0,gap,46
13907,93132257,93132.257,2000,0,gap,46
13908,93136530,93136.53,2001,0,gap,46
13909,93147979,93147.979,1991,0,gap,46
13910,93152267,93152.267,1990,0,gap,46
13911,93156542,93156.542,1981,0,gap,46
13912,93167987,93167.987,1984,0,gap,46
13913,93172278,93172.278,1968,0,gap,46
13914,93176577,93176.577,1977,0,gap,46
13915,93187979,93187.979,1966,0,gap,46
13916,93192289,93192.289,1970,0,gap,46
13917,93196586,93196.586,1961,0,gap,46
13918,93207988,93207.988,1955,0,gap,46
13919,93212307,93212.307,1975,0,gap,46
13920,93216630,93216.63,1965,0,gap,46
13921,93227980,93227.98,1967,0,gap,46
13922,93232329,93232.329,1945,0,gap,46
13923,93236665,93236.665,1957,0,gap,46
13924,93247988,93247.988,1936,0,gap,46
13925,93252342,93252.342,1949,0,gap,46
13926,93256696,93256.696,1933,0,gap,46
13927,93267980,93267.98,1950,0,gap,46
13928,93272348,93272.348,1935,0,gap,46
13929,93277970,93277.97,1931,0,gap,46
13930,93287987,93287.987,1926,0,gap,46
13931,93292357,93292.357,1910,0,gap,46
13932,93297986,93297.986,1904,0,gap,46
13933,93307979,93307.979,1924,0,gap,46
13934,93312367,93312.367,1911,0,gap,46
13935,93317982,93317.982,1914,0,gap,46
13936,93327987,93327.987,1920,0,gap,46
13937,93332377,93332.377,1895,0,gap,46
13938,93337986,93337.986,1895,0,gap,46
13939,93347979,93347.979,1900,0,gap,46
13940,93352387,93352.387,1894,0,gap,46
13941,93357979,93357.979,1890,0,gap,46
13942,93367988,93367.988,1885,0,gap,46
13943,93372397,93372.397,1877,0,gap,46
13944,93377987,93377.987,1869,0,gap,46
13945,93387980,93387.98,1875,0,gap,46
13946,93392411,93392.411,1856,0,gap,46
13947,93399629,93399.629,1881,0,gap,46
13948,93407987,93407.987,1884,0,gap,46
13949,93412193,93412.193,1854,0,gap,46
13950,93427974,93427.974,1875,0,gap,46
13951,93432181,93432.181,1862,0,gap,46
13952,93436395,93436.395,1849,0,gap,46
13953,93447978,93447.978,1875,0,gap,46
13954,93452207,93452.207,1872,0,gap,46
13955,93456415,93456.415,1862,0,gap,46
13956,93467986,93467.986,1872,0,gap,46
13957,93472214,93472.214,1861,0,gap,46
13958,93476448,93476.448,1839,0,gap,46
13959,93487979,93487.979,1847,0,gap,46
13960,93492228,93492.228,1843,0,gap,46
13961,93496457,93496.457,1836,0,gap,46
13962,93507987,93507.987,1859,0,gap,46
13963,93512230,93512.23,1844,0,gap,46
13964,93516485,93516.485,1828,0,gap,46
13965,93527979,93527.979,1834,0,gap,46
13966,93532245,93532.245,1837,0,gap,46
13967,93536502,93536.502,1829,0,gap,46
13968,93547987,93547.987,1838,0,gap,46
13969,93552255,93552.255,1830,0,gap,46
13970,93556527,93556.527,1815,0,gap,46
13971,93567979,93567.979,1819,0,gap,46
13972,93572265,93572.265,1829,0,gap,46
13973,93576543,93576.543,1808,0,gap,46
13974,93587987,93587.987,1808,0,gap,46
13975,93592276,93592.276,1815,0,gap,46
13976,93596570,93596.57,1807,0,gap,46
13977,93607979,93607.979,1809,0,gap,46
13978,93612295,93612.295,1794,0,gap,46
13979,93616586,93616.586,1785,0,gap,46
13980,93627988,93627.988,1802,0,gap,46
13981,93632293,93632.293,1803,0,gap,46
13982,93636614,93636.614,1780,0,gap,46
13983,93647984,93647.984,1793,0,gap,46
13984,93652341,93652.341,1799,0,gap,46
13985,93656672,93656.672,1793,0,gap,46
13986,93667988,93667.988,1791,0,gap,46
13987,93672333,93672.333,1791,0,gap,46
13988,93676689,93676.689,1776,0,gap,46
13989,93687980,93687.98,1776,0,gap,46
13990,93692351,93692.351,1767,0,gap,46
13991,93697970,93697.97,1759,0,gap,46
13992,93707987,93707.987,1763,0,gap,46
13993,93712352,93712.352,1776,0,gap,46
13994,93717986,93717.986,1763,0,gap,46
13995,93727979,93727.979,1775,0,gap,46
13996,93732369,93732.369,1770,0,gap,46
13997,93737978,93737.978,1751,0,gap,46
13998,93747987,93747.987,1749,0,gap,46
13999,93752375,93752.375,1747,0,gap,46
14000,93757986,93757.986,1746,0,gap,46
14001,93767979,93767.979,1761,0,gap,46
14002,93772389,93772.389,1755,0,gap,46
14003,93777979,93777.979,1744,0,gap,46
14004,93787988,93787.988,1746,0,gap,46
14005,93792396,93792.396,1735,0,gap,46
14006,93797987,93797.987,1728,0,gap,46
14007,93807980,93807.98,1755,0,gap,46
14008,93812409,93812.409,1735,0,gap,46
14009,93817979,93817.979,1737,0,gap,46
14010,93825174,93825.174,1739,0,gap,46
14011,93837980,93837.98,1739,0,gap,46
14012,93842186,93842.186,1728,0,gap,46
14013,93846378,93846.378,1731,0,gap,46
14014,93857987,93857.987,1744,0,gap,46
14015,93862198,93862.198,1723,0,gap,46
14016,93866416,93866.416,1718,0,gap,46
14017,93877979,93877.979,1719,0,gap,46
14018,93882212,93882.212,1724,0,gap,46
14019,93886424,93886.424,1711,0,gap,46
14020,93897987,93897.987,1712,0,gap,46
14021,93902218,93902.218,1723,0,gap,46
14022,93906457,93906.457,1712,0,gap,46
14023,93917979,93917.979,1728,0,gap,46
14024,93922233,93922.233,1728,0,gap,46
14025,93926466,93926.466,1713,0,gap,46
14026,93937987,93937.987,1713,0,gap,46
14027,93942235,93942.235,1717,0,gap,46
14028,93946494,93946.494,1695,0,gap,46
14029,93957979,93957.979,1712,0,gap,46
14030,93962254,93962.254,1710,0,gap,46
14031,93966512,93966.512,1698,0,gap,46
14032,93977987,93977.987,1702,0,gap,46
14033,93982256,93982.256,1701,0,gap,46
14034,93986536,93986.536,1691,0,gap,46
14035,93997980,93997.98,1685,0,gap,46
14036,94002274,94002.274,1693,0,gap,46
14037,94006552,94006.552,1680,0,gap,46
14038,94017988,94017.988,1686,0,gap,46
14039,94022277,94022.277,1690,0,gap,46
14040,94026578,94026.578,1694,0,gap,46
14041,94037980,94037.98,1677,0,gap,46
14042,94042299,94042.299,1677,0,gap,46
14043,94047966,94047.966,1666,0,gap,46
14044,94057987,94057.987,1680,0,gap,46
14045,94062305,94062.305,1680,0,gap,46
14046,94067986,94067.986,1651,0,gap,46
14047,94077983,94077.983,1680,0,gap,46
14048,94082339,94082.339,1663,0,gap,46
14049,94087978,94087.978,1670,0,gap,46
14050,94097987,94097.987,1678,0,gap,46
14051,94102337,94102.337,1669,0,gap,46
14052,94107986,94107.986,1649,0,gap,46
14053,94117979,94117.979,1682,0,gap,46
14054,94122354,94122.354,1663,0,gap,46
14055,94127978,94127.978,1648,0,gap,46
14056,94137987,94137.987,1655,0,gap,46
14057,94142356,94142.356,1663,0,gap,46
14058,94147987,94147.987,1648,0,gap,46
14059,94157980,94157.98,1653,0,gap,46
14060,94162374,94162.374,1648,0,gap,46
14061,94167979,94167.979,1638,0,gap,46
14062,94177988,94177.988,1643,0,gap,46
14063,94182380,94182.38,1645,0,gap,46
14064,94187987,94187.987,1645,0,gap,46
14065,94197980,94197.98,1651,0,gap,46
14066,94202394,94202.394,1648,0,gap,46
14067,94217970,94217.97,1663,0,gap,46
14068,94222391,94222.391,1649,0,gap,46
14069,94226795,94226.795,1648,0,gap,46
14070,94237986,94237.986,1664,0,gap,46
14071,94242401,94242.401,1637,0,gap,46
14072,94246826,94246.826,1637,0,gap,46
14073,94254003,94254.003,1648,0,gap,46
14074,94267970,94267.97,1654,0,gap,46
14075,94272166,94272.166,1660,0,gap,46
14076,94276375,94276.375,1639,0,gap,46
14077,94287978,94287.978,1639,0,gap,46
14078,94292201,94292.201,1629,0,gap,46
14079,94296407,94296.407,1627,0,gap,46
14080,94307986,94307.986,1643,0,gap,46
14081,94312203,94312.203,1644,0,gap,46
14082,94316432,94316.432,1639,0,gap,46
14083,94327979,94327.979,1635,0,gap,46
14084,94332222,94332.222,1630,0,gap,46
14085,94336449,94336.449,1629,0,gap,46
14086,94347987,94347.987,1618,0,gap,46
14087,94352224,94352.224,1639,0,gap,46
14088,94356473,94356.473,1619,0,gap,46
14089,94367979,94367.979,1638,0,gap,46
14090,94372246,94372.246,1629,0,gap,46
14091,94376489,94376.489,1637,0,gap,46
14092,94387987,94387.987,1659,1,pulse,47
14093,94392338,94392.338,4095,1,pulse,47
14094,94396542,94396.542,4095,1,pulse,47
14095,94407976,94407.976,4095,1,pulse,47
14096,94412190,94412.19,4095,1,pulse,47
14097,94417974,94417.974,4095,1,pulse,47
14098,94427983,94427.983,4095,0,gap,47
14099,94432425,94432.425,3020,0,gap,47
14100,94437986,94437.986,2853,0,gap,47
14101,94447979,94447.979,2799,0,gap,47
14102,94452294,94452.294,2767,0,gap,47
14103,94457978,94457.978,2738,0,gap,47
14104,94467987,94467.987,2739,0,gap,47
14105,94472301,94472.301,2705,0,gap,47
14106,94477986,94477.986,2679,0,gap,47
14107,94487979,94487.979,2684,0,gap,47
14108,94492319,94492.319,2659,0,gap,47
14109,94497979,94497.979,2648,0,gap,47
14110,94507991,94507.991,2639,0,gap,47
14111,94512341,94512.341,2619,0,gap,47
14112,94517987,94517.987,2608,0,gap,47
14113,94527980,94527.98,2608,0,gap,47
14114,94532354,94532.354,2593,0,gap,47
14115,94537983,94537.983,2594,0,gap,47
14116,94547988,94547.988,2591,0,gap,47
14117,94552356,94552.356,2559,0,gap,47
14118,94567970,94567.97,2559,0,gap,47
14119,94572345,94572.345,2559,0,gap,47
14120,94576732,94576.732,2555,0,gap,47
14121,94587978,94587.978,2529,0,gap,47
14122,94592379,94592.379,2521,0,gap,47
14123,94596759,94596.759,2514,0,gap,47
14124,94607986,94607.986,2521,0,gap,47
14125,94612381,94612.381,2512,0,gap,47
14126,94616791,94616.791,2489,0,gap,47
14127,94627978,94627.978,2486,0,gap,47
14128,94632399,94632.399,2491,0,gap,47
14129,94636798,94636.798,2487,0,gap,47
14130,94647986,94647.986,2483,0,gap,47
14131,94652404,94652.404,2461,0,gap,47
14132,94656830,94656.83,2463,0,gap,47
14133,94667979,94667.979,2463,0,gap,47
14134,94672419,94672.419,2448,0,gap,47
14135,94679607,94679.607,2447,0,gap,47
14136,94683818,94683.818,2437,0,gap,47
14137,94697979,94697.979,2448,0,gap,47
14138,94702201,94702.201,2416,0,gap,47
14139,94706404,94706.404,2423,0,gap,47
14140,94717986,94717.986,2422,0,gap,47
14141,94722203,94722.203,2416,0,gap,47
14142,94726436,94726.436,2392,0,gap,47
14143,94737978,94737.978,2416,0,gap,47
14144,94742221,94742.221,2384,0,gap,47
14145,94746444,94746.444,2377,0,gap,47
14146,94757987,94757.987,2393,0,gap,47
14147,94762228,94762.228,2384,0,gap,47
14148,94766478,94766.478,2367,0,gap,47
14149,94777979,94777.979,2370,0,gap,47
14150,94782243,94782.243,2352,0,gap,47
14151,94786486,94786.486,2347,0,gap,47
14152,94797987,94797.987,2350,0,gap,47
14153,94802249,94802.249,2345,0,gap,47
14154,94806518,94806.518,2345,0,gap,47
14155,94817979,94817.979,2342,0,gap,47
14156,94822264,94822.264,2325,0,gap,47
14157,94826528,94826.528,2325,0,gap,47
14158,94837991,94837.991,2325,0,gap,47
14159,94842270,94842.27,2304,0,gap,47
14160,94846560,94846.56,2303,0,gap,47
14161,94857979,94857.979,2304,0,gap,47
14162,94862284,94862.284,2300,0,gap,47
14163,94866573,94866.573,2299,0,gap,47
14164,94877987,94877.987,2288,0,gap,47
14165,94882288,94882.288,2276,0,gap,47
14166,94886599,94886.599,2286,0,gap,47
14167,94897980,94897.98,2282,0,gap,47
14168,94902306,94902.306,2277,0,gap,47
14169,94906616,94906.616,2256,0,gap,47
14170,94917988,94917.988,2261,0,gap,47
14171,94922316,94922.316,2259,0,gap,47
14172,94926662,94926.662,2242,0,gap,47
14173,94937980,94937.98,2239,0,gap,47
14174,94942350,94942.35,2242,0,gap,47
14175,94946695,94946.695,2222,0,gap,47
14176,94957988,94957.988,2240,0,gap,47
14177,94962347,94962.347,2217,0,gap,47
14178,94967974,94967.974,2214,0,gap,47
14179,94977983,94977.983,2215,0,gap,47
14180,94982368,94982.368,2203,0,gap,47
14181,94987978,94987.978,2193,0,gap,47
14182,94997987,94997.987,2217,0,gap,47
14183,95002366,95002.366,2181,0,gap,47
14184,95007986,95007.986,2183,0,gap,47
14185,95017979,95017.979,2191,0,gap,47
14186,95022384,95022.384,2183,0,gap,47
14187,95027978,95027.978,2175,0,gap,47
14188,95037987,95037.987,2175,0,gap,47
14189,95042386,95042.386,2164,0,gap,47
14190,95047991,95047.991,2170,0,gap,47
14191,95057980,95057.98,2165,0,gap,47
14192,95062404,95062.404,2142,0,gap,47
14193,95067979,95067.979,2152,0,gap,47
14194,95077988,95077.988,2135,0,gap,47
14195,95082410,95082.41,2130,0,gap,47
14196,95087987,95087.987,2128,0,gap,47
14197,95097980,95097.98,2135,0,gap,47
14198,95105224,95105.224,2138,0,gap,47
14199,95109412,95109.412,2123,0,gap,47
14200,95117987,95117.987,2133,0,gap,47
14201,95122200,95122.2,2114,0,gap,47
14202,95137986,95137.986,2127,0,gap,47
14203,95142206,95142.206,2111,0,gap,47
14204,95146429,95146.429,2109,0,gap,47
14205,95157978,95157.978,2116,0,gap,47
14206,95162220,95162.22,2107,0,gap,47
14207,95166445,95166.445,2093,0,gap,47
14208,95177986,95177.986,2102,0,gap,47
14209,95182226,95182.226,2096,0,gap,47
14210,95186470,95186.47,2095,0,gap,47
14211,95197983,95197.983,2083,0,gap,47
14212,95202241,95202.241,2082,0,gap,47
14213,95206487,95206.487,2077,0,gap,47
14214,95217987,95217.987,2082,0,gap,47
14215,95222247,95222.247,2064,0,gap,47
14216,95226510,95226.51,2062,0,gap,47
14217,95237979,95237.979,2083,0,gap,47
14218,95242262,95242.262,2039,0,gap,47
14219,95246525,95246.525,2042,0,gap,47
14220,95257987,95257.987,2059,0,gap,47
14221,95262264,95262.264,2042,0,gap,47
14222,95266557,95266.557,2032,0,gap,47
14223,95277979,95277.979,2055,0,gap,47
14224,95282282,95282.282,2020,0,gap,47
14225,95286565,95286.565,2005,0,gap,47
14226,95297987,95297.987,2033,0,gap,47
14227,95302291,95302.291,2017,0,gap,47
14228,95306598,95306.598,2021,0,gap,47
14229,95317979,95317.979,2014,0,gap,47
14230,95322300,95322.3,2017,0,gap,47
14231,95326608,95326.608,1999,0,gap,47
14232,95337988,95337.988,2019,0,gap,47
14233,95342318,95342.318,2015,0,gap,47
14234,95346653,95346.653,1999,0,gap,47
14235,95357980,95357.98,2000,0,gap,47
14236,95362340,95362.34,1977,0,gap,47
14237,95366687,95366.687,1973,0,gap,47
14238,95377992,95377.992,1983,0,gap,47
14239,95382354,95382.354,1978,0,gap,47
14240,95386719,95386.719,1986,0,gap,47
14241,95397980,95397.98,1975,0,gap,47
14242,95402360,95402.36,1969,0,gap,47
14243,95407974,95407.974,1973,0,gap,47
14244,95417987,95417.987,1968,0,gap,47
14245,95422369,95422.369,1952,0,gap,47
14246,95427986,95427.986,1957,0,gap,47
14247,95437979,95437.979,1955,0,gap,47
14248,95442379,95442.379,1936,0,gap,47
14249,95447978,95447.978,1947,0,gap,47
14250,95457987,95457.987,1958,0,gap,47
14251,95462388,95462.388,1946,0,gap,47
14252,95467986,95467.986,1942,0,gap,47
14253,95477979,95477.979,1936,0,gap,47
14254,95482403,95482.403,1923,0,gap,47
14255,95487979,95487.979,1919,0,gap,47
14256,95497988,95497.988,1931,0,gap,47
14257,95502409,95502.409,1926,0,gap,47
14258,95507987,95507.987,1930,0,gap,47
14259,95517984,95517.984,1930,0,gap,47
14260,95522423,95522.423,1909,0,gap,47
14261,95529614,95529.614,1918,0,gap,47
14262,95537987,95537.987,1927,0,gap,47
14263,95542191,95542.191,1903,0,gap,47
14264,95557974,95557.974,1913,0,gap,47
14265,95562195,95562.195,1907,0,gap,47
14266,95566416,95566.416,1898,0,gap,47
14267,95577978,95577.978,1904,0,gap,47
14268,95582214,95582.214,1898,0,gap,47
14269,95586437,95586.437,1893,0,gap,47
14270,95597991,95597.991,1897,0,gap,47
14271,95602228,95602.228,1903,0,gap,47
14272,95606469,95606.469,1877,0,gap,47
14273,95617979,95617.979,1904,0,gap,47
14274,95622235,95622.235,1898,0,gap,47
14275,95626483,95626.483,1881,0,gap,47
14276,95637987,95637.987,1897,0,gap,47
14277,95642245,95642.245,1881,0,gap,47
14278,95646507,95646.507,1872,0,gap,47
14279,95657979,95657.979,1878,0,gap,47
14280,95662256,95662.256,1891,0,gap,47
14281,95666524,95666.524,1873,0,gap,47
14282,95677987,95677.987,1875,0,gap,47
14283,95682266,95682.266,1872,0,gap,47
14284,95686549,95686.549,1859,0,gap,47
14285,95697979,95697.979,1857,0,gap,47
14286,95702280,95702.28,1867,0,gap,47
14287,95706565,95706.565,1856,0,gap,47
14288,95717987,95717.987,1854,0,gap,47
14289,95722287,95722.287,1857,0,gap,47
14290,95726590,95726.59,1846,0,gap,47
14291,95737983,95737.983,1856,0,gap,47
14292,95742302,95742.302,1845,0,gap,47
14293,95746607,95746.607,1836,0,gap,47
14294,95757988,95757.988,1856,0,gap,47
14295,95762312,95762.312,1840,0,gap,47
14296,95766644,95766.644,1842,0,gap,47
14297,95777980,95777.98,1840,0,gap,47
14298,95782332,95782.332,1824,0,gap,47
14299,95786678,95786.678,1820,0,gap,47
14300,95797988,95797.988,1825,0,gap,47
14301,95802348,95802.348,1830,0,gap,47
14302,95806715,95806.715,1817,0,gap,47
14303,95817980,95817.98,1830,0,gap,47
14304,95822358,95822.358,1828,0,gap,47
14305,95827970,95827.97,1818,0,gap,47
14306,95837987,95837.987,1823,0,gap,47
14307,95842371,95842.371,1808,0,gap,47
14308,95847986,95847.986,1808,0,gap,47
14309,95857979,95857.979,1810,0,gap,47
14310,95862376,95862.376,1808,0,gap,47
14311,95867978,95867.978,1803,0,gap,47
14312,95877987,95877.987,1809,0,gap,47
14313,95882390,95882.39,1804,0,gap,47
14314,95887986,95887.986,1792,0,gap,47
14315,95897979,95897.979,1796,0,gap,47
14316,95902396,95902.396,1792,0,gap,47
14317,95907979,95907.979,1783,0,gap,47
14318,95917992,95917.992,1793,0,gap,47
14319,95922410,95922.41,1778,0,gap,47
14320,95927987,95927.987,1791,0,gap,47
14321,95937980,95937.98,1785,0,gap,47
14322,95942416,95942.416,1782,0,gap,47
14323,95949617,95949.617,1783,0,gap,47
14324,95957987,95957.987,1785,0,gap,47
14325,95962202,95962.202,1762,0,gap,47
14326,95977974,95977.974,1801,0,gap,47
14327,95982189,95982.189,1791,0,gap,47
14328,95986407,95986.407,1770,0,gap,47
14329,95997978,95997.978,1776,0,gap,47
14330,96002212,96002.212,1775,0,gap,47
14331,96006432,96006.432,1770,0,gap,47
14332,96017986,96017.986,1776,0,gap,47
14333,96022221,96022.221,1776,0,gap,47
14334,96026464,96026.464,1753,0,gap,47
14335,96037979,96037.979,1775,0,gap,47
14336,96042233,96042.233,1757,0,gap,47
14337,96046474,96046.474,1745,0,gap,47
14338,96057987,96057.987,1766,0,gap,47
14339,96062247,96062.247,1756,0,gap,47
14340,96066506,96066.506,1758,0,gap,47
14341,96077979,96077.979,1754,0,gap,47
14342,96082253,96082.253,1746,0,gap,47
14343,96086515,96086.515,1750,0,gap,47
14344,96097987,96097.987,1758,0,gap,47
14345,96102268,96102.268,1754,0,gap,47
14346,96106548,96106.548,1744,0,gap,47
14347,96117979,96117.979,1751,0,gap,47
14348,96122274,96122.274,1744,0,gap,47
14349,96126556,96126.556,1739,0,gap,47
14350,96137991,96137.991,1751,0,gap,47
14351,96142288,96142.288,1741,0,gap,47
14352,96146589,96146.589,1724,0,gap,47
14353,96157979,96157.979,1744,0,gap,47
14354,96162295,96162.295,1735,0,gap,47
14355,96166602,96166.602,1729,0,gap,47
14356,96177988,96177.988,1727,0,gap,47
14357,96182317,96182.317,1735,0,gap,47
14358,96186647,96186.647,1723,0,gap,47
14359,96197980,96197.98,1726,0,gap,47
14360,96202330,96202.33,1741,0,gap,47
14361,96206677,96206.677,1717,0,gap,47
14362,96217988,96217.988,1725,0,gap,47
14363,96222345,96222.345,1714,0,gap,47
14364,96226707,96226.707,1707,0,gap,47
14365,96237980,96237.98,1733,0,gap,47
14366,96242359,96242.359,1712,0,gap,47
14367,96247970,96247.97,1712,0,gap,47
14368,96257987,96257.987,1728,0,gap,47
14369,96262364,96262.364,1712,0,gap,47
14370,96267986,96267.986,1713,0,gap,47
14371,96277983,96277.983,1726,0,gap,47
14372,96282378,96282.378,1712,0,gap,47
14373,96287978,96287.978,1725,0,gap,47
14374,96297987,96297.987,1715,0,gap,47
14375,96302384,96302.384,1713,0,gap,47
14376,96307986,96307.986,1699,0,gap,47
14377,96317979,96317.979,1696,0,gap,47
14378,96322394,96322.394,1711,0,gap,47
14379,96327979,96327.979,1711,0,gap,47
14380,96337988,96337.988,1719,0,gap,47
14381,96342404,96342.404,1683,0,gap,47
14382,96347991,96347.991,1690,0,gap,47
14383,96357980,96357.98,1693,0,gap,47
14384,96362414,96362.414,1697,0,gap,47
14385,96367979,96367.979,1687,0,gap,47
14386,96375174,96375.174,1692,0,gap,47
14387,96387984,96387.984,1708,0,gap,47
14388,96392196,96392.196,1685,0,gap,47
14389,96396402,96396.402,1679,0,gap,47
14390,96407987,96407.987,1697,0,gap,47
14391,96412208,96412.208,1680,0,gap,47
14392,96416432,96416.432,1680,0,gap,47
14393,96427979,96427.979,1682,0,gap,47
14394,96432218,96432.218,1678,0,gap,47
14395,96436443,96436.443,1664,0,gap,47
14396,96447987,96447.987,1675,0,gap,47
14397,96452228,96452.228,1691,0,gap,47
14398,96456476,96456.476,1698,1,pulse,48
14399,96467988,96467.988,4095,1,pulse,48
14400,96472186,96472.186,4095,1,pulse,48
14401,96476366,96476.366,4095,1,pulse,48
14402,96487984,96487.984,4095,1,pulse,48
14403,96492183,96492.183,4095,1,pulse,48
14404,96497982,96497.982,4095,0,gap,48
14405,96507988,96507.988,2830,0,gap,48
14406,96512286,96512.286,2815,0,gap,48
14407,96517978,96517.978,2773,0,gap,48
14408,96527987,96527.987,2727,0,gap,48
14409,96532276,96532.276,2713,0,gap,48
14410,96537986,96537.986,2707,0,gap,48
14411,96547979,96547.979,2685,0,gap,48
14412,96552290,96552.29,2685,0,gap,48
14413,96557978,96557.978,2675,0,gap,48
14414,96567987,96567.987,2646,0,gap,48
14415,96572296,96572.296,2641,0,gap,48
14416,96577987,96577.987,2642,0,gap,48
14417,96587980,96587.98,2630,0,gap,48
14418,96592319,96592.319,2623,0,gap,48
14419,96597979,96597.979,2610,0,gap,48
14420,96607988,96607.988,2606,0,gap,48
14421,96612325,96612.325,2594,0,gap,48
14422,96617987,96617.987,2591,0,gap,48
14423,96627980,96627.98,2559,0,gap,48
14424,96632359,96632.359,2559,0,gap,48
14425,96647966,96647.966,2559,0,gap,48
14426,96652348,96652.348,2553,0,gap,48
14427,96656705,96656.705,2551,0,gap,48
14428,96667986,96667.986,2544,0,gap,48
14429,96672362,96672.362,2541,0,gap,48
14430,96676745,96676.745,2519,0,gap,48
14431,96687978,96687.978,2525,0,gap,48
14432,96692380,96692.38,2523,0,gap,48
14433,96696756,96696.756,2501,0,gap,48
14434,96707990,96707.99,2512,0,gap,48
14435,96712385,96712.385,2506,0,gap,48
14436,96716788,96716.788,2486,0,gap,48
14437,96727978,96727.978,2483,0,gap,48
14438,96732395,96732.395,2487,0,gap,48
14439,96736795,96736.795,2471,0,gap,48
14440,96747987,96747.987,2478,0,gap,48
14441,96752401,96752.401,2463,0,gap,48
14442,96756827,96756.827,2458,0,gap,48
14443,96767979,96767.979,2461,0,gap,48
14444,96772415,96772.415,2455,0,gap,48
14445,96776839,96776.839,2439,0,gap,48
14446,96787987,96787.987,2442,0,gap,48
14447,96792421,96792.421,2429,0,gap,48
14448,96796867,96796.867,2414,0,gap,48
14449,96804062,96804.062,2421,0,gap,48
14450,96817991,96817.991,2426,0,gap,48
14451,96822206,96822.206,2421,0,gap,48
14452,96826434,96826.434,2409,0,gap,48
14453,96837978,96837.978,2422,0,gap,48
14454,96842221,96842.221,2409,0,gap,48
14455,96846442,96846.442,2384,0,gap,48
14456,96857986,96857.986,2400,0,gap,48
14457,96862219,96862.219,2384,0,gap,48
14458,96866463,96866.463,2375,0,gap,48
14459,96877979,96877.979,2375,0,gap,48
14460,96882241,96882.241,2373,0,gap,48
14461,96886484,96886.484,2365,0,gap,48
14462,96897987,96897.987,2368,0,gap,48
14463,96902244,96902.244,2352,0,gap,48
14464,96906513,96906.513,2352,0,gap,48
14465,96917979,96917.979,2345,0,gap,48
14466,96922262,96922.262,2343,0,gap,48
14467,96926524,96926.524,2334,0,gap,48
14468,96937987,96937.987,2337,0,gap,48
14469,96942261,96942.261,2325,0,gap,48
14470,96946543,96946.543,2322,0,gap,48
14471,96957979,96957.979,2326,0,gap,48
14472,96962283,96962.283,2306,0,gap,48
14473,96966567,96966.567,2307,0,gap,48
14474,96977987,96977.987,2302,0,gap,48
14475,96982289,96982.289,2297,0,gap,48
14476,96986591,96986.591,2307,0,gap,48
14477,96997979,96997.979,2295,0,gap,48
14478,97002304,97002.304,2279,0,gap,48
14479,97006609,97006.609,2273,0,gap,48
14480,97017988,97017.988,2293,0,gap,48
14481,97022303,97022.303,2275,0,gap,48
14482,97026638,97026.638,2263,0,gap,48
14483,97037980,97037.98,2274,0,gap,48
14484,97042325,97042.325,2258,0,gap,48
14485,97046654,97046.654,2251,0,gap,48
14486,97057988,97057.988,2259,0,gap,48
14487,97062347,97062.347,2251,0,gap,48
14488,97066721,97066.721,2254,0,gap,48
14489,97077980,97077.98,2255,0,gap,48
14490,97082365,97082.365,2233,0,gap,48
14491,97087970,97087.97,2233,0,gap,48
14492,97097987,97097.987,2240,0,gap,48
14493,97102365,97102.365,2219,0,gap,48
14494,97107986,97107.986,2224,0,gap,48
14495,97117979,97117.979,2224,0,gap,48
14496,97122383,97122.383,2214,0,gap,48
14497,97127978,97127.978,2215,0,gap,48
14498,97137991,97137.991,2208,0,gap,48
14499,97142389,97142.389,2203,0,gap,48
14500,97147986,97147.986,2206,0,gap,48
14501,97157979,97157.979,2194,0,gap,48
14502,97162399,97162.399,2193,0,gap,48
14503,97167979,97167.979,2169,0,gap,48
14504,97177988,97177.988,2179,0,gap,48
14505,97182401,97182.401,2191,0,gap,48
14506,97187987,97187.987,2183,0,gap,48
14507,97197980,97197.98,2183,0,gap,48
14508,97202423,97202.423,2173,0,gap,48
14509,97207979,97207.979,2162,0,gap,48
14510,97217988,97217.988,2166,0,gap,48
14511,97225187,97225.187,2160,0,gap,48
14512,97229412,97229.412,2167,0,gap,48
14513,97237979,97237.979,2171,0,gap,48
14514,97242211,97242.211,2151,0,gap,48
14515,97257978,97257.978,2151,0,gap,48
14516,97262218,97262.218,2139,0,gap,48
14517,97266434,97266.434,2149,0,gap,48
14518,97277986,97277.986,2161,0,gap,48
14519,97282220,97282.22,2145,0,gap,48
14520,97286469,97286.469,2141,0,gap,48
14521,97297978,97297.978,2133,0,gap,48
14522,97302235,97302.235,2143,0,gap,48
14523,97306474,97306.474,2134,0,gap,48
14524,97317987,97317.987,2126,0,gap,48
14525,97322245,97322.245,2121,0,gap,48
14526,97326507,97326.507,2106,0,gap,48
14527,97337979,97337.979,2117,0,gap,48
14528,97342259,97342.259,2100,0,gap,48
14529,97346515,97346.515,2096,0,gap,48
14530,97357991,97357.991,2100,0,gap,48
14531,97362266,97362.266,2096,0,gap,48
14532,97366549,97366.549,2089,0,gap,48
14533,97377979,97377.979,2096,0,gap,48
14534,97382277,97382.277,2091,0,gap,48
14535,97386557,97386.557,2077,0,gap,48
14536,97397987,97397.987,2094,0,gap,48
14537,97402282,97402.282,2090,0,gap,48
14538,97406585,97406.585,2091,0,gap,48
14539,97417979,97417.979,2087,0,gap,48
14540,97422302,97422.302,2077,0,gap,48
14541,97426608,97426.608,2065,0,gap,48
14542,97437987,97437.987,2065,0,gap,48
14543,97442304,97442.304,2064,0,gap,48
14544,97446633,97446.633,2063,0,gap,48
14545,97457980,97457.98,2064,0,gap,48
14546,97462327,97462.327,2064,0,gap,48
14547,97466657,97466.657,2059,0,gap,48
14548,97477988,97477.988,2047,0,gap,48
14549,97482344,97482.344,2039,0,gap,48
14550,97486712,97486.712,2039,0,gap,48
14551,97497980,97497.98,2055,0,gap,48
14552,97502366,97502.366,2042,0,gap,48
14553,97506727,97506.727,2026,0,gap,48
14554,97517988,97517.988,2043,0,gap,48
14555,97522360,97522.36,2023,0,gap,48
14556,97527974,97527.974,2011,0,gap,48
14557,97537979,97537.979,2026,0,gap,48
14558,97542377,97542.377,2019,0,gap,48
14559,97547978,97547.978,2009,0,gap,48
14560,97557987,97557.987,2013,0,gap,48
14561,97562379,97562.379,2014,0,gap,48
14562,97567990,97567.99,2001,0,gap,48
14563,97577979,97577.979,2007,0,gap,48
14564,97582400,97582.4,2001,0,gap,48
14565,97587978,97587.978,2000,0,gap,48
14566,97597987,97597.987,2000,0,gap,48
14567,97602402,97602.402,1993,0,gap,48
14568,97607986,97607.986,1985,0,gap,48
14569,97617980,97617.98,2000,0,gap,48
14570,97622416,97622.416,1986,0,gap,48
14571,97627979,97627.979,1974,0,gap,48
14572,97637988,97637.988,1998,0,gap,48
14573,97642427,97642.427,1981,0,gap,48
14574,97649676,97649.676,1971,0,gap,48
14575,97657979,97657.979,1983,0,gap,48
14576,97662217,97662.217,1968,0,gap,48
14577,97677970,97677.97,1991,0,gap,48
14578,97682209,97682.209,1968,0,gap,48
14579,97686426,97686.426,1975,0,gap,48
14580,97697986,97697.986,1981,0,gap,48
14581,97702219,97702.219,1978,0,gap,48
14582,97706454,97706.454,1972,0,gap,48
14583,97717978,97717.978,1982,0,gap,48
14584,97722241,97722.241,1958,0,gap,48
14585,97726487,97726.487,1967,0,gap,48
14586,97737987,97737.987,1969,0,gap,48
14587,97742240,97742.24,1965,0,gap,48
14588,97746496,97746.496,1949,0,gap,48
14589,97757979,97757.979,1967,0,gap,48
14590,97762254,97762.254,1950,0,gap,48
14591,97766516,97766.516,1947,0,gap,48
14592,97777987,97777.987,1958,0,gap,48
14593,97782260,97782.26,1947,0,gap,48
14594,97786546,97786.546,1936,0,gap,48
14595,97797979,97797.979,1942,0,gap,48
14596,97802279,97802.279,1939,0,gap,48
14597,97806559,97806.559,1936,0,gap,48
14598,97817987,97817.987,1935,0,gap,48
14599,97822281,97822.281,1942,0,gap,48
14600,97826591,97826.591,1911,0,gap,48
14601,97837979,97837.979,1942,0,gap,48
14602,97842300,97842.3,1923,0,gap,48
14603,97846598,97846.598,1917,0,gap,48
14604,97857995,97857.995,1909,0,gap,48
14605,97862315,97862.315,1926,0,gap,48
14606,97866638,97866.638,1911,0,gap,48
14607,97877979,97877.979,1916,0,gap,48
14608,97882317,97882.317,1925,0,gap,48
14609,97886642,97886.642,1909,0,gap,48
14610,97897992,97897.992,1907,0,gap,48
14611,97902353,97902.353,1904,0,gap,48
14612,97906711,97906.711,1902,0,gap,48
14613,97917980,97917.98,1898,0,gap,48
14614,97922353,97922.353,1902,0,gap,48
14615,97926717,97926.717,1896,0,gap,48
14616,97937988,97937.988,1905,0,gap,48
14617,97942362,97942.362,1887,0,gap,48
14618,97947974,97947.974,1887,0,gap,48
14619,97957979,97957.979,1891,0,gap,48
14620,97962371,97962.371,1874,0,gap,48
14621,97967978,97967.978,1891,0,gap,48
14622,97977987,97977.987,1886,0,gap,48
14623,97982385,97982.385,1885,0,gap,48
14624,97987986,97987.986,1886,0,gap,48
14625,97997979,97997.979,1872,0,gap,48
14626,98002395,98002.395,1883,0,gap,48
14627,98007978,98007.978,1878,0,gap,48
14628,98017987,98017.987,1882,0,gap,48
14629,98022401,98022.401,1872,0,gap,48
14630,98027986,98027.986,1865,0,gap,48
14631,98037980,98037.98,1870,0,gap,48
14632,98042420,98042.42,1857,0,gap,48
14633,98047979,98047.979,1870,0,gap,48
14634,98057988,98057.988,1857,0,gap,48
14635,98062421,98062.421,1866,0,gap,48
14636,98067987,98067.987,1858,0,gap,48
14637,98075186,98075.186,1855,0,gap,48
14638,98087988,98087.988,1872,0,gap,48
14639,98092202,98092.202,1854,0,gap,48
14640,98096426,98096.426,1837,0,gap,48
14641,98107979,98107.979,1869,0,gap,48
14642,98112218,98112.218,1863,0,gap,48
14643,98116444,98116.444,1851,0,gap,48
14644,98127987,98127.987,1852,0,gap,48
14645,98132223,98132.223,1852,0,gap,48
14646,98136467,98136.467,1853,0,gap,48
14647,98147979,98147.979,1835,0,gap,48
14648,98152242,98152.242,1857,0,gap,48
14649,98156484,98156.484,1821,0,gap,48
14650,98167987,98167.987,1842,0,gap,48
14651,98172245,98172.245,1850,0,gap,48
14652,98176506,98176.506,1840,0,gap,48
14653,98187979,98187.979,1850,0,gap,48
14654,98192255,98192.255,1842,0,gap,48
14655,98196521,98196.521,1833,0,gap,48
14656,98207987,98207.987,1840,0,gap,48
14657,98212265,98212.265,1829,0,gap,48
14658,98216552,98216.552,1819,0,gap,48
14659,98227979,98227.979,1822,0,gap,48
14660,98232280,98232.28,1829,0,gap,48
14661,98236564,98236.564,1817,0,gap,48
14662,98247988,98247.988,1835,0,gap,48
14663,98252290,98252.29,1829,0,gap,48
14664,98256600,98256.6,1808,0,gap,48
14665,98267980,98267.98,1821,0,gap,48
14666,98272297,98272.297,1820,0,gap,48
14667,98276602,98276.602,1814,0,gap,48
14668,98287988,98287.988,1818,0,gap,48
14669,98292311,98292.311,1810,0,gap,48
14670,98297970,98297.97,1795,0,gap,48
14671,98307979,98307.979,1811,0,gap,48
14672,98312329,98312.329,1815,0,gap,48
14673,98317978,98317.978,1809,0,gap,48
14674,98327991,98327.991,1812,0,gap,48
14675,98332354,98332.354,1791,0,gap,48
14676,98337986,98337.986,1801,0,gap,48
14677,98347979,98347.979,1806,0,gap,48
14678,98352360,98352.36,1797,0,gap,48
14679,98357978,98357.978,1794,0,gap,48
14680,98367987,98367.987,1808,0,gap,48
14681,98372366,98372.366,1803,0,gap,48
14682,98377986,98377.986,1791,0,gap,48
14683,98387979,98387.979,1791,0,gap,48
14684,98392380,98392.38,1792,0,gap,48
14685,98397979,98397.979,1773,0,gap,48
14686,98407988,98407.988,1778,0,gap,48
14687,98412390,98412.39,1793,0,gap,48
14688,98417987,98417.987,1789,0,gap,48
14689,98427980,98427.98,1791,0,gap,48
14690,98432404,98432.404,1786,0,gap,48
14691,98437979,98437.979,1783,0,gap,48
14692,98447988,98447.988,1794,0,gap,48
14693,98452406,98452.406,1785,0,gap,48
14694,98467974,98467.974,4095,1,pulse,49
14695,98472498,98472.498,4095,1,pulse,49
14696,98476868,98476.868,4095,1,pulse,49
14697,98487975,98487.975,4095,1,pulse,49
14698,98492355,98492.355,4095,1,pulse,49
14699,98496722,98496.722,4095,1,pulse,49
14700,98503866,98503.866,4095,0,gap,49
14701,98517988,98517.988,2819,0,gap,49
14702,98522229,98522.229,2769,0,gap,49
14703,98526455,98526.455,2749,0,gap,49
14704,98537986,98537.986,2715,0,gap,49
14705,98542227,98542.227,2719,0,gap,49
14706,98546470,98546.47,2690,0,gap,49
14707,98557978,98557.978,2677,0,gap,49
14708,98562233,98562.233,2669,0,gap,49
14709,98566475,98566.475,2638,0,gap,49
14710,98577991,98577.991,2653,0,gap,49
14711,98582251,98582.251,2625,0,gap,49
14712,98586516,98586.516,2615,0,gap,49
14713,98597979,98597.979,2624,0,gap,49
14714,98602254,98602.254,2609,0,gap,49
14715,98606520,98606.52,2593,0,gap,49
14716,98617987,98617.987,2593,0,gap,49
14717,98622264,98622.264,2592,0,gap,49
14718,98626544,98626.544,2559,0,gap,49
14719,98637979,98637.979,2559,0,gap,49
14720,98642279,98642.279,2550,0,gap,49
14721,98646567,98646.567,2541,0,gap,49
14722,98657987,98657.987,2544,0,gap,49
14723,98662281,98662.281,2538,0,gap,49
14724,98666587,98666.587,2524,0,gap,49
14725,98677979,98677.979,2530,0,gap,49
14726,98682303,98682.303,2523,0,gap,49
14727,98686607,98686.607,2512,0,gap,49
14728,98697987,98697.987,2507,0,gap,49
14729,98702306,98702.306,2499,0,gap,49
14730,98706629,98706.629,2490,0,gap,49
14731,98717980,98717.98,2493,0,gap,49
14732,98722321,98722.321,2482,0,gap,49
14733,98726646,98726.646,2480,0,gap,49
14734,98737988,98737.988,2465,0,gap,49
14735,98742335,98742.335,2459,0,gap,49
14736,98746690,98746.69,2448,0,gap,49
14737,98757984,98757.984,2463,0,gap,49
14738,98762365,98762.365,2445,0,gap,49
14739,98766729,98766.729,2451,0,gap,49
14740,98777988,98777.988,2443,0,gap,49
14741,98782366,98782.366,2446,0,gap,49
14742,98787978,98787.978,2428,0,gap,49
14743,98797979,98797.979,2431,0,gap,49
14744,98802379,98802.379,2423,0,gap,49
14745,98807978,98807.978,2416,0,gap,49
14746,98817987,98817.987,2407,0,gap,49
14747,98822389,98822.389,2395,0,gap,49
14748,98827986,98827.986,2389,0,gap,49
14749,98837979,98837.979,2389,0,gap,49
14750,98842395,98842.395,2381,0,gap,49
14751,98847978,98847.978,2391,0,gap,49
14752,98857987,98857.987,2384,0,gap,49
14753,98862409,98862.409,2373,0,gap,49
14754,98867987,98867.987,2375,0,gap,49
14755,98877980,98877.98,2370,0,gap,49
14756,98882415,98882.415,2357,0,gap,49
14757,98887979,98887.979,2350,0,gap,49
14758,98897992,98897.992,2358,0,gap,49
14759,98902433,98902.433,2339,0,gap,49
14760,98907987,98907.987,2329,0,gap,49
14761,98917980,98917.98,2333,0,gap,49
14762,98925198,98925.198,2348,0,gap,49
14763,98929420,98929.42,2329,0,gap,49
14764,98937987,98937.987,2320,0,gap,49
14765,98942213,98942.213,2317,0,gap,49
14766,98957986,98957.986,2319,0,gap,49
14767,98962224,98962.224,2320,0,gap,49
14768,98966465,98966.465,2309,0,gap,49
14769,98977982,98977.982,2309,0,gap,49
14770,98982238,98982.238,2304,0,gap,49
14771,98986481,98986.481,2288,0,gap,49
14772,98997986,98997.986,2290,0,gap,49
14773,99002240,99002.24,2293,0,gap,49
14774,99006502,99006.502,2267,0,gap,49
14775,99017979,99017.979,2287,0,gap,49
14776,99022255,99022.255,2266,0,gap,49
14777,99026519,99026.519,2257,0,gap,49
14778,99037987,99037.987,2269,0,gap,49
14779,99042261,99042.261,2255,0,gap,49
14780,99046547,99046.547,2247,0,gap,49
14781,99057979,99057.979,2256,0,gap,49
14782,99062272,99062.272,2236,0,gap,49
14783,99066556,99066.556,2233,0,gap,49
14784,99077987,99077.987,2251,0,gap,49
14785,99082286,99082.286,2238,0,gap,49
14786,99086589,99086.589,2238,0,gap,49
14787,99097979,99097.979,2229,0,gap,49
14788,99102292,99102.292,2211,0,gap,49
14789,99106593,99106.593,2224,0,gap,49
14790,99117991,99117.991,2221,0,gap,49
14791,99122311,99122.311,2208,0,gap,49
14792,99126635,99126.635,2212,0,gap,49
14793,99137979,99137.979,2218,0,gap,49
14794,99142314,99142.314,2211,0,gap,49
14795,99146637,99146.637,2197,0,gap,49
14796,99157988,99157.988,2191,0,gap,49
14797,99162332,99162.332,2192,0,gap,49
14798,99166681,99166.681,2179,0,gap,49
14799,99177980,99177.98,2183,0,gap,49
14800,99182358,99182.358,2179,0,gap,49
14801,99186727,99186.727,2186,0,gap,49
14802,99197988,99197.988,2185,0,gap,49
14803,99202364,99202.364,2160,0,gap,49
14804,99206743,99206.743,2160,0,gap,49
14805,99217980,99217.98,2160,0,gap,49
14806,99222378,99222.378,2161,0,gap,49
14807,99227970,99227.97,2142,0,gap,49
14808,99237987,99237.987,2160,0,gap,49
14809,99242382,99242.382,2160,0,gap,49
14810,99247986,99247.986,2147,0,gap,49
14811,99257979,99257.979,2149,0,gap,49
14812,99262396,99262.396,2147,0,gap,49
14813,99267978,99267.978,2140,0,gap,49
14814,99277987,99277.987,2128,0,gap,49
14815,99282406,99282.406,2125,0,gap,49
14816,99287986,99287.986,2128,0,gap,49
14817,99297983,99297.983,2128,0,gap,49
14818,99302424,99302.424,2115,0,gap,49
14819,99307978,99307.978,2121,0,gap,49
14820,99317988,99317.988,2129,0,gap,49
14821,99322422,99322.422,2114,0,gap,49
14822,99327991,99327.991,2096,0,gap,49
14823,99337980,99337.98,2097,0,gap,49
14824,99342437,99342.437,2096,0,gap,49
14825,99349683,99349.683,2091,0,gap,49
14826,99357987,99357.987,2089,0,gap,49
14827,99362219,99362.219,2081,0,gap,49
14828,99377986,99377.986,2103,0,gap,49
14829,99382218,99382.218,2095,0,gap,49
14830,99386462,99386.462,2096,0,gap,49
14831,99397978,99397.978,2095,0,gap,49
14832,99402236,99402.236,2086,0,gap,49
14833,99406478,99406.478,2071,0,gap,49
14834,99417986,99417.986,2080,0,gap,49
14835,99422235,99422.235,2081,0,gap,49
14836,99426495,99426.495,2062,0,gap,49
14837,99437979,99437.979,2080,0,gap,49
14838,99442257,99442.257,2058,0,gap,49
14839,99446516,99446.516,2061,0,gap,49
14840,99457987,99457.987,2047,0,gap,49
14841,99462259,99462.259,2047,0,gap,49
14842,99466544,99466.544,2043,0,gap,49
14843,99477979,99477.979,2053,0,gap,49
14844,99482274,99482.274,2039,0,gap,49
14845,99486557,99486.557,2035,0,gap,49
14846,99497987,99497.987,2055,0,gap,49
14847,99502285,99502.285,2036,0,gap,49
14848,99506586,99506.586,2032,0,gap,49
14849,99517983,99517.983,2038,0,gap,49
14850,99522299,99522.299,2030,0,gap,49
14851,99526602,99526.602,2028,0,gap,49
14852,99537987,99537.987,2023,0,gap,49
14853,99542305,99542.305,2018,0,gap,49
14854,99546629,99546.629,2019,0,gap,49
14855,99557979,99557.979,2027,0,gap,49
14856,99562320,99562.32,2003,0,gap,49
14857,99566637,99566.637,2009,0,gap,49
14858,99577988,99577.988,2003,0,gap,49
14859,99582319,99582.319,2000,0,gap,49
14860,99586673,99586.673,1998,0,gap,49
14861,99597980,99597.98,2000,0,gap,49
14862,99602362,99602.362,2000,0,gap,49
14863,99606722,99606.722,1996,0,gap,49
14864,99617988,99617.988,2000,0,gap,49
14865,99622362,99622.362,1986,0,gap,49
14866,99626744,99626.744,1979,0,gap,49
14867,99637980,99637.98,1997,0,gap,49
14868,99642376,99642.376,1981,0,gap,49
14869,99647970,99647.97,1982,0,gap,49
14870,99657991,99657.991,1979,0,gap,49
14871,99662385,99662.385,1968,0,gap,49
14872,99667986,99667.986,1971,0,gap,49
14873,99677979,99677.979,1969,0,gap,49
14874,99682395,99682.395,1968,0,gap,49
14875,99687978,99687.978,1958,0,gap,49
14876,99697987,99697.987,1966,0,gap,49
14877,99702401,99702.401,1954,0,gap,49
14878,99707986,99707.986,1949,0,gap,49
14879,99717979,99717.979,1968,0,gap,49
14880,99722419,99722.419,1937,0,gap,49
14881,99727983,99727.983,1954,0,gap,49
14882,99737988,99737.988,1966,0,gap,49
14883,99742421,99742.421,1939,0,gap,49
14884,99747987,99747.987,1936,0,gap,49
14885,99757980,99757.98,1936,0,gap,49
14886,99762439,99762.439,1942,0,gap,49
14887,99767979,99767.979,1939,0,gap,49
14888,99775200,99775.2,1931,0,gap,49
14889,99787980,99787.98,1941,0,gap,49
14890,99792212,99792.212,1931,0,gap,49
14891,99796430,99796.43,1923,0,gap,49
14892,99807987,99807.987,1933,0,gap,49
14893,99812220,99812.22,1928,0,gap,49
14894,99816464,99816.464,1925,0,gap,49
14895,99827979,99827.979,1922,0,gap,49
14896,99832245,99832.245,1918,0,gap,49
14897,99836495,99836.495,1919,0,gap,49
14898,99847987,99847.987,1936,0,gap,49
14899,99852240,99852.24,1921,0,gap,49
14900,99856504,99856.504,1915,0,gap,49
14901,99867979,99867.979,1917,0,gap,49
14902,99872263,99872.263,1915,0,gap,49
14903,99876526,99876.526,1898,0,gap,49
14904,99887987,99887.987,1910,0,gap,49
14905,99892265,99892.265,1903,0,gap,49
14906,99896553,99896.553,1889,0,gap,49
14907,99907979,99907.979,1915,0,gap,49
14908,99912283,99912.283,1895,0,gap,49
14909,99916567,99916.567,1883,0,gap,49
14910,99927987,99927.987,1904,0,gap,49
14911,99932286,99932.286,1902,0,gap,49
14912,99936596,99936.596,1881,0,gap,49
14913,99947984,99947.984,1902,0,gap,49
14914,99952308,99952.308,1898,0,gap,49
14915,99956607,99956.607,1891,0,gap,49
14916,99967988,99967.988,1888,0,gap,49
14917,99972303,99972.303,1902,0,gap,49
14918,99976638,99976.638,1867,0,gap,49
14919,99987980,99987.98,1891,0,gap,49
14920,99992325,99992.325,1879,0,gap,49
14921,99997966,99997.966,1871,0,gap,49
14922,100007987,100007.987,1874,0,gap,49
14923,100012331,100012.331,1865,0,gap,49
14924,100017986,100017.986,1862,0,gap,49
14925,100027979,100027.979,1858,0,gap,49
14926,100032361,100032.361,1872,0,gap,49
14927,100037979,100037.979,1872,0,gap,49
14928,100047988,100047.988,1856,0,gap,49
14929,100052368,100052.368,1879,0,gap,49
14930,100057987,100057.987,1871,0,gap,49
14931,100067980,100067.98,1871,0,gap,49
14932,100072386,100072.386,1862,0,gap,49
14933,100087978,100087.978,1874,0,gap,49
14934,100092391,100092.391,1858,0,gap,49
14935,100096782,100096.782,1865,0,gap,49
14936,100107986,100107.986,1861,0,gap,49
14937,100112388,100112.388,1850,0,gap,49
14938,100116802,100116.802,1869,0,gap,49
14939,100127979,100127.979,1857,0,gap,49
14940,100132410,100132.41,1847,0,gap,49
14941,100136821,100136.821,1845,0,gap,49
14942,100147987,100147.987,1854,0,gap,49
14943,100152412,100152.412,1840,0,gap,49
14944,100156849,100156.849,1840,0,gap,49
14945,100167983,100167.983,1865,0,gap,49
14946,100172435,100172.435,1854,0,gap,49
14947,100176865,100176.865,1828,0,gap,49
14948,100187988,100187.988,1853,0,gap,49
14949,100192429,100192.429,1846,0,gap,49
14950,100197978,100197.978,1835,0,gap,49
14951,100205180,100205.18,1840,0,gap,49
14952,100217987,100217.987,1843,0,gap,49
14953,100222209,100222.209,1840,0,gap,49
14954,100226445,100226.445,1823,0,gap,49
14955,100237979,100237.979,1851,0,gap,49
14956,100242232,100242.232,1833,0,gap,49
14957,100246461,100246.461,1839,0,gap,49
14958,100257987,100257.987,1843,0,gap,49
14959,100262234,100262.234,1823,0,gap,49
14960,100266493,100266.493,1829,0,gap,49
14961,100277983,100277.983,1829,0,gap,49
14962,100282257,100282.257,1834,0,gap,49
14963,100286507,100286.507,1818,0,gap,49
14964,100297988,100297.988,1829,0,gap,49
14965,100302252,100302.252,1815,0,gap,49
14966,100306535,100306.535,1808,0,gap,49
14967,100317980,100317.98,1835,0,gap,49
14968,100322274,100322.274,1828,0,gap,49
14969,100327978,100327.978,1803,0,gap,49
14970,100337987,100337.987,1817,0,gap,49
14971,100342272,100342.272,1808,0,gap,49
14972,100347986,100347.986,1796,0,gap,49
14973,100357979,100357.979,1822,0,gap,49
14974,100362291,100362.291,1804,0,gap,49
14975,100367979,100367.979,1792,0,gap,49
14976,100377988,100377.988,1795,0,gap,49
14977,100382301,100382.301,1797,0,gap,49
14978,100397986,100397.986,1802,0,gap,49
14979,100402298,100402.298,1811,0,gap,49
14980,100406622,100406.622,1799,0,gap,49
14981,100417978,100417.978,1815,0,gap,49
14982,100422326,100422.326,1809,0,gap,49
14983,100426648,100426.648,1784,0,gap,49
14984,100437987,100437.987,1799,0,gap,49
14985,100442328,100442.328,1792,0,gap,49
14986,100446676,100446.676,1783,0,gap,49
14987,100457979,100457.979,1797,0,gap,49
14988,100462362,100462.362,1791,0,gap,49
14989,100466724,100466.724,1798,0,gap,49
14990,100477987,100477.987,1786,0,gap,49
14991,100482364,100482.364,1785,0,gap,49
14992,100486752,100486.752,1783,0,gap,49
14993,100497984,100497.984,1795,0,gap,49
14994,100502382,100502.382,1794,0,gap,49
14995,100507978,100507.978,1775,0,gap,49
14996,100517987,100517.987,1773,0,gap,49
14997,100522379,100522.379,1774,0,gap,49
14998,100527990,100527.99,1767,0,gap,49
14999,100537979,100537.979,1789,0,gap,49
15000,100542401,100542.401,1776,0,gap,49
15001,100547979,100547.979,1762,0,gap,49
15002,100557988,100557.988,1767,0,gap,49
15003,100562403,100562.403,1774,0,gap,49
15004,100577986,100577.986,1787,0,gap,49
15005,100582404,100582.404,1798,1,pulse,50
15006,100586929,100586.929,4095,1,pulse,50
15007,100597975,100597.975,4095,1,pulse,50
15008,100602360,100602.36,4095,1,pulse,50
15009,100606721,100606.721,4095,1,pulse,50
15010,100617983,100617.983,4095,1,pulse,50
15011,100622359,100622.359,4095,0,gap,50
15012,100626967,100626.967,2992,0,gap,50
15013,100637984,100637.984,2790,0,gap,50
15014,100645213,100645.213,2768,0,gap,50
15015,100649454,100649.454,2746,0,gap,50
15016,100657987,100657.987,2722,0,gap,50
15017,100662223,100662.223,2713,0,gap,50
15018,100677974,100677.974,2683,0,gap,50
15019,100682225,100682.225,2677,0,gap,50
15020,100686480,100686.48,2651,0,gap,50
15021,100697978,100697.978,2649,0,gap,50
15022,100702248,100702.248,2642,0,gap,50
15023,100706500,100706.5,2624,0,gap,50
15024,100717987,100717.987,2623,0,gap,50
15025,100722254,100722.254,2611,0,gap,50
15026,100726534,100726.534,2598,0,gap,50
15027,100737979,100737.979,2596,0,gap,50
15028,100742269,100742.269,2589,0,gap,50
15029,100746543,100746.543,2591,0,gap,50
15030,100757988,100757.988,2587,0,gap,50
15031,100762275,100762.275,2559,0,gap,50
15032,100766574,100766.574,2549,0,gap,50
15033,100777980,100777.98,2554,0,gap,50
15034,100782291,100782.291,2535,0,gap,50
15035,100787978,100787.978,2527,0,gap,50
15036,100797987,100797.987,2529,0,gap,50
15037,100802292,100802.292,2506,0,gap,50
15038,100807986,100807.986,2512,0,gap,50
15039,100817979,100817.979,2511,0,gap,50
15040,100822318,100822.318,2497,0,gap,50
15041,100827979,100827.979,2493,0,gap,50
15042,100837988,100837.988,2501,0,gap,50
15043,100842317,100842.317,2495,0,gap,50
15044,100857986,100857.986,2491,0,gap,50
15045,100862327,100862.327,2461,0,gap,50
15046,100866672,100866.672,2469,0,gap,50
15047,100877978,100877.978,2463,0,gap,50
15048,100882341,100882.341,2465,0,gap,50
15049,100886688,100886.688,2446,0,gap,50
15050,100897987,100897.987,2451,0,gap,50
15051,100902367,100902.367,2432,0,gap,50
15052,100906751,100906.751,2431,0,gap,50
15053,100917979,100917.979,2431,0,gap,50
15054,100922377,100922.377,2423,0,gap,50
15055,100926763,100926.763,2417,0,gap,50
15056,100937987,100937.987,2423,0,gap,50
15057,100942387,100942.387,2401,0,gap,50
15058,100946786,100946.786,2398,0,gap,50
15059,100957980,100957.98,2395,0,gap,50
15060,100962393,100962.393,2403,0,gap,50
15061,100967982,100967.982,2375,0,gap,50
15062,100977987,100977.987,2391,0,gap,50
15063,100982406,100982.406,2375,0,gap,50
15064,100987986,100987.986,2383,0,gap,50
15065,100997979,100997.979,2372,0,gap,50
15066,101002413,101002.413,2366,0,gap,50
15067,101007979,101007.979,2357,0,gap,50
15068,101017988,101017.988,2369,0,gap,50
15069,101022423,101022.423,2346,0,gap,50
15070,101037986,101037.986,2352,0,gap,50
15071,101042432,101042.432,2345,0,gap,50
15072,101046884,101046.884,2341,0,gap,50
15073,101057978,101057.978,2347,0,gap,50
15074,101062437,101062.437,2331,0,gap,50
15075,101066884,101066.884,2337,0,gap,50
15076,101077987,101077.987,2334,0,gap,50
15077,101085069,101085.069,2320,0,gap,50
15078,101089319,101089.319,2315,0,gap,50
15079,101097979,101097.979,2323,0,gap,50
15080,101102231,101102.231,2307,0,gap,50
15081,101107979,101107.979,2290,0,gap,50
15082,101117988,101117.988,2301,0,gap,50
15083,101122243,101122.243,2291,0,gap,50
15084,101137986,101137.986,2299,0,gap,50
15085,101142243,101142.243,2292,0,gap,50
15086,101146504,101146.504,2294,0,gap,50
15087,101157978,101157.978,2285,0,gap,50
15088,101162262,101162.262,2279,0,gap,50
15089,101166526,101166.526,2285,0,gap,50
15090,101177987,101177.987,2260,0,gap,50
15091,101182261,101182.261,2259,0,gap,50
15092,101186546,101186.546,2259,0,gap,50
15093,101197983,101197.983,2256,0,gap,50
15094,101202287,101202.287,2256,0,gap,50
15095,101206570,101206.57,2255,0,gap,50
15096,101217988,101217.988,2265,0,gap,50
15097,101222282,101222.282,2242,0,gap,50
15098,101226588,101226.588,2234,0,gap,50
15099,101237980,101237.98,2241,0,gap,50
15100,101242301,101242.301,2223,0,gap,50
15101,101247978,101247.978,2234,0,gap,50
15102,101257987,101257.987,2214,0,gap,50
15103,101262306,101262.306,2204,0,gap,50
15104,101267986,101267.986,2218,0,gap,50
15105,101277979,101277.979,2211,0,gap,50
15106,101282322,101282.322,2202,0,gap,50
15107,101287979,101287.979,2207,0,gap,50
15108,101297988,101297.988,2211,0,gap,50
15109,101302328,101302.328,2190,0,gap,50
15110,101317986,101317.986,2213,0,gap,50
15111,101322337,101322.337,2205,0,gap,50
15112,101326703,101326.703,2190,0,gap,50
15113,101337978,101337.978,2207,0,gap,50
15114,101342371,101342.371,2178,0,gap,50
15115,101346743,101346.743,2187,0,gap,50
15116,101357987,101357.987,2166,0,gap,50
15117,101362373,101362.373,2183,0,gap,50
15118,101366771,101366.771,2180,0,gap,50
15119,101377979,101377.979,2177,0,gap,50
15120,101382395,101382.395,2167,0,gap,50
15121,101386787,101386.787,2154,0,gap,50
15122,101397987,101397.987,2159,0,gap,50
15123,101402393,101402.393,2159,0,gap,50
15124,101406810,101406.81,2143,0,gap,50
15125,101417984,101417.984,2157,0,gap,50
15126,101422411,101422.411,2129,0,gap,50
15127,101427978,101427.978,2142,0,gap,50
15128,101437987,101437.987,2135,0,gap,50
15129,101442413,101442.413,2133,0,gap,50
15130,101447986,101447.986,2119,0,gap,50
15131,101457979,101457.979,2126,0,gap,50
15132,101462431,101462.431,2113,0,gap,50
15133,101467979,101467.979,2123,0,gap,50
15134,101477988,101477.988,2115,0,gap,50
15135,101482433,101482.433,2100,0,gap,50
15136,101497986,101497.986,2128,0,gap,50
15137,101502434,101502.434,2117,0,gap,50
15138,101506892,101506.892,2100,0,gap,50
15139,101514110,101514.11,2103,0,gap,50
15140,101527986,101527.986,2121,0,gap,50
15141,101532219,101532.219,2096,0,gap,50
15142,101536460,101536.46,2109,0,gap,50
15143,101547979,101547.979,2117,0,gap,50
15144,101552239,101552.239,2109,0,gap,50
15145,101556478,101556.478,2095,0,gap,50
15146,101567987,101567.987,2096,0,gap,50
15147,101572241,101572.241,2086,0,gap,50
15148,101576507,101576.507,2081,0,gap,50
15149,101587979,101587.979,2087,0,gap,50
15150,101592260,101592.26,2074,0,gap,50
15151,101596520,101596.52,2064,0,gap,50
15152,101607988,101607.988,2065,0,gap,50
15153,101612259,101612.259,2066,0,gap,50
15154,101616541,101616.541,2054,0,gap,50
15155,101627980,101627.98,2076,0,gap,50
15156,101632277,101632.277,2059,0,gap,50
15157,101637982,101637.982,2064,0,gap,50
15158,101647987,101647.987,2057,0,gap,50
15159,101652282,101652.282,2042,0,gap,50
15160,101657986,101657.986,2047,0,gap,50
15161,101667979,101667.979,2035,0,gap,50
15162,101672298,101672.298,2057,0,gap,50
15163,101677979,101677.979,2018,0,gap,50
15164,101687988,101687.988,2034,0,gap,50
15165,101692300,101692.3,2021,0,gap,50
15166,101707986,101707.986,2058,0,gap,50
15167,101712309,101712.309,2027,0,gap,50
15168,101716647,101716.647,2023,0,gap,50
15169,101727978,101727.978,2033,0,gap,50
15170,101732325,101732.325,2033,0,gap,50
15171,101736650,101736.65,2020,0,gap,50
15172,101747987,101747.987,2035,0,gap,50
15173,101752330,101752.33,2030,0,gap,50
15174,101756690,101756.69,2005,0,gap,50
15175,101767979,101767.979,2019,0,gap,50
15176,101772363,101772.363,2009,0,gap,50
15177,101776728,101776.728,2011,0,gap,50
15178,101787987,101787.987,2010,0,gap,50
15179,101792371,101792.371,1997,0,gap,50
15180,101796762,101796.762,2009,0,gap,50
15181,101807980,101807.98,1985,0,gap,50
15182,101812385,101812.385,1986,0,gap,50
15183,101817978,101817.978,1998,0,gap,50
15184,101827987,101827.987,1994,0,gap,50
15185,101832386,101832.386,1990,0,gap,50
15186,101837986,101837.986,1978,0,gap,50
15187,101847979,101847.979,1981,0,gap,50
15188,101852404,101852.404,1971,0,gap,50
15189,101857983,101857.983,1978,0,gap,50
15190,101867988,101867.988,1969,0,gap,50
15191,101872410,101872.41,1972,0,gap,50
15192,101887986,101887.986,2000,0,gap,50
15193,101892411,101892.411,1985,0,gap,50
15194,101896848,101896.848,1968,0,gap,50
15195,101907978,101907.978,1975,0,gap,50
15196,101912433,101912.433,1974,0,gap,50
15197,101916867,101916.867,1959,0,gap,50
15198,101927987,101927.987,1966,0,gap,50
15199,101932435,101932.435,1961,0,gap,50
15200,101936900,101936.9,1973,0,gap,50
15201,101947979,101947.979,1964,0,gap,50
15202,101955204,101955.204,1953,0,gap,50
15203,101959432,101959.432,1957,0,gap,50
15204,101967987,101967.987,1963,0,gap,50
15205,101972227,101972.227,1949,0,gap,50
15206,101987974,101987.974,1963,0,gap,50
15207,101992222,101992.222,1963,0,gap,50
15208,101996481,101996.481,1957,0,gap,50
15209,102007978,102007.978,1963,0,gap,50
15210,102012248,102012.248,1966,0,gap,50
15211,102016504,102016.504,1947,0,gap,50
15212,102027987,102027.987,1961,0,gap,50
15213,102032250,102032.25,1936,0,gap,50
15214,102036526,102036.526,1935,0,gap,50
15215,102047979,102047.979,1934,0,gap,50
15216,102052278,102052.278,1939,0,gap,50
15217,102056551,102056.551,1937,0,gap,50
15218,102067988,102067.988,1940,0,gap,50
15219,102072272,102072.272,1936,0,gap,50
15220,102076567,102076.567,1927,0,gap,50
15221,102087984,102087.984,1920,0,gap,50
15222,102092295,102092.295,1916,0,gap,50
15223,102097978,102097.978,1926,0,gap,50
15224,102107987,102107.987,1933,0,gap,50
15225,102112292,102112.292,1919,0,gap,50
15226,102117986,102117.986,1917,0,gap,50
15227,102127979,102127.979,1913,0,gap,50
15228,102132311,102132.311,1907,0,gap,50
15229,102137979,102137.979,1902,0,gap,50
15230,102147988,102147.988,1901,0,gap,50
15231,102152317,102152.317,1904,0,gap,50
15232,102167986,102167.986,1922,0,gap,50
15233,102172319,102172.319,1904,0,gap,50
15234,102176667,102176.667,1905,0,gap,50
15235,102187978,102187.978,1909,0,gap,50
15236,102192341,102192.341,1901,0,gap,50
15237,102196692,102196.692,1903,0,gap,50
15238,102207987,102207.987,1902,0,gap,50
15239,102212358,102212.358,1909,0,gap,50
15240,102216746,102216.746,1886,0,gap,50
15241,102227979,102227.979,1901,0,gap,50
15242,102232378,102232.378,1888,0,gap,50
15243,102236760,102236.76,1895,0,gap,50
15244,102247987,102247.987,1897,0,gap,50
15245,102252380,102252.38,1889,0,gap,50
15246,102256784,102256.784,1874,0,gap,50
15247,102267980,102267.98,1898,0,gap,50
15248,102272406,102272.406,1888,0,gap,50
15249,102277978,102277.978,1874,0,gap,50
15250,102287987,102287.987,1878,0,gap,50
15251,102292403,102292.403,1862,0,gap,50
15252,102297986,102297.986,1879,0,gap,50
15253,102307984,102307.984,1859,0,gap,50
15254,102312421,102312.421,1865,0,gap,50
15255,102317979,102317.979,1868,0,gap,50
15256,102327988,102327.988,1873,0,gap,50
15257,102332419,102332.419,1866,0,gap,50
15258,102347986,102347.986,1891,0,gap,50
15259,102352428,102352.428,1873,0,gap,50
15260,102356877,102356.877,1872,0,gap,50
15261,102367978,102367.978,1869,0,gap,50
15262,102372442,102372.442,1873,0,gap,50
15263,102376889,102376.889,1859,0,gap,50
15264,102387987,102387.987,1860,0,gap,50
15265,102395195,102395.195,1864,0,gap,50
15266,102399449,102399.449,1858,0,gap,50
15267,102407979,102407.979,1872,0,gap,50
15268,102412232,102412.232,1857,0,gap,50
15269,102427974,102427.974,1869,0,gap,50
15270,102432237,102432.237,1867,0,gap,50
15271,102436480,102436.48,1856,0,gap,50
15272,102447986,102447.986,1857,0,gap,50
15273,102452240,102452.24,1862,0,gap,50
15274,102456509,102456.509,1843,0,gap,50
15275,102467979,102467.979,1865,0,gap,50
15276,102472259,102472.259,1851,0,gap,50
15277,102476518,102476.518,1849,0,gap,50
15278,102487987,102487.987,1847,0,gap,50
15279,102492265,102492.265,1851,0,gap,50
15280,102496559,102496.559,1840,0,gap,50
15281,102507980,102507.98,1840,0,gap,50
15282,102512280,102512.28,1837,0,gap,50
15283,102516559,102516.559,1831,0,gap,50
15284,102527988,102527.988,1840,0,gap,50
15285,102532287,102532.287,1836,0,gap,50
15286,102537986,102537.986,1850,0,gap,50
15287,102547979,102547.979,1838,0,gap,50
15288,102552300,102552.3,1829,0,gap,50
15289,102557978,102557.978,1847,0,gap,50
15290,102567987,102567.987,1830,0,gap,50
15291,102572314,102572.314,1831,0,gap,50
15292,102577987,102577.987,1830,0,gap,50
15293,102587980,102587.98,1840,0,gap,50
15294,102592322,102592.322,1818,0,gap,50
15295,102607978,102607.978,1850,0,gap,50
15296,102612335,102612.335,1819,0,gap,50
15297,102616668,102616.668,1817,0,gap,50
15298,102627986,102627.986,1834,0,gap,50
15299,102632334,102632.334,1815,0,gap,50
15300,102636696,102636.696,1821,0,gap,50
15301,102647983,102647.983,1834,0,gap,50
15302,102652375,102652.375,1824,0,gap,50
15303,102656747,102656.747,1830,0,gap,50
15304,102667987,102667.987,1815,0,gap,50
15305,102672373,102672.373,1829,0,gap,50
15306,102676767,102676.767,1818,0,gap,50
15307,102687979,102687.979,1835,0,gap,50
15308,102692387,102692.387,1823,0,gap,50
15309,102696779,102696.779,1811,0,gap,50
15310,102707988,102707.988,1807,0,gap,50
15311,102712394,102712.394,1802,0,gap,50
15312,102717986,102717.986,1815,0,gap,50
15313,102727979,102727.979,1805,0,gap,50
15314,102732407,102732.407,1808,0,gap,50
15315,102737978,102737.978,1815,0,gap,50
15316,102747987,102747.987,1809,0,gap,50
15317,102752413,102752.413,1819,1,pulse,51
15318,102767979,102767.979,4095,1,pulse,51
15319,102772348,102772.348,4095,1,pulse,51
15320,102776725,102776.725,4095,1,pulse,51
15321,102787975,102787.975,4095,1,pulse,51
15322,102792370,102792.37,4095,0,gap,51
15323,102796966,102796.966,2997,0,gap,51
15324,102807987,102807.987,2789,0,gap,51
15325,102812448,102812.448,2775,0,gap,51
15326,102816924,102816.924,2747,0,gap,51
15327,102827979,102827.979,2732,0,gap,51
15328,102835084,102835.084,2701,0,gap,51
15329,102839335,102839.335,2688,0,gap,51
15330,102847986,102847.986,2691,0,gap,51
15331,102852237,102852.237,2679,0,gap,51
15332,102857991,102857.991,2659,0,gap,51
15333,102867980,102867.98,2651,0,gap,51
15334,102872257,102872.257,2627,0,gap,51
15335,102887978,102887.978,2631,0,gap,51
15336,102892265,102892.265,2615,0,gap,51
15337,102896536,102896.536,2608,0,gap,51
15338,102907986,102907.986,2609,0,gap,51
15339,102912264,102912.264,2589,0,gap,51
15340,102916550,102916.55,2593,0,gap,51
15341,102927979,102927.979,2592,0,gap,51
15342,102932279,102932.279,2559,0,gap,51
15343,102936574,102936.574,2559,0,gap,51
15344,102947987,102947.987,2549,0,gap,51
15345,102952289,102952.289,2544,0,gap,51
15346,102956594,102956.594,2543,0,gap,51
15347,102967980,102967.98,2542,0,gap,51
15348,102972308,102972.308,2517,0,gap,51
15349,102976616,102976.616,2510,0,gap,51
15350,102987988,102987.988,2517,0,gap,51
15351,102992315,102992.315,2505,0,gap,51
15352,102997986,102997.986,2502,0,gap,51
15353,103007983,103007.983,2503,0,gap,51
15354,103012328,103012.328,2480,0,gap,51
15355,103017978,103017.978,2480,0,gap,51
15356,103027987,103027.987,2484,0,gap,51
15357,103032332,103032.332,2467,0,gap,51
15358,103037987,103037.987,2467,0,gap,51
15359,103047980,103047.98,2471,0,gap,51
15360,103052346,103052.346,2449,0,gap,51
15361,103067978,103067.978,2469,0,gap,51
15362,103072351,103072.351,2438,0,gap,51
15363,103076719,103076.719,2444,0,gap,51
15364,103087990,103087.99,2448,0,gap,51
15365,103092385,103092.385,2448,0,gap,51
15366,103096779,103096.779,2426,0,gap,51
15367,103107979,103107.979,2446,0,gap,51
15368,103112391,103112.391,2415,0,gap,51
15369,103116795,103116.795,2409,0,gap,51
15370,103127987,103127.987,2414,0,gap,51
15371,103132401,103132.401,2398,0,gap,51
15372,103136818,103136.818,2407,0,gap,51
15373,103147979,103147.979,2403,0,gap,51
15374,103152407,103152.407,2385,0,gap,51
15375,103156830,103156.83,2379,0,gap,51
15376,103167988,103167.988,2384,0,gap,51
15377,103172417,103172.417,2379,0,gap,51
15378,103177974,103177.974,2359,0,gap,51
15379,103187979,103187.979,2371,0,gap,51
15380,103192430,103192.43,2345,0,gap,51
15381,103197978,103197.978,2353,0,gap,51
15382,103207987,103207.987,2354,0,gap,51
15383,103212440,103212.44,2355,0,gap,51
15384,103217987,103217.987,2342,0,gap,51
15385,103227984,103227.984,2327,0,gap,51
15386,103232455,103232.455,2347,0,gap,51
15387,103247978,103247.978,2352,0,gap,51
15388,103252452,103252.452,2321,0,gap,51
15389,103256912,103256.912,2321,0,gap,51
15390,103264154,103264.154,2332,0,gap,51
15391,103277970,103277.97,2341,0,gap,51
15392,103282229,103282.229,2315,0,gap,51
15393,103286471,103286.471,2307,0,gap,51
15394,103297986,103297.986,2325,0,gap,51
15395,103302245,103302.245,2317,0,gap,51
15396,103306510,103306.51,2297,0,gap,51
15397,103317979,103317.979,2303,0,gap,51
15398,103322259,103322.259,2295,0,gap,51
15399,103326526,103326.526,2289,0,gap,51
15400,103337987,103337.987,2291,0,gap,51
15401,103342270,103342.27,2288,0,gap,51
15402,103346556,103346.556,2289,0,gap,51
15403,103357980,103357.98,2285,0,gap,51
15404,103362277,103362.277,2271,0,gap,51
15405,103366565,103366.565,2269,0,gap,51
15406,103377988,103377.988,2266,0,gap,51
15407,103382295,103382.295,2256,0,gap,51
15408,103387986,103387.986,2261,0,gap,51
15409,103397979,103397.979,2261,0,gap,51
15410,103402296,103402.296,2252,0,gap,51
15411,103407978,103407.978,2235,0,gap,51
15412,103417991,103417.991,2241,0,gap,51
15413,103422315,103422.315,2224,0,gap,51
15414,103427987,103427.987,2215,0,gap,51
15415,103437980,103437.98,2239,0,gap,51
15416,103442322,103442.322,2233,0,gap,51
15417,103457982,103457.982,2245,0,gap,51
15418,103462331,103462.331,2221,0,gap,51
15419,103466663,103466.663,2211,0,gap,51
15420,103477986,103477.986,2230,0,gap,51
15421,103482338,103482.338,2214,0,gap,51
15422,103486693,103486.693,2207,0,gap,51
15423,103497979,103497.979,2212,0,gap,51
15424,103502348,103502.348,2201,0,gap,51
15425,103506705,103506.705,2187,0,gap,51
15426,103517987,103517.987,2204,0,gap,51
15427,103522369,103522.369,2192,0,gap,51
15428,103526764,103526.764,2172,0,gap,51
15429,103537979,103537.979,2190,0,gap,51
15430,103542389,103542.389,2171,0,gap,51
15431,103546785,103546.785,2163,0,gap,51
15432,103557988,103557.988,2179,0,gap,51
15433,103562399,103562.399,2165,0,gap,51
15434,103567986,103567.986,2160,0,gap,51
15435,103577979,103577.979,2167,0,gap,51
15436,103582408,103582.408,2154,0,gap,51
15437,103587978,103587.978,2160,0,gap,51
15438,103597987,103597.987,2157,0,gap,51
15439,103602422,103602.422,2158,0,gap,51
15440,103607987,103607.987,2139,0,gap,51
15441,103617980,103617.98,2160,0,gap,51
15442,103622424,103622.424,2144,0,gap,51
15443,103637978,103637.978,2147,0,gap,51
15444,103642433,103642.433,2130,0,gap,51
15445,103646871,103646.871,2138,0,gap,51
15446,103657986,103657.986,2151,0,gap,51
15447,103662443,103662.443,2138,0,gap,51
15448,103666903,103666.903,2138,0,gap,51
15449,103677983,103677.983,2128,0,gap,51
15450,103682457,103682.457,2129,0,gap,51
15451,103686915,103686.915,2127,0,gap,51
15452,103697987,103697.987,2128,0,gap,51
15453,103705213,103705.213,2119,0,gap,51
15454,103709471,103709.471,2109,0,gap,51
15455,103717978,103717.978,2102,0,gap,51
15456,103722245,103722.245,2110,0,gap,51
15457,103737970,103737.97,2126,0,gap,51
15458,103742243,103742.243,2106,0,gap,51
15459,103746500,103746.5,2097,0,gap,51
15460,103757991,103757.991,2096,0,gap,51
15461,103762266,103762.266,2096,0,gap,51
15462,103766540,103766.54,2098,0,gap,51
15463,103777979,103777.979,2107,0,gap,51
15464,103782272,103782.272,2096,0,gap,51
15465,103786553,103786.553,2091,0,gap,51
15466,103797987,103797.987,2089,0,gap,51
15467,103802279,103802.279,2089,0,gap,51
15468,103806579,103806.579,2079,0,gap,51
15469,103817980,103817.98,2083,0,gap,51
15470,103822290,103822.29,2081,0,gap,51
15471,103826595,103826.595,2062,0,gap,51
15472,103837988,103837.988,2074,0,gap,51
15473,103842301,103842.301,2065,0,gap,51
15474,103847986,103847.986,2060,0,gap,51
15475,103857979,103857.979,2063,0,gap,51
15476,103862318,103862.318,2055,0,gap,51
15477,103867978,103867.978,2064,0,gap,51
15478,103877987,103877.987,2045,0,gap,51
15479,103882324,103882.324,2032,0,gap,51
15480,103887987,103887.987,2037,0,gap,51
15481,103897984,103897.984,2043,0,gap,51
15482,103902335,103902.335,2035,0,gap,51
15483,103917978,103917.978,2058,0,gap,51
15484,103922337,103922.337,2027,0,gap,51
15485,103926683,103926.683,2032,0,gap,51
15486,103937986,103937.986,2039,0,gap,51
15487,103942359,103942.359,2026,0,gap,51
15488,103946735,103946.735,2030,0,gap,51
15489,103957979,103957.979,2033,0,gap,51
15490,103962372,103962.372,2018,0,gap,51
15491,103966757,103966.757,2031,0,gap,51
15492,103977991,103977.991,2015,0,gap,51
15493,103982399,103982.399,2013,0,gap,51
15494,103986811,103986.811,2004,0,gap,51
15495,103997979,103997.979,2022,0,gap,51
15496,104002401,104002.401,2011,0,gap,51
15497,104006811,104006.811,1985,0,gap,51
15498,104017988,104017.988,2002,0,gap,51
15499,104022408,104022.408,2000,0,gap,51
15500,104027974,104027.974,2000,0,gap,51
15501,104037979,104037.979,1994,0,gap,51
15502,104042417,104042.417,1986,0,gap,51
15503,104047978,104047.978,1988,0,gap,51
15504,104057987,104057.987,1990,0,gap,51
15505,104062431,104062.431,1994,0,gap,51
15506,104067987,104067.987,1977,0,gap,51
15507,104077980,104077.98,1969,0,gap,51
15508,104082441,104082.441,1981,0,gap,51
15509,104097978,104097.978,1982,0,gap,51
15510,104102446,104102.446,1975,0,gap,51
15511,104106901,104106.901,1971,0,gap,51
15512,104117986,104117.986,1979,0,gap,51
15513,104122456,104122.456,1977,0,gap,51
15514,104126925,104126.925,1973,0,gap,51
15515,104137978,104137.978,1969,0,gap,51
15516,104145213,104145.213,1959,0,gap,51
15517,104149469,104149.469,1957,0,gap,51
15518,104157986,104157.986,1968,0,gap,51
15519,104162249,104162.249,1959,0,gap,51
15520,104177974,104177.974,1982,0,gap,51
15521,104182239,104182.239,1971,0,gap,51
15522,104186508,104186.508,1962,0,gap,51
15523,104197978,104197.978,1972,0,gap,51
15524,104202262,104202.262,1953,0,gap,51
15525,104206533,104206.533,1939,0,gap,51
15526,104217987,104217.987,1968,0,gap,51
15527,104222272,104222.272,1961,0,gap,51
15528,104226562,104226.562,1949,0,gap,51
15529,104237983,104237.983,1951,0,gap,51
15530,104242287,104242.287,1952,0,gap,51
15531,104246579,104246.579,1948,0,gap,51
15532,104257988,104257.988,1954,0,gap,51
15533,104262289,104262.289,1949,0,gap,51
15534,104266595,104266.595,1926,0,gap,51
15535,104277980,104277.98,1934,0,gap,51
15536,104282305,104282.305,1938,0,gap,51
15537,104287978,104287.978,1934,0,gap,51
15538,104297987,104297.987,1936,0,gap,51
15539,104302306,104302.306,1925,0,gap,51
15540,104307991,104307.991,1924,0,gap,51
15541,104317979,104317.979,1934,0,gap,51
15542,104322328,104322.328,1922,0,gap,51
15543,104327979,104327.979,1921,0,gap,51
15544,104337988,104337.988,1931,0,gap,51
15545,104342336,104342.336,1909,0,gap,51
15546,104357986,104357.986,1936,0,gap,51
15547,104362337,104362.337,1923,0,gap,51
15548,104366692,104366.692,1922,0,gap,51
15549,104377978,104377.978,1923,0,gap,51
15550,104382352,104382.352,1904,0,gap,51
15551,104386720,104386.72,1919,0,gap,51
15552,104397987,104397.987,1909,0,gap,51
15553,104402377,104402.377,1907,0,gap,51
15554,104406771,104406.771,1909,0,gap,51
15555,104417979,104417.979,1919,0,gap,51
15556,104422395,104422.395,1894,0,gap,51
15557,104426795,104426.795,1904,0,gap,51
15558,104437987,104437.987,1893,0,gap,51
15559,104442401,104442.401,1890,0,gap,51
15560,104446819,104446.819,1878,0,gap,51
15561,104457984,104457.984,1895,0,gap,51
15562,104462416,104462.416,1881,0,gap,51
15563,104467970,104467.97,1885,0,gap,51
15564,104477987,104477.987,1874,0,gap,51
15565,104482417,104482.417,1877,0,gap,51
15566,104487986,104487.986,1878,0,gap,51
15567,104497979,104497.979,1874,0,gap,51
15568,104502431,104502.431,1869,0,gap,51
15569,104507979,104507.979,1872,0,gap,51
15570,104517988,104517.988,1877,0,gap,51
15571,104522437,104522.437,1858,0,gap,51
15572,104537990,104537.99,1889,0,gap,51
15573,104542450,104542.45,1887,0,gap,51
15574,104546913,104546.913,1877,0,gap,51
15575,104557978,104557.978,1879,0,gap,51
15576,104562456,104562.456,1875,0,gap,51
15577,104566920,104566.92,1872,0,gap,51
15578,104577986,104577.986,1879,0,gap,51
15579,104585080,104585.08,1886,0,gap,51
15580,104589350,104589.35,1869,0,gap,51
15581,104597978,104597.978,1872,0,gap,51
15582,104602241,104602.241,1872,0,gap,51
15583,104607979,104607.979,1862,0,gap,51
15584,104617988,104617.988,1859,0,gap,51
15585,104622253,104622.253,1872,0,gap,51
15586,104637986,104637.986,1878,0,gap,51
15587,104642262,104642.262,1872,0,gap,51
15588,104646544,104646.544,1857,0,gap,51
15589,104657978,104657.978,1859,0,gap,51
15590,104662269,104662.269,1863,0,gap,51
15591,104666546,104666.546,1865,0,gap,51
15592,104677987,104677.987,1868,0,gap,51
15593,104682279,104682.279,1863,0,gap,51
15594,104686583,104686.583,1858,0,gap,51
15595,104697979,104697.979,1846,0,gap,51
15596,104702297,104702.297,1851,0,gap,51
15597,104706590,104706.59,1859,0,gap,51
15598,104717988,104717.988,1863,0,gap,51
15599,104722304,104722.304,1846,0,gap,51
15600,104726628,104726.628,1846,0,gap,51
15601,104737980,104737.98,1842,0,gap,51
15602,104742315,104742.315,1843,0,gap,51
15603,104747978,104747.978,1838,0,gap,51
15604,104757991,104757.991,1851,0,gap,51
15605,104762324,104762.324,1828,0,gap,51
15606,104767986,104767.986,1840,0,gap,51
15607,104777979,104777.979,1844,0,gap,51
15608,104782340,104782.34,1841,0,gap,51
15609,104787983,104787.983,1834,0,gap,51
15610,104797988,104797.988,1839,0,gap,51
15611,104802342,104802.342,1823,0,gap,51
15612,104817986,104817.986,1850,0,gap,51
15613,104822347,104822.347,1839,0,gap,51
15614,104826728,104826.728,1830,0,gap,51
15615,104837978,104837.978,1836,0,gap,51
15616,104842385,104842.385,1831,0,gap,51
15617,104846771,104846.771,1840,0,gap,51
15618,104857987,104857.987,1839,0,gap,51
15619,104862387,104862.387,1814,0,gap,51
15620,104866803,104866.803,1823,0,gap,51
15621,104877979,104877.979,1824,0,gap,51
15622,104882401,104882.401,1824,0,gap,51
15623,104886807,104886.807,1822,0,gap,51
15624,104897987,104897.987,1826,0,gap,51
15625,104902407,104902.407,1819,0,gap,51
15626,104906839,104906.839,1808,0,gap,51
15627,104917980,104917.98,1838,0,gap,51
15628,104922425,104922.425,1802,0,gap,51
15629,104927970,104927.97,1808,0,gap,51
15630,104937987,104937.987,1844,1,pulse,52
15631,104942523,104942.523,4095,1,pulse,52
15632,104947983,104947.983,4095,1,pulse,52
15633,104957976,104957.976,4095,1,pulse,52
15634,104962375,104962.375,4095,1,pulse,52
15635,104977979,104977.979,4095,0,gap,52
15636,104982610,104982.61,2960,0,gap,52
15637,104987074,104987.074,2881,0,gap,52
15638,104997986,104997.986,2798,0,gap,52
15639,105002461,105002.461,2770,0,gap,52
15640,105006952,105006.952,2736,0,gap,52
15641,105014192,105014.192,2725,0,gap,52
15642,105027986,105027.986,2693,0,gap,52
15643,105032239,105032.239,2693,0,gap,52
15644,105036507,105036.507,2681,0,gap,52
15645,105047978,105047.978,2673,0,gap,52
15646,105052263,105052.263,2667,0,gap,52
15647,105056526,105056.526,2644,0,gap,52
15648,105067987,105067.987,2630,0,gap,52
15649,105072265,105072.265,2621,0,gap,52
15650,105076550,105076.55,2607,0,gap,52
15651,105087979,105087.979,2607,0,gap,52
15652,105092284,105092.284,2594,0,gap,52
15653,105096564,105096.564,2589,0,gap,52
15654,105107988,105107.988,2593,0,gap,52
15655,105112287,105112.287,2559,0,gap,52
15656,105116601,105116.601,2544,0,gap,52
15657,105127980,105127.98,2547,0,gap,52
15658,105132301,105132.301,2542,0,gap,52
15659,105137978,105137.978,2551,0,gap,52
15660,105147987,105147.987,2544,0,gap,52
15661,105152302,105152.302,2512,0,gap,52
15662,105157986,105157.986,2534,0,gap,52
15663,105167979,105167.979,2511,0,gap,52
15664,105172325,105172.325,2513,0,gap,52
15665,105177979,105177.979,2512,0,gap,52
15666,105187988,105187.988,2509,0,gap,52
15667,105192328,105192.328,2481,0,gap,52
15668,105207986,105207.986,2499,0,gap,52
15669,105212328,105212.328,2495,0,gap,52
15670,105216686,105216.686,2486,0,gap,52
15671,105227978,105227.978,2486,0,gap,52
15672,105232356,105232.356,2474,0,gap,52
15673,105236705,105236.705,2475,0,gap,52
15674,105247987,105247.987,2474,0,gap,52
15675,105252350,105252.35,2448,0,gap,52
15676,105256733,105256.733,2448,0,gap,52
15677,105267979,105267.979,2448,0,gap,52
15678,105272387,105272.387,2439,0,gap,52
15679,105276779,105276.779,2427,0,gap,52
15680,105287987,105287.987,2432,0,gap,52
15681,105292391,105292.391,2413,0,gap,52
15682,105296809,105296.809,2415,0,gap,52
15683,105307980,105307.98,2418,0,gap,52
15684,105312409,105312.409,2403,0,gap,52
15685,105317978,105317.978,2403,0,gap,52
15686,105327987,105327.987,2406,0,gap,52
15687,105332414,105332.414,2395,0,gap,52
15688,105337990,105337.99,2385,0,gap,52
15689,105347979,105347.979,2390,0,gap,52
15690,105352432,105352.432,2385,0,gap,52
15691,105357979,105357.979,2366,0,gap,52
15692,105367988,105367.988,2369,0,gap,52
15693,105372430,105372.43,2359,0,gap,52
15694,105387986,105387.986,2362,0,gap,52
15695,105392439,105392.439,2362,0,gap,52
15696,105396903,105396.903,2352,0,gap,52
15697,105407978,105407.978,2363,0,gap,52
15698,105412453,105412.453,2355,0,gap,52
15699,105416911,105416.911,2346,0,gap,52
15700,105427986,105427.986,2329,0,gap,52
15701,105432455,105432.455,2323,0,gap,52
15702,105436939,105436.939,2332,0,gap,52
15703,105447979,105447.979,2325,0,gap,52
15704,105455235,105455.235,2322,0,gap,52
15705,105459488,105459.488,2304,0,gap,52
15706,105467986,105467.986,2317,0,gap,52
15707,105472247,105472.247,2305,0,gap,52
15708,105487974,105487.974,2313,0,gap,52
15709,105492245,105492.245,2306,0,gap,52
15710,105496528,105496.528,2298,0,gap,52
15711,105507978,105507.978,2299,0,gap,52
15712,105512275,105512.275,2300,0,gap,52
15713,105516548,105516.548,2291,0,gap,52
15714,105527987,105527.987,2278,0,gap,52
15715,105532282,105532.282,2283,0,gap,52
15716,105536581,105536.581,2288,0,gap,52
15717,105547979,105547.979,2288,0,gap,52
15718,105552293,105552.293,2269,0,gap,52
15719,105556591,105556.591,2247,0,gap,52
15720,105567992,105567.992,2268,0,gap,52
15721,105572299,105572.299,2256,0,gap,52
15722,105576619,105576.619,2246,0,gap,52
15723,105587980,105587.98,2256,0,gap,52
15724,105592314,105592.314,2240,0,gap,52
15725,105597978,105597.978,2242,0,gap,52
15726,105607987,105607.987,2224,0,gap,52
15727,105612320,105612.32,2233,0,gap,52
15728,105617986,105617.986,2237,0,gap,52
15729,105627979,105627.979,2222,0,gap,52
15730,105632338,105632.338,2213,0,gap,52
15731,105637979,105637.979,2214,0,gap,52
15732,105647988,105647.988,2211,0,gap,52
15733,105652337,105652.337,2202,0,gap,52
15734,105667986,105667.986,2224,0,gap,52
15735,105672347,105672.347,2213,0,gap,52
15736,105676722,105676.722,2204,0,gap,52
15737,105687978,105687.978,2199,0,gap,52
15738,105692369,105692.369,2190,0,gap,52
15739,105696743,105696.743,2199,0,gap,52
15740,105707987,105707.987,2202,0,gap,52
15741,105712377,105712.377,2197,0,gap,52
15742,105716789,105716.789,2175,0,gap,52
15743,105727979,105727.979,2165,0,gap,52
15744,105732405,105732.405,2165,0,gap,52
15745,105736807,105736.807,2176,0,gap,52
15746,105747987,105747.987,2189,0,gap,52
15747,105752407,105752.407,2160,0,gap,52
15748,105756839,105756.839,2150,0,gap,52
15749,105767980,105767.98,2174,0,gap,52
15750,105772425,105772.425,2142,0,gap,52
15751,105777970,105777.97,2145,0,gap,52
15752,105787991,105787.991,2131,0,gap,52
15753,105792431,105792.431,2135,0,gap,52
15754,105797986,105797.986,2139,0,gap,52
15755,105807979,105807.979,2128,0,gap,52
15756,105812441,105812.441,2129,0,gap,52
15757,105817979,105817.979,2129,0,gap,52
15758,105827988,105827.988,2123,0,gap,52
15759,105832447,105832.447,2117,0,gap,52
15760,105847986,105847.986,2137,0,gap,52
15761,105852448,105852.448,2122,0,gap,52
15762,105856921,105856.921,2122,0,gap,52
15763,105867978,105867.978,2119,0,gap,52
15764,105872470,105872.47,2112,0,gap,52
15765,105876940,105876.94,2111,0,gap,52
15766,105887986,105887.986,2118,0,gap,52
15767,105895223,105895.223,2112,0,gap,52
15768,105899507,105899.507,2099,0,gap,52
15769,105907978,105907.978,2103,0,gap,52
15770,105912259,105912.259,2097,0,gap,52
15771,105927970,105927.97,2102,0,gap,52
15772,105932257,105932.257,2102,0,gap,52
15773,105936523,105936.523,2096,0,gap,52
15774,105947986,105947.986,2103,0,gap,52
15775,105952267,105952.267,2090,0,gap,52
15776,105956560,105956.56,2090,0,gap,52
15777,105967979,105967.979,2086,0,gap,52
15778,105972286,105972.286,2083,0,gap,52
15779,105976577,105976.577,2070,0,gap,52
15780,105987987,105987.987,2087,0,gap,52
15781,105992289,105992.289,2071,0,gap,52
15782,105996602,105996.602,2063,0,gap,52
15783,106007980,106007.98,2065,0,gap,52
15784,106012311,106012.311,2067,0,gap,52
15785,106016618,106016.618,2060,0,gap,52
15786,106027988,106027.988,2065,0,gap,52
15787,106032307,106032.307,2062,0,gap,52
15788,106037986,106037.986,2047,0,gap,52
15789,106047979,106047.979,2045,0,gap,52
15790,106052324,106052.324,2043,0,gap,52
15791,106057978,106057.978,2037,0,gap,52
15792,106067987,106067.987,2036,0,gap,52
15793,106072330,106072.33,2054,0,gap,52
15794,106077987,106077.987,2035,0,gap,52
15795,106087980,106087.98,2043,0,gap,52
15796,106092345,106092.345,2027,0,gap,52
15797,106107978,106107.978,2045,0,gap,52
15798,106112351,106112.351,2030,0,gap,52
15799,106116707,106116.707,2034,0,gap,52
15800,106127990,106127.99,2037,0,gap,52
15801,106132365,106132.365,2035,0,gap,52
15802,106136747,106136.747,2022,0,gap,52
15803,106147979,106147.979,2023,0,gap,52
15804,106152395,106152.395,2027,0,gap,52
15805,106156787,106156.787,2000,0,gap,52
15806,106167987,106167.987,2021,0,gap,52
15807,106172397,106172.397,2005,0,gap,52
15808,106176818,106176.818,2000,0,gap,52
15809,106187979,106187.979,2013,0,gap,52
15810,106192411,106192.411,2002,0,gap,52
15811,106196826,106196.826,1997,0,gap,52
15812,106207988,106207.988,1999,0,gap,52
15813,106212417,106212.417,1999,0,gap,52
15814,106217974,106217.974,1987,0,gap,52
15815,106227979,106227.979,2000,0,gap,52
15816,106232438,106232.438,1995,0,gap,52
15817,106237978,106237.978,1991,0,gap,52
15818,106247987,106247.987,1994,0,gap,52
15819,106252433,106252.433,1983,0,gap,52
15820,106257987,106257.987,1975,0,gap,52
15821,106267980,106267.98,1971,0,gap,52
15822,106272455,106272.455,1973,0,gap,52
15823,106287978,106287.978,1989,0,gap,52
15824,106292460,106292.46,1973,0,gap,52
15825,106296916,106296.916,1975,0,gap,52
15826,106307986,106307.986,1991,0,gap,52
15827,106312465,106312.465,1981,0,gap,52
15828,106316948,106316.948,1979,0,gap,52
15829,106327978,106327.978,1975,0,gap,52
15830,106335093,106335.093,1968,0,gap,52
15831,106339358,106339.358,1956,0,gap,52
15832,106347991,106347.991,1959,0,gap,52
15833,106352255,106352.255,1957,0,gap,52
15834,106357987,106357.987,1943,0,gap,52
15835,106367980,106367.98,1951,0,gap,52
15836,106372271,106372.271,1938,0,gap,52
15837,106387978,106387.978,1965,0,gap,52
15838,106392276,106392.276,1951,0,gap,52
15839,106396552,106396.552,1958,0,gap,52
15840,106407986,106407.986,1959,0,gap,52
15841,106412278,106412.278,1953,0,gap,52
15842,106416578,106416.578,1957,0,gap,52
15843,106427979,106427.979,1943,0,gap,52
15844,106432293,106432.293,1943,0,gap,52
15845,106436594,106436.594,1942,0,gap,52
15846,106447987,106447.987,1947,0,gap,52
15847,106452303,106452.303,1941,0,gap,52
15848,106456626,106456.626,1943,0,gap,52
15849,106467980,106467.98,1947,0,gap,52
15850,106472310,106472.31,1944,0,gap,52
15851,106476632,106476.632,1929,0,gap,52
15852,106487988,106487.988,1927,0,gap,52
15853,106492325,106492.325,1937,0,gap,52
15854,106497986,106497.986,1932,0,gap,52
15855,106507979,106507.979,1920,0,gap,52
15856,106512334,106512.334,1917,0,gap,52
15857,106517978,106517.978,1917,0,gap,52
15858,106527987,106527.987,1920,0,gap,52
15859,106532346,106532.346,1915,0,gap,52
15860,106537987,106537.987,1910,0,gap,52
15861,106547980,106547.98,1919,0,gap,52
15862,106552356,106552.356,1905,0,gap,52
15863,106567978,106567.978,1921,0,gap,52
15864,106572369,106572.369,1905,0,gap,52
15865,106576744,106576.744,1920,0,gap,52
15866,106587986,106587.986,1924,0,gap,52
15867,106592387,106592.387,1903,0,gap,52
15868,106596795,106596.795,1904,0,gap,52
15869,106607979,106607.979,1907,0,gap,52
15870,106612401,106612.401,1895,0,gap,52
15871,106616811,106616.811,1903,0,gap,52
15872,106627987,106627.987,1906,0,gap,52
15873,106632407,106632.407,1899,0,gap,52
15874,106636835,106636.835,1883,0,gap,52
15875,106647979,106647.979,1898,0,gap,52
15876,106652417,106652.417,1899,0,gap,52
15877,106656843,106656.843,1879,0,gap,52
15878,106667988,106667.988,1894,0,gap,52
15879,106672431,106672.431,1877,0,gap,52
15880,106677978,106677.978,1890,0,gap,52
15881,106687979,106687.979,1898,0,gap,52
15882,106692437,106692.437,1877,0,gap,52
15883,106697978,106697.978,1875,0,gap,52
15884,106707987,106707.987,1887,0,gap,52
15885,106712450,106712.45,1878,0,gap,52
15886,106717987,106717.987,1874,0,gap,52
15887,106727980,106727.98,1883,0,gap,52
15888,106732461,106732.461,1872,0,gap,52
15889,106747978,106747.978,1896,0,gap,52
15890,106752462,106752.462,1878,0,gap,52
15891,106756940,106756.94,1875,0,gap,52
15892,106764193,106764.193,1875,0,gap,52
15893,106777970,106777.97,1902,0,gap,52
15894,106782239,106782.239,1874,0,gap,52
15895,106786496,106786.496,1872,0,gap,52
15896,106797991,106797.991,1890,0,gap,52
15897,106802263,106802.263,1874,0,gap,52
15898,106806538,106806.538,1872,0,gap,52
15899,106817979,106817.979,1874,0,gap,52
15900,106822265,106822.265,1867,0,gap,52
15901,106826539,106826.539,1862,0,gap,52
15902,106837987,106837.987,1901,1,pulse,53
15903,106842372,106842.372,4095,1,pulse,53
15904,106846606,106846.606,4095,1,pulse,53
15905,106857976,106857.976,4095,1,pulse,53
15906,106862225,106862.225,4095,1,pulse,53
15907,106867975,106867.975,4095,1,pulse,53
15908,106877984,106877.984,4095,0,gap,53
15909,106882452,106882.452,2960,0,gap,53
15910,106887987,106887.987,2849,0,gap,53
15911,106897984,106897.984,2778,0,gap,53
15912,106902325,106902.325,2768,0,gap,53
15913,106917978,106917.978,2716,0,gap,53
15914,106922322,106922.322,2699,0,gap,53
15915,106926654,106926.654,2685,0,gap,53
15916,106937990,106937.99,2686,0,gap,53
15917,106942341,106942.341,2682,0,gap,53
15918,106946690,106946.69,2667,0,gap,53
15919,106957979,106957.979,2637,0,gap,53
15920,106962347,106962.347,2626,0,gap,53
15921,106966699,106966.699,2613,0,gap,53
15922,106977987,106977.987,2619,0,gap,53
15923,106982355,106982.355,2618,0,gap,53
15924,106986726,106986.726,2599,0,gap,53
15925,106997979,106997.979,2595,0,gap,53
15926,107002365,107002.365,2585,0,gap,53
15927,107006750,107006.75,2559,0,gap,53
15928,107017988,107017.988,2579,0,gap,53
15929,107022389,107022.389,2551,0,gap,53
15930,107027986,107027.986,2554,0,gap,53
15931,107037979,107037.979,2539,0,gap,53
15932,107042408,107042.408,2543,0,gap,53
15933,107047978,107047.978,2544,0,gap,53
15934,107057987,107057.987,2518,0,gap,53
15935,107062418,107062.418,2526,0,gap,53
15936,107067987,107067.987,2517,0,gap,53
15937,107077980,107077.98,2517,0,gap,53
15938,107082429,107082.429,2503,0,gap,53
15939,107097978,107097.978,2503,0,gap,53
15940,107102433,107102.433,2497,0,gap,53
15941,107106872,107106.872,2499,0,gap,53
15942,107117986,107117.986,2490,0,gap,53
15943,107122447,107122.447,2493,0,gap,53
15944,107126907,107126.907,2482,0,gap,53
15945,107137978,107137.978,2480,0,gap,53
15946,107142449,107142.449,2450,0,gap,53
15947,107146907,107146.907,2465,0,gap,53
15948,107157991,107157.991,2463,0,gap,53
15949,107162467,107162.467,2454,0,gap,53
15950,107166947,107166.947,2441,0,gap,53
15951,107177979,107177.979,2447,0,gap,53
15952,107182474,107182.474,2432,0,gap,53
15953,107186951,107186.951,2417,0,gap,53
15954,107197988,107197.988,2429,0,gap,53
15955,107205234,107205.234,2428,0,gap,53
15956,107209508,107209.508,2402,0,gap,53
15957,107217978,107217.978,2417,0,gap,53
15958,107222261,107222.261,2404,0,gap,53
15959,107237974,107237.974,2415,0,gap,53
15960,107242267,107242.267,2389,0,gap,53
15961,107246544,107246.544,2401,0,gap,53
15962,107257986,107257.986,2397,0,gap,53
15963,107262277,107262.277,2385,0,gap,53
15964,107266575,107266.575,2383,0,gap,53
15965,107277979,107277.979,2385,0,gap,53
15966,107282288,107282.288,2370,0,gap,53
15967,107286588,107286.588,2370,0,gap,53
15968,107297987,107297.987,2359,0,gap,53
15969,107302303,107302.303,2370,0,gap,53
15970,107306626,107306.626,2349,0,gap,53
15971,107317980,107317.98,2363,0,gap,53
15972,107322309,107322.309,2331,0,gap,53
15973,107326626,107326.626,2343,0,gap,53
15974,107337988,107337.988,2337,0,gap,53
15975,107342328,107342.328,2332,0,gap,53
15976,107347986,107347.986,2322,0,gap,53
15977,107357979,107357.979,2318,0,gap,53
15978,107362334,107362.334,2325,0,gap,53
15979,107367978,107367.978,2304,0,gap,53
15980,107377991,107377.991,2325,0,gap,53
15981,107382348,107382.348,2310,0,gap,53
15982,107387987,107387.987,2303,0,gap,53
15983,107397980,107397.98,2299,0,gap,53
15984,107402355,107402.355,2295,0,gap,53
15985,107417978,107417.978,2311,0,gap,53
15986,107422365,107422.365,2288,0,gap,53
15987,107426730,107426.73,2291,0,gap,53
15988,107437986,107437.986,2294,0,gap,53
15989,107442375,107442.375,2274,0,gap,53
15990,107446771,107446.771,2277,0,gap,53
15991,107457983,107457.983,2274,0,gap,53
15992,107462399,107462.399,2259,0,gap,53
15993,107466809,107466.809,2259,0,gap,53
15994,107477987,107477.987,2263,0,gap,53
15995,107482411,107482.411,2255,0,gap,53
15996,107486843,107486.843,2245,0,gap,53
15997,107497979,107497.979,2248,0,gap,53
15998,107502417,107502.417,2249,0,gap,53
15999,107506846,107506.846,2240,0,gap,53
16000,107517988,107517.988,2253,0,gap,53
16001,107522427,107522.427,2225,0,gap,53
16002,107527974,107527.974,2234,0,gap,53
16003,107537979,107537.979,2243,0,gap,53
16004,107542437,107542.437,2224,0,gap,53
16005,107547978,107547.978,2220,0,gap,53
16006,107557987,107557.987,2226,0,gap,53
16007,107562455,107562.455,2219,0,gap,53
16008,107567987,107567.987,2209,0,gap,53
16009,107577980,107577.98,2213,0,gap,53
16010,107582457,107582.457,2202,0,gap,53
16011,107597978,107597.978,2213,0,gap,53
16012,107602466,107602.466,2192,0,gap,53
16013,107606937,107606.937,2196,0,gap,53
16014,107617986,107617.986,2202,0,gap,53
16015,107622475,107622.475,2210,0,gap,53
16016,107626968,107626.968,2189,0,gap,53
16017,107637978,107637.978,2193,0,gap,53
16018,107645237,107645.237,2179,0,gap,53
16019,107649510,107649.51,2192,0,gap,53
16020,107657986,107657.986,2191,0,gap,53
16021,107662265,107662.265,2177,0,gap,53
16022,107677974,107677.974,2182,0,gap,53
16023,107682263,107682.263,2172,0,gap,53
16024,107686551,107686.551,2173,0,gap,53
16025,107697978,107697.978,2171,0,gap,53
16026,107702277,107702.277,2160,0,gap,53
16027,107706564,107706.564,2170,0,gap,53
16028,107717991,107717.991,2154,0,gap,53
16029,107722296,107722.296,2154,0,gap,53
16030,107726601,107726.601,2135,0,gap,53
16031,107737979,107737.979,2149,0,gap,53
16032,107742303,107742.303,2141,0,gap,53
16033,107746614,107746.614,2150,0,gap,53
16034,107757988,107757.988,2145,0,gap,53
16035,107762309,107762.309,2129,0,gap,53
16036,107766634,107766.634,2135,0,gap,53
16037,107777980,107777.98,2129,0,gap,53
16038,107782321,107782.321,2116,0,gap,53
16039,107787982,107787.982,2122,0,gap,53
16040,107797987,107797.987,2135,0,gap,53
16041,107802330,107802.33,2113,0,gap,53
16042,107807986,107807.986,2103,0,gap,53
16043,107817979,107817.979,2122,0,gap,53
16044,107822348,107822.348,2113,0,gap,53
16045,107827979,107827.979,2101,0,gap,53
16046,107837988,107837.988,2113,0,gap,53
16047,107842355,107842.355,2102,0,gap,53
16048,107857986,107857.986,2117,0,gap,53
16049,107862357,107862.357,2099,0,gap,53
16050,107866735,107866.735,2107,0,gap,53
16051,107877978,107877.978,2112,0,gap,53
16052,107882371,107882.371,2098,0,gap,53
16053,107886751,107886.751,2096,0,gap,53
16054,107897987,107897.987,2096,0,gap,53
16055,107902405,107902.405,2093,0,gap,53
16056,107906822,107906.822,2080,0,gap,53
16057,107917979,107917.979,2083,0,gap,53
16058,107922407,107922.407,2079,0,gap,53
16059,107926826,107926.826,2076,0,gap,53
16060,107937991,107937.991,2078,0,gap,53
16061,107942425,107942.425,2076,0,gap,53
16062,107946858,107946.858,2067,0,gap,53
16063,107957980,107957.98,2059,0,gap,53
16064,107962431,107962.431,2059,0,gap,53
16065,107967970,107967.97,2064,0,gap,53
16066,107977987,107977.987,2067,0,gap,53
16067,107982436,107982.436,2057,0,gap,53
16068,107987986,107987.986,2039,0,gap,53
16069,107997979,107997.979,2059,0,gap,53
16070,108002446,108002.446,2055,0,gap,53
16071,108007983,108007.983,2033,0,gap,53
16072,108017988,108017.988,2033,0,gap,53
16073,108022456,108022.456,2022,0,gap,53
16074,108037986,108037.986,2030,0,gap,53
16075,108042465,108042.465,2037,0,gap,53
16076,108046948,108046.948,2047,0,gap,53
16077,108057978,108057.978,2035,0,gap,53
16078,108062471,108062.471,2034,0,gap,53
16079,108066955,108066.955,2029,0,gap,53
16080,108077986,108077.986,2029,0,gap,53
16081,108085095,108085.095,2025,0,gap,53
16082,108089386,108089.386,2035,0,gap,53
16083,108097978,108097.978,2032,0,gap,53
16084,108102261,108102.261,2017,0,gap,53
16085,108117966,108117.966,2035,0,gap,53
16086,108122259,108122.259,2012,0,gap,53
16087,108126543,108126.543,2005,0,gap,53
16088,108137986,108137.986,2012,0,gap,53
16089,108142277,108142.277,2021,0,gap,53
16090,108146572,108146.572,2009,0,gap,53
16091,108157979,108157.979,2009,0,gap,53
16092,108162292,108162.292,2009,0,gap,53
16093,108166585,108166.585,2000,0,gap,53
16094,108177987,108177.987,2010,0,gap,53
16095,108182299,108182.299,2011,0,gap,53
16096,108186622,108186.622,1981,0,gap,53
16097,108197980,108197.98,2003,0,gap,53
16098,108202317,108202.317,1989,0,gap,53
16099,108206630,108206.63,1981,0,gap,53
16100,108217988,108217.988,2003,0,gap,53
16101,108222316,108222.316,1991,0,gap,53
16102,108227986,108227.986,1984,0,gap,53
16103,108237983,108237.983,1984,0,gap,53
16104,108242342,108242.342,1975,0,gap,53
16105,108247978,108247.978,1971,0,gap,53
16106,108257987,108257.987,1981,0,gap,53
16107,108262336,108262.336,1974,0,gap,53
16108,108267991,108267.991,1970,0,gap,53
16109,108277980,108277.98,1977,0,gap,53
16110,108282356,108282.356,1957,0,gap,53
16111,108297978,108297.978,1978,0,gap,53
16112,108302365,108302.365,1967,0,gap,53
16113,108306731,108306.731,1963,0,gap,53
16114,108317986,108317.986,1978,0,gap,53
16115,108322367,108322.367,1963,0,gap,53
16116,108326767,108326.767,1967,0,gap,53
16117,108337979,108337.979,1973,0,gap,53
16118,108342401,108342.401,1950,0,gap,53
16119,108346811,108346.811,1949,0,gap,53
16120,108357987,108357.987,1950,0,gap,53
16121,108362407,108362.407,1950,0,gap,53
16122,108366839,108366.839,1941,0,gap,53
16123,108377979,108377.979,1947,0,gap,53
16124,108382425,108382.425,1939,0,gap,53
16125,108386847,108386.847,1935,0,gap,53
16126,108397988,108397.988,1950,0,gap,53
16127,108402427,108402.427,1935,0,gap,53
16128,108407974,108407.974,1930,0,gap,53
16129,108417979,108417.979,1938,0,gap,53
16130,108422445,108422.445,1929,0,gap,53
16131,108427978,108427.978,1919,0,gap,53
16132,108437987,108437.987,1933,0,gap,53
16133,108442443,108442.443,1927,0,gap,53
16134,108447987,108447.987,1917,0,gap,53
16135,108457984,108457.984,1922,0,gap,53
16136,108462469,108462.469,1922,0,gap,53
16137,108477978,108477.978,1935,0,gap,53
16138,108482470,108482.47,1930,0,gap,53
16139,108486941,108486.941,1936,0,gap,53
16140,108497990,108497.99,1925,0,gap,53
16141,108502476,108502.476,1927,0,gap,53
16142,108506972,108506.972,1915,0,gap,53
16143,108514226,108514.226,1910,0,gap,53
16144,108527986,108527.986,1936,0,gap,53
16145,108532249,108532.249,1913,0,gap,53
16146,108536528,108536.528,1906,0,gap,53
16147,108547978,108547.978,1913,0,gap,53
16148,108552269,108552.269,1911,0,gap,53
16149,108556542,108556.542,1899,0,gap,53
16150,108567987,108567.987,1910,0,gap,53
16151,108572279,108572.279,1910,0,gap,53
16152,108576578,108576.578,1909,0,gap,53
16153,108587979,108587.979,1907,0,gap,53
16154,108592290,108592.29,1901,0,gap,53
16155,108596580,108596.58,1907,0,gap,53
16156,108607992,108607.992,1908,0,gap,53
16157,108612297,108612.297,1885,0,gap,53
16158,108616613,108616.613,1887,0,gap,53
16159,108627980,108627.98,1904,0,gap,53
16160,108632315,108632.315,1901,0,gap,53
16161,108637978,108637.978,1892,0,gap,53
16162,108647987,108647.987,1910,1,pulse,54
16163,108652408,108652.408,4095,1,pulse,54
16164,108657983,108657.983,4095,1,pulse,54
16165,108667976,108667.976,4095,1,pulse,54
16166,108672270,108672.27,4095,1,pulse,54
16167,108687974,108687.974,4095,0,gap,54
16168,108692492,108692.492,3006,0,gap,54
16169,108696852,108696.852,2884,0,gap,54
16170,108707986,108707.986,2796,0,gap,54
16171,108712356,108712.356,2753,0,gap,54
16172,108716734,108716.734,2739,0,gap,54
16173,108727979,108727.979,2718,0,gap,54
16174,108732373,108732.373,2709,0,gap,54
16175,108736745,108736.745,2695,0,gap,54
16176,108747987,108747.987,2686,0,gap,54
16177,108752378,108752.378,2672,0,gap,54
16178,108756781,108756.781,2647,0,gap,54
16179,108767979,108767.979,2651,0,gap,54
16180,108772407,108772.407,2630,0,gap,54
16181,108776819,108776.819,2633,0,gap,54
16182,108787988,108787.988,2625,0,gap,54
16183,108792415,108792.415,2605,0,gap,54
16184,108797986,108797.986,2588,0,gap,54
16185,108807979,108807.979,2599,0,gap,54
16186,108812432,108812.432,2559,0,gap,54
16187,108817983,108817.983,2594,0,gap,54
16188,108827988,108827.988,2559,0,gap,54
16189,108832434,108832.434,2559,0,gap,54
16190,108847970,108847.97,2559,0,gap,54
16191,108852423,108852.423,2559,0,gap,54
16192,108856888,108856.888,2542,0,gap,54
16193,108867978,108867.978,2544,0,gap,54
16194,108872457,108872.457,2527,0,gap,54
16195,108876915,108876.915,2522,0,gap,54
16196,108887986,108887.986,2517,0,gap,54
16197,108892459,108892.459,2509,0,gap,54
16198,108896947,108896.947,2511,0,gap,54
16199,108907979,108907.979,2506,0,gap,54
16200,108912477,108912.477,2497,0,gap,54
16201,108916955,108916.955,2497,0,gap,54
16202,108927987,108927.987,2490,0,gap,54
16203,108932484,108932.484,2471,0,gap,54
16204,108936987,108936.987,2460,0,gap,54
16205,108947980,108947.98,2475,0,gap,54
16206,108955252,108955.252,2454,0,gap,54
16207,108959528,108959.528,2467,0,gap,54
16208,108967986,108967.986,2450,0,gap,54
16209,108972275,108972.275,2453,0,gap,54
16210,108987974,108987.974,2448,0,gap,54
16211,108992265,108992.265,2450,0,gap,54
16212,108996567,108996.567,2448,0,gap,54
16213,109007978,109007.978,2432,0,gap,54
16214,109012299,109012.299,2427,0,gap,54
16215,109016595,109016.595,2423,0,gap,54
16216,109027987,109027.987,2419,0,gap,54
16217,109032298,109032.298,2422,0,gap,54
16218,109036620,109036.62,2404,0,gap,54
16219,109047983,109047.983,2406,0,gap,54
16220,109052321,109052.321,2389,0,gap,54
16221,109056638,109056.638,2401,0,gap,54
16222,109067987,109067.987,2395,0,gap,54
16223,109072319,109072.319,2383,0,gap,54
16224,109076662,109076.662,2373,0,gap,54
16225,109087980,109087.98,2379,0,gap,54
16226,109092338,109092.338,2373,0,gap,54
16227,109097978,109097.978,2360,0,gap,54
16228,109107987,109107.987,2359,0,gap,54
16229,109112340,109112.34,2362,0,gap,54
16230,109117986,109117.986,2351,0,gap,54
16231,109127979,109127.979,2351,0,gap,54
16232,109132358,109132.358,2348,0,gap,54
16233,109137979,109137.979,2335,0,gap,54
16234,109147988,109147.988,2342,0,gap,54
16235,109152365,109152.365,2320,0,gap,54
16236,109167986,109167.986,2335,0,gap,54
16237,109172366,109172.366,2329,0,gap,54
16238,109176758,109176.758,2320,0,gap,54
16239,109187978,109187.978,2318,0,gap,54
16240,109192388,109192.388,2321,0,gap,54
16241,109196786,109196.786,2320,0,gap,54
16242,109207987,109207.987,2314,0,gap,54
16243,109212401,109212.401,2303,0,gap,54
16244,109216833,109216.833,2303,0,gap,54
16245,109227979,109227.979,2314,0,gap,54
16246,109232429,109232.429,2288,0,gap,54
16247,109236854,109236.854,2283,0,gap,54
16248,109247987,109247.987,2275,0,gap,54
16249,109252427,109252.427,2279,0,gap,54
16250,109256878,109256.878,2285,0,gap,54
16251,109267984,109267.984,2273,0,gap,54
16252,109272449,109272.449,2262,0,gap,54
16253,109277970,109277.97,2263,0,gap,54
16254,109287987,109287.987,2272,0,gap,54
16255,109292446,109292.446,2254,0,gap,54
16256,109297986,109297.986,2242,0,gap,54
16257,109307979,109307.979,2247,0,gap,54
16258,109312464,109312.464,2234,0,gap,54
16259,109317979,109317.979,2231,0,gap,54
16260,109327988,109327.988,2239,0,gap,54
16261,109332467,109332.467,2222,0,gap,54
16262,109347986,109347.986,2240,0,gap,54
16263,109352472,109352.472,2238,0,gap,54
16264,109356968,109356.968,2226,0,gap,54
16265,109367978,109367.978,2245,0,gap,54
16266,109372489,109372.489,2222,0,gap,54
16267,109376984,109376.984,2224,0,gap,54
16268,109387986,109387.986,2218,0,gap,54
16269,109395243,109395.243,2222,0,gap,54
16270,109399540,109399.54,2206,0,gap,54
16271,109407978,109407.978,2207,0,gap,54
16272,109412279,109412.279,2211,0,gap,54
16273,109427970,109427.97,2204,0,gap,54
16274,109432277,109432.277,2198,0,gap,54
16275,109436563,109436.563,2192,0,gap,54
16276,109447986,109447.986,2215,0,gap,54
16277,109452287,109452.287,2207,0,gap,54
16278,109456603,109456.603,2177,0,gap,54
16279,109467979,109467.979,2190,0,gap,54
16280,109472306,109472.306,2190,0,gap,54
16281,109476613,109476.613,2178,0,gap,54
16282,109487987,109487.987,2166,0,gap,54
16283,109492313,109492.313,2176,0,gap,54
16284,109496646,109496.646,2171,0,gap,54
16285,109507979,109507.979,2167,0,gap,54
16286,109512327,109512.327,2165,0,gap,54
16287,109516653,109516.653,2160,0,gap,54
16288,109527988,109527.988,2145,0,gap,54
16289,109532334,109532.334,2153,0,gap,54
16290,109537986,109537.986,2138,0,gap,54
16291,109547979,109547.979,2143,0,gap,54
16292,109552344,109552.344,2145,0,gap,54
16293,109557978,109557.978,2128,0,gap,54
16294,109567987,109567.987,2131,0,gap,54
16295,109572354,109572.354,2129,0,gap,54
16296,109577987,109577.987,2117,0,gap,54
16297,109587980,109587.98,2129,0,gap,54
16298,109592369,109592.369,2119,0,gap,54
16299,109607982,109607.982,2126,0,gap,54
16300,109612379,109612.379,2113,0,gap,54
16301,109616755,109616.755,2123,0,gap,54
16302,109627986,109627.986,2114,0,gap,54
16303,109632381,109632.381,2109,0,gap,54
16304,109636787,109636.787,2097,0,gap,54
16305,109647979,109647.979,2117,0,gap,54
16306,109652415,109652.415,2100,0,gap,54
16307,109656830,109656.83,2091,0,gap,54
16308,109667987,109667.987,2105,0,gap,54
16309,109672417,109672.417,2094,0,gap,54
16310,109676862,109676.862,2081,0,gap,54
16311,109687979,109687.979,2100,0,gap,54
16312,109692435,109692.435,2068,0,gap,54
16313,109696870,109696.87,2074,0,gap,54
16314,109707988,109707.988,2076,0,gap,54
16315,109712441,109712.441,2064,0,gap,54
16316,109717974,109717.974,2075,0,gap,54
16317,109727979,109727.979,2074,0,gap,54
16318,109732454,109732.454,2079,0,gap,54
16319,109737978,109737.978,2047,0,gap,54
16320,109747987,109747.987,2063,0,gap,54
16321,109752460,109752.46,2037,0,gap,54
16322,109757987,109757.987,2037,0,gap,54
16323,109767980,109767.98,2047,0,gap,54
16324,109772474,109772.474,2033,0,gap,54
16325,109787978,109787.978,2047,0,gap,54
16326,109792483,109792.483,2038,0,gap,54
16327,109796964,109796.964,2032,0,gap,54
16328,109807986,109807.986,2046,0,gap,54
16329,109812481,109812.481,2028,0,gap,54
16330,109816987,109816.987,2032,0,gap,54
16331,109827983,109827.983,2032,0,gap,54
16332,109835117,109835.117,2023,0,gap,54
16333,109839404,109839.404,2010,0,gap,54
16334,109847986,109847.986,2021,0,gap,54
16335,109852271,109852.271,2013,0,gap,54
16336,109867970,109867.97,2015,0,gap,54
16337,109872265,109872.265,2015,0,gap,54
16338,109876567,109876.567,2026,0,gap,54
16339,109887978,109887.978,2014,0,gap,54
16340,109892295,109892.295,2007,0,gap,54
16341,109896591,109896.591,1994,0,gap,54
16342,109907987,109907.987,2003,0,gap,54
16343,109912298,109912.298,2007,0,gap,54
16344,109916617,109916.617,1995,0,gap,54
16345,109927979,109927.979,1984,0,gap,54
16346,109932313,109932.313,1995,0,gap,54
16347,109936638,109936.638,1980,0,gap,54
16348,109947987,109947.987,1997,0,gap,54
16349,109952323,109952.323,1988,0,gap,54
16350,109956662,109956.662,1962,0,gap,54
16351,109967980,109967.98,1974,0,gap,54
16352,109972334,109972.334,1969,0,gap,54
16353,109977978,109977.978,1968,0,gap,54
16354,109987987,109987.987,1949,0,gap,54
16355,109992344,109992.344,1957,0,gap,54
16356,109997986,109997.986,1947,0,gap,54
16357,110007979,110007.979,1963,0,gap,54
16358,110012358,110012.358,1945,0,gap,54
16359,110017979,110017.979,1946,0,gap,54
16360,110027988,110027.988,1938,0,gap,54
16361,110032366,110032.366,1933,0,gap,54
16362,110047986,110047.986,1942,0,gap,54
16363,110052375,110052.375,1943,0,gap,54
16364,110056763,110056.763,1941,0,gap,54
16365,110067978,110067.978,1934,0,gap,54
16366,110072385,110072.385,1933,0,gap,54
16367,110076783,110076.783,1919,0,gap,54
16368,110087987,110087.987,1943,0,gap,54
16369,110092415,110092.415,1912,0,gap,54
16370,110096843,110096.843,1919,0,gap,54
16371,110107979,110107.979,1936,0,gap,54
16372,110112421,110112.421,1923,0,gap,54
16373,110116851,110116.851,1903,0,gap,54
16374,110127987,110127.987,1907,0,gap,54
16375,110132431,110132.431,1890,0,gap,54
16376,110136878,110136.878,1904,0,gap,54
16377,110147980,110147.98,1905,0,gap,54
16378,110152441,110152.441,1904,0,gap,54
16379,110157974,110157.974,1899,0,gap,54
16380,110167987,110167.987,1904,0,gap,54
16381,110172451,110172.451,1874,0,gap,54
16382,110177986,110177.986,1877,0,gap,54
16383,110187979,110187.979,1878,0,gap,54
16384,110192461,110192.461,1867,0,gap,54
16385,110197979,110197.979,1874,0,gap,54
16386,110207988,110207.988,1875,0,gap,54
16387,110212471,110212.471,1856,0,gap,54
16388,110227986,110227.986,1873,0,gap,54
16389,110232476,110232.476,1865,0,gap,54
16390,110236972,110236.972,1860,0,gap,54
16391,110247978,110247.978,1877,0,gap,54
16392,110252485,110252.485,1855,0,gap,54
16393,110256980,110256.98,1845,0,gap,54
16394,110264256,110264.256,1849,0,gap,54
16395,110277982,110277.982,1872,0,gap,54
16396,110282271,110282.271,1856,0,gap,54
16397,110286547,110286.547,1858,0,gap,54
16398,110297986,110297.986,1847,0,gap,54
16399,110302278,110302.278,1855,0,gap,54
16400,110306574,110306.574,1843,0,gap,54
16401,110317979,110317.979,1839,0,gap,54
16402,110322289,110322.289,1830,0,gap,54
16403,110326586,110326.586,1830,0,gap,54
16404,110337987,110337.987,1827,0,gap,54
16405,110342300,110342.3,1824,0,gap,54
16406,110346620,110346.62,1820,0,gap,54
16407,110357980,110357.98,1829,0,gap,54
16408,110362311,110362.311,1810,0,gap,54
16409,110366629,110366.629,1815,0,gap,54
16410,110377988,110377.988,1808,0,gap,54
16411,110382325,110382.325,1810,0,gap,54
16412,110387986,110387.986,1794,0,gap,54
16413,110397979,110397.979,1803,0,gap,54
16414,110402330,110402.33,1778,0,gap,54
16415,110407978,110407.978,1781,0,gap,54
16416,110417987,110417.987,1797,0,gap,54
16417,110422345,110422.345,1786,0,gap,54
16418,110427987,110427.987,1779,0,gap,54
16419,110437980,110437.98,1778,0,gap,54
16420,110442351,110442.351,1763,0,gap,54
16421,110457978,110457.978,1786,0,gap,54
16422,110462361,110462.361,1765,0,gap,54
16423,110466727,110466.727,1759,0,gap,54
16424,110477986,110477.986,1773,0,gap,54
16425,110482368,110482.368,1761,0,gap,54
16426,110486753,110486.753,1761,0,gap,54
16427,110497983,110497.983,1762,0,gap,54
16428,110502382,110502.382,1744,0,gap,54
16429,110506773,110506.773,1744,0,gap,54
16430,110517987,110517.987,1743,0,gap,54
16431,110522402,110522.402,1723,0,gap,54
16432,110526827,110526.827,1727,0,gap,54
16433,110537979,110537.979,1735,0,gap,54
16434,110542419,110542.419,1714,0,gap,54
16435,110546845,110546.845,1711,0,gap,54
16436,110557988,110557.988,1717,0,gap,54
16437,110562429,110562.429,1717,0,gap,54
16438,110567974,110567.974,1728,1,pulse,55
16439,110577988,110577.988,4095,1,pulse,55
16440,110582385,110582.385,4095,1,pulse,55
16441,110587975,110587.975,4095,1,pulse,55
16442,110597984,110597.984,4095,1,pulse,55
16443,110602382,110602.382,4095,1,pulse,55
16444,110617983,110617.983,4095,0,gap,55
16445,110622605,110622.605,3006,0,gap,55
16446,110627093,110627.093,2889,0,gap,55
16447,110637982,110637.982,2768,0,gap,55
16448,110642477,110642.477,2750,0,gap,55
16449,110646959,110646.959,2733,0,gap,55
16450,110657987,110657.987,2699,0,gap,55
16451,110662483,110662.483,2682,0,gap,55
16452,110666982,110666.982,2657,0,gap,55
16453,110677979,110677.979,2645,0,gap,55
16454,110682493,110682.493,2639,0,gap,55
16455,110686995,110686.995,2608,0,gap,55
16456,110697987,110697.987,2581,0,gap,55
16457,110705257,110705.257,2559,0,gap,55
16458,110709557,110709.557,2550,0,gap,55
16459,110717978,110717.978,2528,0,gap,55
16460,110722285,110722.285,2525,0,gap,55
16461,110737978,110737.978,2497,0,gap,55
16462,110742291,110742.291,2475,0,gap,55
16463,110746595,110746.595,2471,0,gap,55
16464,110757986,110757.986,2426,0,gap,55
16465,110762301,110762.301,2418,0,gap,55
16466,110766619,110766.619,2395,0,gap,55
16467,110777979,110777.979,2390,0,gap,55
16468,110782312,110782.312,2359,0,gap,55
16469,110786636,110786.636,2335,0,gap,55
16470,110797987,110797.987,2330,0,gap,55
16471,110802323,110802.323,2308,0,gap,55
16472,110806662,110806.662,2297,0,gap,55
16473,110817979,110817.979,2267,0,gap,55
16474,110822337,110822.337,2243,0,gap,55
16475,110826678,110826.678,2233,0,gap,55
16476,110837988,110837.988,2224,0,gap,55
16477,110842344,110842.344,2209,0,gap,55
16478,110847986,110847.986,2176,0,gap,55
16479,110857983,110857.983,2167,0,gap,55
16480,110862358,110862.358,2160,0,gap,55
16481,110867978,110867.978,2138,0,gap,55
16482,110877987,110877.987,2117,0,gap,55
16483,110882364,110882.364,2108,0,gap,55
16484,110887987,110887.987,2081,0,gap,55
16485,110897980,110897.98,2071,0,gap,55
16486,110902375,110902.375,2032,0,gap,55
16487,110917978,110917.978,2023,0,gap,55
16488,110922380,110922.38,1998,0,gap,55
16489,110926770,110926.77,1999,0,gap,55
16490,110937990,110937.99,1973,0,gap,55
16491,110942399,110942.399,1969,0,gap,55
16492,110946815,110946.815,1950,0,gap,55
16493,110957979,110957.979,1933,0,gap,55
16494,110962415,110962.415,1919,0,gap,55
16495,110966849,110966.849,1903,0,gap,55
16496,110977987,110977.987,1899,0,gap,55
16497,110982431,110982.431,1878,0,gap,55
16498,110986879,110986.879,1858,0,gap,55
16499,110997979,110997.979,1855,0,gap,55
16500,111002441,111002.441,1837,0,gap,55
16501,111006894,111006.894,1819,0,gap,55
16502,111017988,111017.988,1801,0,gap,55
16503,111022451,111022.451,1793,0,gap,55
16504,111027974,111027.974,1792,0,gap,55
16505,111037979,111037.979,1771,0,gap,55
16506,111042465,111042.465,1767,0,gap,55
16507,111047978,111047.978,1737,0,gap,55
16508,111057987,111057.987,1727,0,gap,55
16509,111062483,111062.483,1713,0,gap,55
16510,111067987,111067.987,1703,0,gap,55
16511,111077984,111077.984,1703,0,gap,55
16512,111082485,111082.485,1695,0,gap,55
16513,111097978,111097.978,1686,0,gap,55
16514,111102486,111102.486,1663,0,gap,55
16515,111106980,111106.98,1664,0,gap,55
16516,111117986,111117.986,1653,0,gap,55
16517,111122499,111122.499,1648,0,gap,55
16518,111127012,111127.012,1635,0,gap,55
16519,111137978,111137.978,1619,0,gap,55
16520,111145257,111145.257,1616,0,gap,55
16521,111149553,111149.553,1613,0,gap,55
16522,111157990,111157.99,1587,0,gap,55
16523,111162289,111162.289,1590,0,gap,55
16524,111177974,111177.974,1593,0,gap,55
16525,111182279,111182.279,1573,0,gap,55
16526,111186587,111186.587,1573,0,gap,55
16527,111197982,111197.982,1552,0,gap,55
16528,111202305,111202.305,1535,0,gap,55
16529,111206616,111206.616,1535,0,gap,55
16530,111217987,111217.987,1529,0,gap,55
16531,111222312,111222.312,1521,0,gap,55
16532,111226641,111226.641,1509,0,gap,55
16533,111237979,111237.979,1505,0,gap,55
16534,111242323,111242.323,1501,0,gap,55
16535,111246654,111246.654,1488,0,gap,55
16536,111257987,111257.987,1471,0,gap,55
16537,111262333,111262.333,1472,0,gap,55
16538,111266686,111266.686,1459,0,gap,55
16539,111277980,111277.98,1461,0,gap,55
16540,111282344,111282.344,1453,0,gap,55
16541,111287978,111287.978,1428,0,gap,55
16542,111297987,111297.987,1437,0,gap,55
16543,111302354,111302.354,1423,0,gap,55
16544,111307986,111307.986,1406,0,gap,55
16545,111317979,111317.979,1424,0,gap,55
16546,111322368,111322.368,1398,0,gap,55
16547,111327979,111327.979,1392,0,gap,55
16548,111337988,111337.988,1386,0,gap,55
16549,111342379,111342.379,1374,0,gap,55
16550,111357986,111357.986,1379,0,gap,55
16551,111362381,111362.381,1370,0,gap,55
16552,111366779,111366.779,1365,0,gap,55
16553,111377978,111377.978,1363,0,gap,55
16554,111382399,111382.399,1350,0,gap,55
16555,111386803,111386.803,1339,0,gap,55
16556,111397987,111397.987,1344,0,gap,55
16557,111402425,111402.425,1325,0,gap,55
16558,111406866,111406.866,1324,0,gap,55
16559,111417983,111417.983,1315,0,gap,55
16560,111422435,111422.435,1306,0,gap,55
16561,111426874,111426.874,1296,0,gap,55
16562,111437987,111437.987,1310,0,gap,55
16563,111442441,111442.441,1293,0,gap,55
16564,111446898,111446.898,1296,0,gap,55
16565,111457980,111457.98,1273,0,gap,55
16566,111462451,111462.451,1281,0,gap,55
16567,111467970,111467.97,1277,0,gap,55
16568,111477987,111477.987,1263,0,gap,55
16569,111482460,111482.46,1261,0,gap,55
16570,111487990,111487.99,1238,0,gap,55
16571,111497979,111497.979,1255,0,gap,55
16572,111502470,111502.47,1239,0,gap,55
16573,111507979,111507.979,1221,0,gap,55
16574,111517988,111517.988,1227,0,gap,55
16575,111522484,111522.484,1213,0,gap,55
16576,111537986,111537.986,1231,0,gap,55
16577,111542485,111542.485,1216,0,gap,55
16578,111546988,111546.988,1215,0,gap,55
16579,111557978,111557.978,1189,0,gap,55
16580,111562495,111562.495,1190,0,gap,55
16581,111567003,111567.003,1179,0,gap,55
16582,111577986,111577.986,1197,0,gap,55
16583,111585119,111585.119,1182,0,gap,55
16584,111589427,111589.427,1163,0,gap,55
16585,111597978,111597.978,1163,0,gap,55
16586,111602289,111602.289,1154,0,gap,55
16587,111617966,111617.966,1171,0,gap,55
16588,111622279,111622.279,1139,0,gap,55
16589,111626579,111626.579,1146,0,gap,55
16590,111637986,111637.986,1148,0,gap,55
16591,111642305,111642.305,1129,0,gap,55
16592,111646623,111646.623,1125,0,gap,55
16593,111657979,111657.979,1138,0,gap,55
16594,111662312,111662.312,1133,0,gap,55
16595,111666629,111666.629,1113,0,gap,55
16596,111677987,111677.987,1115,0,gap,55
16597,111682323,111682.323,1107,0,gap,55
16598,111686666,111686.666,1094,0,gap,55
16599,111697979,111697.979,1103,0,gap,55
16600,111702337,111702.337,1100,0,gap,55
16601,111706674,111706.674,1088,0,gap,55
16602,111717992,111717.992,1097,0,gap,55
16603,111722344,111722.344,1072,0,gap,55
16604,111727986,111727.986,1086,0,gap,55
16605,111737979,111737.979,1075,0,gap,55
16606,111742358,111742.358,1059,0,gap,55
16607,111747982,111747.982,1074,0,gap,55
16608,111757987,111757.987,1070,0,gap,55
16609,111762360,111762.36,1065,0,gap,55
16610,111767987,111767.987,1072,0,gap,55
16611,111777980,111777.98,1069,0,gap,55
16612,111782380,111782.38,1063,0,gap,55
16613,111797978,111797.978,1074,0,gap,55
16614,111802385,111802.385,1051,0,gap,55
16615,111806771,111806.771,1046,0,gap,55
16616,111817986,111817.986,1056,0,gap,55
16617,111822391,111822.391,1040,0,gap,55
16618,111826815,111826.815,1040,0,gap,55
16619,111837979,111837.979,1040,0,gap,55
16620,111842425,111842.425,1023,0,gap,55
16621,111846851,111846.851,1019,0,gap,55
16622,111857987,111857.987,1023,0,gap,55
16623,111862431,111862.431,1034,0,gap,55
16624,111866882,111866.882,1036,0,gap,55
16625,111877979,111877.979,1051,0,gap,55
16626,111882445,111882.445,1013,0,gap,55
16627,111886890,111886.89,1012,0,gap,55
16628,111897988,111897.988,1035,0,gap,55
16629,111902451,111902.451,1006,0,gap,55
16630,111907974,111907.974,994,0,gap,55
16631,111917979,111917.979,1009,0,gap,55
16632,111922464,111922.464,981,0,gap,55
16633,111927978,111927.978,1002,0,gap,55
16634,111937991,111937.991,1001,0,gap,55
16635,111942470,111942.47,988,0,gap,55
16636,111947986,111947.986,1003,0,gap,55
16637,111957980,111957.98,992,0,gap,55
16638,111962484,111962.484,988,0,gap,55
16639,111967983,111967.983,974,0,gap,55
16640,111977988,111977.988,989,0,gap,55
16641,111982486,111982.486,976,0,gap,55
16642,111997974,111997.974,1010,0,gap,55
16643,112002479,112002.479,971,0,gap,55
16644,112006995,112006.995,967,0,gap,55
16645,112014272,112014.272,998,0,gap,55
16646,112018560,112018.56,960,0,gap,55
16647,112027980,112027.98,973,0,gap,55
16648,112032286,112032.286,960,0,gap,55
16649,112047978,112047.978,979,0,gap,55
16650,112052296,112052.296,954,0,gap,55
16651,112056589,112056.589,950,0,gap,55
16652,112067986,112067.986,969,0,gap,55
16653,112072294,112072.294,946,0,gap,55
16654,112076612,112076.612,944,0,gap,55
16655,112087982,112087.982,945,0,gap,55
16656,112092316,112092.316,935,0,gap,55
16657,112096630,112096.63,946,0,gap,55
16658,112107986,112107.986,946,0,gap,55
16659,112112315,112112.315,944,0,gap,55
16660,112116654,112116.654,921,0,gap,55
16661,112127979,112127.979,946,0,gap,55
16662,112132333,112132.333,927,0,gap,55
16663,112136666,112136.666,909,0,gap,55
16664,112147987,112147.987,954,0,gap,55
16665,112152335,112152.335,903,0,gap,55
16666,112156700,112156.7,906,0,gap,55
16667,112167979,112167.979,928,0,gap,55
16668,112172354,112172.354,894,0,gap,55
16669,112176709,112176.709,915,0,gap,55
16670,112187987,112187.987,903,0,gap,55
16671,112192360,112192.36,897,0,gap,55
16672,112196741,112196.741,921,0,gap,55
16673,112207979,112207.979,911,0,gap,55
16674,112212374,112212.374,899,0,gap,55
16675,112216750,112216.75,905,0,gap,55
16676,112227987,112227.987,918,0,gap,55
16677,112232382,112232.382,897,0,gap,55
16678,112236783,112236.783,872,0,gap,55
16679,112247979,112247.979,912,0,gap,55
16680,112252400,112252.4,896,0,gap,55
16681,112256804,112256.804,878,0,gap,55
16682,112267991,112267.991,907,0,gap,55
16683,112272422,112272.422,859,0,gap,55
16684,112276863,112276.863,882,0,gap,55
16685,112287980,112287.98,875,0,gap,55
16686,112292435,112292.435,879,0,gap,55
16687,112296875,112296.875,894,0,gap,55
16688,112307988,112307.988,880,0,gap,55
16689,112312437,112312.437,878,0,gap,55
16690,112317970,112317.97,877,0,gap,55
16691,112327979,112327.979,896,0,gap,55
16692,112332454,112332.454,863,0,gap,55
16693,112337978,112337.978,857,0,gap,55
16694,112347987,112347.987,900,0,gap,55
16695,112352456,112352.456,848,0,gap,55
16696,112357986,112357.986,859,0,gap,55
16697,112367979,112367.979,878,0,gap,55
16698,112372478,112372.478,857,0,gap,55
16699,112377978,112377.978,881,0,gap,55
16700,112387987,112387.987,865,0,gap,55
16701,112392476,112392.476,853,0,gap,55
16702,112397986,112397.986,862,0,gap,55
16703,112407984,112407.984,853,0,gap,55
16704,112412498,112412.498,864,0,gap,55
16705,112417979,112417.979,862,0,gap,55
16706,112427988,112427.988,871,0,gap,55
16707,112432497,112432.497,852,0,gap,55
16708,112439782,112439.782,842,0,gap,55
16709,112447978,112447.978,880,0,gap,55
16710,112452279,112452.279,838,0,gap,55
16711,112467978,112467.978,879,0,gap,55
16712,112472291,112472.291,835,0,gap,55
16713,112476584,112476.584,861,0,gap,55
16714,112487990,112487.99,853,0,gap,55
16715,112492297,112492.297,848,0,gap,55
16716,112496616,112496.616,859,0,gap,55
16717,112507978,112507.978,878,0,gap,55
16718,112512312,112512.312,867,0,gap,55
16719,112516628,112516.628,857,0,gap,55
16720,112527986,112527.986,893,0,gap,55
16721,112532315,112532.315,861,0,gap,55
16722,112536654,112536.654,842,0,gap,55
16723,112547979,112547.979,884,0,gap,55
16724,112552332,112552.332,838,0,gap,55
16725,112556670,112556.67,833,0,gap,55
16726,112567987,112567.987,885,0,gap,55
16727,112572335,112572.335,843,0,gap,55
16728,112576695,112576.695,861,0,gap,55
16729,112587979,112587.979,854,0,gap,55
16730,112592358,112592.358,859,0,gap,55
16731,112596712,112596.712,857,0,gap,55
16732,112607987,112607.987,854,0,gap,55
16733,112612356,112612.356,855,0,gap,55
16734,112616736,112616.736,848,0,gap,55
16735,112627983,112627.983,887,0,gap,55
16736,112632378,112632.378,872,0,gap,55
16737,112636753,112636.753,858,0,gap,55
16738,112647987,112647.987,877,0,gap,55
16739,112652377,112652.377,847,0,gap,55
16740,112656778,112656.778,843,0,gap,55
16741,112667979,112667.979,887,0,gap,55
16742,112672399,112672.399,851,0,gap,55
16743,112676803,112676.803,873,0,gap,55
16744,112687987,112687.987,861,0,gap,55
16745,112692412,112692.412,874,0,gap,55
16746,112696857,112696.857,874,0,gap,55
16747,112707980,112707.98,864,0,gap,55
16748,112712435,112712.435,882,0,gap,55
16749,112716870,112716.87,854,0,gap,55
16750,112727988,112727.988,917,1,pulse,56
16751,112732533,112732.533,4095,1,pulse,56
16752,112737982,112737.982,4095,1,pulse,56
16753,112747976,112747.976,4095,1,pulse,56
16754,112752385,112752.385,4095,1,pulse,56
16755,112767974,112767.974,4095,0,gap,56
16756,112772616,112772.616,3085,0,gap,56
16757,112777091,112777.091,2897,0,gap,56
16758,112787986,112787.986,2800,0,gap,56
16759,112792472,112792.472,2783,0,gap,56
16760,112796969,112796.969,2755,0,gap,56
16761,112807979,112807.979,2733,0,gap,56
16762,112812486,112812.486,2714,0,gap,56
16763,112816977,112816.977,2690,0,gap,56
16764,112827987,112827.987,2690,0,gap,56
16765,112832488,112832.488,2666,0,gap,56
16766,112837005,112837.005,2655,0,gap,56
16767,112847979,112847.979,2639,0,gap,56
16768,112852510,112852.51,2624,0,gap,56
16769,112857020,112857.02,2613,0,gap,56
16770,112864322,112864.322,2610,0,gap,56
16771,112877979,112877.979,2603,0,gap,56
16772,112882299,112882.299,2579,0,gap,56
16773,112886588,112886.588,2559,0,gap,56
16774,112897986,112897.986,2546,0,gap,56
16775,112902295,112902.295,2549,0,gap,56
16776,112906615,112906.615,2526,0,gap,56
16777,112917979,112917.979,2525,0,gap,56
16778,112922309,112922.309,2510,0,gap,56
16779,112926622,112926.622,2503,0,gap,56
16780,112937987,112937.987,2497,0,gap,56
16781,112942312,112942.312,2502,0,gap,56
16782,112946656,112946.656,2490,0,gap,56
16783,112957979,112957.979,2470,0,gap,56
16784,112962335,112962.335,2480,0,gap,56
16785,112966669,112966.669,2463,0,gap,56
16786,112977988,112977.988,2457,0,gap,56
16787,112982333,112982.333,2452,0,gap,56
16788,112987986,112987.986,2441,0,gap,56
16789,112997979,112997.979,2427,0,gap,56
16790,113002351,113002.351,2431,0,gap,56
16791,113007978,113007.978,2405,0,gap,56
16792,113017987,113017.987,2404,0,gap,56
16793,113022357,113022.357,2404,0,gap,56
16794,113027987,113027.987,2395,0,gap,56
16795,113037980,113037.98,2381,0,gap,56
16796,113042372,113042.372,2370,0,gap,56
16797,113057978,113057.978,2379,0,gap,56
16798,113062381,113062.381,2361,0,gap,56
16799,113066764,113066.764,2363,0,gap,56
16800,113077986,113077.986,2343,0,gap,56
16801,113082384,113082.384,2342,0,gap,56
16802,113086794,113086.794,2343,0,gap,56
16803,113097979,113097.979,2351,0,gap,56
16804,113102407,113102.407,2327,0,gap,56
16805,113106818,113106.818,2315,0,gap,56
16806,113117987,113117.987,2329,0,gap,56
16807,113122419,113122.419,2303,0,gap,56
16808,113126868,113126.868,2299,0,gap,56
16809,113137979,113137.979,2285,0,gap,56
16810,113142439,113142.439,2271,0,gap,56
16811,113146881,113146.881,2288,0,gap,56
16812,113157988,113157.988,2266,0,gap,56
16813,113162441,113162.441,2262,0,gap,56
16814,113167978,113167.978,2256,0,gap,56
16815,113177979,113177.979,2251,0,gap,56
16816,113182462,113182.462,2255,0,gap,56
16817,113187978,113187.978,2227,0,gap,56
16818,113197987,113197.987,2226,0,gap,56
16819,113202460,113202.46,2218,0,gap,56
16820,113207987,113207.987,2219,0,gap,56
16821,113217980,113217.98,2224,0,gap,56
16822,113222478,113222.478,2203,0,gap,56
16823,113237978,113237.978,2203,0,gap,56
16824,113242487,113242.487,2204,0,gap,56
16825,113246979,113246.979,2201,0,gap,56
16826,113257986,113257.986,2203,0,gap,56
16827,113262485,113262.485,2178,0,gap,56
16828,113266995,113266.995,2175,0,gap,56
16829,113277978,113277.978,2181,0,gap,56
16830,113282507,113282.507,2160,0,gap,56
16831,113287015,113287.015,2151,0,gap,56
16832,113297987,113297.987,2160,0,gap,56
16833,113305259,113305.259,2145,0,gap,56
16834,113309565,113309.565,2157,0,gap,56
16835,113317978,113317.978,2141,0,gap,56
16836,113322299,113322.299,2133,0,gap,56
16837,113337978,113337.978,2140,0,gap,56
16838,113342301,113342.301,2128,0,gap,56
16839,113346607,113346.607,2125,0,gap,56
16840,113357986,113357.986,2112,0,gap,56
16841,113362307,113362.307,2103,0,gap,56
16842,113366639,113366.639,2110,0,gap,56
16843,113377979,113377.979,2102,0,gap,56
16844,113382325,113382.325,2083,0,gap,56
16845,113386648,113386.648,2070,0,gap,56
16846,113397991,113397.991,2095,0,gap,56
16847,113402333,113402.333,2066,0,gap,56
16848,113406686,113406.686,2054,0,gap,56
16849,113417979,113417.979,2053,0,gap,56
16850,113422343,113422.343,2045,0,gap,56
16851,113426689,113426.689,2041,0,gap,56
16852,113437988,113437.988,2043,0,gap,56
16853,113442346,113442.346,2019,0,gap,56
16854,113447986,113447.986,2031,0,gap,56
16855,113457979,113457.979,2015,0,gap,56
16856,113462364,113462.364,2017,0,gap,56
16857,113467978,113467.978,1993,0,gap,56
16858,113477987,113477.987,1997,0,gap,56
16859,113482370,113482.37,1998,0,gap,56
16860,113487987,113487.987,1989,0,gap,56
16861,113497980,113497.98,1975,0,gap,56
16862,113502389,113502.389,1975,0,gap,56
16863,113517978,113517.978,1987,0,gap,56
16864,113522390,113522.39,1965,0,gap,56
16865,113526790,113526.79,1963,0,gap,56
16866,113537986,113537.986,1965,0,gap,56
16867,113542400,113542.4,1965,0,gap,56
16868,113546827,113546.827,1950,0,gap,56
16869,113557979,113557.979,1935,0,gap,56
16870,113562425,113562.425,1941,0,gap,56
16871,113566865,113566.865,1933,0,gap,56
16872,113577987,113577.987,1919,0,gap,56
16873,113582445,113582.445,1920,0,gap,56
16874,113586899,113586.899,1904,0,gap,56
16875,113597979,113597.979,1895,0,gap,56
16876,113602451,113602.451,1877,0,gap,56
16877,113606906,113606.906,1879,0,gap,56
16878,113617992,113617.992,1893,0,gap,56
16879,113622465,113622.465,1870,0,gap,56
16880,113627974,113627.974,1870,0,gap,56
16881,113637979,113637.979,1856,0,gap,56
16882,113642467,113642.467,1841,0,gap,56
16883,113647978,113647.978,1841,0,gap,56
16884,113657987,113657.987,1845,0,gap,56
16885,113662476,113662.476,1840,0,gap,56
16886,113667987,113667.987,1831,0,gap,56
16887,113677980,113677.98,1820,0,gap,56
16888,113682491,113682.491,1819,0,gap,56
16889,113697978,113697.978,1823,0,gap,56
16890,113702496,113702.496,1795,0,gap,56
16891,113706996,113706.996,1793,0,gap,56
16892,113717986,113717.986,1795,0,gap,56
16893,113722501,113722.501,1779,0,gap,56
16894,113727024,113727.024,1776,0,gap,56
16895,113737978,113737.978,1792,0,gap,56
16896,113745267,113745.267,1759,0,gap,56
16897,113749576,113749.576,1751,0,gap,56
16898,113757986,113757.986,1755,0,gap,56
16899,113762291,113762.291,1750,0,gap,56
16900,113777986,113777.986,1755,0,gap,56
16901,113782297,113782.297,1743,0,gap,56
16902,113786615,113786.615,1715,0,gap,56
16903,113797978,113797.978,1739,0,gap,56
16904,113802311,113802.311,1726,0,gap,56
16905,113806636,113806.636,1716,0,gap,56
16906,113817987,113817.987,1711,0,gap,56
16907,113822322,113822.322,1695,0,gap,56
16908,113826661,113826.661,1696,0,gap,56
16909,113837979,113837.979,1691,0,gap,56
16910,113842333,113842.333,1680,0,gap,56
16911,113846674,113846.674,1683,0,gap,56
16912,113857987,113857.987,1668,0,gap,56
16913,113862339,113862.339,1663,0,gap,56
16914,113866697,113866.697,1663,0,gap,56
16915,113877980,113877.98,1659,0,gap,56
16916,113882355,113882.355,1635,0,gap,56
16917,113887978,113887.978,1621,0,gap,56
16918,113897987,113897.987,1618,0,gap,56
16919,113902360,113902.36,1612,0,gap,56
16920,113907986,113907.986,1605,0,gap,56
16921,113917979,113917.979,1607,0,gap,56
16922,113922378,113922.378,1591,0,gap,56
16923,113927979,113927.979,1587,0,gap,56
16924,113937988,113937.988,1574,0,gap,56
16925,113942385,113942.385,1572,0,gap,56
16926,113957990,113957.99,1585,0,gap,56
16927,113962395,113962.395,1583,0,gap,56
16928,113966803,113966.803,1535,0,gap,56
16929,113977978,113977.978,1563,0,gap,56
16930,113982401,113982.401,1535,0,gap,56
16931,113986815,113986.815,1535,0,gap,56
16932,113997987,113997.987,1535,0,gap,56
16933,114002431,114002.431,1533,0,gap,56
16934,114006878,114006.878,1509,0,gap,56
16935,114017979,114017.979,1511,0,gap,56
16936,114022441,114022.441,1498,0,gap,56
16937,114026890,114026.89,1505,0,gap,56
16938,114037987,114037.987,1488,0,gap,56
16939,114042447,114042.447,1487,0,gap,56
16940,114046914,114046.914,1486,0,gap,56
16941,114057980,114057.98,1459,0,gap,56
16942,114062461,114062.461,1479,0,gap,56
16943,114067970,114067.97,1457,0,gap,56
16944,114077987,114077.987,1456,0,gap,56
16945,114082466,114082.466,1449,0,gap,56
16946,114087986,114087.986,1430,0,gap,56
16947,114097979,114097.979,1435,0,gap,56
16948,114102480,114102.48,1434,0,gap,56
16949,114107979,114107.979,1417,0,gap,56
16950,114117988,114117.988,1407,0,gap,56
16951,114122490,114122.49,1406,0,gap,56
16952,114137986,114137.986,1413,0,gap,56
16953,114142495,114142.495,1403,0,gap,56
16954,114147008,114147.008,1379,0,gap,56
16955,114157978,114157.978,1379,0,gap,56
16956,114162501,114162.501,1369,0,gap,56
16957,114167011,114167.011,1359,0,gap,56
16958,114177990,114177.99,1378,0,gap,56
16959,114185133,114185.133,1367,0,gap,56
16960,114189452,114189.452,1351,0,gap,56
16961,114197978,114197.978,1351,0,gap,56
16962,114202295,114202.295,1350,0,gap,56
16963,114217966,114217.966,1353,0,gap,56
16964,114222293,114222.293,1328,0,gap,56
16965,114226599,114226.599,1329,0,gap,56
16966,114237986,114237.986,1323,0,gap,56
16967,114242311,114242.311,1329,0,gap,56
16968,114246639,114246.639,1311,0,gap,56
16969,114257979,114257.979,1318,0,gap,56
16970,114262322,114262.322,1310,0,gap,56
16971,114266649,114266.649,1297,0,gap,56
16972,114277987,114277.987,1298,0,gap,56
16973,114282325,114282.325,1283,0,gap,56
16974,114286678,114286.678,1268,0,gap,56
16975,114297979,114297.979,1270,0,gap,56
16976,114302347,114302.347,1271,0,gap,56
16977,114306694,114306.694,1263,0,gap,56
16978,114317988,114317.988,1266,0,gap,56
16979,114322346,114322.346,1248,0,gap,56
16980,114327986,114327.986,1238,0,gap,56
16981,114337979,114337.979,1243,0,gap,56
16982,114342364,114342.364,1232,0,gap,56
16983,114347978,114347.978,1223,0,gap,56
16984,114357987,114357.987,1230,0,gap,56
16985,114362374,114362.374,1226,0,gap,56
16986,114367987,114367.987,1204,0,gap,56
16987,114377980,114377.98,1219,0,gap,56
16988,114382386,114382.386,1201,0,gap,56
16989,114397978,114397.978,1221,0,gap,56
16990,114402395,114402.395,1184,0,gap,56
16991,114406790,114406.79,1171,0,gap,56
16992,114417986,114417.986,1197,0,gap,56
16993,114422397,114422.397,1168,0,gap,56
16994,114426823,114426.823,1183,0,gap,56
16995,114437979,114437.979,1167,0,gap,56
16996,114442439,114442.439,1153,0,gap,56
16997,114446874,114446.874,1163,0,gap,56
16998,114457987,114457.987,1156,0,gap,56
16999,114462437,114462.437,1152,0,gap,56
17000,114466898,114466.898,1152,0,gap,56
17001,114477979,114477.979,1143,0,gap,56
17002,114482455,114482.455,1137,0,gap,56
17003,114486910,114486.91,1113,0,gap,56
17004,114497988,114497.988,1137,0,gap,56
17005,114502453,114502.453,1111,0,gap,56
17006,114507978,114507.978,1104,0,gap,56
17007,114517979,114517.979,1110,0,gap,56
17008,114522474,114522.474,1104,0,gap,56
17009,114527978,114527.978,1104,0,gap,56
17010,114537987,114537.987,1099,0,gap,56
17011,114542472,114542.472,1087,0,gap,56
17012,114547987,114547.987,1093,0,gap,56
17013,114557980,114557.98,1083,0,gap,56
17014,114562491,114562.491,1074,0,gap,56
17015,114577978,114577.978,1095,0,gap,56
17016,114582499,114582.499,1071,0,gap,56
17017,114587004,114587.004,1071,0,gap,56
17018,114597986,114597.986,1076,0,gap,56
17019,114602497,114602.497,1057,0,gap,56
17020,114607019,114607.019,1062,0,gap,56
17021,114614303,114614.303,1071,0,gap,56
17022,114627990,114627.99,1083,1,pulse,57
17023,114632378,114632.378,4095,1,pulse,57
17024,114636624,114636.624,4095,1,pulse,57
17025,114647975,114647.975,4095,1,pulse,57
17026,114652233,114652.233,4095,1,pulse,57
17027,114656473,114656.473,4095,1,pulse,57
17028,114667984,114667.984,4095,0,gap,57
17029,114672457,114672.457,3047,0,gap,57
17030,114676804,114676.804,2895,0,gap,57
17031,114687980,114687.98,2797,0,gap,57
17032,114692338,114692.338,2754,0,gap,57
17033,114697978,114697.978,2713,0,gap,57
17034,114707987,114707.987,2695,0,gap,57
17035,114712336,114712.336,2695,0,gap,57
17036,114717987,114717.987,2656,0,gap,57
17037,114727984,114727.984,2639,0,gap,57
17038,114732358,114732.358,2619,0,gap,57
17039,114747966,114747.966,2608,0,gap,57
17040,114752347,114752.347,2588,0,gap,57
17041,114756703,114756.703,2559,0,gap,57
17042,114767990,114767.99,2544,0,gap,57
17043,114772366,114772.366,2547,0,gap,57
17044,114776753,114776.753,2526,0,gap,57
17045,114787979,114787.979,2511,0,gap,57
17046,114792381,114792.381,2503,0,gap,57
17047,114796762,114796.762,2485,0,gap,57
17048,114807987,114807.987,2486,0,gap,57
17049,114812383,114812.383,2466,0,gap,57
17050,114816790,114816.79,2451,0,gap,57
17051,114827979,114827.979,2448,0,gap,57
17052,114832399,114832.399,2426,0,gap,57
17053,114836805,114836.805,2405,0,gap,57
17054,114847988,114847.988,2416,0,gap,57
17055,114852405,114852.405,2388,0,gap,57
17056,114857986,114857.986,2376,0,gap,57
17057,114867979,114867.979,2354,0,gap,57
17058,114872436,114872.436,2352,0,gap,57
17059,114877978,114877.978,2352,0,gap,57
17060,114887987,114887.987,2329,0,gap,57
17061,114892440,114892.44,2327,0,gap,57
17062,114897987,114897.987,2301,0,gap,57
17063,114907980,114907.98,2295,0,gap,57
17064,114912466,114912.466,2289,0,gap,57
17065,114927978,114927.978,2283,0,gap,57
17066,114932463,114932.463,2257,0,gap,57
17067,114936932,114936.932,2255,0,gap,57
17068,114947986,114947.986,2233,0,gap,57
17069,114952469,114952.469,2223,0,gap,57
17070,114956963,114956.963,2205,0,gap,57
17071,114967978,114967.978,2210,0,gap,57
17072,114972487,114972.487,2191,0,gap,57
17073,114976975,114976.975,2192,0,gap,57
17074,114987991,114987.991,2175,0,gap,57
17075,114992493,114992.493,2160,0,gap,57
17076,114997003,114997.003,2155,0,gap,57
17077,115007979,115007.979,2138,0,gap,57
17078,115012503,115012.503,2128,0,gap,57
17079,115017011,115017.011,2112,0,gap,57
17080,115027988,115027.988,2117,0,gap,57
17081,115032506,115032.506,2103,0,gap,57
17082,115037970,115037.97,2080,0,gap,57
17083,115047979,115047.979,2080,0,gap,57
17084,115055277,115055.277,2047,0,gap,57
17085,115059588,115059.588,2045,0,gap,57
17086,115067986,115067.986,2044,0,gap,57
17087,115072300,115072.3,2027,0,gap,57
17088,115087986,115087.986,2031,0,gap,57
17089,115092307,115092.307,2028,0,gap,57
17090,115096639,115096.639,2008,0,gap,57
17091,115107978,115107.978,2000,0,gap,57
17092,115112321,115112.321,1975,0,gap,57
17093,115116647,115116.647,1984,0,gap,57
17094,115127987,115127.987,1971,0,gap,57
17095,115132327,115132.327,1957,0,gap,57
17096,115136684,115136.684,1936,0,gap,57
17097,115147979,115147.979,1954,0,gap,57
17098,115152343,115152.343,1921,0,gap,57
17099,115156690,115156.69,1904,0,gap,57
17100,115167987,115167.987,1925,0,gap,57
17101,115172349,115172.349,1904,0,gap,57
17102,115176718,115176.718,1894,0,gap,57
17103,115187980,115187.98,1875,0,gap,57
17104,115192368,115192.368,1873,0,gap,57
17105,115197978,115197.978,1874,0,gap,57
17106,115207991,115207.991,1861,0,gap,57
17107,115212374,115212.374,1848,0,gap,57
17108,115217986,115217.986,1852,0,gap,57
17109,115227979,115227.979,1830,0,gap,57
17110,115232388,115232.388,1819,0,gap,57
17111,115237979,115237.979,1813,0,gap,57
17112,115247988,115247.988,1806,0,gap,57
17113,115252391,115252.391,1796,0,gap,57
17114,115267986,115267.986,1805,0,gap,57
17115,115272392,115272.392,1791,0,gap,57
17116,115276814,115276.814,1786,0,gap,57
17117,115287982,115287.982,1780,0,gap,57
17118,115292422,115292.422,1776,0,gap,57
17119,115296846,115296.846,1754,0,gap,57
17120,115307987,115307.987,1750,0,gap,57
17121,115312431,115312.431,1750,0,gap,57
17122,115316896,115316.896,1743,0,gap,57
17123,115327979,115327.979,1728,0,gap,57
17124,115332451,115332.451,1714,0,gap,57
17125,115336902,115336.902,1703,0,gap,57
17126,115347987,115347.987,1711,0,gap,57
17127,115352457,115352.457,1693,0,gap,57
17128,115356942,115356.942,1690,0,gap,57
17129,115367980,115367.98,1677,0,gap,57
17130,115372471,115372.471,1666,0,gap,57
17131,115377970,115377.97,1667,0,gap,57
17132,115387987,115387.987,1669,0,gap,57
17133,115392476,115392.476,1654,0,gap,57
17134,115397986,115397.986,1654,0,gap,57
17135,115407979,115407.979,1639,0,gap,57
17136,115412494,115412.494,1647,0,gap,57
17137,115417979,115417.979,1627,0,gap,57
17138,115427992,115427.992,1616,0,gap,57
17139,115432497,115432.497,1600,0,gap,57
17140,115447986,115447.986,1619,0,gap,57
17141,115452498,115452.498,1609,0,gap,57
17142,115457020,115457.02,1598,0,gap,57
17143,115467978,115467.978,1591,0,gap,57
17144,115472523,115472.523,1594,0,gap,57
17145,115477039,115477.039,1584,0,gap,57
17146,115487986,115487.986,1584,0,gap,57
17147,115495269,115495.269,1574,0,gap,57
17148,115499595,115499.595,1553,0,gap,57
17149,115507982,115507.982,1554,0,gap,57
17150,115512313,115512.313,1535,0,gap,57
17151,115527978,115527.978,1554,0,gap,57
17152,115532315,115532.315,1535,0,gap,57
17153,115536631,115536.631,1527,0,gap,57
17154,115547990,115547.99,1535,0,gap,57
17155,115552321,115552.321,1519,0,gap,57
17156,115556663,115556.663,1499,0,gap,57
17157,115567979,115567.979,1520,0,gap,57
17158,115572332,115572.332,1495,0,gap,57
17159,115576669,115576.669,1495,0,gap,57
17160,115587987,115587.987,1495,0,gap,57
17161,115592339,115592.339,1472,0,gap,57
17162,115596697,115596.697,1472,0,gap,57
17163,115607979,115607.979,1473,0,gap,57
17164,115612353,115612.353,1462,0,gap,57
17165,115616713,115616.713,1462,0,gap,57
17166,115627988,115627.988,1455,0,gap,57
17167,115632360,115632.36,1451,0,gap,57
17168,115637986,115637.986,1428,0,gap,57
17169,115647979,115647.979,1451,0,gap,57
17170,115652374,115652.374,1424,0,gap,57
17171,115657978,115657.978,1421,0,gap,57
17172,115667987,115667.987,1424,0,gap,57
17173,115672380,115672.38,1410,0,gap,57
17174,115677987,115677.987,1420,0,gap,57
17175,115687980,115687.98,1390,0,gap,57
17176,115692403,115692.403,1409,0,gap,57
17177,115707978,115707.978,1407,0,gap,57
17178,115712405,115712.405,1385,0,gap,57
17179,115716807,115716.807,1394,0,gap,57
17180,115727986,115727.986,1381,0,gap,57
17181,115732411,115732.411,1366,0,gap,57
17182,115736846,115736.846,1369,0,gap,57
17183,115747979,115747.979,1379,0,gap,57
17184,115752444,115752.444,1350,0,gap,57
17185,115756890,115756.89,1359,0,gap,57
17186,115767991,115767.991,1355,0,gap,57
17187,115772451,115772.451,1344,0,gap,57
17188,115776917,115776.917,1341,0,gap,57
17189,115787979,115787.979,1335,0,gap,57
17190,115792465,115792.465,1329,0,gap,57
17191,115796929,115796.929,1333,0,gap,57
17192,115807988,115807.988,1314,0,gap,57
17193,115812463,115812.463,1323,0,gap,57
17194,115817974,115817.974,1296,0,gap,57
17195,115827979,115827.979,1300,0,gap,57
17196,115832480,115832.48,1294,0,gap,57
17197,115837982,115837.982,1284,0,gap,57
17198,115847987,115847.987,1290,0,gap,57
17199,115852486,115852.486,1274,0,gap,57
17200,115857987,115857.987,1280,0,gap,57
17201,115867980,115867.98,1285,0,gap,57
17202,115872504,115872.504,1257,0,gap,57
17203,115887978,115887.978,1271,0,gap,57
17204,115892509,115892.509,1261,0,gap,57
17205,115897015,115897.015,1263,0,gap,57
17206,115907986,115907.986,1251,0,gap,57
17207,115912511,115912.511,1247,0,gap,57
17208,115917051,115917.051,1238,0,gap,57
17209,115927978,115927.978,1247,0,gap,57
17210,115935142,115935.142,1226,0,gap,57
17211,115939460,115939.46,1232,0,gap,57
17212,115947986,115947.986,1231,0,gap,57
17213,115952305,115952.305,1211,0,gap,57
17214,115967970,115967.97,1216,0,gap,57
17215,115972291,115972.291,1211,0,gap,57
17216,115976623,115976.623,1223,0,gap,57
17217,115987978,115987.978,1211,0,gap,57
17218,115992325,115992.325,1200,0,gap,57
17219,115996647,115996.647,1191,0,gap,57
17220,116007987,116007.987,1200,0,gap,57
17221,116012324,116012.324,1200,0,gap,57
17222,116016669,116016.669,1180,0,gap,57
17223,116027979,116027.979,1186,0,gap,57
17224,116032347,116032.347,1170,0,gap,57
17225,116036694,116036.694,1153,0,gap,57
17226,116047987,116047.987,1168,0,gap,57
17227,116052349,116052.349,1159,0,gap,57
17228,116056717,116056.717,1157,0,gap,57
17229,116067984,116067.984,1158,0,gap,57
17230,116072368,116072.368,1142,0,gap,57
17231,116077978,116077.978,1151,0,gap,57
17232,116087987,116087.987,1146,0,gap,57
17233,116092370,116092.37,1129,0,gap,57
17234,116097990,116097.99,1136,0,gap,57
17235,116107979,116107.979,1137,0,gap,57
17236,116112380,116112.38,1128,0,gap,57
17237,116117979,116117.979,1125,0,gap,57
17238,116127988,116127.988,1130,0,gap,57
17239,116132395,116132.395,1104,0,gap,57
17240,116147986,116147.986,1121,0,gap,57
17241,116152396,116152.396,1103,0,gap,57
17242,116156814,116156.814,1091,0,gap,57
17243,116167978,116167.978,1088,0,gap,57
17244,116172411,116172.411,1073,0,gap,57
17245,116176839,116176.839,1087,0,gap,57
17246,116187987,116187.987,1088,0,gap,57
17247,116192441,116192.441,1073,0,gap,57
17248,116196898,116196.898,1072,0,gap,57
17249,116207979,116207.979,1078,0,gap,57
17250,116212455,116212.455,1066,0,gap,57
17251,116216914,116216.914,1039,0,gap,57
17252,116227987,116227.987,1070,0,gap,57
17253,116232461,116232.461,1046,0,gap,57
17254,116236938,116236.938,1045,0,gap,57
17255,116247980,116247.98,1046,0,gap,57
17256,116252475,116252.475,1012,0,gap,57
17257,116257970,116257.97,1023,0,gap,57
17258,116267987,116267.987,1023,0,gap,57
17259,116272480,116272.48,999,0,gap,57
17260,116277986,116277.986,1010,0,gap,57
17261,116287983,116287.983,1013,0,gap,57
17262,116292494,116292.494,1005,0,gap,57
17263,116297979,116297.979,1009,0,gap,57
17264,116307988,116307.988,1008,0,gap,57
17265,116312496,116312.496,987,0,gap,57
17266,116327990,116327.99,1019,0,gap,57
17267,116332509,116332.509,998,0,gap,57
17268,116337031,116337.031,977,0,gap,57
17269,116347966,116347.966,998,0,gap,57
17270,116352502,116352.502,962,0,gap,57
17271,116357026,116357.026,965,0,gap,57
17272,116364333,116364.333,971,0,gap,57
17273,116368628,116368.628,960,0,gap,57
17274,116377988,116377.988,962,0,gap,57
17275,116382298,116382.298,944,0,gap,57
17276,116397986,116397.986,971,0,gap,57
17277,116402308,116402.308,944,0,gap,57
17278,116406628,116406.628,953,0,gap,57
17279,116417978,116417.978,951,0,gap,57
17280,116422317,116422.317,943,0,gap,57
17281,116426644,116426.644,932,0,gap,57
17282,116437990,116437.99,958,0,gap,57
17283,116442332,116442.332,929,0,gap,57
17284,116446673,116446.673,935,0,gap,57
17285,116457978,116457.978,939,0,gap,57
17286,116462335,116462.335,912,0,gap,57
17287,116466682,116466.682,898,0,gap,57
17288,116477987,116477.987,923,0,gap,57
17289,116482344,116482.344,906,0,gap,57
17290,116486706,116486.706,890,0,gap,57
17291,116497979,116497.979,915,0,gap,57
17292,116502355,116502.355,881,0,gap,57
17293,116506723,116506.723,890,0,gap,57
17294,116517987,116517.987,909,0,gap,57
17295,116522370,116522.37,882,0,gap,57
17296,116526756,116526.756,891,0,gap,57
17297,116537979,116537.979,885,0,gap,57
17298,116542380,116542.38,878,0,gap,57
17299,116546768,116546.768,878,0,gap,57
17300,116557987,116557.987,878,0,gap,57
17301,116562390,116562.39,875,0,gap,57
17302,116566797,116566.797,867,0,gap,57
17303,116577979,116577.979,885,0,gap,57
17304,116582405,116582.405,848,0,gap,57
17305,116586811,116586.811,1585,1,pulse,58
17306,116597996,116597.996,4095,1,pulse,58
17307,116602363,116602.363,4095,1,pulse,58
17308,116607986,116607.986,4095,1,pulse,58
17309,116617975,116617.975,4095,1,pulse,58
17310,116622372,116622.372,4095,1,pulse,58
17311,116637966,116637.966,4095,0,gap,58
17312,116642590,116642.59,2960,0,gap,58
17313,116647068,116647.068,2853,0,gap,58
17314,116657986,116657.986,2775,0,gap,58
17315,116662467,116662.467,2762,0,gap,58
17316,116666946,116666.946,2736,0,gap,58
17317,116677979,116677.979,2687,0,gap,58
17318,116682477,116682.477,2675,0,gap,58
17319,116686966,116686.966,2659,0,gap,58
17320,116697987,116697.987,2642,0,gap,58
17321,116702483,116702.483,2627,0,gap,58
17322,116706982,116706.982,2602,0,gap,58
17323,116717979,116717.979,2581,0,gap,58
17324,116722497,116722.497,2559,0,gap,58
17325,116727002,116727.002,2557,0,gap,58
17326,116737988,116737.988,2541,0,gap,58
17327,116742507,116742.507,2513,0,gap,58
17328,116747986,116747.986,2512,0,gap,58
17329,116757983,116757.983,2487,0,gap,58
17330,116762521,116762.521,2469,0,gap,58
17331,116767978,116767.978,2459,0,gap,58
17332,116777988,116777.988,2445,0,gap,58
17333,116782523,116782.523,2437,0,gap,58
17334,116797974,116797.974,2434,0,gap,58
17335,116805277,116805.277,2414,0,gap,58
17336,116809606,116809.606,2410,0,gap,58
17337,116817978,116817.978,2382,0,gap,58
17338,116822314,116822.314,2368,0,gap,58
17339,116837978,116837.978,2365,0,gap,58
17340,116842321,116842.321,2341,0,gap,58
17341,116846647,116846.647,2321,0,gap,58
17342,116857986,116857.986,2315,0,gap,58
17343,116862331,116862.331,2304,0,gap,58
17344,116866678,116866.678,2282,0,gap,58
17345,116877983,116877.983,2286,0,gap,58
17346,116882345,116882.345,2256,0,gap,58
17347,116886691,116886.691,2242,0,gap,58
17348,116897987,116897.987,2257,0,gap,58
17349,116902349,116902.349,2224,0,gap,58
17350,116906713,116906.713,2219,0,gap,58
17351,116917979,116917.979,2206,0,gap,58
17352,116922363,116922.363,2193,0,gap,58
17353,116926729,116926.729,2187,0,gap,58
17354,116937988,116937.988,2164,0,gap,58
17355,116942370,116942.37,2164,0,gap,58
17356,116947986,116947.986,2141,0,gap,58
17357,116957979,116957.979,2127,0,gap,58
17358,116962383,116962.383,2119,0,gap,58
17359,116967978,116967.978,2112,0,gap,58
17360,116977987,116977.987,2096,0,gap,58
17361,116982394,116982.394,2096,0,gap,58
17362,116987987,116987.987,2078,0,gap,58
17363,116997980,116997.98,2063,0,gap,58
17364,117002404,117002.404,2041,0,gap,58
17365,117017978,117017.978,2037,0,gap,58
17366,117022406,117022.406,2019,0,gap,58
17367,117026829,117026.829,2009,0,gap,58
17368,117037986,117037.986,1994,0,gap,58
17369,117042420,117042.42,1998,0,gap,58
17370,117046866,117046.866,1979,0,gap,58
17371,117057979,117057.979,1975,0,gap,58
17372,117062449,117062.449,1954,0,gap,58
17373,117066904,117066.904,1946,0,gap,58
17374,117077987,117077.987,1934,0,gap,58
17375,117082461,117082.461,1933,0,gap,58
17376,117086938,117086.938,1904,0,gap,58
17377,117097983,117097.983,1902,0,gap,58
17378,117102475,117102.475,1885,0,gap,58
17379,117106950,117106.95,1879,0,gap,58
17380,117117988,117117.988,1859,0,gap,58
17381,117122477,117122.477,1863,0,gap,58
17382,117127970,117127.97,1839,0,gap,58
17383,117137979,117137.979,1835,0,gap,58
17384,117142490,117142.49,1825,0,gap,58
17385,117147978,117147.978,1819,0,gap,58
17386,117157987,117157.987,1807,0,gap,58
17387,117162500,117162.5,1790,0,gap,58
17388,117167987,117167.987,1785,0,gap,58
17389,117177980,117177.98,1787,0,gap,58
17390,117182507,117182.507,1755,0,gap,58
17391,117197978,117197.978,1747,0,gap,58
17392,117202515,117202.515,1739,0,gap,58
17393,117207040,117207.04,1740,0,gap,58
17394,117217986,117217.986,1729,0,gap,58
17395,117222521,117222.521,1715,0,gap,58
17396,117227059,117227.059,1718,0,gap,58
17397,117237978,117237.978,1695,0,gap,58
17398,117245287,117245.287,1684,0,gap,58
17399,117249617,117249.617,1680,0,gap,58
17400,117257986,117257.986,1675,0,gap,58
17401,117262311,117262.311,1663,0,gap,58
17402,117277986,117277.986,1667,0,gap,58
17403,117282317,117282.317,1646,0,gap,58
17404,117286658,117286.658,1630,0,gap,58
17405,117297978,117297.978,1643,0,gap,58
17406,117302327,117302.327,1616,0,gap,58
17407,117306667,117306.667,1601,0,gap,58
17408,117317987,117317.987,1600,0,gap,58
17409,117322342,117322.342,1584,0,gap,58
17410,117326700,117326.7,1578,0,gap,58
17411,117337979,117337.979,1578,0,gap,58
17412,117342348,117342.348,1568,0,gap,58
17413,117346705,117346.705,1535,0,gap,58
17414,117357987,117357.987,1558,0,gap,58
17415,117362367,117362.367,1555,0,gap,58
17416,117366745,117366.745,1533,0,gap,58
17417,117377980,117377.98,1529,0,gap,58
17418,117382370,117382.37,1519,0,gap,58
17419,117387978,117387.978,1506,0,gap,58
17420,117397987,117397.987,1500,0,gap,58
17421,117402375,117402.375,1488,0,gap,58
17422,117407986,117407.986,1488,0,gap,58
17423,117417979,117417.979,1473,0,gap,58
17424,117422398,117422.398,1458,0,gap,58
17425,117427983,117427.983,1459,0,gap,58
17426,117437988,117437.988,1455,0,gap,58
17427,117442405,117442.405,1438,0,gap,58
17428,117457986,117457.986,1430,0,gap,58
17429,117462411,117462.411,1439,0,gap,58
17430,117466838,117466.838,1410,0,gap,58
17431,117477978,117477.978,1422,0,gap,58
17432,117482425,117482.425,1397,0,gap,58
17433,117486854,117486.854,1399,0,gap,58
17434,117497987,117497.987,1392,0,gap,58
17435,117502446,117502.446,1373,0,gap,58
17436,117506917,117506.917,1386,0,gap,58
17437,117517979,117517.979,1379,0,gap,58
17438,117522456,117522.456,1371,0,gap,58
17439,117526930,117526.93,1345,0,gap,58
17440,117537987,117537.987,1354,0,gap,58
17441,117542471,117542.471,1337,0,gap,58
17442,117546957,117546.957,1344,0,gap,58
17443,117557980,117557.98,1328,0,gap,58
17444,117562477,117562.477,1335,0,gap,58
17445,117567970,117567.97,1314,0,gap,58
17446,117577987,117577.987,1312,0,gap,58
17447,117582506,117582.506,1301,0,gap,58
17448,117587986,117587.986,1296,0,gap,58
17449,117597979,117597.979,1307,0,gap,58
17450,117602496,117602.496,1286,0,gap,58
17451,117607979,117607.979,1278,0,gap,58
17452,117617988,117617.988,1283,0,gap,58
17453,117622506,117622.506,1264,0,gap,58
17454,117637986,117637.986,1261,0,gap,58
17455,117642515,117642.515,1263,0,gap,58
17456,117647047,117647.047,1243,0,gap,58
17457,117657982,117657.982,1262,0,gap,58
17458,117662529,117662.529,1241,0,gap,58
17459,117667059,117667.059,1238,0,gap,58
17460,117677986,117677.986,1238,0,gap,58
17461,117685148,117685.148,1227,0,gap,58
17462,117689483,117689.483,1211,0,gap,58
17463,117697978,117697.978,1219,0,gap,58
17464,117702314,117702.314,1202,0,gap,58
17465,117717966,117717.966,1197,0,gap,58
17466,117722309,117722.309,1185,0,gap,58
17467,117726635,117726.635,1182,0,gap,58
17468,117737986,117737.986,1200,0,gap,58
17469,117742327,117742.327,1190,0,gap,58
17470,117746675,117746.675,1184,0,gap,58
17471,117757979,117757.979,1169,0,gap,58
17472,117762342,117762.342,1168,0,gap,58
17473,117766693,117766.693,1146,0,gap,58
17474,117777987,117777.987,1168,0,gap,58
17475,117782345,117782.345,1155,0,gap,58
17476,117786714,117786.714,1136,0,gap,58
17477,117797979,117797.979,1152,0,gap,58
17478,117802363,117802.363,1125,0,gap,58
17479,117806733,117806.733,1120,0,gap,58
17480,117817988,117817.988,1142,0,gap,58
17481,117822370,117822.37,1113,0,gap,58
17482,117827986,117827.986,1120,0,gap,58
17483,117837979,117837.979,1109,0,gap,58
17484,117842388,117842.388,1101,0,gap,58
17485,117847978,117847.978,1104,0,gap,58
17486,117857987,117857.987,1117,0,gap,58
17487,117862390,117862.39,1098,0,gap,58
17488,117867987,117867.987,1086,0,gap,58
17489,117877984,117877.984,1101,0,gap,58
17490,117882410,117882.41,1071,0,gap,58
17491,117897978,117897.978,1097,0,gap,58
17492,117902410,117902.41,1072,0,gap,58
17493,117906822,117906.822,1065,0,gap,58
17494,117917986,117917.986,1067,0,gap,58
17495,117922424,117922.424,1072,0,gap,58
17496,117926874,117926.874,1050,0,gap,58
17497,117937979,117937.979,1051,0,gap,58
17498,117942451,117942.451,1056,0,gap,58
17499,117946902,117946.902,1046,0,gap,58
17500,117957987,117957.987,1042,0,gap,58
17501,117962453,117962.453,1033,0,gap,58
17502,117966930,117966.93,1032,0,gap,58
17503,117977979,117977.979,1038,0,gap,58
17504,117982475,117982.475,1020,0,gap,58
17505,117986950,117986.95,1008,0,gap,58
17506,117997988,117997.988,1035,0,gap,58
17507,118002473,118002.473,999,0,gap,58
17508,118006973,118006.973,1003,0,gap,58
17509,118017980,118017.98,1007,0,gap,58
17510,118022495,118022.495,998,0,gap,58
17511,118027978,118027.978,1006,0,gap,58
17512,118037987,118037.987,989,0,gap,58
17513,118042492,118042.492,977,0,gap,58
17514,118047986,118047.986,999,0,gap,58
17515,118057979,118057.979,1006,0,gap,58
17516,118062518,118062.518,983,0,gap,58
17517,118067979,118067.979,966,0,gap,58
17518,118077988,118077.988,997,0,gap,58
17519,118082515,118082.515,956,0,gap,58
17520,118097970,118097.97,989,0,gap,58
17521,118102504,118102.504,947,0,gap,58
17522,118107046,118107.046,970,0,gap,58
17523,118114347,118114.347,965,0,gap,58
17524,118118664,118118.664,944,0,gap,58
17525,118127980,118127.98,967,0,gap,58
17526,118132315,118132.315,946,0,gap,58
17527,118147978,118147.978,954,0,gap,58
17528,118152321,118152.321,926,0,gap,58
17529,118156644,118156.644,944,0,gap,58
17530,118167986,118167.986,933,0,gap,58
17531,118172319,118172.319,934,0,gap,58
17532,118176672,118176.672,935,0,gap,58
17533,118187978,118187.978,940,0,gap,58
17534,118192338,118192.338,932,0,gap,58
17535,118196681,118196.681,931,0,gap,58
17536,118207986,118207.986,946,0,gap,58
17537,118212345,118212.345,916,0,gap,58
17538,118216710,118216.71,912,0,gap,58
17539,118227979,118227.979,931,0,gap,58
17540,118232358,118232.358,895,0,gap,58
17541,118236722,118236.722,891,0,gap,58
17542,118247987,118247.987,912,0,gap,58
17543,118252369,118252.369,890,0,gap,58
17544,118256759,118256.759,894,0,gap,58
17545,118267979,118267.979,895,0,gap,58
17546,118272384,118272.384,887,0,gap,58
17547,118276768,118276.768,887,0,gap,58
17548,118287987,118287.987,880,0,gap,58
17549,118292382,118292.382,880,0,gap,58
17550,118296792,118296.792,875,0,gap,58
17551,118307979,118307.979,896,0,gap,58
17552,118312404,118312.404,875,0,gap,58
17553,118316809,118316.809,859,0,gap,58
17554,118327987,118327.987,880,0,gap,58
17555,118332403,118332.403,857,0,gap,58
17556,118336830,118336.83,846,0,gap,58
17557,118347979,118347.979,878,0,gap,58
17558,118352429,118352.429,854,0,gap,58
17559,118356867,118356.867,848,0,gap,58
17560,118367987,118367.987,866,0,gap,58
17561,118372443,118372.443,846,0,gap,58
17562,118376914,118376.914,841,0,gap,58
17563,118387980,118387.98,846,0,gap,58
17564,118392469,118392.469,841,0,gap,58
17565,118396930,118396.93,847,0,gap,58
17566,118407988,118407.988,848,0,gap,58
17567,118412467,118412.467,833,0,gap,58
17568,118417970,118417.97,822,0,gap,58
17569,118427983,118427.983,859,0,gap,58
17570,118432488,118432.488,821,0,gap,58
17571,118437978,118437.978,816,0,gap,58
17572,118447987,118447.987,838,0,gap,58
17573,118452486,118452.486,808,0,gap,58
17574,118457986,118457.986,818,0,gap,58
17575,118467979,118467.979,822,0,gap,58
17576,118472504,118472.504,806,0,gap,58
17577,118477978,118477.978,825,0,gap,58
17578,118487987,118487.987,830,0,gap,58
17579,118492506,118492.506,801,0,gap,58
17580,118497986,118497.986,815,0,gap,58
17581,118507980,118507.98,815,0,gap,58
17582,118512524,118512.524,804,0,gap,58
17583,118517979,118517.979,788,0,gap,58
17584,118527988,118527.988,815,0,gap,58
17585,118532531,118532.531,783,0,gap,58
17586,118539844,118539.844,801,0,gap,58
17587,118547978,118547.978,803,0,gap,58
17588,118552304,118552.304,770,0,gap,58
17589,118567978,118567.978,794,0,gap,58
17590,118572317,118572.317,775,0,gap,58
17591,118576643,118576.643,774,0,gap,58
17592,118587986,118587.986,799,0,gap,58
17593,118592323,118592.323,784,0,gap,58
17594,118596667,118596.667,784,0,gap,58
17595,118607978,118607.978,787,0,gap,58
17596,118612341,118612.341,775,0,gap,58
17597,118616684,118616.684,767,0,gap,58
17598,118627986,118627.986,803,0,gap,58
17599,118632344,118632.344,762,0,gap,58
17600,118636713,118636.713,769,0,gap,58
17601,118647983,118647.983,798,1,pulse,59
17602,118652458,118652.458,4095,1,pulse,59
17603,118656759,118656.759,4095,1,pulse,59
17604,118667983,118667.983,4095,1,pulse,59
17605,118672296,118672.296,4095,1,pulse,59
17606,118677970,118677.97,4095,1,pulse,59
17607,118687975,118687.975,4095,0,post,59
17608,118692508,118692.508,2949,0,post,59
17609,118697971,118697.971,2806,0,post,59
17610,118707980,118707.98,2745,0,post,59
17611,118712325,118712.325,2725,0,post,59
17612,118727978,118727.978,2678,0,post,59
17613,118732330,118732.33,2650,0,post,59
17614,118736690,118736.69,2649,0,post,59
17615,118747971,118747.971,2623,0,post,59
17616,118752350,118752.35,2591,0,post,59
17617,118756709,118756.709,2587,0,post,59
17618,118767979,118767.979,2558,0,post,59
17619,118772352,118772.352,2544,0,post,59
17620,118776737,118776.737,2544,0,post,59
17621,118787972,118787.972,2529,0,post,59
17622,118792375,118792.375,2523,0,post,59
17623,118797970,118797.97,2491,0,post,59
17624,118807983,118807.983,2487,0,post,59
