index,t_us,t_ms,adc,led,phase,pulse_index
0,115,0.115,809,0,pre,-1
1,3989,3.989,735,0,pre,-1
2,18182,18.182,741,0,pre,-1
3,21840,21.84,720,0,pre,-1
4,25490,25.49,685,0,pre,-1
5,29161,29.161,681,0,pre,-1
6,38187,38.187,744,0,pre,-1
7,41872,41.872,688,1,pulse,0
8,48191,48.191,4095,1,pulse,0
9,58174,58.174,4095,1,pulse,0
10,61848,61.848,4095,1,pulse,0
11,68165,68.165,4095,1,pulse,0
12,78169,78.169,4095,1,pulse,0
13,81858,81.858,4095,0,gap,0
14,85748,85.748,2987,0,gap,0
15,98178,98.178,2768,0,gap,0
16,101933,101.933,2766,0,gap,0
17,105684,105.684,2714,0,gap,0
18,109435,109.435,2716,0,gap,0
19,118179,118.179,2672,0,gap,0
20,121940,121.94,2646,0,gap,0
21,128179,128.179,2623,0,gap,0
22,138187,138.187,2577,0,gap,0
23,141965,141.965,2548,0,gap,0
24,148186,148.186,2523,0,gap,0
25,158178,158.178,2525,0,gap,0
26,161962,161.962,2503,0,gap,0
27,165745,165.745,2480,0,gap,0
28,178186,178.186,2450,0,gap,0
29,181980,181.98,2425,0,gap,0
30,185765,185.765,2406,0,gap,0
31,198177,198.177,2375,0,gap,0
32,201986,201.986,2363,0,gap,0
33,208546,208.546,2351,0,gap,0
34,212226,212.226,2323,0,gap,0
35,218169,218.169,2317,0,gap,0
36,228185,228.185,2294,0,gap,0
37,231888,231.888,2258,0,gap,0
38,235573,235.573,2257,0,gap,0
39,248178,248.178,2224,0,gap,0
40,251882,251.882,2215,0,gap,0
41,255587,255.587,2197,0,gap,0
42,268189,268.189,2175,0,gap,0
43,271911,271.911,2160,0,gap,0
44,275625,275.625,2133,0,gap,0
45,288165,288.165,2122,0,gap,0
46,291891,291.891,2098,0,gap,0
47,295620,295.62,2073,0,gap,0
48,299354,299.354,2039,0,gap,0
49,308179,308.179,2037,0,gap,0
50,311918,311.918,2018,0,gap,0
51,318179,318.179,2009,0,gap,0
52,328187,328.187,1958,0,gap,0
53,331969,331.969,1959,0,gap,0
54,338186,338.186,1949,0,gap,0
55,348178,348.178,1910,0,gap,0
56,351971,351.971,1915,0,gap,0
57,355759,355.759,1892,0,gap,0
58,368191,368.191,1877,0,gap,0
59,371997,371.997,1846,0,gap,0
60,375796,375.796,1834,0,gap,0
61,388177,388.177,1818,0,gap,0
62,391987,391.987,1801,0,gap,0
63,395803,395.803,1773,0,gap,0
64,399630,399.63,1759,0,gap,0
65,408179,408.179,1745,0,gap,0
66,412006,412.006,1718,0,gap,0
67,418179,418.179,1728,0,gap,0
68,428187,428.187,1675,0,gap,0
69,432040,432.04,1648,0,gap,0
70,438186,438.186,1673,0,gap,0
71,448178,448.178,1629,0,gap,0
72,452049,452.049,1621,0,gap,0
73,455915,455.915,1595,0,gap,0
74,468190,468.19,1600,0,gap,0
75,472075,472.075,1581,0,gap,0
76,475947,475.947,1535,0,gap,0
77,488177,488.177,1535,0,gap,0
78,492068,492.068,1526,0,gap,0
79,495957,495.957,1490,0,gap,0
80,499857,499.857,1475,0,gap,0
81,508179,508.179,1471,0,gap,0
82,512082,512.082,1438,0,gap,0
83,518179,518.179,1456,0,gap,0
84,528187,528.187,1422,0,gap,0
85,532108,532.108,1403,0,gap,0
86,538186,538.186,1398,0,gap,0
87,548178,548.178,1364,0,gap,0
88,552101,552.101,1367,0,gap,0
89,556023,556.023,1345,0,gap,0
90,568190,568.19,1354,0,gap,0
91,572127,572.127,1319,0,gap,0
92,576054,576.054,1299,0,gap,0
93,588177,588.177,1315,0,gap,0
94,592116,592.116,1283,0,gap,0
95,598825,598.825,1253,0,gap,0
96,602541,602.541,1259,0,gap,0
97,608165,608.165,1237,0,gap,0
98,618185,618.185,1239,0,gap,0
99,621885,621.885,1212,0,gap,0
100,625575,625.575,1193,0,gap,0
101,638179,638.179,1196,0,gap,0
102,641884,641.884,1168,0,gap,0
103,645593,645.593,1137,0,gap,0
104,658186,658.186,1148,0,gap,0
105,661908,661.908,1119,0,gap,0
106,665631,665.631,1104,0,gap,0
107,678177,678.177,1117,0,gap,0
108,681913,681.913,1075,0,gap,0
109,685640,685.64,1079,0,gap,0
110,698185,698.185,1051,0,gap,0
111,701931,701.931,1063,0,gap,0
112,705680,705.68,1052,0,gap,0
113,718177,718.177,1057,0,gap,0
114,721933,721.933,1023,0,gap,0
115,725686,725.686,1005,0,gap,0
116,738185,738.185,1030,0,gap,0
117,741982,741.982,975,0,gap,0
118,745775,745.775,965,0,gap,0
119,749573,749.573,960,0,gap,0
120,758187,758.187,961,0,gap,0
121,761991,761.991,942,0,gap,0
122,768191,768.191,955,0,gap,0
123,778179,778.179,923,0,gap,0
124,781997,781.997,913,0,gap,0
125,788178,788.178,923,0,gap,0
126,798186,798.186,883,0,gap,0
127,802019,802.019,886,0,gap,0
128,805855,805.855,875,0,gap,0
129,818179,818.179,887,0,gap,0
130,822030,822.03,848,0,gap,0
131,825876,825.876,838,0,gap,0
132,838185,838.185,880,0,gap,0
133,842058,842.058,835,0,gap,0
134,845926,845.926,795,0,gap,0
135,849803,849.803,791,0,gap,0
136,858187,858.187,830,0,gap,0
137,862080,862.08,789,0,gap,0
138,868191,868.191,790,0,gap,0
139,878179,878.179,768,0,gap,0
140,882078,882.078,767,0,gap,0
141,888178,888.178,796,0,gap,0
142,898186,898.186,743,0,gap,0
143,902099,902.099,757,0,gap,0
144,906011,906.011,746,0,gap,0
145,918178,918.178,752,0,gap,0
146,922097,922.097,733,0,gap,0
147,926012,926.012,703,0,gap,0
148,938185,938.185,754,0,gap,0
149,942118,942.118,692,0,gap,0
150,946046,946.046,678,0,gap,0
151,949983,949.983,688,0,gap,0
152,958186,958.186,695,0,gap,0
153,962136,962.136,653,0,gap,0
154,978173,978.173,688,0,gap,0
155,982129,982.129,640,0,gap,0
156,986077,986.077,657,0,gap,0
157,990028,990.028,667,0,gap,0
158,996723,996.723,639,0,gap,0
159,1008178,1008.178,684,0,gap,0
160,1011883,1011.883,614,0,gap,0
161,1015576,1015.576,601,0,gap,0
162,1028186,1028.186,623,0,gap,0
163,1031899,1031.899,580,0,gap,0
164,1035604,1035.604,613,0,gap,0
165,1048177,1048.177,608,0,gap,0
166,1051897,1051.897,591,0,gap,0
167,1055617,1055.617,592,0,gap,0
168,1068185,1068.185,626,0,gap,0
169,1071920,1071.92,582,0,gap,0
170,1075658,1075.658,551,0,gap,0
171,1088177,1088.177,623,0,gap,0
172,1091927,1091.927,547,0,gap,0
173,1095672,1095.672,529,0,gap,0
174,1108185,1108.185,590,0,gap,0
175,1111944,1111.944,523,0,gap,0
176,1115703,1115.703,505,0,gap,0
177,1128177,1128.177,560,0,gap,0
178,1131961,1131.961,494,0,gap,0
179,1135752,1135.752,507,0,gap,0
180,1148173,1148.173,525,0,gap,0
181,1151982,1151.982,511,0,gap,0
182,1155787,1155.787,511,0,gap,0
183,1168169,1168.169,532,0,gap,0
184,1171988,1171.988,496,0,gap,0
185,1175798,1175.798,464,0,gap,0
186,1188173,1188.173,550,0,gap,0
187,1192004,1192.004,459,0,gap,0
188,1195827,1195.827,435,0,gap,0
189,1208165,1208.165,546,0,gap,0
190,1212005,1212.005,430,0,gap,0
191,1215844,1215.844,426,0,gap,0
192,1228169,1228.169,502,0,gap,0
193,1232031,1232.031,418,0,gap,0
194,1235889,1235.889,445,0,gap,0
195,1239757,1239.757,454,0,gap,0
196,1248187,1248.187,448,0,gap,0
197,1258177,1258.177,523,0,gap,0
198,1262063,1262.063,403,0,gap,0
199,1265948,1265.948,403,0,gap,0
200,1278186,1278.186,467,0,gap,0
201,1282081,1282.081,392,0,gap,0
202,1285976,1285.976,432,0,gap,0
203,1298177,1298.177,431,0,gap,0
204,1302086,1302.086,403,0,gap,0
205,1305991,1305.991,416,0,gap,0
206,1309903,1309.903,387,0,gap,0
207,1318179,1318.179,443,0,gap,0
208,1328185,1328.185,414,0,gap,0
209,1332111,1332.111,368,0,gap,0
210,1336031,1336.031,400,0,gap,0
211,1348178,1348.178,393,0,gap,0
212,1352109,1352.109,384,0,gap,0
213,1356040,1356.04,387,0,gap,0
214,1368185,1368.185,422,0,gap,0
215,1372130,1372.13,395,0,gap,0
216,1376070,1376.07,336,0,gap,0
217,1380020,1380.02,330,0,gap,0
218,1388191,1388.191,442,0,gap,0
219,1398177,1398.177,365,0,gap,0
220,1404895,1404.895,416,0,gap,0
221,1408625,1408.625,342,0,gap,0
222,1418185,1418.185,391,0,gap,0
223,1421883,1421.883,359,0,gap,0
224,1425584,1425.584,333,0,gap,0
225,1438179,1438.179,407,0,gap,0
226,1441893,1441.893,325,0,gap,0
227,1445599,1445.599,301,0,gap,0
228,1458186,1458.186,416,0,gap,0
229,1461912,1461.912,316,0,gap,0
230,1465630,1465.63,286,0,gap,0
231,1478177,1478.177,389,0,gap,0
232,1481913,1481.913,275,0,gap,0
233,1485649,1485.649,325,0,gap,0
234,1498189,1498.189,330,0,gap,0
235,1501940,1501.94,320,0,gap,0
236,1505677,1505.677,313,0,gap,0
237,1518177,1518.177,347,0,gap,0
238,1521929,1521.929,304,0,gap,0
239,1525690,1525.69,293,0,gap,0
240,1538185,1538.185,383,0,gap,0
241,1541989,1541.989,294,0,gap,0
242,1545778,1545.778,264,0,gap,0
243,1558169,1558.169,380,0,gap,0
244,1561972,1561.972,255,0,gap,0
245,1565786,1565.786,251,0,gap,0
246,1578169,1578.169,363,0,gap,0
247,1581993,1581.993,240,0,gap,0
248,1585805,1585.805,290,0,gap,0
249,1598165,1598.165,304,0,gap,0
250,1601993,1601.993,279,0,gap,0
251,1605827,1605.827,299,0,gap,0
252,1618169,1618.169,307,0,gap,0
253,1622014,1622.014,289,0,gap,0
254,1625850,1625.85,246,0,gap,0
255,1638165,1638.165,364,0,gap,0
256,1642028,1642.028,251,0,gap,0
257,1645892,1645.892,223,0,gap,0
258,1649764,1649.764,210,0,gap,0
259,1658179,1658.179,334,0,gap,0
260,1668185,1668.185,302,0,gap,0
261,1672084,1672.084,263,0,gap,0
262,1675967,1675.967,228,0,gap,0
263,1688178,1688.178,345,0,gap,0
264,1692075,1692.075,233,0,gap,0
265,1695971,1695.971,201,0,gap,0
266,1708189,1708.189,343,0,gap,0
267,1712104,1712.104,209,0,gap,0
268,1716002,1716.002,209,0,gap,0
269,1719915,1719.915,259,0,gap,0
270,1728187,1728.187,266,0,gap,0
271,1738177,1738.177,304,0,gap,0
272,1742104,1742.104,226,0,gap,0
273,1746026,1746.026,178,0,gap,0
274,1758186,1758.186,315,0,gap,0
275,1762123,1762.123,198,0,gap,0
276,1766051,1766.051,185,0,gap,0
277,1778177,1778.177,285,0,gap,0
278,1782116,1782.116,189,0,gap,0
279,1786061,1786.061,208,0,gap,0
280,1790009,1790.009,224,0,gap,0
281,1798179,1798.179,200,0,gap,0
282,1808189,1808.189,297,0,gap,0
283,1814894,1814.894,185,0,gap,0
284,1818595,1818.595,210,0,gap,0
285,1828177,1828.177,268,0,gap,0
286,1831870,1831.87,144,0,gap,0
287,1835575,1835.575,210,0,gap,0
288,1848187,1848.187,218,0,gap,0
289,1851903,1851.903,190,0,gap,0
290,1855611,1855.611,222,0,gap,0
291,1868178,1868.178,237,0,gap,0
292,1871898,1871.898,213,0,gap,0
293,1875628,1875.628,172,0,gap,0
294,1888185,1888.185,299,0,gap,0
295,1891931,1891.931,178,0,gap,0
296,1895665,1895.665,145,0,gap,0
297,1908177,1908.177,285,0,gap,0
298,1911926,1911.926,144,0,gap,0
299,1915677,1915.677,132,0,gap,0
300,1928185,1928.185,256,0,gap,0
301,1931948,1931.948,133,0,gap,0
302,1935698,1935.698,173,0,gap,0
303,1948177,1948.177,206,0,gap,0
304,1951976,1951.976,167,0,gap,0
305,1955777,1955.777,188,0,gap,0
306,1968173,1968.173,235,0,gap,0
307,1971985,1971.985,194,0,gap,0
308,1975785,1975.785,166,0,gap,0
309,1988165,1988.165,259,1,pulse,1
310,1992060,1992.06,4095,1,pulse,1
311,1995812,1995.812,4095,1,pulse,1
312,2008182,2008.182,4095,1,pulse,1
313,2011943,2011.943,4095,1,pulse,1
314,2015698,2015.698,4095,1,pulse,1
315,2028174,2028.174,4095,0,gap,1
316,2032160,2032.16,3083,0,gap,1
317,2036005,2036.005,2918,0,gap,1
318,2048189,2048.189,2763,0,gap,1
319,2052057,2052.057,2743,0,gap,1
320,2055917,2055.917,2701,0,gap,1
321,2068177,2068.177,2666,0,gap,1
322,2072054,2072.054,2640,0,gap,1
323,2075938,2075.938,2624,0,gap,1
324,2088185,2088.185,2557,0,gap,1
325,2092080,2092.08,2559,0,gap,1
326,2095965,2095.965,2545,0,gap,1
327,2108177,2108.177,2507,0,gap,1
328,2112077,2112.077,2493,0,gap,1
329,2115981,2115.981,2486,0,gap,1
330,2128173,2128.173,2436,0,gap,1
331,2132087,2132.087,2435,0,gap,1
332,2135992,2135.992,2409,0,gap,1
333,2148169,2148.169,2378,0,gap,1
334,2152089,2152.089,2369,0,gap,1
335,2156012,2156.012,2351,0,gap,1
336,2168173,2168.173,2323,0,gap,1
337,2172107,2172.107,2324,0,gap,1
338,2176027,2176.027,2287,0,gap,1
339,2188169,2188.169,2268,0,gap,1
340,2192108,2192.108,2245,0,gap,1
341,2196047,2196.047,2213,0,gap,1
342,2208169,2208.169,2195,0,gap,1
343,2212126,2212.126,2173,0,gap,1
344,2216070,2216.07,2160,0,gap,1
345,2222790,2222.79,2149,0,gap,1
346,2226508,2226.508,2115,0,gap,1
347,2238179,2238.179,2097,0,gap,1
348,2241868,2241.868,2094,0,gap,1
349,2248165,2248.165,2065,0,gap,1
350,2258177,2258.177,2059,0,gap,1
351,2261894,2261.894,2023,0,gap,1
352,2265598,2265.598,2011,0,gap,1
353,2278179,2278.179,1987,0,gap,1
354,2281895,2281.895,1963,0,gap,1
355,2285620,2285.62,1968,0,gap,1
356,2298186,2298.186,1914,0,gap,1
357,2301919,2301.919,1911,0,gap,1
358,2305654,2305.654,1905,0,gap,1
359,2318177,2318.177,1870,0,gap,1
360,2321926,2321.926,1866,0,gap,1
361,2325674,2325.674,1845,0,gap,1
362,2338185,2338.185,1812,0,gap,1
363,2341940,2341.94,1797,0,gap,1
364,2345691,2345.691,1783,0,gap,1
365,2358177,2358.177,1765,0,gap,1
366,2361976,2361.976,1744,0,gap,1
367,2365768,2365.768,1725,0,gap,1
368,2378185,2378.185,1697,0,gap,1
369,2381990,2381.99,1695,0,gap,1
370,2385795,2385.795,1680,0,gap,1
371,2398177,2398.177,1651,0,gap,1
372,2401996,2401.996,1634,0,gap,1
373,2405806,2405.806,1631,0,gap,1
374,2418185,2418.185,1623,0,gap,1
375,2422015,2422.015,1616,0,gap,1
376,2425844,2425.844,1583,0,gap,1
377,2438181,2438.181,1569,0,gap,1
378,2442021,2442.021,1554,0,gap,1
379,2445855,2445.855,1503,0,gap,1
380,2458185,2458.185,1497,0,gap,1
381,2462043,2462.043,1495,0,gap,1
382,2465910,2465.91,1485,0,gap,1
383,2478177,2478.177,1439,0,gap,1
384,2482060,2482.06,1431,0,gap,1
385,2485939,2485.939,1415,0,gap,1
386,2498185,2498.185,1406,0,gap,1
387,2502078,2502.078,1382,0,gap,1
388,2505970,2505.97,1386,0,gap,1
389,2518177,2518.177,1358,0,gap,1
390,2522080,2522.08,1358,0,gap,1
391,2525978,2525.978,1342,0,gap,1
392,2538185,2538.185,1338,0,gap,1
393,2542098,2542.098,1297,0,gap,1
394,2546001,2546.001,1275,0,gap,1
395,2558169,2558.169,1303,0,gap,1
396,2562091,2562.091,1262,0,gap,1
397,2566009,2566.009,1230,0,gap,1
398,2578177,2578.177,1230,0,gap,1
399,2582109,2582.109,1214,0,gap,1
400,2586036,2586.036,1210,0,gap,1
401,2598169,2598.169,1202,0,gap,1
402,2602107,2602.107,1167,0,gap,1
403,2606044,2606.044,1171,0,gap,1
404,2618169,2618.169,1147,0,gap,1
405,2622117,2622.117,1151,0,gap,1
406,2626063,2626.063,1115,0,gap,1
407,2638165,2638.165,1130,0,gap,1
408,2644920,2644.92,1119,0,gap,1
409,2648629,2648.629,1090,0,gap,1
410,2658185,2658.185,1101,0,gap,1
411,2661883,2661.883,1041,0,gap,1
412,2668169,2668.169,1059,0,gap,1
413,2678169,2678.169,1049,0,gap,1
414,2681880,2681.88,1005,0,gap,1
415,2685594,2685.594,1034,0,gap,1
416,2698186,2698.186,999,0,gap,1
417,2701927,2701.927,1007,0,gap,1
418,2705652,2705.652,1018,0,gap,1
419,2718178,2718.178,992,0,gap,1
420,2721913,2721.913,979,0,gap,1
421,2725648,2725.648,958,0,gap,1
422,2738185,2738.185,976,0,gap,1
423,2741939,2741.939,929,0,gap,1
424,2745680,2745.68,925,0,gap,1
425,2758181,2758.181,929,0,gap,1
426,2761933,2761.933,885,0,gap,1
427,2765689,2765.689,864,0,gap,1
428,2778185,2778.185,883,0,gap,1
429,2781981,2781.981,859,0,gap,1
430,2785775,2785.775,859,0,gap,1
431,2798169,2798.169,848,0,gap,1
432,2801975,2801.975,842,0,gap,1
433,2805784,2805.784,850,0,gap,1
434,2818173,2818.173,826,0,gap,1
435,2821993,2821.993,811,0,gap,1
436,2825804,2825.804,813,0,gap,1
437,2838165,2838.165,823,0,gap,1
438,2841996,2841.996,801,0,gap,1
439,2845831,2845.831,781,0,gap,1
440,2858169,2858.169,815,0,gap,1
441,2862022,2862.022,749,0,gap,1
442,2865857,2865.857,735,0,gap,1
443,2878165,2878.165,784,0,gap,1
444,2882020,2882.02,734,0,gap,1
445,2885894,2885.894,750,0,gap,1
446,2889770,2889.77,751,0,gap,1
447,2898179,2898.179,714,0,gap,1
448,2908185,2908.185,755,0,gap,1
449,2912076,2912.076,693,0,gap,1
450,2915953,2915.953,677,0,gap,1
451,2928178,2928.178,730,0,gap,1
452,2932074,2932.074,669,0,gap,1
453,2935970,2935.97,675,0,gap,1
454,2948185,2948.185,673,0,gap,1
455,2952099,2952.099,667,0,gap,1
456,2956000,2956.0,663,0,gap,1
457,2959921,2959.921,646,0,gap,1
458,2968187,2968.187,653,0,gap,1
459,2978177,2978.177,653,0,gap,1
460,2982096,2982.096,620,0,gap,1
461,2986017,2986.017,623,0,gap,1
462,2998190,2998.19,630,0,gap,1
463,3002130,3002.13,599,0,gap,1
464,3006057,3006.057,631,0,gap,1
465,3018177,3018.177,625,0,gap,1
466,3022115,3022.115,605,0,gap,1
467,3026056,3026.056,589,0,gap,1
468,3030000,3030.0,558,0,gap,1
469,3038179,3038.179,630,0,gap,1
470,3048185,3048.185,560,0,gap,1
471,3054907,3054.907,610,0,gap,1
472,3058597,3058.597,549,0,gap,1
473,3068181,3068.181,569,0,gap,1
474,3071872,3071.872,583,0,gap,1
475,3075578,3075.578,531,0,gap,1
476,3088187,3088.187,594,0,gap,1
477,3091902,3091.902,528,0,gap,1
478,3095613,3095.613,503,0,gap,1
479,3108178,3108.178,592,0,gap,1
480,3111900,3111.9,496,0,gap,1
481,3115625,3115.625,472,0,gap,1
482,3128185,3128.185,560,0,gap,1
483,3131926,3131.926,469,0,gap,1
484,3135663,3135.663,496,0,gap,1
485,3148177,3148.177,496,0,gap,1
486,3151920,3151.92,470,0,gap,1
487,3155671,3155.671,487,0,gap,1
488,3168185,3168.185,503,0,gap,1
489,3171954,3171.954,486,0,gap,1
490,3175708,3175.708,477,0,gap,1
491,3188177,3188.177,546,0,gap,1
492,3191967,3191.967,465,0,gap,1
493,3195767,3195.767,448,0,gap,1
494,3208177,3208.177,538,0,gap,1
495,3211992,3211.992,435,0,gap,1
496,3215794,3215.794,402,0,gap,1
497,3228169,3228.169,503,0,gap,1
498,3231986,3231.986,399,0,gap,1
499,3235806,3235.806,432,0,gap,1
500,3248169,3248.169,440,0,gap,1
501,3252004,3252.004,415,0,gap,1
502,3255831,3255.831,439,0,gap,1
503,3268165,3268.165,454,0,gap,1
504,3272006,3272.006,430,0,gap,1
505,3275859,3275.859,404,0,gap,1
506,3288169,3288.169,474,0,gap,1
507,3292033,3292.033,413,0,gap,1
508,3295890,3295.89,370,0,gap,1
509,3299768,3299.768,368,0,gap,1
510,3308191,3308.191,457,0,gap,1
511,3318177,3318.177,414,0,gap,1
512,3322065,3322.065,391,0,gap,1
513,3325956,3325.956,381,0,gap,1
514,3338186,3338.186,439,0,gap,1
515,3342092,3342.092,379,0,gap,1
516,3345985,3345.985,336,0,gap,1
517,3358177,3358.177,461,0,gap,1
518,3362081,3362.081,342,0,gap,1
519,3365991,3365.991,339,0,gap,1
520,3369901,3369.901,362,0,gap,1
521,3378183,3378.183,398,0,gap,1
522,3388185,3388.185,418,0,gap,1
523,3392113,3392.113,351,0,gap,1
524,3396031,3396.031,319,0,gap,1
525,3408178,3408.178,419,0,gap,1
526,3412111,3412.111,304,0,gap,1
527,3416048,3416.048,289,0,gap,1
528,3428185,3428.185,409,0,gap,1
529,3432132,3432.132,292,0,gap,1
530,3436066,3436.066,325,0,gap,1
531,3440016,3440.016,342,0,gap,1
532,3448187,3448.187,321,0,gap,1
533,3458177,3458.177,398,0,gap,1
534,3464752,3464.752,308,0,gap,1
535,3468449,3468.449,303,0,gap,1
536,3478185,3478.185,368,0,gap,1
537,3481889,3481.889,272,0,gap,1
538,3485582,3485.582,286,0,gap,1
539,3498179,3498.179,334,0,gap,1
540,3501894,3501.894,261,0,gap,1
541,3505605,3505.605,309,0,gap,1
542,3518190,3518.19,331,0,gap,1
543,3521917,3521.917,304,0,gap,1
544,3525641,3525.641,291,0,gap,1
545,3538177,3538.177,343,0,gap,1
546,3541918,3541.918,298,0,gap,1
547,3545656,3545.656,250,0,gap,1
548,3558185,3558.185,379,0,gap,1
549,3561933,3561.933,254,0,gap,1
550,3565679,3565.679,233,0,gap,1
551,3578177,3578.177,350,0,gap,1
552,3581939,3581.939,219,0,gap,1
553,3585696,3585.696,229,0,gap,1
554,3598185,3598.185,310,0,gap,1
555,3601987,3601.987,247,0,gap,1
556,3605780,3605.78,273,0,gap,1
557,3618169,3618.169,282,0,gap,1
558,3621977,3621.977,260,0,gap,1
559,3625788,3625.788,265,0,gap,1
560,3638169,3638.169,334,0,gap,1
561,3641995,3641.995,272,0,gap,1
562,3645803,3645.803,215,0,gap,1
563,3658165,3658.165,366,0,gap,1
564,3662001,3662.001,218,0,gap,1
565,3665832,3665.832,189,0,gap,1
566,3678169,3678.169,334,0,gap,1
567,3682019,3682.019,207,0,gap,1
568,3685860,3685.86,213,0,gap,1
569,3698169,3698.169,281,0,gap,1
570,3702031,3702.031,218,0,gap,1
571,3705906,3705.906,260,0,gap,1
572,3709778,3709.778,230,0,gap,1
573,3718179,3718.179,229,0,gap,1
574,3728189,3728.189,304,0,gap,1
575,3732085,3732.085,179,0,gap,1
576,3735969,3735.969,194,0,gap,1
577,3748178,3748.178,263,0,gap,1
578,3752076,3752.076,198,0,gap,1
579,3755977,3755.977,234,0,gap,1
580,3768185,3768.185,254,0,gap,1
581,3772101,3772.101,238,0,gap,1
582,3776004,3776.004,223,0,gap,1
583,3779921,3779.921,176,0,gap,1
584,3788187,3788.187,262,0,gap,1
585,3798181,3798.181,229,0,gap,1
586,3802101,3802.101,176,0,gap,1
587,3806024,3806.024,211,0,gap,1
588,3818186,3818.186,233,0,gap,1
589,3822123,3822.123,221,0,gap,1
590,3826052,3826.052,211,0,gap,1
591,3838177,3838.177,265,0,gap,1
592,3842120,3842.12,208,0,gap,1
593,3846063,3846.063,171,0,gap,1
594,3850008,3850.008,145,0,gap,1
595,3858179,3858.179,272,0,gap,1
596,3864896,3864.896,180,0,gap,1
597,3878165,3878.165,294,0,gap,1
598,3881854,3881.854,149,0,gap,1
599,3885546,3885.546,167,0,gap,1
600,3898185,3898.185,235,0,gap,1
601,3901894,3901.894,158,0,gap,1
602,3905599,3905.599,205,0,gap,1
603,3918177,3918.177,221,0,gap,1
604,3921893,3921.893,192,0,gap,1
605,3925605,3925.605,198,0,gap,1
606,3938189,3938.189,248,0,gap,1
607,3941923,3941.923,179,0,gap,1
608,3945649,3945.649,149,0,gap,1
609,3958177,3958.177,272,0,gap,1
610,3961915,3961.915,155,0,gap,1
611,3965656,3965.656,134,0,gap,1
612,3978185,3978.185,261,0,gap,1
613,3981941,3981.941,124,0,gap,1
614,3985684,3985.684,166,0,gap,1
615,3998177,3998.177,208,0,gap,1
616,4001941,4001.941,128,0,gap,1
617,4005735,4005.735,166,0,gap,1
618,4018173,4018.173,194,0,gap,1
619,4021977,4021.977,167,0,gap,1
620,4025774,4025.774,162,0,gap,1
621,4038169,4038.169,236,0,gap,1
622,4041981,4041.981,165,0,gap,1
623,4045796,4045.796,135,0,gap,1
624,4058169,4058.169,265,0,gap,1
625,4061994,4061.994,130,0,gap,1
626,4065808,4065.808,97,0,gap,1
627,4069640,4069.64,140,0,gap,1
628,4078187,4078.187,207,0,gap,1
629,4088177,4088.177,208,0,gap,1
630,4092016,4092.016,155,0,gap,1
631,4095866,4095.866,112,0,gap,1
632,4108186,4108.186,255,0,gap,1
633,4112065,4112.065,124,0,gap,1
634,4115929,4115.929,83,0,gap,1
635,4128169,4128.169,231,0,gap,1
636,4132051,4132.051,80,0,gap,1
637,4135932,4135.932,119,0,gap,1
638,4139822,4139.822,153,0,gap,1
639,4148179,4148.179,153,0,gap,1
640,4158185,4158.185,233,0,gap,1
641,4162088,4162.088,108,0,gap,1
642,4165978,4165.978,84,0,gap,1
643,4178178,4178.178,213,0,gap,1
644,4182086,4182.086,83,1,pulse,2
645,4186089,4186.089,4095,1,pulse,2
646,4198181,4198.181,4095,1,pulse,2
647,4202041,4202.041,4095,1,pulse,2
648,4205892,4205.892,4095,1,pulse,2
649,4218174,4218.174,4095,1,pulse,2
650,4222035,4222.035,4095,0,gap,2
651,4226122,4226.122,2943,0,gap,2
652,4238173,4238.173,2771,0,gap,2
653,4242129,4242.129,2736,0,gap,2
654,4246068,4246.068,2715,0,gap,2
655,4258165,4258.165,2672,0,gap,2
656,4262123,4262.123,2633,0,gap,2
657,4266079,4266.079,2619,0,gap,2
658,4278169,4278.169,2603,0,gap,2
659,4284919,4284.919,2558,0,gap,2
660,4288630,4288.63,2533,0,gap,2
661,4298177,4298.177,2517,0,gap,2
662,4301878,4301.878,2512,0,gap,2
663,4308165,4308.165,2463,0,gap,2
664,4318173,4318.173,2429,0,gap,2
665,4321898,4321.898,2423,0,gap,2
666,4325614,4325.614,2411,0,gap,2
667,4338179,4338.179,2386,0,gap,2
668,4341907,4341.907,2365,0,gap,2
669,4345646,4345.646,2338,0,gap,2
670,4358186,4358.186,2336,0,gap,2
671,4361936,4361.936,2302,0,gap,2
672,4365682,4365.682,2285,0,gap,2
673,4378177,4378.177,2256,0,gap,2
674,4381934,4381.934,2240,0,gap,2
675,4385694,4385.694,2240,0,gap,2
676,4398185,4398.185,2185,0,gap,2
677,4401952,4401.952,2183,0,gap,2
678,4405718,4405.718,2189,0,gap,2
679,4418177,4418.177,2145,0,gap,2
680,4421984,4421.984,2126,0,gap,2
681,4425794,4425.794,2107,0,gap,2
682,4438185,4438.185,2105,0,gap,2
683,4442006,4442.006,2066,0,gap,2
684,4445818,4445.818,2064,0,gap,2
685,4458181,4458.181,2027,0,gap,2
686,4462004,4462.004,1985,0,gap,2
687,4465834,4465.834,1981,0,gap,2
688,4478185,4478.185,1975,0,gap,2
689,4482036,4482.036,1954,0,gap,2
690,4485877,4485.877,1926,0,gap,2
691,4498177,4498.177,1905,0,gap,2
692,4502028,4502.028,1887,0,gap,2
693,4505879,4505.879,1879,0,gap,2
694,4518185,4518.185,1847,0,gap,2
695,4522059,4522.059,1834,0,gap,2
696,4525949,4525.949,1823,0,gap,2
697,4538177,4538.177,1793,0,gap,2
698,4542069,4542.069,1805,0,gap,2
699,4545955,4545.955,1754,0,gap,2
700,4558185,4558.185,1762,0,gap,2
701,4562090,4562.09,1712,0,gap,2
702,4565987,4565.987,1709,0,gap,2
703,4578169,4578.169,1691,0,gap,2
704,4582084,4582.084,1671,0,gap,2
705,4585994,4585.994,1658,0,gap,2
706,4598173,4598.173,1619,0,gap,2
707,4602098,4602.098,1622,0,gap,2
708,4606018,4606.018,1609,0,gap,2
709,4618169,4618.169,1584,0,gap,2
710,4622099,4622.099,1573,0,gap,2
711,4626029,4626.029,1565,0,gap,2
712,4638173,4638.173,1567,0,gap,2
713,4642117,4642.117,1531,0,gap,2
714,4646053,4646.053,1502,0,gap,2
715,4658165,4658.165,1493,0,gap,2
716,4662115,4662.115,1467,0,gap,2
717,4666064,4666.064,1462,0,gap,2
718,4678169,4678.169,1450,0,gap,2
719,4682133,4682.133,1422,0,gap,2
720,4686092,4686.092,1415,0,gap,2
721,4698165,4698.165,1393,0,gap,2
722,4704883,4704.883,1365,0,gap,2
723,4708586,4708.586,1379,0,gap,2
724,4718185,4718.185,1355,0,gap,2
725,4721891,4721.891,1338,0,gap,2
726,4728169,4728.169,1322,0,gap,2
727,4738169,4738.169,1295,0,gap,2
728,4741899,4741.899,1314,0,gap,2
729,4745617,4745.617,1284,0,gap,2
730,4758186,4758.186,1270,0,gap,2
731,4761923,4761.923,1255,0,gap,2
732,4765659,4765.659,1227,0,gap,2
733,4778182,4778.182,1223,0,gap,2
734,4781933,4781.933,1198,0,gap,2
735,4785681,4785.681,1200,0,gap,2
736,4798185,4798.185,1194,0,gap,2
737,4801943,4801.943,1168,0,gap,2
738,4805700,4805.7,1168,0,gap,2
739,4818177,4818.177,1147,0,gap,2
740,4821945,4821.945,1136,0,gap,2
741,4825709,4825.709,1118,0,gap,2
742,4838185,4838.185,1118,0,gap,2
743,4841994,4841.994,1102,0,gap,2
744,4845804,4845.804,1085,0,gap,2
745,4858177,4858.177,1081,0,gap,2
746,4861995,4861.995,1053,0,gap,2
747,4865808,4865.808,1035,0,gap,2
748,4878185,4878.185,1051,0,gap,2
749,4882017,4882.017,1002,0,gap,2
750,4885839,4885.839,1013,0,gap,2
751,4898177,4898.177,997,0,gap,2
752,4902022,4902.022,968,0,gap,2
753,4905863,4905.863,988,0,gap,2
754,4918169,4918.169,966,0,gap,2
755,4922029,4922.029,978,0,gap,2
756,4925880,4925.88,961,0,gap,2
757,4929745,4929.745,914,0,gap,2
758,4938187,4938.187,947,0,gap,2
759,4948177,4948.177,912,0,gap,2
760,4952074,4952.074,891,0,gap,2
761,4955957,4955.957,899,0,gap,2
762,4968186,4968.186,878,0,gap,2
763,4972088,4972.088,888,0,gap,2
764,4975982,4975.982,868,0,gap,2
765,4988181,4988.181,891,0,gap,2
766,4992089,4992.089,859,0,gap,2
767,4995996,4995.996,830,0,gap,2
768,4999909,4999.909,810,0,gap,2
769,5008179,5008.179,848,0,gap,2
770,5018185,5018.185,816,0,gap,2
771,5022113,5022.113,805,0,gap,2
772,5026033,5026.033,802,0,gap,2
773,5038178,5038.178,810,0,gap,2
774,5042112,5042.112,791,0,gap,2
775,5046045,5046.045,767,0,gap,2
776,5058185,5058.185,807,0,gap,2
777,5062133,5062.133,753,0,gap,2
778,5066072,5066.072,738,0,gap,2
779,5070020,5070.02,747,0,gap,2
780,5078187,5078.187,759,0,gap,2
781,5088181,5088.181,742,0,gap,2
782,5092145,5092.145,726,0,gap,2
783,5096104,5096.104,696,0,gap,2
784,5108186,5108.186,752,0,gap,2
785,5114920,5114.92,708,0,gap,2
786,5118616,5118.616,680,0,gap,2
787,5128177,5128.177,703,0,gap,2
788,5131886,5131.886,659,0,gap,2
789,5135598,5135.598,669,0,gap,2
790,5148187,5148.187,673,0,gap,2
791,5151912,5151.912,623,0,gap,2
792,5155637,5155.637,656,0,gap,2
793,5168178,5168.178,657,0,gap,2
794,5171910,5171.91,638,0,gap,2
795,5175647,5175.647,638,0,gap,2
796,5188185,5188.185,637,0,gap,2
797,5191936,5191.936,624,0,gap,2
798,5195679,5195.679,603,0,gap,2
799,5208177,5208.177,656,0,gap,2
800,5211938,5211.938,592,0,gap,2
801,5215691,5215.691,566,0,gap,2
802,5228185,5228.185,628,0,gap,2
803,5231956,5231.956,562,0,gap,2
804,5235720,5235.72,554,0,gap,2
805,5248169,5248.169,582,0,gap,2
806,5251978,5251.978,537,0,gap,2
807,5255783,5255.783,560,0,gap,2
808,5268169,5268.169,556,0,gap,2
809,5271986,5271.986,548,0,gap,2
810,5275799,5275.799,557,0,gap,2
811,5288165,5288.165,569,0,gap,2
812,5291992,5291.992,546,0,gap,2
813,5295818,5295.818,503,0,gap,2
814,5308169,5308.169,576,0,gap,2
815,5312019,5312.019,506,0,gap,2
816,5315856,5315.856,483,0,gap,2
817,5328165,5328.165,589,0,gap,2
818,5332013,5332.013,478,0,gap,2
819,5335876,5335.876,477,0,gap,2
820,5339733,5339.733,501,0,gap,2
821,5348179,5348.179,507,0,gap,2
822,5358185,5358.185,550,0,gap,2
823,5362081,5362.081,464,0,gap,2
824,5365968,5365.968,451,0,gap,2
825,5378178,5378.178,539,0,gap,2
826,5382072,5382.072,419,0,gap,2
827,5385969,5385.969,422,0,gap,2
828,5398185,5398.185,495,0,gap,2
829,5402105,5402.105,429,0,gap,2
830,5406004,5406.004,437,0,gap,2
831,5409921,5409.921,434,0,gap,2
832,5418187,5418.187,428,0,gap,2
833,5428177,5428.177,494,0,gap,2
834,5432101,5432.101,418,0,gap,2
835,5436028,5436.028,398,0,gap,2
836,5448186,5448.186,464,0,gap,2
837,5452123,5452.123,382,0,gap,2
838,5456052,5456.052,407,0,gap,2
839,5468177,5468.177,429,0,gap,2
840,5472125,5472.125,392,0,gap,2
841,5476067,5476.067,409,0,gap,2
842,5480008,5480.008,375,0,gap,2
843,5488179,5488.179,432,0,gap,2
844,5498185,5498.185,434,0,gap,2
845,5502153,5502.153,346,0,gap,2
846,5506104,5506.104,398,0,gap,2
847,5512822,5512.822,415,0,gap,2
848,5518186,5518.186,356,0,gap,2
849,5528179,5528.179,450,0,gap,2
850,5531877,5531.877,353,0,gap,2
851,5538178,5538.178,375,0,gap,2
852,5548186,5548.186,410,0,gap,2
853,5551908,5551.908,335,0,gap,2
854,5555623,5555.623,359,0,gap,2
855,5568179,5568.179,387,0,gap,2
856,5571913,5571.913,335,0,gap,2
857,5575648,5575.648,370,0,gap,2
858,5588186,5588.186,382,0,gap,2
859,5591933,5591.933,357,0,gap,2
860,5595674,5595.674,329,0,gap,2
861,5608181,5608.181,423,0,gap,2
862,5611940,5611.94,318,0,gap,2
863,5615694,5615.694,289,0,gap,2
864,5628185,5628.185,429,0,gap,2
865,5631950,5631.95,287,0,gap,2
866,5635714,5635.714,285,0,gap,2
867,5648177,5648.177,383,0,gap,2
868,5651985,5651.985,284,0,gap,2
869,5655783,5655.783,307,0,gap,2
870,5668173,5668.173,334,0,gap,2
871,5671992,5671.992,305,0,gap,2
872,5675810,5675.81,304,0,gap,2
873,5688165,5688.165,351,0,gap,2
874,5691994,5691.994,317,0,gap,2
875,5695814,5695.814,301,0,gap,2
876,5708169,5708.169,391,0,gap,2
877,5712013,5712.013,289,0,gap,2
878,5715848,5715.848,257,0,gap,2
879,5728165,5728.165,382,0,gap,2
880,5732018,5732.018,252,0,gap,2
881,5735863,5735.863,244,0,gap,2
882,5739723,5739.723,282,0,gap,2
883,5748179,5748.179,320,0,gap,2
884,5758185,5758.185,357,0,gap,2
885,5762071,5762.071,279,0,gap,2
886,5765956,5765.956,238,0,gap,2
887,5778178,5778.178,368,0,gap,2
888,5782082,5782.082,246,0,gap,2
889,5785976,5785.976,229,0,gap,2
890,5798185,5798.185,338,0,gap,2
891,5802090,5802.09,234,0,gap,2
892,5805991,5805.991,261,0,gap,2
893,5809908,5809.908,270,0,gap,2
894,5818187,5818.187,246,0,gap,2
895,5828177,5828.177,347,0,gap,2
896,5832103,5832.103,215,0,gap,2
897,5836023,5836.023,208,0,gap,2
898,5848186,5848.186,306,0,gap,2
899,5852121,5852.121,222,0,gap,2
900,5856052,5856.052,240,0,gap,2
901,5868177,5868.177,272,0,gap,2
902,5872118,5872.118,238,0,gap,2
903,5876058,5876.058,261,0,gap,2
904,5880012,5880.012,219,0,gap,2
905,5888179,5888.179,263,0,gap,2
906,5898185,5898.185,273,0,gap,2
907,5902142,5902.142,191,0,gap,2
908,5906099,5906.099,221,0,gap,2
909,5918182,5918.182,256,0,gap,2
910,5924949,5924.949,286,0,gap,2
911,5928661,5928.661,208,0,gap,2
912,5938185,5938.185,253,0,gap,2
913,5941889,5941.889,234,0,gap,2
914,5945590,5945.59,206,0,gap,2
915,5958179,5958.179,309,0,gap,2
916,5961895,5961.895,212,0,gap,2
917,5965619,5965.619,173,0,gap,2
918,5978186,5978.186,307,0,gap,2
919,5981925,5981.925,179,0,gap,2
920,5985659,5985.659,155,0,gap,2
921,5998177,5998.177,274,1,pulse,3
922,6002010,6002.01,4095,1,pulse,3
923,6005702,6005.702,4095,1,pulse,3
924,6018182,6018.182,4095,1,pulse,3
925,6021884,6021.884,4095,1,pulse,3
926,6025569,6025.569,4095,1,pulse,3
927,6038174,6038.174,4095,0,gap,3
928,6042096,6042.096,2990,0,gap,3
929,6045883,6045.883,2881,0,gap,3
930,6058185,6058.185,2743,0,gap,3
931,6062005,6062.005,2736,0,gap,3
932,6065811,6065.811,2701,0,gap,3
933,6078177,6078.177,2634,0,gap,3
934,6081999,6081.999,2619,0,gap,3
935,6085833,6085.833,2590,0,gap,3
936,6098185,6098.185,2555,0,gap,3
937,6102025,6102.025,2547,0,gap,3
938,6105853,6105.853,2531,0,gap,3
939,6118177,6118.177,2495,0,gap,3
940,6122032,6122.032,2467,0,gap,3
941,6125884,6125.884,2478,0,gap,3
942,6138185,6138.185,2442,0,gap,3
943,6142054,6142.054,2426,0,gap,3
944,6145910,6145.91,2384,0,gap,3
945,6158181,6158.181,2371,0,gap,3
946,6162057,6162.057,2347,0,gap,3
947,6165947,6165.947,2337,0,gap,3
948,6178185,6178.185,2309,0,gap,3
949,6182089,6182.089,2303,0,gap,3
950,6185985,6185.985,2270,0,gap,3
951,6198169,6198.169,2256,0,gap,3
952,6202079,6202.079,2218,0,gap,3
953,6205992,6205.992,2206,0,gap,3
954,6218173,6218.173,2192,0,gap,3
955,6222097,6222.097,2187,0,gap,3
956,6226012,6226.012,2159,0,gap,3
957,6238169,6238.169,2141,0,gap,3
958,6242095,6242.095,2112,0,gap,3
959,6246027,6246.027,2097,0,gap,3
960,6258173,6258.173,2055,0,gap,3
961,6262124,6262.124,2063,0,gap,3
962,6266059,6266.059,2042,0,gap,3
963,6278165,6278.165,2007,0,gap,3
964,6282114,6282.114,1991,0,gap,3
965,6286067,6286.067,1991,0,gap,3
966,6298169,6298.169,1939,0,gap,3
967,6302140,6302.14,1942,0,gap,3
968,6306094,6306.094,1920,0,gap,3
969,6318165,6318.165,1898,0,gap,3
970,6322130,6322.13,1870,0,gap,3
971,6326102,6326.102,1879,0,gap,3
972,6338173,6338.173,1847,0,gap,3
973,6344908,6344.908,1826,0,gap,3
974,6348611,6348.611,1817,0,gap,3
975,6358177,6358.177,1808,0,gap,3
976,6361893,6361.893,1775,0,gap,3
977,6368169,6368.169,1766,0,gap,3
978,6378173,6378.173,1759,0,gap,3
979,6381913,6381.913,1715,0,gap,3
980,6385636,6385.636,1702,0,gap,3
981,6398178,6398.178,1689,0,gap,3
982,6401917,6401.917,1662,0,gap,3
983,6405671,6405.671,1647,0,gap,3
984,6418186,6418.186,1635,0,gap,3
985,6421947,6421.947,1637,0,gap,3
986,6425697,6425.697,1599,0,gap,3
987,6438177,6438.177,1595,0,gap,3
988,6441945,6441.945,1555,0,gap,3
989,6445712,6445.712,1535,0,gap,3
990,6458185,6458.185,1526,0,gap,3
991,6461971,6461.971,1506,0,gap,3
992,6465745,6465.745,1502,0,gap,3
993,6478181,6478.181,1505,0,gap,3
994,6481992,6481.992,1447,0,gap,3
995,6485812,6485.812,1440,0,gap,3
996,6498185,6498.185,1450,0,gap,3
997,6502017,6502.017,1411,0,gap,3
998,6505835,6505.835,1408,0,gap,3
999,6518177,6518.177,1383,0,gap,3
1000,6522015,6522.015,1371,0,gap,3
1001,6525861,6525.861,1361,0,gap,3
1002,6538185,6538.185,1348,0,gap,3
1003,6542042,6542.042,1347,0,gap,3
1004,6545890,6545.89,1309,0,gap,3
1005,6558177,6558.177,1306,0,gap,3
1006,6562041,6562.041,1288,0,gap,3
1007,6565915,6565.915,1271,0,gap,3
1008,6578185,6578.185,1267,0,gap,3
1009,6582075,6582.075,1225,0,gap,3
1010,6585954,6585.954,1214,0,gap,3
1011,6598177,6598.177,1210,0,gap,3
1012,6602077,6602.077,1197,0,gap,3
1013,6605979,6605.979,1190,0,gap,3
1014,6618185,6618.185,1168,0,gap,3
1015,6622110,6622.11,1156,0,gap,3
1016,6626018,6626.018,1154,0,gap,3
1017,6638177,6638.177,1140,0,gap,3
1018,6642096,6642.096,1125,0,gap,3
1019,6646018,6646.018,1099,0,gap,3
1020,6658189,6658.189,1119,0,gap,3
1021,6662130,6662.13,1101,0,gap,3
1022,6666053,6666.053,1068,0,gap,3
1023,6678177,6678.177,1088,0,gap,3
1024,6682120,6682.12,1023,0,gap,3
1025,6686069,6686.069,1040,0,gap,3
1026,6698185,6698.185,1038,0,gap,3
1027,6702145,6702.145,1004,0,gap,3
1028,6706093,6706.093,1005,0,gap,3
1029,6718177,6718.177,985,0,gap,3
1030,6722138,6722.138,991,0,gap,3
1031,6726106,6726.106,976,0,gap,3
1032,6738169,6738.169,955,0,gap,3
1033,6742143,6742.143,979,0,gap,3
1034,6746109,6746.109,939,0,gap,3
1035,6758165,6758.165,946,0,gap,3
1036,6764909,6764.909,925,0,gap,3
1037,6768622,6768.622,905,0,gap,3
1038,6778185,6778.185,917,0,gap,3
1039,6781909,6781.909,865,0,gap,3
1040,6788169,6788.169,869,0,gap,3
1041,6798173,6798.173,876,0,gap,3
1042,6801901,6801.901,837,0,gap,3
1043,6805632,6805.632,851,0,gap,3
1044,6818186,6818.186,837,0,gap,3
1045,6821933,6821.933,828,0,gap,3
1046,6825673,6825.673,833,0,gap,3
1047,6838178,6838.178,816,0,gap,3
1048,6841935,6841.935,816,0,gap,3
1049,6845696,6845.696,813,0,gap,3
1050,6858185,6858.185,829,0,gap,3
1051,6861957,6861.957,783,0,gap,3
1052,6865724,6865.724,767,0,gap,3
1053,6878177,6878.177,796,0,gap,3
1054,6881951,6881.951,726,0,gap,3
1055,6885733,6885.733,731,0,gap,3
1056,6898185,6898.185,777,0,gap,3
1057,6902008,6902.008,706,0,gap,3
1058,6905816,6905.816,731,0,gap,3
1059,6918177,6918.177,715,0,gap,3
1060,6922001,6922.001,695,0,gap,3
1061,6925832,6925.832,705,0,gap,3
1062,6938185,6938.185,710,0,gap,3
1063,6942035,6942.035,701,0,gap,3
1064,6945867,6945.867,685,0,gap,3
1065,6958177,6958.177,703,0,gap,3
1066,6962034,6962.034,671,0,gap,3
1067,6965885,6965.885,627,0,gap,3
1068,6978189,6978.189,690,0,gap,3
1069,6982051,6982.051,629,0,gap,3
1070,6985912,6985.912,624,0,gap,3
1071,6998177,6998.177,678,0,gap,3
1072,7002061,7002.061,589,0,gap,3
1073,7005953,7005.953,624,0,gap,3
1074,7018185,7018.185,622,0,gap,3
1075,7022091,7022.091,605,0,gap,3
1076,7025988,7025.988,625,0,gap,3
1077,7038177,7038.177,607,0,gap,3
1078,7042093,7042.093,598,0,gap,3
1079,7046007,7046.007,589,0,gap,3
1080,7058173,7058.173,620,0,gap,3
1081,7062094,7062.094,591,0,gap,3
1082,7066015,7066.015,570,0,gap,3
1083,7078169,7078.169,627,0,gap,3
1084,7082104,7082.104,536,0,gap,3
1085,7086030,7086.03,530,0,gap,3
1086,7098173,7098.173,594,0,gap,3
1087,7102118,7102.118,506,0,gap,3
1088,7106058,7106.058,541,0,gap,3
1089,7118169,7118.169,547,0,gap,3
1090,7122120,7122.12,511,0,gap,3
1091,7126069,7126.069,551,0,gap,3
1092,7138169,7138.169,510,0,gap,3
1093,7142137,7142.137,528,0,gap,3
1094,7146089,7146.089,499,0,gap,3
1095,7158165,7158.165,555,0,gap,3
1096,7162135,7162.135,496,0,gap,3
1097,7166109,7166.109,466,0,gap,3
1098,7172833,7172.833,511,0,gap,3
1099,7176572,7176.572,490,0,gap,3
1100,7188191,7188.191,508,0,gap,3
1101,7191907,7191.907,487,0,gap,3
1102,7198169,7198.169,496,0,gap,3
1103,7208169,7208.169,525,0,gap,3
1104,7211902,7211.902,470,0,gap,3
1105,7215634,7215.634,434,0,gap,3
1106,7228186,7228.186,537,0,gap,3
1107,7231926,7231.926,420,0,gap,3
1108,7235666,7235.666,395,0,gap,3
1109,7248178,7248.178,484,0,gap,3
1110,7251931,7251.931,384,0,gap,3
1111,7255690,7255.69,418,0,gap,3
1112,7268185,7268.185,441,0,gap,3
1113,7271951,7271.951,410,0,gap,3
1114,7275715,7275.715,434,0,gap,3
1115,7288177,7288.177,443,0,gap,3
1116,7291956,7291.956,427,0,gap,3
1117,7295727,7295.727,408,0,gap,3
1118,7308185,7308.185,448,0,gap,3
1119,7311994,7311.994,407,0,gap,3
1120,7315806,7315.806,382,0,gap,3
1121,7328181,7328.181,466,0,gap,3
1122,7332007,7332.007,368,0,gap,3
1123,7335831,7335.831,357,0,gap,3
1124,7348185,7348.185,441,0,gap,3
1125,7352020,7352.02,339,0,gap,3
1126,7355850,7355.85,368,0,gap,3
1127,7368177,7368.177,405,0,gap,3
1128,7372023,7372.023,336,0,gap,3
1129,7375876,7375.876,371,0,gap,3
1130,7388185,7388.185,386,0,gap,3
1131,7392049,7392.049,378,0,gap,3
1132,7395903,7395.903,357,0,gap,3
1133,7408177,7408.177,413,0,gap,3
1134,7412052,7412.052,368,0,gap,3
1135,7415944,7415.944,320,0,gap,3
1136,7428185,7428.185,439,0,gap,3
1137,7432096,7432.096,322,0,gap,3
1138,7435986,7435.986,290,0,gap,3
1139,7448177,7448.177,402,0,gap,3
1140,7452082,7452.082,296,0,gap,3
1141,7455990,7455.99,329,0,gap,3
1142,7468173,7468.173,359,0,gap,3
1143,7472104,7472.104,322,0,gap,3
1144,7476017,7476.017,339,0,gap,3
1145,7488169,7488.169,334,0,gap,3
1146,7492097,7492.097,320,0,gap,3
1147,7496025,7496.025,304,0,gap,3
1148,7508177,7508.177,374,0,gap,3
1149,7512123,7512.123,318,0,gap,3
1150,7516056,7516.056,286,0,gap,3
1151,7528165,7528.165,416,0,gap,3
1152,7532113,7532.113,284,0,gap,3
1153,7536064,7536.064,267,0,gap,3
1154,7548169,7548.169,381,0,gap,3
1155,7552131,7552.131,255,0,gap,3
1156,7556083,7556.083,273,0,gap,3
1157,7568165,7568.165,332,0,gap,3
1158,7572128,7572.128,243,0,gap,3
1159,7576103,7576.103,305,0,gap,3
1160,7588169,7588.169,304,0,gap,3
1161,7594959,7594.959,352,0,gap,3
1162,7598678,7598.678,256,0,gap,3
1163,7608177,7608.177,333,0,gap,3
1164,7611896,7611.896,283,0,gap,3
1165,7618165,7618.165,267,0,gap,3
1166,7628185,7628.185,354,0,gap,3
1167,7631924,7631.924,245,0,gap,3
1168,7635651,7635.651,206,0,gap,3
1169,7648183,7648.183,336,0,gap,3
1170,7651925,7651.925,226,0,gap,3
1171,7655669,7655.669,240,0,gap,3
1172,7668186,7668.186,306,0,gap,3
1173,7671946,7671.946,227,0,gap,3
1174,7675694,7675.694,250,0,gap,3
1175,7688177,7688.177,277,0,gap,3
1176,7691945,7691.945,254,0,gap,3
1177,7695715,7695.715,239,0,gap,3
1178,7708185,7708.185,318,0,gap,3
1179,7711970,7711.97,245,0,gap,3
1180,7715742,7715.742,206,0,gap,3
1181,7728177,7728.177,333,0,gap,3
1182,7731992,7731.992,207,0,gap,3
1183,7735811,7735.811,200,0,gap,3
1184,7748185,7748.185,325,0,gap,3
1185,7752020,7752.02,191,0,gap,3
1186,7755842,7755.842,191,0,gap,3
1187,7768177,7768.177,272,0,gap,3
1188,7772010,7772.01,197,0,gap,3
1189,7775847,7775.847,237,0,gap,3
1190,7788185,7788.185,240,0,gap,3
1191,7792047,7792.047,209,0,gap,3
1192,7795892,7795.892,220,0,gap,3
1193,7808177,7808.177,279,0,gap,3
1194,7812039,7812.039,220,0,gap,3
1195,7815903,7815.903,183,0,gap,3
1196,7828189,7828.189,321,0,gap,3
1197,7832073,7832.073,189,0,gap,3
1198,7835962,7835.962,166,0,gap,3
1199,7848177,7848.177,283,0,gap,3
1200,7852078,7852.078,176,0,gap,3
1201,7855986,7855.986,185,0,gap,3
1202,7868173,7868.173,233,0,gap,3
1203,7872088,7872.088,173,0,gap,3
1204,7875990,7875.99,209,0,gap,3
1205,7888169,7888.169,218,0,gap,3
1206,7892086,7892.086,190,0,gap,3
1207,7896014,7896.014,194,0,gap,3
1208,7908173,7908.173,254,0,gap,3
1209,7912111,7912.111,202,0,gap,3
1210,7916037,7916.037,153,0,gap,3
1211,7928169,7928.169,279,0,gap,3
1212,7932113,7932.113,179,0,gap,3
1213,7936052,7936.052,141,1,pulse,4
1214,7948190,7948.19,4095,1,pulse,4
1215,7952090,7952.09,4095,1,pulse,4
1216,7955970,7955.97,4095,1,pulse,4
1217,7968174,7968.174,4095,1,pulse,4
1218,7972068,7972.068,4095,1,pulse,4
1219,7975965,7975.965,4095,1,pulse,4
1220,7988182,7988.182,4095,0,gap,4
1221,7992316,7992.316,2997,0,gap,4
1222,7996296,7996.296,2848,0,gap,4
1223,8008177,8008.177,2768,0,gap,4
1224,8014923,8014.923,2704,0,gap,4
1225,8018645,8018.645,2691,0,gap,4
1226,8028186,8028.186,2645,0,gap,4
1227,8031920,8031.92,2635,0,gap,4
1228,8038185,8038.185,2610,0,gap,4
1229,8048177,8048.177,2559,0,gap,4
1230,8051921,8051.921,2543,0,gap,4
1231,8055667,8055.667,2544,0,gap,4
1232,8068191,8068.191,2498,0,gap,4
1233,8071953,8071.953,2471,0,gap,4
1234,8075705,8075.705,2476,0,gap,4
1235,8088179,8088.179,2439,0,gap,4
1236,8091947,8091.947,2410,0,gap,4
1237,8095715,8095.715,2411,0,gap,4
1238,8108186,8108.186,2377,0,gap,4
1239,8111972,8111.972,2369,0,gap,4
1240,8115746,8115.746,2342,0,gap,4
1241,8128177,8128.177,2305,0,gap,4
1242,8131962,8131.962,2297,0,gap,4
1243,8135755,8135.755,2256,0,gap,4
1244,8148185,8148.185,2255,0,gap,4
1245,8152019,8152.019,2233,0,gap,4
1246,8155838,8155.838,2211,0,gap,4
1247,8168177,8168.177,2207,0,gap,4
1248,8172020,8172.02,2162,0,gap,4
1249,8175858,8175.858,2159,0,gap,4
1250,8188185,8188.185,2134,0,gap,4
1251,8192042,8192.042,2128,0,gap,4
1252,8195881,8195.881,2096,0,gap,4
1253,8208177,8208.177,2076,0,gap,4
1254,8212044,8212.044,2057,0,gap,4
1255,8215906,8215.906,2019,0,gap,4
1256,8228185,8228.185,2021,0,gap,4
1257,8232058,8232.058,1995,0,gap,4
1258,8235931,8235.931,1980,0,gap,4
1259,8248177,8248.177,1979,0,gap,4
1260,8252069,8252.069,1913,0,gap,4
1261,8255962,8255.962,1906,0,gap,4
1262,8268185,8268.185,1901,0,gap,4
1263,8272102,8272.102,1872,0,gap,4
1264,8276019,8276.019,1872,0,gap,4
1265,8288177,8288.177,1840,0,gap,4
1266,8292100,8292.1,1824,0,gap,4
1267,8296018,8296.018,1814,0,gap,4
1268,8308185,8308.185,1802,0,gap,4
1269,8312118,8312.118,1776,0,gap,4
1270,8316054,8316.054,1756,0,gap,4
1271,8328177,8328.177,1733,0,gap,4
1272,8332124,8332.124,1712,0,gap,4
1273,8336061,8336.061,1709,0,gap,4
1274,8348185,8348.185,1665,0,gap,4
1275,8352141,8352.141,1669,0,gap,4
1276,8356089,8356.089,1658,0,gap,4
1277,8368177,8368.177,1641,0,gap,4
1278,8372139,8372.139,1600,0,gap,4
1279,8376100,8376.1,1600,0,gap,4
1280,8388189,8388.189,1587,0,gap,4
1281,8392161,8392.161,1569,0,gap,4
1282,8396127,8396.127,1563,0,gap,4
1283,8408177,8408.177,1523,0,gap,4
1284,8412158,8412.158,1501,0,gap,4
1285,8416139,8416.139,1504,0,gap,4
1286,8428185,8428.185,1499,0,gap,4
1287,8434795,8434.795,1453,0,gap,4
1288,8438521,8438.521,1440,0,gap,4
1289,8448178,8448.178,1426,0,gap,4
1290,8451905,8451.905,1428,0,gap,4
1291,8458177,8458.177,1417,0,gap,4
1292,8468185,8468.185,1377,0,gap,4
1293,8471932,8471.932,1353,0,gap,4
1294,8475667,8475.667,1365,0,gap,4
1295,8488179,8488.179,1333,0,gap,4
1296,8491938,8491.938,1331,0,gap,4
1297,8495693,8495.693,1322,0,gap,4
1298,8508186,8508.186,1315,0,gap,4
1299,8511959,8511.959,1300,0,gap,4
1300,8515724,8515.724,1267,0,gap,4
1301,8528178,8528.178,1282,0,gap,4
1302,8531957,8531.957,1223,0,gap,4
1303,8535739,8535.739,1210,0,gap,4
1304,8548185,8548.185,1217,0,gap,4
1305,8551978,8551.978,1194,0,gap,4
1306,8555759,8555.759,1193,0,gap,4
1307,8568177,8568.177,1167,0,gap,4
1308,8572007,8572.007,1150,0,gap,4
1309,8575835,8575.835,1155,0,gap,4
1310,8588185,8588.185,1120,0,gap,4
1311,8592028,8592.028,1125,0,gap,4
1312,8595871,8595.871,1105,0,gap,4
1313,8608177,8608.177,1106,0,gap,4
1314,8612026,8612.026,1093,0,gap,4
1315,8615870,8615.87,1059,0,gap,4
1316,8628185,8628.185,1087,0,gap,4
1317,8632052,8632.052,1046,0,gap,4
1318,8635919,8635.919,1021,0,gap,4
1319,8648177,8648.177,1040,0,gap,4
1320,8652055,8652.055,991,0,gap,4
1321,8655930,8655.93,987,0,gap,4
1322,8668185,8668.185,1006,0,gap,4
1323,8672091,8672.091,966,0,gap,4
1324,8675992,8675.992,978,0,gap,4
1325,8688177,8688.177,950,0,gap,4
1326,8692093,8692.093,939,0,gap,4
1327,8696004,8696.004,943,0,gap,4
1328,8708177,8708.177,927,0,gap,4
1329,8712103,8712.103,919,0,gap,4
1330,8716024,8716.024,897,0,gap,4
1331,8728169,8728.169,913,0,gap,4
1332,8732101,8732.101,885,0,gap,4
1333,8736027,8736.027,845,0,gap,4
1334,8748173,8748.173,892,0,gap,4
1335,8752118,8752.118,827,0,gap,4
1336,8756059,8756.059,826,0,gap,4
1337,8768165,8768.165,839,0,gap,4
1338,8772120,8772.12,813,0,gap,4
1339,8776070,8776.07,839,0,gap,4
1340,8788169,8788.169,791,0,gap,4
1341,8792134,8792.134,814,0,gap,4
1342,8796094,8796.094,803,0,gap,4
1343,8808165,8808.165,812,0,gap,4
1344,8812144,8812.144,773,0,gap,4
1345,8816109,8816.109,756,0,gap,4
1346,8828169,8828.169,797,0,gap,4
1347,8832149,8832.149,751,0,gap,4
1348,8836129,8836.129,710,0,gap,4
1349,8842870,8842.87,752,0,gap,4
1350,8846625,8846.625,738,0,gap,4
1351,8858179,8858.179,731,0,gap,4
1352,8861906,8861.906,727,0,gap,4
1353,8868165,8868.165,694,0,gap,4
1354,8878173,8878.173,752,0,gap,4
1355,8881920,8881.92,683,0,gap,4
1356,8885651,8885.651,665,0,gap,4
1357,8898178,8898.178,720,0,gap,4
1358,8901925,8901.925,642,0,gap,4
1359,8905680,8905.68,643,0,gap,4
1360,8918190,8918.19,685,0,gap,4
1361,8921958,8921.958,633,0,gap,4
1362,8925722,8925.722,657,0,gap,4
1363,8938177,8938.177,641,0,gap,4
1364,8941952,8941.952,625,0,gap,4
1365,8945723,8945.723,647,0,gap,4
1366,8958185,8958.185,637,0,gap,4
1367,8961974,8961.974,624,0,gap,4
1368,8965759,8965.759,624,0,gap,4
1369,8978177,8978.177,667,0,gap,4
1370,8982002,8982.002,594,0,gap,4
1371,8985824,8985.824,565,0,gap,4
1372,8998185,8998.185,635,0,gap,4
1373,9002020,9002.02,550,0,gap,4
1374,9005855,9005.855,552,0,gap,4
1375,9018177,9018.177,591,0,gap,4
1376,9022030,9022.03,534,0,gap,4
1377,9025875,9025.875,549,0,gap,4
1378,9038185,9038.185,557,0,gap,4
1379,9042041,9042.041,557,0,gap,4
1380,9045897,9045.897,547,0,gap,4
1381,9058177,9058.177,570,0,gap,4
1382,9062051,9062.051,533,0,gap,4
1383,9065919,9065.919,511,0,gap,4
1384,9078185,9078.185,560,0,gap,4
1385,9082073,9082.073,511,0,gap,4
1386,9085966,9085.966,490,0,gap,4
1387,9098177,9098.177,560,0,gap,4
1388,9102086,9102.086,465,0,gap,4
1389,9105995,9105.995,466,0,gap,4
1390,9118173,9118.173,510,0,gap,4
1391,9122096,9122.096,455,0,gap,4
1392,9126018,9126.018,483,0,gap,4
1393,9138169,9138.169,478,0,gap,4
1394,9142102,9142.102,471,0,gap,4
1395,9146030,9146.03,469,0,gap,4
1396,9158173,9158.173,482,0,gap,4
1397,9162112,9162.112,464,0,gap,4
1398,9166050,9166.05,446,0,gap,4
1399,9178165,9178.165,511,0,gap,4
1400,9182117,9182.117,448,0,gap,4
1401,9186061,9186.061,407,0,gap,4
1402,9198169,9198.169,501,0,gap,4
1403,9202131,9202.131,404,0,gap,4
1404,9206085,9206.085,384,0,gap,4
1405,9218165,9218.165,474,0,gap,4
1406,9222133,9222.133,380,0,gap,4
1407,9226100,9226.1,418,0,gap,4
1408,9238173,9238.173,436,0,gap,4
1409,9242151,9242.151,411,0,gap,4
1410,9246128,9246.128,412,0,gap,4
1411,9258165,9258.165,424,0,gap,4
1412,9264955,9264.955,439,0,gap,4
1413,9268684,9268.684,356,0,gap,4
1414,9278185,9278.185,447,0,gap,4
1415,9281914,9281.914,385,0,gap,4
1416,9288169,9288.169,368,0,gap,4
1417,9298169,9298.169,457,0,gap,4
1418,9301910,9301.91,345,0,gap,4
1419,9305654,9305.654,337,0,gap,4
1420,9318186,9318.186,415,0,gap,4
1421,9321942,9321.942,327,0,gap,4
1422,9325697,9325.697,357,0,gap,4
1423,9338178,9338.178,369,0,gap,4
1424,9341952,9341.952,333,0,gap,4
1425,9345714,9345.714,349,0,gap,4
1426,9358185,9358.185,373,0,gap,4
1427,9361962,9361.962,369,0,gap,4
1428,9365735,9365.735,353,0,gap,4
1429,9378177,9378.177,417,0,gap,4
1430,9381968,9381.968,337,0,gap,4
1431,9385754,9385.754,304,0,gap,4
1432,9398185,9398.185,422,0,gap,4
1433,9402018,9402.018,307,0,gap,4
1434,9405839,9405.839,285,0,gap,4
1435,9418177,9418.177,384,0,gap,4
1436,9422014,9422.014,259,0,gap,4
1437,9425850,9425.85,311,0,gap,4
1438,9438185,9438.185,337,0,gap,4
1439,9442036,9442.036,306,0,gap,4
1440,9445886,9445.886,320,0,gap,4
1441,9458177,9458.177,331,0,gap,4
1442,9462033,9462.033,318,0,gap,4
1443,9465897,9465.897,295,0,gap,4
1444,9478185,9478.185,379,0,gap,4
1445,9482060,9482.06,304,0,gap,4
1446,9485926,9485.926,271,0,gap,4
1447,9498177,9498.177,394,0,gap,4
1448,9502067,9502.067,273,0,gap,4
1449,9505973,9505.973,251,0,gap,4
1450,9518173,9518.173,367,0,gap,4
1451,9522096,9522.096,247,0,gap,4
1452,9526002,9526.002,272,0,gap,4
1453,9538169,9538.169,310,0,gap,4
1454,9542090,9542.09,256,0,gap,4
1455,9546014,9546.014,279,0,gap,4
1456,9558177,9558.177,298,0,gap,4
1457,9562112,9562.112,276,0,gap,4
1458,9566033,9566.033,247,0,gap,4
1459,9578169,9578.169,341,0,gap,4
1460,9582105,9582.105,257,0,gap,4
1461,9586045,9586.045,241,0,gap,4
1462,9598169,9598.169,351,0,gap,4
1463,9602127,9602.127,229,0,gap,4
1464,9606072,9606.072,207,0,gap,4
1465,9618165,9618.165,320,0,gap,4
1466,9622121,9622.121,205,0,gap,4
1467,9626084,9626.084,232,0,gap,4
1468,9638169,9638.169,270,0,gap,4
1469,9642146,9642.146,228,0,gap,4
1470,9646107,9646.107,258,0,gap,4
1471,9658165,9658.165,256,0,gap,4
1472,9662148,9662.148,245,0,gap,4
1473,9666127,9666.127,216,0,gap,4
1474,9670111,9670.111,198,0,gap,4
1475,9676859,9676.859,251,0,gap,4
1476,9688187,9688.187,233,0,gap,4
1477,9691912,9691.912,187,0,gap,4
1478,9698169,9698.169,267,0,gap,4
1479,9708169,9708.169,225,0,gap,4
1480,9711907,9711.907,225,0,gap,4
1481,9715645,9715.645,218,0,gap,4
1482,9728186,9728.186,294,0,gap,4
1483,9731948,9731.948,234,0,gap,4
1484,9735689,9735.689,158,0,gap,4
1485,9748178,9748.178,327,0,gap,4
1486,9751941,9751.941,176,0,gap,4
1487,9755709,9755.709,144,0,gap,4
1488,9768189,9768.189,304,0,gap,4
1489,9771968,9771.968,157,0,gap,4
1490,9775733,9775.733,192,0,gap,4
1491,9788177,9788.177,241,0,gap,4
1492,9791957,9791.957,181,0,gap,4
1493,9795741,9795.741,224,0,gap,4
1494,9808185,9808.185,240,0,gap,4
1495,9812005,9812.005,215,0,gap,4
1496,9815821,9815.821,196,0,gap,4
1497,9828177,9828.177,276,0,gap,4
1498,9832008,9832.008,188,0,gap,4
1499,9835845,9835.845,144,0,gap,4
1500,9848185,9848.185,275,0,gap,4
1501,9852033,9852.033,162,0,gap,4
1502,9855869,9855.869,142,0,gap,4
1503,9868177,9868.177,269,0,gap,4
1504,9872036,9872.036,133,0,gap,4
1505,9875893,9875.893,162,0,gap,4
1506,9888185,9888.185,209,0,gap,4
1507,9892058,9892.058,151,0,gap,4
1508,9895922,9895.922,191,0,gap,4
1509,9908177,9908.177,207,0,gap,4
1510,9912068,9912.068,183,0,gap,4
1511,9915959,9915.959,158,0,gap,4
1512,9928185,9928.185,246,0,gap,4
1513,9932102,9932.102,178,0,gap,4
1514,9936006,9936.006,126,0,gap,4
1515,9948169,9948.169,258,0,gap,4
1516,9952084,9952.084,139,0,gap,4
1517,9956001,9956.001,99,0,gap,4
1518,9968169,9968.169,240,0,gap,4
1519,9972105,9972.105,112,0,gap,4
1520,9976033,9976.033,144,0,gap,4
1521,9988169,9988.169,189,0,gap,4
1522,9992103,9992.103,131,0,gap,4
1523,9996045,9996.045,165,0,gap,4
1524,10008169,10008.169,176,0,gap,4
1525,10012122,10012.122,168,0,gap,4
1526,10016066,10016.066,142,0,gap,4
1527,10028177,10028.177,233,0,gap,4
1528,10032136,10032.136,144,0,gap,4
1529,10036093,10036.093,117,0,gap,4
1530,10048185,10048.185,511,1,pulse,5
1531,10052257,10052.257,4095,1,pulse,5
1532,10056163,10056.163,4095,1,pulse,5
1533,10068174,10068.174,4095,1,pulse,5
1534,10072086,10072.086,4095,1,pulse,5
1535,10076002,10076.002,4095,1,pulse,5
1536,10088182,10088.182,4095,0,gap,5
1537,10095096,10095.096,2863,0,gap,5
1538,10098865,10098.865,2806,0,gap,5
1539,10108178,10108.178,2754,0,gap,5
1540,10111912,10111.912,2707,0,gap,5
1541,10118178,10118.178,2677,0,gap,5
1542,10128186,10128.186,2658,0,gap,5
1543,10131944,10131.944,2642,0,gap,5
1544,10138185,10138.185,2603,0,gap,5
1545,10148178,10148.178,2579,0,gap,5
1546,10151940,10151.94,2530,0,gap,5
1547,10158177,10158.177,2531,0,gap,5
1548,10168185,10168.185,2512,0,gap,5
1549,10171961,10171.961,2480,0,gap,5
1550,10175734,10175.734,2463,0,gap,5
1551,10188183,10188.183,2425,0,gap,5
1552,10191974,10191.974,2404,0,gap,5
1553,10195760,10195.76,2405,0,gap,5
1554,10208187,10208.187,2359,0,gap,5
1555,10211988,10211.988,2379,0,gap,5
1556,10215784,10215.784,2352,0,gap,5
1557,10228179,10228.179,2322,0,gap,5
1558,10232015,10232.015,2288,0,gap,5
1559,10235849,10235.849,2283,0,gap,5
1560,10248186,10248.186,2256,0,gap,5
1561,10252033,10252.033,2240,0,gap,5
1562,10255879,10255.879,2217,0,gap,5
1563,10268178,10268.178,2192,0,gap,5
1564,10272035,10272.035,2181,0,gap,5
1565,10275887,10275.887,2157,0,gap,5
1566,10288186,10288.186,2134,0,gap,5
1567,10292061,10292.061,2105,0,gap,5
1568,10295932,10295.932,2119,0,gap,5
1569,10308178,10308.178,2074,0,gap,5
1570,10312059,10312.059,2057,0,gap,5
1571,10315935,10315.935,2028,0,gap,5
1572,10328190,10328.19,2021,0,gap,5
1573,10332093,10332.093,2002,0,gap,5
1574,10335993,10335.993,1983,0,gap,5
1575,10348177,10348.177,1953,0,gap,5
1576,10352103,10352.103,1909,0,gap,5
1577,10356023,10356.023,1911,0,gap,5
1578,10368185,10368.185,1887,0,gap,5
1579,10372120,10372.12,1872,0,gap,5
1580,10376047,10376.047,1868,0,gap,5
1581,10388177,10388.177,1861,0,gap,5
1582,10392118,10392.118,1799,0,gap,5
1583,10396062,10396.062,1823,0,gap,5
1584,10408185,10408.185,1779,0,gap,5
1585,10412136,10412.136,1785,0,gap,5
1586,10416082,10416.082,1755,0,gap,5
1587,10428177,10428.177,1734,0,gap,5
1588,10432146,10432.146,1717,0,gap,5
1589,10436101,10436.101,1701,0,gap,5
1590,10448185,10448.185,1680,0,gap,5
1591,10452159,10452.159,1677,0,gap,5
1592,10456128,10456.128,1659,0,gap,5
1593,10468177,10468.177,1635,0,gap,5
1594,10472161,10472.161,1596,0,gap,5
1595,10476136,10476.136,1611,0,gap,5
1596,10488185,10488.185,1590,0,gap,5
1597,10492179,10492.179,1569,0,gap,5
1598,10496163,10496.163,1559,0,gap,5
1599,10508181,10508.181,1517,0,gap,5
1600,10514955,10514.955,1519,0,gap,5
1601,10518700,10518.7,1477,0,gap,5
1602,10528186,10528.186,1499,0,gap,5
1603,10531923,10531.923,1465,0,gap,5
1604,10538190,10538.19,1443,0,gap,5
1605,10548178,10548.178,1423,0,gap,5
1606,10551935,10551.935,1424,0,gap,5
1607,10558177,10558.177,1387,0,gap,5
1608,10568186,10568.186,1392,0,gap,5
1609,10571950,10571.95,1361,0,gap,5
1610,10578173,10578.173,1375,0,gap,5
1611,10588177,10588.177,1334,0,gap,5
1612,10591960,10591.96,1311,0,gap,5
1613,10595739,10595.739,1303,0,gap,5
1614,10608187,10608.187,1285,0,gap,5
1615,10611984,10611.984,1275,0,gap,5
1616,10615773,10615.773,1287,0,gap,5
1617,10628179,10628.179,1262,0,gap,5
1618,10631982,10631.982,1240,0,gap,5
1619,10635782,10635.782,1231,0,gap,5
1620,10648191,10648.191,1232,0,gap,5
1621,10652030,10652.03,1219,0,gap,5
1622,10655867,10655.867,1175,0,gap,5
1623,10668178,10668.178,1182,0,gap,5
1624,10672031,10672.031,1152,0,gap,5
1625,10675879,10675.879,1145,0,gap,5
1626,10688186,10688.186,1129,0,gap,5
1627,10692045,10692.045,1124,0,gap,5
1628,10695899,10695.899,1115,0,gap,5
1629,10708178,10708.178,1102,0,gap,5
1630,10712053,10712.053,1089,0,gap,5
1631,10715931,10715.931,1089,0,gap,5
1632,10728186,10728.186,1067,0,gap,5
1633,10732069,10732.069,1069,0,gap,5
1634,10735948,10735.948,1032,0,gap,5
1635,10748178,10748.178,1039,0,gap,5
1636,10752088,10752.088,981,0,gap,5
1637,10756002,10756.002,976,0,gap,5
1638,10768185,10768.185,1001,0,gap,5
1639,10772112,10772.112,971,0,gap,5
1640,10776034,10776.034,961,0,gap,5
1641,10788177,10788.177,947,0,gap,5
1642,10792113,10792.113,932,0,gap,5
1643,10796040,10796.04,925,0,gap,5
1644,10808185,10808.185,927,0,gap,5
1645,10812131,10812.131,912,0,gap,5
1646,10816068,10816.068,903,0,gap,5
1647,10828181,10828.181,900,0,gap,5
1648,10832137,10832.137,885,0,gap,5
1649,10836083,10836.083,867,0,gap,5
1650,10848185,10848.185,895,0,gap,5
1651,10852150,10852.15,863,0,gap,5
1652,10856115,10856.115,828,0,gap,5
1653,10868177,10868.177,863,0,gap,5
1654,10872152,10872.152,804,0,gap,5
1655,10876122,10876.122,784,0,gap,5
1656,10888185,10888.185,811,0,gap,5
1657,10892166,10892.166,785,0,gap,5
1658,10896150,10896.15,802,0,gap,5
1659,10908177,10908.177,773,0,gap,5
1660,10912168,10912.168,767,0,gap,5
1661,10916157,10916.157,777,0,gap,5
1662,10922910,10922.91,758,0,gap,5
1663,10928181,10928.181,765,0,gap,5
1664,10938186,10938.186,739,0,gap,5
1665,10941920,10941.92,721,0,gap,5
1666,10948185,10948.185,745,0,gap,5
1667,10958178,10958.178,710,0,gap,5
1668,10961935,10961.935,710,0,gap,5
1669,10965685,10965.685,697,0,gap,5
1670,10978187,10978.187,731,0,gap,5
1671,10981952,10981.952,698,0,gap,5
1672,10985714,10985.714,665,0,gap,5
1673,10998179,10998.179,721,0,gap,5
1674,11001953,11001.953,652,0,gap,5
1675,11005729,11005.729,638,0,gap,5
1676,11018186,11018.186,690,0,gap,5
1677,11021976,11021.976,611,0,gap,5
1678,11025753,11025.753,641,0,gap,5
1679,11038182,11038.182,656,0,gap,5
1680,11041977,11041.977,603,0,gap,5
1681,11045773,11045.773,633,0,gap,5
1682,11058185,11058.185,624,0,gap,5
1683,11062025,11062.025,626,0,gap,5
1684,11065854,11065.854,613,0,gap,5
1685,11078177,11078.177,629,0,gap,5
1686,11082019,11082.019,595,0,gap,5
1687,11085869,11085.869,569,0,gap,5
1688,11098185,11098.185,650,0,gap,5
1689,11102045,11102.045,554,0,gap,5
1690,11105896,11105.896,533,0,gap,5
1691,11118177,11118.177,609,0,gap,5
1692,11122040,11122.04,535,0,gap,5
1693,11125914,11125.914,540,0,gap,5
1694,11138185,11138.185,563,0,gap,5
1695,11142077,11142.077,528,0,gap,5
1696,11145953,11145.953,538,0,gap,5
1697,11158177,11158.177,547,0,gap,5
1698,11162072,11162.072,534,0,gap,5
1699,11165979,11165.979,539,0,gap,5
1700,11178189,11178.189,544,0,gap,5
1701,11182113,11182.113,525,0,gap,5
1702,11186025,11186.025,484,0,gap,5
1703,11198177,11198.177,571,0,gap,5
1704,11202107,11202.107,480,0,gap,5
1705,11206036,11206.036,449,0,gap,5
1706,11218185,11218.185,560,0,gap,5
1707,11222129,11222.129,442,0,gap,5
1708,11226060,11226.06,454,0,gap,5
1709,11238177,11238.177,481,0,gap,5
1710,11242123,11242.123,443,0,gap,5
1711,11246079,11246.079,476,0,gap,5
1712,11258185,11258.185,474,0,gap,5
1713,11262148,11262.148,465,0,gap,5
1714,11266099,11266.099,449,0,gap,5
1715,11278177,11278.177,495,0,gap,5
1716,11282150,11282.15,438,0,gap,5
1717,11286122,11286.122,427,0,gap,5
1718,11298185,11298.185,531,0,gap,5
1719,11302172,11302.172,412,0,gap,5
1720,11306146,11306.146,395,0,gap,5
1721,11318177,11318.177,496,0,gap,5
1722,11322166,11322.166,386,0,gap,5
1723,11326157,11326.157,395,0,gap,5
1724,11338185,11338.185,437,0,gap,5
1725,11344986,11344.986,433,0,gap,5
1726,11348722,11348.722,391,0,gap,5
1727,11358182,11358.182,413,0,gap,5
1728,11361917,11361.917,402,0,gap,5
1729,11368177,11368.177,431,0,gap,5
1730,11378186,11378.186,439,0,gap,5
1731,11381945,11381.945,386,0,gap,5
1732,11385692,11385.692,368,0,gap,5
1733,11398179,11398.179,453,0,gap,5
1734,11401938,11401.938,349,0,gap,5
1735,11405707,11405.707,335,0,gap,5
1736,11418187,11418.187,433,0,gap,5
1737,11421967,11421.967,333,0,gap,5
1738,11425744,11425.744,323,0,gap,5
1739,11438178,11438.178,395,0,gap,5
1740,11441962,11441.962,320,0,gap,5
1741,11445748,11445.748,352,0,gap,5
1742,11458186,11458.186,370,0,gap,5
1743,11461999,11461.999,336,0,gap,5
1744,11465796,11465.796,346,0,gap,5
1745,11478177,11478.177,387,0,gap,5
1746,11482000,11482.0,333,0,gap,5
1747,11485831,11485.831,315,0,gap,5
1748,11498189,11498.189,426,0,gap,5
1749,11502037,11502.037,305,0,gap,5
1750,11505879,11505.879,288,0,gap,5
1751,11518177,11518.177,414,0,gap,5
1752,11522038,11522.038,273,0,gap,5
1753,11525895,11525.895,309,0,gap,5
1754,11538185,11538.185,354,0,gap,5
1755,11542060,11542.06,285,0,gap,5
1756,11545925,11545.925,320,0,gap,5
1757,11558177,11558.177,335,0,gap,5
1758,11562059,11562.059,304,0,gap,5
1759,11565948,11565.948,305,0,gap,5
1760,11578185,11578.185,347,0,gap,5
1761,11582089,11582.089,315,0,gap,5
1762,11585992,11585.992,265,0,gap,5
1763,11598177,11598.177,379,0,gap,5
1764,11602099,11602.099,261,0,gap,5
1765,11606020,11606.02,255,0,gap,5
1766,11618185,11618.185,384,0,gap,5
1767,11622125,11622.125,240,0,gap,5
1768,11626051,11626.051,257,0,gap,5
1769,11638177,11638.177,336,0,gap,5
1770,11642119,11642.119,242,0,gap,5
1771,11646063,11646.063,294,0,gap,5
1772,11658185,11658.185,291,0,gap,5
1773,11662148,11662.148,272,0,gap,5
1774,11666095,11666.095,260,0,gap,5
1775,11678181,11678.181,320,0,gap,5
1776,11682142,11682.142,283,0,gap,5
1777,11686106,11686.106,238,0,gap,5
1778,11698185,11698.185,346,0,gap,5
1779,11702160,11702.16,240,0,gap,5
1780,11706125,11706.125,221,0,gap,5
1781,11718177,11718.177,339,0,gap,5
1782,11722154,11722.154,198,0,gap,5
1783,11726137,11726.137,208,0,gap,5
1784,11738185,11738.185,301,0,gap,5
1785,11742179,11742.179,195,0,gap,5
1786,11746165,11746.165,250,0,gap,5
1787,11752913,11752.913,266,0,gap,5
1788,11758185,11758.185,201,0,gap,5
1789,11768178,11768.178,338,0,gap,5
1790,11771908,11771.908,185,0,gap,5
1791,11778182,11778.182,259,0,gap,5
1792,11788186,11788.186,270,0,gap,5
1793,11791943,11791.943,185,0,gap,5
1794,11795689,11795.689,217,0,gap,5
1795,11808179,11808.179,261,0,gap,5
1796,11811940,11811.94,215,0,gap,5
1797,11815706,11815.706,217,0,gap,5
1798,11828187,11828.187,262,0,gap,5
1799,11831965,11831.965,218,0,gap,5
1800,11835741,11835.741,195,0,gap,5
1801,11848178,11848.178,304,0,gap,5
1802,11851968,11851.968,194,0,gap,5
1803,11855749,11855.749,166,0,gap,5
1804,11868186,11868.186,327,0,gap,5
1805,11871985,11871.985,163,0,gap,5
1806,11875777,11875.777,167,0,gap,5
1807,11888182,11888.182,265,0,gap,5
1808,11892021,11892.021,169,0,gap,5
1809,11895850,11895.85,203,0,gap,5
1810,11908185,11908.185,215,0,gap,5
1811,11912035,11912.035,183,0,gap,5
1812,11915885,11915.885,192,0,gap,5
1813,11928177,11928.177,226,0,gap,5
1814,11932033,11932.033,195,0,gap,5
1815,11935888,11935.888,167,0,gap,5
1816,11948185,11948.185,283,0,gap,5
1817,11952056,11952.056,173,0,gap,5
1818,11955927,11955.927,144,0,gap,5
1819,11968177,11968.177,289,0,gap,5
1820,11972058,11972.058,165,0,gap,5
1821,11975933,11975.933,141,0,gap,5
1822,11988185,11988.185,246,0,gap,5
1823,11992092,11992.092,133,0,gap,5
1824,11995995,11995.995,173,0,gap,5
1825,12008177,12008.177,201,0,gap,5
1826,12012097,12012.097,176,0,gap,5
1827,12016013,12016.013,197,1,pulse,6
1828,12028190,12028.19,4095,1,pulse,6
1829,12032067,12032.067,4095,1,pulse,6
1830,12035930,12035.93,4095,1,pulse,6
1831,12048174,12048.174,4095,1,pulse,6
1832,12052052,12052.052,4095,1,pulse,6
1833,12055930,12055.93,4095,0,gap,6
1834,12068199,12068.199,2799,0,gap,6
1835,12072167,12072.167,2742,0,gap,6
1836,12076126,12076.126,2731,0,gap,6
1837,12088177,12088.177,2673,0,gap,6
1838,12092155,12092.155,2645,0,gap,6
1839,12096125,12096.125,2643,0,gap,6
1840,12108185,12108.185,2607,0,gap,6
1841,12112169,12112.169,2603,0,gap,6
1842,12116148,12116.148,2546,0,gap,6
1843,12128181,12128.181,2530,0,gap,6
1844,12132175,12132.175,2510,0,gap,6
1845,12136163,12136.163,2510,0,gap,6
1846,12148185,12148.185,2477,0,gap,6
1847,12152188,12152.188,2434,0,gap,6
1848,12156187,12156.187,2416,0,gap,6
1849,12168177,12168.177,2390,0,gap,6
1850,12174999,12174.999,2373,0,gap,6
1851,12178749,12178.749,2368,0,gap,6
1852,12188186,12188.186,2324,0,gap,6
1853,12191936,12191.936,2314,0,gap,6
1854,12198186,12198.186,2293,0,gap,6
1855,12208178,12208.178,2270,0,gap,6
1856,12211945,12211.945,2271,0,gap,6
1857,12218177,12218.177,2251,0,gap,6
1858,12228186,12228.186,2209,0,gap,6
1859,12231967,12231.967,2194,0,gap,6
1860,12238185,12238.185,2183,0,gap,6
1861,12248177,12248.177,2155,0,gap,6
1862,12251969,12251.969,2130,0,gap,6
1863,12255757,12255.757,2118,0,gap,6
1864,12268187,12268.187,2109,0,gap,6
1865,12271994,12271.994,2064,0,gap,6
1866,12275792,12275.792,2047,0,gap,6
1867,12288179,12288.179,2045,0,gap,6
1868,12291991,12291.991,2017,0,gap,6
1869,12295799,12295.799,1997,0,gap,6
1870,12308186,12308.186,1963,0,gap,6
1871,12312041,12312.041,1968,0,gap,6
1872,12315888,12315.888,1934,0,gap,6
1873,12328178,12328.178,1904,0,gap,6
1874,12332041,12332.041,1900,0,gap,6
1875,12335903,12335.903,1877,0,gap,6
1876,12348186,12348.186,1866,0,gap,6
1877,12352058,12352.058,1853,0,gap,6
1878,12355926,12355.926,1802,0,gap,6
1879,12368178,12368.178,1810,0,gap,6
1880,12372059,12372.059,1767,0,gap,6
1881,12375949,12375.949,1776,0,gap,6
1882,12388186,12388.186,1750,0,gap,6
1883,12392086,12392.086,1728,0,gap,6
1884,12395974,12395.974,1719,0,gap,6
1885,12408178,12408.178,1679,0,gap,6
1886,12412093,12412.093,1664,0,gap,6
1887,12416025,12416.025,1673,0,gap,6
1888,12428185,12428.185,1645,0,gap,6
1889,12432126,12432.126,1647,0,gap,6
1890,12436054,12436.054,1617,0,gap,6
1891,12448182,12448.182,1599,0,gap,6
1892,12452124,12452.124,1570,0,gap,6
1893,12456070,12456.07,1552,0,gap,6
1894,12468185,12468.185,1535,0,gap,6
1895,12472146,12472.146,1523,0,gap,6
1896,12476093,12476.093,1503,0,gap,6
1897,12488177,12488.177,1509,0,gap,6
1898,12492139,12492.139,1466,0,gap,6
1899,12496105,12496.105,1456,0,gap,6
1900,12508185,12508.185,1443,0,gap,6
1901,12512165,12512.165,1408,0,gap,6
1902,12516136,12516.136,1418,0,gap,6
1903,12528177,12528.177,1393,0,gap,6
1904,12532159,12532.159,1374,0,gap,6
1905,12536144,12536.144,1362,0,gap,6
1906,12548185,12548.185,1366,0,gap,6
1907,12552189,12552.189,1327,0,gap,6
1908,12556175,12556.175,1307,0,gap,6
1909,12568177,12568.177,1318,0,gap,6
1910,12572178,12572.178,1280,0,gap,6
1911,12576182,12576.182,1276,0,gap,6
1912,12582945,12582.945,1275,0,gap,6
1913,12588177,12588.177,1230,0,gap,6
1914,12598186,12598.186,1257,0,gap,6
1915,12601939,12601.939,1225,0,gap,6
1916,12608186,12608.186,1206,0,gap,6
1917,12618178,12618.178,1200,0,gap,6
1918,12621947,12621.947,1152,0,gap,6
1919,12628178,12628.178,1155,0,gap,6
1920,12638186,12638.186,1147,0,gap,6
1921,12641962,12641.962,1123,0,gap,6
1922,12648185,12648.185,1120,0,gap,6
1923,12658182,12658.182,1099,0,gap,6
1924,12661967,12661.967,1104,0,gap,6
1925,12668169,12668.169,1097,0,gap,6
1926,12678185,12678.185,1075,0,gap,6
1927,12681990,12681.99,1078,0,gap,6
1928,12685782,12685.782,1055,0,gap,6
1929,12698179,12698.179,1058,0,gap,6
1930,12701986,12701.986,1021,0,gap,6
1931,12705796,12705.796,997,0,gap,6
1932,12718187,12718.187,1036,0,gap,6
1933,12722041,12722.041,976,0,gap,6
1934,12725884,12725.884,975,0,gap,6
1935,12738178,12738.178,953,0,gap,6
1936,12742034,12742.034,957,0,gap,6
1937,12745893,12745.893,957,0,gap,6
1938,12758186,12758.186,926,0,gap,6
1939,12762063,12762.063,911,0,gap,6
1940,12765924,12765.924,928,0,gap,6
1941,12778177,12778.177,913,0,gap,6
1942,12782054,12782.054,904,0,gap,6
1943,12785938,12785.938,890,0,gap,6
1944,12798185,12798.185,918,0,gap,6
1945,12802087,12802.087,883,0,gap,6
1946,12805973,12805.973,849,0,gap,6
1947,12818177,12818.177,898,0,gap,6
1948,12822086,12822.086,831,0,gap,6
1949,12826003,12826.003,822,0,gap,6
1950,12838185,12838.185,837,0,gap,6
1951,12842123,12842.123,795,0,gap,6
1952,12846048,12846.048,816,0,gap,6
1953,12858177,12858.177,792,0,gap,6
1954,12862117,12862.117,779,0,gap,6
1955,12866064,12866.064,789,0,gap,6
1956,12878185,12878.185,778,0,gap,6
1957,12882143,12882.143,783,0,gap,6
1958,12886087,12886.087,747,0,gap,6
1959,12898177,12898.177,795,0,gap,6
1960,12902137,12902.137,735,0,gap,6
1961,12906103,12906.103,717,0,gap,6
1962,12918185,12918.185,762,0,gap,6
1963,12922162,12922.162,711,0,gap,6
1964,12926126,12926.126,688,0,gap,6
1965,12938177,12938.177,722,0,gap,6
1966,12942164,12942.164,659,0,gap,6
1967,12946146,12946.146,681,0,gap,6
1968,12958185,12958.185,662,0,gap,6
1969,12962182,12962.182,685,0,gap,6
1970,12966165,12966.165,683,0,gap,6
1971,12978181,12978.181,654,0,gap,6
1972,12982183,12982.183,661,0,gap,6
1973,12986181,12986.181,653,0,gap,6
1974,12998185,12998.185,686,0,gap,6
1975,13005007,13005.007,647,0,gap,6
1976,13008757,13008.757,589,0,gap,6
1977,13018178,13018.178,673,0,gap,6
1978,13021927,13021.927,598,0,gap,6
1979,13028177,13028.177,622,0,gap,6
1980,13038186,13038.186,633,0,gap,6
1981,13041951,13041.951,565,0,gap,6
1982,13045716,13045.716,576,0,gap,6
1983,13058179,13058.179,591,0,gap,6
1984,13061956,13061.956,560,0,gap,6
1985,13065731,13065.731,583,0,gap,6
1986,13078187,13078.187,574,0,gap,6
1987,13081982,13081.982,573,0,gap,6
1988,13085768,13085.768,549,0,gap,6
1989,13098178,13098.178,601,0,gap,6
1990,13101980,13101.98,528,0,gap,6
1991,13105777,13105.777,500,0,gap,6
1992,13118186,13118.186,594,0,gap,6
1993,13122001,13122.001,510,0,gap,6
1994,13125807,13125.807,481,0,gap,6
1995,13138177,13138.177,569,0,gap,6
1996,13142031,13142.031,465,0,gap,6
1997,13145877,13145.877,496,0,gap,6
1998,13158185,13158.185,511,0,gap,6
1999,13162047,13162.047,483,0,gap,6
2000,13165904,13165.904,498,0,gap,6
2001,13178177,13178.177,509,0,gap,6
2002,13182048,13182.048,489,0,gap,6
2003,13185919,13185.919,471,0,gap,6
2004,13198185,13198.185,545,0,gap,6
2005,13202069,13202.069,469,0,gap,6
2006,13205950,13205.95,439,0,gap,6
2007,13218177,13218.177,539,0,gap,6
2008,13222073,13222.073,427,0,gap,6
2009,13225968,13225.968,400,0,gap,6
2010,13238185,13238.185,496,0,gap,6
2011,13242099,13242.099,415,0,gap,6
2012,13246026,13246.026,434,0,gap,6
2013,13258177,13258.177,454,0,gap,6
2014,13262117,13262.117,410,0,gap,6
2015,13266047,13266.047,425,0,gap,6
2016,13278185,13278.185,450,0,gap,6
2017,13282130,13282.13,437,0,gap,6
2018,13286071,13286.071,401,0,gap,6
2019,13298181,13298.181,464,0,gap,6
2020,13302136,13302.136,403,0,gap,6
2021,13306086,13306.086,390,0,gap,6
2022,13318185,13318.185,482,0,gap,6
2023,13322150,13322.15,378,0,gap,6
2024,13326110,13326.11,367,0,gap,6
2025,13338177,13338.177,445,0,gap,6
2026,13342152,13342.152,359,0,gap,6
2027,13346121,13346.121,372,0,gap,6
2028,13358185,13358.185,406,0,gap,6
2029,13362169,13362.169,363,0,gap,6
2030,13366153,13366.153,384,0,gap,6
2031,13378177,13378.177,384,0,gap,6
2032,13382171,13382.171,390,0,gap,6
2033,13386160,13386.16,375,0,gap,6
2034,13398185,13398.185,427,0,gap,6
2035,13402193,13402.193,359,0,gap,6
2036,13406192,13406.192,341,0,gap,6
2037,13412954,13412.954,368,0,gap,6
2038,13418185,13418.185,388,0,gap,6
2039,13428178,13428.178,365,0,gap,6
2040,13431925,13431.925,343,0,gap,6
2041,13438177,13438.177,352,0,gap,6
2042,13448186,13448.186,400,0,gap,6
2043,13451957,13451.957,345,0,gap,6
2044,13455716,13455.716,291,0,gap,6
2045,13468179,13468.179,414,0,gap,6
2046,13471954,13471.954,317,0,gap,6
2047,13475730,13475.73,271,0,gap,6
2048,13488187,13488.187,400,0,gap,6
2049,13491975,13491.975,272,0,gap,6
2050,13495760,13495.76,303,0,gap,6
2051,13508182,13508.182,357,0,gap,6
2052,13511981,13511.981,288,0,gap,6
2053,13515776,13515.776,311,0,gap,6
2054,13528186,13528.186,303,0,gap,6
2055,13531995,13531.995,313,0,gap,6
2056,13535800,13535.8,292,0,gap,6
2057,13548177,13548.177,349,0,gap,6
2058,13552026,13552.026,288,0,gap,6
2059,13555869,13555.869,256,0,gap,6
2060,13568185,13568.185,373,0,gap,6
2061,13572045,13572.045,250,0,gap,6
2062,13575904,13575.904,218,0,gap,6
2063,13588177,13588.177,355,0,gap,6
2064,13592047,13592.047,240,0,gap,6
2065,13595911,13595.911,266,0,gap,6
2066,13608185,13608.185,309,0,gap,6
2067,13612070,13612.07,247,0,gap,6
2068,13615950,13615.95,281,0,gap,6
2069,13628177,13628.177,293,0,gap,6
2070,13632071,13632.071,268,0,gap,6
2071,13635960,13635.96,262,0,gap,6
2072,13648185,13648.185,333,0,gap,6
2073,13652102,13652.102,272,0,gap,6
2074,13656015,13656.015,247,0,gap,6
2075,13668177,13668.177,353,0,gap,6
2076,13672111,13672.111,238,0,gap,6
2077,13676040,13676.04,195,0,gap,6
2078,13688185,13688.185,333,0,gap,6
2079,13692129,13692.129,199,0,gap,6
2080,13696068,13696.068,240,0,gap,6
2081,13708177,13708.177,262,0,gap,6
2082,13712130,13712.13,218,0,gap,6
2083,13716083,13716.083,253,0,gap,6
2084,13728185,13728.185,253,0,gap,6
2085,13732148,13732.148,255,0,gap,6
2086,13736106,13736.106,229,0,gap,6
2087,13748177,13748.177,307,0,gap,6
2088,13752150,13752.15,225,0,gap,6
2089,13756122,13756.122,190,0,gap,6
2090,13768185,13768.185,321,0,gap,6
2091,13772168,13772.168,181,0,gap,6
2092,13776145,13776.145,166,0,gap,6
2093,13788177,13788.177,294,0,gap,6
2094,13792174,13792.174,164,0,gap,6
2095,13796161,13796.161,206,0,gap,6
2096,13808185,13808.185,231,0,gap,6
2097,13812191,13812.191,181,0,gap,6
2098,13816185,13816.185,216,0,gap,6
2099,13828181,13828.181,242,0,gap,6
2100,13834962,13834.962,277,0,gap,6
2101,13838719,13838.719,176,0,gap,6
2102,13848186,13848.186,277,0,gap,6
2103,13851939,13851.939,201,0,gap,6
2104,13858185,13858.185,181,0,gap,6
2105,13868177,13868.177,286,0,gap,6
2106,13871940,13871.94,192,0,gap,6
2107,13875705,13875.705,142,0,gap,6
2108,13888187,13888.187,291,0,gap,6
2109,13891968,13891.968,144,0,gap,6
2110,13895745,13895.745,148,0,gap,6
2111,13908179,13908.179,221,0,gap,6
2112,13911966,13911.966,161,0,gap,6
2113,13915757,13915.757,209,0,gap,6
2114,13928186,13928.186,223,0,gap,6
2115,13931995,13931.995,199,0,gap,6
2116,13935789,13935.789,176,0,gap,6
2117,13948177,13948.177,243,0,gap,6
2118,13951986,13951.986,176,0,gap,6
2119,13955794,13955.794,144,0,gap,6
2120,13968185,13968.185,272,0,gap,6
2121,13972037,13972.037,151,0,gap,6
2122,13975883,13975.883,115,0,gap,6
2123,13988177,13988.177,258,0,gap,6
2124,13992039,13992.039,128,0,gap,6
2125,13995896,13995.896,168,0,gap,6
2126,14008185,14008.185,206,0,gap,6
2127,14012057,14012.057,144,0,gap,6
2128,14015924,14015.924,176,0,gap,6
2129,14028177,14028.177,176,0,gap,6
2130,14032062,14032.062,173,0,gap,6
2131,14035948,14035.948,167,0,gap,6
2132,14048185,14048.185,211,0,gap,6
2133,14052082,14052.082,173,1,pulse,7
2134,14056065,14056.065,4095,1,pulse,7
2135,14068174,14068.174,4095,1,pulse,7
2136,14072027,14072.027,4095,1,pulse,7
2137,14075889,14075.889,4095,1,pulse,7
2138,14088182,14088.182,4095,1,pulse,7
2139,14092052,14092.052,4095,0,gap,7
2140,14096140,14096.14,3038,0,gap,7
2141,14108178,14108.178,2768,0,gap,7
2142,14112134,14112.134,2735,0,gap,7
2143,14116085,14116.085,2706,0,gap,7
2144,14128185,14128.185,2675,0,gap,7
2145,14132151,14132.151,2645,0,gap,7
2146,14136117,14136.117,2645,0,gap,7
2147,14148177,14148.177,2583,0,gap,7
2148,14152153,14152.153,2559,0,gap,7
2149,14156124,14156.124,2551,0,gap,7
2150,14168185,14168.185,2539,0,gap,7
2151,14172175,14172.175,2512,0,gap,7
2152,14176156,14176.156,2463,0,gap,7
2153,14188177,14188.177,2449,0,gap,7
2154,14192173,14192.173,2423,0,gap,7
2155,14196163,14196.163,2421,0,gap,7
2156,14208185,14208.185,2373,0,gap,7
2157,14212194,14212.194,2368,0,gap,7
2158,14216195,14216.195,2355,0,gap,7
2159,14228177,14228.177,2319,0,gap,7
2160,14232192,14232.192,2306,0,gap,7
2161,14236202,14236.202,2293,0,gap,7
2162,14242979,14242.979,2266,0,gap,7
2163,14248177,14248.177,2241,0,gap,7
2164,14258186,14258.186,2233,0,gap,7
2165,14261944,14261.944,2217,0,gap,7
2166,14268186,14268.186,2192,0,gap,7
2167,14278182,14278.182,2163,0,gap,7
2168,14281956,14281.956,2177,0,gap,7
2169,14288178,14288.178,2143,0,gap,7
2170,14298186,14298.186,2117,0,gap,7
2171,14301972,14301.972,2097,0,gap,7
2172,14308185,14308.185,2094,0,gap,7
2173,14318178,14318.178,2057,0,gap,7
2174,14321973,14321.973,2024,0,gap,7
2175,14328169,14328.169,2011,0,gap,7
2176,14338185,14338.185,1986,0,gap,7
2177,14342000,14342.0,1957,0,gap,7
2178,14345806,14345.806,1955,0,gap,7
2179,14358179,14358.179,1917,0,gap,7
2180,14361996,14361.996,1902,0,gap,7
2181,14365816,14365.816,1905,0,gap,7
2182,14378187,14378.187,1878,0,gap,7
2183,14382055,14382.055,1867,0,gap,7
2184,14385904,14385.904,1855,0,gap,7
2185,14398178,14398.178,1854,0,gap,7
2186,14402045,14402.045,1818,0,gap,7
2187,14405915,14405.915,1786,0,gap,7
2188,14418186,14418.186,1787,0,gap,7
2189,14422075,14422.075,1754,0,gap,7
2190,14425946,14425.946,1740,0,gap,7
2191,14438178,14438.178,1712,0,gap,7
2192,14442065,14442.065,1679,0,gap,7
2193,14445960,14445.96,1669,0,gap,7
2194,14458190,14458.19,1683,0,gap,7
2195,14462099,14462.099,1638,0,gap,7
2196,14465995,14465.995,1633,0,gap,7
2197,14478177,14478.177,1602,0,gap,7
2198,14482097,14482.097,1593,0,gap,7
2199,14486029,14486.029,1572,0,gap,7
2200,14498185,14498.185,1552,0,gap,7
2201,14502134,14502.134,1563,0,gap,7
2202,14506070,14506.07,1535,0,gap,7
2203,14518177,14518.177,1530,0,gap,7
2204,14522128,14522.128,1502,0,gap,7
2205,14526086,14526.086,1463,0,gap,7
2206,14538185,14538.185,1461,0,gap,7
2207,14542154,14542.154,1435,0,gap,7
2208,14546109,14546.109,1437,0,gap,7
2209,14558177,14558.177,1403,0,gap,7
2210,14562152,14562.152,1396,0,gap,7
2211,14566125,14566.125,1382,0,gap,7
2212,14578185,14578.185,1360,0,gap,7
2213,14582173,14582.173,1363,0,gap,7
2214,14586148,14586.148,1328,0,gap,7
2215,14598181,14598.181,1319,0,gap,7
2216,14602171,14602.171,1303,0,gap,7
2217,14606164,14606.164,1295,0,gap,7
2218,14618185,14618.185,1282,0,gap,7
2219,14622192,14622.192,1261,0,gap,7
2220,14626187,14626.187,1230,0,gap,7
2221,14638177,14638.177,1243,0,gap,7
2222,14642187,14642.187,1200,0,gap,7
2223,14646200,14646.2,1215,0,gap,7
2224,14658185,14658.185,1184,0,gap,7
2225,14664987,14664.987,1200,0,gap,7
2226,14668749,14668.749,1174,0,gap,7
2227,14678178,14678.178,1158,0,gap,7
2228,14681934,14681.934,1139,0,gap,7
2229,14688178,14688.178,1136,0,gap,7
2230,14698186,14698.186,1136,0,gap,7
2231,14701971,14701.971,1097,0,gap,7
2232,14708185,14708.185,1076,0,gap,7
2233,14718178,14718.178,1089,0,gap,7
2234,14721962,14721.962,1062,0,gap,7
2235,14728169,14728.169,1055,0,gap,7
2236,14738185,14738.185,1040,0,gap,7
2237,14741996,14741.996,1019,0,gap,7
2238,14745790,14745.79,1040,0,gap,7
2239,14758179,14758.179,1010,0,gap,7
2240,14761988,14761.988,976,0,gap,7
2241,14765799,14765.799,1014,0,gap,7
2242,14778191,14778.191,976,0,gap,7
2243,14782017,14782.017,988,0,gap,7
2244,14785830,14785.83,958,0,gap,7
2245,14798178,14798.178,953,0,gap,7
2246,14802032,14802.032,917,0,gap,7
2247,14805896,14805.896,916,0,gap,7
2248,14818186,14818.186,944,0,gap,7
2249,14822061,14822.061,891,0,gap,7
2250,14825923,14825.923,878,0,gap,7
2251,14838177,14838.177,898,0,gap,7
2252,14842055,14842.055,853,0,gap,7
2253,14845940,14845.94,850,0,gap,7
2254,14858185,14858.185,846,0,gap,7
2255,14862084,14862.084,831,0,gap,7
2256,14865971,14865.971,851,0,gap,7
2257,14878177,14878.177,823,0,gap,7
2258,14882084,14882.084,822,0,gap,7
2259,14885989,14885.989,817,0,gap,7
2260,14898185,14898.185,833,0,gap,7
2261,14902114,14902.114,788,0,gap,7
2262,14906047,14906.047,769,0,gap,7
2263,14918181,14918.181,805,0,gap,7
2264,14922123,14922.123,752,0,gap,7
2265,14926068,14926.068,726,0,gap,7
2266,14938185,14938.185,767,0,gap,7
2267,14942145,14942.145,720,0,gap,7
2268,14946091,14946.091,711,0,gap,7
2269,14958177,14958.177,733,0,gap,7
2270,14962138,14962.138,714,0,gap,7
2271,14966103,14966.103,721,0,gap,7
2272,14978185,14978.185,701,0,gap,7
2273,14982164,14982.164,707,0,gap,7
2274,14986134,14986.134,695,0,gap,7
2275,14998177,14998.177,708,0,gap,7
2276,15002158,15002.158,688,0,gap,7
2277,15006150,15006.15,661,0,gap,7
2278,15018185,15018.185,718,0,gap,7
2279,15022187,15022.187,639,0,gap,7
2280,15026173,15026.173,623,0,gap,7
2281,15038177,15038.177,666,0,gap,7
2282,15042178,15042.178,617,0,gap,7
2283,15046181,15046.181,623,0,gap,7
2284,15058185,15058.185,624,0,gap,7
2285,15062207,15062.207,606,0,gap,7
2286,15066213,15066.213,624,0,gap,7
2287,15072987,15072.987,613,0,gap,7
2288,15078173,15078.173,573,0,gap,7
2289,15088178,15088.178,625,0,gap,7
2290,15091935,15091.935,559,0,gap,7
2291,15098177,15098.177,598,0,gap,7
2292,15108186,15108.186,586,0,gap,7
2293,15111963,15111.963,560,0,gap,7
2294,15115728,15115.728,576,0,gap,7
2295,15128183,15128.183,575,0,gap,7
2296,15131964,15131.964,573,0,gap,7
2297,15135750,15135.75,539,0,gap,7
2298,15148187,15148.187,588,0,gap,7
2299,15151985,15151.985,554,0,gap,7
2300,15155780,15155.78,530,0,gap,7
2301,15168178,15168.178,589,0,gap,7
2302,15171987,15171.987,501,0,gap,7
2303,15175792,15175.792,483,0,gap,7
2304,15188186,15188.186,570,0,gap,7
2305,15192005,15192.005,476,0,gap,7
2306,15195824,15195.824,473,0,gap,7
2307,15208177,15208.177,527,0,gap,7
2308,15212036,15212.036,459,0,gap,7
2309,15215889,15215.889,479,0,gap,7
2310,15228185,15228.185,479,0,gap,7
2311,15232059,15232.059,482,0,gap,7
2312,15235924,15235.924,467,0,gap,7
2313,15248177,15248.177,506,0,gap,7
2314,15252057,15252.057,469,0,gap,7
2315,15255931,15255.931,449,0,gap,7
2316,15268185,15268.185,528,0,gap,7
2317,15272080,15272.08,433,0,gap,7
2318,15275970,15275.97,408,0,gap,7
2319,15288177,15288.177,524,0,gap,7
2320,15292081,15292.081,402,0,gap,7
2321,15295980,15295.98,416,0,gap,7
2322,15308189,15308.189,467,0,gap,7
2323,15312111,15312.111,403,0,gap,7
2324,15316035,15316.035,427,0,gap,7
2325,15328177,15328.177,430,0,gap,7
2326,15332121,15332.121,416,0,gap,7
2327,15336064,15336.064,410,0,gap,7
2328,15348185,15348.185,449,0,gap,7
2329,15352139,15352.139,418,0,gap,7
2330,15356087,15356.087,367,0,gap,7
2331,15368177,15368.177,482,0,gap,7
2332,15372140,15372.14,374,0,gap,7
2333,15376103,15376.103,338,0,gap,7
2334,15388185,15388.185,467,0,gap,7
2335,15392158,15392.158,359,0,gap,7
2336,15396126,15396.126,379,0,gap,7
2337,15408177,15408.177,404,0,gap,7
2338,15412164,15412.164,343,0,gap,7
2339,15416142,15416.142,364,0,gap,7
2340,15428185,15428.185,386,0,gap,7
2341,15432177,15432.177,365,0,gap,7
2342,15436165,15436.165,368,0,gap,7
2343,15448181,15448.181,409,0,gap,7
2344,15452183,15452.183,359,0,gap,7
2345,15456180,15456.18,334,0,gap,7
2346,15468185,15468.185,439,0,gap,7
2347,15472197,15472.197,343,0,gap,7
2348,15476205,15476.205,301,0,gap,7
2349,15488177,15488.177,415,0,gap,7
2350,15494974,15494.974,325,0,gap,7
2351,15498735,15498.735,332,0,gap,7
2352,15508186,15508.186,342,0,gap,7
2353,15511945,15511.945,289,0,gap,7
2354,15518189,15518.189,375,0,gap,7
2355,15528177,15528.177,322,0,gap,7
2356,15531953,15531.953,334,0,gap,7
2357,15535725,15535.725,323,0,gap,7
2358,15548187,15548.187,366,0,gap,7
2359,15551978,15551.978,304,0,gap,7
2360,15555765,15555.765,281,0,gap,7
2361,15568179,15568.179,401,0,gap,7
2362,15571980,15571.98,280,0,gap,7
2363,15575777,15575.777,257,0,gap,7
2364,15588186,15588.186,378,0,gap,7
2365,15592001,15592.001,266,0,gap,7
2366,15595808,15595.808,259,0,gap,7
2367,15608177,15608.177,334,0,gap,7
2368,15611999,15611.999,257,0,gap,7
2369,15615817,15615.817,290,0,gap,7
2370,15628189,15628.189,298,0,gap,7
2371,15632047,15632.047,291,0,gap,7
2372,15635903,15635.903,272,0,gap,7
2373,15648177,15648.177,330,0,gap,7
2374,15652049,15652.049,282,0,gap,7
2375,15655919,15655.919,228,0,gap,7
2376,15668185,15668.185,362,0,gap,7
2377,15672067,15672.067,251,0,gap,7
2378,15675943,15675.943,226,0,gap,7
2379,15688177,15688.177,361,0,gap,7
2380,15692072,15692.072,215,0,gap,7
2381,15695967,15695.967,209,0,gap,7
2382,15708185,15708.185,313,0,gap,7
2383,15712092,15712.092,231,0,gap,7
2384,15715993,15715.993,272,0,gap,7
2385,15728177,15728.177,262,0,gap,7
2386,15732106,15732.106,257,0,gap,7
2387,15736043,15736.043,231,0,gap,7
2388,15748185,15748.185,304,0,gap,7
2389,15752131,15752.131,247,0,gap,7
2390,15756072,15756.072,193,0,gap,7
2391,15768181,15768.181,328,0,gap,7
2392,15772137,15772.137,222,0,gap,7
2393,15776087,15776.087,194,0,gap,7
2394,15788185,15788.185,309,0,gap,7
2395,15792150,15792.15,193,0,gap,7
2396,15796111,15796.111,208,0,gap,7
2397,15808177,15808.177,277,0,gap,7
2398,15812152,15812.152,176,0,gap,7
2399,15816122,15816.122,235,0,gap,7
2400,15828185,15828.185,238,0,gap,7
2401,15832170,15832.17,221,0,gap,7
2402,15836154,15836.154,223,0,gap,7
2403,15848177,15848.177,273,0,gap,7
2404,15852172,15852.172,208,0,gap,7
2405,15856161,15856.161,185,0,gap,7
2406,15868185,15868.185,288,0,gap,7
2407,15872194,15872.194,186,0,gap,7
2408,15876193,15876.193,161,0,gap,7
2409,15888177,15888.177,304,0,gap,7
2410,15892191,15892.191,175,0,gap,7
2411,15896201,15896.201,178,0,gap,7
2412,15902971,15902.971,260,0,gap,7
2413,15908169,15908.169,184,0,gap,7
2414,15918186,15918.186,288,0,gap,7
2415,15921943,15921.943,169,0,gap,7
2416,15928185,15928.185,179,0,gap,7
2417,15938178,15938.178,287,0,gap,7
2418,15941955,15941.955,145,0,gap,7
2419,15945724,15945.724,156,0,gap,7
2420,15958187,15958.187,256,0,gap,7
2421,15961972,15961.972,142,0,gap,7
2422,15965754,15965.754,187,0,gap,7
2423,15978183,15978.183,201,0,gap,7
2424,15981977,15981.977,181,0,gap,7
2425,15985776,15985.776,187,0,gap,7
2426,15998186,15998.186,222,0,gap,7
2427,16001999,16001.999,182,0,gap,7
2428,16005800,16005.8,144,0,gap,7
2429,16018178,16018.178,262,0,gap,7
2430,16021993,16021.993,150,0,gap,7
2431,16025812,16025.812,1407,1,pulse,8
2432,16038190,16038.19,4095,1,pulse,8
2433,16042000,16042.0,4095,1,pulse,8
2434,16045783,16045.783,4095,1,pulse,8
2435,16058174,16058.174,4095,1,pulse,8
2436,16061974,16061.974,4095,1,pulse,8
2437,16065778,16065.778,4095,0,gap,8
2438,16078203,16078.203,2835,0,gap,8
2439,16082101,16082.101,2810,0,gap,8
2440,16085983,16085.983,2750,0,gap,8
2441,16098178,16098.178,2704,0,gap,8
2442,16102071,16102.071,2669,0,gap,8
2443,16105975,16105.975,2653,0,gap,8
2444,16118185,16118.185,2619,0,gap,8
2445,16122100,16122.1,2581,0,gap,8
2446,16126002,16126.002,2559,0,gap,8
2447,16138177,16138.177,2549,0,gap,8
2448,16142106,16142.106,2508,0,gap,8
2449,16146044,16146.044,2503,0,gap,8
2450,16158185,16158.185,2477,0,gap,8
2451,16162140,16162.14,2449,0,gap,8
2452,16166082,16166.082,2425,0,gap,8
2453,16178177,16178.177,2413,0,gap,8
2454,16182138,16182.138,2388,0,gap,8
2455,16186101,16186.101,2367,0,gap,8
2456,16198185,16198.185,2354,0,gap,8
2457,16202159,16202.159,2343,0,gap,8
2458,16206125,16206.125,2307,0,gap,8
2459,16218177,16218.177,2299,0,gap,8
2460,16222157,16222.157,2259,0,gap,8
2461,16226136,16226.136,2256,0,gap,8
2462,16238185,16238.185,2236,0,gap,8
2463,16242183,16242.183,2202,0,gap,8
2464,16246168,16246.168,2199,0,gap,8
2465,16258177,16258.177,2159,0,gap,8
2466,16262177,16262.177,2147,0,gap,8
2467,16266175,16266.175,2144,0,gap,8
2468,16278185,16278.185,2112,0,gap,8
2469,16282198,16282.198,2096,0,gap,8
2470,16286206,16286.206,2077,0,gap,8
2471,16298177,16298.177,2060,0,gap,8
2472,16302196,16302.196,2034,0,gap,8
2473,16306215,16306.215,2007,0,gap,8
2474,16318185,16318.185,1981,0,gap,8
2475,16324992,16324.992,1962,0,gap,8
2476,16328762,16328.762,1936,0,gap,8
2477,16338178,16338.178,1922,0,gap,8
2478,16341940,16341.94,1907,0,gap,8
2479,16348178,16348.178,1898,0,gap,8
2480,16358186,16358.186,1869,0,gap,8
2481,16361977,16361.977,1857,0,gap,8
2482,16368185,16368.185,1839,0,gap,8
2483,16378178,16378.178,1799,0,gap,8
2484,16381972,16381.972,1810,0,gap,8
2485,16388169,16388.169,1775,0,gap,8
2486,16398189,16398.189,1776,0,gap,8
2487,16402006,16402.006,1756,0,gap,8
2488,16405810,16405.81,1741,0,gap,8
2489,16418179,16418.179,1719,0,gap,8
2490,16421998,16421.998,1702,0,gap,8
2491,16425819,16425.819,1667,0,gap,8
2492,16438187,16438.187,1680,0,gap,8
2493,16442020,16442.02,1653,0,gap,8
2494,16445841,16445.841,1616,0,gap,8
2495,16458178,16458.178,1607,0,gap,8
2496,16462043,16462.043,1578,0,gap,8
2497,16465914,16465.914,1589,0,gap,8
2498,16478186,16478.186,1567,0,gap,8
2499,16482072,16482.072,1535,0,gap,8
2500,16485946,16485.946,1535,0,gap,8
2501,16498178,16498.178,1517,0,gap,8
2502,16502066,16502.066,1499,0,gap,8
2503,16505958,16505.958,1488,0,gap,8
2504,16518186,16518.186,1477,0,gap,8
2505,16522091,16522.091,1449,0,gap,8
2506,16525986,16525.986,1425,0,gap,8
2507,16538177,16538.177,1411,0,gap,8
2508,16542091,16542.091,1373,0,gap,8
2509,16546003,16546.003,1389,0,gap,8
2510,16558185,16558.185,1360,0,gap,8
2511,16562125,16562.125,1344,0,gap,8
2512,16566069,16566.069,1355,0,gap,8
2513,16578177,16578.177,1329,0,gap,8
2514,16582126,16582.126,1319,0,gap,8
2515,16586082,16586.082,1300,0,gap,8
2516,16598185,16598.185,1278,0,gap,8
2517,16602156,16602.156,1285,0,gap,8
2518,16606113,16606.113,1264,0,gap,8
2519,16618177,16618.177,1244,0,gap,8
2520,16622150,16622.15,1223,0,gap,8
2521,16626125,16626.125,1217,0,gap,8
2522,16638185,16638.185,1216,0,gap,8
2523,16642171,16642.171,1168,0,gap,8
2524,16646149,16646.149,1167,0,gap,8
2525,16658177,16658.177,1149,0,gap,8
2526,16662165,16662.165,1127,0,gap,8
2527,16666160,16666.16,1159,0,gap,8
2528,16678185,16678.185,1125,0,gap,8
2529,16682195,16682.195,1124,0,gap,8
2530,16686187,16686.187,1088,0,gap,8
2531,16698177,16698.177,1091,0,gap,8
2532,16702185,16702.185,1082,0,gap,8
2533,16706195,16706.195,1058,0,gap,8
2534,16718189,16718.189,1078,0,gap,8
2535,16722218,16722.218,1023,0,gap,8
2536,16726234,16726.234,1021,0,gap,8
2537,16733015,16733.015,1039,0,gap,8
2538,16738185,16738.185,1015,0,gap,8
2539,16748179,16748.179,993,0,gap,8
2540,16751941,16751.941,980,0,gap,8
2541,16758178,16758.178,949,0,gap,8
2542,16768186,16768.186,972,0,gap,8
2543,16771973,16771.973,938,0,gap,8
2544,16778185,16778.185,939,0,gap,8
2545,16788177,16788.177,944,0,gap,8
2546,16791964,16791.964,890,0,gap,8
2547,16795756,16795.756,904,0,gap,8
2548,16808187,16808.187,885,0,gap,8
2549,16811991,16811.991,883,0,gap,8
2550,16815800,16815.8,863,0,gap,8
2551,16828179,16828.179,839,0,gap,8
2552,16831998,16831.998,871,0,gap,8
2553,16835812,16835.812,853,0,gap,8
2554,16848186,16848.186,857,0,gap,8
2555,16852011,16852.011,848,0,gap,8
2556,16855836,16855.836,816,0,gap,8
2557,16868177,16868.177,841,0,gap,8
2558,16872042,16872.042,784,0,gap,8
2559,16875905,16875.905,784,0,gap,8
2560,16888185,16888.185,816,0,gap,8
2561,16892065,16892.065,768,0,gap,8
2562,16895936,16895.936,767,0,gap,8
2563,16908177,16908.177,778,0,gap,8
2564,16912063,16912.063,733,0,gap,8
2565,16915947,16915.947,751,0,gap,8
2566,16928189,16928.189,731,0,gap,8
2567,16932089,16932.089,750,0,gap,8
2568,16935989,16935.989,740,0,gap,8
2569,16948177,16948.177,752,0,gap,8
2570,16952087,16952.087,714,0,gap,8
2571,16955996,16955.996,702,0,gap,8
2572,16968185,16968.185,745,0,gap,8
2573,16972113,16972.113,682,0,gap,8
2574,16976042,16976.042,640,0,gap,8
2575,16988177,16988.177,707,0,gap,8
2576,16992131,16992.131,645,0,gap,8
2577,16996080,16996.08,639,0,gap,8
2578,17008185,17008.185,681,0,gap,8
2579,17012145,17012.145,624,0,gap,8
2580,17016099,17016.099,640,0,gap,8
2581,17028177,17028.177,646,0,gap,8
2582,17032154,17032.154,638,0,gap,8
2583,17036123,17036.123,626,0,gap,8
2584,17048185,17048.185,635,0,gap,8
2585,17052164,17052.164,624,0,gap,8
2586,17056138,17056.138,590,0,gap,8
2587,17068177,17068.177,652,0,gap,8
2588,17072170,17072.17,579,0,gap,8
2589,17076154,17076.154,553,0,gap,8
2590,17088185,17088.185,623,0,gap,8
2591,17092187,17092.187,551,0,gap,8
2592,17096185,17096.185,549,0,gap,8
2593,17108177,17108.177,583,0,gap,8
2594,17112189,17112.189,528,0,gap,8
2595,17116192,17116.192,562,0,gap,8
2596,17128185,17128.185,538,0,gap,8
2597,17132203,17132.203,559,0,gap,8
2598,17136225,17136.225,557,0,gap,8
2599,17148177,17148.177,555,0,gap,8
2600,17154984,17154.984,544,0,gap,8
2601,17158749,17158.749,488,0,gap,8
2602,17168186,17168.186,578,0,gap,8
2603,17171951,17171.951,502,0,gap,8
2604,17178185,17178.185,491,0,gap,8
2605,17188177,17188.177,555,0,gap,8
2606,17191959,17191.959,490,0,gap,8
2607,17195741,17195.741,455,0,gap,8
2608,17208187,17208.187,547,0,gap,8
2609,17211984,17211.984,432,0,gap,8
2610,17215777,17215.777,483,0,gap,8
2611,17228179,17228.179,487,0,gap,8
2612,17231990,17231.99,480,0,gap,8
2613,17235797,17235.797,474,0,gap,8
2614,17248190,17248.19,487,0,gap,8
2615,17252011,17252.011,464,0,gap,8
2616,17255828,17255.828,438,0,gap,8
2617,17268177,17268.177,506,0,gap,8
2618,17272005,17272.005,435,0,gap,8
2619,17275829,17275.829,406,0,gap,8
2620,17288185,17288.185,503,0,gap,8
2621,17292053,17292.053,410,0,gap,8
2622,17295915,17295.915,401,0,gap,8
2623,17308177,17308.177,460,0,gap,8
2624,17312058,17312.058,375,0,gap,8
2625,17315939,17315.939,411,0,gap,8
2626,17328185,17328.185,427,0,gap,8
2627,17332073,17332.073,414,0,gap,8
2628,17335959,17335.959,421,0,gap,8
2629,17348177,17348.177,447,0,gap,8
2630,17352086,17352.086,400,0,gap,8
2631,17355987,17355.987,377,0,gap,8
2632,17368185,17368.185,472,0,gap,8
2633,17372097,17372.097,371,0,gap,8
2634,17376005,17376.005,346,0,gap,8
2635,17388177,17388.177,460,0,gap,8
2636,17392112,17392.112,340,0,gap,8
2637,17396055,17396.055,336,0,gap,8
2638,17408185,17408.185,421,0,gap,8
2639,17412141,17412.141,336,0,gap,8
2640,17416091,17416.091,369,0,gap,8
2641,17428177,17428.177,373,0,gap,8
2642,17432139,17432.139,359,0,gap,8
2643,17436099,17436.099,359,0,gap,8
2644,17448185,17448.185,388,0,gap,8
2645,17452156,17452.156,369,0,gap,8
2646,17456127,17456.127,336,0,gap,8
2647,17468177,17468.177,417,0,gap,8
2648,17472162,17472.162,320,0,gap,8
2649,17476138,17476.138,306,0,gap,8
2650,17488185,17488.185,436,0,gap,8
2651,17492176,17492.176,290,0,gap,8
2652,17496166,17496.166,305,0,gap,8
2653,17508177,17508.177,363,0,gap,8
2654,17512178,17512.178,285,0,gap,8
2655,17516177,17516.177,343,0,gap,8
2656,17528185,17528.185,326,0,gap,8
2657,17532203,17532.203,322,0,gap,8
2658,17536209,17536.209,321,0,gap,8
2659,17548177,17548.177,373,0,gap,8
2660,17552197,17552.197,322,0,gap,8
2661,17556212,17556.212,287,0,gap,8
2662,17562997,17562.997,310,0,gap,8
2663,17568169,17568.169,332,0,gap,8
2664,17578186,17578.186,304,0,gap,8
2665,17581949,17581.949,281,0,gap,8
2666,17588185,17588.185,334,0,gap,8
2667,17598178,17598.178,310,0,gap,8
2668,17601965,17601.965,299,0,gap,8
2669,17605740,17605.74,267,0,gap,8
2670,17618187,17618.187,368,0,gap,8
2671,17621982,17621.982,272,0,gap,8
2672,17625773,17625.773,240,0,gap,8
2673,17638179,17638.179,368,0,gap,8
2674,17641979,17641.979,231,0,gap,8
2675,17645788,17645.788,222,0,gap,8
2676,17658186,17658.186,336,0,gap,8
2677,17662005,17662.005,214,0,gap,8
2678,17665820,17665.82,260,0,gap,8
2679,17678178,17678.178,272,0,gap,8
2680,17682003,17682.003,255,0,gap,8
2681,17685832,17685.832,282,0,gap,8
2682,17698185,17698.185,295,0,gap,8
2683,17702058,17702.058,264,0,gap,8
2684,17705916,17705.916,230,0,gap,8
2685,17718177,17718.177,343,0,gap,8
2686,17722053,17722.053,237,0,gap,8
2687,17725931,17725.931,208,0,gap,8
2688,17738185,17738.185,334,0,gap,8
2689,17742083,17742.083,200,0,gap,8
2690,17745959,17745.959,213,0,gap,8
2691,17758177,17758.177,308,0,gap,8
2692,17762070,17762.07,205,0,gap,8
2693,17765973,17765.973,240,0,gap,8
2694,17778189,17778.189,245,0,gap,8
2695,17782111,17782.111,240,0,gap,8
2696,17786020,17786.02,225,0,gap,8
2697,17798177,17798.177,272,0,gap,8
2698,17802101,17802.101,235,0,gap,8
2699,17806034,17806.034,198,0,gap,8
2700,17818185,17818.185,317,0,gap,8
2701,17822139,17822.139,208,0,gap,8
2702,17826080,17826.08,175,0,gap,8
2703,17838177,17838.177,320,0,gap,8
2704,17842137,17842.137,171,0,gap,8
2705,17846099,17846.099,176,0,gap,8
2706,17858185,17858.185,276,0,gap,8
2707,17862158,17862.158,175,0,gap,8
2708,17866123,17866.123,220,0,gap,8
2709,17878177,17878.177,219,0,gap,8
2710,17882156,17882.156,212,0,gap,8
2711,17886138,17886.138,211,0,gap,8
2712,17898185,17898.185,252,0,gap,8
2713,17902178,17902.178,217,0,gap,8
2714,17906157,17906.157,171,0,gap,8
2715,17918177,17918.177,292,0,gap,8
2716,17922176,17922.176,182,0,gap,8
2717,17926177,17926.177,153,0,gap,8
2718,17938185,17938.185,286,0,gap,8
2719,17942201,17942.201,154,0,gap,8
2720,17946204,17946.204,150,0,gap,8
2721,17958177,17958.177,238,0,gap,8
2722,17962195,17962.195,137,0,gap,8
2723,17966213,17966.213,206,0,gap,8
2724,17978185,17978.185,208,0,gap,8
2725,17984992,17984.992,245,0,gap,8
2726,17988757,17988.757,158,0,gap,8
2727,17998178,17998.178,209,0,gap,8
2728,18001943,18001.943,193,0,gap,8
2729,18008177,18008.177,179,0,gap,8
2730,18018186,18018.186,257,0,gap,8
2731,18021971,18021.971,165,0,gap,8
2732,18025749,18025.749,139,0,gap,8
2733,18038179,18038.179,272,0,gap,8
2734,18041968,18041.968,117,0,gap,8
2735,18045769,18045.769,111,0,gap,8
2736,18058186,18058.186,227,0,gap,8
2737,18062002,18062.002,117,0,gap,8
2738,18065801,18065.801,167,0,gap,8
2739,18078178,18078.178,170,0,gap,8
2740,18081992,18081.992,158,0,gap,8
2741,18085812,18085.812,175,0,gap,8
2742,18098190,18098.19,204,0,gap,8
2743,18102025,18102.025,173,0,gap,8
2744,18105849,18105.849,137,0,gap,8
2745,18118177,18118.177,1790,1,pulse,9
2746,18122134,18122.134,4095,1,pulse,9
2747,18125950,18125.95,4095,1,pulse,9
2748,18138182,18138.182,4095,1,pulse,9
2749,18142002,18142.002,4095,1,pulse,9
2750,18145809,18145.809,4095,1,pulse,9
2751,18158174,18158.174,4095,0,gap,9
2752,18162226,18162.226,3071,0,gap,9
2753,18166136,18166.136,2896,0,gap,9
2754,18178186,18178.186,2757,0,gap,9
2755,18182105,18182.105,2743,0,gap,9
2756,18186017,18186.017,2694,0,gap,9
2757,18198182,18198.182,2674,0,gap,9
2758,18202109,18202.109,2639,0,gap,9
2759,18206039,18206.039,2621,0,gap,9
2760,18218185,18218.185,2559,0,gap,9
2761,18222139,18222.139,2559,0,gap,9
2762,18226101,18226.101,2542,0,gap,9
2763,18238177,18238.177,2529,0,gap,9
2764,18242140,18242.14,2487,0,gap,9
2765,18246110,18246.11,2466,0,gap,9
2766,18258185,18258.185,2443,0,gap,9
2767,18262169,18262.169,2416,0,gap,9
2768,18266145,18266.145,2405,0,gap,9
2769,18278177,18278.177,2388,0,gap,9
2770,18282159,18282.159,2363,0,gap,9
2771,18286148,18286.148,2367,0,gap,9
2772,18298185,18298.185,2327,0,gap,9
2773,18302193,18302.193,2307,0,gap,9
2774,18306180,18306.18,2284,0,gap,9
2775,18318177,18318.177,2271,0,gap,9
2776,18322183,18322.183,2236,0,gap,9
2777,18326192,18326.192,2227,0,gap,9
2778,18338189,18338.189,2222,0,gap,9
2779,18342213,18342.213,2181,0,gap,9
2780,18346219,18346.219,2178,0,gap,9
2781,18358177,18358.177,2144,0,gap,9
2782,18362199,18362.199,2127,0,gap,9
2783,18366227,18366.227,2123,0,gap,9
2784,18378185,18378.185,2070,0,gap,9
2785,18382228,18382.228,2075,0,gap,9
2786,18386254,18386.254,2061,0,gap,9
2787,18393053,18393.053,2030,0,gap,9
2788,18398185,18398.185,2037,0,gap,9
2789,18408183,18408.183,1997,0,gap,9
2790,18411961,18411.961,1963,0,gap,9
2791,18418178,18418.178,1949,0,gap,9
2792,18428186,18428.186,1933,0,gap,9
2793,18431984,18431.984,1930,0,gap,9
2794,18438190,18438.19,1895,0,gap,9
2795,18448178,18448.178,1862,0,gap,9
2796,18451984,18451.984,1871,0,gap,9
2797,18458177,18458.177,1841,0,gap,9
2798,18468186,18468.186,1815,0,gap,9
2799,18472009,18472.009,1813,0,gap,9
2800,18478173,18478.173,1798,0,gap,9
2801,18488177,18488.177,1793,0,gap,9
2802,18492008,18492.008,1765,0,gap,9
2803,18495833,18495.833,1728,0,gap,9
2804,18508187,18508.187,1717,0,gap,9
2805,18512031,18512.031,1680,0,gap,9
2806,18515871,18515.871,1684,0,gap,9
2807,18528179,18528.179,1673,0,gap,9
2808,18532063,18532.063,1658,0,gap,9
2809,18535940,18535.94,1629,0,gap,9
2810,18548190,18548.19,1619,0,gap,9
2811,18552085,18552.085,1596,0,gap,9
2812,18555971,18555.971,1598,0,gap,9
2813,18568178,18568.178,1579,0,gap,9
2814,18572078,18572.078,1535,0,gap,9
2815,18575978,18575.978,1525,0,gap,9
2816,18588186,18588.186,1530,0,gap,9
2817,18592097,18592.097,1474,0,gap,9
2818,18596008,18596.008,1463,0,gap,9
2819,18608177,18608.177,1456,0,gap,9
2820,18612102,18612.102,1438,0,gap,9
2821,18616030,18616.03,1423,0,gap,9
2822,18628185,18628.185,1415,0,gap,9
2823,18632133,18632.133,1399,0,gap,9
2824,18636081,18636.081,1391,0,gap,9
2825,18648177,18648.177,1365,0,gap,9
2826,18652146,18652.146,1360,0,gap,9
2827,18656106,18656.106,1328,0,gap,9
2828,18668185,18668.185,1342,0,gap,9
2829,18672164,18672.164,1306,0,gap,9
2830,18676133,18676.133,1283,0,gap,9
2831,18688177,18688.177,1294,0,gap,9
2832,18692170,18692.17,1254,0,gap,9
2833,18696153,18696.153,1242,0,gap,9
2834,18708185,18708.185,1227,0,gap,9
2835,18712179,18712.179,1209,0,gap,9
2836,18716168,18716.168,1226,0,gap,9
2837,18728181,18728.181,1189,0,gap,9
2838,18732185,18732.185,1187,0,gap,9
2839,18736188,18736.188,1178,0,gap,9
2840,18748185,18748.185,1166,0,gap,9
2841,18752203,18752.203,1165,0,gap,9
2842,18756215,18756.215,1125,0,gap,9
2843,18768177,18768.177,1146,0,gap,9
2844,18772200,18772.2,1088,0,gap,9
2845,18776219,18776.219,1084,0,gap,9
2846,18788185,18788.185,1102,0,gap,9
2847,18792222,18792.222,1049,0,gap,9
2848,18796259,18796.259,1068,0,gap,9
2849,18808177,18808.177,1057,0,gap,9
2850,18815017,18815.017,1047,0,gap,9
2851,18818803,18818.803,1035,0,gap,9
2852,18828186,18828.186,1008,0,gap,9
2853,18831970,18831.97,1010,0,gap,9
2854,18838186,18838.186,999,0,gap,9
2855,18848178,18848.178,998,0,gap,9
2856,18851977,18851.977,985,0,gap,9
2857,18858177,18858.177,949,0,gap,9
2858,18868189,18868.189,975,0,gap,9
2859,18872000,18872.0,931,0,gap,9
2860,18875805,18875.805,907,0,gap,9
2861,18888179,18888.179,923,0,gap,9
2862,18892000,18892.0,884,0,gap,9
2863,18895820,18895.82,890,0,gap,9
2864,18908186,18908.186,894,0,gap,9
2865,18912022,18912.022,851,0,gap,9
2866,18915853,18915.853,891,0,gap,9
2867,18928178,18928.178,845,0,gap,9
2868,18932019,18932.019,847,0,gap,9
2869,18935864,18935.864,825,0,gap,9
2870,18948185,18948.185,851,0,gap,9
2871,18952067,18952.067,834,0,gap,9
2872,18955946,18955.946,810,0,gap,9
2873,18968177,18968.177,846,0,gap,9
2874,18972077,18972.077,770,0,gap,9
2875,18975963,18975.963,773,0,gap,9
2876,18988185,18988.185,801,0,gap,9
2877,18992087,18992.087,752,0,gap,9
2878,18995987,18995.987,737,0,gap,9
2879,19008177,19008.177,768,0,gap,9
2880,19012100,19012.1,731,0,gap,9
2881,19016011,19016.011,731,0,gap,9
2882,19028185,19028.185,737,0,gap,9
2883,19032111,19032.111,735,0,gap,9
2884,19036036,19036.036,720,0,gap,9
2885,19048181,19048.181,738,0,gap,9
2886,19052125,19052.125,706,0,gap,9
2887,19056080,19056.08,688,0,gap,9
2888,19068185,19068.185,726,0,gap,9
2889,19072159,19072.159,683,0,gap,9
2890,19076127,19076.127,644,0,gap,9
2891,19088177,19088.177,704,0,gap,9
2892,19092152,19092.152,639,0,gap,9
2893,19096127,19096.127,635,0,gap,9
2894,19108185,19108.185,688,0,gap,9
2895,19112182,19112.182,615,0,gap,9
2896,19116174,19116.174,642,0,gap,9
2897,19128177,19128.177,629,0,gap,9
2898,19132172,19132.172,631,0,gap,9
2899,19136166,19136.166,634,0,gap,9
2900,19148185,19148.185,624,0,gap,9
2901,19152194,19152.194,611,0,gap,9
2902,19156193,19156.193,580,0,gap,9
2903,19168177,19168.177,655,0,gap,9
2904,19172195,19172.195,587,0,gap,9
2905,19176205,19176.205,579,0,gap,9
2906,19188189,19188.189,627,0,gap,9
2907,19192213,19192.213,556,0,gap,9
2908,19196232,19196.232,549,0,gap,9
2909,19208177,19208.177,575,0,gap,9
2910,19212215,19212.215,524,0,gap,9
2911,19216248,19216.248,542,0,gap,9
2912,19223054,19223.054,567,0,gap,9
2913,19228165,19228.165,526,0,gap,9
2914,19238186,19238.186,582,0,gap,9
2915,19241967,19241.967,498,0,gap,9
2916,19248185,19248.185,528,0,gap,9
2917,19258182,19258.182,534,0,gap,9
2918,19261979,19261.979,475,0,gap,9
2919,19265771,19265.771,496,0,gap,9
2920,19278187,19278.187,510,0,gap,9
2921,19281996,19281.996,493,0,gap,9
2922,19285801,19285.801,524,0,gap,9
2923,19298179,19298.179,534,0,gap,9
2924,19301997,19301.997,485,0,gap,9
2925,19305816,19305.816,468,0,gap,9
2926,19318186,19318.186,546,0,gap,9
2927,19322023,19322.023,453,0,gap,9
2928,19325852,19325.852,437,0,gap,9
2929,19338178,19338.178,528,0,gap,9
2930,19342013,19342.013,427,0,gap,9
2931,19345852,19345.852,418,0,gap,9
2932,19358185,19358.185,487,0,gap,9
2933,19362076,19362.076,403,0,gap,9
2934,19365944,19365.944,445,0,gap,9
2935,19378177,19378.177,446,0,gap,9
2936,19382067,19382.067,427,0,gap,9
2937,19385955,19385.955,439,0,gap,9
2938,19398189,19398.189,458,0,gap,9
2939,19402093,19402.093,432,0,gap,9
2940,19405983,19405.983,406,0,gap,9
2941,19418177,19418.177,484,0,gap,9
2942,19422083,19422.083,386,0,gap,9
2943,19426001,19426.001,371,0,gap,9
2944,19438185,19438.185,484,0,gap,9
2945,19442113,19442.113,371,0,gap,9
2946,19446028,19446.028,381,0,gap,9
2947,19458177,19458.177,442,0,gap,9
2948,19462115,19462.115,351,0,gap,9
2949,19466070,19466.07,400,0,gap,9
2950,19478185,19478.185,395,0,gap,9
2951,19482157,19482.157,372,0,gap,9
2952,19486115,19486.115,390,0,gap,9
2953,19498177,19498.177,401,0,gap,9
2954,19502151,19502.151,368,0,gap,9
2955,19506127,19506.127,350,0,gap,9
2956,19518185,19518.185,454,0,gap,9
2957,19522176,19522.176,357,0,gap,9
2958,19526150,19526.15,324,0,gap,9
2959,19538177,19538.177,435,0,gap,9
2960,19542174,19542.174,320,0,gap,9
2961,19546170,19546.17,323,0,gap,9
2962,19558185,19558.185,385,0,gap,9
2963,19562191,19562.191,299,0,gap,9
2964,19566189,19566.189,339,0,gap,9
2965,19578181,19578.181,353,0,gap,9
2966,19582189,19582.189,330,0,gap,9
2967,19586205,19586.205,336,0,gap,9
2968,19598185,19598.185,363,0,gap,9
2969,19602211,19602.211,333,0,gap,9
2970,19606228,19606.228,314,0,gap,9
2971,19618177,19618.177,389,0,gap,9
2972,19622205,19622.205,304,0,gap,9
2973,19626237,19626.237,267,0,gap,9
2974,19638185,19638.185,402,0,gap,9
2975,19645002,19645.002,303,0,gap,9
2976,19648788,19648.788,304,0,gap,9
2977,19658177,19658.177,349,0,gap,9
2978,19661953,19661.953,270,0,gap,9
2979,19668177,19668.177,355,0,gap,9
2980,19678185,19678.185,306,0,gap,9
2981,19681989,19681.989,292,0,gap,9
2982,19685776,19685.776,296,0,gap,9
2983,19698179,19698.179,321,0,gap,9
2984,19701986,19701.986,290,0,gap,9
2985,19705797,19705.797,272,0,gap,9
2986,19718191,19718.191,366,0,gap,9
2987,19722020,19722.02,259,0,gap,9
2988,19725833,19725.833,237,0,gap,9
2989,19738178,19738.178,366,0,gap,9
2990,19742009,19742.009,245,0,gap,9
2991,19745844,19745.844,245,0,gap,9
2992,19758185,19758.185,334,0,gap,9
2993,19762035,19762.035,225,0,gap,9
2994,19765869,19765.869,267,0,gap,9
2995,19778177,19778.177,285,0,gap,9
2996,19782051,19782.051,257,0,gap,9
2997,19785934,19785.934,265,0,gap,9
2998,19798185,19798.185,278,0,gap,9
2999,19802084,19802.084,274,0,gap,9
3000,19805971,19805.971,242,0,gap,9
3001,19818177,19818.177,336,0,gap,9
3002,19822079,19822.079,227,0,gap,9
3003,19825983,19825.983,205,0,gap,9
3004,19838185,19838.185,349,0,gap,9
3005,19842103,19842.103,208,0,gap,9
3006,19846015,19846.015,202,0,gap,9
3007,19858177,19858.177,299,0,gap,9
3008,19862107,19862.107,195,0,gap,9
3009,19866033,19866.033,231,0,gap,9
3010,19878185,19878.185,260,0,gap,9
3011,19882133,19882.133,239,0,gap,9
3012,19886091,19886.091,256,0,gap,9
3013,19898181,19898.181,263,0,gap,9
3014,19902147,19902.147,235,0,gap,9
3015,19906115,19906.115,205,0,gap,9
3016,19918185,19918.185,318,1,pulse,10
3017,19922261,19922.261,4095,1,pulse,10
3018,19926179,19926.179,4095,1,pulse,10
3019,19938174,19938.174,4095,1,pulse,10
3020,19942094,19942.094,4095,1,pulse,10
3021,19946018,19946.018,4095,1,pulse,10
3022,19958183,19958.183,4095,0,gap,10
3023,19962347,19962.347,3062,0,gap,10
3024,19966353,19966.353,2894,0,gap,10
3025,19978178,19978.178,2773,0,gap,10
3026,19982191,19982.191,2750,0,gap,10
3027,19986210,19986.21,2714,0,gap,10
3028,19998186,19998.186,2672,0,gap,10
3029,20002216,20002.216,2634,0,gap,10
3030,20006233,20006.233,2621,0,gap,10
3031,20018178,20018.178,2608,0,gap,10
3032,20022214,20022.214,2559,0,gap,10
3033,20026257,20026.257,2544,0,gap,10
3034,20038186,20038.186,2528,0,gap,10
3035,20042235,20042.235,2498,0,gap,10
3036,20046272,20046.272,2479,0,gap,10
3037,20053088,20053.088,2458,0,gap,10
3038,20058186,20058.186,2433,0,gap,10
3039,20068179,20068.179,2416,0,gap,10
3040,20071968,20071.968,2402,0,gap,10
3041,20078179,20078.179,2373,0,gap,10
3042,20088187,20088.187,2359,0,gap,10
3043,20092000,20092.0,2320,0,gap,10
3044,20098187,20098.187,2303,0,gap,10
3045,20108179,20108.179,2288,0,gap,10
3046,20111991,20111.991,2272,0,gap,10
3047,20118179,20118.179,2256,0,gap,10
3048,20128187,20128.187,2229,0,gap,10
3049,20132021,20132.021,2209,0,gap,10
3050,20138187,20138.187,2205,0,gap,10
3051,20148179,20148.179,2155,0,gap,10
3052,20152020,20152.02,2157,0,gap,10
3053,20158179,20158.179,2122,0,gap,10
3054,20168187,20168.187,2107,0,gap,10
3055,20172045,20172.045,2082,0,gap,10
3056,20178186,20178.186,2079,0,gap,10
3057,20188179,20188.179,2063,0,gap,10
3058,20192073,20192.073,2013,0,gap,10
3059,20198178,20198.178,2010,0,gap,10
3060,20208187,20208.187,1990,0,gap,10
3061,20212092,20212.092,1968,0,gap,10
3062,20218186,20218.186,1959,0,gap,10
3063,20228179,20228.179,1937,0,gap,10
3064,20232094,20232.094,1897,0,gap,10
3065,20238182,20238.182,1916,0,gap,10
3066,20248187,20248.187,1862,0,gap,10
3067,20252112,20252.112,1857,0,gap,10
3068,20258186,20258.186,1843,0,gap,10
3069,20268179,20268.179,1829,0,gap,10
3070,20272114,20272.114,1809,0,gap,10
3071,20278178,20278.178,1779,0,gap,10
3072,20288186,20288.186,1779,0,gap,10
3073,20292140,20292.14,1729,0,gap,10
3074,20298186,20298.186,1728,0,gap,10
3075,20308178,20308.178,1726,0,gap,10
3076,20312162,20312.162,1691,0,gap,10
3077,20318178,20318.178,1692,0,gap,10
3078,20328186,20328.186,1680,0,gap,10
3079,20332175,20332.175,1667,0,gap,10
3080,20338186,20338.186,1647,0,gap,10
3081,20348182,20348.182,1609,0,gap,10
3082,20352181,20352.181,1581,0,gap,10
3083,20358178,20358.178,1572,0,gap,10
3084,20368186,20368.186,1579,0,gap,10
3085,20372190,20372.19,1535,0,gap,10
3086,20378186,20378.186,1522,0,gap,10
3087,20388178,20388.178,1515,0,gap,10
3088,20392196,20392.196,1487,0,gap,10
3089,20398177,20398.177,1477,0,gap,10
3090,20408186,20408.186,1474,0,gap,10
3091,20412210,20412.21,1451,0,gap,10
3092,20418185,20418.185,1447,0,gap,10
3093,20428178,20428.178,1414,0,gap,10
3094,20432215,20432.215,1407,0,gap,10
3095,20438177,20438.177,1385,0,gap,10
3096,20448186,20448.186,1385,0,gap,10
3097,20452233,20452.233,1358,0,gap,10
3098,20458185,20458.185,1345,0,gap,10
3099,20468178,20468.178,1338,0,gap,10
3100,20475041,20475.041,1285,0,gap,10
3101,20478835,20478.835,1273,0,gap,10
3102,20488186,20488.186,1296,0,gap,10
3103,20491984,20491.984,1263,0,gap,10
3104,20498186,20498.186,1255,0,gap,10
3105,20508178,20508.178,1232,0,gap,10
3106,20511985,20511.985,1223,0,gap,10
3107,20518178,20518.178,1203,0,gap,10
3108,20528186,20528.186,1183,0,gap,10
3109,20532008,20532.008,1195,0,gap,10
3110,20538186,20538.186,1193,0,gap,10
3111,20548178,20548.178,1167,0,gap,10
3112,20552014,20552.014,1145,0,gap,10
3113,20558182,20558.182,1122,0,gap,10
3114,20568186,20568.186,1136,0,gap,10
3115,20572029,20572.029,1107,0,gap,10
3116,20578186,20578.186,1104,0,gap,10
3117,20588178,20588.178,1104,0,gap,10
3118,20592031,20592.031,1078,0,gap,10
3119,20598178,20598.178,1055,0,gap,10
3120,20608186,20608.186,1041,0,gap,10
3121,20612080,20612.08,1015,0,gap,10
3122,20618185,20618.185,1034,0,gap,10
3123,20628178,20628.178,999,0,gap,10
3124,20632088,20632.088,1008,0,gap,10
3125,20638177,20638.177,999,0,gap,10
3126,20648186,20648.186,974,0,gap,10
3127,20652101,20652.101,974,0,gap,10
3128,20658173,20658.173,944,0,gap,10
3129,20668181,20668.181,959,0,gap,10
3130,20672106,20672.106,938,0,gap,10
3131,20676031,20676.031,914,0,gap,10
3132,20688187,20688.187,945,0,gap,10
3133,20692127,20692.127,880,0,gap,10
3134,20696058,20696.058,859,0,gap,10
3135,20708179,20708.179,887,0,gap,10
3136,20712133,20712.133,855,0,gap,10
3137,20716108,20716.108,870,0,gap,10
3138,20728186,20728.186,842,0,gap,10
3139,20732166,20732.166,851,0,gap,10
3140,20736141,20736.141,848,0,gap,10
3141,20748178,20748.178,856,0,gap,10
3142,20752159,20752.159,831,0,gap,10
3143,20756148,20756.148,810,0,gap,10
3144,20768186,20768.186,831,0,gap,10
3145,20772193,20772.193,782,0,gap,10
3146,20776183,20776.183,769,0,gap,10
3147,20788177,20788.177,803,0,gap,10
3148,20792178,20792.178,751,0,gap,10
3149,20796187,20796.187,753,0,gap,10
3150,20808185,20808.185,766,0,gap,10
3151,20812212,20812.212,725,0,gap,10
3152,20816222,20816.222,752,0,gap,10
3153,20828177,20828.177,733,0,gap,10
3154,20832198,20832.198,711,0,gap,10
3155,20836226,20836.226,724,0,gap,10
3156,20848185,20848.185,740,0,gap,10
3157,20852224,20852.224,709,0,gap,10
3158,20856249,20856.249,683,0,gap,10
3159,20868177,20868.177,721,0,gap,10
3160,20872221,20872.221,670,0,gap,10
3161,20876273,20876.273,647,0,gap,10
3162,20883069,20883.069,707,0,gap,10
3163,20888177,20888.177,680,0,gap,10
3164,20898186,20898.186,672,0,gap,10
3165,20901978,20901.978,666,0,gap,10
3166,20908186,20908.186,633,0,gap,10
3167,20918178,20918.178,673,0,gap,10
3168,20921986,20921.986,613,0,gap,10
3169,20928178,20928.178,614,0,gap,10
3170,20938186,20938.186,655,0,gap,10
3171,20942005,20942.005,577,0,gap,10
3172,20948185,20948.185,607,0,gap,10
3173,20958178,20958.178,596,0,gap,10
3174,20962002,20962.002,551,0,gap,10
3175,20968165,20968.165,618,0,gap,10
3176,20978185,20978.185,567,0,gap,10
3177,20982037,20982.037,555,0,gap,10
3178,20985869,20985.869,578,0,gap,10
3179,20998179,20998.179,568,0,gap,10
3180,21002025,21002.025,567,0,gap,10
3181,21005879,21005.879,560,0,gap,10
3182,21018187,21018.187,603,0,gap,10
3183,21022088,21022.088,511,0,gap,10
3184,21025971,21025.971,499,0,gap,10
3185,21038178,21038.178,594,0,gap,10
3186,21042075,21042.075,496,0,gap,10
3187,21045974,21045.974,475,0,gap,10
3188,21058186,21058.186,576,0,gap,10
3189,21062100,21062.1,475,0,gap,10
3190,21066001,21066.001,510,0,gap,10
3191,21078178,21078.178,502,0,gap,10
3192,21082099,21082.099,470,0,gap,10
3193,21086031,21086.031,496,0,gap,10
3194,21098185,21098.185,511,0,gap,10
3195,21102128,21102.128,498,0,gap,10
3196,21106053,21106.053,463,0,gap,10
3197,21118177,21118.177,533,0,gap,10
3198,21122126,21122.126,457,0,gap,10
3199,21126092,21126.092,432,0,gap,10
3200,21138185,21138.185,529,0,gap,10
3201,21142164,21142.164,431,0,gap,10
3202,21146133,21146.133,422,0,gap,10
3203,21158177,21158.177,482,0,gap,10
3204,21162161,21162.161,402,0,gap,10
3205,21166145,21166.145,432,0,gap,10
3206,21178185,21178.185,447,0,gap,10
3207,21182187,21182.187,419,0,gap,10
3208,21186176,21186.176,419,0,gap,10
3209,21198181,21198.181,454,0,gap,10
3210,21202185,21202.185,432,0,gap,10
3211,21206187,21206.187,421,0,gap,10
3212,21218185,21218.185,479,0,gap,10
3213,21222206,21222.206,407,0,gap,10
3214,21226215,21226.215,377,0,gap,10
3215,21238177,21238.177,485,0,gap,10
3216,21242200,21242.2,361,0,gap,10
3217,21246222,21246.222,358,0,gap,10
3218,21258185,21258.185,445,0,gap,10
3219,21262222,21262.222,353,0,gap,10
3220,21266254,21266.254,387,0,gap,10
3221,21278177,21278.177,388,0,gap,10
3222,21282216,21282.216,379,0,gap,10
3223,21286261,21286.261,381,0,gap,10
3224,21298185,21298.185,423,0,gap,10
3225,21305057,21305.057,400,0,gap,10
3226,21308844,21308.844,331,0,gap,10
3227,21318178,21318.178,432,0,gap,10
3228,21321963,21321.963,351,0,gap,10
3229,21328178,21328.178,339,0,gap,10
3230,21338186,21338.186,437,0,gap,10
3231,21342004,21342.004,310,0,gap,10
3232,21348185,21348.185,349,0,gap,10
3233,21358178,21358.178,373,0,gap,10
3234,21361990,21361.99,300,0,gap,10
3235,21368177,21368.177,386,0,gap,10
3236,21378185,21378.185,353,0,gap,10
3237,21382017,21382.017,308,0,gap,10
3238,21385844,21385.844,327,0,gap,10
3239,21398179,21398.179,347,0,gap,10
3240,21402025,21402.025,330,0,gap,10
3241,21405865,21405.865,314,0,gap,10
3242,21418187,21418.187,400,0,gap,10
3243,21422039,21422.039,303,0,gap,10
3244,21425889,21425.889,279,0,gap,10
3245,21438178,21438.178,400,0,gap,10
3246,21442060,21442.06,272,0,gap,10
3247,21445952,21445.952,265,0,gap,10
3248,21458186,21458.186,365,0,gap,10
3249,21462087,21462.087,243,0,gap,10
3250,21465988,21465.988,315,0,gap,10
3251,21478178,21478.178,323,0,gap,10
3252,21482093,21482.093,277,0,gap,10
3253,21486000,21486.0,313,0,gap,10
3254,21498185,21498.185,323,0,gap,10
3255,21502115,21502.115,301,0,gap,10
3256,21506040,21506.04,269,0,gap,10
3257,21518182,21518.182,363,0,gap,10
3258,21522122,21522.122,267,0,gap,10
3259,21526053,21526.053,236,0,gap,10
3260,21538185,21538.185,367,0,gap,10
3261,21542144,21542.144,239,0,gap,10
3262,21546109,21546.109,224,0,gap,10
3263,21558177,21558.177,347,0,gap,10
3264,21562157,21562.157,228,0,gap,10
3265,21566128,21566.128,261,0,gap,10
3266,21578185,21578.185,283,0,gap,10
3267,21582171,21582.171,263,0,gap,10
3268,21586156,21586.156,272,0,gap,10
3269,21598177,21598.177,286,0,gap,10
3270,21602173,21602.173,267,0,gap,10
3271,21606171,21606.171,241,0,gap,10
3272,21618185,21618.185,309,0,gap,10
3273,21622198,21622.198,231,0,gap,10
3274,21626199,21626.199,207,0,gap,10
3275,21638177,21638.177,336,0,gap,10
3276,21642188,21642.188,199,0,gap,10
3277,21646207,21646.207,205,0,gap,10
3278,21658185,21658.185,288,0,gap,10
3279,21662222,21662.222,203,0,gap,10
3280,21666242,21666.242,222,0,gap,10
3281,21678177,21678.177,240,0,gap,10
3282,21682208,21682.208,214,0,gap,10
3283,21686245,21686.245,243,0,gap,10
3284,21698185,21698.185,253,0,gap,10
3285,21702233,21702.233,240,0,gap,10
3286,21706269,21706.269,217,0,gap,10
3287,21718177,21718.177,314,1,pulse,11
3288,21725078,21725.078,4095,1,pulse,11
3289,21728817,21728.817,4095,1,pulse,11
3290,21738182,21738.182,4095,1,pulse,11
3291,21741915,21741.915,4095,1,pulse,11
3292,21748183,21748.183,4095,1,pulse,11
3293,21758175,21758.175,4095,0,gap,11
3294,21762143,21762.143,3127,0,gap,11
3295,21768179,21768.179,2852,0,gap,11
3296,21778187,21778.187,2790,0,gap,11
3297,21782024,21782.024,2743,0,gap,11
3298,21788187,21788.187,2733,0,gap,11
3299,21798179,21798.179,2687,0,gap,11
3300,21802022,21802.022,2654,0,gap,11
3301,21808179,21808.179,2625,0,gap,11
3302,21818187,21818.187,2597,0,gap,11
3303,21822048,21822.048,2582,0,gap,11
3304,21828191,21828.191,2547,0,gap,11
3305,21838179,21838.179,2534,0,gap,11
3306,21842042,21842.042,2505,0,gap,11
3307,21848178,21848.178,2475,0,gap,11
3308,21858187,21858.187,2454,0,gap,11
3309,21862099,21862.099,2441,0,gap,11
3310,21868186,21868.186,2420,0,gap,11
3311,21878179,21878.179,2401,0,gap,11
3312,21882092,21882.092,2374,0,gap,11
3313,21888178,21888.178,2367,0,gap,11
3314,21898187,21898.187,2354,0,gap,11
3315,21902118,21902.118,2304,0,gap,11
3316,21908186,21908.186,2288,0,gap,11
3317,21918179,21918.179,2274,0,gap,11
3318,21922115,21922.115,2256,0,gap,11
3319,21928178,21928.178,2239,0,gap,11
3320,21938191,21938.191,2219,0,gap,11
3321,21942142,21942.142,2192,0,gap,11
3322,21948186,21948.186,2186,0,gap,11
3323,21958178,21958.178,2146,0,gap,11
3324,21962144,21962.144,2141,0,gap,11
3325,21968182,21968.182,2128,0,gap,11
3326,21978186,21978.186,2091,0,gap,11
3327,21982178,21982.178,2077,0,gap,11
3328,21988186,21988.186,2039,0,gap,11
3329,21998178,21998.178,2028,0,gap,11
3330,22002175,22002.175,2013,0,gap,11
3331,22008178,22008.178,1979,0,gap,11
3332,22018186,22018.186,1979,0,gap,11
3333,22022193,22022.193,1968,0,gap,11
3334,22028186,22028.186,1933,0,gap,11
3335,22038178,22038.178,1897,0,gap,11
3336,22042203,22042.203,1898,0,gap,11
3337,22048178,22048.178,1869,0,gap,11
3338,22058186,22058.186,1856,0,gap,11
3339,22062213,22062.213,1846,0,gap,11
3340,22068185,22068.185,1829,0,gap,11
3341,22078182,22078.182,1789,0,gap,11
3342,22082222,22082.222,1806,0,gap,11
3343,22088177,22088.177,1795,0,gap,11
3344,22098186,22098.186,1751,0,gap,11
3345,22102236,22102.236,1731,0,gap,11
3346,22108185,22108.185,1712,0,gap,11
3347,22118178,22118.178,1698,0,gap,11
3348,22122234,22122.234,1691,0,gap,11
3349,22128177,22128.177,1668,0,gap,11
3350,22138186,22138.186,1645,0,gap,11
3351,22144870,22144.87,1618,0,gap,11
3352,22148671,22148.671,1616,0,gap,11
3353,22158178,22158.178,1571,0,gap,11
3354,22161980,22161.98,1567,0,gap,11
3355,22168178,22168.178,1570,0,gap,11
3356,22178186,22178.186,1535,0,gap,11
3357,22182016,22182.016,1523,0,gap,11
3358,22188186,22188.186,1509,0,gap,11
3359,22198178,22198.178,1493,0,gap,11
3360,22202007,22202.007,1490,0,gap,11
3361,22208178,22208.178,1458,0,gap,11
3362,22218186,22218.186,1443,0,gap,11
3363,22222038,22222.038,1426,0,gap,11
3364,22228186,22228.186,1397,0,gap,11
3365,22238178,22238.178,1392,0,gap,11
3366,22242028,22242.028,1370,0,gap,11
3367,22248178,22248.178,1363,0,gap,11
3368,22258190,22258.19,1350,0,gap,11
3369,22262062,22262.062,1325,0,gap,11
3370,22268185,22268.185,1328,0,gap,11
3371,22278178,22278.178,1296,0,gap,11
3372,22282078,22282.078,1296,0,gap,11
3373,22288181,22288.181,1287,0,gap,11
3374,22298186,22298.186,1264,0,gap,11
3375,22302103,22302.103,1249,0,gap,11
3376,22308185,22308.185,1238,0,gap,11
3377,22318178,22318.178,1232,0,gap,11
3378,22322101,22322.101,1207,0,gap,11
3379,22328177,22328.177,1185,0,gap,11
3380,22338186,22338.186,1194,0,gap,11
3381,22342123,22342.123,1147,0,gap,11
3382,22348185,22348.185,1163,0,gap,11
3383,22358178,22358.178,1139,0,gap,11
3384,22362133,22362.133,1118,0,gap,11
3385,22368165,22368.165,1136,0,gap,11
3386,22378185,22378.185,1088,0,gap,11
3387,22382157,22382.157,1109,0,gap,11
3388,22386131,22386.131,1114,0,gap,11
3389,22398183,22398.183,1062,0,gap,11
3390,22402175,22402.175,1081,0,gap,11
3391,22406162,22406.162,1044,0,gap,11
3392,22418187,22418.187,1056,0,gap,11
3393,22422184,22422.184,1008,0,gap,11
3394,22426177,22426.177,1002,0,gap,11
3395,22438179,22438.179,1005,0,gap,11
3396,22442186,22442.186,951,0,gap,11
3397,22446191,22446.191,983,0,gap,11
3398,22458187,22458.187,967,0,gap,11
3399,22462207,22462.207,944,0,gap,11
3400,22466226,22466.226,959,0,gap,11
3401,22478178,22478.178,932,0,gap,11
3402,22482204,22482.204,920,0,gap,11
3403,22486225,22486.225,915,0,gap,11
3404,22498186,22498.186,897,0,gap,11
3405,22502226,22502.226,913,0,gap,11
3406,22506256,22506.256,891,0,gap,11
3407,22518178,22518.178,901,0,gap,11
3408,22522227,22522.227,868,0,gap,11
3409,22526267,22526.267,848,0,gap,11
3410,22538185,22538.185,882,0,gap,11
3411,22542244,22542.244,832,0,gap,11
3412,22546295,22546.295,817,0,gap,11
3413,22553110,22553.11,854,0,gap,11
3414,22558185,22558.185,796,0,gap,11
3415,22568179,22568.179,848,0,gap,11
3416,22571984,22571.984,789,0,gap,11
3417,22578178,22578.178,773,0,gap,11
3418,22588186,22588.186,807,0,gap,11
3419,22592008,22592.008,761,0,gap,11
3420,22598186,22598.186,739,0,gap,11
3421,22608182,22608.182,784,0,gap,11
3422,22612007,22612.007,706,0,gap,11
3423,22618177,22618.177,768,0,gap,11
3424,22628186,22628.186,730,0,gap,11
3425,22632024,22632.024,705,0,gap,11
3426,22638169,22638.169,725,0,gap,11
3427,22648177,22648.177,718,0,gap,11
3428,22652031,22652.031,713,0,gap,11
3429,22655880,22655.88,705,0,gap,11
3430,22668187,22668.187,735,0,gap,11
3431,22672051,22672.051,677,0,gap,11
3432,22675914,22675.914,662,0,gap,11
3433,22688179,22688.179,704,0,gap,11
3434,22692078,22692.078,644,0,gap,11
3435,22695975,22695.975,639,0,gap,11
3436,22708186,22708.186,663,0,gap,11
3437,22712104,22712.104,605,0,gap,11
3438,22716010,22716.01,629,0,gap,11
3439,22728178,22728.178,615,0,gap,11
3440,22732102,22732.102,621,0,gap,11
3441,22736021,22736.021,615,0,gap,11
3442,22748186,22748.186,627,0,gap,11
3443,22752120,22752.12,606,0,gap,11
3444,22756055,22756.055,599,0,gap,11
3445,22768177,22768.177,653,0,gap,11
3446,22772122,22772.122,585,0,gap,11
3447,22776065,22776.065,557,0,gap,11
3448,22788189,22788.189,642,0,gap,11
3449,22792152,22792.152,568,0,gap,11
3450,22796116,22796.116,546,0,gap,11
3451,22808177,22808.177,576,0,gap,11
3452,22812162,22812.162,509,0,gap,11
3453,22816145,22816.145,550,0,gap,11
3454,22828185,22828.185,550,0,gap,11
3455,22832183,22832.183,537,0,gap,11
3456,22836176,22836.176,539,0,gap,11
3457,22848177,22848.177,529,0,gap,11
3458,22852181,22852.181,545,0,gap,11
3459,22856184,22856.184,497,0,gap,11
3460,22868185,22868.185,566,0,gap,11
3461,22872203,22872.203,502,0,gap,11
3462,22876215,22876.215,464,0,gap,11
3463,22888177,22888.177,570,0,gap,11
3464,22892209,22892.209,481,0,gap,11
3465,22896227,22896.227,455,0,gap,11
3466,22908185,22908.185,531,0,gap,11
3467,22912218,22912.218,438,0,gap,11
3468,22916250,22916.25,480,0,gap,11
3469,22928181,22928.181,464,0,gap,11
3470,22932224,22932.224,448,0,gap,11
3471,22936266,22936.266,470,0,gap,11
3472,22948185,22948.185,475,0,gap,11
3473,22952238,22952.238,455,0,gap,11
3474,22956289,22956.289,434,0,gap,11
3475,22968177,22968.177,511,0,gap,11
3476,22975040,22975.04,449,0,gap,11
3477,22978843,22978.843,389,0,gap,11
3478,22988186,22988.186,492,0,gap,11
3479,22991989,22991.989,393,0,gap,11
3480,22998190,22998.19,405,0,gap,11
3481,23008178,23008.178,448,0,gap,11
3482,23011989,23011.989,378,0,gap,11
3483,23018177,23018.177,450,0,gap,11
3484,23028186,23028.186,414,0,gap,11
3485,23032024,23032.024,372,0,gap,11
3486,23038173,23038.173,448,0,gap,11
3487,23048177,23048.177,406,0,gap,11
3488,23052018,23052.018,418,0,gap,11
3489,23055859,23055.859,392,0,gap,11
3490,23068187,23068.187,450,0,gap,11
3491,23072046,23072.046,383,0,gap,11
3492,23075893,23075.893,337,0,gap,11
3493,23088179,23088.179,466,0,gap,11
3494,23092036,23092.036,326,0,gap,11
3495,23095901,23095.901,338,0,gap,11
3496,23108190,23108.19,431,0,gap,11
3497,23112095,23112.095,322,0,gap,11
3498,23115991,23115.991,342,0,gap,11
3499,23128178,23128.178,385,0,gap,11
3500,23132085,23132.085,335,0,gap,11
3501,23136003,23136.003,370,0,gap,11
3502,23148186,23148.186,379,0,gap,11
3503,23152115,23152.115,347,0,gap,11
3504,23156031,23156.031,343,0,gap,11
3505,23168177,23168.177,401,0,gap,11
3506,23172109,23172.109,335,0,gap,11
3507,23176054,23176.054,297,0,gap,11
3508,23188185,23188.185,417,0,gap,11
3509,23192135,23192.135,285,0,gap,11
3510,23196076,23196.076,272,0,gap,11
3511,23208177,23208.177,390,0,gap,11
3512,23212146,23212.146,278,0,gap,11
3513,23216125,23216.125,304,0,gap,11
3514,23228185,23228.185,333,0,gap,11
3515,23232175,23232.175,315,0,gap,11
3516,23236155,23236.155,313,0,gap,11
3517,23248181,23248.181,331,0,gap,11
3518,23252173,23252.173,308,0,gap,11
3519,23256172,23256.172,303,0,gap,11
3520,23268185,23268.185,365,0,gap,11
3521,23272195,23272.195,303,0,gap,11
3522,23276195,23276.195,270,0,gap,11
3523,23288177,23288.177,387,0,gap,11
3524,23292189,23292.189,261,0,gap,11
3525,23296203,23296.203,237,0,gap,11
3526,23308185,23308.185,348,0,gap,11
3527,23312218,23312.218,245,0,gap,11
3528,23316242,23316.242,267,0,gap,11
3529,23328177,23328.177,297,0,gap,11
3530,23332208,23332.208,277,0,gap,11
3531,23336246,23336.246,302,0,gap,11
3532,23348185,23348.185,301,0,gap,11
3533,23352242,23352.242,279,0,gap,11
3534,23356281,23356.281,267,0,gap,11
3535,23368177,23368.177,346,0,gap,11
3536,23372231,23372.231,256,0,gap,11
3537,23376289,23376.289,231,0,gap,11
3538,23388185,23388.185,340,0,gap,11
3539,23395010,23395.01,256,0,gap,11
3540,23398799,23398.799,240,0,gap,11
3541,23408178,23408.178,295,0,gap,11
3542,23411978,23411.978,191,0,gap,11
3543,23418178,23418.178,278,0,gap,11
3544,23428190,23428.19,256,0,gap,11
3545,23432015,23432.015,226,0,gap,11
3546,23438185,23438.185,283,0,gap,11
3547,23448178,23448.178,269,0,gap,11
3548,23452002,23452.002,248,0,gap,11
3549,23458173,23458.173,253,0,gap,11
3550,23468185,23468.185,314,0,gap,11
3551,23472036,23472.036,218,0,gap,11
3552,23475874,23475.874,194,0,gap,11
3553,23488179,23488.179,336,0,gap,11
3554,23492028,23492.028,199,0,gap,11
3555,23495888,23495.888,169,0,gap,11
3556,23508187,23508.187,298,0,gap,11
3557,23512053,23512.053,167,0,gap,11
3558,23515912,23515.912,203,0,gap,11
3559,23528178,23528.178,239,0,gap,11
3560,23532082,23532.082,205,0,gap,11
3561,23535983,23535.983,230,0,gap,11
3562,23548186,23548.186,231,0,gap,11
3563,23552106,23552.106,221,0,gap,11
3564,23556010,23556.01,199,0,gap,11
3565,23568182,23568.182,291,0,gap,11
3566,23572104,23572.104,199,0,gap,11
3567,23576030,23576.03,175,0,gap,11
3568,23588185,23588.185,309,0,gap,11
3569,23592125,23592.125,173,0,gap,11
3570,23596054,23596.054,157,0,gap,11
3571,23608177,23608.177,259,0,gap,11
3572,23612120,23612.12,135,0,gap,11
3573,23616083,23616.083,185,0,gap,11
3574,23628185,23628.185,215,0,gap,11
3575,23632158,23632.158,186,0,gap,11
3576,23636129,23636.129,218,0,gap,11
3577,23648177,23648.177,207,0,gap,11
3578,23652164,23652.164,197,0,gap,11
3579,23656151,23656.151,174,0,gap,11
3580,23668185,23668.185,269,1,pulse,12
3581,23672282,23672.282,4095,1,pulse,12
3582,23676216,23676.216,4095,1,pulse,12
3583,23688174,23688.174,4095,1,pulse,12
3584,23692115,23692.115,4095,1,pulse,12
3585,23696059,23696.059,4095,1,pulse,12
3586,23708187,23708.187,4095,0,gap,12
3587,23712367,23712.367,3114,0,gap,12
3588,23716393,23716.393,2911,0,gap,12
3589,23728178,23728.178,2753,0,gap,12
3590,23732211,23732.211,2747,0,gap,12
3591,23736254,23736.254,2693,0,gap,12
3592,23748186,23748.186,2666,0,gap,12
3593,23752236,23752.236,2646,0,gap,12
3594,23756278,23756.278,2644,0,gap,12
3595,23768178,23768.178,2586,0,gap,12
3596,23772234,23772.234,2559,0,gap,12
3597,23776293,23776.293,2559,0,gap,12
3598,23788186,23788.186,2528,0,gap,12
3599,23792260,23792.26,2494,0,gap,12
3600,23796321,23796.321,2480,0,gap,12
3601,23808178,23808.178,2448,0,gap,12
3602,23815003,23815.003,2425,0,gap,12
3603,23818812,23818.812,2416,0,gap,12
3604,23828186,23828.186,2375,0,gap,12
3605,23832005,23832.005,2387,0,gap,12
3606,23838186,23838.186,2352,0,gap,12
3607,23848178,23848.178,2323,0,gap,12
3608,23852010,23852.01,2307,0,gap,12
3609,23858178,23858.178,2279,0,gap,12
3610,23868186,23868.186,2262,0,gap,12
3611,23872029,23872.029,2234,0,gap,12
3612,23878190,23878.19,2222,0,gap,12
3613,23888178,23888.178,2203,0,gap,12
3614,23892031,23892.031,2201,0,gap,12
3615,23898178,23898.178,2171,0,gap,12
3616,23908186,23908.186,2160,0,gap,12
3617,23912050,23912.05,2128,0,gap,12
3618,23918186,23918.186,2110,0,gap,12
3619,23928178,23928.178,2079,0,gap,12
3620,23932055,23932.055,2064,0,gap,12
3621,23938178,23938.178,2047,0,gap,12
3622,23948186,23948.186,2027,0,gap,12
3623,23952107,23952.107,2039,0,gap,12
3624,23958185,23958.185,1998,0,gap,12
3625,23968178,23968.178,1967,0,gap,12
3626,23972101,23972.101,1952,0,gap,12
3627,23978177,23978.177,1936,0,gap,12
3628,23988190,23988.19,1913,0,gap,12
3629,23992131,23992.131,1898,0,gap,12
3630,23998185,23998.185,1896,0,gap,12
3631,24008178,24008.178,1850,0,gap,12
3632,24012125,24012.125,1825,0,gap,12
3633,24018177,24018.177,1842,0,gap,12
3634,24028186,24028.186,1799,0,gap,12
3635,24032152,24032.152,1796,0,gap,12
3636,24038185,24038.185,1769,0,gap,12
3637,24048178,24048.178,1745,0,gap,12
3638,24052150,24052.15,1727,0,gap,12
3639,24058165,24058.165,1719,0,gap,12
3640,24068185,24068.185,1691,0,gap,12
3641,24072187,24072.187,1680,0,gap,12
3642,24076176,24076.176,1677,0,gap,12
3643,24088179,24088.179,1658,0,gap,12
3644,24092186,24092.186,1632,0,gap,12
3645,24096193,24096.193,1616,0,gap,12
3646,24108187,24108.187,1582,0,gap,12
3647,24112212,24112.212,1577,0,gap,12
3648,24116224,24116.224,1569,0,gap,12
3649,24128179,24128.179,1532,0,gap,12
3650,24132206,24132.206,1521,0,gap,12
3651,24136236,24136.236,1531,0,gap,12
3652,24148187,24148.187,1489,0,gap,12
3653,24152227,24152.227,1483,0,gap,12
3654,24156255,24156.255,1469,0,gap,12
3655,24168179,24168.179,1460,0,gap,12
3656,24172225,24172.225,1444,0,gap,12
3657,24176270,24176.27,1420,0,gap,12
3658,24188187,24188.187,1403,0,gap,12
3659,24192246,24192.246,1369,0,gap,12
3660,24196302,24196.302,1365,0,gap,12
3661,24208179,24208.179,1375,0,gap,12
3662,24212244,24212.244,1345,0,gap,12
3663,24216313,24216.313,1343,0,gap,12
3664,24228186,24228.186,1327,0,gap,12
3665,24234883,24234.883,1314,0,gap,12
3666,24238689,24238.689,1292,0,gap,12
3667,24248178,24248.178,1277,0,gap,12
3668,24251994,24251.994,1252,0,gap,12
3669,24258178,24258.178,1235,0,gap,12
3670,24268186,24268.186,1246,0,gap,12
3671,24272026,24272.026,1207,0,gap,12
3672,24278186,24278.186,1189,0,gap,12
3673,24288178,24288.178,1192,0,gap,12
3674,24292013,24292.013,1168,0,gap,12
3675,24298178,24298.178,1181,0,gap,12
3676,24308190,24308.19,1155,0,gap,12
3677,24312051,24312.051,1121,0,gap,12
3678,24318186,24318.186,1139,0,gap,12
3679,24328178,24328.178,1107,0,gap,12
3680,24332042,24332.042,1092,0,gap,12
3681,24338178,24338.178,1114,0,gap,12
3682,24348186,24348.186,1090,0,gap,12
3683,24352063,24352.063,1083,0,gap,12
3684,24358185,24358.185,1047,0,gap,12
3685,24368178,24368.178,1059,0,gap,12
3686,24372088,24372.088,1021,0,gap,12
3687,24378177,24378.177,994,0,gap,12
3688,24388186,24388.186,1022,0,gap,12
3689,24392113,24392.113,982,0,gap,12
3690,24398185,24398.185,973,0,gap,12
3691,24408177,24408.177,975,0,gap,12
3692,24412118,24412.118,944,0,gap,12
3693,24416049,24416.049,947,0,gap,12
3694,24428187,24428.187,938,0,gap,12
3695,24432138,24432.138,925,0,gap,12
3696,24436084,24436.084,929,0,gap,12
3697,24448179,24448.179,909,0,gap,12
3698,24452140,24452.14,907,0,gap,12
3699,24456096,24456.096,894,0,gap,12
3700,24468186,24468.186,897,0,gap,12
3701,24472167,24472.167,882,0,gap,12
3702,24476153,24476.153,848,0,gap,12
3703,24488178,24488.178,885,0,gap,12
3704,24492179,24492.179,829,0,gap,12
3705,24496170,24496.17,804,0,gap,12
3706,24508186,24508.186,843,0,gap,12
3707,24512192,24512.192,784,0,gap,12
3708,24516198,24516.198,816,0,gap,12
3709,24528177,24528.177,791,0,gap,12
3710,24532197,24532.197,771,0,gap,12
3711,24536213,24536.213,805,0,gap,12
3712,24548185,24548.185,783,0,gap,12
3713,24552215,24552.215,782,0,gap,12
3714,24556244,24556.244,765,0,gap,12
3715,24568177,24568.177,772,0,gap,12
3716,24572213,24572.213,752,0,gap,12
3717,24576244,24576.244,720,0,gap,12
3718,24588185,24588.185,763,0,gap,12
3719,24592239,24592.239,698,0,gap,12
3720,24596283,24596.283,693,0,gap,12
3721,24608177,24608.177,718,0,gap,12
3722,24612236,24612.236,655,0,gap,12
3723,24616291,24616.291,675,0,gap,12
3724,24628189,24628.189,687,0,gap,12
3725,24632259,24632.259,665,0,gap,12
3726,24636319,24636.319,677,0,gap,12
3727,24643148,24643.148,653,0,gap,12
3728,24648185,24648.185,624,0,gap,12
3729,24658179,24658.179,687,0,gap,12
3730,24661994,24661.994,608,0,gap,12
3731,24668178,24668.178,641,0,gap,12
3732,24678186,24678.186,640,0,gap,12
3733,24682014,24682.014,624,0,gap,12
3734,24688186,24688.186,651,0,gap,12
3735,24698178,24698.178,603,0,gap,12
3736,24702013,24702.013,618,0,gap,12
3737,24708177,24708.177,608,0,gap,12
3738,24718186,24718.186,652,0,gap,12
3739,24722034,24722.034,598,0,gap,12
3740,24728173,24728.173,576,0,gap,12
3741,24738177,24738.177,628,0,gap,12
3742,24742037,24742.037,558,0,gap,12
3743,24745896,24745.896,555,0,gap,12
3744,24758187,24758.187,594,0,gap,12
3745,24762057,24762.057,511,0,gap,12
3746,24765930,24765.93,543,0,gap,12
3747,24778179,24778.179,561,0,gap,12
3748,24782088,24782.088,510,0,gap,12
3749,24785995,24785.995,551,0,gap,12
3750,24798186,24798.186,547,0,gap,12
3751,24802114,24802.114,542,0,gap,12
3752,24806033,24806.033,504,0,gap,12
3753,24818178,24818.178,569,0,gap,12
3754,24822108,24822.108,511,0,gap,12
3755,24826037,24826.037,481,0,gap,12
3756,24838190,24838.19,560,0,gap,12
3757,24842134,24842.134,473,0,gap,12
3758,24846079,24846.079,445,0,gap,12
3759,24858177,24858.177,551,0,gap,12
3760,24862135,24862.135,426,0,gap,12
3761,24866089,24866.089,467,0,gap,12
3762,24878185,24878.185,489,0,gap,12
3763,24882158,24882.158,448,0,gap,12
3764,24886135,24886.135,469,0,gap,12
3765,24898177,24898.177,471,0,gap,12
3766,24902175,24902.175,464,0,gap,12
3767,24906173,24906.173,458,0,gap,12
3768,24918185,24918.185,496,0,gap,12
3769,24922189,24922.189,441,0,gap,12
3770,24926188,24926.188,399,0,gap,12
3771,24938177,24938.177,528,0,gap,12
3772,24942199,24942.199,416,0,gap,12
3773,24946216,24946.216,384,0,gap,12
3774,24958185,24958.185,487,0,gap,12
3775,24962213,24962.213,383,0,gap,12
3776,24966235,24966.235,418,0,gap,12
3777,24978177,24978.177,435,0,gap,12
3778,24982214,24982.214,395,0,gap,12
3779,24986247,24986.247,400,0,gap,12
3780,24998185,24998.185,414,0,gap,12
3781,25002232,25002.232,402,0,gap,12
3782,25006270,25006.27,400,0,gap,12
3783,25018177,25018.177,443,0,gap,12
3784,25022234,25022.234,390,0,gap,12
3785,25026285,25026.285,353,0,gap,12
3786,25038185,25038.185,460,0,gap,12
3787,25042247,25042.247,351,0,gap,12
3788,25046313,25046.313,335,0,gap,12
3789,25058177,25058.177,442,0,gap,12
3790,25065054,25065.054,365,0,gap,12
3791,25068870,25068.87,373,0,gap,12
3792,25078186,25078.186,352,0,gap,12
3793,25081999,25081.999,325,0,gap,12
3794,25088186,25088.186,402,0,gap,12
3795,25098178,25098.178,356,0,gap,12
3796,25102004,25102.004,351,0,gap,12
3797,25108177,25108.177,361,0,gap,12
3798,25118186,25118.186,387,0,gap,12
3799,25122030,25122.03,335,0,gap,12
3800,25128173,25128.173,339,0,gap,12
3801,25138177,25138.177,418,0,gap,12
3802,25142024,25142.024,302,0,gap,12
3803,25145879,25145.879,278,0,gap,12
3804,25158191,25158.191,403,0,gap,12
3805,25162060,25162.06,282,0,gap,12
3806,25165913,25165.913,289,0,gap,12
3807,25178179,25178.179,349,0,gap,12
3808,25182050,25182.05,277,0,gap,12
3809,25185921,25185.921,307,0,gap,12
3810,25198186,25198.186,303,0,gap,12
3811,25202095,25202.095,303,0,gap,12
3812,25205999,25205.999,307,0,gap,12
3813,25218178,25218.178,350,0,gap,12
3814,25222099,25222.099,304,0,gap,12
3815,25226028,25226.028,265,0,gap,12
3816,25238186,25238.186,368,0,gap,12
3817,25242121,25242.121,266,0,gap,12
3818,25246043,25246.043,235,0,gap,12
3819,25258177,25258.177,364,0,gap,12
3820,25262123,25262.123,239,0,gap,12
3821,25266072,25266.072,261,0,gap,12
3822,25278185,25278.185,317,0,gap,12
3823,25282149,25282.149,240,0,gap,12
3824,25286101,25286.101,286,0,gap,12
3825,25298177,25298.177,287,0,gap,12
3826,25302156,25302.156,271,0,gap,12
3827,25306145,25306.145,273,0,gap,12
3828,25318185,25318.185,321,0,gap,12
3829,25322185,25322.185,259,0,gap,12
3830,25326172,25326.172,241,0,gap,12
3831,25338177,25338.177,347,0,gap,12
3832,25342183,25342.183,215,0,gap,12
3833,25346191,25346.191,208,0,gap,12
3834,25358185,25358.185,339,0,gap,12
3835,25362204,25362.204,208,0,gap,12
3836,25366214,25366.214,227,0,gap,12
3837,25378177,25378.177,300,0,gap,12
3838,25382198,25382.198,218,0,gap,12
3839,25386226,25386.226,258,0,gap,12
3840,25398185,25398.185,274,0,gap,12
3841,25402224,25402.224,244,0,gap,12
3842,25406254,25406.254,241,0,gap,12
3843,25418177,25418.177,303,0,gap,12
3844,25422221,25422.221,238,0,gap,12
3845,25426269,25426.269,210,0,gap,12
3846,25438185,25438.185,326,0,gap,12
3847,25442251,25442.251,205,0,gap,12
3848,25446300,25446.3,182,0,gap,12
3849,25458177,25458.177,306,0,gap,12
3850,25462237,25462.237,176,0,gap,12
3851,25466300,25466.3,202,0,gap,12
3852,25478189,25478.189,258,0,gap,12
3853,25485024,25485.024,242,0,gap,12
3854,25488825,25488.825,210,0,gap,12
3855,25498178,25498.178,225,0,gap,12
3856,25501988,25501.988,205,0,gap,12
3857,25508178,25508.178,238,0,gap,12
3858,25518186,25518.186,266,0,gap,12
3859,25522012,25522.012,213,0,gap,12
3860,25528185,25528.185,184,0,gap,12
3861,25538178,25538.178,286,0,gap,12
3862,25542019,25542.019,176,0,gap,12
3863,25548165,25548.165,189,0,gap,12
3864,25558185,25558.185,290,0,gap,12
3865,25562037,25562.037,154,0,gap,12
3866,25565885,25565.885,159,0,gap,12
3867,25578179,25578.179,246,0,gap,12
3868,25582049,25582.049,157,0,gap,12
3869,25585907,25585.907,192,0,gap,12
3870,25598187,25598.187,212,0,gap,12
3871,25602063,25602.063,173,0,gap,12
3872,25605936,25605.936,198,0,gap,12
3873,25618178,25618.178,245,0,gap,12
3874,25622092,25622.092,190,0,gap,12
3875,25626003,25626.003,148,0,gap,12
3876,25638186,25638.186,273,0,gap,12
3877,25642108,25642.108,154,0,gap,12
3878,25646026,25646.026,115,0,gap,12
3879,25658178,25658.178,262,0,gap,12
3880,25662114,25662.114,131,0,gap,12
3881,25666041,25666.041,144,0,gap,12
3882,25678185,25678.185,227,0,gap,12
3883,25682136,25682.136,140,0,gap,12
3884,25686079,25686.079,179,0,gap,12
3885,25698177,25698.177,182,0,gap,12
3886,25702134,25702.134,167,0,gap,12
3887,25706098,25706.098,158,0,gap,12
3888,25718185,25718.185,231,0,gap,12
3889,25722168,25722.168,166,0,gap,12
3890,25726154,25726.154,134,0,gap,12
3891,25738177,25738.177,262,1,pulse,13
3892,25742265,25742.265,4095,1,pulse,13
3893,25746207,25746.207,4095,1,pulse,13
3894,25758186,25758.186,4095,1,pulse,13
3895,25762134,25762.134,4095,1,pulse,13
3896,25766070,25766.07,4095,1,pulse,13
3897,25778175,25778.175,4095,0,gap,13
3898,25782347,25782.347,3026,0,gap,13
3899,25786380,25786.38,2863,0,gap,13
3900,25798186,25798.186,2774,0,gap,13
3901,25802230,25802.23,2733,0,gap,13
3902,25806262,25806.262,2710,0,gap,13
3903,25818178,25818.178,2679,0,gap,13
3904,25822228,25822.228,2647,0,gap,13
3905,25826277,25826.277,2636,0,gap,13
3906,25838186,25838.186,2587,0,gap,13
3907,25842246,25842.246,2559,0,gap,13
3908,25846297,25846.297,2533,0,gap,13
3909,25858178,25858.178,2519,0,gap,13
3910,25862247,25862.247,2503,0,gap,13
3911,25866316,25866.316,2465,0,gap,13
3912,25878186,25878.186,2451,0,gap,13
3913,25882265,25882.265,2446,0,gap,13
3914,25886336,25886.336,2410,0,gap,13
3915,25893175,25893.175,2390,0,gap,13
3916,25898186,25898.186,2357,0,gap,13
3917,25908179,25908.179,2373,0,gap,13
3918,25911993,25911.993,2335,0,gap,13
3919,25918179,25918.179,2302,0,gap,13
3920,25928191,25928.191,2283,0,gap,13
3921,25932033,25932.033,2268,0,gap,13
3922,25938187,25938.187,2256,0,gap,13
3923,25948179,25948.179,2222,0,gap,13
3924,25952025,25952.025,2205,0,gap,13
3925,25958179,25958.179,2189,0,gap,13
3926,25968187,25968.187,2170,0,gap,13
3927,25972050,25972.05,2165,0,gap,13
3928,25978186,25978.186,2113,0,gap,13
3929,25988179,25988.179,2129,0,gap,13
3930,25992049,25992.049,2077,0,gap,13
3931,25998182,25998.182,2069,0,gap,13
3932,26008187,26008.187,2033,0,gap,13
3933,26012067,26012.067,2032,0,gap,13
3934,26018186,26018.186,2012,0,gap,13
3935,26028179,26028.179,1985,0,gap,13
3936,26032107,26032.107,1967,0,gap,13
3937,26038178,26038.178,1967,0,gap,13
3938,26048187,26048.187,1936,0,gap,13
3939,26052118,26052.118,1918,0,gap,13
3940,26058186,26058.186,1909,0,gap,13
3941,26068179,26068.179,1872,0,gap,13
3942,26072123,26072.123,1860,0,gap,13
3943,26078178,26078.178,1839,0,gap,13
3944,26088187,26088.187,1827,0,gap,13
3945,26092138,26092.138,1797,0,gap,13
3946,26098186,26098.186,1776,0,gap,13
3947,26108182,26108.182,1769,0,gap,13
3948,26112152,26112.152,1753,0,gap,13
3949,26118178,26118.178,1734,0,gap,13
3950,26128186,26128.186,1703,0,gap,13
3951,26132174,26132.174,1699,0,gap,13
3952,26138190,26138.19,1701,0,gap,13
3953,26148178,26148.178,1646,0,gap,13
3954,26152187,26152.187,1647,0,gap,13
3955,26158178,26158.178,1629,0,gap,13
3956,26168186,26168.186,1614,0,gap,13
3957,26172205,26172.205,1605,0,gap,13
3958,26178186,26178.186,1571,0,gap,13
3959,26188178,26188.178,1584,0,gap,13
3960,26192206,26192.206,1530,0,gap,13
3961,26198177,26198.177,1530,0,gap,13
3962,26208186,26208.186,1513,0,gap,13
3963,26212240,26212.24,1487,0,gap,13
3964,26218185,26218.185,1471,0,gap,13
3965,26228178,26228.178,1450,0,gap,13
3966,26232222,26232.222,1431,0,gap,13
3967,26238177,26238.177,1441,0,gap,13
3968,26248190,26248.19,1389,0,gap,13
3969,26252248,26252.248,1425,0,gap,13
3970,26258185,26258.185,1387,0,gap,13
3971,26268178,26268.178,1379,0,gap,13
3972,26272241,26272.241,1353,0,gap,13
3973,26278177,26278.177,1331,0,gap,13
3974,26288186,26288.186,1349,0,gap,13
3975,26292263,26292.263,1310,0,gap,13
3976,26298185,26298.185,1303,0,gap,13
3977,26308178,26308.178,1280,0,gap,13
3978,26315070,26315.07,1264,0,gap,13
3979,26318901,26318.901,1245,0,gap,13
3980,26328186,26328.186,1225,0,gap,13
3981,26332006,26332.006,1206,0,gap,13
3982,26338186,26338.186,1215,0,gap,13
3983,26348178,26348.178,1199,0,gap,13
3984,26352023,26352.023,1198,0,gap,13
3985,26358178,26358.178,1189,0,gap,13
3986,26368186,26368.186,1159,0,gap,13
3987,26372038,26372.038,1167,0,gap,13
3988,26378186,26378.186,1118,0,gap,13
3989,26388178,26388.178,1150,0,gap,13
3990,26392044,26392.044,1099,0,gap,13
3991,26398178,26398.178,1079,0,gap,13
3992,26408186,26408.186,1098,0,gap,13
3993,26412062,26412.062,1062,0,gap,13
3994,26418186,26418.186,1065,0,gap,13
3995,26428182,26428.182,1035,0,gap,13
3996,26432065,26432.065,1019,0,gap,13
3997,26438178,26438.178,1037,0,gap,13
3998,26448186,26448.186,1005,0,gap,13
3999,26452106,26452.106,1008,0,gap,13
4000,26458190,26458.19,997,0,gap,13
4001,26468178,26468.178,975,0,gap,13
4002,26472109,26472.109,975,0,gap,13
4003,26478177,26478.177,944,0,gap,13
4004,26488186,26488.186,969,0,gap,13
4005,26492130,26492.13,924,0,gap,13
4006,26496067,26496.067,907,0,gap,13
4007,26508179,26508.179,925,0,gap,13
4008,26512134,26512.134,879,0,gap,13
4009,26516093,26516.093,875,0,gap,13
4010,26528187,26528.187,891,0,gap,13
4011,26532161,26532.161,854,0,gap,13
4012,26536122,26536.122,865,0,gap,13
4013,26548178,26548.178,860,0,gap,13
4014,26552159,26552.159,855,0,gap,13
4015,26556158,26556.158,833,0,gap,13
4016,26568190,26568.19,842,0,gap,13
4017,26572203,26572.203,832,0,gap,13
4018,26576200,26576.2,802,0,gap,13
4019,26588178,26588.178,850,0,gap,13
4020,26592189,26592.189,798,0,gap,13
4021,26596207,26596.207,752,0,gap,13
4022,26608185,26608.185,800,0,gap,13
4023,26612218,26612.218,753,0,gap,13
4024,26616238,26616.238,760,0,gap,13
4025,26628177,26628.177,753,0,gap,13
4026,26632208,26632.208,727,0,gap,13
4027,26636250,26636.25,743,0,gap,13
4028,26648185,26648.185,715,0,gap,13
4029,26652234,26652.234,734,0,gap,13
4030,26656273,26656.273,721,0,gap,13
4031,26668177,26668.177,736,0,gap,13
4032,26672236,26672.236,694,0,gap,13
4033,26676293,26676.293,688,0,gap,13
4034,26688185,26688.185,723,0,gap,13
4035,26692257,26692.257,676,0,gap,13
4036,26696312,26696.312,656,0,gap,13
4037,26708177,26708.177,704,0,gap,13
4038,26712251,26712.251,633,0,gap,13
4039,26716328,26716.328,646,0,gap,13
4040,26728185,26728.185,654,0,gap,13
4041,26735036,26735.036,664,0,gap,13
4042,26738844,26738.844,625,0,gap,13
4043,26748182,26748.182,615,0,gap,13
4044,26752002,26752.002,611,0,gap,13
4045,26758178,26758.178,635,0,gap,13
4046,26768186,26768.186,618,0,gap,13
4047,26772026,26772.026,604,0,gap,13
4048,26778189,26778.189,592,0,gap,13
4049,26788178,26788.178,656,0,gap,13
4050,26792025,26792.025,592,0,gap,13
4051,26798165,26798.165,558,0,gap,13
4052,26808185,26808.185,599,0,gap,13
4053,26812051,26812.051,559,0,gap,13
4054,26815917,26815.917,548,0,gap,13
4055,26828179,26828.179,571,0,gap,13
4056,26832055,26832.055,527,0,gap,13
4057,26835926,26835.926,576,0,gap,13
4058,26848187,26848.187,547,0,gap,13
4059,26852073,26852.073,525,0,gap,13
4060,26855951,26855.951,541,0,gap,13
4061,26868178,26868.178,556,0,gap,13
4062,26872098,26872.098,529,0,gap,13
4063,26876018,26876.018,491,0,gap,13
4064,26888190,26888.19,560,0,gap,13
4065,26892126,26892.126,482,0,gap,13
4066,26896057,26896.057,467,0,gap,13
4067,26908178,26908.178,554,0,gap,13
4068,26912120,26912.12,458,0,gap,13
4069,26916057,26916.057,455,0,gap,13
4070,26928185,26928.185,528,0,gap,13
4071,26932150,26932.15,443,0,gap,13
4072,26936102,26936.102,475,0,gap,13
4073,26948177,26948.177,486,0,gap,13
4074,26952144,26952.144,453,0,gap,13
4075,26956118,26956.118,459,0,gap,13
4076,26968185,26968.185,489,0,gap,13
4077,26972174,26972.174,461,0,gap,13
4078,26976166,26976.166,441,0,gap,13
4079,26988177,26988.177,501,0,gap,13
4080,26992188,26992.188,431,0,gap,13
4081,26996197,26996.197,402,0,gap,13
4082,27008185,27008.185,489,0,gap,13
4083,27012205,27012.205,402,0,gap,13
4084,27016212,27016.212,401,0,gap,13
4085,27028177,27028.177,460,0,gap,13
4086,27032203,27032.203,390,0,gap,13
4087,27036232,27036.232,411,0,gap,13
4088,27048185,27048.185,426,0,gap,13
4089,27052225,27052.225,404,0,gap,13
4090,27056251,27056.251,407,0,gap,13
4091,27068181,27068.181,450,0,gap,13
4092,27072223,27072.223,404,0,gap,13
4093,27076271,27076.271,371,0,gap,13
4094,27088185,27088.185,471,0,gap,13
4095,27092248,27092.248,369,0,gap,13
4096,27096302,27096.302,343,0,gap,13
4097,27108177,27108.177,447,0,gap,13
4098,27112242,27112.242,322,0,gap,13
4099,27116306,27116.306,339,0,gap,13
4100,27128185,27128.185,417,0,gap,13
4101,27132264,27132.264,317,0,gap,13
4102,27136333,27136.333,367,0,gap,13
4103,27143176,27143.176,391,0,gap,13
4104,27148185,27148.185,310,0,gap,13
4105,27158179,27158.179,419,0,gap,13
4106,27161992,27161.992,304,0,gap,13
4107,27168182,27168.182,365,0,gap,13
4108,27178186,27178.186,368,0,gap,13
4109,27182024,27182.024,304,0,gap,13
4110,27188186,27188.186,375,0,gap,13
4111,27198178,27198.178,328,0,gap,13
4112,27202027,27202.027,320,0,gap,13
4113,27208177,27208.177,353,0,gap,13
4114,27218186,27218.186,372,0,gap,13
4115,27222044,27222.044,320,0,gap,13
4116,27228169,27228.169,320,0,gap,13
4117,27238177,27238.177,385,0,gap,13
4118,27242051,27242.051,309,0,gap,13
4119,27245920,27245.92,275,0,gap,13
4120,27258187,27258.187,391,0,gap,13
4121,27262070,27262.07,260,0,gap,13
4122,27265950,27265.95,256,0,gap,13
4123,27278183,27278.183,357,0,gap,13
4124,27282106,27282.106,250,0,gap,13
4125,27286019,27286.019,288,0,gap,13
4126,27298186,27298.186,304,0,gap,13
4127,27302120,27302.12,302,0,gap,13
4128,27306053,27306.053,291,0,gap,13
4129,27318178,27318.178,325,0,gap,13
4130,27322118,27322.118,301,0,gap,13
4131,27326056,27326.056,273,0,gap,13
4132,27338186,27338.186,352,0,gap,13
4133,27342140,27342.14,258,0,gap,13
4134,27346098,27346.098,237,0,gap,13
4135,27358177,27358.177,370,0,gap,13
4136,27362145,27362.145,236,0,gap,13
4137,27366105,27366.105,224,0,gap,13
4138,27378185,27378.185,314,0,gap,13
4139,27382172,27382.172,219,0,gap,13
4140,27386155,27386.155,251,0,gap,13
4141,27398177,27398.177,265,0,gap,13
4142,27402181,27402.181,245,0,gap,13
4143,27406184,27406.184,263,0,gap,13
4144,27418189,27418.189,290,0,gap,13
4145,27422203,27422.203,269,0,gap,13
4146,27426212,27426.212,240,0,gap,13
4147,27438177,27438.177,331,0,gap,13
4148,27442201,27442.201,234,0,gap,13
4149,27446219,27446.219,199,0,gap,13
4150,27458185,27458.185,349,0,gap,13
4151,27462222,27462.222,209,0,gap,13
4152,27466255,27466.255,206,0,gap,13
4153,27478177,27478.177,277,0,gap,13
4154,27482220,27482.22,192,0,gap,13
4155,27486263,27486.263,247,0,gap,13
4156,27498185,27498.185,257,0,gap,13
4157,27502238,27502.238,217,0,gap,13
4158,27506290,27506.29,234,0,gap,13
4159,27518177,27518.177,254,0,gap,13
4160,27522248,27522.248,241,0,gap,13
4161,27526305,27526.305,191,0,gap,13
4162,27538185,27538.185,308,0,gap,13
4163,27542257,27542.257,213,0,gap,13
4164,27546325,27546.325,172,0,gap,13
4165,27558177,27558.177,301,0,gap,13
4166,27565072,27565.072,183,0,gap,13
4167,27568899,27568.899,214,0,gap,13
4168,27578186,27578.186,250,0,gap,13
4169,27582005,27582.005,154,0,gap,13
4170,27588186,27588.186,245,0,gap,13
4171,27598182,27598.182,214,0,gap,13
4172,27602022,27602.022,193,0,gap,13
4173,27608177,27608.177,243,0,gap,13
4174,27618186,27618.186,239,0,gap,13
4175,27622036,27622.036,203,0,gap,13
4176,27628177,27628.177,195,0,gap,13
4177,27638177,27638.177,271,0,gap,13
4178,27642042,27642.042,185,0,gap,13
4179,27645899,27645.899,154,0,gap,13
4180,27658187,27658.187,301,0,gap,13
4181,27662059,27662.059,146,0,gap,13
4182,27665930,27665.93,135,0,gap,13
4183,27678179,27678.179,240,0,gap,13
4184,27682064,27682.064,149,0,gap,13
4185,27685941,27685.941,188,0,gap,13
4186,27698186,27698.186,208,0,gap,13
4187,27702114,27702.114,161,0,gap,13
4188,27706030,27706.03,185,0,gap,13
4189,27718178,27718.178,210,0,gap,13
4190,27722110,27722.11,166,0,gap,13
4191,27726041,27726.041,175,0,gap,13
4192,27738190,27738.19,259,0,gap,13
4193,27742135,27742.135,148,0,gap,13
4194,27746076,27746.076,118,0,gap,13
4195,27758177,27758.177,253,0,gap,13
4196,27762128,27762.128,116,0,gap,13
4197,27766083,27766.083,119,0,gap,13
4198,27778185,27778.185,235,1,pulse,14
4199,27782251,27782.251,4095,1,pulse,14
4200,27786154,27786.154,4095,1,pulse,14
4201,27798174,27798.174,4095,1,pulse,14
4202,27802097,27802.097,4095,1,pulse,14
4203,27806036,27806.036,4095,1,pulse,14
4204,27818183,27818.183,4095,0,gap,14
4205,27822352,27822.352,2947,0,gap,14
4206,27826368,27826.368,2868,0,gap,14
4207,27838182,27838.182,2756,0,gap,14
4208,27842208,27842.208,2734,0,gap,14
4209,27846237,27846.237,2696,0,gap,14
4210,27858186,27858.186,2643,0,gap,14
4211,27862230,27862.23,2634,0,gap,14
4212,27866261,27866.261,2595,0,gap,14
4213,27878178,27878.178,2559,0,gap,14
4214,27882224,27882.224,2559,0,gap,14
4215,27886272,27886.272,2531,0,gap,14
4216,27898186,27898.186,2501,0,gap,14
4217,27902249,27902.249,2473,0,gap,14
4218,27906304,27906.304,2466,0,gap,14
4219,27918178,27918.178,2437,0,gap,14
4220,27922243,27922.243,2428,0,gap,14
4221,27926311,27926.311,2402,0,gap,14
4222,27938186,27938.186,2375,0,gap,14
4223,27942273,27942.273,2365,0,gap,14
4224,27946343,27946.343,2322,0,gap,14
4225,27958178,27958.178,2302,0,gap,14
4226,27962262,27962.262,2283,0,gap,14
4227,27966350,27966.35,2278,0,gap,14
4228,27978186,27978.186,2241,0,gap,14
4229,27985043,27985.043,2243,0,gap,14
4230,27988866,27988.866,2198,0,gap,14
4231,27998178,27998.178,2176,0,gap,14
4232,28002009,28002.009,2189,0,gap,14
4233,28008178,28008.178,2149,0,gap,14
4234,28018186,28018.186,2109,0,gap,14
4235,28022042,28022.042,2118,0,gap,14
4236,28028186,28028.186,2109,0,gap,14
4237,28038178,28038.178,2079,0,gap,14
4238,28042037,28042.037,2064,0,gap,14
4239,28048182,28048.182,2019,0,gap,14
4240,28058186,28058.186,2032,0,gap,14
4241,28062067,28062.067,1973,0,gap,14
4242,28068186,28068.186,1983,0,gap,14
4243,28078178,28078.178,1949,0,gap,14
4244,28082062,28082.062,1930,0,gap,14
4245,28088178,28088.178,1931,0,gap,14
4246,28098186,28098.186,1895,0,gap,14
4247,28102087,28102.087,1874,0,gap,14
4248,28108186,28108.186,1874,0,gap,14
4249,28118178,28118.178,1854,0,gap,14
4250,28122115,28122.115,1831,0,gap,14
4251,28128177,28128.177,1806,0,gap,14
4252,28138186,28138.186,1778,0,gap,14
4253,28142133,28142.133,1761,0,gap,14
4254,28148185,28148.185,1744,0,gap,14
4255,28158182,28158.182,1727,0,gap,14
4256,28162151,28162.151,1714,0,gap,14
4257,28168177,28168.177,1686,0,gap,14
4258,28178186,28178.186,1679,0,gap,14
4259,28182157,28182.157,1663,0,gap,14
4260,28188185,28188.185,1657,0,gap,14
4261,28198178,28198.178,1627,0,gap,14
4262,28202159,28202.159,1613,0,gap,14
4263,28208177,28208.177,1603,0,gap,14
4264,28218186,28218.186,1574,0,gap,14
4265,28222186,28222.186,1559,0,gap,14
4266,28228169,28228.169,1530,0,gap,14
4267,28238178,28238.178,1535,0,gap,14
4268,28242199,28242.199,1509,0,gap,14
4269,28246215,28246.215,1488,0,gap,14
4270,28258187,28258.187,1490,0,gap,14
4271,28262222,28262.222,1458,0,gap,14
4272,28266248,28266.248,1439,0,gap,14
4273,28278179,28278.179,1416,0,gap,14
4274,28282220,28282.22,1414,0,gap,14
4275,28286256,28286.256,1407,0,gap,14
4276,28298187,28298.187,1363,0,gap,14
4277,28302241,28302.241,1370,0,gap,14
4278,28306287,28306.287,1366,0,gap,14
4279,28318179,28318.179,1339,0,gap,14
4280,28322239,28322.239,1319,0,gap,14
4281,28326294,28326.294,1309,0,gap,14
4282,28338187,28338.187,1296,0,gap,14
4283,28342257,28342.257,1288,0,gap,14
4284,28346322,28346.322,1263,0,gap,14
4285,28358179,28358.179,1263,0,gap,14
4286,28362258,28362.258,1232,0,gap,14
4287,28366337,28366.337,1204,0,gap,14
4288,28378187,28378.187,1225,0,gap,14
4289,28382276,28382.276,1183,0,gap,14
4290,28386361,28386.361,1185,0,gap,14
4291,28393204,28393.204,1169,0,gap,14
4292,28408186,28408.186,1167,0,gap,14
4293,28412017,28412.017,1149,0,gap,14
4294,28415840,28415.84,1124,0,gap,14
4295,28428178,28428.178,1114,0,gap,14
4296,28432023,28432.023,1104,0,gap,14
4297,28435863,28435.863,1093,0,gap,14
4298,28448186,28448.186,1072,0,gap,14
4299,28452041,28452.041,1069,0,gap,14
4300,28455892,28455.892,1072,0,gap,14
4301,28468178,28468.178,1051,0,gap,14
4302,28472047,28472.047,1040,0,gap,14
4303,28475917,28475.917,1038,0,gap,14
4304,28488186,28488.186,1052,0,gap,14
4305,28492067,28492.067,989,0,gap,14
4306,28495943,28495.943,967,0,gap,14
4307,28508178,28508.178,999,0,gap,14
4308,28512068,28512.068,944,0,gap,14
4309,28515958,28515.958,941,0,gap,14
4310,28528186,28528.186,966,0,gap,14
4311,28532089,28532.089,919,0,gap,14
4312,28536015,28536.015,912,0,gap,14
4313,28548177,28548.177,893,0,gap,14
4314,28552121,28552.121,907,0,gap,14
4315,28556056,28556.056,891,0,gap,14
4316,28568185,28568.185,895,0,gap,14
4317,28572135,28572.135,880,0,gap,14
4318,28576080,28576.08,848,0,gap,14
4319,28588181,28588.181,874,0,gap,14
4320,28592141,28592.141,839,0,gap,14
4321,28596097,28596.097,830,0,gap,14
4322,28608185,28608.185,860,0,gap,14
4323,28612161,28612.161,809,0,gap,14
4324,28616131,28616.131,787,0,gap,14
4325,28628177,28628.177,805,0,gap,14
4326,28632166,28632.166,757,0,gap,14
4327,28636155,28636.155,799,0,gap,14
4328,28648185,28648.185,765,0,gap,14
4329,28652200,28652.2,752,0,gap,14
4330,28656213,28656.213,785,0,gap,14
4331,28668177,28668.177,771,0,gap,14
4332,28672202,28672.202,743,0,gap,14
4333,28676221,28676.221,731,0,gap,14
4334,28688185,28688.185,774,0,gap,14
4335,28692223,28692.223,725,0,gap,14
4336,28696252,28696.252,709,0,gap,14
4337,28708177,28708.177,743,0,gap,14
4338,28712221,28712.221,686,0,gap,14
4339,28716260,28716.26,665,0,gap,14
4340,28728185,28728.185,722,0,gap,14
4341,28732243,28732.243,657,0,gap,14
4342,28736291,28736.291,675,0,gap,14
4343,28748177,28748.177,654,0,gap,14
4344,28752241,28752.241,653,0,gap,14
4345,28756299,28756.299,669,0,gap,14
4346,28768185,28768.185,659,0,gap,14
4347,28772258,28772.258,656,0,gap,14
4348,28776326,28776.326,631,0,gap,14
4349,28788177,28788.177,665,0,gap,14
4350,28792260,28792.26,625,0,gap,14
4351,28796342,28796.342,595,0,gap,14
4352,28808185,28808.185,671,0,gap,14
4353,28812278,28812.278,583,0,gap,14
4354,28819176,28819.176,624,0,gap,14
4355,28823005,28823.005,603,0,gap,14
4356,28828186,28828.186,591,0,gap,14
4357,28838179,28838.179,625,0,gap,14
4358,28842020,28842.02,587,0,gap,14
4359,28848178,28848.178,549,0,gap,14
4360,28858186,28858.186,621,0,gap,14
4361,28862043,28862.043,543,0,gap,14
4362,28868186,28868.186,558,0,gap,14
4363,28878178,28878.178,567,0,gap,14
4364,28882041,28882.041,509,0,gap,14
4365,28888178,28888.178,576,0,gap,14
4366,28898186,28898.186,523,0,gap,14
4367,28902073,28902.073,527,0,gap,14
4368,28908185,28908.185,542,0,gap,14
4369,28918178,28918.178,529,0,gap,14
4370,28922062,28922.062,502,0,gap,14
4371,28928165,28928.165,500,0,gap,14
4372,28938185,28938.185,560,0,gap,14
4373,28942092,28942.092,492,0,gap,14
4374,28945988,28945.988,450,0,gap,14
4375,28958179,28958.179,550,0,gap,14
4376,28962112,28962.112,454,0,gap,14
4377,28966049,28966.049,435,0,gap,14
4378,28978186,28978.186,511,0,gap,14
4379,28982139,28982.139,443,0,gap,14
4380,28986078,28986.078,455,0,gap,14
4381,28998178,28998.178,459,0,gap,14
4382,29002133,29002.133,453,0,gap,14
4383,29006094,29006.094,469,0,gap,14
4384,29018186,29018.186,464,0,gap,14
4385,29022163,29022.163,448,0,gap,14
4386,29026128,29026.128,439,0,gap,14
4387,29038178,29038.178,489,0,gap,14
4388,29042157,29042.157,432,0,gap,14
4389,29046152,29046.152,401,0,gap,14
4390,29058185,29058.185,503,0,gap,14
4391,29062202,29062.202,391,0,gap,14
4392,29066206,29066.206,385,0,gap,14
4393,29078177,29078.177,448,0,gap,14
4394,29082200,29082.2,376,0,gap,14
4395,29086222,29086.222,410,0,gap,14
4396,29098185,29098.185,418,0,gap,14
4397,29102221,29102.221,387,0,gap,14
4398,29106245,29106.245,419,0,gap,14
4399,29118181,29118.181,407,0,gap,14
4400,29122219,29122.219,400,0,gap,14
4401,29126261,29126.261,373,0,gap,14
4402,29138185,29138.185,448,0,gap,14
4403,29142241,29142.241,384,0,gap,14
4404,29146284,29146.284,334,0,gap,14
4405,29158177,29158.177,447,0,gap,14
4406,29162235,29162.235,345,0,gap,14
4407,29166296,29166.296,324,0,gap,14
4408,29178185,29178.185,426,0,gap,14
4409,29182260,29182.26,303,0,gap,14
4410,29186327,29186.327,363,0,gap,14
4411,29198177,29198.177,368,0,gap,14
4412,29202254,29202.254,337,0,gap,14
4413,29206334,29206.334,359,0,gap,14
4414,29218185,29218.185,357,0,gap,14
4415,29222284,29222.284,354,0,gap,14
4416,29229123,29229.123,336,0,gap,14
4417,29232982,29232.982,295,0,gap,14
4418,29238186,29238.186,368,0,gap,14
4419,29248179,29248.179,322,0,gap,14
4420,29252010,29252.01,318,0,gap,14
4421,29258178,29258.178,366,0,gap,14
4422,29268186,29268.186,332,0,gap,14
4423,29272041,29272.041,306,0,gap,14
4424,29278186,29278.186,317,0,gap,14
4425,29288178,29288.178,384,0,gap,14
4426,29292042,29292.042,312,0,gap,14
4427,29298178,29298.178,274,0,gap,14
4428,29308186,29308.186,381,0,gap,14
4429,29312067,29312.067,251,0,gap,14
4430,29318185,29318.185,293,0,gap,14
4431,29328182,29328.182,353,0,gap,14
4432,29332065,29332.065,238,0,gap,14
4433,29335951,29335.951,282,0,gap,14
4434,29348187,29348.187,304,0,gap,14
4435,29352088,29352.088,272,0,gap,14
4436,29355979,29355.979,305,0,gap,14
4437,29368179,29368.179,315,0,gap,14
4438,29372109,29372.109,310,0,gap,14
4439,29376044,29376.044,266,0,gap,14
4440,29388186,29388.186,341,0,gap,14
4441,29392137,29392.137,285,0,gap,14
4442,29396079,29396.079,233,0,gap,14
4443,29408178,29408.178,364,0,gap,14
4444,29412131,29412.131,231,0,gap,14
4445,29416087,29416.087,222,0,gap,14
4446,29428186,29428.186,343,0,gap,14
4447,29432165,29432.165,223,0,gap,14
4448,29436128,29436.128,251,0,gap,14
4449,29448178,29448.178,289,0,gap,14
4450,29452155,29452.155,231,0,gap,14
4451,29456140,29456.14,257,0,gap,14
4452,29468185,29468.185,279,0,gap,14
4453,29472199,29472.199,269,0,gap,14
4454,29476201,29476.201,239,0,gap,14
4455,29488177,29488.177,321,0,gap,14
4456,29492194,29492.194,237,0,gap,14
4457,29496214,29496.214,202,0,gap,14
4458,29508185,29508.185,336,0,gap,14
4459,29512220,29512.22,209,0,gap,14
4460,29516242,29516.242,192,0,gap,14
4461,29528177,29528.177,308,0,gap,14
4462,29532214,29532.214,176,0,gap,14
4463,29536258,29536.258,219,0,gap,14
4464,29548185,29548.185,254,0,gap,14
4465,29552239,29552.239,217,0,gap,14
4466,29556281,29556.281,238,0,gap,14
4467,29568177,29568.177,242,0,gap,14
4468,29572233,29572.233,230,0,gap,14
4469,29576296,29576.296,209,0,gap,14
4470,29588185,29588.185,304,0,gap,14
4471,29592259,29592.259,211,0,gap,14
4472,29596320,29596.32,186,0,gap,14
4473,29608177,29608.177,299,0,gap,14
4474,29612257,29612.257,179,0,gap,14
4475,29616335,29616.335,154,0,gap,14
4476,29628185,29628.185,286,0,gap,14
4477,29632279,29632.279,150,0,gap,14
4478,29636361,29636.361,180,0,gap,14
4479,29643267,29643.267,224,0,gap,14
4480,29648185,29648.185,151,0,gap,14
4481,29658179,29658.179,282,0,gap,14
4482,29662008,29662.008,168,0,gap,14
4483,29668178,29668.178,197,0,gap,14
4484,29678186,29678.186,246,0,gap,14
4485,29682044,29682.044,141,0,gap,14
4486,29688186,29688.186,231,0,gap,14
4487,29698178,29698.178,195,0,gap,14
4488,29702036,29702.036,144,0,gap,14
4489,29708177,29708.177,239,0,gap,14
4490,29718186,29718.186,204,0,gap,14
4491,29722060,29722.06,189,0,gap,14
4492,29728169,29728.169,185,0,gap,14
4493,29738177,29738.177,240,0,gap,14
4494,29742063,29742.063,176,0,gap,14
4495,29745948,29745.948,130,0,gap,14
4496,29758187,29758.187,275,0,gap,14
4497,29762082,29762.082,141,0,gap,14
4498,29765973,29765.973,125,0,gap,14
4499,29778179,29778.179,265,1,pulse,15
4500,29782202,29782.202,4095,1,pulse,15
4501,29786079,29786.079,4095,1,pulse,15
4502,29798183,29798.183,4095,1,pulse,15
4503,29802067,29802.067,4095,1,pulse,15
4504,29805938,29805.938,4095,1,pulse,15
4505,29818179,29818.179,4095,0,gap,15
4506,29822287,29822.287,2977,0,gap,15
4507,29826257,29826.257,2861,0,gap,15
4508,29838187,29838.187,2749,0,gap,15
4509,29842171,29842.171,2733,0,gap,15
4510,29846147,29846.147,2708,0,gap,15
4511,29858179,29858.179,2667,0,gap,15
4512,29862166,29862.166,2624,0,gap,15
4513,29866155,29866.155,2603,0,gap,15
4514,29878187,29878.187,2553,0,gap,15
4515,29882204,29882.204,2544,0,gap,15
4516,29886216,29886.216,2534,0,gap,15
4517,29898179,29898.179,2512,0,gap,15
4518,29902205,29902.205,2478,0,gap,15
4519,29906235,29906.235,2451,0,gap,15
4520,29918187,29918.187,2443,0,gap,15
4521,29922235,29922.235,2431,0,gap,15
4522,29926266,29926.266,2399,0,gap,15
4523,29938179,29938.179,2395,0,gap,15
4524,29942225,29942.225,2370,0,gap,15
4525,29946274,29946.274,2341,0,gap,15
4526,29958191,29958.191,2320,0,gap,15
4527,29962254,29962.254,2299,0,gap,15
4528,29966305,29966.305,2267,0,gap,15
4529,29978178,29978.178,2259,0,gap,15
4530,29982244,29982.244,2245,0,gap,15
4531,29986317,29986.317,2227,0,gap,15
4532,29998186,29998.186,2192,0,gap,15
4533,30002269,30002.269,2190,0,gap,15
4534,30006340,30006.34,2153,0,gap,15
4535,30018178,30018.178,2139,0,gap,15
4536,30022263,30022.263,2119,0,gap,15
4537,30026355,30026.355,2101,0,gap,15
4538,30038186,30038.186,2085,0,gap,15
4539,30042289,30042.289,2055,0,gap,15
4540,30046379,30046.379,2043,0,gap,15
4541,30058178,30058.178,2018,0,gap,15
4542,30065042,30065.042,1979,0,gap,15
4543,30068883,30068.883,1984,0,gap,15
4544,30078186,30078.186,1962,0,gap,15
4545,30082034,30082.034,1952,0,gap,15
4546,30088186,30088.186,1934,0,gap,15
4547,30098182,30098.182,1889,0,gap,15
4548,30102040,30102.04,1873,0,gap,15
4549,30108178,30108.178,1874,0,gap,15
4550,30118186,30118.186,1847,0,gap,15
4551,30122063,30122.063,1821,0,gap,15
4552,30128186,30128.186,1808,0,gap,15
4553,30138178,30138.178,1799,0,gap,15
4554,30142061,30142.061,1791,0,gap,15
4555,30148178,30148.178,1739,0,gap,15
4556,30158186,30158.186,1744,0,gap,15
4557,30162087,30162.087,1719,0,gap,15
4558,30168190,30168.19,1711,0,gap,15
4559,30178178,30178.178,1695,0,gap,15
4560,30182081,30182.081,1662,0,gap,15
4561,30188178,30188.178,1650,0,gap,15
4562,30198186,30198.186,1638,0,gap,15
4563,30202138,30202.138,1607,0,gap,15
4564,30208185,30208.185,1622,0,gap,15
4565,30218178,30218.178,1578,0,gap,15
4566,30222131,30222.131,1573,0,gap,15
4567,30228177,30228.177,1527,0,gap,15
4568,30238186,30238.186,1535,0,gap,15
4569,30242161,30242.161,1516,0,gap,15
4570,30248185,30248.185,1494,0,gap,15
4571,30258178,30258.178,1493,0,gap,15
4572,30262158,30262.158,1459,0,gap,15
4573,30268177,30268.177,1452,0,gap,15
4574,30278190,30278.19,1443,0,gap,15
4575,30282181,30282.181,1419,0,gap,15
4576,30288173,30288.173,1395,0,gap,15
4577,30298178,30298.178,1392,0,gap,15
4578,30302187,30302.187,1386,0,gap,15
4579,30308169,30308.169,1358,0,gap,15
4580,30318185,30318.185,1345,0,gap,15
4581,30322217,30322.217,1343,0,gap,15
4582,30326243,30326.243,1312,0,gap,15
4583,30338183,30338.183,1311,0,gap,15
4584,30342224,30342.224,1297,0,gap,15
4585,30346265,30346.265,1262,0,gap,15
4586,30358187,30358.187,1273,0,gap,15
4587,30362238,30362.238,1243,0,gap,15
4588,30366284,30366.284,1201,0,gap,15
4589,30378179,30378.179,1231,0,gap,15
4590,30382244,30382.244,1191,0,gap,15
4591,30386299,30386.299,1203,0,gap,15
4592,30398187,30398.187,1168,0,gap,15
4593,30402257,30402.257,1162,0,gap,15
4594,30406323,30406.323,1144,0,gap,15
4595,30418183,30418.183,1136,0,gap,15
4596,30422263,30422.263,1143,0,gap,15
4597,30426338,30426.338,1117,0,gap,15
4598,30438187,30438.187,1092,0,gap,15
4599,30442276,30442.276,1095,0,gap,15
4600,30446362,30446.362,1072,0,gap,15
4601,30458179,30458.179,1087,0,gap,15
4602,30462278,30462.278,1054,0,gap,15
4603,30466373,30466.373,1033,0,gap,15
4604,30473233,30473.233,1051,0,gap,15
4605,30488178,30488.178,1020,0,gap,15
4606,30492020,30492.02,987,0,gap,15
4607,30495853,30495.853,979,0,gap,15
4608,30508186,30508.186,990,0,gap,15
4609,30512039,30512.039,957,0,gap,15
4610,30515889,30515.889,929,0,gap,15
4611,30528182,30528.182,951,0,gap,15
4612,30532046,30532.046,907,0,gap,15
4613,30535907,30535.907,931,0,gap,15
4614,30548186,30548.186,925,0,gap,15
4615,30552064,30552.064,889,0,gap,15
4616,30555935,30555.935,912,0,gap,15
4617,30568178,30568.178,887,0,gap,15
4618,30572064,30572.064,880,0,gap,15
4619,30575954,30575.954,869,0,gap,15
4620,30588186,30588.186,882,0,gap,15
4621,30592090,30592.09,859,0,gap,15
4622,30595985,30595.985,831,0,gap,15
4623,30608178,30608.178,864,0,gap,15
4624,30612086,30612.086,811,0,gap,15
4625,30616025,30616.025,790,0,gap,15
4626,30628185,30628.185,811,0,gap,15
4627,30632142,30632.142,771,0,gap,15
4628,30636084,30636.084,778,0,gap,15
4629,30648177,30648.177,790,0,gap,15
4630,30652134,30652.134,747,0,gap,15
4631,30656093,30656.093,787,0,gap,15
4632,30668185,30668.185,775,0,gap,15
4633,30672163,30672.163,752,0,gap,15
4634,30676126,30676.126,752,0,gap,15
4635,30688177,30688.177,759,0,gap,15
4636,30692158,30692.158,722,0,gap,15
4637,30696142,30696.142,713,0,gap,15
4638,30708189,30708.189,765,0,gap,15
4639,30712192,30712.192,688,0,gap,15
4640,30716194,30716.194,687,0,gap,15
4641,30728177,30728.177,718,0,gap,15
4642,30732198,30732.198,658,0,gap,15
4643,30736226,30736.226,688,0,gap,15
4644,30748185,30748.185,688,0,gap,15
4645,30752236,30752.236,662,0,gap,15
4646,30756265,30756.265,656,0,gap,15
4647,30768177,30768.177,664,0,gap,15
4648,30772217,30772.217,656,0,gap,15
4649,30776264,30776.264,640,0,gap,15
4650,30788185,30788.185,693,0,gap,15
4651,30792243,30792.243,624,0,gap,15
4652,30796288,30796.288,592,0,gap,15
4653,30808177,30808.177,656,0,gap,15
4654,30812241,30812.241,592,0,gap,15
4655,30816303,30816.303,569,0,gap,15
4656,30828185,30828.185,638,0,gap,15
4657,30832262,30832.262,565,0,gap,15
4658,30836327,30836.327,577,0,gap,15
4659,30848181,30848.181,571,0,gap,15
4660,30852260,30852.26,560,0,gap,15
4661,30856342,30856.342,571,0,gap,15
4662,30868185,30868.185,563,0,gap,15
4663,30872282,30872.282,577,0,gap,15
4664,30876366,30876.366,560,0,gap,15
4665,30888177,30888.177,591,0,gap,15
4666,30892276,30892.276,534,0,gap,15
4667,30899180,30899.18,528,0,gap,15
4668,30903019,30903.019,528,0,gap,15
4669,30908178,30908.178,545,0,gap,15
4670,30918191,30918.191,545,0,gap,15
4671,30922046,30922.046,511,0,gap,15
4672,30928186,30928.186,510,0,gap,15
4673,30938179,30938.179,557,0,gap,15
4674,30942037,30942.037,511,0,gap,15
4675,30948182,30948.182,474,0,gap,15
4676,30958186,30958.186,542,0,gap,15
4677,30962067,30962.067,448,0,gap,15
4678,30968186,30968.186,479,0,gap,15
4679,30978178,30978.178,524,0,gap,15
4680,30982062,30982.062,422,0,gap,15
4681,30988177,30988.177,496,0,gap,15
4682,30998186,30998.186,482,0,gap,15
4683,31002088,31002.088,438,0,gap,15
4684,31008169,31008.169,481,0,gap,15
4685,31018177,31018.177,462,0,gap,15
4686,31022086,31022.086,463,0,gap,15
4687,31026001,31026.001,442,0,gap,15
4688,31038187,31038.187,496,0,gap,15
4689,31042134,31042.134,437,0,gap,15
4690,31046077,31046.077,399,0,gap,15
4691,31058183,31058.183,490,0,gap,15
4692,31062141,31062.141,400,0,gap,15
4693,31066094,31066.094,377,0,gap,15
4694,31078186,31078.186,479,0,gap,15
4695,31082154,31082.154,368,0,gap,15
4696,31086114,31086.114,400,0,gap,15
4697,31098178,31098.178,436,0,gap,15
4698,31102158,31102.158,368,0,gap,15
4699,31106140,31106.14,402,0,gap,15
4700,31118186,31118.186,427,0,gap,15
4701,31122182,31122.182,400,0,gap,15
4702,31126183,31126.183,381,0,gap,15
4703,31138177,31138.177,439,0,gap,15
4704,31142196,31142.196,381,0,gap,15
4705,31146218,31146.218,352,0,gap,15
4706,31158185,31158.185,455,0,gap,15
4707,31162230,31162.23,341,0,gap,15
4708,31166258,31166.258,334,0,gap,15
4709,31178177,31178.177,423,0,gap,15
4710,31182216,31182.216,311,0,gap,15
4711,31186257,31186.257,346,0,gap,15
4712,31198185,31198.185,384,0,gap,15
4713,31202245,31202.245,350,0,gap,15
4714,31206289,31206.289,364,0,gap,15
4715,31218177,31218.177,357,0,gap,15
4716,31222235,31222.235,357,0,gap,15
4717,31226296,31226.296,349,0,gap,15
4718,31238189,31238.189,379,0,gap,15
4719,31242265,31242.265,345,0,gap,15
4720,31246328,31246.328,304,0,gap,15
4721,31258177,31258.177,413,0,gap,15
4722,31262255,31262.255,308,0,gap,15
4723,31266340,31266.34,273,0,gap,15
4724,31278185,31278.185,372,0,gap,15
4725,31282280,31282.28,278,0,gap,15
4726,31286363,31286.363,294,0,gap,15
4727,31298177,31298.177,342,0,gap,15
4728,31302275,31302.275,278,0,gap,15
4729,31306379,31306.379,323,0,gap,15
4730,31313239,31313.239,311,0,gap,15
4731,31318177,31318.177,286,0,gap,15
4732,31328186,31328.186,363,0,gap,15
4733,31332034,31332.034,256,0,gap,15
4734,31338190,31338.19,334,0,gap,15
4735,31348178,31348.178,302,0,gap,15
4736,31352039,31352.039,272,0,gap,15
4737,31358178,31358.178,339,0,gap,15
4738,31368186,31368.186,286,0,gap,15
4739,31372062,31372.062,283,0,gap,15
4740,31378185,31378.185,306,0,gap,15
4741,31388178,31388.178,325,0,gap,15
4742,31392063,31392.063,272,0,gap,15
4743,31398165,31398.165,269,0,gap,15
4744,31408185,31408.185,356,0,gap,15
4745,31412086,31412.086,246,0,gap,15
4746,31415978,31415.978,208,0,gap,15
4747,31428179,31428.179,347,0,gap,15
4748,31432085,31432.085,219,0,gap,15
4749,31435987,31435.987,234,0,gap,15
4750,31448191,31448.191,304,0,gap,15
4751,31452137,31452.137,222,0,gap,15
4752,31456074,31456.074,251,0,gap,15
4753,31468178,31468.178,268,0,gap,15
4754,31472130,31472.13,262,0,gap,15
4755,31476089,31476.089,240,0,gap,15
4756,31488186,31488.186,316,0,gap,15
4757,31492156,31492.156,256,0,gap,15
4758,31496113,31496.113,203,0,gap,15
4759,31508178,31508.178,338,0,gap,15
4760,31512154,31512.154,212,0,gap,15
4761,31516138,31516.138,176,0,gap,15
4762,31528185,31528.185,311,0,gap,15
4763,31532180,31532.18,184,0,gap,15
4764,31536166,31536.166,208,0,gap,15
4765,31548177,31548.177,242,0,gap,15
4766,31552186,31552.186,208,0,gap,15
4767,31556206,31556.206,235,0,gap,15
4768,31568185,31568.185,240,0,gap,15
4769,31572219,31572.219,227,0,gap,15
4770,31576241,31576.241,223,0,gap,15
4771,31588181,31588.181,279,0,gap,15
4772,31592217,31592.217,222,0,gap,15
4773,31596256,31596.256,176,0,gap,15
4774,31608185,31608.185,306,0,gap,15
4775,31612239,31612.239,178,0,gap,15
4776,31616280,31616.28,157,0,gap,15
4777,31628177,31628.177,278,0,gap,15
4778,31632233,31632.233,154,0,gap,15
4779,31636292,31636.292,194,0,gap,15
4780,31648185,31648.185,243,0,gap,15
4781,31652258,31652.258,187,0,gap,15
4782,31656323,31656.323,215,0,gap,15
4783,31668177,31668.177,208,0,gap,15
4784,31672252,31672.252,203,0,gap,15
4785,31676330,31676.33,206,0,gap,15
4786,31688185,31688.185,257,0,gap,15
4787,31692282,31692.282,206,0,gap,15
4788,31696362,31696.362,155,0,gap,15
4789,31708177,31708.177,278,1,pulse,16
4790,31712364,31712.364,4095,1,pulse,16
4791,31716404,31716.404,4095,1,pulse,16
4792,31723196,31723.196,4095,1,pulse,16
4793,31738165,31738.165,4095,1,pulse,16
4794,31741931,31741.931,4095,1,pulse,16
4795,31745702,31745.702,4095,1,pulse,16
4796,31758182,31758.182,4095,0,gap,16
4797,31762200,31762.2,3046,0,gap,16
4798,31766060,31766.06,2959,0,gap,16
4799,31778178,31778.178,2735,0,gap,16
4800,31782049,31782.049,2722,0,gap,16
4801,31785919,31785.919,2697,0,gap,16
4802,31798190,31798.19,2639,0,gap,16
4803,31802083,31802.083,2634,0,gap,16
4804,31805961,31805.961,2614,0,gap,16
4805,31818178,31818.178,2559,0,gap,16
4806,31822075,31822.075,2559,0,gap,16
4807,31825975,31825.975,2538,0,gap,16
4808,31838186,31838.186,2496,0,gap,16
4809,31842097,31842.097,2483,0,gap,16
4810,31845995,31845.995,2477,0,gap,16
4811,31858178,31858.178,2431,0,gap,16
4812,31862097,31862.097,2416,0,gap,16
4813,31866048,31866.048,2395,0,gap,16
4814,31878186,31878.186,2365,0,gap,16
4815,31882150,31882.15,2355,0,gap,16
4816,31886102,31886.102,2343,0,gap,16
4817,31898178,31898.178,2329,0,gap,16
4818,31902144,31902.144,2285,0,gap,16
4819,31906110,31906.11,2273,0,gap,16
4820,31918186,31918.186,2251,0,gap,16
4821,31922166,31922.166,2236,0,gap,16
4822,31926138,31926.138,2225,0,gap,16
4823,31938178,31938.178,2221,0,gap,16
4824,31942173,31942.173,2176,0,gap,16
4825,31946164,31946.164,2161,0,gap,16
4826,31958186,31958.186,2134,0,gap,16
4827,31962199,31962.199,2118,0,gap,16
4828,31966204,31966.204,2096,0,gap,16
4829,31978178,31978.178,2064,0,gap,16
4830,31982205,31982.205,2047,0,gap,16
4831,31986239,31986.239,2042,0,gap,16
4832,31998185,31998.185,1998,0,gap,16
4833,32002234,32002.234,2009,0,gap,16
4834,32006270,32006.27,1989,0,gap,16
4835,32018177,32018.177,1958,0,gap,16
4836,32022228,32022.228,1927,0,gap,16
4837,32026282,32026.282,1925,0,gap,16
4838,32038185,32038.185,1884,0,gap,16
4839,32042254,32042.254,1874,0,gap,16
4840,32046314,32046.314,1862,0,gap,16
4841,32058177,32058.177,1855,0,gap,16
4842,32062248,32062.248,1829,0,gap,16
4843,32066317,32066.317,1810,0,gap,16
4844,32078185,32078.185,1792,0,gap,16
4845,32082273,32082.273,1761,0,gap,16
4846,32086345,32086.345,1763,0,gap,16
4847,32098177,32098.177,1733,0,gap,16
4848,32102267,32102.267,1723,0,gap,16
4849,32106356,32106.356,1707,0,gap,16
4850,32118189,32118.189,1680,0,gap,16
4851,32122293,32122.293,1691,0,gap,16
4852,32126384,32126.384,1657,0,gap,16
4853,32138177,32138.177,1642,0,gap,16
4854,32142283,32142.283,1617,0,gap,16
4855,32149196,32149.196,1584,0,gap,16
4856,32153054,32153.054,1571,0,gap,16
4857,32158178,32158.178,1583,0,gap,16
4858,32168187,32168.187,1535,0,gap,16
4859,32172049,32172.049,1535,0,gap,16
4860,32178187,32178.187,1534,0,gap,16
4861,32188179,32188.179,1511,0,gap,16
4862,32192052,32192.052,1505,0,gap,16
4863,32198179,32198.179,1472,0,gap,16
4864,32208187,32208.187,1467,0,gap,16
4865,32212070,32212.07,1434,0,gap,16
4866,32218190,32218.19,1426,0,gap,16
4867,32228179,32228.179,1419,0,gap,16
4868,32232074,32232.074,1393,0,gap,16
4869,32238178,32238.178,1391,0,gap,16
4870,32248187,32248.187,1345,0,gap,16
4871,32252096,32252.096,1336,0,gap,16
4872,32258186,32258.186,1339,0,gap,16
4873,32268179,32268.179,1317,0,gap,16
4874,32272094,32272.094,1327,0,gap,16
4875,32278178,32278.178,1295,0,gap,16
4876,32288187,32288.187,1277,0,gap,16
4877,32292146,32292.146,1257,0,gap,16
4878,32298186,32298.186,1223,0,gap,16
4879,32308179,32308.179,1239,0,gap,16
4880,32312148,32312.148,1219,0,gap,16
4881,32318178,32318.178,1210,0,gap,16
4882,32328191,32328.191,1186,0,gap,16
4883,32332169,32332.169,1171,0,gap,16
4884,32338186,32338.186,1174,0,gap,16
4885,32348178,32348.178,1153,0,gap,16
4886,32352166,32352.166,1136,0,gap,16
4887,32358178,32358.178,1148,0,gap,16
4888,32368186,32368.186,1105,0,gap,16
4889,32372190,32372.19,1104,0,gap,16
4890,32378186,32378.186,1097,0,gap,16
4891,32388178,32388.178,1075,0,gap,16
4892,32392204,32392.204,1070,0,gap,16
4893,32398178,32398.178,1061,0,gap,16
4894,32408186,32408.186,1053,0,gap,16
4895,32412234,32412.234,1023,0,gap,16
4896,32418186,32418.186,1008,0,gap,16
4897,32428178,32428.178,1009,0,gap,16
4898,32432227,32432.227,976,0,gap,16
4899,32438177,32438.177,976,0,gap,16
4900,32448186,32448.186,979,0,gap,16
4901,32452248,32452.248,944,0,gap,16
4902,32458185,32458.185,957,0,gap,16
4903,32468178,32468.178,944,0,gap,16
4904,32472250,32472.25,929,0,gap,16
4905,32476317,32476.317,926,0,gap,16
4906,32488187,32488.187,929,0,gap,16
4907,32492268,32492.268,903,0,gap,16
4908,32496341,32496.341,887,0,gap,16
4909,32508179,32508.179,911,0,gap,16
4910,32512266,32512.266,856,0,gap,16
4911,32516356,32516.356,839,0,gap,16
4912,32528186,32528.186,863,0,gap,16
4913,32532291,32532.291,815,0,gap,16
4914,32536388,32536.388,825,0,gap,16
4915,32548178,32548.178,838,0,gap,16
4916,32552284,32552.284,803,0,gap,16
4917,32559149,32559.149,829,0,gap,16
4918,32563016,32563.016,784,0,gap,16
4919,32568178,32568.178,777,0,gap,16
4920,32578187,32578.187,816,0,gap,16
4921,32582042,32582.042,752,0,gap,16
4922,32588186,32588.186,770,0,gap,16
4923,32598179,32598.179,762,0,gap,16
4924,32602042,32602.042,722,0,gap,16
4925,32608178,32608.178,767,0,gap,16
4926,32618186,32618.186,731,0,gap,16
4927,32622070,32622.07,734,0,gap,16
4928,32628186,32628.186,737,0,gap,16
4929,32638178,32638.178,751,0,gap,16
4930,32642079,32642.079,714,0,gap,16
4931,32648177,32648.177,677,0,gap,16
4932,32658186,32658.186,719,0,gap,16
4933,32662093,32662.093,647,0,gap,16
4934,32668185,32668.185,663,0,gap,16
4935,32678177,32678.177,698,0,gap,16
4936,32682098,32682.098,640,0,gap,16
4937,32686009,32686.009,639,0,gap,16
4938,32698187,32698.187,662,0,gap,16
4939,32702141,32702.141,624,0,gap,16
4940,32706088,32706.088,637,0,gap,16
4941,32718179,32718.179,640,0,gap,16
4942,32722145,32722.145,637,0,gap,16
4943,32726111,32726.111,631,0,gap,16
4944,32738186,32738.186,638,0,gap,16
4945,32742163,32742.163,597,0,gap,16
4946,32746135,32746.135,578,0,gap,16
4947,32758178,32758.178,635,0,gap,16
4948,32762165,32762.165,579,0,gap,16
4949,32766148,32766.148,550,0,gap,16
4950,32778186,32778.186,626,0,gap,16
4951,32782187,32782.187,529,0,gap,16
4952,32786192,32786.192,555,0,gap,16
4953,32798177,32798.177,591,0,gap,16
4954,32802203,32802.203,537,0,gap,16
4955,32806225,32806.225,570,0,gap,16
4956,32818185,32818.185,558,0,gap,16
4957,32822230,32822.23,545,0,gap,16
4958,32826266,32826.266,545,0,gap,16
4959,32838177,32838.177,561,0,gap,16
4960,32842228,32842.228,528,0,gap,16
4961,32846269,32846.269,501,0,gap,16
4962,32858189,32858.189,578,0,gap,16
4963,32862245,32862.245,495,0,gap,16
4964,32866301,32866.301,464,0,gap,16
4965,32878177,32878.177,561,0,gap,16
4966,32882243,32882.243,454,0,gap,16
4967,32886308,32886.308,464,0,gap,16
4968,32898185,32898.185,511,0,gap,16
4969,32902265,32902.265,453,0,gap,16
4970,32906336,32906.336,479,0,gap,16
4971,32918177,32918.177,478,0,gap,16
4972,32922267,32922.267,485,0,gap,16
4973,32926351,32926.351,464,0,gap,16
4974,32938185,32938.185,496,0,gap,16
4975,32942284,32942.284,460,0,gap,16
4976,32946379,32946.379,411,0,gap,16
4977,32958177,32958.177,526,0,gap,16
4978,32962290,32962.29,435,0,gap,16
4979,32966393,32966.393,418,0,gap,16
4980,32973301,32973.301,476,0,gap,16
4981,32978177,32978.177,430,0,gap,16
4982,32988186,32988.186,450,0,gap,16
4983,32992040,32992.04,432,0,gap,16
4984,32998186,32998.186,400,0,gap,16
4985,33008178,33008.178,481,0,gap,16
4986,33012044,33012.044,386,0,gap,16
4987,33018178,33018.178,397,0,gap,16
4988,33028186,33028.186,466,0,gap,16
4989,33032067,33032.067,368,0,gap,16
4990,33038185,33038.185,398,0,gap,16
4991,33048178,33048.178,405,0,gap,16
4992,33052073,33052.073,345,0,gap,16
4993,33058165,33058.165,427,0,gap,16
4994,33068189,33068.189,381,0,gap,16
4995,33072091,33072.091,387,0,gap,16
4996,33075987,33075.987,365,0,gap,16
4997,33088179,33088.179,413,0,gap,16
4998,33092091,33092.091,380,0,gap,16
4999,33096001,33096.001,338,0,gap,16
5000,33108187,33108.187,442,0,gap,16
5001,33112127,33112.127,336,0,gap,16
5002,33116077,33116.077,313,0,gap,16
5003,33128178,33128.178,427,0,gap,16
5004,33132140,33132.14,330,0,gap,16
5005,33136100,33136.1,319,0,gap,16
5006,33148186,33148.186,384,0,gap,16
5007,33152161,33152.161,319,0,gap,16
5008,33156132,33156.132,343,0,gap,16
5009,33168178,33168.178,346,0,gap,16
5010,33172166,33172.166,335,0,gap,16
5011,33176152,33176.152,335,0,gap,16
5012,33188185,33188.185,387,0,gap,16
5013,33192181,33192.181,333,0,gap,16
5014,33196172,33196.172,304,0,gap,16
5015,33208177,33208.177,397,0,gap,16
5016,33212200,33212.2,295,0,gap,16
5017,33216219,33216.219,277,0,gap,16
5018,33228185,33228.185,397,0,gap,16
5019,33232221,33232.221,278,0,gap,16
5020,33236256,33236.256,288,0,gap,16
5021,33248177,33248.177,343,0,gap,16
5022,33252227,33252.227,251,0,gap,16
5023,33256271,33256.271,314,0,gap,16
5024,33268185,33268.185,310,0,gap,16
5025,33272244,33272.244,304,0,gap,16
5026,33276299,33276.299,292,0,gap,16
5027,33288177,33288.177,333,0,gap,16
5028,33292242,33292.242,291,0,gap,16
5029,33296302,33296.302,245,0,gap,16
5030,33308185,33308.185,375,0,gap,16
5031,33312264,33312.264,263,0,gap,16
5032,33316341,33316.341,210,0,gap,16
5033,33328177,33328.177,349,0,gap,16
5034,33332261,33332.261,229,0,gap,16
5035,33336341,33336.341,241,0,gap,16
5036,33348185,33348.185,295,0,gap,16
5037,33352287,33352.287,227,0,gap,16
5038,33356380,33356.38,272,0,gap,16
5039,33368177,33368.177,275,0,gap,16
5040,33372286,33372.286,259,0,gap,16
5041,33376390,33376.39,272,0,gap,16
5042,33383259,33383.259,240,0,gap,16
5043,33388177,33388.177,257,0,gap,16
5044,33398186,33398.186,275,0,gap,16
5045,33402033,33402.033,197,0,gap,16
5046,33408186,33408.186,304,0,gap,16
5047,33418178,33418.178,251,0,gap,16
5048,33422050,33422.05,259,0,gap,16
5049,33428178,33428.178,272,0,gap,16
5050,33438186,33438.186,278,0,gap,16
5051,33442064,33442.064,243,0,gap,16
5052,33448185,33448.185,220,0,gap,16
5053,33458178,33458.178,307,0,gap,16
5054,33462063,33462.063,208,0,gap,16
5055,33468165,33468.165,192,0,gap,16
5056,33478185,33478.185,316,0,gap,16
5057,33482089,33482.089,191,0,gap,16
5058,33485988,33485.988,182,0,gap,16
5059,33498179,33498.179,274,0,gap,16
5060,33502084,33502.084,155,0,gap,16
5061,33505993,33505.993,220,0,gap,16
5062,33518187,33518.187,229,0,gap,16
5063,33522145,33522.145,202,0,gap,16
5064,33526091,33526.091,210,0,gap,16
5065,33538178,33538.178,263,0,gap,16
5066,33542137,33542.137,218,0,gap,16
5067,33546096,33546.096,176,0,gap,16
5068,33558186,33558.186,298,0,gap,16
5069,33562163,33562.163,197,0,gap,16
5070,33566124,33566.124,151,0,gap,16
5071,33578178,33578.178,293,1,pulse,17
5072,33582249,33582.249,4095,1,pulse,17
5073,33586178,33586.178,4095,1,pulse,17
5074,33598182,33598.182,4095,1,pulse,17
5075,33602118,33602.118,4095,1,pulse,17
5076,33606042,33606.042,4095,1,pulse,17
5077,33618175,33618.175,4095,0,gap,17
5078,33622347,33622.347,2981,0,gap,17
5079,33626383,33626.383,2866,0,gap,17
5080,33638186,33638.186,2781,0,gap,17
5081,33642234,33642.234,2741,0,gap,17
5082,33646270,33646.27,2714,0,gap,17
5083,33658178,33658.178,2659,0,gap,17
5084,33662232,33662.232,2638,0,gap,17
5085,33666289,33666.289,2626,0,gap,17
5086,33678186,33678.186,2559,0,gap,17
5087,33682258,33682.258,2550,0,gap,17
5088,33686317,33686.317,2539,0,gap,17
5089,33698182,33698.182,2489,0,gap,17
5090,33702255,33702.255,2487,0,gap,17
5091,33706332,33706.332,2453,0,gap,17
5092,33718186,33718.186,2448,0,gap,17
5093,33722273,33722.273,2413,0,gap,17
5094,33726351,33726.351,2409,0,gap,17
5095,33738178,33738.178,2384,0,gap,17
5096,33742271,33742.271,2373,0,gap,17
5097,33746367,33746.367,2352,0,gap,17
5098,33758186,33758.186,2326,0,gap,17
5099,33762296,33762.296,2311,0,gap,17
5100,33766398,33766.398,2283,0,gap,17
5101,33778178,33778.178,2240,0,gap,17
5102,33782286,33782.286,2237,0,gap,17
5103,33786402,33786.402,2224,0,gap,17
5104,33798185,33798.185,2181,0,gap,17
5105,33805111,33805.111,2175,0,gap,17
5106,33808979,33808.979,2167,0,gap,17
5107,33818178,33818.178,2142,0,gap,17
5108,33822041,33822.041,2126,0,gap,17
5109,33828178,33828.178,2093,0,gap,17
5110,33838190,33838.19,2073,0,gap,17
5111,33842070,33842.07,2078,0,gap,17
5112,33848186,33848.186,2025,0,gap,17
5113,33858178,33858.178,2031,0,gap,17
5114,33862069,33862.069,1991,0,gap,17
5115,33868178,33868.178,1979,0,gap,17
5116,33878186,33878.186,1962,0,gap,17
5117,33882087,33882.087,1937,0,gap,17
5118,33888186,33888.186,1923,0,gap,17
5119,33898178,33898.178,1897,0,gap,17
5120,33902094,33902.094,1890,0,gap,17
5121,33908182,33908.182,1877,0,gap,17
5122,33918186,33918.186,1853,0,gap,17
5123,33922108,33922.108,1840,0,gap,17
5124,33928186,33928.186,1837,0,gap,17
5125,33938178,33938.178,1794,0,gap,17
5126,33942139,33942.139,1790,0,gap,17
5127,33948177,33948.177,1753,0,gap,17
5128,33958186,33958.186,1743,0,gap,17
5129,33962162,33962.162,1730,0,gap,17
5130,33968185,33968.185,1711,0,gap,17
5131,33978178,33978.178,1693,0,gap,17
5132,33982163,33982.163,1657,0,gap,17
5133,33988177,33988.177,1648,0,gap,17
5134,33998186,33998.186,1645,0,gap,17
5135,34002189,34002.189,1619,0,gap,17
5136,34008185,34008.185,1602,0,gap,17
5137,34018182,34018.182,1570,0,gap,17
5138,34022188,34022.188,1581,0,gap,17
5139,34028177,34028.177,1568,0,gap,17
5140,34038186,34038.186,1524,0,gap,17
5141,34042214,34042.214,1513,0,gap,17
5142,34048173,34048.173,1485,0,gap,17
5143,34058178,34058.178,1503,0,gap,17
5144,34062224,34062.224,1469,0,gap,17
5145,34066269,34066.269,1450,0,gap,17
5146,34078187,34078.187,1424,0,gap,17
5147,34082247,34082.247,1411,0,gap,17
5148,34086302,34086.302,1414,0,gap,17
5149,34098179,34098.179,1392,0,gap,17
5150,34102241,34102.241,1370,0,gap,17
5151,34106310,34106.31,1360,0,gap,17
5152,34118187,34118.187,1338,0,gap,17
5153,34122270,34122.27,1328,0,gap,17
5154,34126341,34126.341,1325,0,gap,17
5155,34138179,34138.179,1312,0,gap,17
5156,34142272,34142.272,1301,0,gap,17
5157,34146357,34146.357,1274,0,gap,17
5158,34158191,34158.191,1261,0,gap,17
5159,34162294,34162.294,1237,0,gap,17
5160,34166384,34166.384,1231,0,gap,17
5161,34178179,34178.179,1214,0,gap,17
5162,34182283,34182.283,1194,0,gap,17
5163,34186387,34186.387,1183,0,gap,17
5164,34198187,34198.187,1168,0,gap,17
5165,34202305,34202.305,1170,0,gap,17
5166,34206411,34206.411,1179,0,gap,17
5167,34218178,34218.178,1133,0,gap,17
5168,34225058,34225.058,1136,0,gap,17
5169,34228918,34228.918,1121,0,gap,17
5170,34238186,34238.186,1104,0,gap,17
5171,34242050,34242.05,1125,0,gap,17
5172,34248186,34248.186,1078,0,gap,17
5173,34258178,34258.178,1082,0,gap,17
5174,34262056,34262.056,1045,0,gap,17
5175,34268178,34268.178,1023,0,gap,17
5176,34278186,34278.186,1047,0,gap,17
5177,34282083,34282.083,1002,0,gap,17
5178,34288186,34288.186,1009,0,gap,17
5179,34298178,34298.178,978,0,gap,17
5180,34302080,34302.08,970,0,gap,17
5181,34308178,34308.178,1002,0,gap,17
5182,34318186,34318.186,953,0,gap,17
5183,34322106,34322.106,955,0,gap,17
5184,34328185,34328.185,973,0,gap,17
5185,34338182,34338.182,930,0,gap,17
5186,34342104,34342.104,914,0,gap,17
5187,34348165,34348.165,914,0,gap,17
5188,34358185,34358.185,911,0,gap,17
5189,34362152,34362.152,885,0,gap,17
5190,34366109,34366.109,848,0,gap,17
5191,34378179,34378.179,909,0,gap,17
5192,34382150,34382.15,853,0,gap,17
5193,34386125,34386.125,825,0,gap,17
5194,34398186,34398.186,848,0,gap,17
5195,34402172,34402.172,823,0,gap,17
5196,34406153,34406.153,819,0,gap,17
5197,34418178,34418.178,816,0,gap,17
5198,34422174,34422.174,841,0,gap,17
5199,34426169,34426.169,801,0,gap,17
5200,34438186,34438.186,802,0,gap,17
5201,34442196,34442.196,795,0,gap,17
5202,34446202,34446.202,759,0,gap,17
5203,34458178,34458.178,797,0,gap,17
5204,34462202,34462.202,752,0,gap,17
5205,34466228,34466.228,737,0,gap,17
5206,34478189,34478.189,790,0,gap,17
5207,34482240,34482.24,710,0,gap,17
5208,34486285,34486.285,703,0,gap,17
5209,34498177,34498.177,727,0,gap,17
5210,34502237,34502.237,686,0,gap,17
5211,34506293,34506.293,720,0,gap,17
5212,34518185,34518.185,692,0,gap,17
5213,34522251,34522.251,693,0,gap,17
5214,34526312,34526.312,685,0,gap,17
5215,34538177,34538.177,710,0,gap,17
5216,34542257,34542.257,673,0,gap,17
5217,34546332,34546.332,653,0,gap,17
5218,34558185,34558.185,695,0,gap,17
5219,34562275,34562.275,645,0,gap,17
5220,34566355,34566.355,624,0,gap,17
5221,34578177,34578.177,677,0,gap,17
5222,34582276,34582.276,617,0,gap,17
5223,34586370,34586.37,606,0,gap,17
5224,34598185,34598.185,624,0,gap,17
5225,34602290,34602.29,590,0,gap,17
5226,34606394,34606.394,609,0,gap,17
5227,34618177,34618.177,610,0,gap,17
5228,34622296,34622.296,592,0,gap,17
5229,34626405,34626.405,580,0,gap,17
5230,34638185,34638.185,615,0,gap,17
5231,34644929,34644.929,608,0,gap,17
5232,34648785,34648.785,531,0,gap,17
5233,34658182,34658.182,629,0,gap,17
5234,34662046,34662.046,549,0,gap,17
5235,34668177,34668.177,537,0,gap,17
5236,34678186,34678.186,586,0,gap,17
5237,34682066,34682.066,526,0,gap,17
5238,34688189,34688.189,553,0,gap,17
5239,34698177,34698.177,558,0,gap,17
5240,34702065,34702.065,495,0,gap,17
5241,34705957,34705.957,528,0,gap,17
5242,34718187,34718.187,523,0,gap,17
5243,34722093,34722.093,511,0,gap,17
5244,34725995,34725.995,511,0,gap,17
5245,34738179,34738.179,547,0,gap,17
5246,34742087,34742.087,494,0,gap,17
5247,34746002,34746.002,471,0,gap,17
5248,34758186,34758.186,546,0,gap,17
5249,34762117,34762.117,464,0,gap,17
5250,34766031,34766.031,437,0,gap,17
5251,34778178,34778.178,541,0,gap,17
5252,34782137,34782.137,432,0,gap,17
5253,34786094,34786.094,432,0,gap,17
5254,34798190,34798.19,502,0,gap,17
5255,34802166,34802.166,429,0,gap,17
5256,34806137,34806.137,462,0,gap,17
5257,34818177,34818.177,470,0,gap,17
5258,34822163,34822.163,442,0,gap,17
5259,34826140,34826.14,442,0,gap,17
5260,34838185,34838.185,476,0,gap,17
5261,34842182,34842.182,442,0,gap,17
5262,34846177,34846.177,412,0,gap,17
5263,34858177,34858.177,483,0,gap,17
5264,34862188,34862.188,416,0,gap,17
5265,34866197,34866.197,398,0,gap,17
5266,34878185,34878.185,486,0,gap,17
5267,34882220,34882.22,367,0,gap,17
5268,34886255,34886.255,379,0,gap,17
5269,34898177,34898.177,441,0,gap,17
5270,34902228,34902.228,368,0,gap,17
5271,34906273,34906.273,399,0,gap,17
5272,34918185,34918.185,401,0,gap,17
5273,34922241,34922.241,391,0,gap,17
5274,34926296,34926.296,398,0,gap,17
5275,34938177,34938.177,431,0,gap,17
5276,34942251,34942.251,386,0,gap,17
5277,34946312,34946.312,347,0,gap,17
5278,34958185,34958.185,436,0,gap,17
5279,34962265,34962.265,363,0,gap,17
5280,34966339,34966.339,341,0,gap,17
5281,34978181,34978.181,429,0,gap,17
5282,34982266,34982.266,326,0,gap,17
5283,34986351,34986.351,324,0,gap,17
5284,34998185,34998.185,403,0,gap,17
5285,35002280,35002.28,316,0,gap,17
5286,35006374,35006.374,354,0,gap,17
5287,35018177,35018.177,366,0,gap,17
5288,35022286,35022.286,336,0,gap,17
5289,35026390,35026.39,359,0,gap,17
5290,35038185,35038.185,369,0,gap,17
5291,35042300,35042.3,349,0,gap,17
5292,35046413,35046.413,310,0,gap,17
5293,35053290,35053.29,317,0,gap,17
5294,35058185,35058.185,351,0,gap,17
5295,35068179,35068.179,321,0,gap,17
5296,35072039,35072.039,306,0,gap,17
5297,35078182,35078.182,337,0,gap,17
5298,35088186,35088.186,336,0,gap,17
5299,35092063,35092.063,325,0,gap,17
5300,35098186,35098.186,291,0,gap,17
5301,35108178,35108.178,365,0,gap,17
5302,35112063,35112.063,292,0,gap,17
5303,35118177,35118.177,271,0,gap,17
5304,35128186,35128.186,367,0,gap,17
5305,35132088,35132.088,258,0,gap,17
5306,35138169,35138.169,291,0,gap,17
5307,35148177,35148.177,326,0,gap,17
5308,35152095,35152.095,242,0,gap,17
5309,35156003,35156.003,281,0,gap,17
5310,35168187,35168.187,314,0,gap,17
5311,35172110,35172.11,274,0,gap,17
5312,35176029,35176.029,284,0,gap,17
5313,35188183,35188.183,319,0,gap,17
5314,35192149,35192.149,283,0,gap,17
5315,35196106,35196.106,249,0,gap,17
5316,35208186,35208.186,349,0,gap,17
5317,35212156,35212.156,256,0,gap,17
5318,35216124,35216.124,221,0,gap,17
5319,35228178,35228.178,336,0,gap,17
5320,35232161,35232.161,230,0,gap,17
5321,35236140,35236.14,222,0,gap,17
5322,35248186,35248.186,304,0,gap,17
5323,35252176,35252.176,212,0,gap,17
5324,35256169,35256.169,256,0,gap,17
5325,35268177,35268.177,272,0,gap,17
5326,35272181,35272.181,242,0,gap,17
5327,35276184,35276.184,272,0,gap,17
5328,35288185,35288.185,295,0,gap,17
5329,35292215,35292.215,245,0,gap,17
5330,35296242,35296.242,219,0,gap,17
5331,35308177,35308.177,314,0,gap,17
5332,35312221,35312.221,219,0,gap,17
5333,35316260,35316.26,192,0,gap,17
5334,35328189,35328.189,331,0,gap,17
5335,35332247,35332.247,197,0,gap,17
5336,35336299,35336.299,193,0,gap,17
5337,35348177,35348.177,296,0,gap,17
5338,35352240,35352.24,182,0,gap,17
5339,35356303,35356.303,208,0,gap,17
5340,35368185,35368.185,230,0,gap,17
5341,35372262,35372.262,215,0,gap,17
5342,35376334,35376.334,238,0,gap,17
5343,35388177,35388.177,250,0,gap,17
5344,35392264,35392.264,227,0,gap,17
5345,35396346,35396.346,194,0,gap,17
5346,35408185,35408.185,297,0,gap,17
5347,35412277,35412.277,197,0,gap,17
5348,35416365,35416.365,171,0,gap,17
5349,35428177,35428.177,292,1,pulse,18
5350,35432375,35432.375,4095,1,pulse,18
5351,35436418,35436.418,4095,1,pulse,18
5352,35448182,35448.182,4095,1,pulse,18
5353,35452232,35452.232,4095,1,pulse,18
5354,35456277,35456.277,4095,1,pulse,18
5355,35468178,35468.178,4095,0,gap,18
5356,35475258,35475.258,2846,0,gap,18
5357,35479140,35479.14,2797,0,gap,18
5358,35488186,35488.186,2762,0,gap,18
5359,35492059,35492.059,2721,0,gap,18
5360,35498186,35498.186,2690,0,gap,18
5361,35508179,35508.179,2649,0,gap,18
5362,35512064,35512.064,2618,0,gap,18
5363,35518178,35518.178,2614,0,gap,18
5364,35528186,35528.186,2559,0,gap,18
5365,35532091,35532.091,2544,0,gap,18
5366,35538186,35538.186,2527,0,gap,18
5367,35548178,35548.178,2494,0,gap,18
5368,35552093,35552.093,2481,0,gap,18
5369,35558178,35558.178,2448,0,gap,18
5370,35568186,35568.186,2438,0,gap,18
5371,35572116,35572.116,2407,0,gap,18
5372,35578186,35578.186,2411,0,gap,18
5373,35588178,35588.178,2381,0,gap,18
5374,35592110,35592.11,2373,0,gap,18
5375,35598178,35598.178,2322,0,gap,18
5376,35608186,35608.186,2327,0,gap,18
5377,35612151,35612.151,2298,0,gap,18
5378,35618186,35618.186,2256,0,gap,18
5379,35628178,35628.178,2255,0,gap,18
5380,35632159,35632.159,2235,0,gap,18
5381,35638181,35638.181,2218,0,gap,18
5382,35648186,35648.186,2195,0,gap,18
5383,35652185,35652.185,2166,0,gap,18
5384,35658185,35658.185,2169,0,gap,18
5385,35668178,35668.178,2129,0,gap,18
5386,35672183,35672.183,2115,0,gap,18
5387,35678177,35678.177,2103,0,gap,18
5388,35688186,35688.186,2077,0,gap,18
5389,35692202,35692.202,2058,0,gap,18
5390,35698185,35698.185,2030,0,gap,18
5391,35708178,35708.178,2037,0,gap,18
5392,35712220,35712.22,2001,0,gap,18
5393,35718177,35718.177,1977,0,gap,18
5394,35728186,35728.186,1949,0,gap,18
5395,35732242,35732.242,1955,0,gap,18
5396,35738169,35738.169,1936,0,gap,18
5397,35748182,35748.182,1909,0,gap,18
5398,35752251,35752.251,1870,0,gap,18
5399,35756317,35756.317,1869,0,gap,18
5400,35768187,35768.187,1840,0,gap,18
5401,35772263,35772.263,1827,0,gap,18
5402,35776338,35776.338,1819,0,gap,18
5403,35788179,35788.179,1782,0,gap,18
5404,35792268,35792.268,1783,0,gap,18
5405,35796353,35796.353,1744,0,gap,18
5406,35808187,35808.187,1731,0,gap,18
5407,35812286,35812.286,1715,0,gap,18
5408,35816384,35816.384,1692,0,gap,18
5409,35828179,35828.179,1697,0,gap,18
5410,35832284,35832.284,1666,0,gap,18
5411,35836384,35836.384,1648,0,gap,18
5412,35848187,35848.187,1629,0,gap,18
5413,35852305,35852.305,1605,0,gap,18
5414,35856415,35856.415,1606,0,gap,18
5415,35868179,35868.179,1590,0,gap,18
5416,35872307,35872.307,1535,0,gap,18
5417,35876431,35876.431,1535,0,gap,18
5418,35888187,35888.187,1522,0,gap,18
5419,35895080,35895.08,1510,0,gap,18
5420,35898947,35898.947,1488,0,gap,18
5421,35908178,35908.178,1485,0,gap,18
5422,35912044,35912.044,1461,0,gap,18
5423,35918178,35918.178,1455,0,gap,18
5424,35928186,35928.186,1434,0,gap,18
5425,35932078,35932.078,1418,0,gap,18
5426,35938186,35938.186,1410,0,gap,18
5427,35948178,35948.178,1392,0,gap,18
5428,35952073,35952.073,1359,0,gap,18
5429,35958182,35958.182,1367,0,gap,18
5430,35968186,35968.186,1323,0,gap,18
5431,35972107,35972.107,1324,0,gap,18
5432,35978186,35978.186,1310,0,gap,18
5433,35988178,35988.178,1333,0,gap,18
5434,35992097,35992.097,1296,0,gap,18
5435,35998178,35998.178,1262,0,gap,18
5436,36008186,36008.186,1264,0,gap,18
5437,36012123,36012.123,1233,0,gap,18
5438,36018186,36018.186,1218,0,gap,18
5439,36028178,36028.178,1232,0,gap,18
5440,36032155,36032.155,1182,0,gap,18
5441,36038177,36038.177,1194,0,gap,18
5442,36048186,36048.186,1160,0,gap,18
5443,36052168,36052.168,1148,0,gap,18
5444,36058185,36058.185,1168,0,gap,18
5445,36068182,36068.182,1135,0,gap,18
5446,36072179,36072.179,1118,0,gap,18
5447,36078177,36078.177,1130,0,gap,18
5448,36088186,36088.186,1112,0,gap,18
5449,36092193,36092.193,1087,0,gap,18
5450,36098185,36098.185,1088,0,gap,18
5451,36108178,36108.178,1079,0,gap,18
5452,36112199,36112.199,1071,0,gap,18
5453,36118169,36118.169,1023,0,gap,18
5454,36128186,36128.186,1034,0,gap,18
5455,36132225,36132.225,991,0,gap,18
5456,36136274,36136.274,1001,0,gap,18
5457,36148179,36148.179,990,0,gap,18
5458,36152239,36152.239,963,0,gap,18
5459,36156294,36156.294,963,0,gap,18
5460,36168187,36168.187,956,0,gap,18
5461,36172256,36172.256,950,0,gap,18
5462,36176321,36176.321,941,0,gap,18
5463,36188178,36188.178,914,0,gap,18
5464,36192258,36192.258,931,0,gap,18
5465,36196328,36196.328,905,0,gap,18
5466,36208186,36208.186,925,0,gap,18
5467,36212275,36212.275,861,0,gap,18
5468,36216356,36216.356,870,0,gap,18
5469,36228178,36228.178,884,0,gap,18
5470,36232273,36232.273,861,0,gap,18
5471,36236367,36236.367,835,0,gap,18
5472,36248186,36248.186,862,0,gap,18
5473,36252294,36252.294,813,0,gap,18
5474,36256398,36256.398,843,0,gap,18
5475,36268177,36268.177,817,0,gap,18
5476,36272292,36272.292,809,0,gap,18
5477,36276405,36276.405,804,0,gap,18
5478,36288185,36288.185,799,0,gap,18
5479,36292313,36292.313,795,0,gap,18
5480,36296437,36296.437,759,0,gap,18
5481,36303328,36303.328,765,0,gap,18
5482,36308173,36308.173,790,0,gap,18
5483,36318179,36318.179,751,0,gap,18
5484,36322044,36322.044,738,0,gap,18
5485,36328178,36328.178,762,0,gap,18
5486,36338186,36338.186,740,0,gap,18
5487,36342077,36342.077,723,0,gap,18
5488,36348186,36348.186,720,0,gap,18
5489,36358178,36358.178,749,0,gap,18
5490,36362068,36362.068,689,0,gap,18
5491,36368177,36368.177,679,0,gap,18
5492,36378186,36378.186,730,0,gap,18
5493,36382101,36382.101,653,0,gap,18
5494,36388169,36388.169,679,0,gap,18
5495,36398177,36398.177,702,0,gap,18
5496,36402096,36402.096,642,0,gap,18
5497,36406014,36406.014,634,0,gap,18
5498,36418187,36418.187,645,0,gap,18
5499,36422123,36422.123,629,0,gap,18
5500,36426044,36426.044,637,0,gap,18
5501,36438179,36438.179,655,0,gap,18
5502,36442138,36442.138,618,0,gap,18
5503,36446107,36446.107,599,0,gap,18
5504,36458186,36458.186,656,0,gap,18
5505,36462168,36462.168,605,0,gap,18
5506,36466138,36466.138,575,0,gap,18
5507,36478178,36478.178,639,0,gap,18
5508,36482166,36482.166,563,0,gap,18
5509,36486162,36486.162,563,0,gap,18
5510,36498186,36498.186,607,0,gap,18
5511,36502193,36502.193,538,0,gap,18
5512,36506192,36506.192,562,0,gap,18
5513,36518177,36518.177,569,0,gap,18
5514,36522187,36522.187,550,0,gap,18
5515,36526208,36526.208,560,0,gap,18
5516,36538185,36538.185,555,0,gap,18
5517,36542221,36542.221,555,0,gap,18
5518,36546249,36546.249,524,0,gap,18
5519,36558177,36558.177,570,0,gap,18
5520,36562234,36562.234,511,0,gap,18
5521,36566290,36566.29,470,0,gap,18
5522,36578185,36578.185,569,0,gap,18
5523,36582252,36582.252,477,0,gap,18
5524,36586306,36586.306,464,0,gap,18
5525,36598181,36598.181,528,0,gap,18
5526,36602250,36602.25,445,0,gap,18
5527,36606325,36606.325,484,0,gap,18
5528,36618185,36618.185,477,0,gap,18
5529,36622271,36622.271,473,0,gap,18
5530,36626349,36626.349,466,0,gap,18
5531,36638177,36638.177,495,0,gap,18
5532,36642269,36642.269,461,0,gap,18
5533,36646360,36646.36,448,0,gap,18
5534,36658185,36658.185,511,0,gap,18
5535,36662295,36662.295,448,0,gap,18
5536,36666396,36666.396,411,0,gap,18
5537,36678177,36678.177,531,0,gap,18
5538,36682285,36682.285,411,0,gap,18
5539,36686395,36686.395,398,0,gap,18
5540,36698185,36698.185,483,0,gap,18
5541,36702315,36702.315,383,0,gap,18
5542,36706431,36706.431,406,0,gap,18
5543,36718177,36718.177,430,0,gap,18
5544,36725109,36725.109,466,0,gap,18
5545,36728982,36728.982,415,0,gap,18
5546,36738186,36738.186,419,0,gap,18
5547,36742059,36742.059,390,0,gap,18
5548,36748186,36748.186,397,0,gap,18
5549,36758178,36758.178,482,0,gap,18
5550,36762063,36762.063,382,0,gap,18
5551,36768177,36768.177,375,0,gap,18
5552,36778186,36778.186,461,0,gap,18
5553,36782083,36782.083,350,0,gap,18
5554,36788169,36788.169,384,0,gap,18
5555,36798177,36798.177,410,0,gap,18
5556,36802084,36802.084,336,0,gap,18
5557,36806002,36806.002,379,0,gap,18
5558,36818187,36818.187,400,0,gap,18
5559,36822120,36822.12,355,0,gap,18
5560,36826036,36826.036,371,0,gap,18
5561,36838179,36838.179,389,0,gap,18
5562,36842106,36842.106,346,0,gap,18
5563,36846040,36846.04,331,0,gap,18
5564,36858186,36858.186,407,0,gap,18
5565,36862157,36862.157,339,0,gap,18
5566,36866123,36866.123,304,0,gap,18
5567,36878178,36878.178,416,0,gap,18
5568,36882167,36882.167,320,0,gap,18
5569,36886147,36886.147,300,0,gap,18
5570,36898186,36898.186,379,0,gap,18
5571,36902176,36902.176,290,0,gap,18
5572,36906162,36906.162,325,0,gap,18
5573,36918181,36918.181,336,0,gap,18
5574,36922180,36922.18,300,0,gap,18
5575,36926189,36926.189,334,0,gap,18
5576,36938185,36938.185,336,0,gap,18
5577,36942205,36942.205,309,0,gap,18
5578,36946211,36946.211,304,0,gap,18
5579,36958177,36958.177,384,0,gap,18
5580,36962207,36962.207,299,0,gap,18
5581,36966261,36966.261,265,0,gap,18
5582,36978185,36978.185,393,0,gap,18
5583,36982249,36982.249,266,0,gap,18
5584,36986303,36986.303,257,0,gap,18
5585,36998177,36998.177,339,0,gap,18
5586,37002239,37002.239,252,0,gap,18
5587,37006307,37006.307,284,0,gap,18
5588,37018185,37018.185,305,0,gap,18
5589,37022268,37022.268,274,0,gap,18
5590,37026334,37026.334,295,0,gap,18
5591,37038177,37038.177,304,0,gap,18
5592,37042262,37042.262,275,0,gap,18
5593,37046350,37046.35,253,0,gap,18
5594,37058185,37058.185,346,0,gap,18
5595,37062288,37062.288,268,0,gap,18
5596,37066373,37066.373,246,0,gap,18
5597,37078177,37078.177,352,0,gap,18
5598,37082282,37082.282,228,0,gap,18
5599,37086393,37086.393,217,0,gap,18
5600,37098185,37098.185,332,0,gap,18
5601,37102303,37102.303,222,0,gap,18
5602,37106412,37106.412,243,0,gap,18
5603,37118177,37118.177,274,0,gap,18
5604,37122297,37122.297,240,0,gap,18
5605,37126424,37126.424,247,0,gap,18
5606,37138185,37138.185,275,0,gap,18
5607,37145081,37145.081,288,0,gap,18
5608,37148946,37148.946,205,0,gap,18
5609,37158178,37158.178,308,0,gap,18
5610,37162043,37162.043,221,0,gap,18
5611,37168178,37168.178,208,0,gap,18
5612,37178186,37178.186,308,0,gap,18
5613,37182076,37182.076,195,0,gap,18
5614,37188185,37188.185,219,0,gap,18
5615,37198178,37198.178,268,0,gap,18
5616,37202079,37202.079,186,0,gap,18
5617,37208165,37208.165,258,0,gap,18
5618,37218185,37218.185,239,0,gap,18
5619,37222105,37222.105,208,0,gap,18
5620,37226009,37226.009,222,0,gap,18
5621,37238183,37238.183,246,0,gap,18
5622,37242105,37242.105,231,0,gap,18
5623,37246030,37246.03,194,0,gap,18
5624,37258187,37258.187,298,0,gap,18
5625,37262122,37262.122,195,0,gap,18
5626,37266047,37266.047,166,0,gap,18
5627,37278178,37278.178,304,0,gap,18
5628,37282143,37282.143,166,0,gap,18
5629,37286117,37286.117,164,0,gap,18
5630,37298186,37298.186,276,0,gap,18
5631,37302175,37302.175,158,1,pulse,19
5632,37306248,37306.248,4095,1,pulse,19
5633,37318174,37318.174,4095,1,pulse,19
5634,37322100,37322.1,4095,1,pulse,19
5635,37326029,37326.029,4095,1,pulse,19
5636,37338183,37338.183,4095,1,pulse,19
5637,37342134,37342.134,4095,0,gap,19
5638,37346296,37346.296,3029,0,gap,19
5639,37358178,37358.178,2782,0,gap,19
5640,37362209,37362.209,2757,0,gap,19
5641,37366247,37366.247,2730,0,gap,19
5642,37378186,37378.186,2678,0,gap,19
5643,37382243,37382.243,2633,0,gap,19
5644,37386290,37386.29,2623,0,gap,19
5645,37398178,37398.178,2607,0,gap,19
5646,37402249,37402.249,2558,0,gap,19
5647,37406327,37406.327,2551,0,gap,19
5648,37418186,37418.186,2515,0,gap,19
5649,37422270,37422.27,2498,0,gap,19
5650,37426346,37426.346,2485,0,gap,19
5651,37438178,37438.178,2457,0,gap,19
5652,37442268,37442.268,2442,0,gap,19
5653,37446358,37446.358,2415,0,gap,19
5654,37458186,37458.186,2384,0,gap,19
5655,37462294,37462.294,2359,0,gap,19
5656,37466389,37466.389,2346,0,gap,19
5657,37478182,37478.182,2331,0,gap,19
5658,37482292,37482.292,2303,0,gap,19
5659,37486405,37486.405,2277,0,gap,19
5660,37498186,37498.186,2263,0,gap,19
5661,37502313,37502.313,2240,0,gap,19
5662,37506424,37506.424,2239,0,gap,19
5663,37518178,37518.178,2205,0,gap,19
5664,37522307,37522.307,2192,0,gap,19
5665,37526436,37526.436,2174,0,gap,19
5666,37538185,37538.185,2153,0,gap,19
5667,37542328,37542.328,2127,0,gap,19
5668,37546467,37546.467,2119,0,gap,19
5669,37558177,37558.177,2096,0,gap,19
5670,37564936,37564.936,2064,0,gap,19
5671,37568823,37568.823,2064,0,gap,19
5672,37578186,37578.186,2032,0,gap,19
5673,37582079,37582.079,2009,0,gap,19
5674,37588186,37588.186,2002,0,gap,19
5675,37598178,37598.178,1978,0,gap,19
5676,37602079,37602.079,1927,0,gap,19
5677,37608178,37608.178,1930,0,gap,19
5678,37618186,37618.186,1911,0,gap,19
5679,37622106,37622.106,1904,0,gap,19
5680,37628186,37628.186,1872,0,gap,19
5681,37638178,37638.178,1857,0,gap,19
5682,37642105,37642.105,1857,0,gap,19
5683,37648178,37648.178,1809,0,gap,19
5684,37658190,37658.19,1799,0,gap,19
5685,37662131,37662.131,1790,0,gap,19
5686,37668185,37668.185,1776,0,gap,19
5687,37678178,37678.178,1743,0,gap,19
5688,37682129,37682.129,1712,0,gap,19
5689,37688181,37688.181,1725,0,gap,19
5690,37698186,37698.186,1693,0,gap,19
5691,37702173,37702.173,1673,0,gap,19
5692,37708185,37708.185,1664,0,gap,19
5693,37718178,37718.178,1644,0,gap,19
5694,37722171,37722.171,1630,0,gap,19
5695,37728177,37728.177,1615,0,gap,19
5696,37738186,37738.186,1601,0,gap,19
5697,37742196,37742.196,1589,0,gap,19
5698,37748173,37748.173,1561,0,gap,19
5699,37758178,37758.178,1535,0,gap,19
5700,37762203,37762.203,1520,0,gap,19
5701,37768165,37768.165,1510,0,gap,19
5702,37778186,37778.186,1493,0,gap,19
5703,37782224,37782.224,1488,0,gap,19
5704,37786255,37786.255,1459,0,gap,19
5705,37798183,37798.183,1451,0,gap,19
5706,37802238,37802.238,1413,0,gap,19
5707,37806303,37806.303,1424,0,gap,19
5708,37818187,37818.187,1382,0,gap,19
5709,37822266,37822.266,1383,0,gap,19
5710,37826332,37826.332,1373,0,gap,19
5711,37838179,37838.179,1360,0,gap,19
5712,37842260,37842.26,1341,0,gap,19
5713,37846340,37846.34,1314,0,gap,19
5714,37858187,37858.187,1321,0,gap,19
5715,37862281,37862.281,1296,0,gap,19
5716,37866367,37866.367,1263,0,gap,19
5717,37878179,37878.179,1285,0,gap,19
5718,37882275,37882.275,1253,0,gap,19
5719,37886378,37886.378,1229,0,gap,19
5720,37898187,37898.187,1218,0,gap,19
5721,37902305,37902.305,1211,0,gap,19
5722,37906406,37906.406,1211,0,gap,19
5723,37918179,37918.179,1170,0,gap,19
5724,37922294,37922.294,1173,0,gap,19
5725,37926417,37926.417,1172,0,gap,19
5726,37938186,37938.186,1150,0,gap,19
5727,37942328,37942.328,1125,0,gap,19
5728,37946453,37946.453,1117,0,gap,19
5729,37958178,37958.178,1135,0,gap,19
5730,37962318,37962.318,1110,0,gap,19
5731,37966460,37966.46,1078,0,gap,19
5732,37973368,37973.368,1093,0,gap,19
5733,37988177,37988.177,1059,0,gap,19
5734,37992056,37992.056,1053,0,gap,19
5735,37995933,37995.933,1040,0,gap,19
5736,38008186,38008.186,1041,0,gap,19
5737,38012086,38012.086,993,0,gap,19
5738,38015978,38015.978,979,0,gap,19
5739,38028178,38028.178,989,0,gap,19
5740,38032081,38032.081,950,0,gap,19
5741,38035985,38035.985,953,0,gap,19
5742,38048185,38048.185,969,0,gap,19
5743,38052111,38052.111,944,0,gap,19
5744,38056029,38056.029,944,0,gap,19
5745,38068177,38068.177,915,0,gap,19
5746,38072107,38072.107,899,0,gap,19
5747,38076032,38076.032,912,0,gap,19
5748,38088190,38088.19,909,0,gap,19
5749,38092133,38092.133,886,0,gap,19
5750,38096072,38096.072,892,0,gap,19
5751,38108177,38108.177,891,0,gap,19
5752,38112133,38112.133,848,0,gap,19
5753,38116102,38116.102,832,0,gap,19
5754,38128185,38128.185,869,0,gap,19
5755,38132176,38132.176,832,0,gap,19
5756,38136161,38136.161,816,0,gap,19
5757,38148177,38148.177,820,0,gap,19
5758,38152177,38152.177,774,0,gap,19
5759,38156179,38156.179,811,0,gap,19
5760,38168185,38168.185,784,0,gap,19
5761,38172195,38172.195,768,0,gap,19
5762,38176197,38176.197,782,0,gap,19
5763,38188177,38188.177,769,0,gap,19
5764,38192202,38192.202,763,0,gap,19
5765,38196225,38196.225,746,0,gap,19
5766,38208185,38208.185,786,0,gap,19
5767,38212231,38212.231,729,0,gap,19
5768,38216269,38216.269,691,0,gap,19
5769,38228181,38228.181,755,0,gap,19
5770,38232241,38232.241,678,0,gap,19
5771,38236308,38236.308,670,0,gap,19
5772,38248185,38248.185,723,0,gap,19
5773,38252263,38252.263,670,0,gap,19
5774,38256331,38256.331,690,0,gap,19
5775,38268177,38268.177,673,0,gap,19
5776,38272260,38272.26,658,0,gap,19
5777,38276343,38276.343,656,0,gap,19
5778,38288185,38288.185,666,0,gap,19
5779,38292282,38292.282,667,0,gap,19
5780,38296370,38296.37,640,0,gap,19
5781,38308177,38308.177,677,0,gap,19
5782,38312276,38312.276,627,0,gap,19
5783,38316382,38316.382,597,0,gap,19
5784,38328185,38328.185,650,0,gap,19
5785,38332306,38332.306,575,0,gap,19
5786,38336413,38336.413,594,0,gap,19
5787,38348177,38348.177,630,0,gap,19
5788,38352299,38352.299,557,0,gap,19
5789,38356421,38356.421,601,0,gap,19
5790,38368185,38368.185,580,0,gap,19
5791,38372329,38372.329,576,0,gap,19
5792,38376457,38376.457,570,0,gap,19
5793,38388177,38388.177,587,0,gap,19
5794,38392317,38392.317,568,0,gap,19
5795,38399223,38399.223,553,0,gap,19
5796,38403099,38403.099,528,0,gap,19
5797,38408178,38408.178,579,0,gap,19
5798,38418187,38418.187,546,0,gap,19
5799,38422089,38422.089,531,0,gap,19
5800,38428186,38428.186,570,0,gap,19
5801,38438183,38438.183,525,0,gap,19
5802,38442086,38442.086,507,0,gap,19
5803,38448178,38448.178,511,0,gap,19
5804,38458186,38458.186,570,0,gap,19
5805,38462107,38462.107,484,0,gap,19
5806,38468186,38468.186,476,0,gap,19
5807,38478178,38478.178,554,0,gap,19
5808,38482107,38482.107,463,0,gap,19
5809,38488177,38488.177,470,0,gap,19
5810,38498186,38498.186,509,0,gap,19
5811,38502128,38502.128,437,0,gap,19
5812,38506063,38506.063,464,0,gap,19
5813,38518179,38518.179,466,0,gap,19
5814,38522125,38522.125,448,0,gap,19
5815,38526094,38526.094,459,0,gap,19
5816,38538187,38538.187,471,0,gap,19
5817,38542191,38542.191,461,0,gap,19
5818,38546176,38546.176,451,0,gap,19
5819,38558178,38558.178,511,0,gap,19
5820,38562177,38562.177,439,0,gap,19
5821,38566179,38566.179,393,0,gap,19
5822,38578186,38578.186,490,0,gap,19
5823,38582207,38582.207,400,0,gap,19
5824,38586211,38586.211,387,0,gap,19
5825,38598178,38598.178,455,0,gap,19
5826,38602201,38602.201,374,0,gap,19
5827,38606228,38606.228,400,0,gap,19
5828,38618190,38618.19,421,0,gap,19
5829,38622235,38622.235,390,0,gap,19
5830,38626272,38626.272,416,0,gap,19
5831,38638177,38638.177,430,0,gap,19
5832,38642235,38642.235,401,0,gap,19
5833,38646302,38646.302,365,0,gap,19
5834,38658185,38658.185,459,0,gap,19
5835,38662263,38662.263,389,0,gap,19
5836,38666331,38666.331,338,0,gap,19
5837,38678177,38678.177,438,0,gap,19
5838,38682260,38682.26,336,0,gap,19
5839,38686351,38686.351,319,0,gap,19
5840,38698185,38698.185,417,0,gap,19
5841,38702282,38702.282,328,0,gap,19
5842,38706366,38706.366,335,0,gap,19
5843,38718177,38718.177,368,0,gap,19
5844,38722280,38722.28,343,0,gap,19
5845,38726386,38726.386,367,0,gap,19
5846,38738185,38738.185,355,0,gap,19
5847,38742305,38742.305,361,0,gap,19
5848,38746413,38746.413,331,0,gap,19
5849,38758181,38758.181,415,0,gap,19
5850,38762303,38762.303,332,0,gap,19
5851,38766428,38766.428,290,0,gap,19
5852,38778185,38778.185,432,0,gap,19
5853,38782321,38782.321,290,0,gap,19
5854,38786444,38786.444,274,0,gap,19
5855,38798177,38798.177,391,0,gap,19
5856,38802319,38802.319,272,0,gap,19
5857,38809230,38809.23,375,0,gap,19
5858,38813135,38813.135,297,0,gap,19
5859,38818178,38818.178,269,0,gap,19
5860,38828191,38828.191,404,0,gap,19
5861,38832086,38832.086,268,0,gap,19
5862,38838186,38838.186,287,0,gap,19
5863,38848179,38848.179,349,0,gap,19
5864,38852079,38852.079,240,0,gap,19
5865,38858182,38858.182,347,0,gap,19
5866,38868186,38868.186,287,0,gap,19
5867,38872107,38872.107,273,0,gap,19
5868,38878186,38878.186,328,0,gap,19
5869,38888178,38888.178,302,0,gap,19
5870,38892109,38892.109,303,0,gap,19
5871,38898177,38898.177,273,0,gap,19
5872,38908186,38908.186,349,0,gap,19
5873,38912122,38912.122,273,0,gap,19
5874,38916054,38916.054,233,0,gap,19
5875,38928179,38928.179,367,0,gap,19
5876,38932134,38932.134,227,0,gap,19
5877,38936082,38936.082,208,0,gap,19
5878,38948187,38948.187,333,0,gap,19
5879,38952175,38952.175,225,0,gap,19
5880,38956159,38956.159,245,0,gap,19
5881,38968182,38968.182,282,0,gap,19
5882,38972183,38972.183,240,0,gap,19
5883,38976179,38976.179,251,0,gap,19
5884,38988186,38988.186,282,0,gap,19
5885,38992192,38992.192,269,0,gap,19
5886,38996194,38996.194,229,0,gap,19
5887,39008178,39008.178,318,0,gap,19
5888,39012203,39012.203,240,0,gap,19
5889,39016220,39016.22,208,0,gap,19
5890,39028186,39028.186,331,0,gap,19
5891,39032216,39032.216,208,0,gap,19
5892,39036251,39036.251,193,0,gap,19
5893,39048177,39048.177,304,0,gap,19
5894,39052232,39052.232,176,0,gap,19
5895,39056292,39056.292,230,0,gap,19
5896,39068185,39068.185,261,0,gap,19
5897,39072260,39072.26,218,0,gap,19
5898,39076326,39076.326,229,0,gap,19
5899,39088177,39088.177,230,0,gap,19
5900,39092262,39092.262,231,0,gap,19
5901,39096341,39096.341,217,0,gap,19
5902,39108185,39108.185,287,0,gap,19
5903,39112283,39112.283,213,0,gap,19
5904,39116373,39116.373,173,0,gap,19
5905,39128177,39128.177,302,0,gap,19
5906,39132281,39132.281,181,0,gap,19
5907,39136376,39136.376,155,0,gap,19
5908,39148189,39148.189,287,0,gap,19
5909,39152303,39152.303,173,0,gap,19
5910,39156412,39156.412,188,0,gap,19
5911,39168177,39168.177,208,0,gap,19
5912,39172301,39172.301,195,0,gap,19
5913,39176419,39176.419,218,0,gap,19
5914,39188185,39188.185,227,0,gap,19
5915,39192314,39192.314,216,0,gap,19
5916,39196439,39196.439,176,0,gap,19
5917,39208177,39208.177,272,0,gap,19
5918,39212316,39212.316,186,0,gap,19
5919,39216460,39216.46,159,0,gap,19
5920,39223368,39223.368,225,0,gap,19
5921,39228169,39228.169,209,0,gap,19
5922,39238186,39238.186,190,0,gap,19
5923,39242074,39242.074,197,0,gap,19
5924,39248190,39248.19,178,0,gap,19
5925,39258178,39258.178,242,0,gap,19
5926,39262078,39262.078,181,0,gap,19
5927,39268178,39268.178,155,0,gap,19
5928,39278186,39278.186,260,0,gap,19
5929,39282101,39282.101,151,0,gap,19
5930,39288185,39288.185,150,0,gap,19
5931,39298178,39298.178,240,0,gap,19
5932,39302103,39302.103,123,0,gap,19
5933,39306029,39306.029,150,0,gap,19
5934,39318187,39318.187,191,0,gap,19
5935,39322131,39322.131,160,0,gap,19
5936,39326066,39326.066,182,0,gap,19
5937,39338179,39338.179,183,0,gap,19
5938,39342129,39342.129,178,0,gap,19
5939,39346071,39346.071,158,0,gap,19
5940,39358191,39358.191,254,0,gap,19
5941,39362177,39362.177,150,0,gap,19
5942,39366162,39366.162,112,0,gap,19
5943,39378178,39378.178,271,0,gap,19
5944,39382178,39382.178,118,0,gap,19
5945,39386177,39386.177,101,0,gap,19
5946,39398186,39398.186,217,0,gap,19
5947,39402191,39402.191,112,0,gap,19
5948,39406196,39406.196,146,0,gap,19
5949,39418178,39418.178,178,0,gap,19
5950,39422197,39422.197,142,0,gap,19
5951,39426221,39426.221,158,0,gap,19
5952,39438185,39438.185,177,0,gap,19
5953,39442215,39442.215,157,0,gap,19
5954,39446249,39446.249,141,0,gap,19
5955,39458177,39458.177,211,0,gap,19
5956,39462230,39462.23,144,0,gap,19
5957,39466283,39466.283,112,0,gap,19
5958,39478185,39478.185,416,1,pulse,20
5959,39482351,39482.351,4095,1,pulse,20
5960,39486362,39486.362,4095,1,pulse,20
5961,39498174,39498.174,4095,1,pulse,20
5962,39502192,39502.192,4095,1,pulse,20
5963,39506205,39506.205,4095,1,pulse,20
5964,39518182,39518.182,4095,0,gap,20
5965,39522432,39522.432,2973,0,gap,20
5966,39526535,39526.535,2832,0,gap,20
5967,39538178,39538.178,2785,0,gap,20
5968,39542292,39542.292,2730,0,gap,20
5969,39546397,39546.397,2692,0,gap,20
5970,39558186,39558.186,2667,0,gap,20
5971,39562310,39562.31,2637,0,gap,20
5972,39566428,39566.428,2629,0,gap,20
5973,39578178,39578.178,2559,0,gap,20
5974,39582311,39582.311,2541,0,gap,20
5975,39586440,39586.44,2535,0,gap,20
5976,39598190,39598.19,2503,0,gap,20
5977,39602333,39602.333,2496,0,gap,20
5978,39606467,39606.467,2463,0,gap,20
5979,39618178,39618.178,2441,0,gap,20
5980,39622327,39622.327,2421,0,gap,20
5981,39626475,39626.475,2422,0,gap,20
5982,39633391,39633.391,2379,0,gap,20
5983,39638178,39638.178,2384,0,gap,20
5984,39648187,39648.187,2339,0,gap,20
5985,39652078,39652.078,2314,0,gap,20
5986,39658187,39658.187,2299,0,gap,20
5987,39668179,39668.179,2282,0,gap,20
5988,39672087,39672.087,2275,0,gap,20
5989,39678179,39678.179,2242,0,gap,20
5990,39688187,39688.187,2220,0,gap,20
5991,39692110,39692.11,2201,0,gap,20
5992,39698191,39698.191,2179,0,gap,20
5993,39708179,39708.179,2159,0,gap,20
5994,39712112,39712.112,2157,0,gap,20
5995,39718178,39718.178,2116,0,gap,20
5996,39728187,39728.187,2081,0,gap,20
5997,39732134,39732.134,2075,0,gap,20
5998,39738186,39738.186,2058,0,gap,20
5999,39748179,39748.179,2031,0,gap,20
6000,39752132,39752.132,2037,0,gap,20
6001,39758178,39758.178,2000,0,gap,20
6002,39768187,39768.187,1975,0,gap,20
6003,39772192,39772.192,1978,0,gap,20
6004,39778186,39778.186,1933,0,gap,20
6005,39788179,39788.179,1939,0,gap,20
6006,39792179,39792.179,1914,0,gap,20
6007,39798178,39798.178,1897,0,gap,20
6008,39808191,39808.191,1870,0,gap,20
6009,39812212,39812.212,1845,0,gap,20
6010,39818186,39818.186,1834,0,gap,20
6011,39828179,39828.179,1819,0,gap,20
6012,39832199,39832.199,1791,0,gap,20
6013,39838178,39838.178,1801,0,gap,20
6014,39848186,39848.186,1755,0,gap,20
6015,39852233,39852.233,1743,0,gap,20
6016,39858186,39858.186,1734,0,gap,20
6017,39868178,39868.178,1693,0,gap,20
6018,39872231,39872.231,1720,0,gap,20
6019,39878178,39878.178,1680,0,gap,20
6020,39888186,39888.186,1649,0,gap,20
6021,39892268,39892.268,1634,0,gap,20
6022,39898186,39898.186,1603,0,gap,20
6023,39908178,39908.178,1623,0,gap,20
6024,39912270,39912.27,1591,0,gap,20
6025,39918178,39918.178,1561,0,gap,20
6026,39928186,39928.186,1561,0,gap,20
6027,39932288,39932.288,1525,0,gap,20
6028,39938185,39938.185,1522,0,gap,20
6029,39948178,39948.178,1506,0,gap,20
6030,39952285,39952.285,1478,0,gap,20
6031,39958177,39958.177,1491,0,gap,20
6032,39968186,39968.186,1441,0,gap,20
6033,39972307,39972.307,1438,0,gap,20
6034,39978185,39978.185,1426,0,gap,20
6035,39988178,39988.178,1419,0,gap,20
6036,39992301,39992.301,1402,0,gap,20
6037,39998177,39998.177,1372,0,gap,20
6038,40008186,40008.186,1382,0,gap,20
6039,40012330,40012.33,1345,0,gap,20
6040,40018189,40018.189,1316,0,gap,20
6041,40028178,40028.178,1339,0,gap,20
6042,40032320,40032.32,1309,0,gap,20
6043,40038169,40038.169,1271,0,gap,20
6044,40048186,40048.186,1281,0,gap,20
6045,40055140,40055.14,1255,0,gap,20
6046,40059042,40059.042,1235,0,gap,20
6047,40068178,40068.178,1216,0,gap,20
6048,40072071,40072.071,1229,0,gap,20
6049,40078178,40078.178,1203,0,gap,20
6050,40088186,40088.186,1199,0,gap,20
6051,40092104,40092.104,1189,0,gap,20
6052,40098186,40098.186,1169,0,gap,20
6053,40108178,40108.178,1182,0,gap,20
6054,40112103,40112.103,1136,0,gap,20
6055,40118178,40118.178,1115,0,gap,20
6056,40128190,40128.19,1136,0,gap,20
6057,40132128,40132.128,1095,0,gap,20
6058,40138186,40138.186,1094,0,gap,20
6059,40148178,40148.178,1075,0,gap,20
6060,40152123,40152.123,1060,0,gap,20
6061,40158178,40158.178,1066,0,gap,20
6062,40168186,40168.186,1047,0,gap,20
6063,40172145,40172.145,1023,0,gap,20
6064,40178186,40178.186,1023,0,gap,20
6065,40188178,40188.178,998,0,gap,20
6066,40192172,40192.172,994,0,gap,20
6067,40198177,40198.177,983,0,gap,20
6068,40208186,40208.186,976,0,gap,20
6069,40212190,40212.19,976,0,gap,20
6070,40218169,40218.169,944,0,gap,20
6071,40228177,40228.177,958,0,gap,20
6072,40232200,40232.2,915,0,gap,20
6073,40236209,40236.209,911,0,gap,20
6074,40248187,40248.187,929,0,gap,20
6075,40252214,40252.214,886,0,gap,20
6076,40256246,40256.246,895,0,gap,20
6077,40268179,40268.179,877,0,gap,20
6078,40272221,40272.221,890,0,gap,20
6079,40276259,40276.259,870,0,gap,20
6080,40288186,40288.186,848,0,gap,20
6081,40292243,40292.243,848,0,gap,20
6082,40296307,40296.307,835,0,gap,20
6083,40308178,40308.178,855,0,gap,20
6084,40312260,40312.26,830,0,gap,20
6085,40316338,40316.338,796,0,gap,20
6086,40328185,40328.185,829,0,gap,20
6087,40332277,40332.277,771,0,gap,20
6088,40336369,40336.369,768,0,gap,20
6089,40348177,40348.177,793,0,gap,20
6090,40352275,40352.275,734,0,gap,20
6091,40356372,40356.372,763,0,gap,20
6092,40368185,40368.185,750,0,gap,20
6093,40372297,40372.297,731,0,gap,20
6094,40376404,40376.404,741,0,gap,20
6095,40388177,40388.177,722,0,gap,20
6096,40392299,40392.299,726,0,gap,20
6097,40396415,40396.415,692,0,gap,20
6098,40408185,40408.185,733,0,gap,20
6099,40412316,40412.316,700,0,gap,20
6100,40416439,40416.439,667,0,gap,20
6101,40428177,40428.177,727,0,gap,20
6102,40432318,40432.318,654,0,gap,20
6103,40436454,40436.454,636,0,gap,20
6104,40448189,40448.189,686,0,gap,20
6105,40452340,40452.34,629,0,gap,20
6106,40456482,40456.482,660,0,gap,20
6107,40468177,40468.177,639,0,gap,20
6108,40475079,40475.079,656,0,gap,20
6109,40478982,40478.982,621,0,gap,20
6110,40488186,40488.186,646,0,gap,20
6111,40492082,40492.082,632,0,gap,20
6112,40498186,40498.186,608,0,gap,20
6113,40508178,40508.178,645,0,gap,20
6114,40512087,40512.087,599,0,gap,20
6115,40518177,40518.177,574,0,gap,20
6116,40528186,40528.186,634,0,gap,20
6117,40532106,40532.106,551,0,gap,20
6118,40536030,40536.03,554,0,gap,20
6119,40548179,40548.179,606,0,gap,20
6120,40552122,40552.122,531,0,gap,20
6121,40556053,40556.053,565,0,gap,20
6122,40568187,40568.187,565,0,gap,20
6123,40572132,40572.132,535,0,gap,20
6124,40576076,40576.076,553,0,gap,20
6125,40588179,40588.179,561,0,gap,20
6126,40592138,40592.138,541,0,gap,20
6127,40596093,40596.093,532,0,gap,20
6128,40608186,40608.186,589,0,gap,20
6129,40612178,40612.178,528,0,gap,20
6130,40616167,40616.167,486,0,gap,20
6131,40628178,40628.178,576,0,gap,20
6132,40632183,40632.183,487,0,gap,20
6133,40636187,40636.187,467,0,gap,20
6134,40648186,40648.186,530,0,gap,20
6135,40652204,40652.204,458,0,gap,20
6136,40656223,40656.223,491,0,gap,20
6137,40668177,40668.177,490,0,gap,20
6138,40672205,40672.205,458,0,gap,20
6139,40676230,40676.23,478,0,gap,20
6140,40688185,40688.185,496,0,gap,20
6141,40692225,40692.225,454,0,gap,20
6142,40696267,40696.267,432,0,gap,20
6143,40708177,40708.177,529,0,gap,20
6144,40712239,40712.239,439,0,gap,20
6145,40716302,40716.302,414,0,gap,20
6146,40728185,40728.185,506,0,gap,20
6147,40732269,40732.269,421,0,gap,20
6148,40736343,40736.343,393,0,gap,20
6149,40748177,40748.177,494,0,gap,20
6150,40752270,40752.27,387,0,gap,20
6151,40756359,40756.359,419,0,gap,20
6152,40768189,40768.189,418,0,gap,20
6153,40772288,40772.288,419,0,gap,20
6154,40776382,40776.382,411,0,gap,20
6155,40788177,40788.177,433,0,gap,20
6156,40792286,40792.286,427,0,gap,20
6157,40796394,40796.394,366,0,gap,20
6158,40808185,40808.185,465,0,gap,20
6159,40812308,40812.308,391,0,gap,20
6160,40816425,40816.425,368,0,gap,20
6161,40828177,40828.177,463,0,gap,20
6162,40832309,40832.309,341,0,gap,20
6163,40836437,40836.437,339,0,gap,20
6164,40848185,40848.185,435,0,gap,20
6165,40852323,40852.323,329,0,gap,20
6166,40856456,40856.456,386,0,gap,20
6167,40868177,40868.177,378,0,gap,20
6168,40872333,40872.333,359,0,gap,20
6169,40876480,40876.48,384,0,gap,20
6170,40883392,40883.392,350,0,gap,20
6171,40888165,40888.165,336,0,gap,20
6172,40898186,40898.186,393,0,gap,20
6173,40902077,40902.077,304,0,gap,20
6174,40908186,40908.186,384,0,gap,20
6175,40918178,40918.178,358,0,gap,20
6176,40922089,40922.089,346,0,gap,20
6177,40928178,40928.178,362,0,gap,20
6178,40938186,40938.186,366,0,gap,20
6179,40942112,40942.112,349,0,gap,20
6180,40948185,40948.185,349,0,gap,20
6181,40958178,40958.178,400,0,gap,20
6182,40962105,40962.105,320,0,gap,20
6183,40966042,40966.042,273,0,gap,20
6184,40978191,40978.191,419,0,gap,20
6185,40982142,40982.142,278,0,gap,20
6186,40986080,40986.08,282,0,gap,20
6187,40998179,40998.179,393,0,gap,20
6188,41002127,41002.127,260,0,gap,20
6189,41006084,41006.084,305,0,gap,20
6190,41018186,41018.186,329,0,gap,20
6191,41022187,41022.187,304,0,gap,20
6192,41026173,41026.173,310,0,gap,20
6193,41038178,41038.178,304,0,gap,20
6194,41042177,41042.177,304,0,gap,20
6195,41046183,41046.183,285,0,gap,20
6196,41058186,41058.186,371,0,gap,20
6197,41062202,41062.202,293,0,gap,20
6198,41066207,41066.207,251,0,gap,20
6199,41078177,41078.177,372,0,gap,20
6200,41082205,41082.205,243,0,gap,20
6201,41086233,41086.233,230,0,gap,20
6202,41098185,41098.185,343,0,gap,20
6203,41102230,41102.23,229,0,gap,20
6204,41106263,41106.263,269,0,gap,20
6205,41118177,41118.177,279,0,gap,20
6206,41122237,41122.237,262,0,gap,20
6207,41126301,41126.301,279,0,gap,20
6208,41138185,41138.185,288,0,gap,20
6209,41142266,41142.266,279,0,gap,20
6210,41146339,41146.339,241,0,gap,20
6211,41158177,41158.177,345,0,gap,20
6212,41162260,41162.26,246,0,gap,20
6213,41166350,41166.35,207,0,gap,20
6214,41178185,41178.185,352,0,gap,20
6215,41182294,41182.294,208,0,gap,20
6216,41186394,41186.394,193,0,gap,20
6217,41198177,41198.177,308,0,gap,20
6218,41202280,41202.28,204,0,gap,20
6219,41206385,41206.385,233,0,gap,20
6220,41218185,41218.185,262,0,gap,20
6221,41222309,41222.309,219,0,gap,20
6222,41226421,41226.421,254,0,gap,20
6223,41238177,41238.177,259,0,gap,20
6224,41242303,41242.303,245,0,gap,20
6225,41246432,41246.432,218,0,gap,20
6226,41258185,41258.185,304,0,gap,20
6227,41262329,41262.329,227,0,gap,20
6228,41266456,41266.456,167,0,gap,20
6229,41278177,41278.177,320,0,gap,20
6230,41282319,41282.319,172,0,gap,20
6231,41286467,41286.467,177,0,gap,20
6232,41298189,41298.189,272,0,gap,20
6233,41305143,41305.143,236,0,gap,20
6234,41309038,41309.038,223,0,gap,20
6235,41318178,41318.178,208,0,gap,20
6236,41322066,41322.066,195,0,gap,20
6237,41328178,41328.178,244,0,gap,20
6238,41338186,41338.186,221,0,gap,20
6239,41342098,41342.098,212,0,gap,20
6240,41348185,41348.185,207,0,gap,20
6241,41358178,41358.178,277,0,gap,20
6242,41362097,41362.097,198,0,gap,20
6243,41368165,41368.165,165,0,gap,20
6244,41378185,41378.185,304,0,gap,20
6245,41382119,41382.119,150,0,gap,20
6246,41386053,41386.053,144,0,gap,20
6247,41398179,41398.179,265,0,gap,20
6248,41402131,41402.131,134,0,gap,20
6249,41406075,41406.075,183,0,gap,20
6250,41418187,41418.187,209,0,gap,20
6251,41422141,41422.141,166,0,gap,20
6252,41426095,41426.095,194,0,gap,20
6253,41438178,41438.178,208,0,gap,20
6254,41442172,41442.172,187,0,gap,20
6255,41446165,41446.165,158,0,gap,20
6256,41458186,41458.186,262,0,gap,20
6257,41462194,41462.194,168,0,gap,20
6258,41466194,41466.194,137,0,gap,20
6259,41478178,41478.178,277,0,gap,20
6260,41482192,41482.192,141,0,gap,20
6261,41486201,41486.201,131,0,gap,20
6262,41498185,41498.185,224,0,gap,20
6263,41502217,41502.217,113,0,gap,20
6264,41506253,41506.253,164,0,gap,20
6265,41518177,41518.177,176,0,gap,20
6266,41522216,41522.216,162,0,gap,20
6267,41526250,41526.25,179,1,pulse,21
6268,41538190,41538.19,4095,1,pulse,21
6269,41542198,41542.198,4095,1,pulse,21
6270,41546200,41546.2,4095,1,pulse,21
6271,41558174,41558.174,4095,1,pulse,21
6272,41562191,41562.191,4095,1,pulse,21
6273,41566203,41566.203,4095,0,gap,21
6274,41578199,41578.199,2771,0,gap,21
6275,41582306,41582.306,2722,0,gap,21
6276,41586400,41586.4,2703,0,gap,21
6277,41598178,41598.178,2646,0,gap,21
6278,41602290,41602.29,2654,0,gap,21
6279,41606402,41606.402,2625,0,gap,21
6280,41618186,41618.186,2559,0,gap,21
6281,41622308,41622.308,2559,0,gap,21
6282,41626426,41626.426,2551,0,gap,21
6283,41638178,41638.178,2527,0,gap,21
6284,41642314,41642.314,2496,0,gap,21
6285,41646437,41646.437,2482,0,gap,21
6286,41658186,41658.186,2462,0,gap,21
6287,41662327,41662.327,2427,0,gap,21
6288,41666465,41666.465,2432,0,gap,21
6289,41678178,41678.178,2390,0,gap,21
6290,41682333,41682.333,2363,0,gap,21
6291,41686476,41686.476,2357,0,gap,21
6292,41698185,41698.185,2323,0,gap,21
6293,41702343,41702.343,2291,0,gap,21
6294,41706499,41706.499,2305,0,gap,21
6295,41718181,41718.181,2255,0,gap,21
6296,41725105,41725.105,2245,0,gap,21
6297,41729003,41729.003,2229,0,gap,21
6298,41738186,41738.186,2197,0,gap,21
6299,41742090,41742.09,2187,0,gap,21
6300,41748190,41748.19,2176,0,gap,21
6301,41758178,41758.178,2147,0,gap,21
6302,41762099,41762.099,2123,0,gap,21
6303,41768178,41768.178,2090,0,gap,21
6304,41778186,41778.186,2107,0,gap,21
6305,41782118,41782.118,2074,0,gap,21
6306,41788186,41788.186,2033,0,gap,21
6307,41798178,41798.178,2016,0,gap,21
6308,41802124,41802.124,2006,0,gap,21
6309,41808178,41808.178,1999,0,gap,21
6310,41818186,41818.186,1963,0,gap,21
6311,41822150,41822.15,1947,0,gap,21
6312,41828186,41828.186,1951,0,gap,21
6313,41838178,41838.178,1903,0,gap,21
6314,41842148,41842.148,1890,0,gap,21
6315,41848177,41848.177,1869,0,gap,21
6316,41858190,41858.19,1855,0,gap,21
6317,41862197,41862.197,1854,0,gap,21
6318,41868185,41868.185,1817,0,gap,21
6319,41878178,41878.178,1792,0,gap,21
6320,41882198,41882.198,1777,0,gap,21
6321,41888177,41888.177,1767,0,gap,21
6322,41898186,41898.186,1749,0,gap,21
6323,41902212,41902.212,1719,0,gap,21
6324,41908185,41908.185,1709,0,gap,21
6325,41918178,41918.178,1697,0,gap,21
6326,41922218,41922.218,1676,0,gap,21
6327,41928181,41928.181,1678,0,gap,21
6328,41938186,41938.186,1629,0,gap,21
6329,41942236,41942.236,1630,0,gap,21
6330,41948169,41948.169,1598,0,gap,21
6331,41958178,41958.178,1584,0,gap,21
6332,41962251,41962.251,1535,0,gap,21
6333,41966325,41966.325,1535,0,gap,21
6334,41978187,41978.187,1535,0,gap,21
6335,41982282,41982.282,1522,0,gap,21
6336,41986372,41986.372,1494,0,gap,21
6337,41998179,41998.179,1489,0,gap,21
6338,42002283,42002.283,1468,0,gap,21
6339,42006379,42006.379,1431,0,gap,21
6340,42018187,42018.187,1424,0,gap,21
6341,42022297,42022.297,1434,0,gap,21
6342,42026402,42026.402,1405,0,gap,21
6343,42038183,42038.183,1399,0,gap,21
6344,42042307,42042.307,1382,0,gap,21
6345,42046426,42046.426,1375,0,gap,21
6346,42058187,42058.187,1359,0,gap,21
6347,42062320,42062.32,1341,0,gap,21
6348,42066449,42066.449,1302,0,gap,21
6349,42078179,42078.179,1319,0,gap,21
6350,42082322,42082.322,1258,0,gap,21
6351,42086461,42086.461,1289,0,gap,21
6352,42098186,42098.186,1264,0,gap,21
6353,42102336,42102.336,1238,0,gap,21
6354,42106488,42106.488,1254,0,gap,21
6355,42118178,42118.178,1218,0,gap,21
6356,42122337,42122.337,1203,0,gap,21
6357,42126491,42126.491,1215,0,gap,21
6358,42138186,42138.186,1191,0,gap,21
6359,42145113,42145.113,1171,0,gap,21
6360,42149016,42149.016,1133,0,gap,21
6361,42158178,42158.178,1155,0,gap,21
6362,42162082,42162.082,1140,0,gap,21
6363,42168178,42168.178,1098,0,gap,21
6364,42178190,42178.19,1118,0,gap,21
6365,42182119,42182.119,1076,0,gap,21
6366,42188186,42188.186,1097,0,gap,21
6367,42198178,42198.178,1054,0,gap,21
6368,42202110,42202.11,1055,0,gap,21
6369,42208178,42208.178,1073,0,gap,21
6370,42218186,42218.186,1007,0,gap,21
6371,42222140,42222.14,1011,0,gap,21
6372,42228186,42228.186,1008,0,gap,21
6373,42238178,42238.178,994,0,gap,21
6374,42242130,42242.13,995,0,gap,21
6375,42248181,42248.181,961,0,gap,21
6376,42258186,42258.186,998,0,gap,21
6377,42262159,42262.159,943,0,gap,21
6378,42268185,42268.185,919,0,gap,21
6379,42278178,42278.178,951,0,gap,21
6380,42282187,42282.187,897,0,gap,21
6381,42286188,42286.188,885,0,gap,21
6382,42298187,42298.187,922,0,gap,21
6383,42302206,42302.206,866,0,gap,21
6384,42306220,42306.22,896,0,gap,21
6385,42318179,42318.179,859,0,gap,21
6386,42322208,42322.208,877,0,gap,21
6387,42326229,42326.229,855,0,gap,21
6388,42338186,42338.186,847,0,gap,21
6389,42342230,42342.23,857,0,gap,21
6390,42346269,42346.269,815,0,gap,21
6391,42358182,42358.182,848,0,gap,21
6392,42362236,42362.236,791,0,gap,21
6393,42366290,42366.29,768,0,gap,21
6394,42378186,42378.186,830,0,gap,21
6395,42382258,42382.258,758,0,gap,21
6396,42386341,42386.341,766,0,gap,21
6397,42398177,42398.177,785,0,gap,21
6398,42402267,42402.267,726,0,gap,21
6399,42406355,42406.355,752,0,gap,21
6400,42418185,42418.185,726,0,gap,21
6401,42422288,42422.288,734,0,gap,21
6402,42426391,42426.391,736,0,gap,21
6403,42438177,42438.177,741,0,gap,21
6404,42442286,42442.286,706,0,gap,21
6405,42446394,42446.394,683,0,gap,21
6406,42458185,42458.185,723,0,gap,21
6407,42462312,42462.312,682,0,gap,21
6408,42466430,42466.43,656,0,gap,21
6409,42478177,42478.177,723,0,gap,21
6410,42482306,42482.306,653,0,gap,21
6411,42486429,42486.429,643,0,gap,21
6412,42498189,42498.189,694,0,gap,21
6413,42502331,42502.331,624,0,gap,21
6414,42506465,42506.465,667,0,gap,21
6415,42518177,42518.177,626,0,gap,21
6416,42522329,42522.329,631,0,gap,21
6417,42526476,42526.476,637,0,gap,21
6418,42538185,42538.185,645,0,gap,21
6419,42542343,42542.343,624,0,gap,21
6420,42546500,42546.5,595,0,gap,21
6421,42558177,42558.177,641,0,gap,21
6422,42564955,42564.955,592,0,gap,21
6423,42568862,42568.862,571,0,gap,21
6424,42578186,42578.186,641,0,gap,21
6425,42582093,42582.093,560,0,gap,21
6426,42588185,42588.185,577,0,gap,21
6427,42598178,42598.178,579,0,gap,21
6428,42602102,42602.102,509,0,gap,21
6429,42608177,42608.177,591,0,gap,21
6430,42618185,42618.185,548,0,gap,21
6431,42622120,42622.12,560,0,gap,21
6432,42626052,42626.052,547,0,gap,21
6433,42638179,42638.179,559,0,gap,21
6434,42642132,42642.132,555,0,gap,21
6435,42646074,42646.074,525,0,gap,21
6436,42658187,42658.187,564,0,gap,21
6437,42662142,42662.142,510,0,gap,21
6438,42666097,42666.097,482,0,gap,21
6439,42678182,42678.182,581,0,gap,21
6440,42682152,42682.152,471,0,gap,21
6441,42686117,42686.117,474,0,gap,21
6442,42698186,42698.186,528,0,gap,21
6443,42702192,42702.192,432,0,gap,21
6444,42706192,42706.192,470,0,gap,21
6445,42718178,42718.178,477,0,gap,21
6446,42722189,42722.189,482,0,gap,21
6447,42726208,42726.208,467,0,gap,21
6448,42738185,42738.185,482,0,gap,21
6449,42742215,42742.215,464,0,gap,21
6450,42746239,42746.239,448,0,gap,21
6451,42758177,42758.177,523,0,gap,21
6452,42762213,42762.213,432,0,gap,21
6453,42766252,42766.252,407,0,gap,21
6454,42778185,42778.185,501,0,gap,21
6455,42782247,42782.247,415,0,gap,21
6456,42786296,42786.296,402,0,gap,21
6457,42798177,42798.177,464,0,gap,21
6458,42802247,42802.247,384,0,gap,21
6459,42806330,42806.33,404,0,gap,21
6460,42818189,42818.189,432,0,gap,21
6461,42822283,42822.283,422,0,gap,21
6462,42826368,42826.368,409,0,gap,21
6463,42838177,42838.177,434,0,gap,21
6464,42842277,42842.277,411,0,gap,21
6465,42846375,42846.375,386,0,gap,21
6466,42858185,42858.185,466,0,gap,21
6467,42862298,42862.298,379,0,gap,21
6468,42866399,42866.399,344,0,gap,21
6469,42878177,42878.177,448,0,gap,21
6470,42882292,42882.292,346,0,gap,21
6471,42886418,42886.418,338,0,gap,21
6472,42898185,42898.185,422,0,gap,21
6473,42902322,42902.322,333,0,gap,21
6474,42906442,42906.442,371,0,gap,21
6475,42918177,42918.177,384,0,gap,21
6476,42922316,42922.316,346,0,gap,21
6477,42926453,42926.453,359,0,gap,21
6478,42938185,42938.185,381,0,gap,21
6479,42942341,42942.341,368,0,gap,21
6480,42946485,42946.485,346,0,gap,21
6481,42958177,42958.177,416,0,gap,21
6482,42962335,42962.335,338,0,gap,21
6483,42966496,42966.496,289,0,gap,21
6484,42973407,42973.407,384,0,gap,21
6485,42978165,42978.165,335,0,gap,21
6486,42988186,42988.186,356,0,gap,21
6487,42992094,42992.094,351,0,gap,21
6488,42998186,42998.186,307,0,gap,21
6489,43008178,43008.178,393,0,gap,21
6490,43012094,43012.094,318,0,gap,21
6491,43018178,43018.178,285,0,gap,21
6492,43028190,43028.19,397,0,gap,21
6493,43032122,43032.122,272,0,gap,21
6494,43038185,43038.185,304,0,gap,21
6495,43048178,43048.178,354,0,gap,21
6496,43052123,43052.123,259,0,gap,21
6497,43056061,43056.061,307,0,gap,21
6498,43068187,43068.187,313,0,gap,21
6499,43072140,43072.14,288,0,gap,21
6500,43076088,43076.088,301,0,gap,21
6501,43088179,43088.179,330,0,gap,21
6502,43092141,43092.141,297,0,gap,21
6503,43096107,43096.107,277,0,gap,21
6504,43108186,43108.186,362,0,gap,21
6505,43112179,43112.179,277,0,gap,21
6506,43116174,43116.174,236,0,gap,21
6507,43128178,43128.178,396,0,gap,21
6508,43132194,43132.194,244,0,gap,21
6509,43136202,43136.202,230,0,gap,21
6510,43148186,43148.186,338,0,gap,21
6511,43152212,43152.212,240,0,gap,21
6512,43156233,43156.233,275,0,gap,21
6513,43168177,43168.177,274,0,gap,21
6514,43172214,43172.214,261,0,gap,21
6515,43176251,43176.251,270,0,gap,21
6516,43188185,43188.185,290,0,gap,21
6517,43192232,43192.232,270,0,gap,21
6518,43196279,43196.279,232,0,gap,21
6519,43208181,43208.181,330,0,gap,21
6520,43212251,43212.251,249,0,gap,21
6521,43216317,43216.317,208,0,gap,21
6522,43228185,43228.185,330,0,gap,21
6523,43232272,43232.272,205,0,gap,21
6524,43236358,43236.358,195,0,gap,21
6525,43248177,43248.177,304,0,gap,21
6526,43252273,43252.273,193,0,gap,21
6527,43256369,43256.369,239,0,gap,21
6528,43268185,43268.185,223,0,gap,21
6529,43272295,43272.295,214,0,gap,21
6530,43276404,43276.404,222,0,gap,21
6531,43288177,43288.177,271,0,gap,21
6532,43292297,43292.297,240,0,gap,21
6533,43296408,43296.408,192,0,gap,21
6534,43308185,43308.185,303,0,gap,21
6535,43312319,43312.319,220,0,gap,21
6536,43316443,43316.443,176,0,gap,21
6537,43328177,43328.177,324,0,gap,21
6538,43332312,43332.312,179,0,gap,21
6539,43336443,43336.443,176,0,gap,21
6540,43348189,43348.189,273,0,gap,21
6541,43352334,43352.334,165,0,gap,21
6542,43356479,43356.479,208,0,gap,21
6543,43368177,43368.177,211,0,gap,21
6544,43372336,43372.336,207,0,gap,21
6545,43376490,43376.49,219,0,gap,21
6546,43388185,43388.185,241,0,gap,21
6547,43395141,43395.141,240,0,gap,21
6548,43399046,43399.046,144,0,gap,21
6549,43408178,43408.178,267,0,gap,21
6550,43412079,43412.079,178,0,gap,21
6551,43418182,43418.182,151,0,gap,21
6552,43428186,43428.186,279,0,gap,21
6553,43432108,43432.108,162,0,gap,21
6554,43438185,43438.185,187,0,gap,21
6555,43448178,43448.178,249,0,gap,21
6556,43452111,43452.111,128,0,gap,21
6557,43458165,43458.165,239,0,gap,21
6558,43468185,43468.185,176,0,gap,21
6559,43472133,43472.133,151,0,gap,21
6560,43476076,43476.076,185,0,gap,21
6561,43488179,43488.179,217,0,gap,21
6562,43492137,43492.137,196,0,gap,21
6563,43496087,43496.087,145,0,gap,21
6564,43508187,43508.187,266,0,gap,21
6565,43512151,43512.151,170,0,gap,21
6566,43516114,43516.114,126,0,gap,21
6567,43528182,43528.182,273,0,gap,21
6568,43532185,43532.185,144,0,gap,21
6569,43536185,43536.185,122,0,gap,21
6570,43548186,43548.186,238,0,gap,21
6571,43552203,43552.203,114,0,gap,21
6572,43556217,43556.217,145,0,gap,21
6573,43568178,43568.178,177,0,gap,21
6574,43572202,43572.202,144,0,gap,21
6575,43576225,43576.225,171,0,gap,21
6576,43588185,43588.185,208,0,gap,21
6577,43592226,43592.226,176,0,gap,21
6578,43596264,43596.264,153,0,gap,21
6579,43608177,43608.177,238,0,gap,21
6580,43612226,43612.226,146,0,gap,21
6581,43616274,43616.274,109,0,gap,21
6582,43628185,43628.185,259,0,gap,21
6583,43632264,43632.264,112,0,gap,21
6584,43636338,43636.338,99,0,gap,21
6585,43648177,43648.177,222,0,gap,21
6586,43652265,43652.265,97,0,gap,21
6587,43656352,43656.352,135,0,gap,21
6588,43668189,43668.189,150,0,gap,21
6589,43672295,43672.295,141,0,gap,21
6590,43676388,43676.388,151,0,gap,21
6591,43688177,43688.177,193,1,pulse,22
6592,43692377,43692.377,4095,1,pulse,22
6593,43696434,43696.434,4095,1,pulse,22
6594,43708182,43708.182,4095,1,pulse,22
6595,43712241,43712.241,4095,1,pulse,22
6596,43716288,43716.288,4095,1,pulse,22
6597,43728174,43728.174,4095,0,gap,22
6598,43732462,43732.462,3091,0,gap,22
6599,43736607,43736.607,2969,0,gap,22
6600,43748186,43748.186,2746,0,gap,22
6601,43752341,43752.341,2721,0,gap,22
6602,43756484,43756.484,2701,0,gap,22
6603,43768182,43768.182,2630,0,gap,22
6604,43772339,43772.339,2624,0,gap,22
6605,43776500,43776.5,2620,0,gap,22
6606,43788186,43788.186,2578,0,gap,22
6607,43792361,43792.361,2559,0,gap,22
6608,43796523,43796.523,2519,0,gap,22
6609,43808178,43808.178,2499,0,gap,22
6610,43815113,43815.113,2483,0,gap,22
6611,43819026,43819.026,2457,0,gap,22
6612,43828186,43828.186,2443,0,gap,22
6613,43832103,43832.103,2423,0,gap,22
6614,43838186,43838.186,2413,0,gap,22
6615,43848178,43848.178,2384,0,gap,22
6616,43852113,43852.113,2350,0,gap,22
6617,43858178,43858.178,2335,0,gap,22
6618,43868186,43868.186,2320,0,gap,22
6619,43872136,43872.136,2294,0,gap,22
6620,43878186,43878.186,2290,0,gap,22
6621,43888178,43888.178,2259,0,gap,22
6622,43892142,43892.142,2246,0,gap,22
6623,43898178,43898.178,2224,0,gap,22
6624,43908186,43908.186,2218,0,gap,22
6625,43912160,43912.16,2176,0,gap,22
6626,43918186,43918.186,2149,0,gap,22
6627,43928178,43928.178,2147,0,gap,22
6628,43932158,43932.158,2118,0,gap,22
6629,43938177,43938.177,2115,0,gap,22
6630,43948186,43948.186,2065,0,gap,22
6631,43952203,43952.203,2064,0,gap,22
6632,43958185,43958.185,2069,0,gap,22
6633,43968178,43968.178,2003,0,gap,22
6634,43972208,43972.208,1986,0,gap,22
6635,43978181,43978.181,1994,0,gap,22
6636,43988186,43988.186,1970,0,gap,22
6637,43992226,43992.226,1945,0,gap,22
6638,43998185,43998.185,1904,0,gap,22
6639,44008178,44008.178,1904,0,gap,22
6640,44012231,44012.231,1899,0,gap,22
6641,44018169,44018.169,1860,0,gap,22
6642,44028186,44028.186,1840,0,gap,22
6643,44032250,44032.25,1833,0,gap,22
6644,44038169,44038.169,1823,0,gap,22
6645,44048178,44048.178,1777,0,gap,22
6646,44052264,44052.264,1776,0,gap,22
6647,44056349,44056.349,1759,0,gap,22
6648,44068187,44068.187,1726,0,gap,22
6649,44072292,44072.292,1727,0,gap,22
6650,44076404,44076.404,1709,0,gap,22
6651,44088183,44088.183,1697,0,gap,22
6652,44092297,44092.297,1662,0,gap,22
6653,44096407,44096.407,1639,0,gap,22
6654,44108187,44108.187,1632,0,gap,22
6655,44112311,44112.311,1635,0,gap,22
6656,44116430,44116.43,1605,0,gap,22
6657,44128179,44128.179,1601,0,gap,22
6658,44132312,44132.312,1555,0,gap,22
6659,44136441,44136.441,1535,0,gap,22
6660,44148187,44148.187,1535,0,gap,22
6661,44152330,44152.33,1527,0,gap,22
6662,44156473,44156.473,1497,0,gap,22
6663,44168179,44168.179,1471,0,gap,22
6664,44172332,44172.332,1472,0,gap,22
6665,44176480,44176.48,1477,0,gap,22
6666,44188186,44188.186,1456,0,gap,22
6667,44192353,44192.353,1447,0,gap,22
6668,44196511,44196.511,1407,0,gap,22
6669,44208178,44208.178,1394,0,gap,22
6670,44212351,44212.351,1366,0,gap,22
6671,44216519,44216.519,1362,0,gap,22
6672,44223452,44223.452,1345,0,gap,22
6673,44238178,44238.178,1345,0,gap,22
6674,44242089,44242.089,1305,0,gap,22
6675,44245996,44245.996,1302,0,gap,22
6676,44258186,44258.186,1294,0,gap,22
6677,44262113,44262.113,1265,0,gap,22
6678,44266041,44266.041,1252,0,gap,22
6679,44278178,44278.178,1247,0,gap,22
6680,44282116,44282.116,1220,0,gap,22
6681,44286051,44286.051,1190,0,gap,22
6682,44298186,44298.186,1200,0,gap,22
6683,44302143,44302.143,1171,0,gap,22
6684,44306087,44306.087,1198,0,gap,22
6685,44318178,44318.178,1152,0,gap,22
6686,44322138,44322.138,1149,0,gap,22
6687,44326102,44326.102,1147,0,gap,22
6688,44338186,44338.186,1152,0,gap,22
6689,44342168,44342.168,1127,0,gap,22
6690,44346133,44346.133,1095,0,gap,22
6691,44358178,44358.178,1088,0,gap,22
6692,44362160,44362.16,1088,0,gap,22
6693,44366173,44366.173,1034,0,gap,22
6694,44378186,44378.186,1091,0,gap,22
6695,44382212,44382.212,1038,0,gap,22
6696,44386228,44386.228,1019,0,gap,22
6697,44398178,44398.178,1014,0,gap,22
6698,44402208,44402.208,978,0,gap,22
6699,44406245,44406.245,1013,0,gap,22
6700,44418185,44418.185,976,0,gap,22
6701,44422232,44422.232,976,0,gap,22
6702,44426268,44426.268,979,0,gap,22
6703,44438177,44438.177,960,0,gap,22
6704,44442231,44442.231,944,0,gap,22
6705,44446292,44446.292,932,0,gap,22
6706,44458185,44458.185,956,0,gap,22
6707,44462261,44462.261,915,0,gap,22
6708,44466328,44466.328,880,0,gap,22
6709,44478177,44478.177,903,0,gap,22
6710,44482275,44482.275,866,0,gap,22
6711,44486372,44486.372,855,0,gap,22
6712,44498185,44498.185,839,0,gap,22
6713,44502296,44502.296,834,0,gap,22
6714,44506395,44506.395,843,0,gap,22
6715,44518181,44518.181,838,0,gap,22
6716,44522295,44522.295,823,0,gap,22
6717,44526411,44526.411,822,0,gap,22
6718,44538185,44538.185,822,0,gap,22
6719,44542316,44542.316,816,0,gap,22
6720,44546434,44546.434,781,0,gap,22
6721,44558177,44558.177,827,0,gap,22
6722,44562310,44562.31,774,0,gap,22
6723,44566446,44566.446,759,0,gap,22
6724,44578185,44578.185,801,0,gap,22
6725,44582336,44582.336,731,0,gap,22
6726,44586477,44586.477,734,0,gap,22
6727,44598177,44598.177,736,0,gap,22
6728,44602329,44602.329,704,0,gap,22
6729,44606485,44606.485,727,0,gap,22
6730,44618185,44618.185,717,0,gap,22
6731,44622359,44622.359,712,0,gap,22
6732,44626516,44626.516,706,0,gap,22
6733,44638169,44638.169,707,0,gap,22
6734,44642342,44642.342,691,0,gap,22
6735,44649322,44649.322,673,0,gap,22
6736,44653232,44653.232,662,0,gap,22
6737,44658177,44658.177,675,0,gap,22
6738,44668187,44668.187,644,0,gap,22
6739,44672116,44672.116,649,0,gap,22
6740,44678186,44678.186,653,0,gap,22
6741,44688179,44688.179,649,0,gap,22
6742,44692115,44692.115,631,0,gap,22
6743,44698178,44698.178,635,0,gap,22
6744,44708186,44708.186,673,0,gap,22
6745,44712140,44712.14,601,0,gap,22
6746,44718186,44718.186,586,0,gap,22
6747,44728182,44728.182,635,0,gap,22
6748,44732140,44732.14,586,0,gap,22
6749,44738177,44738.177,599,0,gap,22
6750,44748186,44748.186,595,0,gap,22
6751,44752161,44752.161,562,0,gap,22
6752,44758169,44758.169,609,0,gap,22
6753,44768177,44768.177,558,0,gap,22
6754,44772155,44772.155,566,0,gap,22
6755,44776147,44776.147,549,0,gap,22
6756,44788187,44788.187,574,0,gap,22
6757,44792211,44792.211,556,0,gap,22
6758,44796228,44796.228,509,0,gap,22
6759,44808178,44808.178,592,0,gap,22
6760,44812206,44812.206,524,0,gap,22
6761,44816237,44816.237,483,0,gap,22
6762,44828186,44828.186,587,0,gap,22
6763,44832235,44832.235,496,0,gap,22
6764,44836268,44836.268,479,0,gap,22
6765,44848178,44848.178,547,0,gap,22
6766,44852234,44852.234,460,0,gap,22
6767,44856285,44856.285,496,0,gap,22
6768,44868185,44868.185,487,0,gap,22
6769,44872255,44872.255,479,0,gap,22
6770,44876325,44876.325,490,0,gap,22
6771,44888177,44888.177,501,0,gap,22
6772,44892279,44892.279,482,0,gap,22
6773,44896371,44896.371,448,0,gap,22
6774,44908185,44908.185,522,0,gap,22
6775,44912291,44912.291,454,0,gap,22
6776,44916392,44916.392,403,0,gap,22
6777,44928177,44928.177,539,0,gap,22
6778,44932293,44932.293,400,0,gap,22
6779,44936408,44936.408,416,0,gap,22
6780,44948185,44948.185,474,0,gap,22
6781,44952310,44952.31,400,0,gap,22
6782,44956431,44956.431,432,0,gap,22
6783,44968177,44968.177,446,0,gap,22
6784,44972312,44972.312,430,0,gap,22
6785,44976446,44976.446,425,0,gap,22
6786,44988185,44988.185,442,0,gap,22
6787,44992330,44992.33,422,0,gap,22
6788,44996470,44996.47,400,0,gap,22
6789,45008177,45008.177,484,0,gap,22
6790,45012336,45012.336,381,0,gap,22
6791,45016485,45016.485,345,0,gap,22
6792,45028185,45028.185,466,0,gap,22
6793,45032349,45032.349,359,0,gap,22
6794,45036509,45036.509,358,0,gap,22
6795,45048173,45048.173,426,0,gap,22
6796,45052347,45052.347,352,0,gap,22
6797,45056520,45056.52,383,0,gap,22
6798,45063444,45063.444,386,0,gap,22
6799,45068165,45068.165,335,0,gap,22
6800,45078186,45078.186,435,0,gap,22
6801,45082107,45082.107,329,0,gap,22
6802,45088186,45088.186,379,0,gap,22
6803,45098178,45098.178,396,0,gap,22
6804,45102111,45102.111,307,0,gap,22
6805,45108177,45108.177,394,0,gap,22
6806,45118186,45118.186,346,0,gap,22
6807,45122130,45122.13,352,0,gap,22
6808,45128185,45128.185,374,0,gap,22
6809,45138178,45138.178,368,0,gap,22
6810,45142140,45142.14,368,0,gap,22
6811,45146099,45146.099,302,0,gap,22
6812,45158187,45158.187,414,0,gap,22
6813,45162156,45162.156,323,0,gap,22
6814,45166120,45166.12,282,0,gap,22
6815,45178179,45178.179,417,0,gap,22
6816,45182158,45182.158,274,0,gap,22
6817,45186137,45186.137,279,0,gap,22
6818,45198186,45198.186,378,0,gap,22
6819,45202202,45202.202,283,0,gap,22
6820,45206214,45206.214,320,0,gap,22
6821,45218178,45218.178,320,0,gap,22
6822,45222211,45222.211,309,0,gap,22
6823,45226235,45226.235,318,0,gap,22
6824,45238186,45238.186,334,0,gap,22
6825,45242224,45242.224,314,0,gap,22
6826,45246258,45246.258,278,0,gap,22
6827,45258182,45258.182,368,0,gap,22
6828,45262233,45262.233,275,0,gap,22
6829,45266282,45266.282,230,0,gap,22
6830,45278185,45278.185,389,0,gap,22
6831,45282248,45282.248,246,0,gap,22
6832,45286307,45286.307,260,0,gap,22
6833,45298177,45298.177,335,0,gap,22
6834,45302259,45302.259,230,0,gap,22
6835,45306341,45306.341,256,0,gap,22
6836,45318185,45318.185,279,0,gap,22
6837,45322288,45322.288,266,0,gap,22
6838,45326391,45326.391,270,0,gap,22
6839,45338177,45338.177,288,0,gap,22
6840,45342290,45342.29,275,0,gap,22
6841,45346398,45346.398,225,0,gap,22
6842,45358185,45358.185,356,0,gap,22
6843,45362312,45362.312,241,0,gap,22
6844,45366430,45366.43,192,0,gap,22
6845,45378177,45378.177,342,0,gap,22
6846,45382310,45382.31,208,0,gap,22
6847,45386437,45386.437,208,0,gap,22
6848,45398185,45398.185,309,0,gap,22
6849,45402331,45402.331,205,0,gap,22
6850,45406469,45406.469,247,0,gap,22
6851,45418177,45418.177,250,0,gap,22
6852,45422329,45422.329,234,0,gap,22
6853,45426476,45426.476,248,0,gap,22
6854,45438185,45438.185,270,0,gap,22
6855,45442347,45442.347,251,0,gap,22
6856,45446504,45446.504,229,0,gap,22
6857,45458177,45458.177,304,0,gap,22
6858,45462349,45462.349,222,0,gap,22
6859,45466519,45466.519,185,0,gap,22
6860,45473453,45473.453,273,0,gap,22
6861,45477390,45477.39,210,0,gap,22
6862,45488187,45488.187,251,0,gap,22
6863,45492100,45492.1,227,0,gap,22
6864,45498186,45498.186,206,0,gap,22
6865,45508178,45508.178,298,0,gap,22
6866,45512108,45512.108,208,0,gap,22
6867,45518177,45518.177,179,0,gap,22
6868,45528186,45528.186,310,0,gap,22
6869,45532127,45532.127,178,0,gap,22
6870,45538185,45538.185,214,0,gap,22
6871,45548178,45548.178,245,0,gap,22
6872,45552133,45552.133,151,0,gap,22
6873,45556085,45556.085,208,0,gap,22
6874,45568187,45568.187,221,0,gap,22
6875,45572158,45572.158,186,0,gap,22
6876,45576120,45576.12,186,0,gap,22
6877,45588179,45588.179,234,0,gap,22
6878,45592155,45592.155,201,0,gap,22
6879,45596127,45596.127,164,0,gap,22
6880,45608186,45608.186,279,0,gap,22
6881,45612197,45612.197,190,0,gap,22
6882,45616206,45616.206,138,0,gap,22
6883,45628178,45628.178,277,0,gap,22
6884,45632204,45632.204,145,0,gap,22
6885,45636226,45636.226,144,0,gap,22
6886,45648186,45648.186,231,0,gap,22
6887,45652222,45652.222,144,0,gap,22
6888,45656253,45656.253,182,0,gap,22
6889,45668177,45668.177,185,0,gap,22
6890,45672224,45672.224,185,0,gap,22
6891,45676275,45676.275,176,0,gap,22
6892,45688185,45688.185,223,0,gap,22
6893,45692246,45692.246,177,0,gap,22
6894,45696303,45696.303,144,0,gap,22
6895,45708177,45708.177,256,0,gap,22
6896,45712256,45712.256,154,0,gap,22
6897,45716341,45716.341,128,1,pulse,23
6898,45728190,45728.19,4095,1,pulse,23
6899,45732233,45732.233,4095,1,pulse,23
6900,45736263,45736.263,4095,1,pulse,23
6901,45748178,45748.178,4095,1,pulse,23
6902,45752222,45752.222,4095,1,pulse,23
6903,45756262,45756.262,4095,0,gap,23
6904,45768199,45768.199,2834,0,gap,23
6905,45772333,45772.333,2787,0,gap,23
6906,45776463,45776.463,2758,0,gap,23
6907,45788178,45788.178,2698,0,gap,23
6908,45792318,45792.318,2687,0,gap,23
6909,45796466,45796.466,2661,0,gap,23
6910,45808186,45808.186,2614,0,gap,23
6911,45812344,45812.344,2593,0,gap,23
6912,45816489,45816.489,2559,0,gap,23
6913,45828178,45828.178,2519,0,gap,23
6914,45832337,45832.337,2512,0,gap,23
6915,45836492,45836.492,2499,0,gap,23
6916,45848186,45848.186,2468,0,gap,23
6917,45852359,45852.359,2445,0,gap,23
6918,45856524,45856.524,2416,0,gap,23
6919,45868178,45868.178,2416,0,gap,23
6920,45872357,45872.357,2409,0,gap,23
6921,45876531,45876.531,2369,0,gap,23
6922,45888190,45888.19,2352,0,gap,23
6923,45895188,45895.188,2331,0,gap,23
6924,45899117,45899.117,2313,0,gap,23
6925,45908178,45908.178,2289,0,gap,23
6926,45912104,45912.104,2253,0,gap,23
6927,45918182,45918.182,2231,0,gap,23
6928,45928186,45928.186,2253,0,gap,23
6929,45932130,45932.13,2211,0,gap,23
6930,45938186,45938.186,2177,0,gap,23
6931,45948178,45948.178,2180,0,gap,23
6932,45952133,45952.133,2142,0,gap,23
6933,45958178,45958.178,2142,0,gap,23
6934,45968186,45968.186,2107,0,gap,23
6935,45972155,45972.155,2102,0,gap,23
6936,45978186,45978.186,2071,0,gap,23
6937,45988178,45988.178,2063,0,gap,23
6938,45992162,45992.162,2032,0,gap,23
6939,45998178,45998.178,1999,0,gap,23
6940,46008186,46008.186,1990,0,gap,23
6941,46012175,46012.175,1955,0,gap,23
6942,46018186,46018.186,1957,0,gap,23
6943,46028182,46028.182,1936,0,gap,23
6944,46032213,46032.213,1914,0,gap,23
6945,46038177,46038.177,1909,0,gap,23
6946,46048186,46048.186,1877,0,gap,23
6947,46052225,46052.225,1858,0,gap,23
6948,46058185,46058.185,1845,0,gap,23
6949,46068178,46068.178,1829,0,gap,23
6950,46072227,46072.227,1827,0,gap,23
6951,46078177,46078.177,1788,0,gap,23
6952,46088186,46088.186,1762,0,gap,23
6953,46092248,46092.248,1762,0,gap,23
6954,46098189,46098.189,1744,0,gap,23
6955,46108178,46108.178,1723,0,gap,23
6956,46112251,46112.251,1687,0,gap,23
6957,46118169,46118.169,1666,0,gap,23
6958,46128186,46128.186,1666,0,gap,23
6959,46132282,46132.282,1627,0,gap,23
6960,46136380,46136.38,1623,0,gap,23
6961,46148179,46148.179,1597,0,gap,23
6962,46152292,46152.292,1584,0,gap,23
6963,46156401,46156.401,1587,0,gap,23
6964,46168187,46168.187,1554,0,gap,23
6965,46172314,46172.314,1530,0,gap,23
6966,46176432,46176.432,1523,0,gap,23
6967,46188179,46188.179,1511,0,gap,23
6968,46192312,46192.312,1499,0,gap,23
6969,46196439,46196.439,1462,0,gap,23
6970,46208191,46208.191,1456,0,gap,23
6971,46212333,46212.333,1433,0,gap,23
6972,46216471,46216.471,1415,0,gap,23
6973,46228179,46228.179,1426,0,gap,23
6974,46232331,46232.331,1379,0,gap,23
6975,46236482,46236.482,1378,0,gap,23
6976,46248187,46248.187,1362,0,gap,23
6977,46252348,46252.348,1364,0,gap,23
6978,46256506,46256.506,1346,0,gap,23
6979,46268179,46268.179,1318,0,gap,23
6980,46272350,46272.35,1314,0,gap,23
6981,46276521,46276.521,1296,0,gap,23
6982,46288186,46288.186,1273,0,gap,23
6983,46292368,46292.368,1267,0,gap,23
6984,46296545,46296.545,1232,0,gap,23
6985,46308178,46308.178,1242,0,gap,23
6986,46315127,46315.127,1213,0,gap,23
6987,46319046,46319.046,1199,0,gap,23
6988,46328186,46328.186,1216,0,gap,23
6989,46332113,46332.113,1168,0,gap,23
6990,46338186,46338.186,1168,0,gap,23
6991,46348182,46348.182,1168,0,gap,23
6992,46352127,46352.127,1132,0,gap,23
6993,46358178,46358.178,1145,0,gap,23
6994,46368186,46368.186,1110,0,gap,23
6995,46372142,46372.142,1115,0,gap,23
6996,46378186,46378.186,1104,0,gap,23
6997,46388178,46388.178,1081,0,gap,23
6998,46392149,46392.149,1077,0,gap,23
6999,46398178,46398.178,1046,0,gap,23
7000,46408186,46408.186,1068,0,gap,23
7001,46412166,46412.166,1021,0,gap,23
7002,46418190,46418.19,1015,0,gap,23
7003,46428178,46428.178,1023,0,gap,23
7004,46432168,46432.168,976,0,gap,23
7005,46438177,46438.177,1007,0,gap,23
7006,46448186,46448.186,964,0,gap,23
7007,46452216,46452.216,956,0,gap,23
7008,46458185,46458.185,979,0,gap,23
7009,46468178,46468.178,930,0,gap,23
7010,46472217,46472.217,939,0,gap,23
7011,46476251,46476.251,919,0,gap,23
7012,46488187,46488.187,925,0,gap,23
7013,46492240,46492.24,911,0,gap,23
7014,46496284,46496.284,883,0,gap,23
7015,46508179,46508.179,917,0,gap,23
7016,46512241,46512.241,847,0,gap,23
7017,46516300,46516.3,848,0,gap,23
7018,46528190,46528.19,871,0,gap,23
7019,46532264,46532.264,819,0,gap,23
7020,46536336,46536.336,835,0,gap,23
7021,46548178,46548.178,843,0,gap,23
7022,46552270,46552.27,798,0,gap,23
7023,46556367,46556.367,823,0,gap,23
7024,46568186,46568.186,795,0,gap,23
7025,46572299,46572.299,789,0,gap,23
7026,46576408,46576.408,786,0,gap,23
7027,46588177,46588.177,789,0,gap,23
7028,46592301,46592.301,779,0,gap,23
7029,46596423,46596.423,755,0,gap,23
7030,46608185,46608.185,794,0,gap,23
7031,46612318,46612.318,735,0,gap,23
7032,46616446,46616.446,716,0,gap,23
7033,46628177,46628.177,746,0,gap,23
7034,46632324,46632.324,704,0,gap,23
7035,46636462,46636.462,691,0,gap,23
7036,46648185,46648.185,721,0,gap,23
7037,46652338,46652.338,683,0,gap,23
7038,46656485,46656.485,699,0,gap,23
7039,46668181,46668.181,667,0,gap,23
7040,46672343,46672.343,683,0,gap,23
7041,46676501,46676.501,677,0,gap,23
7042,46688185,46688.185,694,0,gap,23
7043,46692357,46692.357,675,0,gap,23
7044,46696524,46696.524,634,0,gap,23
7045,46708169,46708.169,688,0,gap,23
7046,46712359,46712.359,622,0,gap,23
7047,46716540,46716.54,621,0,gap,23
7048,46723481,46723.481,657,0,gap,23
7049,46727430,46727.43,624,0,gap,23
7050,46738191,46738.191,631,0,gap,23
7051,46742115,46742.115,625,0,gap,23
7052,46748186,46748.186,591,0,gap,23
7053,46758178,46758.178,656,0,gap,23
7054,46762119,46762.119,593,0,gap,23
7055,46768182,46768.182,572,0,gap,23
7056,46778186,46778.186,619,0,gap,23
7057,46782138,46782.138,554,0,gap,23
7058,46788185,46788.185,591,0,gap,23
7059,46798178,46798.178,579,0,gap,23
7060,46802139,46802.139,535,0,gap,23
7061,46806109,46806.109,562,0,gap,23
7062,46818187,46818.187,542,0,gap,23
7063,46822167,46822.167,539,0,gap,23
7064,46826135,46826.135,550,0,gap,23
7065,46838179,46838.179,581,0,gap,23
7066,46842165,46842.165,521,0,gap,23
7067,46846151,46846.151,490,0,gap,23
7068,46858186,46858.186,576,0,gap,23
7069,46862216,46862.216,501,0,gap,23
7070,46866232,46866.232,466,0,gap,23
7071,46878182,46878.182,534,0,gap,23
7072,46882215,46882.215,478,0,gap,23
7073,46886251,46886.251,477,0,gap,23
7074,46898186,46898.186,527,0,gap,23
7075,46902236,46902.236,464,0,gap,23
7076,46906274,46906.274,496,0,gap,23
7077,46918177,46918.177,469,0,gap,23
7078,46922231,46922.231,475,0,gap,23
7079,46926292,46926.292,476,0,gap,23
7080,46938185,46938.185,496,0,gap,23
7081,46942260,46942.26,467,0,gap,23
7082,46946326,46946.326,426,0,gap,23
7083,46958177,46958.177,511,0,gap,23
7084,46962263,46962.263,419,0,gap,23
7085,46966357,46966.357,391,0,gap,23
7086,46978185,46978.185,501,0,gap,23
7087,46982304,46982.304,386,0,gap,23
7088,46986406,46986.406,406,0,gap,23
7089,46998177,46998.177,464,0,gap,23
7090,47002294,47002.294,387,0,gap,23
7091,47006414,47006.414,429,0,gap,23
7092,47018185,47018.185,422,0,gap,23
7093,47022323,47022.323,401,0,gap,23
7094,47026445,47026.445,411,0,gap,23
7095,47038177,47038.177,446,0,gap,23
7096,47042313,47042.313,407,0,gap,23
7097,47046452,47046.452,363,0,gap,23
7098,47058189,47058.189,474,0,gap,23
7099,47062343,47062.343,385,0,gap,23
7100,47066484,47066.484,339,0,gap,23
7101,47078177,47078.177,464,0,gap,23
7102,47082333,47082.333,350,0,gap,23
7103,47086495,47086.495,353,0,gap,23
7104,47098185,47098.185,423,0,gap,23
7105,47102358,47102.358,341,0,gap,23
7106,47106519,47106.519,384,0,gap,23
7107,47118169,47118.169,362,0,gap,23
7108,47122344,47122.344,364,0,gap,23
7109,47126526,47126.526,351,0,gap,23
7110,47138173,47138.173,384,0,gap,23
7111,47145163,47145.163,384,0,gap,23
7112,47149089,47149.089,301,0,gap,23
7113,47158177,47158.177,411,0,gap,23
7114,47162103,47162.103,320,0,gap,23
7115,47168178,47168.178,319,0,gap,23
7116,47178186,47178.186,398,0,gap,23
7117,47182128,47182.128,295,0,gap,23
7118,47188185,47188.185,347,0,gap,23
7119,47198182,47198.182,362,0,gap,23
7120,47202135,47202.135,288,0,gap,23
7121,47206086,47206.086,345,0,gap,23
7122,47218187,47218.187,320,0,gap,23
7123,47222154,47222.154,320,0,gap,23
7124,47226118,47226.118,331,0,gap,23
7125,47238179,47238.179,361,0,gap,23
7126,47242157,47242.157,310,0,gap,23
7127,47246130,47246.13,270,0,gap,23
7128,47258186,47258.186,384,0,gap,23
7129,47262174,47262.174,272,0,gap,23
7130,47266162,47266.162,259,0,gap,23
7131,47278178,47278.178,374,0,gap,23
7132,47282202,47282.202,259,0,gap,23
7133,47286224,47286.224,254,0,gap,23
7134,47298186,47298.186,349,0,gap,23
7135,47302228,47302.228,251,0,gap,23
7136,47306261,47306.261,293,0,gap,23
7137,47318177,47318.177,279,0,gap,23
7138,47322225,47322.225,289,0,gap,23
7139,47326268,47326.268,282,0,gap,23
7140,47338185,47338.185,335,0,gap,23
7141,47342251,47342.251,264,0,gap,23
7142,47346312,47346.312,241,0,gap,23
7143,47358177,47358.177,358,0,gap,23
7144,47362249,47362.249,243,0,gap,23
7145,47366317,47366.317,202,0,gap,23
7146,47378189,47378.189,352,0,gap,23
7147,47382284,47382.284,218,0,gap,23
7148,47386386,47386.386,223,0,gap,23
7149,47398177,47398.177,304,0,gap,23
7150,47402289,47402.289,217,0,gap,23
7151,47406401,47406.401,257,0,gap,23
7152,47418185,47418.185,262,0,gap,23
7153,47422307,47422.307,271,0,gap,23
7154,47426424,47426.424,261,0,gap,23
7155,47438177,47438.177,286,0,gap,23
7156,47442309,47442.309,252,0,gap,23
7157,47446440,47446.44,208,0,gap,23
7158,47458185,47458.185,327,0,gap,23
7159,47462326,47462.326,208,0,gap,23
7160,47466463,47466.463,171,0,gap,23
7161,47478177,47478.177,325,0,gap,23
7162,47482332,47482.332,182,0,gap,23
7163,47486479,47486.479,208,0,gap,23
7164,47498185,47498.185,269,0,gap,23
7165,47502346,47502.346,193,0,gap,23
7166,47506502,47506.502,240,0,gap,23
7167,47518181,47518.181,231,0,gap,23
7168,47522352,47522.352,226,0,gap,23
7169,47526518,47526.518,221,0,gap,23
7170,47538173,47538.173,265,0,gap,23
7171,47542353,47542.353,222,0,gap,23
7172,47546525,47546.525,180,0,gap,23
7173,47558169,47558.169,298,0,gap,23
7174,47565107,47565.107,208,0,gap,23
7175,47569029,47569.029,176,0,gap,23
7176,47578185,47578.185,1008,1,pulse,24
7177,47582209,47582.209,4095,1,pulse,24
7178,47588182,47588.182,4095,1,pulse,24
7179,47598175,47598.175,4095,1,pulse,24
7180,47602048,47602.048,4095,1,pulse,24
7181,47608174,47608.174,4095,1,pulse,24
7182,47618183,47618.183,4095,0,gap,24
7183,47622302,47622.302,2927,0,gap,24
7184,47628186,47628.186,2818,0,gap,24
7185,47638179,47638.179,2758,0,gap,24
7186,47642154,47642.154,2706,0,gap,24
7187,47648178,47648.178,2665,0,gap,24
7188,47658187,47658.187,2635,0,gap,24
7189,47662176,47662.176,2608,0,gap,24
7190,47668186,47668.186,2606,0,gap,24
7191,47678179,47678.179,2542,0,gap,24
7192,47682174,47682.174,2535,0,gap,24
7193,47688178,47688.178,2532,0,gap,24
7194,47698187,47698.187,2482,0,gap,24
7195,47702224,47702.224,2470,0,gap,24
7196,47708186,47708.186,2454,0,gap,24
7197,47718179,47718.179,2442,0,gap,24
7198,47722224,47722.224,2399,0,gap,24
7199,47728178,47728.178,2378,0,gap,24
7200,47738186,47738.186,2371,0,gap,24
7201,47742246,47742.246,2361,0,gap,24
7202,47748186,47748.186,2320,0,gap,24
7203,47758178,47758.178,2294,0,gap,24
7204,47762257,47762.257,2283,0,gap,24
7205,47768178,47768.178,2276,0,gap,24
7206,47778186,47778.186,2256,0,gap,24
7207,47782270,47782.27,2227,0,gap,24
7208,47788186,47788.186,2219,0,gap,24
7209,47798178,47798.178,2167,0,gap,24
7210,47802280,47802.28,2176,0,gap,24
7211,47808177,47808.177,2143,0,gap,24
7212,47818186,47818.186,2112,0,gap,24
7213,47822306,47822.306,2096,0,gap,24
7214,47828189,47828.189,2082,0,gap,24
7215,47838178,47838.178,2065,0,gap,24
7216,47842312,47842.312,2030,0,gap,24
7217,47848177,47848.177,2018,0,gap,24
7218,47858186,47858.186,1997,0,gap,24
7219,47862325,47862.325,2005,0,gap,24
7220,47868185,47868.185,1967,0,gap,24
7221,47878178,47878.178,1939,0,gap,24
7222,47882327,47882.327,1910,0,gap,24
7223,47888177,47888.177,1914,0,gap,24
7224,47898186,47898.186,1889,0,gap,24
7225,47902349,47902.349,1875,0,gap,24
7226,47908185,47908.185,1858,0,gap,24
7227,47918178,47918.178,1827,0,gap,24
7228,47922347,47922.347,1833,0,gap,24
7229,47928169,47928.169,1797,0,gap,24
7230,47938190,47938.19,1776,0,gap,24
7231,47942372,47942.372,1767,0,gap,24
7232,47946550,47946.55,1755,0,gap,24
7233,47958179,47958.179,1729,0,gap,24
7234,47962367,47962.367,1701,0,gap,24
7235,47966555,47966.555,1682,0,gap,24
7236,47978187,47978.187,1686,0,gap,24
7237,47985145,47985.145,1671,0,gap,24
7238,47989071,47989.071,1665,0,gap,24
7239,47998178,47998.178,1611,0,gap,24
7240,48002111,48002.111,1605,0,gap,24
7241,48008178,48008.178,1604,0,gap,24
7242,48018186,48018.186,1561,0,gap,24
7243,48022141,48022.141,1559,0,gap,24
7244,48028186,48028.186,1554,0,gap,24
7245,48038178,48038.178,1520,0,gap,24
7246,48042140,48042.14,1494,0,gap,24
7247,48048178,48048.178,1490,0,gap,24
7248,48058186,48058.186,1470,0,gap,24
7249,48062170,48062.17,1456,0,gap,24
7250,48068186,48068.186,1427,0,gap,24
7251,48078178,48078.178,1424,0,gap,24
7252,48082164,48082.164,1395,0,gap,24
7253,48088178,48088.178,1393,0,gap,24
7254,48098186,48098.186,1383,0,gap,24
7255,48102190,48102.19,1360,0,gap,24
7256,48108185,48108.185,1371,0,gap,24
7257,48118178,48118.178,1322,0,gap,24
7258,48122207,48122.207,1328,0,gap,24
7259,48128177,48128.177,1307,0,gap,24
7260,48138186,48138.186,1303,0,gap,24
7261,48142240,48142.24,1279,0,gap,24
7262,48148189,48148.189,1247,0,gap,24
7263,48158178,48158.178,1262,0,gap,24
7264,48162234,48162.234,1247,0,gap,24
7265,48168177,48168.177,1210,0,gap,24
7266,48178186,48178.186,1219,0,gap,24
7267,48182259,48182.259,1174,0,gap,24
7268,48188185,48188.185,1197,0,gap,24
7269,48198178,48198.178,1170,0,gap,24
7270,48202254,48202.254,1146,0,gap,24
7271,48208165,48208.165,1164,0,gap,24
7272,48218186,48218.186,1132,0,gap,24
7273,48222292,48222.292,1118,0,gap,24
7274,48226392,48226.392,1104,0,gap,24
7275,48238179,48238.179,1109,0,gap,24
7276,48242296,48242.296,1089,0,gap,24
7277,48246415,48246.415,1071,0,gap,24
7278,48258191,48258.191,1073,0,gap,24
7279,48262329,48262.329,1023,0,gap,24
7280,48266454,48266.454,1013,0,gap,24
7281,48278179,48278.179,1035,0,gap,24
7282,48282315,48282.315,979,0,gap,24
7283,48286453,48286.453,994,0,gap,24
7284,48298187,48298.187,986,0,gap,24
7285,48302339,48302.339,953,0,gap,24
7286,48306479,48306.479,980,0,gap,24
7287,48318178,48318.178,956,0,gap,24
7288,48322337,48322.337,960,0,gap,24
7289,48326498,48326.498,915,0,gap,24
7290,48338186,48338.186,944,0,gap,24
7291,48342358,48342.358,912,0,gap,24
7292,48346522,48346.522,897,0,gap,24
7293,48358178,48358.178,922,0,gap,24
7294,48362356,48362.356,894,0,gap,24
7295,48366537,48366.537,866,0,gap,24
7296,48378185,48378.185,880,0,gap,24
7297,48382377,48382.377,845,0,gap,24
7298,48386556,48386.556,849,0,gap,24
7299,48398169,48398.169,832,0,gap,24
7300,48405110,48405.11,846,0,gap,24
7301,48409046,48409.046,821,0,gap,24
7302,48418185,48418.185,802,0,gap,24
7303,48422126,48422.126,815,0,gap,24
7304,48428185,48428.185,784,0,gap,24
7305,48438178,48438.178,806,0,gap,24
7306,48442131,48442.131,777,0,gap,24
7307,48448177,48448.177,758,0,gap,24
7308,48458186,48458.186,786,0,gap,24
7309,48462146,48462.146,720,0,gap,24
7310,48466108,48466.108,720,0,gap,24
7311,48478179,48478.179,753,0,gap,24
7312,48482158,48482.158,705,0,gap,24
7313,48486132,48486.132,720,0,gap,24
7314,48498187,48498.187,716,0,gap,24
7315,48502176,48502.176,701,0,gap,24
7316,48506165,48506.165,714,0,gap,24
7317,48518178,48518.178,681,0,gap,24
7318,48522174,48522.174,709,0,gap,24
7319,48526168,48526.168,698,0,gap,24
7320,48538186,48538.186,705,0,gap,24
7321,48542225,48542.225,664,0,gap,24
7322,48546251,48546.251,631,0,gap,24
7323,48558178,48558.178,700,0,gap,24
7324,48562219,48562.219,631,0,gap,24
7325,48566267,48566.267,601,0,gap,24
7326,48578190,48578.19,659,0,gap,24
7327,48582252,48582.252,605,0,gap,24
7328,48586303,48586.303,592,0,gap,24
7329,48598177,48598.177,635,0,gap,24
7330,48602243,48602.243,592,0,gap,24
7331,48606312,48606.312,618,0,gap,24
7332,48618185,48618.185,614,0,gap,24
7333,48622273,48622.273,593,0,gap,24
7334,48626348,48626.348,589,0,gap,24
7335,48638177,48638.177,611,0,gap,24
7336,48642275,48642.275,593,0,gap,24
7337,48646388,48646.388,555,0,gap,24
7338,48658185,48658.185,626,0,gap,24
7339,48662308,48662.308,550,0,gap,24
7340,48666423,48666.423,531,0,gap,24
7341,48678177,48678.177,594,0,gap,24
7342,48682306,48682.306,496,0,gap,24
7343,48686438,48686.438,511,0,gap,24
7344,48698185,48698.185,560,0,gap,24
7345,48702328,48702.328,502,0,gap,24
7346,48706462,48706.462,535,0,gap,24
7347,48718177,48718.177,526,0,gap,24
7348,48722330,48722.33,531,0,gap,24
7349,48726477,48726.477,525,0,gap,24
7350,48738185,48738.185,551,0,gap,24
7351,48742351,48742.351,503,0,gap,24
7352,48746504,48746.504,469,0,gap,24
7353,48758177,48758.177,565,0,gap,24
7354,48762341,48762.341,471,0,gap,24
7355,48766512,48766.512,439,0,gap,24
7356,48778173,48778.173,534,0,gap,24
7357,48782359,48782.359,425,0,gap,24
7358,48786536,48786.536,464,0,gap,24
7359,48798169,48798.169,467,0,gap,24
7360,48802356,48802.356,439,0,gap,24
7361,48806547,48806.547,455,0,gap,24
7362,48818173,48818.173,443,0,gap,24
7363,48825130,48825.13,486,0,gap,24
7364,48829062,48829.062,422,0,gap,24
7365,48838177,48838.177,464,0,gap,24
7366,48842106,48842.106,429,0,gap,24
7367,48848177,48848.177,432,0,gap,24
7368,48858186,48858.186,490,0,gap,24
7369,48862143,48862.143,404,0,gap,24
7370,48868185,48868.185,406,0,gap,24
7371,48878178,48878.178,462,0,gap,24
7372,48882138,48882.138,356,0,gap,24
7373,48886102,48886.102,379,0,gap,24
7374,48898191,48898.191,409,0,gap,24
7375,48902174,48902.174,370,0,gap,24
7376,48906144,48906.144,401,0,gap,24
7377,48918179,48918.179,412,0,gap,24
7378,48922160,48922.16,388,0,gap,24
7379,48926144,48926.144,386,0,gap,24
7380,48938186,48938.186,432,0,gap,24
7381,48942185,48942.185,399,0,gap,24
7382,48946176,48946.176,342,0,gap,24
7383,48958178,48958.178,455,0,gap,24
7384,48962207,48962.207,331,0,gap,24
7385,48966244,48966.244,310,0,gap,24
7386,48978186,48978.186,432,0,gap,24
7387,48982230,48982.23,320,0,gap,24
7388,48986274,48986.274,340,0,gap,24
7389,48998177,48998.177,379,0,gap,24
7390,49002236,49002.236,324,0,gap,24
7391,49006290,49006.29,378,0,gap,24
7392,49018185,49018.185,370,0,gap,24
7393,49022253,49022.253,361,0,gap,24
7394,49026317,49026.317,325,0,gap,24
7395,49038177,49038.177,393,0,gap,24
7396,49042261,49042.261,335,0,gap,24
7397,49046339,49046.339,306,0,gap,24
7398,49058185,49058.185,417,0,gap,24
7399,49062287,49062.287,313,0,gap,24
7400,49066401,49066.401,272,0,gap,24
7401,49078177,49078.177,397,0,gap,24
7402,49082296,49082.296,266,0,gap,24
7403,49086410,49086.41,303,0,gap,24
7404,49098185,49098.185,338,0,gap,24
7405,49102314,49102.314,286,0,gap,24
7406,49106445,49106.445,330,0,gap,24
7407,49118177,49118.177,320,0,gap,24
7408,49122319,49122.319,311,0,gap,24
7409,49126457,49126.457,302,0,gap,24
7410,49138185,49138.185,357,0,gap,24
7411,49142333,49142.333,297,0,gap,24
7412,49146480,49146.48,259,0,gap,24
7413,49158177,49158.177,368,0,gap,24
7414,49162335,49162.335,253,0,gap,24
7415,49166492,49166.492,236,0,gap,24
7416,49178185,49178.185,371,0,gap,24
7417,49182357,49182.357,230,0,gap,24
7418,49186523,49186.523,276,0,gap,24
7419,49198169,49198.169,313,0,gap,24
7420,49202346,49202.346,238,0,gap,24
7421,49206523,49206.523,288,0,gap,24
7422,49218177,49218.177,266,0,gap,24
7423,49222368,49222.368,276,0,gap,24
7424,49226554,49226.554,258,0,gap,24
7425,49238169,49238.169,336,0,gap,24
7426,49245116,49245.116,288,0,gap,24
7427,49249042,49249.042,192,0,gap,24
7428,49258185,49258.185,339,0,gap,24
7429,49262118,49262.118,213,0,gap,24
7430,49268185,49268.185,235,0,gap,24
7431,49278178,49278.178,319,0,gap,24
7432,49282127,49282.127,197,0,gap,24
7433,49288177,49288.177,271,0,gap,24
7434,49298186,49298.186,259,0,gap,24
7435,49302150,49302.15,202,0,gap,24
7436,49306110,49306.11,250,0,gap,24
7437,49318179,49318.179,271,0,gap,24
7438,49322158,49322.158,245,0,gap,24
7439,49326136,49326.136,227,0,gap,24
7440,49338187,49338.187,304,0,gap,24
7441,49342176,49342.176,230,0,gap,24
7442,49346156,49346.156,192,0,gap,24
7443,49358178,49358.178,336,0,gap,24
7444,49362173,49362.173,185,0,gap,24
7445,49366169,49366.169,176,0,gap,24
7446,49378186,49378.186,311,0,gap,24
7447,49382226,49382.226,165,0,gap,24
7448,49386256,49386.256,203,0,gap,24
7449,49398178,49398.178,252,0,gap,24
7450,49402219,49402.219,198,0,gap,24
7451,49406267,49406.267,239,0,gap,24
7452,49418185,49418.185,230,0,gap,24
7453,49422248,49422.248,213,0,gap,24
7454,49426298,49426.298,198,0,gap,24
7455,49438177,49438.177,272,0,gap,24
7456,49442251,49442.251,211,0,gap,24
7457,49446315,49446.315,167,0,gap,24
7458,49458185,49458.185,288,0,gap,24
7459,49462264,49462.264,176,0,gap,24
7460,49466347,49466.347,141,0,gap,24
7461,49478177,49478.177,288,0,gap,24
7462,49482275,49482.275,146,0,gap,24
7463,49486384,49486.384,179,0,gap,24
7464,49498185,49498.185,206,0,gap,24
7465,49502312,49502.312,159,0,gap,24
7466,49506430,49506.43,216,0,gap,24
7467,49518177,49518.177,202,0,gap,24
7468,49522306,49522.306,202,0,gap,24
7469,49526430,49526.43,190,0,gap,24
7470,49538189,49538.189,247,0,gap,24
7471,49542332,49542.332,192,0,gap,24
7472,49546469,49546.469,139,0,gap,24
7473,49558177,49558.177,282,0,gap,24
7474,49562325,49562.325,160,0,gap,24
7475,49566469,49566.469,130,0,gap,24
7476,49578185,49578.185,257,0,gap,24
7477,49582343,49582.343,113,0,gap,24
7478,49586500,49586.5,160,0,gap,24
7479,49598177,49598.177,205,0,gap,24
7480,49602349,49602.349,150,0,gap,24
7481,49606520,49606.52,183,0,gap,24
7482,49618173,49618.173,192,0,gap,24
7483,49622351,49622.351,176,0,gap,24
7484,49626527,49626.527,173,0,gap,24
7485,49638169,49638.169,229,0,gap,24
7486,49642360,49642.36,176,0,gap,24
7487,49646547,49646.547,128,0,gap,24
7488,49658173,49658.173,258,0,gap,24
7489,49665118,49665.118,147,0,gap,24
7490,49669046,49669.046,123,0,gap,24
7491,49678177,49678.177,209,0,gap,24
7492,49682114,49682.114,112,0,gap,24
7493,49688177,49688.177,186,0,gap,24
7494,49698186,49698.186,192,0,gap,24
7495,49702140,49702.14,119,1,pulse,25
7496,49708194,49708.194,4095,1,pulse,25
7497,49718174,49718.174,4095,1,pulse,25
7498,49722073,49722.073,4095,1,pulse,25
7499,49728174,49728.174,4095,1,pulse,25
7500,49738182,49738.182,4095,1,pulse,25
7501,49742096,49742.096,4095,0,gap,25
7502,49748199,49748.199,2985,0,gap,25
7503,49758178,49758.178,2783,0,gap,25
7504,49762178,49762.178,2745,0,gap,25
7505,49768178,49768.178,2718,0,gap,25
7506,49778190,49778.19,2657,0,gap,25
7507,49782200,49782.2,2642,0,gap,25
7508,49788186,49788.186,2627,0,gap,25
7509,49798178,49798.178,2594,0,gap,25
7510,49802221,49802.221,2559,0,gap,25
7511,49808178,49808.178,2549,0,gap,25
7512,49818186,49818.186,2543,0,gap,25
7513,49822246,49822.246,2519,0,gap,25
7514,49828185,49828.185,2481,0,gap,25
7515,49838178,49838.178,2463,0,gap,25
7516,49842248,49842.248,2441,0,gap,25
7517,49848181,49848.181,2419,0,gap,25
7518,49858186,49858.186,2402,0,gap,25
7519,49862273,49862.273,2387,0,gap,25
7520,49868185,49868.185,2365,0,gap,25
7521,49878178,49878.178,2331,0,gap,25
7522,49882268,49882.268,2311,0,gap,25
7523,49888177,49888.177,2311,0,gap,25
7524,49898186,49898.186,2286,0,gap,25
7525,49902302,49902.302,2256,0,gap,25
7526,49908185,49908.185,2255,0,gap,25
7527,49918178,49918.178,2199,0,gap,25
7528,49922312,49922.312,2193,0,gap,25
7529,49928169,49928.169,2174,0,gap,25
7530,49938186,49938.186,2155,0,gap,25
7531,49942329,49942.329,2134,0,gap,25
7532,49948169,49948.169,2080,0,gap,25
7533,49958182,49958.182,2123,0,gap,25
7534,49962331,49962.331,2069,0,gap,25
7535,49966484,49966.484,2037,0,gap,25
7536,49978187,49978.187,2023,0,gap,25
7537,49982354,49982.354,2014,0,gap,25
7538,49986513,49986.513,1997,0,gap,25
7539,49998179,49998.179,1984,0,gap,25
7540,50002344,50002.344,1951,0,gap,25
7541,50006517,50006.517,1930,0,gap,25
7542,50018187,50018.187,1911,0,gap,25
7543,50022374,50022.374,1906,0,gap,25
7544,50026552,50026.552,1872,0,gap,25
7545,50038179,50038.179,1859,0,gap,25
7546,50042363,50042.363,1840,0,gap,25
7547,50046551,50046.551,1831,0,gap,25
7548,50058187,50058.187,1813,0,gap,25
7549,50062393,50062.393,1789,0,gap,25
7550,50066583,50066.583,1769,0,gap,25
7551,50078179,50078.179,1746,0,gap,25
7552,50085139,50085.139,1715,0,gap,25
7553,50089079,50089.079,1731,0,gap,25
7554,50098190,50098.19,1680,0,gap,25
7555,50102141,50102.141,1683,0,gap,25
7556,50108186,50108.186,1665,0,gap,25
7557,50118178,50118.178,1643,0,gap,25
7558,50122135,50122.135,1653,0,gap,25
7559,50128178,50128.178,1600,0,gap,25
7560,50138186,50138.186,1589,0,gap,25
7561,50142162,50142.162,1581,0,gap,25
7562,50148186,50148.186,1535,0,gap,25
7563,50158178,50158.178,1552,0,gap,25
7564,50162160,50162.16,1505,0,gap,25
7565,50168182,50168.182,1517,0,gap,25
7566,50178186,50178.186,1488,0,gap,25
7567,50182190,50182.19,1459,0,gap,25
7568,50188186,50188.186,1465,0,gap,25
7569,50198178,50198.178,1441,0,gap,25
7570,50202184,50202.184,1421,0,gap,25
7571,50208177,50208.177,1422,0,gap,25
7572,50218186,50218.186,1403,0,gap,25
7573,50222233,50222.233,1387,0,gap,25
7574,50228185,50228.185,1365,0,gap,25
7575,50238178,50238.178,1363,0,gap,25
7576,50242238,50242.238,1343,0,gap,25
7577,50248177,50248.177,1325,0,gap,25
7578,50258186,50258.186,1333,0,gap,25
7579,50262255,50262.255,1280,0,gap,25
7580,50268185,50268.185,1283,0,gap,25
7581,50278182,50278.182,1264,0,gap,25
7582,50282265,50282.265,1237,0,gap,25
7583,50288169,50288.169,1235,0,gap,25
7584,50298186,50298.186,1227,0,gap,25
7585,50302276,50302.276,1211,0,gap,25
7586,50308173,50308.173,1205,0,gap,25
7587,50318178,50318.178,1183,0,gap,25
7588,50322290,50322.29,1174,0,gap,25
7589,50326404,50326.404,1154,0,gap,25
7590,50338187,50338.187,1168,0,gap,25
7591,50342321,50342.321,1139,0,gap,25
7592,50346455,50346.455,1109,0,gap,25
7593,50358179,50358.179,1132,0,gap,25
7594,50362319,50362.319,1094,0,gap,25
7595,50366458,50366.458,1072,0,gap,25
7596,50378187,50378.187,1087,0,gap,25
7597,50382345,50382.345,1034,0,gap,25
7598,50386490,50386.49,1054,0,gap,25
7599,50398179,50398.179,1022,0,gap,25
7600,50402342,50402.342,1002,0,gap,25
7601,50406501,50406.501,1014,0,gap,25
7602,50418191,50418.191,995,0,gap,25
7603,50422363,50422.363,1003,0,gap,25
7604,50426528,50426.528,979,0,gap,25
7605,50438178,50438.178,981,0,gap,25
7606,50442356,50442.356,946,0,gap,25
7607,50446534,50446.534,944,0,gap,25
7608,50458186,50458.186,960,0,gap,25
7609,50462374,50462.374,917,0,gap,25
7610,50466561,50466.561,909,0,gap,25
7611,50478178,50478.178,907,0,gap,25
7612,50482375,50482.375,874,0,gap,25
7613,50486576,50486.576,879,0,gap,25
7614,50498185,50498.185,867,0,gap,25
7615,50505147,50505.147,887,0,gap,25
7616,50509089,50509.089,836,0,gap,25
7617,50518177,50518.177,855,0,gap,25
7618,50522128,50522.128,860,0,gap,25
7619,50528177,50528.177,836,0,gap,25
7620,50538186,50538.186,861,0,gap,25
7621,50542149,50542.149,817,0,gap,25
7622,50548185,50548.185,793,0,gap,25
7623,50558178,50558.178,832,0,gap,25
7624,50562152,50562.152,773,0,gap,25
7625,50566123,50566.123,743,0,gap,25
7626,50578187,50578.187,787,0,gap,25
7627,50582176,50582.176,738,0,gap,25
7628,50586152,50586.152,758,0,gap,25
7629,50598183,50598.183,747,0,gap,25
7630,50602178,50602.178,719,0,gap,25
7631,50606177,50606.177,742,0,gap,25
7632,50618186,50618.186,733,0,gap,25
7633,50622195,50622.195,729,0,gap,25
7634,50626196,50626.196,714,0,gap,25
7635,50638178,50638.178,743,0,gap,25
7636,50642223,50642.223,690,0,gap,25
7637,50646267,50646.267,673,0,gap,25
7638,50658186,50658.186,719,0,gap,25
7639,50662244,50662.244,674,0,gap,25
7640,50666302,50666.302,661,0,gap,25
7641,50678177,50678.177,693,0,gap,25
7642,50682242,50682.242,625,0,gap,25
7643,50686302,50686.302,643,0,gap,25
7644,50698185,50698.185,638,0,gap,25
7645,50702272,50702.272,619,0,gap,25
7646,50706348,50706.348,624,0,gap,25
7647,50718177,50718.177,631,0,gap,25
7648,50722271,50722.271,627,0,gap,25
7649,50726364,50726.364,599,0,gap,25
7650,50738189,50738.189,642,0,gap,25
7651,50742297,50742.297,614,0,gap,25
7652,50746416,50746.416,576,0,gap,25
7653,50758177,50758.177,638,0,gap,25
7654,50762310,50762.31,557,0,gap,25
7655,50766438,50766.438,551,0,gap,25
7656,50778185,50778.185,599,0,gap,25
7657,50782328,50782.328,532,0,gap,25
7658,50786462,50786.462,557,0,gap,25
7659,50798177,50798.177,567,0,gap,25
7660,50802330,50802.33,547,0,gap,25
7661,50806477,50806.477,560,0,gap,25
7662,50818185,50818.185,560,0,gap,25
7663,50822347,50822.347,547,0,gap,25
7664,50826505,50826.505,521,0,gap,25
7665,50838177,50838.177,571,0,gap,25
7666,50842349,50842.349,526,0,gap,25
7667,50846516,50846.516,490,0,gap,25
7668,50858173,50858.173,583,0,gap,25
7669,50862355,50862.355,477,0,gap,25
7670,50866528,50866.528,463,0,gap,25
7671,50878169,50878.169,537,0,gap,25
7672,50882365,50882.365,451,0,gap,25
7673,50886547,50886.547,485,0,gap,25
7674,50898173,50898.173,492,0,gap,25
7675,50902370,50902.37,463,0,gap,25
7676,50906567,50906.567,481,0,gap,25
7677,50913527,50913.527,448,0,gap,25
7678,50917495,50917.495,434,0,gap,25
7679,50928179,50928.179,486,0,gap,25
7680,50932122,50932.122,407,0,gap,25
7681,50938178,50938.178,486,0,gap,25
7682,50948190,50948.19,455,0,gap,25
7683,50952151,50952.151,426,0,gap,25
7684,50958185,50958.185,467,0,gap,25
7685,50968178,50968.178,451,0,gap,25
7686,50972145,50972.145,437,0,gap,25
7687,50978177,50978.177,418,0,gap,25
7688,50988186,50988.186,464,0,gap,25
7689,50992167,50992.167,432,0,gap,25
7690,50996149,50996.149,380,0,gap,25
7691,51008179,51008.179,495,0,gap,25
7692,51012176,51012.176,381,0,gap,25
7693,51016168,51016.168,354,0,gap,25
7694,51028187,51028.187,462,0,gap,25
7695,51032193,51032.193,346,0,gap,25
7696,51036194,51036.194,391,0,gap,25
7697,51048178,51048.178,406,0,gap,25
7698,51052229,51052.229,381,0,gap,25
7699,51056264,51056.264,389,0,gap,25
7700,51068186,51068.186,393,0,gap,25
7701,51072238,51072.238,382,0,gap,25
7702,51076289,51076.289,368,0,gap,25
7703,51088178,51088.178,433,0,gap,25
7704,51092247,51092.247,374,0,gap,25
7705,51096309,51096.309,320,0,gap,25
7706,51108185,51108.185,464,0,gap,25
7707,51112258,51112.258,320,0,gap,25
7708,51116330,51116.33,313,0,gap,25
7709,51128181,51128.181,406,0,gap,25
7710,51132272,51132.272,307,0,gap,25
7711,51136359,51136.359,326,0,gap,25
7712,51148185,51148.185,349,0,gap,25
7713,51152290,51152.29,319,0,gap,25
7714,51156405,51156.405,359,0,gap,25
7715,51168177,51168.177,356,0,gap,25
7716,51172304,51172.304,346,0,gap,25
7717,51176425,51176.425,330,0,gap,25
7718,51188185,51188.185,413,0,gap,25
7719,51192325,51192.325,322,0,gap,25
7720,51196465,51196.465,281,0,gap,25
7721,51208177,51208.177,400,0,gap,25
7722,51212323,51212.323,282,0,gap,25
7723,51216464,51216.464,257,0,gap,25
7724,51228185,51228.185,374,0,gap,25
7725,51232349,51232.349,256,0,gap,25
7726,51236500,51236.5,290,0,gap,25
7727,51248177,51248.177,318,0,gap,25
7728,51252347,51252.347,292,0,gap,25
7729,51256507,51256.507,312,0,gap,25
7730,51268177,51268.177,304,0,gap,25
7731,51272352,51272.352,311,0,gap,25
7732,51276527,51276.527,287,0,gap,25
7733,51288169,51288.169,354,0,gap,25
7734,51292354,51292.354,277,0,gap,25
7735,51296538,51296.538,249,0,gap,25
7736,51308173,51308.173,371,0,gap,25
7737,51312368,51312.368,262,0,gap,25
7738,51316562,51316.562,240,0,gap,25
7739,51328169,51328.169,362,0,gap,25
7740,51335171,51335.171,269,0,gap,25
7741,51339117,51339.117,293,0,gap,25
7742,51348185,51348.185,273,0,gap,25
7743,51352131,51352.131,238,0,gap,25
7744,51358186,51358.186,321,0,gap,25
7745,51368178,51368.178,267,0,gap,25
7746,51372136,51372.136,272,0,gap,25
7747,51378177,51378.177,252,0,gap,25
7748,51388186,51388.186,311,0,gap,25
7749,51392162,51392.162,258,0,gap,25
7750,51396126,51396.126,215,0,gap,25
7751,51408179,51408.179,342,0,gap,25
7752,51412166,51412.166,216,0,gap,25
7753,51416154,51416.154,194,0,gap,25
7754,51428187,51428.187,307,0,gap,25
7755,51432185,51432.185,197,0,gap,25
7756,51436170,51436.17,239,0,gap,25
7757,51448182,51448.182,247,0,gap,25
7758,51452186,51452.186,224,0,gap,25
7759,51456193,51456.193,229,0,gap,25
7760,51468186,51468.186,247,0,gap,25
7761,51472233,51472.233,231,0,gap,25
7762,51476275,51476.275,223,0,gap,25
7763,51488178,51488.178,294,0,gap,25
7764,51492232,51492.232,232,0,gap,25
7765,51496285,51496.285,176,0,gap,25
7766,51508185,51508.185,318,0,gap,25
7767,51512257,51512.257,177,0,gap,25
7768,51516320,51516.32,164,0,gap,25
7769,51528177,51528.177,277,0,gap,25
7770,51532250,51532.25,164,0,gap,25
7771,51536332,51536.332,206,0,gap,25
7772,51548185,51548.185,222,0,gap,25
7773,51552285,51552.285,187,1,pulse,26
7774,51556456,51556.456,4095,1,pulse,26
7775,51568174,51568.174,4095,1,pulse,26
7776,51572214,51572.214,4095,1,pulse,26
7777,51576270,51576.27,4095,1,pulse,26
7778,51588182,51588.182,4095,1,pulse,26
7779,51592252,51592.252,4095,0,gap,26
7780,51596532,51596.532,3051,0,gap,26
7781,51608178,51608.178,2743,0,gap,26
7782,51612326,51612.326,2721,0,gap,26
7783,51616482,51616.482,2698,0,gap,26
7784,51628186,51628.186,2634,0,gap,26
7785,51632348,51632.348,2615,0,gap,26
7786,51636501,51636.501,2610,0,gap,26
7787,51648178,51648.178,2559,0,gap,26
7788,51652350,51652.35,2549,0,gap,26
7789,51656521,51656.521,2530,0,gap,26
7790,51668186,51668.186,2495,0,gap,26
7791,51672371,51672.371,2500,0,gap,26
7792,51676544,51676.544,2463,0,gap,26
7793,51688182,51688.182,2445,0,gap,26
7794,51692369,51692.369,2430,0,gap,26
7795,51696560,51696.56,2395,0,gap,26
7796,51708185,51708.185,2370,0,gap,26
7797,51712386,51712.386,2353,0,gap,26
7798,51716575,51716.575,2334,0,gap,26
7799,51728177,51728.177,2314,0,gap,26
7800,51732384,51732.384,2292,0,gap,26
7801,51736590,51736.59,2287,0,gap,26
7802,51748185,51748.185,2231,0,gap,26
7803,51755162,51755.162,2235,0,gap,26
7804,51759108,51759.108,2211,0,gap,26
7805,51768178,51768.178,2186,0,gap,26
7806,51772127,51772.127,2169,0,gap,26
7807,51778178,51778.178,2160,0,gap,26
7808,51788186,51788.186,2128,0,gap,26
7809,51792164,51792.164,2123,0,gap,26
7810,51798186,51798.186,2079,0,gap,26
7811,51808178,51808.178,2064,0,gap,26
7812,51812155,51812.155,2054,0,gap,26
7813,51818178,51818.178,2032,0,gap,26
7814,51828186,51828.186,2018,0,gap,26
7815,51832194,51832.194,1995,0,gap,26
7816,51838186,51838.186,1999,0,gap,26
7817,51848178,51848.178,1949,0,gap,26
7818,51852180,51852.18,1936,0,gap,26
7819,51858178,51858.178,1923,0,gap,26
7820,51868186,51868.186,1891,0,gap,26
7821,51872206,51872.206,1887,0,gap,26
7822,51878185,51878.185,1862,0,gap,26
7823,51888178,51888.178,1869,0,gap,26
7824,51892231,51892.231,1826,0,gap,26
7825,51898181,51898.181,1818,0,gap,26
7826,51908186,51908.186,1801,0,gap,26
7827,51912255,51912.255,1755,0,gap,26
7828,51918185,51918.185,1744,0,gap,26
7829,51928178,51928.178,1745,0,gap,26
7830,51932250,51932.25,1716,0,gap,26
7831,51938177,51938.177,1721,0,gap,26
7832,51948186,51948.186,1679,0,gap,26
7833,51952283,51952.283,1669,0,gap,26
7834,51958173,51958.173,1639,0,gap,26
7835,51968178,51968.178,1618,0,gap,26
7836,51972278,51972.278,1623,0,gap,26
7837,51978165,51978.165,1605,0,gap,26
7838,51988186,51988.186,1583,0,gap,26
7839,51992312,51992.312,1557,0,gap,26
7840,51996432,51996.432,1535,0,gap,26
7841,52008183,52008.183,1552,0,gap,26
7842,52012323,52012.323,1501,0,gap,26
7843,52016463,52016.463,1510,0,gap,26
7844,52028187,52028.187,1479,0,gap,26
7845,52032345,52032.345,1455,0,gap,26
7846,52036490,52036.49,1450,0,gap,26
7847,52048179,52048.179,1429,0,gap,26
7848,52052338,52052.338,1430,0,gap,26
7849,52056501,52056.501,1401,0,gap,26
7850,52068187,52068.187,1391,0,gap,26
7851,52072364,52072.364,1389,0,gap,26
7852,52076529,52076.529,1347,0,gap,26
7853,52088179,52088.179,1330,0,gap,26
7854,52092354,52092.354,1328,0,gap,26
7855,52096536,52096.536,1293,0,gap,26
7856,52108187,52108.187,1307,0,gap,26
7857,52112384,52112.384,1269,0,gap,26
7858,52116564,52116.564,1258,0,gap,26
7859,52128178,52128.178,1266,0,gap,26
7860,52132373,52132.373,1239,0,gap,26
7861,52136575,52136.575,1251,0,gap,26
7862,52148186,52148.186,1211,0,gap,26
7863,52152407,52152.407,1215,0,gap,26
7864,52156610,52156.61,1187,0,gap,26
7865,52168178,52168.178,1158,0,gap,26
7866,52175146,52175.146,1168,0,gap,26
7867,52179098,52179.098,1136,0,gap,26
7868,52188186,52188.186,1147,0,gap,26
7869,52192143,52192.143,1151,0,gap,26
7870,52198186,52198.186,1104,0,gap,26
7871,52208178,52208.178,1107,0,gap,26
7872,52212153,52212.153,1072,0,gap,26
7873,52218182,52218.182,1072,0,gap,26
7874,52228186,52228.186,1072,0,gap,26
7875,52232168,52232.168,1037,0,gap,26
7876,52238186,52238.186,1035,0,gap,26
7877,52248178,52248.178,1005,0,gap,26
7878,52252174,52252.174,1023,0,gap,26
7879,52258178,52258.178,1009,0,gap,26
7880,52268186,52268.186,999,0,gap,26
7881,52272195,52272.195,987,0,gap,26
7882,52278185,52278.185,960,0,gap,26
7883,52288178,52288.178,987,0,gap,26
7884,52292197,52292.197,959,0,gap,26
7885,52298169,52298.169,915,0,gap,26
7886,52308186,52308.186,962,0,gap,26
7887,52312244,52312.244,887,0,gap,26
7888,52316294,52316.294,886,0,gap,26
7889,52328183,52328.183,901,0,gap,26
7890,52332247,52332.247,863,0,gap,26
7891,52336315,52336.315,895,0,gap,26
7892,52348186,52348.186,848,0,gap,26
7893,52352265,52352.265,850,0,gap,26
7894,52356331,52356.331,857,0,gap,26
7895,52368178,52368.178,848,0,gap,26
7896,52372267,52372.267,843,0,gap,26
7897,52376356,52376.356,832,0,gap,26
7898,52388186,52388.186,847,0,gap,26
7899,52392293,52392.293,815,0,gap,26
7900,52396396,52396.396,768,0,gap,26
7901,52408178,52408.178,831,0,gap,26
7902,52412295,52412.295,763,0,gap,26
7903,52416428,52416.428,752,0,gap,26
7904,52428185,52428.185,779,0,gap,26
7905,52432332,52432.332,727,0,gap,26
7906,52436466,52436.466,762,0,gap,26
7907,52448177,52448.177,738,0,gap,26
7908,52452322,52452.322,720,0,gap,26
7909,52456470,52456.47,726,0,gap,26
7910,52468185,52468.185,734,0,gap,26
7911,52472356,52472.356,725,0,gap,26
7912,52476509,52476.509,701,0,gap,26
7913,52488177,52488.177,721,0,gap,26
7914,52492341,52492.341,685,0,gap,26
7915,52496509,52496.509,663,0,gap,26
7916,52508173,52508.173,713,0,gap,26
7917,52512355,52512.355,647,0,gap,26
7918,52516528,52516.528,625,0,gap,26
7919,52528169,52528.169,677,0,gap,26
7920,52532357,52532.357,607,0,gap,26
7921,52536552,52536.552,639,0,gap,26
7922,52548173,52548.173,618,0,gap,26
7923,52552374,52552.374,640,0,gap,26
7924,52556567,52556.567,642,0,gap,26
7925,52568165,52568.165,624,0,gap,26
7926,52572368,52572.368,614,0,gap,26
7927,52576583,52576.583,609,0,gap,26
7928,52588169,52588.169,650,0,gap,26
7929,52594992,52594.992,610,0,gap,26
7930,52598940,52598.94,553,0,gap,26
7931,52608177,52608.177,626,0,gap,26
7932,52612135,52612.135,558,0,gap,26
7933,52618177,52618.177,561,0,gap,26
7934,52628186,52628.186,592,0,gap,26
7935,52632163,52632.163,528,0,gap,26
7936,52638173,52638.173,590,0,gap,26
7937,52648182,52648.182,530,0,gap,26
7938,52652162,52652.162,528,0,gap,26
7939,52656143,52656.143,527,0,gap,26
7940,52668187,52668.187,544,0,gap,26
7941,52672186,52672.186,530,0,gap,26
7942,52676172,52676.172,509,0,gap,26
7943,52688179,52688.179,570,0,gap,26
7944,52692184,52692.184,522,0,gap,26
7945,52696188,52696.188,467,0,gap,26
7946,52708186,52708.186,560,0,gap,26
7947,52712205,52712.205,454,0,gap,26
7948,52716220,52716.22,459,0,gap,26
7949,52728178,52728.178,534,0,gap,26
7950,52732234,52732.234,448,0,gap,26
7951,52736287,52736.287,481,0,gap,26
7952,52748186,52748.186,471,0,gap,26
7953,52752259,52752.259,467,0,gap,26
7954,52756319,52756.319,474,0,gap,26
7955,52768177,52768.177,481,0,gap,26
7956,52772252,52772.252,464,0,gap,26
7957,52776322,52776.322,448,0,gap,26
7958,52788185,52788.185,528,0,gap,26
7959,52792282,52792.282,448,0,gap,26
7960,52796371,52796.371,400,0,gap,26
7961,52808177,52808.177,511,0,gap,26
7962,52812280,52812.28,413,0,gap,26
7963,52816379,52816.379,415,0,gap,26
7964,52828185,52828.185,465,0,gap,26
7965,52832309,52832.309,393,0,gap,26
7966,52836433,52836.433,421,0,gap,26
7967,52848177,52848.177,418,0,gap,26
7968,52852320,52852.32,400,0,gap,26
7969,52856459,52856.459,414,0,gap,26
7970,52868185,52868.185,430,0,gap,26
7971,52872338,52872.338,411,0,gap,26
7972,52876482,52876.482,387,0,gap,26
7973,52888177,52888.177,448,0,gap,26
7974,52892336,52892.336,379,0,gap,26
7975,52896498,52896.498,341,0,gap,26
7976,52908173,52908.173,455,0,gap,26
7977,52912345,52912.345,340,0,gap,26
7978,52916509,52916.509,342,0,gap,26
7979,52928169,52928.169,422,0,gap,26
7980,52932355,52932.355,325,0,gap,26
7981,52936529,52936.529,369,0,gap,26
7982,52948173,52948.173,370,0,gap,26
7983,52952365,52952.365,366,0,gap,26
7984,52956552,52956.552,359,0,gap,26
7985,52968173,52968.173,381,0,gap,26
7986,52972371,52972.371,367,0,gap,26
7987,52976568,52976.568,326,0,gap,26
7988,52988169,52988.169,427,0,gap,26
7989,52992376,52992.376,347,0,gap,26
7990,52996579,52996.579,302,0,gap,26
7991,53008165,53008.165,430,0,gap,26
7992,53015141,53015.141,304,0,gap,26
7993,53019088,53019.088,324,0,gap,26
7994,53028185,53028.185,359,0,gap,26
7995,53032146,53032.146,273,0,gap,26
7996,53038185,53038.185,365,0,gap,26
7997,53048178,53048.178,329,0,gap,26
7998,53052143,53052.143,307,0,gap,26
7999,53058177,53058.177,352,0,gap,26
8000,53068186,53068.186,326,0,gap,26
8001,53072182,53072.182,320,0,gap,26
8002,53076165,53076.165,288,0,gap,26
8003,53088179,53088.179,390,0,gap,26
8004,53092174,53092.174,302,0,gap,26
8005,53096172,53096.172,261,0,gap,26
8006,53108187,53108.187,398,0,gap,26
8007,53112203,53112.203,245,0,gap,26
8008,53116204,53116.204,242,0,gap,26
8009,53128178,53128.178,349,0,gap,26
8010,53132189,53132.189,239,0,gap,26
8011,53136204,53136.204,267,0,gap,26
8012,53148186,53148.186,285,0,gap,26
8013,53152237,53152.237,273,0,gap,26
8014,53156286,53156.286,283,0,gap,26
8015,53168178,53168.178,289,0,gap,26
8016,53172246,53172.246,291,0,gap,26
8017,53176314,53176.314,257,0,gap,26
8018,53188185,53188.185,354,0,gap,26
8019,53192260,53192.26,262,0,gap,26
8020,53196334,53196.334,215,0,gap,26
8021,53208177,53208.177,358,0,gap,26
8022,53212270,53212.27,232,0,gap,26
8023,53216362,53216.362,206,0,gap,26
8024,53228185,53228.185,313,0,gap,26
8025,53232284,53232.284,206,0,gap,26
8026,53236383,53236.383,237,0,gap,26
8027,53248177,53248.177,260,0,gap,26
8028,53252295,53252.295,240,0,gap,26
8029,53256427,53256.427,256,0,gap,26
8030,53268185,53268.185,261,0,gap,26
8031,53272336,53272.336,251,0,gap,26
8032,53276474,53276.474,214,0,gap,26
8033,53288181,53288.181,318,0,gap,26
8034,53292330,53292.33,239,0,gap,26
8035,53296481,53296.481,202,0,gap,26
8036,53308185,53308.185,329,0,gap,26
8037,53312347,53312.347,186,0,gap,26
8038,53316497,53316.497,181,0,gap,26
8039,53328177,53328.177,287,0,gap,26
8040,53332345,53332.345,176,0,gap,26
8041,53336512,53336.512,217,0,gap,26
8042,53348173,53348.173,231,0,gap,26
8043,53352359,53352.359,209,0,gap,26
8044,53356536,53356.536,226,0,gap,26
8045,53368169,53368.169,249,0,gap,26
8046,53372353,53372.353,223,0,gap,26
8047,53376543,53376.543,202,0,gap,26
8048,53388173,53388.173,291,0,gap,26
8049,53392378,53392.378,196,0,gap,26
8050,53396567,53396.567,158,0,gap,26
8051,53408165,53408.165,304,0,gap,26
8052,53412368,53412.368,165,0,gap,26
8053,53416574,53416.574,163,0,gap,26
8054,53428169,53428.169,259,0,gap,26
8055,53435146,53435.146,208,0,gap,26
8056,53439093,53439.093,203,0,gap,26
8057,53448177,53448.177,185,0,gap,26
8058,53452126,53452.126,176,0,gap,26
8059,53458177,53458.177,230,0,gap,26
8060,53468186,53468.186,223,0,gap,26
8061,53472163,53472.163,205,0,gap,26
8062,53478185,53478.185,185,0,gap,26
8063,53488178,53488.178,269,0,gap,26
8064,53492158,53492.158,164,0,gap,26
8065,53496148,53496.148,128,0,gap,26
8066,53508187,53508.187,289,0,gap,26
8067,53512186,53512.186,145,0,gap,26
8068,53516173,53516.173,123,0,gap,26
8069,53528179,53528.179,246,0,gap,26
8070,53532183,53532.183,125,0,gap,26
8071,53536196,53536.196,173,0,gap,26
8072,53548186,53548.186,180,0,gap,26
8073,53552205,53552.205,176,0,gap,26
8074,53556213,53556.213,175,0,gap,26
8075,53568178,53568.178,203,0,gap,26
8076,53572230,53572.23,194,0,gap,26
8077,53576287,53576.287,144,0,gap,26
8078,53588186,53588.186,251,0,gap,26
8079,53592258,53592.258,176,0,gap,26
8080,53596318,53596.318,105,0,gap,26
8081,53608181,53608.181,272,0,gap,26
8082,53612252,53612.252,112,0,gap,26
8083,53616326,53616.326,118,0,gap,26
8084,53628185,53628.185,231,0,gap,26
8085,53632281,53632.281,103,0,gap,26
8086,53636366,53636.366,149,0,gap,26
8087,53648177,53648.177,158,0,gap,26
8088,53652276,53652.276,143,0,gap,26
8089,53656383,53656.383,171,0,gap,26
8090,53668185,53668.185,182,0,gap,26
8091,53672311,53672.311,169,0,gap,26
8092,53676434,53676.434,131,0,gap,26
8093,53688177,53688.177,237,0,gap,26
8094,53692312,53692.312,140,1,pulse,27
8095,53696547,53696.547,4095,1,pulse,27
8096,53708182,53708.182,4095,1,pulse,27
8097,53712277,53712.277,4095,1,pulse,27
8098,53716355,53716.355,4095,1,pulse,27
8099,53728174,53728.174,4095,1,pulse,27
8100,53732267,53732.267,4095,0,gap,27
8101,53736589,53736.589,2954,0,gap,27
8102,53748186,53748.186,2800,0,gap,27
8103,53752373,53752.373,2752,0,gap,27
8104,53756547,53756.547,2709,0,gap,27
8105,53768178,53768.178,2671,0,gap,27
8106,53772367,53772.367,2663,0,gap,27
8107,53776563,53776.563,2640,0,gap,27
8108,53788186,53788.186,2602,0,gap,27
8109,53792388,53792.388,2559,0,gap,27
8110,53796582,53796.582,2559,0,gap,27
8111,53808178,53808.178,2523,0,gap,27
8112,53812390,53812.39,2502,0,gap,27
8113,53816602,53816.602,2490,0,gap,27
8114,53828185,53828.185,2459,0,gap,27
8115,53832407,53832.407,2434,0,gap,27
8116,53836621,53836.621,2423,0,gap,27
8117,53848181,53848.181,2406,0,gap,27
8118,53855173,53855.173,2364,0,gap,27
8119,53859140,53859.14,2351,0,gap,27
8120,53868186,53868.186,2320,0,gap,27
8121,53872153,53872.153,2314,0,gap,27
8122,53878186,53878.186,2295,0,gap,27
8123,53888178,53888.178,2276,0,gap,27
8124,53892154,53892.154,2265,0,gap,27
8125,53898178,53898.178,2238,0,gap,27
8126,53908186,53908.186,2224,0,gap,27
8127,53912185,53912.185,2179,0,gap,27
8128,53918190,53918.19,2192,0,gap,27
8129,53928178,53928.178,2157,0,gap,27
8130,53932179,53932.179,2138,0,gap,27
8131,53938178,53938.178,2129,0,gap,27
8132,53948186,53948.186,2117,0,gap,27
8133,53952209,53952.209,2074,0,gap,27
8134,53958185,53958.185,2070,0,gap,27
8135,53968178,53968.178,2032,0,gap,27
8136,53972203,53972.203,2019,0,gap,27
8137,53978177,53978.177,1994,0,gap,27
8138,53988186,53988.186,1966,0,gap,27
8139,53992261,53992.261,1954,0,gap,27
8140,53998185,53998.185,1947,0,gap,27
8141,54008178,54008.178,1925,0,gap,27
8142,54012250,54012.25,1899,0,gap,27
8143,54018177,54018.177,1879,0,gap,27
8144,54028190,54028.19,1856,0,gap,27
8145,54032283,54032.283,1846,0,gap,27
8146,54038185,54038.185,1839,0,gap,27
8147,54048178,54048.178,1794,0,gap,27
8148,54052278,54052.278,1791,0,gap,27
8149,54058173,54058.173,1769,0,gap,27
8150,54068186,54068.186,1751,0,gap,27
8151,54072299,54072.299,1741,0,gap,27
8152,54078169,54078.169,1709,0,gap,27
8153,54088178,54088.178,1711,0,gap,27
8154,54092310,54092.31,1690,0,gap,27
8155,54096453,54096.453,1658,0,gap,27
8156,54108187,54108.187,1658,0,gap,27
8157,54112337,54112.337,1616,0,gap,27
8158,54116482,54116.482,1607,0,gap,27
8159,54128179,54128.179,1600,0,gap,27
8160,54132346,54132.346,1573,0,gap,27
8161,54136501,54136.501,1581,0,gap,27
8162,54148187,54148.187,1532,0,gap,27
8163,54152356,54152.356,1520,0,gap,27
8164,54156520,54156.52,1520,0,gap,27
8165,54168183,54168.183,1506,0,gap,27
8166,54172366,54172.366,1492,0,gap,27
8167,54176544,54176.544,1463,0,gap,27
8168,54188187,54188.187,1443,0,gap,27
8169,54192375,54192.375,1429,0,gap,27
8170,54196563,54196.563,1411,0,gap,27
8171,54208179,54208.179,1413,0,gap,27
8172,54212377,54212.377,1374,0,gap,27
8173,54216574,54216.574,1362,0,gap,27
8174,54228186,54228.186,1339,0,gap,27
8175,54232398,54232.398,1341,0,gap,27
8176,54236610,54236.61,1326,0,gap,27
8177,54248178,54248.178,1281,0,gap,27
8178,54252396,54252.396,1302,0,gap,27
8179,54256613,54256.613,1289,0,gap,27
8180,54263586,54263.586,1253,0,gap,27
8181,54278182,54278.182,1251,0,gap,27
8182,54282142,54282.142,1219,0,gap,27
8183,54286099,54286.099,1232,0,gap,27
8184,54298186,54298.186,1218,0,gap,27
8185,54302159,54302.159,1217,0,gap,27
8186,54306132,54306.132,1188,0,gap,27
8187,54318178,54318.178,1173,0,gap,27
8188,54322162,54322.162,1161,0,gap,27
8189,54326142,54326.142,1125,0,gap,27
8190,54338186,54338.186,1154,0,gap,27
8191,54342188,54342.188,1123,0,gap,27
8192,54346186,54346.186,1094,0,gap,27
8193,54358178,54358.178,1107,0,gap,27
8194,54362184,54362.184,1071,0,gap,27
8195,54366197,54366.197,1051,0,gap,27
8196,54378186,54378.186,1061,0,gap,27
8197,54382213,54382.213,1035,0,gap,27
8198,54386224,54386.224,1040,0,gap,27
8199,54398178,54398.178,1023,0,gap,27
8200,54402210,54402.21,999,0,gap,27
8201,54406271,54406.271,1021,0,gap,27
8202,54418185,54418.185,1000,0,gap,27
8203,54422262,54422.262,997,0,gap,27
8204,54426326,54426.326,960,0,gap,27
8205,54438177,54438.177,970,0,gap,27
8206,54442252,54442.252,944,0,gap,27
8207,54446334,54446.334,917,0,gap,27
8208,54458189,54458.189,949,0,gap,27
8209,54462282,54462.282,912,0,gap,27
8210,54466363,54466.363,903,0,gap,27
8211,54478177,54478.177,891,0,gap,27
8212,54482277,54482.277,854,0,gap,27
8213,54486387,54486.387,880,0,gap,27
8214,54498185,54498.185,862,0,gap,27
8215,54502311,54502.311,853,0,gap,27
8216,54506427,54506.427,865,0,gap,27
8217,54518177,54518.177,848,0,gap,27
8218,54522316,54522.316,843,0,gap,27
8219,54526463,54526.463,816,0,gap,27
8220,54538185,54538.185,855,0,gap,27
8221,54542346,54542.346,801,0,gap,27
8222,54546490,54546.49,772,0,gap,27
8223,54558177,54558.177,822,0,gap,27
8224,54562344,54562.344,757,0,gap,27
8225,54566506,54566.506,753,0,gap,27
8226,54578173,54578.173,758,0,gap,27
8227,54582354,54582.354,734,0,gap,27
8228,54586521,54586.521,738,0,gap,27
8229,54598173,54598.173,736,0,gap,27
8230,54602351,54602.351,734,0,gap,27
8231,54606537,54606.537,732,0,gap,27
8232,54618173,54618.173,732,0,gap,27
8233,54622369,54622.369,717,0,gap,27
8234,54626552,54626.552,704,0,gap,27
8235,54638169,54638.169,743,0,gap,27
8236,54642371,54642.371,682,0,gap,27
8237,54646572,54646.572,655,0,gap,27
8238,54658169,54658.169,720,0,gap,27
8239,54662389,54662.389,654,0,gap,27
8240,54666600,54666.6,638,0,gap,27
8241,54678165,54678.165,685,0,gap,27
8242,54682384,54682.384,624,0,gap,27
8243,54689399,54689.399,687,0,gap,27
8244,54693358,54693.358,619,0,gap,27
8245,54698181,54698.181,623,0,gap,27
8246,54708187,54708.187,676,0,gap,27
8247,54712165,54712.165,589,0,gap,27
8248,54718186,54718.186,613,0,gap,27
8249,54728179,54728.179,618,0,gap,27
8250,54732156,54732.156,565,0,gap,27
8251,54738178,54738.178,624,0,gap,27
8252,54748186,54748.186,592,0,gap,27
8253,54752186,54752.186,576,0,gap,27
8254,54758186,54758.186,610,0,gap,27
8255,54768178,54768.178,590,0,gap,27
8256,54772189,54772.189,576,0,gap,27
8257,54778177,54778.177,560,0,gap,27
8258,54788186,54788.186,592,0,gap,27
8259,54792207,54792.207,532,0,gap,27
8260,54796220,54796.22,487,0,gap,27
8261,54808183,54808.183,599,0,gap,27
8262,54812210,54812.21,511,0,gap,27
8263,54816251,54816.251,496,0,gap,27
8264,54828187,54828.187,552,0,gap,27
8265,54832257,54832.257,491,0,gap,27
8266,54836314,54836.314,505,0,gap,27
8267,54848178,54848.178,500,0,gap,27
8268,54852251,54852.251,492,0,gap,27
8269,54856328,54856.328,507,0,gap,27
8270,54868186,54868.186,529,0,gap,27
8271,54872281,54872.281,500,0,gap,27
8272,54876369,54876.369,463,0,gap,27
8273,54888178,54888.178,528,0,gap,27
8274,54892276,54892.276,462,0,gap,27
8275,54896382,54896.382,415,0,gap,27
8276,54908185,54908.185,534,0,gap,27
8277,54912309,54912.309,427,0,gap,27
8278,54916426,54916.426,421,0,gap,27
8279,54928177,54928.177,478,0,gap,27
8280,54932319,54932.319,407,0,gap,27
8281,54936464,54936.464,449,0,gap,27
8282,54948185,54948.185,441,0,gap,27
8283,54952344,54952.344,443,0,gap,27
8284,54956487,54956.487,439,0,gap,27
8285,54968177,54968.177,469,0,gap,27
8286,54972334,54972.334,432,0,gap,27
8287,54976499,54976.499,387,0,gap,27
8288,54988177,54988.177,498,0,gap,27
8289,54992352,54992.352,406,0,gap,27
8290,54996518,54996.518,368,0,gap,27
8291,55008169,55008.169,471,0,gap,27
8292,55012354,55012.354,368,0,gap,27
8293,55016542,55016.542,375,0,gap,27
8294,55028173,55028.173,417,0,gap,27
8295,55032371,55032.371,370,0,gap,27
8296,55036557,55036.557,394,0,gap,27
8297,55048169,55048.169,393,0,gap,27
8298,55052365,55052.365,382,0,gap,27
8299,55056573,55056.573,400,0,gap,27
8300,55068169,55068.169,426,0,gap,27
8301,55072383,55072.383,386,0,gap,27
8302,55076588,55076.588,340,0,gap,27
8303,55088165,55088.165,423,0,gap,27
8304,55092389,55092.389,350,0,gap,27
8305,55096608,55096.608,308,0,gap,27
8306,55103586,55103.586,409,0,gap,27
8307,55107538,55107.538,359,0,gap,27
8308,55118187,55118.187,400,0,gap,27
8309,55122153,55122.153,362,0,gap,27
8310,55128186,55128.186,349,0,gap,27
8311,55138178,55138.178,415,0,gap,27
8312,55142161,55142.161,337,0,gap,27
8313,55148177,55148.177,320,0,gap,27
8314,55158186,55158.186,402,0,gap,27
8315,55162180,55162.18,276,0,gap,27
8316,55168185,55168.185,351,0,gap,27
8317,55178178,55178.178,359,0,gap,27
8318,55182186,55182.186,272,0,gap,27
8319,55186191,55186.191,297,0,gap,27
8320,55198191,55198.191,331,0,gap,27
8321,55202210,55202.21,313,0,gap,27
8322,55206220,55206.22,327,0,gap,27
8323,55218179,55218.179,346,0,gap,27
8324,55222203,55222.203,310,0,gap,27
8325,55226232,55226.232,281,0,gap,27
8326,55238186,55238.186,370,0,gap,27
8327,55242252,55242.252,278,0,gap,27
8328,55246315,55246.315,254,0,gap,27
8329,55258178,55258.178,367,0,gap,27
8330,55262256,55262.256,270,0,gap,27
8331,55266334,55266.334,258,0,gap,27
8332,55278186,55278.186,323,0,gap,27
8333,55282270,55282.27,247,0,gap,27
8334,55286354,55286.354,288,0,gap,27
8335,55298177,55298.177,277,0,gap,27
8336,55302284,55302.284,274,0,gap,27
8337,55306378,55306.378,270,0,gap,27
8338,55318185,55318.185,315,0,gap,27
8339,55322294,55322.294,275,0,gap,27
8340,55326407,55326.407,237,0,gap,27
8341,55338181,55338.181,350,0,gap,27
8342,55342313,55342.313,256,0,gap,27
8343,55346445,55346.445,219,0,gap,27
8344,55358185,55358.185,351,0,gap,27
8345,55362338,55362.338,213,0,gap,27
8346,55366483,55366.483,212,0,gap,27
8347,55378177,55378.177,301,0,gap,27
8348,55382336,55382.336,205,0,gap,27
8349,55386490,55386.49,243,0,gap,27
8350,55398185,55398.185,270,0,gap,27
8351,55402358,55402.358,243,0,gap,27
8352,55406530,55406.53,240,0,gap,27
8353,55418169,55418.169,272,0,gap,27
8354,55422348,55422.348,246,0,gap,27
8355,55426525,55426.525,222,0,gap,27
8356,55438173,55438.173,309,0,gap,27
8357,55442365,55442.365,205,0,gap,27
8358,55446549,55446.549,183,0,gap,27
8359,55458169,55458.169,320,0,gap,27
8360,55462375,55462.375,178,0,gap,27
8361,55466576,55466.576,186,0,gap,27
8362,55478169,55478.169,280,0,gap,27
8363,55482381,55482.381,182,0,gap,27
8364,55486588,55486.588,231,0,gap,27
8365,55498165,55498.165,211,0,gap,27
8366,55502382,55502.382,211,0,gap,27
8367,55506599,55506.599,232,0,gap,27
8368,55518173,55518.173,264,0,gap,27
8369,55525144,55525.144,254,0,gap,27
8370,55529106,55529.106,164,0,gap,27
8371,55538177,55538.177,286,0,gap,27
8372,55542144,55542.144,187,0,gap,27
8373,55548182,55548.182,174,0,gap,27
8374,55558186,55558.186,286,0,gap,27
8375,55562173,55562.173,151,0,gap,27
8376,55568185,55568.185,218,0,gap,27
8377,55578178,55578.178,242,0,gap,27
8378,55582164,55582.164,145,0,gap,27
8379,55586159,55586.159,199,0,gap,27
8380,55598187,55598.187,218,0,gap,27
8381,55602196,55602.196,182,0,gap,27
8382,55606196,55606.196,185,0,gap,27
8383,55618179,55618.179,237,0,gap,27
8384,55622198,55622.198,208,0,gap,27
8385,55626216,55626.216,169,0,gap,27
8386,55638186,55638.186,278,0,gap,27
8387,55642219,55642.219,159,0,gap,27
8388,55646240,55646.24,126,0,gap,27
8389,55658182,55658.182,2527,1,pulse,28
8390,55662339,55662.339,4095,1,pulse,28
8391,55666346,55666.346,4095,1,pulse,28
8392,55678182,55678.182,4095,1,pulse,28
8393,55682195,55682.195,4095,1,pulse,28
8394,55686207,55686.207,4095,1,pulse,28
8395,55698175,55698.175,4095,0,gap,28
8396,55702420,55702.42,2941,0,gap,28
8397,55706515,55706.515,2832,0,gap,28
8398,55718186,55718.186,2784,0,gap,28
8399,55722304,55722.304,2716,0,gap,28
8400,55726414,55726.414,2685,0,gap,28
8401,55738179,55738.179,2650,0,gap,28
8402,55742299,55742.299,2628,0,gap,28
8403,55746418,55746.418,2602,0,gap,28
8404,55758190,55758.19,2559,0,gap,28
8405,55762333,55762.333,2537,0,gap,28
8406,55766478,55766.478,2526,0,gap,28
8407,55778178,55778.178,2512,0,gap,28
8408,55782342,55782.342,2480,0,gap,28
8409,55786500,55786.5,2462,0,gap,28
8410,55798186,55798.186,2431,0,gap,28
8411,55802359,55802.359,2413,0,gap,28
8412,55806528,55806.528,2415,0,gap,28
8413,55818178,55818.178,2368,0,gap,28
8414,55822357,55822.357,2367,0,gap,28
8415,55826539,55826.539,2337,0,gap,28
8416,55838186,55838.186,2319,0,gap,28
8417,55842379,55842.379,2289,0,gap,28
8418,55846563,55846.563,2272,0,gap,28
8419,55858178,55858.178,2256,0,gap,28
8420,55862380,55862.38,2223,0,gap,28
8421,55866578,55866.578,2202,0,gap,28
8422,55878186,55878.186,2197,0,gap,28
8423,55882398,55882.398,2177,0,gap,28
8424,55886605,55886.605,2176,0,gap,28
8425,55898178,55898.178,2128,0,gap,28
8426,55902400,55902.4,2128,0,gap,28
8427,55906613,55906.613,2111,0,gap,28
8428,55918186,55918.186,2077,0,gap,28
8429,55922413,55922.413,2062,0,gap,28
8430,55926640,55926.64,2028,0,gap,28
8431,55938178,55938.178,2034,0,gap,28
8432,55945182,55945.182,2000,0,gap,28
8433,55949152,55949.152,1985,0,gap,28
8434,55958186,55958.186,1947,0,gap,28
8435,55962159,55962.159,1943,0,gap,28
8436,55968190,55968.19,1931,0,gap,28
8437,55978178,55978.178,1887,0,gap,28
8438,55982172,55982.172,1885,0,gap,28
8439,55988178,55988.178,1872,0,gap,28
8440,55998186,55998.186,1841,0,gap,28
8441,56002187,56002.187,1834,0,gap,28
8442,56008186,56008.186,1814,0,gap,28
8443,56018178,56018.178,1794,0,gap,28
8444,56022193,56022.193,1783,0,gap,28
8445,56028178,56028.178,1741,0,gap,28
8446,56038186,56038.186,1727,0,gap,28
8447,56042232,56042.232,1702,0,gap,28
8448,56048185,56048.185,1694,0,gap,28
8449,56058178,56058.178,1694,0,gap,28
8450,56062217,56062.217,1662,0,gap,28
8451,56068177,56068.177,1648,0,gap,28
8452,56078190,56078.19,1647,0,gap,28
8453,56082263,56082.263,1611,0,gap,28
8454,56088185,56088.185,1601,0,gap,28
8455,56098178,56098.178,1583,0,gap,28
8456,56102263,56102.263,1557,0,gap,28
8457,56108177,56108.177,1535,0,gap,28
8458,56118186,56118.186,1518,0,gap,28
8459,56122289,56122.289,1519,0,gap,28
8460,56128185,56128.185,1495,0,gap,28
8461,56138178,56138.178,1488,0,gap,28
8462,56142282,56142.282,1457,0,gap,28
8463,56148169,56148.169,1437,0,gap,28
8464,56158186,56158.186,1428,0,gap,28
8465,56162309,56162.309,1412,0,gap,28
8466,56168169,56168.169,1409,0,gap,28
8467,56178178,56178.178,1374,0,gap,28
8468,56182320,56182.32,1375,0,gap,28
8469,56186479,56186.479,1362,0,gap,28
8470,56198187,56198.187,1334,0,gap,28
8471,56202354,56202.354,1329,0,gap,28
8472,56206509,56206.509,1322,0,gap,28
8473,56218179,56218.179,1301,0,gap,28
8474,56222348,56222.348,1271,0,gap,28
8475,56226520,56226.52,1259,0,gap,28
8476,56238187,56238.187,1274,0,gap,28
8477,56242370,56242.37,1249,0,gap,28
8478,56246540,56246.54,1211,0,gap,28
8479,56258179,56258.179,1216,0,gap,28
8480,56262367,56262.367,1183,0,gap,28
8481,56266559,56266.559,1175,0,gap,28
8482,56278187,56278.187,1162,0,gap,28
8483,56282389,56282.389,1161,0,gap,28
8484,56286583,56286.583,1170,0,gap,28
8485,56298179,56298.179,1125,0,gap,28
8486,56302383,56302.383,1134,0,gap,28
8487,56306594,56306.594,1118,0,gap,28
8488,56318186,56318.186,1116,0,gap,28
8489,56322408,56322.408,1094,0,gap,28
8490,56326625,56326.625,1067,0,gap,28
8491,56338178,56338.178,1075,0,gap,28
8492,56342402,56342.402,1035,0,gap,28
8493,56346629,56346.629,1019,0,gap,28
8494,56353605,56353.605,1051,0,gap,28
8495,56368178,56368.178,1040,0,gap,28
8496,56372143,56372.143,991,0,gap,28
8497,56376112,56376.112,975,0,gap,28
8498,56388185,56388.185,1004,0,gap,28
8499,56392177,56392.177,963,0,gap,28
8500,56396159,56396.159,928,0,gap,28
8501,56408177,56408.177,948,0,gap,28
8502,56412166,56412.166,915,0,gap,28
8503,56416163,56416.163,909,0,gap,28
8504,56428185,56428.185,892,0,gap,28
8505,56432196,56432.196,895,0,gap,28
8506,56436204,56436.204,911,0,gap,28
8507,56448177,56448.177,880,0,gap,28
8508,56452192,56452.192,879,0,gap,28
8509,56456214,56456.214,869,0,gap,28
8510,56468185,56468.185,871,0,gap,28
8511,56472226,56472.226,848,0,gap,28
8512,56476251,56476.251,816,0,gap,28
8513,56488177,56488.177,855,0,gap,28
8514,56492219,56492.219,817,0,gap,28
8515,56496288,56496.288,775,0,gap,28
8516,56508189,56508.189,825,0,gap,28
8517,56512271,56512.271,788,0,gap,28
8518,56516345,56516.345,767,0,gap,28
8519,56528177,56528.177,770,0,gap,28
8520,56532266,56532.266,749,0,gap,28
8521,56536353,56536.353,758,0,gap,28
8522,56548185,56548.185,752,0,gap,28
8523,56552288,56552.288,743,0,gap,28
8524,56556382,56556.382,728,0,gap,28
8525,56568177,56568.177,751,0,gap,28
8526,56572291,56572.291,726,0,gap,28
8527,56576411,56576.411,703,0,gap,28
8528,56588185,56588.185,751,0,gap,28
8529,56592320,56592.32,694,0,gap,28
8530,56596447,56596.447,656,0,gap,28
8531,56608177,56608.177,732,0,gap,28
8532,56612330,56612.33,656,0,gap,28
8533,56616482,56616.482,656,0,gap,28
8534,56628185,56628.185,688,0,gap,28
8535,56632364,56632.364,640,0,gap,28
8536,56636526,56636.526,666,0,gap,28
8537,56648169,56648.169,652,0,gap,28
8538,56652342,56652.342,657,0,gap,28
8539,56656517,56656.517,634,0,gap,28
8540,56668173,56668.173,644,0,gap,28
8541,56672359,56672.359,637,0,gap,28
8542,56676537,56676.537,597,0,gap,28
8543,56688169,56688.169,659,0,gap,28
8544,56692361,56692.361,591,0,gap,28
8545,56696556,56696.556,557,0,gap,28
8546,56708173,56708.173,629,0,gap,28
8547,56712379,56712.379,559,0,gap,28
8548,56716580,56716.58,574,0,gap,28
8549,56728165,56728.165,582,0,gap,28
8550,56732376,56732.376,547,0,gap,28
8551,56736591,56736.591,583,0,gap,28
8552,56748169,56748.169,560,0,gap,28
8553,56752394,56752.394,567,0,gap,28
8554,56756615,56756.615,561,0,gap,28
8555,56768165,56768.165,579,0,gap,28
8556,56772394,56772.394,547,0,gap,28
8557,56779431,56779.431,503,0,gap,28
8558,56783400,56783.4,509,0,gap,28
8559,56788177,56788.177,533,0,gap,28
8560,56798187,56798.187,521,0,gap,28
8561,56802171,56802.171,511,0,gap,28
8562,56808186,56808.186,502,0,gap,28
8563,56818179,56818.179,538,0,gap,28
8564,56822170,56822.17,499,0,gap,28
8565,56828178,56828.178,477,0,gap,28
8566,56838186,56838.186,551,0,gap,28
8567,56842200,56842.2,466,0,gap,28
8568,56848186,56848.186,457,0,gap,28
8569,56858178,56858.178,525,0,gap,28
8570,56862199,56862.199,426,0,gap,28
8571,56868177,56868.177,478,0,gap,28
8572,56878186,56878.186,476,0,gap,28
8573,56882213,56882.213,445,0,gap,28
8574,56888169,56888.169,485,0,gap,28
8575,56898177,56898.177,448,0,gap,28
8576,56902218,56902.218,439,0,gap,28
8577,56906272,56906.272,439,0,gap,28
8578,56918187,56918.187,478,0,gap,28
8579,56922271,56922.271,438,0,gap,28
8580,56926355,56926.355,391,0,gap,28
8581,56938178,56938.178,496,0,gap,28
8582,56942266,56942.266,411,0,gap,28
8583,56946352,56946.352,384,0,gap,28
8584,56958186,56958.186,466,0,gap,28
8585,56962283,56962.283,378,0,gap,28
8586,56966376,56966.376,392,0,gap,28
8587,56978178,56978.178,421,0,gap,28
8588,56982286,56982.286,368,0,gap,28
8589,56986401,56986.401,408,0,gap,28
8590,56998185,56998.185,400,0,gap,28
8591,57002319,57002.319,395,0,gap,28
8592,57006444,57006.444,368,0,gap,28
8593,57018177,57018.177,439,0,gap,28
8594,57022329,57022.329,384,0,gap,28
8595,57026480,57026.48,355,0,gap,28
8596,57038189,57038.189,453,0,gap,28
8597,57042355,57042.355,334,0,gap,28
8598,57046511,57046.511,322,0,gap,28
8599,57058169,57058.169,416,0,gap,28
8600,57062340,57062.34,310,0,gap,28
8601,57066515,57066.515,349,0,gap,28
8602,57078173,57078.173,368,0,gap,28
8603,57082358,57082.358,327,0,gap,28
8604,57086534,57086.534,363,0,gap,28
8605,57098169,57098.169,359,0,gap,28
8606,57102360,57102.36,354,0,gap,28
8607,57106558,57106.558,320,0,gap,28
8608,57118169,57118.169,388,0,gap,28
8609,57122374,57122.374,343,0,gap,28
8610,57126569,57126.569,304,0,gap,28
8611,57138165,57138.165,415,0,gap,28
8612,57142379,57142.379,314,0,gap,28
8613,57146589,57146.589,273,0,gap,28
8614,57158169,57158.169,406,0,gap,28
8615,57162397,57162.397,280,0,gap,28
8616,57166612,57166.612,299,0,gap,28
8617,57178165,57178.165,356,0,gap,28
8618,57182395,57182.395,284,0,gap,28
8619,57186620,57186.62,317,0,gap,28
8620,57193608,57193.608,318,0,gap,28
8621,57197574,57197.574,247,0,gap,28
8622,57208187,57208.187,365,0,gap,28
8623,57212167,57212.167,235,0,gap,28
8624,57218186,57218.186,314,0,gap,28
8625,57228178,57228.178,311,0,gap,28
8626,57232171,57232.171,263,0,gap,28
8627,57238177,57238.177,339,0,gap,28
8628,57248190,57248.19,277,0,gap,28
8629,57252194,57252.194,267,0,gap,28
8630,57258185,57258.185,304,0,gap,28
8631,57268178,57268.178,310,0,gap,28
8632,57272196,57272.196,267,0,gap,28
8633,57276206,57276.206,257,0,gap,28
8634,57288187,57288.187,348,0,gap,28
8635,57292211,57292.211,249,0,gap,28
8636,57296231,57296.231,215,0,gap,28
8637,57308179,57308.179,345,0,gap,28
8638,57312213,57312.213,209,0,gap,28
8639,57316252,57316.252,229,0,gap,28
8640,57328186,57328.186,290,0,gap,28
8641,57332258,57332.258,215,0,gap,28
8642,57336331,57336.331,262,0,gap,28
8643,57348178,57348.178,263,0,gap,28
8644,57352270,57352.27,258,0,gap,28
8645,57356354,57356.354,233,0,gap,28
8646,57368186,57368.186,307,0,gap,28
8647,57372284,57372.284,258,0,gap,28
8648,57376378,57376.378,205,0,gap,28
8649,57388177,57388.177,322,0,gap,28
8650,57392290,57392.29,208,0,gap,28
8651,57396394,57396.394,190,0,gap,28
8652,57408185,57408.185,311,0,gap,28
8653,57412308,57412.308,183,0,gap,28
8654,57416430,57416.43,213,0,gap,28
8655,57428177,57428.177,275,0,gap,28
8656,57432318,57432.318,192,0,gap,28
8657,57436461,57436.461,239,0,gap,28
8658,57448185,57448.185,227,0,gap,28
8659,57452344,57452.344,221,0,gap,28
8660,57456502,57456.502,223,0,gap,28
8661,57468177,57468.177,271,0,gap,28
8662,57472350,57472.35,219,0,gap,28
8663,57476518,57476.518,176,0,gap,28
8664,57488173,57488.173,305,0,gap,28
8665,57492352,57492.352,191,0,gap,28
8666,57496534,57496.534,151,0,gap,28
8667,57508169,57508.169,294,0,gap,28
8668,57512361,57512.361,151,0,gap,28
8669,57516549,57516.549,176,0,gap,28
8670,57528173,57528.173,240,0,gap,28
8671,57532379,57532.379,176,0,gap,28
8672,57536577,57536.577,214,0,gap,28
8673,57548165,57548.165,206,0,gap,28
8674,57552377,57552.377,213,0,gap,28
8675,57556580,57556.58,190,0,gap,28
8676,57568173,57568.173,257,0,gap,28
8677,57572391,57572.391,206,0,gap,28
8678,57576607,57576.607,162,0,gap,28
8679,57588165,57588.165,282,0,gap,28
8680,57592396,57592.396,155,0,gap,28
8681,57596619,57596.619,135,0,gap,28
8682,57608169,57608.169,271,0,gap,28
8683,57615158,57615.158,176,0,gap,28
8684,57619126,57619.126,185,0,gap,28
8685,57628177,57628.177,191,0,gap,28
8686,57632150,57632.15,151,0,gap,28
8687,57638177,57638.177,237,0,gap,28
8688,57648186,57648.186,173,0,gap,28
8689,57652179,57652.179,167,0,gap,28
8690,57658185,57658.185,191,0,gap,28
8691,57668178,57668.178,234,1,pulse,29
8692,57672270,57672.27,4095,1,pulse,29
8693,57678173,57678.173,4095,1,pulse,29
8694,57688182,57688.182,4095,1,pulse,29
8695,57692139,57692.139,4095,1,pulse,29
8696,57698182,57698.182,4095,1,pulse,29
8697,57708174,57708.174,4095,0,gap,29
8698,57712356,57712.356,3062,0,gap,29
8699,57718177,57718.177,2871,0,gap,29
8700,57728186,57728.186,2779,0,gap,29
8701,57732236,57732.236,2751,0,gap,29
8702,57738186,57738.186,2702,0,gap,29
8703,57748178,57748.178,2672,0,gap,29
8704,57752263,57752.263,2665,0,gap,29
8705,57758177,57758.177,2634,0,gap,29
8706,57768186,57768.186,2587,0,gap,29
8707,57772285,57772.285,2587,0,gap,29
8708,57778185,57778.185,2551,0,gap,29
8709,57788178,57788.178,2512,0,gap,29
8710,57792283,57792.283,2521,0,gap,29
8711,57798177,57798.177,2495,0,gap,29
8712,57808190,57808.19,2463,0,gap,29
8713,57812313,57812.313,2445,0,gap,29
8714,57818185,57818.185,2416,0,gap,29
8715,57828178,57828.178,2375,0,gap,29
8716,57832312,57832.312,2377,0,gap,29
8717,57838169,57838.169,2354,0,gap,29
8718,57848186,57848.186,2329,0,gap,29
8719,57852338,57852.338,2326,0,gap,29
8720,57858169,57858.169,2289,0,gap,29
8721,57868178,57868.178,2266,0,gap,29
8722,57872347,57872.347,2247,0,gap,29
8723,57876519,57876.519,2237,0,gap,29
8724,57888187,57888.187,2201,0,gap,29
8725,57892366,57892.366,2180,0,gap,29
8726,57896544,57896.544,2178,0,gap,29
8727,57908179,57908.179,2143,0,gap,29
8728,57912376,57912.376,2130,0,gap,29
8729,57916560,57916.56,2117,0,gap,29
8730,57928187,57928.187,2091,0,gap,29
8731,57932385,57932.385,2083,0,gap,29
8732,57936579,57936.579,2079,0,gap,29
8733,57948179,57948.179,2031,0,gap,29
8734,57952395,57952.395,2025,0,gap,29
8735,57956603,57956.603,2001,0,gap,29
8736,57968187,57968.187,1970,0,gap,29
8737,57972405,57972.405,1955,0,gap,29
8738,57976619,57976.619,1959,0,gap,29
8739,57988183,57988.183,1914,0,gap,29
8740,57992415,57992.415,1891,0,gap,29
8741,57996642,57996.642,1872,0,gap,29
8742,58008186,58008.186,1866,0,gap,29
8743,58012428,58012.428,1830,0,gap,29
8744,58016669,58016.669,1835,0,gap,29
8745,58028178,58028.178,1775,0,gap,29
8746,58035192,58035.192,1776,0,gap,29
8747,58039170,58039.17,1776,0,gap,29
8748,58048186,58048.186,1751,0,gap,29
8749,58052173,58052.173,1745,0,gap,29
8750,58058186,58058.186,1705,0,gap,29
8751,58068178,58068.178,1712,0,gap,29
8752,58072182,58072.182,1684,0,gap,29
8753,58078178,58078.178,1648,0,gap,29
8754,58088186,58088.186,1651,0,gap,29
8755,58092201,58092.201,1611,0,gap,29
8756,58098186,58098.186,1627,0,gap,29
8757,58108178,58108.178,1588,0,gap,29
8758,58112203,58112.203,1580,0,gap,29
8759,58118178,58118.178,1566,0,gap,29
8760,58128190,58128.19,1535,0,gap,29
8761,58132230,58132.23,1527,0,gap,29
8762,58138185,58138.185,1515,0,gap,29
8763,58148178,58148.178,1488,0,gap,29
8764,58152223,58152.223,1486,0,gap,29
8765,58158177,58158.177,1460,0,gap,29
8766,58168186,58168.186,1452,0,gap,29
8767,58172269,58172.269,1438,0,gap,29
8768,58178185,58178.185,1407,0,gap,29
8769,58188178,58188.178,1393,0,gap,29
8770,58192269,58192.269,1363,0,gap,29
8771,58198181,58198.181,1377,0,gap,29
8772,58208186,58208.186,1339,0,gap,29
8773,58212295,58212.295,1322,0,gap,29
8774,58218185,58218.185,1325,0,gap,29
8775,58228178,58228.178,1295,0,gap,29
8776,58232300,58232.3,1284,0,gap,29
8777,58238169,58238.169,1277,0,gap,29
8778,58248186,58248.186,1255,0,gap,29
8779,58252323,58252.323,1264,0,gap,29
8780,58258169,58258.169,1231,0,gap,29
8781,58268178,58268.178,1243,0,gap,29
8782,58272326,58272.326,1200,0,gap,29
8783,58276495,58276.495,1178,0,gap,29
8784,58288187,58288.187,1191,0,gap,29
8785,58292364,58292.364,1179,0,gap,29
8786,58296525,58296.525,1136,0,gap,29
8787,58308183,58308.183,1162,0,gap,29
8788,58312362,58312.362,1106,0,gap,29
8789,58316540,58316.54,1126,0,gap,29
8790,58328187,58328.187,1093,0,gap,29
8791,58332383,58332.383,1108,0,gap,29
8792,58336571,58336.571,1082,0,gap,29
8793,58348179,58348.179,1057,0,gap,29
8794,58352373,58352.373,1072,0,gap,29
8795,58356571,58356.571,1053,0,gap,29
8796,58368187,58368.187,1050,0,gap,29
8797,58372399,58372.399,1030,0,gap,29
8798,58376606,58376.606,992,0,gap,29
8799,58388178,58388.178,1033,0,gap,29
8800,58392396,58392.396,980,0,gap,29
8801,58396613,58396.613,953,0,gap,29
8802,58408186,58408.186,966,0,gap,29
8803,58412425,58412.425,944,0,gap,29
8804,58416643,58416.643,949,0,gap,29
8805,58428178,58428.178,920,0,gap,29
8806,58432410,58432.41,922,0,gap,29
8807,58436650,58436.65,919,0,gap,29
8808,58443645,58443.645,895,0,gap,29
8809,58458165,58458.165,902,0,gap,29
8810,58462139,58462.139,853,0,gap,29
8811,58466114,58466.114,878,0,gap,29
8812,58478185,58478.185,862,0,gap,29
8813,58482185,58482.185,838,0,gap,29
8814,58486177,58486.177,835,0,gap,29
8815,58498177,58498.177,848,0,gap,29
8816,58502180,58502.18,816,0,gap,29
8817,58506182,58506.182,834,0,gap,29
8818,58518185,58518.185,816,0,gap,29
8819,58522210,58522.21,798,0,gap,29
8820,58526223,58526.223,785,0,gap,29
8821,58538177,58538.177,823,0,gap,29
8822,58542206,58542.206,758,0,gap,29
8823,58546238,58546.238,741,0,gap,29
8824,58558189,58558.189,803,0,gap,29
8825,58562232,58562.232,720,0,gap,29
8826,58566262,58566.262,751,0,gap,29
8827,58578177,58578.177,733,0,gap,29
8828,58582225,58582.225,725,0,gap,29
8829,58586303,58586.303,717,0,gap,29
8830,58598185,58598.185,709,0,gap,29
8831,58602281,58602.281,720,0,gap,29
8832,58606365,58606.365,692,0,gap,29
8833,58618177,58618.177,721,0,gap,29
8834,58622271,58622.271,688,0,gap,29
8835,58626385,58626.385,651,0,gap,29
8836,58638185,58638.185,710,0,gap,29
8837,58642301,58642.301,638,0,gap,29
8838,58646406,58646.406,630,0,gap,29
8839,58658177,58658.177,656,0,gap,29
8840,58662305,58662.305,607,0,gap,29
8841,58666431,58666.431,643,0,gap,29
8842,58678185,58678.185,642,0,gap,29
8843,58682326,58682.326,619,0,gap,29
8844,58686463,58686.463,634,0,gap,29
8845,58698177,58698.177,624,0,gap,29
8846,58702340,58702.34,619,0,gap,29
8847,58706506,58706.506,594,0,gap,29
8848,58718173,58718.173,634,0,gap,29
8849,58722350,58722.35,594,0,gap,29
8850,58726517,58726.517,553,0,gap,29
8851,58738173,58738.173,634,0,gap,29
8852,58742351,58742.351,558,0,gap,29
8853,58746537,58746.537,543,0,gap,29
8854,58758173,58758.173,589,0,gap,29
8855,58762373,58762.373,526,0,gap,29
8856,58766564,58766.564,569,0,gap,29
8857,58778169,58778.169,560,0,gap,29
8858,58782367,58782.367,525,0,gap,29
8859,58786572,58786.572,551,0,gap,29
8860,58798169,58798.169,531,0,gap,29
8861,58802385,58802.385,540,0,gap,29
8862,58806591,58806.591,503,0,gap,29
8863,58818165,58818.165,558,0,gap,29
8864,58822386,58822.386,507,0,gap,29
8865,58826607,58826.607,463,0,gap,29
8866,58838169,58838.169,570,0,gap,29
8867,58842408,58842.408,471,0,gap,29
8868,58846635,58846.635,464,0,gap,29
8869,58858165,58858.165,529,0,gap,29
8870,58862404,58862.404,445,0,gap,29
8871,58869448,58869.448,533,0,gap,29
8872,58873431,58873.431,453,0,gap,29
8873,58878177,58878.177,443,0,gap,29
8874,58888187,58888.187,538,0,gap,29
8875,58892181,58892.181,437,0,gap,29
8876,58898186,58898.186,446,0,gap,29
8877,58908179,58908.179,496,0,gap,29
8878,58912180,58912.18,402,0,gap,29
8879,58918178,58918.178,474,0,gap,29
8880,58928186,58928.186,443,0,gap,29
8881,58932206,58932.206,418,0,gap,29
8882,58938186,58938.186,471,0,gap,29
8883,58948182,58948.182,432,0,gap,29
8884,58952213,58952.213,427,0,gap,29
8885,58958177,58958.177,424,0,gap,29
8886,58968186,58968.186,467,0,gap,29
8887,58972227,58972.227,409,0,gap,29
8888,58976267,58976.267,379,0,gap,29
8889,58988179,58988.179,478,0,gap,29
8890,58992230,58992.23,361,0,gap,29
8891,58996287,58996.287,361,0,gap,29
8892,59008187,59008.187,445,0,gap,29
8893,59012278,59012.278,360,0,gap,29
8894,59016364,59016.364,381,0,gap,29
8895,59028178,59028.178,385,0,gap,29
8896,59032275,59032.275,368,0,gap,29
8897,59036371,59036.371,394,0,gap,29
8898,59048186,59048.186,387,0,gap,29
8899,59052301,59052.301,377,0,gap,29
8900,59056399,59056.399,357,0,gap,29
8901,59068178,59068.178,432,0,gap,29
8902,59072294,59072.294,373,0,gap,29
8903,59076419,59076.419,337,0,gap,29
8904,59088190,59088.19,435,0,gap,29
8905,59092329,59092.329,322,0,gap,29
8906,59096456,59096.456,298,0,gap,29
8907,59108177,59108.177,406,0,gap,29
8908,59112344,59112.344,300,0,gap,29
8909,59116505,59116.505,331,0,gap,29
8910,59128173,59128.173,353,0,gap,29
8911,59132352,59132.352,323,0,gap,29
8912,59136518,59136.518,344,0,gap,29
8913,59148169,59148.169,339,0,gap,29
8914,59152346,59152.346,326,0,gap,29
8915,59156534,59156.534,314,0,gap,29
8916,59168173,59168.173,382,0,gap,29
8917,59172371,59172.371,325,0,gap,29
8918,59176553,59176.553,289,0,gap,29
8919,59188169,59188.169,404,0,gap,29
8920,59192373,59192.373,266,0,gap,29
8921,59196573,59196.573,276,0,gap,29
8922,59208169,59208.169,368,0,gap,29
8923,59212383,59212.383,263,0,gap,29
8924,59216588,59216.588,299,0,gap,29
8925,59228165,59228.165,314,0,gap,29
8926,59232385,59232.385,287,0,gap,29
8927,59236608,59236.608,299,0,gap,29
8928,59248169,59248.169,309,0,gap,29
8929,59252403,59252.403,304,0,gap,29
8930,59256623,59256.623,288,0,gap,29
8931,59268169,59268.169,339,0,gap,29
8932,59272404,59272.404,281,0,gap,29
8933,59276643,59276.643,233,0,gap,29
8934,59283637,59283.637,284,0,gap,29
8935,59287616,59287.616,276,0,gap,29
8936,59298191,59298.191,286,0,gap,29
8937,59302181,59302.181,285,0,gap,29
8938,59308186,59308.186,286,0,gap,29
8939,59318178,59318.178,336,0,gap,29
8940,59322173,59322.173,250,0,gap,29
8941,59328177,59328.177,223,0,gap,29
8942,59338186,59338.186,346,0,gap,29
8943,59342204,59342.204,208,0,gap,29
8944,59348185,59348.185,233,0,gap,29
8945,59358178,59358.178,304,0,gap,29
8946,59362198,59362.198,196,0,gap,29
8947,59366230,59366.23,227,0,gap,29
8948,59378187,59378.187,269,0,gap,29
8949,59382225,59382.225,224,0,gap,29
8950,59386251,59386.251,253,0,gap,29
8951,59398179,59398.179,254,0,gap,29
8952,59402227,59402.227,244,0,gap,29
8953,59406272,59406.272,233,0,gap,29
8954,59418186,59418.186,293,0,gap,29
8955,59422272,59422.272,221,0,gap,29
8956,59426347,59426.347,200,0,gap,29
8957,59438178,59438.178,330,0,gap,29
8958,59442272,59442.272,198,0,gap,29
8959,59446370,59446.37,171,0,gap,29
8960,59458186,59458.186,275,0,gap,29
8961,59462294,59462.294,178,0,gap,29
8962,59466394,59466.394,223,0,gap,29
8963,59478181,59478.181,227,0,gap,29
8964,59482299,59482.299,194,0,gap,29
8965,59486414,59486.414,219,0,gap,29
8966,59498185,59498.185,225,0,gap,29
8967,59502318,59502.318,224,0,gap,29
8968,59506454,59506.454,205,0,gap,29
8969,59518177,59518.177,289,0,gap,29
8970,59522324,59522.324,199,0,gap,29
8971,59526477,59526.477,153,0,gap,29
8972,59538185,59538.185,302,0,gap,29
8973,59542358,59542.358,168,0,gap,29
8974,59546530,59546.53,153,0,gap,29
8975,59558169,59558.169,274,0,gap,29
8976,59562352,59562.352,135,0,gap,29
8977,59566538,59566.538,203,0,gap,29
8978,59578173,59578.173,208,0,gap,29
8979,59582366,59582.366,186,0,gap,29
8980,59586553,59586.553,196,0,gap,29
8981,59598169,59598.169,211,0,gap,29
8982,59602367,59602.367,207,0,gap,29
8983,59606565,59606.565,163,0,gap,29
8984,59618173,59618.173,253,0,gap,29
8985,59622381,59622.381,191,0,gap,29
8986,59626588,59626.588,128,0,gap,29
8987,59638165,59638.165,272,0,gap,29
8988,59642383,59642.383,130,0,gap,29
8989,59646600,59646.6,140,0,gap,29
8990,59658169,59658.169,240,0,gap,29
8991,59662400,59662.4,130,0,gap,29
8992,59666627,59666.627,169,0,gap,29
8993,59678165,59678.165,191,0,gap,29
8994,59682406,59682.406,158,0,gap,29
8995,59686647,59686.647,176,0,gap,29
8996,59690890,59690.89,142,0,gap,29
8997,59697884,59697.884,161,0,gap,29
8998,59708187,59708.187,198,0,gap,29
8999,59712169,59712.169,128,0,gap,29
9000,59718190,59718.19,194,0,gap,29
9001,59728178,59728.178,176,0,gap,29
9002,59732169,59732.169,148,0,gap,29
9003,59738177,59738.177,180,0,gap,29
9004,59748186,59748.186,165,1,pulse,30
9005,59752296,59752.296,4095,1,pulse,30
9006,59758182,59758.182,4095,1,pulse,30
9007,59768174,59768.174,4095,1,pulse,30
9008,59772130,59772.13,4095,1,pulse,30
9009,59778174,59778.174,4095,1,pulse,30
9010,59788187,59788.187,4095,0,gap,30
9011,59792386,59792.386,3043,0,gap,30
9012,59798186,59798.186,2907,0,gap,30
9013,59808178,59808.178,2762,0,gap,30
9014,59812235,59812.235,2736,0,gap,30
9015,59818182,59818.182,2683,0,gap,30
9016,59828186,59828.186,2642,0,gap,30
9017,59832273,59832.273,2639,0,gap,30
9018,59838186,59838.186,2624,0,gap,30
9019,59848178,59848.178,2559,0,gap,30
9020,59852288,59852.288,2557,0,gap,30
9021,59858178,59858.178,2527,0,gap,30
9022,59868186,59868.186,2518,0,gap,30
9023,59872306,59872.306,2491,0,gap,30
9024,59878186,59878.186,2469,0,gap,30
9025,59888178,59888.178,2448,0,gap,30
9026,59892312,59892.312,2416,0,gap,30
9027,59898177,59898.177,2411,0,gap,30
9028,59908186,59908.186,2352,0,gap,30
9029,59912331,59912.331,2359,0,gap,30
9030,59918185,59918.185,2346,0,gap,30
9031,59928182,59928.182,2308,0,gap,30
9032,59932340,59932.34,2313,0,gap,30
9033,59938177,59938.177,2283,0,gap,30
9034,59948186,59948.186,2256,0,gap,30
9035,59952370,59952.37,2235,0,gap,30
9036,59958185,59958.185,2230,0,gap,30
9037,59968178,59968.178,2195,0,gap,30
9038,59972372,59972.372,2187,0,gap,30
9039,59978169,59978.169,2153,0,gap,30
9040,59988186,59988.186,2128,0,gap,30
9041,59992389,59992.389,2107,0,gap,30
9042,59998169,59998.169,2094,0,gap,30
9043,60008178,60008.178,2094,0,gap,30
9044,60012391,60012.391,2063,0,gap,30
9045,60016599,60016.599,2055,0,gap,30
9046,60028187,60028.187,2003,0,gap,30
9047,60032414,60032.414,2013,0,gap,30
9048,60036632,60036.632,1978,0,gap,30
9049,60048179,60048.179,1952,0,gap,30
9050,60052412,60052.412,1946,0,gap,30
9051,60056640,60056.64,1911,0,gap,30
9052,60068187,60068.187,1911,0,gap,30
9053,60072433,60072.433,1911,0,gap,30
9054,60076671,60076.671,1855,0,gap,30
9055,60088179,60088.179,1841,0,gap,30
9056,60092431,60092.431,1814,0,gap,30
9057,60096679,60096.679,1801,0,gap,30
9058,60108187,60108.187,1769,0,gap,30
9059,60112449,60112.449,1767,0,gap,30
9060,60119327,60119.327,1755,0,gap,30
9061,60123320,60123.32,1746,0,gap,30
9062,60138186,60138.186,1719,0,gap,30
9063,60142196,60142.196,1690,0,gap,30
9064,60146194,60146.194,1699,0,gap,30
9065,60158178,60158.178,1655,0,gap,30
9066,60162195,60162.195,1647,0,gap,30
9067,60166208,60166.208,1630,0,gap,30
9068,60178186,60178.186,1604,0,gap,30
9069,60182219,60182.219,1604,0,gap,30
9070,60186245,60186.245,1584,0,gap,30
9071,60198178,60198.178,1578,0,gap,30
9072,60202221,60202.221,1535,0,gap,30
9073,60206260,60206.26,1535,0,gap,30
9074,60218185,60218.185,1515,0,gap,30
9075,60222239,60222.239,1494,0,gap,30
9076,60226288,60226.288,1479,0,gap,30
9077,60238177,60238.177,1466,0,gap,30
9078,60242241,60242.241,1442,0,gap,30
9079,60246305,60246.305,1438,0,gap,30
9080,60258185,60258.185,1434,0,gap,30
9081,60262290,60262.29,1392,0,gap,30
9082,60266384,60266.384,1393,0,gap,30
9083,60278177,60278.177,1365,0,gap,30
9084,60282287,60282.287,1341,0,gap,30
9085,60286404,60286.404,1359,0,gap,30
9086,60298185,60298.185,1330,0,gap,30
9087,60302313,60302.313,1315,0,gap,30
9088,60306427,60306.427,1295,0,gap,30
9089,60318177,60318.177,1296,0,gap,30
9090,60322315,60322.315,1267,0,gap,30
9091,60326452,60326.452,1229,0,gap,30
9092,60338185,60338.185,1247,0,gap,30
9093,60342337,60342.337,1212,0,gap,30
9094,60346480,60346.48,1205,0,gap,30
9095,60358181,60358.181,1181,0,gap,30
9096,60362349,60362.349,1168,0,gap,30
9097,60366527,60366.527,1171,0,gap,30
9098,60378185,60378.185,1159,0,gap,30
9099,60382377,60382.377,1158,0,gap,30
9100,60386556,60386.556,1143,0,gap,30
9101,60398177,60398.177,1152,0,gap,30
9102,60402371,60402.371,1119,0,gap,30
9103,60406567,60406.567,1094,0,gap,30
9104,60418185,60418.185,1110,0,gap,30
9105,60422396,60422.396,1069,0,gap,30
9106,60426599,60426.599,1056,0,gap,30
9107,60438177,60438.177,1072,0,gap,30
9108,60442390,60442.39,1015,0,gap,30
9109,60446606,60446.606,1033,0,gap,30
9110,60458185,60458.185,1036,0,gap,30
9111,60462424,60462.424,980,0,gap,30
9112,60466645,60466.645,1008,0,gap,30
9113,60478177,60478.177,976,0,gap,30
9114,60482409,60482.409,963,0,gap,30
9115,60486643,60486.643,972,0,gap,30
9116,60498169,60498.169,973,0,gap,30
9117,60502422,60502.422,952,0,gap,30
9118,60506659,60506.659,911,0,gap,30
9119,60510914,60510.914,895,0,gap,30
9120,60518187,60518.187,932,0,gap,30
9121,60528178,60528.178,893,0,gap,30
9122,60535200,60535.2,907,0,gap,30
9123,60539232,60539.232,864,0,gap,30
9124,60548185,60548.185,880,0,gap,30
9125,60552187,60552.187,869,0,gap,30
9126,60558185,60558.185,848,0,gap,30
9127,60568182,60568.182,866,0,gap,30
9128,60572196,60572.196,832,0,gap,30
9129,60578177,60578.177,810,0,gap,30
9130,60588186,60588.186,846,0,gap,30
9131,60592211,60592.211,786,0,gap,30
9132,60596233,60596.233,783,0,gap,30
9133,60608179,60608.179,795,0,gap,30
9134,60612214,60612.214,752,0,gap,30
9135,60616254,60616.254,767,0,gap,30
9136,60628187,60628.187,752,0,gap,30
9137,60632240,60632.24,758,0,gap,30
9138,60636286,60636.286,749,0,gap,30
9139,60648178,60648.178,765,0,gap,30
9140,60652234,60652.234,739,0,gap,30
9141,60656294,60656.294,720,0,gap,30
9142,60668186,60668.186,758,0,gap,30
9143,60672293,60672.293,688,0,gap,30
9144,60676390,60676.39,688,0,gap,30
9145,60688178,60688.178,752,0,gap,30
9146,60692288,60692.288,657,0,gap,30
9147,60696397,60696.397,663,0,gap,30
9148,60708185,60708.185,684,0,gap,30
9149,60712317,60712.317,627,0,gap,30
9150,60716432,60716.432,671,0,gap,30
9151,60728177,60728.177,657,0,gap,30
9152,60732304,60732.304,661,0,gap,30
9153,60736438,60736.438,642,0,gap,30
9154,60748185,60748.185,659,0,gap,30
9155,60752333,60752.333,654,0,gap,30
9156,60756469,60756.469,611,0,gap,30
9157,60768177,60768.177,656,0,gap,30
9158,60772336,60772.336,599,0,gap,30
9159,60776507,60776.507,582,0,gap,30
9160,60788173,60788.173,656,0,gap,30
9161,60792361,60792.361,576,0,gap,30
9162,60796537,60796.537,560,0,gap,30
9163,60808169,60808.169,599,0,gap,30
9164,60812359,60812.359,553,0,gap,30
9165,60816556,60816.556,576,0,gap,30
9166,60828173,60828.173,566,0,gap,30
9167,60832381,60832.381,565,0,gap,30
9168,60836575,60836.575,560,0,gap,30
9169,60848165,60848.165,576,0,gap,30
9170,60852378,60852.378,545,0,gap,30
9171,60856591,60856.591,545,0,gap,30
9172,60868169,60868.169,607,0,gap,30
9173,60872396,60872.396,511,0,gap,30
9174,60876610,60876.61,496,0,gap,30
9175,60888169,60888.169,578,0,gap,30
9176,60892398,60892.398,483,0,gap,30
9177,60896630,60896.63,493,0,gap,30
9178,60908169,60908.169,545,0,gap,30
9179,60912420,60912.42,464,0,gap,30
9180,60916657,60916.657,511,0,gap,30
9181,60920918,60920.918,485,0,gap,30
9182,60928187,60928.187,474,0,gap,30
9183,60938178,60938.178,550,0,gap,30
9184,60942434,60942.434,442,0,gap,30
9185,60949466,60949.466,500,0,gap,30
9186,60958185,60958.185,479,0,gap,30
9187,60962185,60962.185,425,0,gap,30
9188,60968185,60968.185,493,0,gap,30
9189,60978178,60978.178,432,0,gap,30
9190,60982186,60982.186,451,0,gap,30
9191,60988181,60988.181,476,0,gap,30
9192,60998186,60998.186,477,0,gap,30
9193,61002214,61002.214,461,0,gap,30
9194,61006229,61006.229,405,0,gap,30
9195,61018179,61018.179,491,0,gap,30
9196,61022213,61022.213,402,0,gap,30
9197,61026255,61026.255,391,0,gap,30
9198,61038187,61038.187,496,0,gap,30
9199,61042239,61042.239,384,0,gap,30
9200,61046279,61046.279,388,0,gap,30
9201,61058178,61058.178,458,0,gap,30
9202,61062237,61062.237,368,0,gap,30
9203,61066295,61066.295,394,0,gap,30
9204,61078186,61078.186,398,0,gap,30
9205,61082276,61082.276,394,0,gap,30
9206,61086362,61086.362,382,0,gap,30
9207,61098182,61098.182,428,0,gap,30
9208,61102287,61102.287,378,0,gap,30
9209,61106395,61106.395,359,0,gap,30
9210,61118185,61118.185,439,0,gap,30
9211,61122308,61122.308,365,0,gap,30
9212,61126418,61126.418,322,0,gap,30
9213,61138177,61138.177,432,0,gap,30
9214,61142303,61142.303,318,0,gap,30
9215,61146433,61146.433,336,0,gap,30
9216,61158185,61158.185,413,0,gap,30
9217,61162332,61162.332,318,0,gap,30
9218,61166471,61166.471,365,0,gap,30
9219,61178177,61178.177,343,0,gap,30
9220,61182330,61182.33,352,0,gap,30
9221,61186495,61186.495,349,0,gap,30
9222,61198173,61198.173,400,0,gap,30
9223,61202368,61202.368,347,0,gap,30
9224,61206543,61206.543,304,0,gap,30
9225,61218169,61218.169,400,0,gap,30
9226,61222358,61222.358,311,0,gap,30
9227,61226550,61226.55,284,0,gap,30
9228,61238173,61238.173,402,0,gap,30
9229,61242384,61242.384,277,0,gap,30
9230,61246578,61246.578,293,0,gap,30
9231,61258165,61258.165,358,0,gap,30
9232,61262374,61262.374,277,0,gap,30
9233,61266585,61266.585,320,0,gap,30
9234,61278169,61278.169,322,0,gap,30
9235,61282395,61282.395,290,0,gap,30
9236,61286609,61286.609,304,0,gap,30
9237,61298165,61298.165,342,0,gap,30
9238,61302393,61302.393,311,0,gap,30
9239,61306628,61306.628,271,0,gap,30
9240,61318169,61318.169,368,0,gap,30
9241,61322415,61322.415,281,0,gap,30
9242,61326648,61326.648,240,0,gap,30
9243,61338165,61338.165,370,0,gap,30
9244,61342412,61342.412,244,0,gap,30
9245,61346667,61346.667,240,0,gap,30
9246,61350920,61350.92,288,0,gap,30
9247,61357933,61357.933,281,0,gap,30
9248,61368187,61368.187,353,0,gap,30
9249,61372184,61372.184,253,0,gap,30
9250,61378186,61378.186,238,0,gap,30
9251,61388178,61388.178,325,0,gap,30
9252,61392184,61392.184,210,0,gap,30
9253,61398177,61398.177,266,0,gap,30
9254,61408186,61408.186,281,0,gap,30
9255,61412215,61412.215,208,0,gap,30
9256,61418185,61418.185,299,0,gap,30
9257,61428178,61428.178,241,0,gap,30
9258,61432209,61432.209,250,0,gap,30
9259,61436239,61436.239,241,0,gap,30
9260,61448187,61448.187,281,0,gap,30
9261,61452238,61452.238,262,0,gap,30
9262,61456280,61456.28,218,0,gap,30
9263,61468179,61468.179,325,0,gap,30
9264,61472235,61472.235,219,0,gap,30
9265,61476287,61476.287,189,0,gap,30
9266,61488186,61488.186,336,0,gap,30
9267,61492255,61492.255,177,0,gap,30
9268,61496347,61496.347,191,0,gap,30
9269,61508178,61508.178,272,0,gap,30
9270,61512283,61512.283,182,0,gap,30
9271,61516389,61516.389,246,0,gap,30
9272,61528186,61528.186,229,0,gap,30
9273,61532302,61532.302,226,0,gap,30
9274,61536414,61536.414,237,0,gap,30
9275,61548177,61548.177,271,0,gap,30
9276,61552304,61552.304,226,0,gap,30
9277,61556430,61556.43,179,0,gap,30
9278,61568185,61568.185,314,0,gap,30
9279,61572326,61572.326,193,0,gap,30
9280,61576463,61576.463,151,0,gap,30
9281,61588177,61588.177,287,1,pulse,31
9282,61592428,61592.428,4095,1,pulse,31
9283,61596525,61596.525,4095,1,pulse,31
9284,61608182,61608.182,4095,1,pulse,31
9285,61612297,61612.297,4095,1,pulse,31
9286,61616407,61616.407,4095,1,pulse,31
9287,61628174,61628.174,4095,0,gap,31
9288,61632521,61632.521,2945,0,gap,31
9289,61636721,61636.721,2839,0,gap,31
9290,61648186,61648.186,2768,0,gap,31
9291,61652401,61652.401,2735,0,gap,31
9292,61656607,61656.607,2732,0,gap,31
9293,61668178,61668.178,2672,0,gap,31
9294,61672398,61672.398,2640,0,gap,31
9295,61676615,61676.615,2605,0,gap,31
9296,61688186,61688.186,2583,0,gap,31
9297,61692420,61692.42,2558,0,gap,31
9298,61696646,61696.646,2541,0,gap,31
9299,61708178,61708.178,2497,0,gap,31
9300,61712418,61712.418,2480,0,gap,31
9301,61716653,61716.653,2465,0,gap,31
9302,61728190,61728.19,2433,0,gap,31
9303,61732440,61732.44,2425,0,gap,31
9304,61736685,61736.685,2414,0,gap,31
9305,61748177,61748.177,2385,0,gap,31
9306,61752437,61752.437,2359,0,gap,31
9307,61756696,61756.696,2347,0,gap,31
9308,61768185,61768.185,2326,0,gap,31
9309,61772455,61772.455,2298,0,gap,31
9310,61779532,61779.532,2275,0,gap,31
9311,61783538,61783.538,2263,0,gap,31
9312,61798169,61798.169,2242,0,gap,31
9313,61802183,61802.183,2218,0,gap,31
9314,61806193,61806.193,2185,0,gap,31
9315,61818178,61818.178,2181,0,gap,31
9316,61822204,61822.204,2141,0,gap,31
9317,61826226,61826.226,2129,0,gap,31
9318,61838190,61838.19,2108,0,gap,31
9319,61842227,61842.227,2105,0,gap,31
9320,61846263,61846.263,2055,0,gap,31
9321,61858177,61858.177,2038,0,gap,31
9322,61862225,61862.225,2023,0,gap,31
9323,61866281,61866.281,2031,0,gap,31
9324,61878185,61878.185,1980,0,gap,31
9325,61882252,61882.252,1974,0,gap,31
9326,61886305,61886.305,1953,0,gap,31
9327,61898177,61898.177,1922,0,gap,31
9328,61902246,61902.246,1919,0,gap,31
9329,61906322,61906.322,1903,0,gap,31
9330,61918185,61918.185,1884,0,gap,31
9331,61922291,61922.291,1857,0,gap,31
9332,61926392,61926.392,1837,0,gap,31
9333,61938177,61938.177,1835,0,gap,31
9334,61942300,61942.3,1807,0,gap,31
9335,61946421,61946.421,1802,0,gap,31
9336,61958185,61958.185,1761,0,gap,31
9337,61962321,61962.321,1755,0,gap,31
9338,61966445,61966.445,1750,0,gap,31
9339,61978181,61978.181,1719,0,gap,31
9340,61982327,61982.327,1709,0,gap,31
9341,61986471,61986.471,1694,0,gap,31
9342,61998185,61998.185,1670,0,gap,31
9343,62002342,62002.342,1661,0,gap,31
9344,62006494,62006.494,1627,0,gap,31
9345,62018177,62018.177,1616,0,gap,31
9346,62022352,62022.352,1582,0,gap,31
9347,62026534,62026.534,1574,0,gap,31
9348,62038185,62038.185,1584,0,gap,31
9349,62042382,62042.382,1535,0,gap,31
9350,62046578,62046.578,1519,0,gap,31
9351,62058177,62058.177,1522,0,gap,31
9352,62062384,62062.384,1489,0,gap,31
9353,62066585,62066.585,1483,0,gap,31
9354,62078185,62078.185,1467,0,gap,31
9355,62082405,62082.405,1443,0,gap,31
9356,62086617,62086.617,1431,0,gap,31
9357,62098177,62098.177,1431,0,gap,31
9358,62102403,62102.403,1404,0,gap,31
9359,62106624,62106.624,1375,0,gap,31
9360,62118185,62118.185,1387,0,gap,31
9361,62122425,62122.425,1359,0,gap,31
9362,62126656,62126.656,1327,0,gap,31
9363,62138177,62138.177,1330,0,gap,31
9364,62142423,62142.423,1297,0,gap,31
9365,62146663,62146.663,1297,0,gap,31
9366,62158189,62158.189,1282,0,gap,31
9367,62162444,62162.444,1274,0,gap,31
9368,62166695,62166.695,1257,0,gap,31
9369,62178177,62178.177,1232,0,gap,31
9370,62182442,62182.442,1235,0,gap,31
9371,62186706,62186.706,1221,0,gap,31
9372,62193726,62193.726,1182,0,gap,31
9373,62208165,62208.165,1188,0,gap,31
9374,62212170,62212.17,1165,0,gap,31
9375,62216170,62216.17,1178,0,gap,31
9376,62228186,62228.186,1136,0,gap,31
9377,62232210,62232.21,1133,0,gap,31
9378,62236227,62236.227,1137,0,gap,31
9379,62248178,62248.178,1138,0,gap,31
9380,62252209,62252.209,1104,0,gap,31
9381,62256237,62256.237,1073,0,gap,31
9382,62268190,62268.19,1091,0,gap,31
9383,62272235,62272.235,1059,0,gap,31
9384,62276273,62276.273,1035,0,gap,31
9385,62288177,62288.177,1040,0,gap,31
9386,62292231,62292.231,1006,0,gap,31
9387,62296292,62296.292,1011,0,gap,31
9388,62308185,62308.185,989,0,gap,31
9389,62312256,62312.256,975,0,gap,31
9390,62316313,62316.313,989,0,gap,31
9391,62328177,62328.177,955,0,gap,31
9392,62332252,62332.252,959,0,gap,31
9393,62336361,62336.361,944,0,gap,31
9394,62348185,62348.185,947,0,gap,31
9395,62352304,62352.304,929,0,gap,31
9396,62356412,62356.412,898,0,gap,31
9397,62368177,62368.177,921,0,gap,31
9398,62372304,62372.304,887,0,gap,31
9399,62376429,62376.429,875,0,gap,31
9400,62388185,62388.185,912,0,gap,31
9401,62392325,62392.325,849,0,gap,31
9402,62396454,62396.454,850,0,gap,31
9403,62408181,62408.181,868,0,gap,31
9404,62412328,62412.328,823,0,gap,31
9405,62416478,62416.478,854,0,gap,31
9406,62428185,62428.185,825,0,gap,31
9407,62432354,62432.354,833,0,gap,31
9408,62436515,62436.515,803,0,gap,31
9409,62448169,62448.169,816,0,gap,31
9410,62452356,62452.356,800,0,gap,31
9411,62456546,62456.546,755,0,gap,31
9412,62468173,62468.173,798,0,gap,31
9413,62472378,62472.378,752,0,gap,31
9414,62476573,62476.573,738,0,gap,31
9415,62488165,62488.165,765,0,gap,31
9416,62492371,62492.371,720,0,gap,31
9417,62496581,62496.581,730,0,gap,31
9418,62508169,62508.169,725,0,gap,31
9419,62512397,62512.397,707,0,gap,31
9420,62516608,62516.608,734,0,gap,31
9421,62528165,62528.165,703,0,gap,31
9422,62532391,62532.391,690,0,gap,31
9423,62536620,62536.62,699,0,gap,31
9424,62548169,62548.169,690,0,gap,31
9425,62552417,62552.417,693,0,gap,31
9426,62556647,62556.647,658,0,gap,31
9427,62568165,62568.165,701,0,gap,31
9428,62572410,62572.41,640,0,gap,31
9429,62576659,62576.659,614,0,gap,31
9430,62580913,62580.913,631,0,gap,31
9431,62588179,62588.179,653,0,gap,31
9432,62598186,62598.186,647,0,gap,31
9433,62602456,62602.456,641,0,gap,31
9434,62608185,62608.185,606,0,gap,31
9435,62615262,62615.262,629,0,gap,31
9436,62628186,62628.186,586,0,gap,31
9437,62632195,62632.195,609,0,gap,31
9438,62636192,62636.192,593,0,gap,31
9439,62648177,62648.177,610,0,gap,31
9440,62652195,62652.195,589,0,gap,31
9441,62656221,62656.221,569,0,gap,31
9442,62668185,62668.185,624,0,gap,31
9443,62672222,62672.222,550,0,gap,31
9444,62676248,62676.248,528,0,gap,31
9445,62688177,62688.177,606,0,gap,31
9446,62692225,62692.225,527,0,gap,31
9447,62696272,62696.272,527,0,gap,31
9448,62708185,62708.185,566,0,gap,31
9449,62712248,62712.248,493,0,gap,31
9450,62716298,62716.298,550,0,gap,31
9451,62728181,62728.181,511,0,gap,31
9452,62732246,62732.246,527,0,gap,31
9453,62736314,62736.314,496,0,gap,31
9454,62748185,62748.185,559,0,gap,31
9455,62752278,62752.278,499,0,gap,31
9456,62756374,62756.374,464,0,gap,31
9457,62768177,62768.177,559,0,gap,31
9458,62772291,62772.291,473,0,gap,31
9459,62776408,62776.408,458,0,gap,31
9460,62788185,62788.185,529,0,gap,31
9461,62792317,62792.317,433,0,gap,31
9462,62796440,62796.44,448,0,gap,31
9463,62808177,62808.177,487,0,gap,31
9464,62812313,62812.313,443,0,gap,31
9465,62816456,62816.456,467,0,gap,31
9466,62828185,62828.185,463,0,gap,31
9467,62832346,62832.346,458,0,gap,31
9468,62836491,62836.491,444,0,gap,31
9469,62848177,62848.177,492,0,gap,31
9470,62852349,62852.349,440,0,gap,31
9471,62856519,62856.519,413,0,gap,31
9472,62868173,62868.173,501,0,gap,31
9473,62872374,62872.374,400,0,gap,31
9474,62876557,62876.557,384,0,gap,31
9475,62888169,62888.169,491,0,gap,31
9476,62892367,62892.367,377,0,gap,31
9477,62896569,62896.569,382,0,gap,31
9478,62908173,62908.173,435,0,gap,31
9479,62912389,62912.389,371,0,gap,31
9480,62916592,62916.592,406,0,gap,31
9481,62928165,62928.165,400,0,gap,31
9482,62932383,62932.383,402,0,gap,31
9483,62936608,62936.608,390,0,gap,31
9484,62948169,62948.169,421,0,gap,31
9485,62952405,62952.405,399,0,gap,31
9486,62956627,62956.627,355,0,gap,31
9487,62968165,62968.165,454,0,gap,31
9488,62972402,62972.402,348,0,gap,31
9489,62976647,62976.647,319,0,gap,31
9490,62980885,62980.885,350,0,gap,31
9491,62988179,62988.179,397,0,gap,31
9492,62998186,62998.186,398,0,gap,31
9493,63002448,63002.448,367,0,gap,31
9494,63008189,63008.189,333,0,gap,31
9495,63018178,63018.178,429,0,gap,31
9496,63022441,63022.441,330,0,gap,31
9497,63029474,63029.474,362,0,gap,31
9498,63033502,63033.502,354,0,gap,31
9499,63048182,63048.182,384,0,gap,31
9500,63052186,63052.186,332,0,gap,31
9501,63056195,63056.195,317,0,gap,31
9502,63068185,63068.185,413,0,gap,31
9503,63072213,63072.213,303,0,gap,31
9504,63076229,63076.229,277,0,gap,31
9505,63088177,63088.177,387,0,gap,31
9506,63092208,63092.208,253,0,gap,31
9507,63096244,63096.244,287,0,gap,31
9508,63108185,63108.185,336,0,gap,31
9509,63112234,63112.234,284,0,gap,31
9510,63116283,63116.283,307,0,gap,31
9511,63128177,63128.177,327,0,gap,31
9512,63132237,63132.237,311,0,gap,31
9513,63136292,63136.292,307,0,gap,31
9514,63148185,63148.185,354,0,gap,31
9515,63152259,63152.259,298,0,gap,31
9516,63156324,63156.324,259,0,gap,31
9517,63168177,63168.177,367,0,gap,31
9518,63172287,63172.287,266,0,gap,31
9519,63176389,63176.389,240,0,gap,31
9520,63188185,63188.185,353,0,gap,31
9521,63192309,63192.309,236,0,gap,31
9522,63196424,63196.424,272,0,gap,31
9523,63208177,63208.177,314,0,gap,31
9524,63212307,63212.307,252,0,gap,31
9525,63216432,63216.432,278,0,gap,31
9526,63228189,63228.189,283,0,gap,31
9527,63232330,63232.33,289,0,gap,31
9528,63236470,63236.47,257,0,gap,31
9529,63248177,63248.177,325,0,gap,31
9530,63252331,63252.331,273,0,gap,31
9531,63256485,63256.485,218,0,gap,31
9532,63268185,63268.185,355,0,gap,31
9533,63272358,63272.358,225,0,gap,31
9534,63276531,63276.531,205,0,gap,31
9535,63288169,63288.169,327,0,gap,31
9536,63292363,63292.363,218,0,gap,31
9537,63296556,63296.556,231,0,gap,31
9538,63308173,63308.173,289,0,gap,31
9539,63312377,63312.377,229,0,gap,31
9540,63316576,63316.576,261,0,gap,31
9541,63328165,63328.165,256,0,gap,31
9542,63332383,63332.383,262,0,gap,31
9543,63336591,63336.591,238,0,gap,31
9544,63348169,63348.169,299,0,gap,31
9545,63352392,63352.392,244,0,gap,31
9546,63356611,63356.611,198,0,gap,31
9547,63368169,63368.169,329,0,gap,31
9548,63372402,63372.402,210,0,gap,31
9549,63376630,63376.63,192,0,gap,31
9550,63388169,63388.169,311,0,gap,31
9551,63392412,63392.412,176,0,gap,31
9552,63396650,63396.65,208,0,gap,31
9553,63400898,63400.898,240,0,gap,31
9554,63408187,63408.187,210,0,gap,31
9555,63418178,63418.178,288,0,gap,31
9556,63422437,63422.437,175,0,gap,31
9557,63428177,63428.177,187,0,gap,31
9558,63438190,63438.19,263,0,gap,31
9559,63442461,63442.461,146,0,gap,31
9560,63449517,63449.517,253,0,gap,31
9561,63453524,63453.524,196,0,gap,31
9562,63468186,63468.186,309,0,gap,31
9563,63472200,63472.2,174,0,gap,31
9564,63476210,63476.21,144,0,gap,31
9565,63488177,63488.177,287,0,gap,31
9566,63492203,63492.203,144,0,gap,31
9567,63496224,63496.224,165,0,gap,31
9568,63508185,63508.185,238,0,gap,31
9569,63512227,63512.227,155,0,gap,31
9570,63516262,63516.262,196,0,gap,31
9571,63528177,63528.177,208,0,gap,31
9572,63532229,63532.229,189,0,gap,31
9573,63536276,63536.276,189,0,gap,31
9574,63548189,63548.189,228,0,gap,31
9575,63552251,63552.251,189,0,gap,31
9576,63556309,63556.309,138,0,gap,31
9577,63568177,63568.177,275,0,gap,31
9578,63572249,63572.249,142,0,gap,31
9579,63576320,63576.32,118,0,gap,31
9580,63588185,63588.185,251,0,gap,31
9581,63592293,63592.293,122,0,gap,31
9582,63596399,63596.399,154,0,gap,31
9583,63608177,63608.177,225,0,gap,31
9584,63612299,63612.299,141,0,gap,31
9585,63616420,63616.42,184,0,gap,31
9586,63628185,63628.185,179,0,gap,31
9587,63632329,63632.329,177,0,gap,31
9588,63636456,63636.456,145,0,gap,31
9589,63648177,63648.177,233,0,gap,31
9590,63652328,63652.328,163,0,gap,31
9591,63656470,63656.47,132,0,gap,31
9592,63668185,63668.185,256,0,gap,31
9593,63672341,63672.341,139,0,gap,31
9594,63676493,63676.493,107,0,gap,31
9595,63688173,63688.173,234,0,gap,31
9596,63692348,63692.348,91,0,gap,31
9597,63696528,63696.528,139,0,gap,31
9598,63708169,63708.169,179,0,gap,31
9599,63712365,63712.365,117,0,gap,31
9600,63716556,63716.556,178,0,gap,31
9601,63728169,63728.169,151,0,gap,31
9602,63732375,63732.375,153,0,gap,31
9603,63736576,63736.576,143,0,gap,31
9604,63748169,63748.169,214,1,pulse,32
9605,63752480,63752.48,4095,1,pulse,32
9606,63756633,63756.633,4095,1,pulse,32
9607,63768174,63768.174,4095,1,pulse,32
9608,63772333,63772.333,4095,1,pulse,32
9609,63776487,63776.487,4095,1,pulse,32
9610,63788182,63788.182,4095,0,gap,32
9611,63792577,63792.577,3030,0,gap,32
9612,63796822,63796.822,2903,0,gap,32
9613,63808178,63808.178,2758,0,gap,32
9614,63812433,63812.433,2736,0,gap,32
9615,63816683,63816.683,2699,0,gap,32
9616,63828186,63828.186,2678,0,gap,32
9617,63832451,63832.451,2625,0,gap,32
9618,63836707,63836.707,2611,0,gap,32
9619,63848178,63848.178,2559,0,gap,32
9620,63852452,63852.452,2559,0,gap,32
9621,63856727,63856.727,2559,0,gap,32
9622,63863775,63863.775,2515,0,gap,32
9623,63878177,63878.177,2497,0,gap,32
9624,63882191,63882.191,2483,0,gap,32
9625,63886201,63886.201,2468,0,gap,32
9626,63898190,63898.19,2431,0,gap,32
9627,63902220,63902.22,2410,0,gap,32
9628,63906243,63906.243,2397,0,gap,32
9629,63918178,63918.178,2369,0,gap,32
9630,63922215,63922.215,2335,0,gap,32
9631,63926253,63926.253,2324,0,gap,32
9632,63938185,63938.185,2306,0,gap,32
9633,63942237,63942.237,2289,0,gap,32
9634,63946281,63946.281,2281,0,gap,32
9635,63958177,63958.177,2245,0,gap,32
9636,63962237,63962.237,2218,0,gap,32
9637,63966303,63966.303,2194,0,gap,32
9638,63978185,63978.185,2175,0,gap,32
9639,63982266,63982.266,2164,0,gap,32
9640,63986335,63986.335,2139,0,gap,32
9641,63998177,63998.177,2112,0,gap,32
9642,64002263,64002.263,2096,0,gap,32
9643,64006379,64006.379,2073,0,gap,32
9644,64018185,64018.185,2064,0,gap,32
9645,64022311,64022.311,2037,0,gap,32
9646,64026430,64026.43,2026,0,gap,32
9647,64038177,64038.177,1991,0,gap,32
9648,64042315,64042.315,1975,0,gap,32
9649,64046451,64046.451,1965,0,gap,32
9650,64058185,64058.185,1927,0,gap,32
9651,64062336,64062.336,1936,0,gap,32
9652,64066472,64066.472,1915,0,gap,32
9653,64078177,64078.177,1895,0,gap,32
9654,64082335,64082.335,1857,0,gap,32
9655,64086496,64086.496,1874,0,gap,32
9656,64098185,64098.185,1856,0,gap,32
9657,64102361,64102.361,1822,0,gap,32
9658,64106537,64106.537,1808,0,gap,32
9659,64118177,64118.177,1795,0,gap,32
9660,64122371,64122.371,1742,0,gap,32
9661,64126572,64126.572,1728,0,gap,32
9662,64138185,64138.185,1723,0,gap,32
9663,64142401,64142.401,1683,0,gap,32
9664,64146607,64146.607,1675,0,gap,32
9665,64158177,64158.177,1670,0,gap,32
9666,64162394,64162.394,1662,0,gap,32
9667,64166615,64166.615,1645,0,gap,32
9668,64178185,64178.185,1631,0,gap,32
9669,64182424,64182.424,1603,0,gap,32
9670,64186642,64186.642,1595,0,gap,32
9671,64198177,64198.177,1580,0,gap,32
9672,64202414,64202.414,1557,0,gap,32
9673,64206654,64206.654,1523,0,gap,32
9674,64218189,64218.189,1526,0,gap,32
9675,64222444,64222.444,1506,0,gap,32
9676,64226683,64226.683,1483,0,gap,32
9677,64238177,64238.177,1466,0,gap,32
9678,64242430,64242.43,1440,0,gap,32
9679,64246690,64246.69,1443,0,gap,32
9680,64258185,64258.185,1422,0,gap,32
9681,64262460,64262.46,1405,0,gap,32
9682,64266718,64266.718,1395,0,gap,32
9683,64278177,64278.177,1360,0,gap,32
9684,64282452,64282.452,1369,0,gap,32
9685,64289496,64289.496,1339,0,gap,32
9686,64293498,64293.498,1319,0,gap,32
9687,64308165,64308.165,1321,0,gap,32
9688,64312182,64312.182,1303,0,gap,32
9689,64316210,64316.21,1310,0,gap,32
9690,64328190,64328.19,1265,0,gap,32
9691,64332231,64332.231,1267,0,gap,32
9692,64336260,64336.26,1255,0,gap,32
9693,64348177,64348.177,1247,0,gap,32
9694,64352222,64352.222,1220,0,gap,32
9695,64356273,64356.273,1191,0,gap,32
9696,64368185,64368.185,1218,0,gap,32
9697,64372249,64372.249,1168,0,gap,32
9698,64376300,64376.3,1154,0,gap,32
9699,64388177,64388.177,1152,0,gap,32
9700,64392243,64392.243,1121,0,gap,32
9701,64396315,64396.315,1117,0,gap,32
9702,64408185,64408.185,1121,0,gap,32
9703,64412273,64412.273,1103,0,gap,32
9704,64416348,64416.348,1126,0,gap,32
9705,64428177,64428.177,1083,0,gap,32
9706,64432294,64432.294,1078,0,gap,32
9707,64436416,64436.416,1056,0,gap,32
9708,64448185,64448.185,1051,0,gap,32
9709,64452318,64452.318,1038,0,gap,32
9710,64456443,64456.443,1010,0,gap,32
9711,64468177,64468.177,1034,0,gap,32
9712,64472320,64472.32,975,0,gap,32
9713,64476462,64476.462,951,0,gap,32
9714,64488185,64488.185,986,0,gap,32
9715,64492341,64492.341,947,0,gap,32
9716,64496485,64496.485,946,0,gap,32
9717,64508177,64508.177,929,0,gap,32
9718,64512336,64512.336,918,0,gap,32
9719,64516506,64516.506,941,0,gap,32
9720,64528173,64528.173,912,0,gap,32
9721,64532358,64532.358,910,0,gap,32
9722,64536544,64536.544,899,0,gap,32
9723,64548169,64548.169,895,0,gap,32
9724,64552372,64552.372,880,0,gap,32
9725,64556574,64556.574,838,0,gap,32
9726,64568169,64568.169,885,0,gap,32
9727,64572389,64572.389,825,0,gap,32
9728,64576601,64576.601,797,0,gap,32
9729,64588165,64588.165,848,0,gap,32
9730,64592383,64592.383,792,0,gap,32
9731,64596609,64596.609,804,0,gap,32
9732,64608169,64608.169,805,0,gap,32
9733,64612409,64612.409,795,0,gap,32
9734,64616632,64616.632,802,0,gap,32
9735,64628165,64628.165,778,0,gap,32
9736,64632407,64632.407,773,0,gap,32
9737,64636652,64636.652,745,0,gap,32
9738,64640894,64640.894,752,0,gap,32
9739,64648179,64648.179,771,0,gap,32
9740,64658186,64658.186,717,0,gap,32
9741,64662448,64662.448,734,0,gap,32
9742,64668185,64668.185,747,0,gap,32
9743,64678178,64678.178,712,0,gap,32
9744,64682450,64682.45,719,0,gap,32
9745,64688165,64688.165,699,0,gap,32
9746,64698186,64698.186,718,0,gap,32
9747,64705232,64705.232,709,0,gap,32
9748,64709270,64709.27,642,0,gap,32
9749,64718177,64718.177,704,0,gap,32
9750,64722187,64722.187,645,0,gap,32
9751,64728177,64728.177,636,0,gap,32
9752,64738186,64738.186,667,0,gap,32
9753,64742219,64742.219,624,0,gap,32
9754,64748189,64748.189,666,0,gap,32
9755,64758178,64758.178,635,0,gap,32
9756,64762215,64762.215,623,0,gap,32
9757,64766260,64766.26,633,0,gap,32
9758,64778187,64778.187,618,0,gap,32
9759,64782245,64782.245,627,0,gap,32
9760,64786305,64786.305,605,0,gap,32
9761,64798179,64798.179,634,0,gap,32
9762,64802244,64802.244,577,0,gap,32
9763,64806305,64806.305,559,0,gap,32
9764,64818186,64818.186,633,0,gap,32
9765,64822266,64822.266,558,0,gap,32
9766,64826341,64826.341,529,0,gap,32
9767,64838178,64838.178,604,0,gap,32
9768,64842297,64842.297,522,0,gap,32
9769,64846406,64846.406,533,0,gap,32
9770,64858190,64858.19,550,0,gap,32
9771,64862320,64862.32,528,0,gap,32
9772,64866441,64866.441,560,0,gap,32
9773,64878177,64878.177,542,0,gap,32
9774,64882317,64882.317,540,0,gap,32
9775,64886452,64886.452,505,0,gap,32
9776,64898185,64898.185,578,0,gap,32
9777,64902332,64902.332,510,0,gap,32
9778,64906482,64906.482,482,0,gap,32
9779,64918177,64918.177,568,0,gap,32
9780,64922337,64922.337,466,0,gap,32
9781,64926497,64926.497,459,0,gap,32
9782,64938173,64938.173,509,0,gap,32
9783,64942355,64942.355,446,0,gap,32
9784,64946539,64946.539,481,0,gap,32
9785,64958169,64958.169,477,0,gap,32
9786,64962373,64962.373,463,0,gap,32
9787,64966572,64966.572,489,0,gap,32
9788,64978169,64978.169,471,0,gap,32
9789,64982383,64982.383,467,0,gap,32
9790,64986592,64986.592,437,0,gap,32
9791,64998165,64998.165,503,0,gap,32
9792,65002393,65002.393,447,0,gap,32
9793,65006611,65006.611,411,0,gap,32
9794,65018169,65018.169,501,0,gap,32
9795,65022398,65022.398,404,0,gap,32
9796,65026627,65026.627,386,0,gap,32
9797,65038165,65038.165,478,0,gap,32
9798,65042408,65042.408,370,0,gap,32
9799,65046646,65046.646,410,0,gap,32
9800,65050893,65050.893,409,0,gap,32
9801,65058179,65058.179,379,0,gap,32
9802,65068190,65068.19,470,0,gap,32
9803,65072449,65072.449,373,0,gap,32
9804,65078185,65078.185,389,0,gap,32
9805,65088178,65088.178,442,0,gap,32
9806,65092443,65092.443,341,0,gap,32
9807,65098165,65098.165,432,0,gap,32
9808,65108186,65108.186,379,0,gap,32
9809,65112462,65112.462,373,0,gap,32
9810,65119501,65119.501,414,0,gap,32
9811,65123521,65123.521,336,0,gap,32
9812,65138186,65138.186,439,0,gap,32
9813,65142210,65142.21,319,0,gap,32
9814,65146230,65146.23,358,0,gap,32
9815,65158177,65158.177,383,0,gap,32
9816,65162213,65162.213,347,0,gap,32
9817,65166240,65166.24,365,0,gap,32
9818,65178189,65178.189,379,0,gap,32
9819,65182233,65182.233,366,0,gap,32
9820,65186278,65186.278,320,0,gap,32
9821,65198177,65198.177,416,0,gap,32
9822,65202234,65202.234,334,0,gap,32
9823,65206292,65206.292,310,0,gap,32
9824,65218185,65218.185,419,0,gap,32
9825,65222253,65222.253,290,0,gap,32
9826,65226316,65226.316,264,0,gap,32
9827,65238177,65238.177,374,0,gap,32
9828,65242259,65242.259,272,0,gap,32
9829,65246336,65246.336,311,0,gap,32
9830,65258185,65258.185,334,0,gap,32
9831,65262303,65262.303,295,0,gap,32
9832,65266419,65266.419,329,0,gap,32
9833,65278177,65278.177,317,0,gap,32
9834,65282309,65282.309,322,0,gap,32
9835,65286432,65286.432,298,0,gap,32
9836,65298185,65298.185,381,0,gap,32
9837,65302323,65302.323,304,0,gap,32
9838,65306456,65306.456,261,0,gap,32
9839,65318177,65318.177,398,0,gap,32
9840,65322337,65322.337,247,0,gap,32
9841,65326488,65326.488,264,0,gap,32
9842,65338185,65338.185,363,0,gap,32
9843,65342347,65342.347,249,0,gap,32
9844,65346504,65346.504,270,0,gap,32
9845,65358169,65358.169,290,0,gap,32
9846,65362349,65362.349,264,0,gap,32
9847,65366541,65366.541,285,0,gap,32
9848,65378173,65378.173,288,0,gap,32
9849,65382375,65382.375,289,0,gap,32
9850,65386580,65386.58,247,0,gap,32
9851,65398165,65398.165,329,0,gap,32
9852,65402377,65402.377,273,0,gap,32
9853,65406583,65406.583,223,0,gap,32
9854,65418169,65418.169,362,0,gap,32
9855,65422394,65422.394,234,0,gap,32
9856,65426619,65426.619,223,0,gap,32
9857,65438165,65438.165,331,0,gap,32
9858,65442396,65442.396,201,0,gap,32
9859,65446622,65446.622,253,0,gap,32
9860,65458169,65458.169,257,0,gap,32
9861,65462414,65462.414,240,0,gap,32
9862,65466654,65466.654,256,0,gap,32
9863,65470902,65470.902,213,0,gap,32
9864,65478187,65478.187,247,0,gap,32
9865,65488178,65488.178,290,0,gap,32
9866,65492439,65492.439,186,0,gap,32
9867,65498177,65498.177,267,0,gap,32
9868,65508186,65508.186,234,0,gap,32
9869,65512453,65512.453,219,0,gap,32
9870,65518169,65518.169,266,0,gap,32
9871,65528178,65528.178,227,0,gap,32
9872,65535233,65535.233,273,0,gap,32
9873,65539276,65539.276,176,0,gap,32
9874,65548185,65548.185,275,0,gap,32
9875,65552198,65552.198,222,0,gap,32
9876,65558185,65558.185,178,0,gap,32
9877,65568178,65568.178,302,0,gap,32
9878,65572212,65572.212,163,0,gap,32
9879,65578177,65578.177,208,0,gap,32
9880,65588186,65588.186,241,0,gap,32
9881,65592227,65592.227,164,0,gap,32
9882,65596265,65596.265,182,0,gap,32
9883,65608179,65608.179,233,0,gap,32
9884,65612230,65612.23,208,0,gap,32
9885,65616289,65616.289,218,0,gap,32
9886,65628187,65628.187,221,0,gap,32
9887,65632260,65632.26,209,0,gap,32
9888,65636326,65636.326,185,0,gap,32
9889,65648178,65648.178,272,0,gap,32
9890,65652250,65652.25,198,0,gap,32
9891,65656329,65656.329,147,0,gap,32
9892,65668186,65668.186,289,0,gap,32
9893,65672308,65672.308,155,0,gap,32
9894,65676413,65676.413,134,0,gap,32
9895,65688178,65688.178,254,0,gap,32
9896,65692303,65692.303,138,0,gap,32
9897,65696433,65696.433,172,0,gap,32
9898,65708189,65708.189,184,0,gap,32
9899,65712329,65712.329,164,0,gap,32
9900,65716457,65716.457,190,0,gap,32
9901,65728177,65728.177,221,0,gap,32
9902,65732320,65732.32,192,0,gap,32
9903,65736474,65736.474,158,0,gap,32
9904,65748185,65748.185,251,0,gap,32
9905,65752349,65752.349,163,0,gap,32
9906,65756501,65756.501,125,0,gap,32
9907,65768169,65768.169,269,0,gap,32
9908,65772344,65772.344,118,0,gap,32
9909,65776536,65776.536,129,0,gap,32
9910,65788173,65788.173,227,0,gap,32
9911,65792381,65792.381,116,0,gap,32
9912,65796577,65796.577,178,0,gap,32
9913,65808165,65808.165,176,0,gap,32
9914,65812376,65812.376,149,0,gap,32
9915,65816585,65816.585,176,0,gap,32
9916,65828169,65828.169,187,0,gap,32
9917,65832393,65832.393,182,0,gap,32
9918,65836608,65836.608,157,0,gap,32
9919,65848165,65848.165,227,0,gap,32
9920,65852399,65852.399,147,0,gap,32
9921,65856632,65856.632,112,0,gap,32
9922,65868169,65868.169,264,1,pulse,33
9923,65872504,65872.504,4095,1,pulse,33
9924,65876685,65876.685,4095,1,pulse,33
9925,65888174,65888.174,4095,1,pulse,33
9926,65892357,65892.357,4095,1,pulse,33
9927,65896544,65896.544,4095,1,pulse,33
9928,65908182,65908.182,4095,0,gap,33
9929,65912609,65912.609,2957,0,gap,33
9930,65916874,65916.874,2832,0,gap,33
9931,65928178,65928.178,2783,0,gap,33
9932,65932457,65932.457,2722,0,gap,33
9933,65936735,65936.735,2715,0,gap,33
9934,65948190,65948.19,2655,0,gap,33
9935,65955251,65955.251,2624,0,gap,33
9936,65959281,65959.281,2611,0,gap,33
9937,65968178,65968.178,2559,0,gap,33
9938,65972204,65972.204,2544,0,gap,33
9939,65978178,65978.178,2538,0,gap,33
9940,65988186,65988.186,2509,0,gap,33
9941,65992233,65992.233,2497,0,gap,33
9942,65998186,65998.186,2484,0,gap,33
9943,66008178,66008.178,2455,0,gap,33
9944,66012232,66012.232,2416,0,gap,33
9945,66018182,66018.182,2395,0,gap,33
9946,66028186,66028.186,2384,0,gap,33
9947,66032259,66032.259,2368,0,gap,33
9948,66038186,66038.186,2347,0,gap,33
9949,66048178,66048.178,2339,0,gap,33
9950,66052257,66052.257,2288,0,gap,33
9951,66058177,66058.177,2282,0,gap,33
9952,66068186,66068.186,2261,0,gap,33
9953,66072279,66072.279,2226,0,gap,33
9954,66078185,66078.185,2215,0,gap,33
9955,66088178,66088.178,2192,0,gap,33
9956,66092303,66092.303,2176,0,gap,33
9957,66098177,66098.177,2175,0,gap,33
9958,66108186,66108.186,2147,0,gap,33
9959,66112332,66112.332,2134,0,gap,33
9960,66118185,66118.185,2094,0,gap,33
9961,66128182,66128.182,2083,0,gap,33
9962,66132330,66132.33,2068,0,gap,33
9963,66138177,66138.177,2036,0,gap,33
9964,66148186,66148.186,2000,0,gap,33
9965,66152351,66152.351,1989,0,gap,33
9966,66158173,66158.173,1968,0,gap,33
9967,66168178,66168.178,1968,0,gap,33
9968,66172351,66172.351,1929,0,gap,33
9969,66176527,66176.527,1926,0,gap,33
9970,66188187,66188.187,1904,0,gap,33
9971,66192382,66192.382,1872,0,gap,33
9972,66196579,66196.579,1867,0,gap,33
9973,66208179,66208.179,1851,0,gap,33
9974,66212388,66212.388,1815,0,gap,33
9975,66216604,66216.604,1814,0,gap,33
9976,66228187,66228.187,1783,0,gap,33
9977,66232421,66232.421,1770,0,gap,33
9978,66236636,66236.636,1744,0,gap,33
9979,66248179,66248.179,1724,0,gap,33
9980,66252407,66252.407,1713,0,gap,33
9981,66256643,66256.643,1701,0,gap,33
9982,66268191,66268.191,1675,0,gap,33
9983,66272441,66272.441,1653,0,gap,33
9984,66276679,66276.679,1653,0,gap,33
9985,66288179,66288.179,1621,0,gap,33
9986,66292427,66292.427,1587,0,gap,33
9987,66296678,66296.678,1597,0,gap,33
9988,66308186,66308.186,1535,0,gap,33
9989,66312456,66312.456,1559,0,gap,33
9990,66316713,66316.713,1535,0,gap,33
9991,66328178,66328.178,1529,0,gap,33
9992,66332450,66332.45,1506,0,gap,33
9993,66336725,66336.725,1521,0,gap,33
9994,66348186,66348.186,1487,0,gap,33
9995,66352476,66352.476,1473,0,gap,33
9996,66356748,66356.748,1445,0,gap,33
9997,66363791,66363.791,1442,0,gap,33
9998,66378190,66378.19,1417,0,gap,33
9999,66382218,66382.218,1403,0,gap,33
10000,66386234,66386.234,1376,0,gap,33
10001,66398178,66398.178,1363,0,gap,33
10002,66402211,66402.211,1345,0,gap,33
10003,66406248,66406.248,1322,0,gap,33
10004,66418186,66418.186,1339,0,gap,33
10005,66422238,66422.238,1306,0,gap,33
10006,66426282,66426.282,1292,0,gap,33
10007,66438178,66438.178,1281,0,gap,33
10008,66442240,66442.24,1248,0,gap,33
10009,66446302,66446.302,1238,0,gap,33
10010,66458186,66458.186,1232,0,gap,33
10011,66462260,66462.26,1215,0,gap,33
10012,66466333,66466.333,1232,0,gap,33
10013,66478178,66478.178,1213,0,gap,33
10014,66482266,66482.266,1193,0,gap,33
10015,66486349,66486.349,1166,0,gap,33
10016,66498186,66498.186,1177,0,gap,33
10017,66502282,66502.282,1143,0,gap,33
10018,66506405,66506.405,1114,0,gap,33
10019,66518178,66518.178,1143,0,gap,33
10020,66522319,66522.319,1093,0,gap,33
10021,66526452,66526.452,1075,0,gap,33
10022,66538186,66538.186,1072,0,gap,33
10023,66542334,66542.334,1047,0,gap,33
10024,66546477,66546.477,1070,0,gap,33
10025,66558183,66558.183,1043,0,gap,33
10026,66562340,66562.34,1040,0,gap,33
10027,66566490,66566.49,1039,0,gap,33
10028,66578187,66578.187,1035,0,gap,33
10029,66582355,66582.355,1020,0,gap,33
10030,66586523,66586.523,984,0,gap,33
10031,66598179,66598.179,1008,0,gap,33
10032,66602365,66602.365,971,0,gap,33
10033,66606547,66606.547,949,0,gap,33
10034,66618187,66618.187,976,0,gap,33
10035,66622394,66622.394,922,0,gap,33
10036,66626601,66626.601,912,0,gap,33
10037,66638179,66638.179,913,0,gap,33
10038,66642396,66642.396,881,0,gap,33
10039,66646613,66646.613,896,0,gap,33
10040,66658186,66658.186,884,0,gap,33
10041,66662418,66662.418,862,0,gap,33
10042,66666644,66666.644,880,0,gap,33
10043,66678178,66678.178,858,0,gap,33
10044,66682415,66682.415,848,0,gap,33
10045,66686652,66686.652,833,0,gap,33
10046,66698190,66698.19,855,0,gap,33
10047,66702441,66702.441,810,0,gap,33
10048,66706687,66706.687,798,0,gap,33
10049,66718178,66718.178,832,0,gap,33
10050,66722435,66722.435,784,0,gap,33
10051,66726686,66726.686,794,0,gap,33
10052,66738186,66738.186,775,0,gap,33
10053,66742456,66742.456,742,0,gap,33
10054,66746722,66746.722,763,0,gap,33
10055,66758178,66758.178,739,0,gap,33
10056,66762458,66762.458,747,0,gap,33
10057,66766733,66766.733,752,0,gap,33
10058,66778186,66778.186,745,0,gap,33
10059,66782472,66782.472,743,0,gap,33
10060,66789558,66789.558,723,0,gap,33
10061,66793588,66793.588,701,0,gap,33
10062,66808189,66808.189,694,0,gap,33
10063,66812219,66812.219,704,0,gap,33
10064,66816246,66816.246,691,0,gap,33
10065,66828177,66828.177,707,0,gap,33
10066,66832216,66832.216,674,0,gap,33
10067,66836258,66836.258,651,0,gap,33
10068,66848185,66848.185,717,0,gap,33
10069,66852243,66852.243,655,0,gap,33
10070,66856295,66856.295,614,0,gap,33
10071,66868177,66868.177,683,0,gap,33
10072,66872245,66872.245,595,0,gap,33
10073,66876317,66876.317,613,0,gap,33
10074,66888185,66888.185,651,0,gap,33
10075,66892267,66892.267,580,0,gap,33
10076,66896337,66896.337,621,0,gap,33
10077,66908177,66908.177,594,0,gap,33
10078,66912266,66912.266,595,0,gap,33
10079,66916357,66916.357,608,0,gap,33
10080,66928185,66928.185,593,0,gap,33
10081,66932313,66932.313,596,0,gap,33
10082,66936431,66936.431,552,0,gap,33
10083,66948177,66948.177,599,0,gap,33
10084,66952320,66952.32,555,0,gap,33
10085,66956457,66956.457,526,0,gap,33
10086,66968185,66968.185,592,0,gap,33
10087,66972341,66972.341,529,0,gap,33
10088,66976484,66976.484,502,0,gap,33
10089,66988181,66988.181,566,0,gap,33
10090,66992343,66992.343,497,0,gap,33
10091,66996512,66996.512,531,0,gap,33
10092,67008185,67008.185,526,0,gap,33
10093,67012366,67012.366,528,0,gap,33
10094,67016537,67016.537,528,0,gap,33
10095,67028177,67028.177,529,0,gap,33
10096,67032368,67032.368,511,0,gap,33
10097,67036574,67036.574,503,0,gap,33
10098,67048185,67048.185,556,0,gap,33
10099,67052401,67052.401,478,0,gap,33
10100,67056613,67056.613,431,0,gap,33
10101,67068177,67068.177,549,0,gap,33
10102,67072395,67072.395,441,0,gap,33
10103,67076620,67076.62,417,0,gap,33
10104,67088185,67088.185,496,0,gap,33
10105,67092425,67092.425,415,0,gap,33
10106,67096652,67096.652,464,0,gap,33
10107,67108177,67108.177,439,0,gap,33
10108,67112419,67112.419,443,0,gap,33
10109,67116660,67116.66,444,0,gap,33
10110,67128189,67128.189,463,0,gap,33
10111,67132448,67132.448,443,0,gap,33
10112,67136695,67136.695,409,0,gap,33
10113,67148177,67148.177,484,0,gap,33
10114,67152434,67152.434,403,0,gap,33
10115,67156694,67156.694,387,0,gap,33
10116,67168185,67168.185,479,0,gap,33
10117,67172464,67172.464,375,0,gap,33
10118,67176730,67176.73,379,0,gap,33
10119,67188177,67188.177,448,0,gap,33
10120,67192458,67192.458,371,0,gap,33
10121,67196742,67196.742,392,0,gap,33
10122,67208185,67208.185,400,0,gap,33
10123,67215233,67215.233,444,0,gap,33
10124,67219250,67219.25,373,0,gap,33
10125,67228178,67228.178,399,0,gap,33
10126,67232209,67232.209,406,0,gap,33
10127,67238178,67238.178,368,0,gap,33
10128,67248186,67248.186,434,0,gap,33
10129,67252234,67252.234,357,0,gap,33
10130,67258186,67258.186,343,0,gap,33
10131,67268178,67268.178,425,0,gap,33
10132,67272233,67272.233,310,0,gap,33
10133,67278178,67278.178,353,0,gap,33
10134,67288186,67288.186,399,0,gap,33
10135,67292263,67292.263,308,0,gap,33
10136,67298186,67298.186,400,0,gap,33
10137,67308182,67308.182,353,0,gap,33
10138,67312261,67312.261,336,0,gap,33
10139,67318177,67318.177,372,0,gap,33
10140,67328186,67328.186,368,0,gap,33
10141,67332279,67332.279,350,0,gap,33
10142,67338189,67338.189,306,0,gap,33
10143,67348178,67348.178,417,0,gap,33
10144,67352304,67352.304,315,0,gap,33
10145,67358177,67358.177,294,0,gap,33
10146,67368186,67368.186,395,0,gap,33
10147,67372329,67372.329,262,0,gap,33
10148,67378185,67378.185,333,0,gap,33
10149,67388178,67388.178,339,0,gap,33
10150,67392323,67392.323,270,0,gap,33
10151,67398177,67398.177,347,0,gap,33
10152,67408186,67408.186,302,0,gap,33
10153,67412360,67412.36,302,0,gap,33
10154,67418169,67418.169,339,0,gap,33
10155,67428178,67428.178,322,0,gap,33
10156,67432347,67432.347,313,0,gap,33
10157,67436524,67436.524,263,0,gap,33
10158,67448191,67448.191,369,0,gap,33
10159,67452391,67452.391,272,0,gap,33
10160,67456584,67456.584,239,0,gap,33
10161,67468179,67468.179,367,0,gap,33
10162,67472393,67472.393,250,0,gap,33
10163,67476605,67476.605,242,0,gap,33
10164,67488187,67488.187,314,0,gap,33
10165,67492414,67492.414,220,0,gap,33
10166,67496633,67496.633,277,0,gap,33
10167,67508179,67508.179,282,0,gap,33
10168,67512412,67512.412,272,0,gap,33
10169,67516648,67516.648,272,0,gap,33
10170,67528187,67528.187,320,0,gap,33
10171,67532433,67532.433,278,0,gap,33
10172,67536672,67536.672,256,0,gap,33
10173,67548179,67548.179,336,0,gap,33
10174,67552431,67552.431,219,0,gap,33
10175,67556687,67556.687,219,0,gap,33
10176,67568186,67568.186,355,0,gap,33
10177,67572453,67572.453,203,0,gap,33
10178,67576706,67576.706,210,0,gap,33
10179,67588178,67588.178,289,0,gap,33
10180,67592451,67592.451,190,0,gap,33
10181,67596726,67596.726,257,0,gap,33
10182,67608186,67608.186,229,0,gap,33
10183,67612476,67612.476,240,0,gap,33
10184,67616753,67616.753,245,0,gap,33
10185,67628182,67628.182,272,0,gap,33
10186,67635224,67635.224,257,0,gap,33
10187,67639248,67639.248,166,0,gap,33
10188,67648186,67648.186,302,0,gap,33
10189,67652220,67652.22,209,0,gap,33
10190,67658190,67658.19,189,0,gap,33
10191,67668178,67668.178,301,0,gap,33
10192,67672226,67672.226,176,0,gap,33
10193,67678178,67678.178,218,0,gap,33
10194,67688186,67688.186,247,0,gap,33
10195,67692245,67692.245,171,0,gap,33
10196,67698186,67698.186,256,0,gap,33
10197,67708178,67708.178,201,0,gap,33
10198,67712247,67712.247,208,0,gap,33
10199,67718178,67718.178,234,0,gap,33
10200,67728186,67728.186,240,0,gap,33
10201,67732270,67732.27,214,0,gap,33
10202,67738185,67738.185,176,0,gap,33
10203,67748178,67748.178,263,0,gap,33
10204,67752271,67752.271,183,0,gap,33
10205,67758177,67758.177,163,0,gap,33
10206,67768190,67768.19,284,0,gap,33
10207,67772323,67772.323,149,0,gap,33
10208,67778185,67778.185,199,0,gap,33
10209,67788178,67788.178,238,1,pulse,34
10210,67792409,67792.409,4095,1,pulse,34
10211,67798178,67798.178,4095,1,pulse,34
10212,67808182,67808.182,4095,1,pulse,34
10213,67812274,67812.274,4095,1,pulse,34
10214,67818182,67818.182,4095,1,pulse,34
10215,67828175,67828.175,4095,0,gap,34
10216,67832498,67832.498,2928,0,gap,34
10217,67848165,67848.165,2720,0,gap,34
10218,67852342,67852.342,2703,0,gap,34
10219,67856526,67856.526,2698,0,gap,34
10220,67868185,67868.185,2611,0,gap,34
10221,67872388,67872.388,2625,0,gap,34
10222,67876578,67876.578,2579,0,gap,34
10223,67888178,67888.178,2544,0,gap,34
10224,67892398,67892.398,2526,0,gap,34
10225,67896621,67896.621,2525,0,gap,34
10226,67908186,67908.186,2480,0,gap,34
10227,67912424,67912.424,2484,0,gap,34
10228,67916645,67916.645,2445,0,gap,34
10229,67928178,67928.178,2417,0,gap,34
10230,67932414,67932.414,2422,0,gap,34
10231,67936657,67936.657,2378,0,gap,34
10232,67948186,67948.186,2356,0,gap,34
10233,67952439,67952.439,2327,0,gap,34
10234,67956684,67956.684,2317,0,gap,34
10235,67968178,67968.178,2302,0,gap,34
10236,67972437,67972.437,2263,0,gap,34
10237,67976704,67976.704,2271,0,gap,34
10238,67988186,67988.186,2256,0,gap,34
10239,67992463,67992.463,2210,0,gap,34
10240,67996727,67996.727,2193,0,gap,34
10241,68008178,68008.178,2175,0,gap,34
10242,68012457,68012.457,2154,0,gap,34
10243,68016739,68016.739,2158,0,gap,34
10244,68028186,68028.186,2137,0,gap,34
10245,68032479,68032.479,2096,0,gap,34
10246,68036763,68036.763,2078,0,gap,34
10247,68048179,68048.179,2063,0,gap,34
10248,68052481,68052.481,2035,0,gap,34
10249,68059399,68059.399,2022,0,gap,34
10250,68063429,68063.429,2013,0,gap,34
10251,68078178,68078.178,1990,0,gap,34
10252,68082221,68082.221,1965,0,gap,34
10253,68086263,68086.263,1942,0,gap,34
10254,68098186,68098.186,1934,0,gap,34
10255,68102248,68102.248,1883,0,gap,34
10256,68106297,68106.297,1897,0,gap,34
10257,68118178,68118.178,1859,0,gap,34
10258,68122239,68122.239,1827,0,gap,34
10259,68126313,68126.313,1825,0,gap,34
10260,68138186,68138.186,1808,0,gap,34
10261,68142270,68142.27,1783,0,gap,34
10262,68146345,68146.345,1781,0,gap,34
10263,68158178,68158.178,1747,0,gap,34
10264,68162272,68162.272,1758,0,gap,34
10265,68166365,68166.365,1723,0,gap,34
10266,68178186,68178.186,1698,0,gap,34
10267,68182290,68182.29,1700,0,gap,34
10268,68186382,68186.382,1663,0,gap,34
10269,68198182,68198.182,1652,0,gap,34
10270,68202323,68202.323,1634,0,gap,34
10271,68206461,68206.461,1609,0,gap,34
10272,68218186,68218.186,1616,0,gap,34
10273,68222336,68222.336,1578,0,gap,34
10274,68226481,68226.481,1555,0,gap,34
10275,68238179,68238.179,1535,0,gap,34
10276,68242342,68242.342,1528,0,gap,34
10277,68246501,68246.501,1535,0,gap,34
10278,68258187,68258.187,1483,0,gap,34
10279,68262365,68262.365,1494,0,gap,34
10280,68266542,68266.542,1476,0,gap,34
10281,68278179,68278.179,1458,0,gap,34
10282,68282363,68282.363,1456,0,gap,34
10283,68286546,68286.546,1409,0,gap,34
10284,68298187,68298.187,1417,0,gap,34
10285,68302399,68302.399,1406,0,gap,34
10286,68306613,68306.613,1355,0,gap,34
10287,68318179,68318.179,1382,0,gap,34
10288,68322407,68322.407,1333,0,gap,34
10289,68328165,68328.165,1322,0,gap,34
10290,68338186,68338.186,1296,0,gap,34
10291,68342423,68342.423,1296,0,gap,34
10292,68348185,68348.185,1297,0,gap,34
10293,68358178,68358.178,1278,0,gap,34
10294,68362425,68362.425,1243,0,gap,34
10295,68368177,68368.177,1253,0,gap,34
10296,68378186,68378.186,1247,0,gap,34
10297,68382443,68382.443,1232,0,gap,34
10298,68388185,68388.185,1184,0,gap,34
10299,68398178,68398.178,1206,0,gap,34
10300,68402445,68402.445,1175,0,gap,34
10301,68408182,68408.182,1153,0,gap,34
10302,68418186,68418.186,1151,0,gap,34
10303,68422463,68422.463,1139,0,gap,34
10304,68428186,68428.186,1119,0,gap,34
10305,68438179,68438.179,1103,0,gap,34
10306,68442465,68442.465,1093,0,gap,34
10307,68448178,68448.178,1095,0,gap,34
10308,68458187,68458.187,1058,0,gap,34
10309,68462479,68462.479,1072,0,gap,34
10310,68468186,68468.186,1059,0,gap,34
10311,68475248,68475.248,1023,0,gap,34
10312,68488187,68488.187,1039,0,gap,34
10313,68492221,68492.221,1001,0,gap,34
10314,68496248,68496.248,1002,0,gap,34
10315,68508178,68508.178,998,0,gap,34
10316,68512225,68512.225,983,0,gap,34
10317,68516279,68516.279,960,0,gap,34
10318,68528186,68528.186,961,0,gap,34
10319,68532251,68532.251,949,0,gap,34
10320,68536305,68536.305,921,0,gap,34
10321,68548178,68548.178,947,0,gap,34
10322,68552246,68552.246,901,0,gap,34
10323,68556321,68556.321,881,0,gap,34
10324,68568186,68568.186,910,0,gap,34
10325,68572273,68572.273,871,0,gap,34
10326,68576356,68576.356,874,0,gap,34
10327,68588178,68588.178,877,0,gap,34
10328,68592279,68592.279,821,0,gap,34
10329,68596371,68596.371,849,0,gap,34
10330,68608186,68608.186,819,0,gap,34
10331,68612291,68612.291,844,0,gap,34
10332,68616419,68616.419,821,0,gap,34
10333,68628181,68628.181,815,0,gap,34
10334,68632327,68632.327,811,0,gap,34
10335,68636470,68636.47,782,0,gap,34
10336,68648185,68648.185,822,0,gap,34
10337,68652343,68652.343,774,0,gap,34
10338,68656495,68656.495,743,0,gap,34
10339,68668177,68668.177,789,0,gap,34
10340,68672340,68672.34,727,0,gap,34
10341,68676504,68676.504,720,0,gap,34
10342,68688185,68688.185,752,0,gap,34
10343,68692367,68692.367,716,0,gap,34
10344,68696548,68696.548,720,0,gap,34
10345,68708177,68708.177,693,0,gap,34
10346,68712369,68712.369,704,0,gap,34
10347,68716561,68716.561,714,0,gap,34
10348,68728185,68728.185,709,0,gap,34
10349,68732407,68732.407,695,0,gap,34
10350,68736624,68736.624,665,0,gap,34
10351,68748177,68748.177,721,0,gap,34
10352,68752409,68752.409,656,0,gap,34
10353,68756631,68756.631,628,0,gap,34
10354,68768185,68768.185,696,0,gap,34
10355,68772426,68772.426,635,0,gap,34
10356,68776659,68776.659,624,0,gap,34
10357,68788177,68788.177,657,0,gap,34
10358,68792424,68792.424,607,0,gap,34
10359,68796670,68796.67,623,0,gap,34
10360,68808185,68808.185,613,0,gap,34
10361,68812442,68812.442,619,0,gap,34
10362,68816694,68816.694,607,0,gap,34
10363,68828177,68828.177,624,0,gap,34
10364,68832444,68832.444,595,0,gap,34
10365,68836709,68836.709,569,0,gap,34
10366,68848185,68848.185,647,0,gap,34
10367,68852465,68852.465,574,0,gap,34
10368,68856741,68856.741,545,0,gap,34
10369,68868177,68868.177,619,0,gap,34
10370,68872463,68872.463,532,0,gap,34
10371,68876752,68876.752,539,0,gap,34
10372,68888185,68888.185,546,0,gap,34
10373,68892481,68892.481,511,0,gap,34
10374,68899550,68899.55,583,0,gap,34
10375,68903588,68903.588,498,0,gap,34
10376,68918173,68918.173,577,0,gap,34
10377,68922210,68922.21,490,0,gap,34
10378,68926247,68926.247,478,0,gap,34
10379,68938177,68938.177,528,0,gap,34
10380,68942231,68942.231,479,0,gap,34
10381,68946287,68946.287,506,0,gap,34
10382,68958185,68958.185,483,0,gap,34
10383,68962254,68962.254,490,0,gap,34
10384,68966322,68966.322,496,0,gap,34
10385,68978177,68978.177,508,0,gap,34
10386,68982256,68982.256,493,0,gap,34
10387,68986335,68986.335,442,0,gap,34
10388,68998185,68998.185,544,0,gap,34
10389,69002274,69002.274,451,0,gap,34
10390,69006358,69006.358,419,0,gap,34
10391,69018177,69018.177,511,0,gap,34
10392,69022285,69022.285,406,0,gap,34
10393,69026384,69026.384,423,0,gap,34
10394,69038185,69038.185,475,0,gap,34
10395,69042321,69042.321,409,0,gap,34
10396,69046453,69046.453,451,0,gap,34
10397,69058181,69058.181,432,0,gap,34
10398,69062330,69062.33,432,0,gap,34
10399,69066478,69066.478,429,0,gap,34
10400,69078185,69078.185,473,0,gap,34
10401,69082344,69082.344,427,0,gap,34
10402,69086498,69086.498,400,0,gap,34
10403,69098177,69098.177,487,0,gap,34
10404,69102353,69102.353,383,0,gap,34
10405,69106525,69106.525,349,0,gap,34
10406,69118185,69118.185,474,0,gap,34
10407,69122372,69122.372,357,0,gap,34
10408,69126559,69126.559,370,0,gap,34
10409,69138177,69138.177,416,0,gap,34
10410,69142379,69142.379,351,0,gap,34
10411,69146585,69146.585,400,0,gap,34
10412,69158185,69158.185,371,0,gap,34
10413,69162412,69162.412,379,0,gap,34
10414,69166631,69166.631,381,0,gap,34
10415,69178177,69178.177,409,0,gap,34
10416,69182414,69182.414,377,0,gap,34
10417,69186646,69186.646,343,0,gap,34
10418,69198185,69198.185,450,0,gap,34
10419,69202432,69202.432,334,0,gap,34
10420,69206674,69206.674,304,0,gap,34
10421,69218177,69218.177,442,0,gap,34
10422,69222430,69222.43,308,0,gap,34
10423,69226681,69226.681,332,0,gap,34
10424,69238185,69238.185,369,0,gap,34
10425,69242447,69242.447,311,0,gap,34
10426,69246709,69246.709,357,0,gap,34
10427,69258177,69258.177,326,0,gap,34
10428,69262453,69262.453,325,0,gap,34
10429,69266724,69266.724,336,0,gap,34
10430,69278185,69278.185,364,0,gap,34
10431,69282471,69282.471,343,0,gap,34
10432,69286752,69286.752,293,0,gap,34
10433,69298177,69298.177,394,0,gap,34
10434,69302469,69302.469,298,0,gap,34
10435,69306760,69306.76,272,0,gap,34
10436,69313812,69313.812,351,0,gap,34
10437,69317874,69317.874,302,0,gap,34
10438,69328187,69328.187,333,0,gap,34
10439,69332225,69332.225,307,0,gap,34
10440,69338186,69338.186,288,0,gap,34
10441,69348179,69348.179,374,0,gap,34
10442,69352233,69352.233,272,0,gap,34
10443,69358178,69358.178,253,0,gap,34
10444,69368187,69368.187,354,0,gap,34
10445,69372253,69372.253,250,0,gap,34
10446,69378186,69378.186,289,0,gap,34
10447,69388179,69388.179,312,0,gap,34
10448,69392254,69392.254,235,0,gap,34
10449,69398178,69398.178,320,0,gap,34
10450,69408187,69408.187,256,0,gap,34
10451,69412281,69412.281,277,0,gap,34
10452,69418186,69418.186,272,0,gap,34
10453,69428179,69428.179,311,0,gap,34
10454,69432275,69432.275,269,0,gap,34
10455,69438178,69438.178,225,0,gap,34
10456,69448186,69448.186,331,0,gap,34
10457,69452327,69452.327,235,0,gap,34
10458,69458186,69458.186,210,0,gap,34
10459,69468178,69468.178,334,0,gap,34
10460,69472325,69472.325,189,0,gap,34
10461,69478182,69478.182,278,0,gap,34
10462,69488186,69488.186,285,0,gap,34
10463,69492351,69492.351,199,0,gap,34
10464,69498185,69498.185,281,0,gap,34
10465,69508178,69508.178,242,0,gap,34
10466,69512342,69512.342,243,0,gap,34
10467,69518177,69518.177,249,0,gap,34
10468,69528186,69528.186,279,0,gap,34
10469,69532375,69532.375,240,0,gap,34
10470,69538185,69538.185,192,0,gap,34
10471,69548178,69548.178,309,0,gap,34
10472,69552381,69552.381,194,0,gap,34
10473,69558177,69558.177,189,0,gap,34
10474,69568186,69568.186,300,0,gap,34
10475,69572411,69572.411,190,0,gap,34
10476,69578185,69578.185,220,0,gap,34
10477,69588182,69588.182,251,0,gap,34
10478,69592413,69592.413,177,0,gap,34
10479,69598169,69598.169,262,0,gap,34
10480,69608186,69608.186,208,0,gap,34
10481,69612430,69612.43,226,0,gap,34
10482,69618169,69618.169,218,0,gap,34
10483,69628178,69628.178,255,0,gap,34
10484,69632428,69632.428,211,0,gap,34
10485,69636677,69636.677,172,0,gap,34
10486,69648187,69648.187,295,0,gap,34
10487,69652455,69652.455,181,0,gap,34
10488,69656714,69656.714,139,0,gap,34
10489,69668179,69668.179,287,0,gap,34
10490,69672448,69672.448,144,0,gap,34
10491,69676717,69676.717,176,0,gap,34
10492,69688187,69688.187,247,0,gap,34
10493,69692478,69692.478,147,0,gap,34
10494,69696753,69696.753,196,0,gap,34
10495,69708179,69708.179,183,0,gap,34
10496,69712468,69712.468,187,0,gap,34
10497,69716757,69716.757,180,0,gap,34
10498,69728187,69728.187,225,0,gap,34
10499,69735299,69735.299,212,0,gap,34
10500,69739334,69739.334,128,0,gap,34
10501,69748177,69748.177,253,0,gap,34
10502,69752209,69752.209,156,0,gap,34
10503,69758178,69758.178,147,0,gap,34
10504,69768186,69768.186,255,0,gap,34
10505,69772247,69772.247,131,0,gap,34
10506,69778186,69778.186,182,0,gap,34
10507,69788178,69788.178,199,0,gap,34
10508,69792242,69792.242,128,0,gap,34
10509,69798182,69798.182,211,0,gap,34
10510,69808186,69808.186,177,0,gap,34
10511,69812268,69812.268,178,0,gap,34
10512,69818186,69818.186,197,0,gap,34
10513,69828178,69828.178,199,0,gap,34
10514,69832271,69832.271,177,0,gap,34
10515,69838177,69838.177,144,0,gap,34
10516,69848186,69848.186,237,0,gap,34
10517,69852285,69852.285,129,0,gap,34
10518,69858185,69858.185,118,0,gap,34
10519,69868178,69868.178,231,0,gap,34
10520,69872314,69872.314,91,0,gap,34
10521,69878177,69878.177,164,0,gap,34
10522,69888186,69888.186,182,0,gap,34
10523,69892338,69892.338,99,0,gap,34
10524,69898173,69898.173,201,0,gap,34
10525,69908182,69908.182,141,0,gap,34
10526,69912344,69912.344,151,0,gap,34
10527,69918169,69918.169,165,1,pulse,35
10528,69928191,69928.191,4095,1,pulse,35
10529,69932313,69932.313,4095,1,pulse,35
10530,69938182,69938.182,4095,1,pulse,35
10531,69948174,69948.174,4095,1,pulse,35
10532,69952291,69952.291,4095,1,pulse,35
10533,69958174,69958.174,4095,0,gap,35
10534,69968200,69968.2,2795,0,gap,35
10535,69972427,69972.427,2751,0,gap,35
10536,69978186,69978.186,2731,0,gap,35
10537,69988179,69988.179,2688,0,gap,35
10538,69992408,69992.408,2660,0,gap,35
10539,70008165,70008.165,2606,0,gap,35
10540,70012408,70012.408,2582,0,gap,35
10541,70016651,70016.651,2559,0,gap,35
10542,70028185,70028.185,2526,0,gap,35
10543,70032442,70032.442,2517,0,gap,35
10544,70036687,70036.687,2499,0,gap,35
10545,70048182,70048.182,2484,0,gap,35
10546,70052440,70052.44,2421,0,gap,35
10547,70056698,70056.698,2429,0,gap,35
10548,70068186,70068.186,2426,0,gap,35
10549,70072458,70072.458,2368,0,gap,35
10550,70076718,70076.718,2378,0,gap,35
10551,70088178,70088.178,2352,0,gap,35
10552,70092456,70092.456,2321,0,gap,35
10553,70096734,70096.734,2320,0,gap,35
10554,70108186,70108.186,2285,0,gap,35
10555,70112478,70112.478,2272,0,gap,35
10556,70116765,70116.765,2242,0,gap,35
10557,70128178,70128.178,2224,0,gap,35
10558,70132472,70132.472,2215,0,gap,35
10559,70136773,70136.773,2175,0,gap,35
10560,70148186,70148.186,2155,0,gap,35
10561,70155254,70155.254,2117,0,gap,35
10562,70159325,70159.325,2143,0,gap,35
10563,70168178,70168.178,2109,0,gap,35
10564,70172218,70172.218,2079,0,gap,35
10565,70178178,70178.178,2069,0,gap,35
10566,70188187,70188.187,2037,0,gap,35
10567,70192259,70192.259,2017,0,gap,35
10568,70198186,70198.186,2005,0,gap,35
10569,70208179,70208.179,1983,0,gap,35
10570,70212251,70212.251,1989,0,gap,35
10571,70218178,70218.178,1952,0,gap,35
10572,70228191,70228.191,1929,0,gap,35
10573,70232281,70232.281,1917,0,gap,35
10574,70248169,70248.169,1884,0,gap,35
10575,70252267,70252.267,1858,0,gap,35
10576,70256360,70256.36,1842,0,gap,35
10577,70268182,70268.182,1813,0,gap,35
10578,70272289,70272.289,1793,0,gap,35
10579,70276388,70276.388,1792,0,gap,35
10580,70288186,70288.186,1754,0,gap,35
10581,70292301,70292.301,1759,0,gap,35
10582,70296444,70296.444,1749,0,gap,35
10583,70308178,70308.178,1699,0,gap,35
10584,70312334,70312.334,1716,0,gap,35
10585,70316487,70316.487,1680,0,gap,35
10586,70328186,70328.186,1681,0,gap,35
10587,70332350,70332.35,1661,0,gap,35
10588,70336517,70336.517,1616,0,gap,35
10589,70348178,70348.178,1626,0,gap,35
10590,70352351,70352.351,1616,0,gap,35
10591,70356525,70356.525,1584,0,gap,35
10592,70368186,70368.186,1565,0,gap,35
10593,70372378,70372.378,1525,0,gap,35
10594,70376562,70376.562,1560,0,gap,35
10595,70388178,70388.178,1509,0,gap,35
10596,70392381,70392.381,1483,0,gap,35
10597,70396582,70396.582,1489,0,gap,35
10598,70408186,70408.186,1472,0,gap,35
10599,70412422,70412.422,1472,0,gap,35
10600,70416649,70416.649,1443,0,gap,35
10601,70428179,70428.179,1438,0,gap,35
10602,70432420,70432.42,1410,0,gap,35
10603,70436653,70436.653,1387,0,gap,35
10604,70448191,70448.191,1402,0,gap,35
10605,70452442,70452.442,1364,0,gap,35
10606,70456685,70456.685,1347,0,gap,35
10607,70468179,70468.179,1327,0,gap,35
10608,70472440,70472.44,1306,0,gap,35
10609,70476697,70476.697,1298,0,gap,35
10610,70488187,70488.187,1264,0,gap,35
10611,70492454,70492.454,1263,0,gap,35
10612,70498169,70498.169,1276,0,gap,35
10613,70508178,70508.178,1231,0,gap,35
10614,70512458,70512.458,1227,0,gap,35
10615,70518177,70518.177,1223,0,gap,35
10616,70528186,70528.186,1207,0,gap,35
10617,70532476,70532.476,1183,0,gap,35
10618,70538185,70538.185,1168,0,gap,35
10619,70548178,70548.178,1177,0,gap,35
10620,70552478,70552.478,1150,0,gap,35
10621,70558177,70558.177,1127,0,gap,35
10622,70568186,70568.186,1138,0,gap,35
10623,70572498,70572.498,1106,0,gap,35
10624,70579606,70579.606,1120,0,gap,35
10625,70588181,70588.181,1098,0,gap,35
10626,70592224,70592.224,1067,0,gap,35
10627,70598178,70598.178,1079,0,gap,35
10628,70608187,70608.187,1055,0,gap,35
10629,70612250,70612.25,1042,0,gap,35
10630,70618186,70618.186,1039,0,gap,35
10631,70628179,70628.179,1009,0,gap,35
10632,70632253,70632.253,1005,0,gap,35
10633,70638178,70638.178,977,0,gap,35
10634,70648187,70648.187,1006,0,gap,35
10635,70652276,70652.276,961,0,gap,35
10636,70658190,70658.19,939,0,gap,35
10637,70668179,70668.179,979,0,gap,35
10638,70672274,70672.274,908,0,gap,35
10639,70678178,70678.178,925,0,gap,35
10640,70688187,70688.187,903,0,gap,35
10641,70692300,70692.3,889,0,gap,35
10642,70698186,70698.186,911,0,gap,35
10643,70708179,70708.179,879,0,gap,35
10644,70712308,70712.308,887,0,gap,35
10645,70718178,70718.178,891,0,gap,35
10646,70728187,70728.187,883,0,gap,35
10647,70732349,70732.349,861,0,gap,35
10648,70738186,70738.186,831,0,gap,35
10649,70748179,70748.179,855,0,gap,35
10650,70752347,70752.347,802,0,gap,35
10651,70758178,70758.178,785,0,gap,35
10652,70768191,70768.191,811,0,gap,35
10653,70772371,70772.371,770,0,gap,35
10654,70778186,70778.186,801,0,gap,35
10655,70788179,70788.179,765,0,gap,35
10656,70792372,70792.372,749,0,gap,35
10657,70798182,70798.182,784,0,gap,35
10658,70808186,70808.186,732,0,gap,35
10659,70812399,70812.399,758,0,gap,35
10660,70818186,70818.186,737,0,gap,35
10661,70828178,70828.178,738,0,gap,35
10662,70832408,70832.408,725,0,gap,35
10663,70838178,70838.178,718,0,gap,35
10664,70848186,70848.186,755,0,gap,35
10665,70852425,70852.425,695,0,gap,35
10666,70858185,70858.185,686,0,gap,35
10667,70868178,70868.178,707,0,gap,35
10668,70872431,70872.431,645,0,gap,35
10669,70878177,70878.177,674,0,gap,35
10670,70888186,70888.186,675,0,gap,35
10671,70892449,70892.449,640,0,gap,35
10672,70898185,70898.185,681,0,gap,35
10673,70908182,70908.182,652,0,gap,35
10674,70912454,70912.454,654,0,gap,35
10675,70918177,70918.177,638,0,gap,35
10676,70928186,70928.186,661,0,gap,35
10677,70932464,70932.464,630,0,gap,35
10678,70938185,70938.185,588,0,gap,35
10679,70948178,70948.178,652,0,gap,35
10680,70952470,70952.47,576,0,gap,35
10681,70958169,70958.169,576,0,gap,35
10682,70968186,70968.186,638,0,gap,35
10683,70972487,70972.487,554,0,gap,35
10684,70978173,70978.173,577,0,gap,35
10685,70988178,70988.178,580,0,gap,35
10686,70995245,70995.245,581,0,gap,35
10687,70999321,70999.321,555,0,gap,35
10688,71008185,71008.185,543,0,gap,35
10689,71012238,71012.238,549,0,gap,35
10690,71018186,71018.186,556,0,gap,35
10691,71028178,71028.178,577,0,gap,35
10692,71032239,71032.239,550,0,gap,35
10693,71038178,71038.178,511,0,gap,35
10694,71048186,71048.186,567,0,gap,35
10695,71052266,71052.266,497,0,gap,35
10696,71058186,71058.186,483,0,gap,35
10697,71068178,71068.178,559,0,gap,35
10698,71072264,71072.264,470,0,gap,35
10699,71078178,71078.178,538,0,gap,35
10700,71088190,71088.19,526,0,gap,35
10701,71092294,71092.294,464,0,gap,35
10702,71098185,71098.185,511,0,gap,35
10703,71108178,71108.178,477,0,gap,35
10704,71112284,71112.284,475,0,gap,35
10705,71118181,71118.181,496,0,gap,35
10706,71128186,71128.186,506,0,gap,35
10707,71132336,71132.336,477,0,gap,35
10708,71138185,71138.185,449,0,gap,35
10709,71148178,71148.178,511,0,gap,35
10710,71152335,71152.335,427,0,gap,35
10711,71158177,71158.177,433,0,gap,35
10712,71168186,71168.186,511,0,gap,35
10713,71172360,71172.36,409,0,gap,35
10714,71178173,71178.173,448,0,gap,35
10715,71188178,71188.178,448,0,gap,35
10716,71192355,71192.355,400,0,gap,35
10717,71198165,71198.165,458,0,gap,35
10718,71208186,71208.186,421,0,gap,35
10719,71212384,71212.384,437,0,gap,35
10720,71216571,71216.571,413,0,gap,35
10721,71228183,71228.183,448,0,gap,35
10722,71232392,71232.392,405,0,gap,35
10723,71236606,71236.606,382,0,gap,35
10724,71248187,71248.187,459,0,gap,35
10725,71252422,71252.422,369,0,gap,35
10726,71256648,71256.648,354,0,gap,35
10727,71268179,71268.179,449,0,gap,35
10728,71272419,71272.419,342,0,gap,35
10729,71276663,71276.663,371,0,gap,35
10730,71288187,71288.187,405,0,gap,35
10731,71292441,71292.441,355,0,gap,35
10732,71296686,71296.686,370,0,gap,35
10733,71308179,71308.179,372,0,gap,35
10734,71312435,71312.435,371,0,gap,35
10735,71316698,71316.698,353,0,gap,35
10736,71328186,71328.186,400,0,gap,35
10737,71332464,71332.464,375,0,gap,35
10738,71336729,71336.729,332,0,gap,35
10739,71348178,71348.178,423,0,gap,35
10740,71352458,71352.458,322,0,gap,35
10741,71356737,71356.737,299,0,gap,35
10742,71368186,71368.186,421,0,gap,35
10743,71372488,71372.488,278,0,gap,35
10744,71376772,71376.772,311,0,gap,35
10745,71388178,71388.178,366,0,gap,35
10746,71392477,71392.477,295,0,gap,35
10747,71396779,71396.779,328,0,gap,35
10748,71408190,71408.19,334,0,gap,35
10749,71415294,71415.294,382,0,gap,35
10750,71419340,71419.34,299,0,gap,35
10751,71428177,71428.177,350,0,gap,35
10752,71432224,71432.224,314,0,gap,35
10753,71438182,71438.182,303,0,gap,35
10754,71448186,71448.186,388,0,gap,35
10755,71452253,71452.253,279,0,gap,35
10756,71458186,71458.186,279,0,gap,35
10757,71468178,71468.178,378,0,gap,35
10758,71472248,71472.248,241,0,gap,35
10759,71478178,71478.178,304,0,gap,35
10760,71488186,71488.186,311,0,gap,35
10761,71492282,71492.282,245,0,gap,35
10762,71498186,71498.186,321,0,gap,35
10763,71508178,71508.178,284,0,gap,35
10764,71512277,71512.277,297,0,gap,35
10765,71518177,71518.177,305,0,gap,35
10766,71528186,71528.186,320,0,gap,35
10767,71532303,71532.303,279,0,gap,35
10768,71538185,71538.185,251,0,gap,35
10769,71548182,71548.182,349,0,gap,35
10770,71552327,71552.327,229,0,gap,35
10771,71558177,71558.177,236,0,gap,35
10772,71568186,71568.186,334,0,gap,35
10773,71572352,71572.352,208,0,gap,35
10774,71578185,71578.185,275,0,gap,35
10775,71588178,71588.178,287,0,gap,35
10776,71592346,71592.346,201,0,gap,35
10777,71598177,71598.177,303,0,gap,35
10778,71608186,71608.186,256,0,gap,35
10779,71612373,71612.373,273,0,gap,35
10780,71618177,71618.177,253,0,gap,35
10781,71628178,71628.178,281,0,gap,35
10782,71632367,71632.367,247,0,gap,35
10783,71636563,71636.563,197,0,gap,35
10784,71648187,71648.187,331,0,gap,35
10785,71652406,71652.406,211,0,gap,35
10786,71656625,71656.625,180,0,gap,35
10787,71668179,71668.179,310,0,gap,35
10788,71672411,71672.411,187,0,gap,35
10789,71676643,71676.643,215,0,gap,35
10790,71688187,71688.187,266,0,gap,35
10791,71692441,71692.441,208,0,gap,35
10792,71696679,71696.679,232,0,gap,35
10793,71708179,71708.179,239,0,gap,35
10794,71712431,71712.431,224,0,gap,35
10795,71716686,71716.686,220,0,gap,35
10796,71728191,71728.191,266,0,gap,35
10797,71732460,71732.46,224,0,gap,35
10798,71736713,71736.713,162,0,gap,35
10799,71748179,71748.179,311,0,gap,35
10800,71752450,71752.45,202,0,gap,35
10801,71756725,71756.725,131,0,gap,35
10802,71768186,71768.186,280,0,gap,35
10803,71772472,71772.472,161,0,gap,35
10804,71776744,71776.744,185,0,gap,35
10805,71788178,71788.178,240,0,gap,35
10806,71792465,71792.465,176,0,gap,35
10807,71796764,71796.764,225,0,gap,35
10808,71808186,71808.186,195,0,gap,35
10809,71812491,71812.491,202,0,gap,35
10810,71816783,71816.783,205,0,gap,35
10811,71823854,71823.854,176,0,gap,35
10812,71838190,71838.19,245,0,gap,35
10813,71842238,71842.238,149,0,gap,35
10814,71846274,71846.274,182,0,gap,35
10815,71858177,71858.177,205,0,gap,35
10816,71862234,71862.234,185,0,gap,35
10817,71866295,71866.295,181,0,gap,35
10818,71878185,71878.185,240,0,gap,35
10819,71882257,71882.257,189,0,gap,35
10820,71886317,71886.317,158,0,gap,35
10821,71898177,71898.177,253,0,gap,35
10822,71902255,71902.255,151,0,gap,35
10823,71906341,71906.341,128,0,gap,35
10824,71918185,71918.185,266,0,gap,35
10825,71922279,71922.279,128,0,gap,35
10826,71926372,71926.372,131,0,gap,35
10827,71938177,71938.177,203,0,gap,35
10828,71942285,71942.285,124,0,gap,35
10829,71946383,71946.383,181,0,gap,35
10830,71958185,71958.185,176,0,gap,35
10831,71962305,71962.305,178,0,gap,35
10832,71966447,71966.447,162,0,gap,35
10833,71978181,71978.181,207,0,gap,35
10834,71982337,71982.337,168,0,gap,35
10835,71986486,71986.486,135,0,gap,35
10836,71998185,71998.185,241,0,gap,35
10837,72002349,72002.349,135,0,gap,35
10838,72006519,72006.519,101,0,gap,35
10839,72018177,72018.177,252,0,gap,35
10840,72022354,72022.354,105,0,gap,35
10841,72026524,72026.524,112,0,gap,35
10842,72038185,72038.185,337,1,pulse,36
10843,72042469,72042.469,4095,1,pulse,36
10844,72046598,72046.598,4095,1,pulse,36
10845,72058174,72058.174,4095,1,pulse,36
10846,72062314,72062.314,4095,1,pulse,36
10847,72066453,72066.453,4095,1,pulse,36
10848,72078183,72078.183,4095,0,gap,36
10849,72082574,72082.574,2927,0,gap,36
10850,72086815,72086.815,2885,0,gap,36
10851,72098178,72098.178,2735,0,gap,36
10852,72102430,72102.43,2699,0,gap,36
10853,72106676,72106.676,2699,0,gap,36
10854,72118187,72118.187,2636,0,gap,36
10855,72122448,72122.448,2613,0,gap,36
10856,72126704,72126.704,2606,0,gap,36
10857,72138179,72138.179,2557,0,gap,36
10858,72142446,72142.446,2535,0,gap,36
10859,72146716,72146.716,2521,0,gap,36
10860,72158187,72158.187,2501,0,gap,36
10861,72162464,72162.464,2496,0,gap,36
10862,72168169,72168.169,2448,0,gap,36
10863,72178178,72178.178,2422,0,gap,36
10864,72182472,72182.472,2409,0,gap,36
10865,72188177,72188.177,2381,0,gap,36
10866,72198186,72198.186,2384,0,gap,36
10867,72202482,72202.482,2329,0,gap,36
10868,72208185,72208.185,2334,0,gap,36
10869,72218178,72218.178,2320,0,gap,36
10870,72222488,72222.488,2286,0,gap,36
10871,72228177,72228.177,2261,0,gap,36
10872,72238186,72238.186,2225,0,gap,36
10873,72242503,72242.503,2229,0,gap,36
10874,72249631,72249.631,2213,0,gap,36
10875,72258177,72258.177,2192,0,gap,36
10876,72262229,72262.229,2179,0,gap,36
10877,72268178,72268.178,2145,0,gap,36
10878,72278187,72278.187,2127,0,gap,36
10879,72282259,72282.259,2111,0,gap,36
10880,72288190,72288.19,2105,0,gap,36
10881,72298179,72298.179,2085,0,gap,36
10882,72302259,72302.259,2042,0,gap,36
10883,72308178,72308.178,2029,0,gap,36
10884,72318187,72318.187,2007,0,gap,36
10885,72322285,72322.285,2000,0,gap,36
10886,72338169,72338.169,1981,0,gap,36
10887,72342275,72342.275,1943,0,gap,36
10888,72346376,72346.376,1934,0,gap,36
10889,72358178,72358.178,1920,0,gap,36
10890,72362290,72362.29,1874,0,gap,36
10891,72366401,72366.401,1872,0,gap,36
10892,72378186,72378.186,1843,0,gap,36
10893,72382307,72382.307,1841,0,gap,36
10894,72386435,72386.435,1829,0,gap,36
10895,72398178,72398.178,1808,0,gap,36
10896,72402347,72402.347,1777,0,gap,36
10897,72406504,72406.504,1758,0,gap,36
10898,72418186,72418.186,1739,0,gap,36
10899,72422357,72422.357,1719,0,gap,36
10900,72426528,72426.528,1708,0,gap,36
10901,72438178,72438.178,1696,0,gap,36
10902,72442364,72442.364,1696,0,gap,36
10903,72446545,72446.545,1647,0,gap,36
10904,72458186,72458.186,1645,0,gap,36
10905,72462383,72462.383,1634,0,gap,36
10906,72466578,72466.578,1594,0,gap,36
10907,72478178,72478.178,1585,0,gap,36
10908,72482385,72482.385,1587,0,gap,36
10909,72486595,72486.595,1553,0,gap,36
10910,72498186,72498.186,1532,0,gap,36
10911,72502427,72502.427,1507,0,gap,36
10912,72506666,72506.666,1503,0,gap,36
10913,72518179,72518.179,1483,0,gap,36
10914,72522424,72522.424,1466,0,gap,36
10915,72526665,72526.665,1462,0,gap,36
10916,72538187,72538.187,1444,0,gap,36
10917,72542442,72542.442,1428,0,gap,36
10918,72546697,72546.697,1424,0,gap,36
10919,72558179,72558.179,1389,0,gap,36
10920,72562452,72562.452,1389,0,gap,36
10921,72566717,72566.717,1359,0,gap,36
10922,72578187,72578.187,1367,0,gap,36
10923,72582470,72582.47,1353,0,gap,36
10924,72586744,72586.744,1309,0,gap,36
10925,72598179,72598.179,1326,0,gap,36
10926,72602468,72602.468,1279,0,gap,36
10927,72608177,72608.177,1283,0,gap,36
10928,72618190,72618.19,1265,0,gap,36
10929,72622488,72622.488,1249,0,gap,36
10930,72628185,72628.185,1248,0,gap,36
10931,72638178,72638.178,1228,0,gap,36
10932,72642482,72642.482,1205,0,gap,36
10933,72648177,72648.177,1211,0,gap,36
10934,72658186,72658.186,1167,0,gap,36
10935,72662505,72662.505,1178,0,gap,36
10936,72669576,72669.576,1148,0,gap,36
10937,72678177,72678.177,1137,0,gap,36
10938,72682228,72682.228,1125,0,gap,36
10939,72688178,72688.178,1105,0,gap,36
10940,72698187,72698.187,1113,0,gap,36
10941,72702254,72702.254,1086,0,gap,36
10942,72708186,72708.186,1073,0,gap,36
10943,72718179,72718.179,1067,0,gap,36
10944,72722265,72722.265,1015,0,gap,36
10945,72728178,72728.178,1050,0,gap,36
10946,72738187,72738.187,1019,0,gap,36
10947,72742279,72742.279,998,0,gap,36
10948,72748186,72748.186,1039,0,gap,36
10949,72758179,72758.179,987,0,gap,36
10950,72762283,72762.283,978,0,gap,36
10951,72768178,72768.178,958,0,gap,36
10952,72778187,72778.187,982,0,gap,36
10953,72782308,72782.308,970,0,gap,36
10954,72788186,72788.186,919,0,gap,36
10955,72798179,72798.179,948,0,gap,36
10956,72802300,72802.3,918,0,gap,36
10957,72808178,72808.178,907,0,gap,36
10958,72818187,72818.187,913,0,gap,36
10959,72822356,72822.356,877,0,gap,36
10960,72828190,72828.19,890,0,gap,36
10961,72838179,72838.179,867,0,gap,36
10962,72842348,72842.348,854,0,gap,36
10963,72848178,72848.178,880,0,gap,36
10964,72858187,72858.187,832,0,gap,36
10965,72862373,72862.373,853,0,gap,36
10966,72868186,72868.186,832,0,gap,36
10967,72878179,72878.179,850,0,gap,36
10968,72882376,72882.376,813,0,gap,36
10969,72888178,72888.178,783,0,gap,36
10970,72898187,72898.187,810,0,gap,36
10971,72902406,72902.406,770,0,gap,36
10972,72908186,72908.186,756,0,gap,36
10973,72918179,72918.179,799,0,gap,36
10974,72922416,72922.416,727,0,gap,36
10975,72928178,72928.178,757,0,gap,36
10976,72938190,72938.19,734,0,gap,36
10977,72942446,72942.446,699,0,gap,36
10978,72948186,72948.186,752,0,gap,36
10979,72958178,72958.178,702,0,gap,36
10980,72962435,72962.435,743,0,gap,36
10981,72968177,72968.177,704,0,gap,36
10982,72978186,72978.186,711,0,gap,36
10983,72982461,72982.461,689,0,gap,36
10984,72988185,72988.185,656,0,gap,36
10985,72998178,72998.178,717,0,gap,36
10986,73002451,73002.451,656,0,gap,36
10987,73008177,73008.177,635,0,gap,36
10988,73018186,73018.186,688,0,gap,36
10989,73022484,73022.484,633,0,gap,36
10990,73028185,73028.185,659,0,gap,36
10991,73038178,73038.178,641,0,gap,36
10992,73042478,73042.478,620,0,gap,36
10993,73048177,73048.177,659,0,gap,36
10994,73058186,73058.186,621,0,gap,36
10995,73062496,73062.496,624,0,gap,36
10996,73068185,73068.185,587,0,gap,36
10997,73078178,73078.178,637,0,gap,36
10998,73082495,73082.495,624,0,gap,36
10999,73089615,73089.615,571,0,gap,36
11000,73093668,73093.668,573,0,gap,36
11001,73108179,73108.179,587,0,gap,36
11002,73112231,73112.231,575,0,gap,36
11003,73116300,73116.3,564,0,gap,36
11004,73128185,73128.185,597,0,gap,36
11005,73132262,73132.262,571,0,gap,36
11006,73136330,73136.33,530,0,gap,36
11007,73148177,73148.177,592,0,gap,36
11008,73152266,73152.266,526,0,gap,36
11009,73156355,73156.355,504,0,gap,36
11010,73168185,73168.185,567,0,gap,36
11011,73172291,73172.291,483,0,gap,36
11012,73176381,73176.381,511,0,gap,36
11013,73188177,73188.177,528,0,gap,36
11014,73192306,73192.306,491,0,gap,36
11015,73196430,73196.43,511,0,gap,36
11016,73208185,73208.185,504,0,gap,36
11017,73212308,73212.308,505,0,gap,36
11018,73216417,73216.417,491,0,gap,36
11019,73228177,73228.177,526,0,gap,36
11020,73232332,73232.332,486,0,gap,36
11021,73236492,73236.492,443,0,gap,36
11022,73248185,73248.185,558,0,gap,36
11023,73252361,73252.361,442,0,gap,36
11024,73256529,73256.529,411,0,gap,36
11025,73268177,73268.177,523,0,gap,36
11026,73272351,73272.351,412,0,gap,36
11027,73276533,73276.533,428,0,gap,36
11028,73288185,73288.185,461,0,gap,36
11029,73292383,73292.383,426,0,gap,36
11030,73296576,73296.576,438,0,gap,36
11031,73308177,73308.177,452,0,gap,36
11032,73312380,73312.38,432,0,gap,36
11033,73316583,73316.583,415,0,gap,36
11034,73328185,73328.185,463,0,gap,36
11035,73332418,73332.418,418,0,gap,36
11036,73336643,73336.643,391,0,gap,36
11037,73348177,73348.177,473,0,gap,36
11038,73352416,73352.416,396,0,gap,36
11039,73356661,73356.661,368,0,gap,36
11040,73368189,73368.189,464,0,gap,36
11041,73372445,73372.445,371,0,gap,36
11042,73376689,73376.689,379,0,gap,36
11043,73388177,73388.177,413,0,gap,36
11044,73392436,73392.436,364,0,gap,36
11045,73396697,73396.697,417,0,gap,36
11046,73408185,73408.185,368,0,gap,36
11047,73412465,73412.465,385,0,gap,36
11048,73416732,73416.732,389,0,gap,36
11049,73428177,73428.177,432,0,gap,36
11050,73432455,73432.455,375,0,gap,36
11051,73436743,73436.743,337,0,gap,36
11052,73448185,73448.185,436,0,gap,36
11053,73452480,73452.48,349,0,gap,36
11054,73456763,73456.763,316,0,gap,36
11055,73468169,73468.169,434,0,gap,36
11056,73472474,73472.474,299,0,gap,36
11057,73476774,73476.774,336,0,gap,36
11058,73488173,73488.173,359,0,gap,36
11059,73492492,73492.492,317,0,gap,36
11060,73496794,73496.794,367,0,gap,36
11061,73503876,73503.876,326,0,gap,36
11062,73507959,73507.959,296,0,gap,36
11063,73518179,73518.179,412,0,gap,36
11064,73522233,73522.233,288,0,gap,36
11065,73528178,73528.178,327,0,gap,36
11066,73538187,73538.187,352,0,gap,36
11067,73542269,73542.269,277,0,gap,36
11068,73548186,73548.186,367,0,gap,36
11069,73558179,73558.179,317,0,gap,36
11070,73562257,73562.257,327,0,gap,36
11071,73568178,73568.178,312,0,gap,36
11072,73578191,73578.191,356,0,gap,36
11073,73582290,73582.29,300,0,gap,36
11074,73588186,73588.186,263,0,gap,36
11075,73598179,73598.179,397,0,gap,36
11076,73602285,73602.285,269,0,gap,36
11077,73608178,73608.178,270,0,gap,36
11078,73618186,73618.186,347,0,gap,36
11079,73622307,73622.307,244,0,gap,36
11080,73628186,73628.186,307,0,gap,36
11081,73638178,73638.178,308,0,gap,36
11082,73642334,73642.334,253,0,gap,36
11083,73648178,73648.178,316,0,gap,36
11084,73658186,73658.186,281,0,gap,36
11085,73662353,73662.353,285,0,gap,36
11086,73668186,73668.186,291,0,gap,36
11087,73678178,73678.178,313,0,gap,36
11088,73682363,73682.363,270,0,gap,36
11089,73688177,73688.177,250,0,gap,36
11090,73698186,73698.186,349,0,gap,36
11091,73702373,73702.373,246,0,gap,36
11092,73708185,73708.185,219,0,gap,36
11093,73718178,73718.178,317,0,gap,36
11094,73722383,73722.383,208,0,gap,36
11095,73728177,73728.177,277,0,gap,36
11096,73738186,73738.186,275,0,gap,36
11097,73742405,73742.405,208,0,gap,36
11098,73748185,73748.185,277,0,gap,36
11099,73758178,73758.178,249,0,gap,36
11100,73762418,73762.418,257,0,gap,36
11101,73768177,73768.177,250,0,gap,36
11102,73778186,73778.186,294,0,gap,36
11103,73782440,73782.44,227,0,gap,36
11104,73788177,73788.177,206,0,gap,36
11105,73798178,73798.178,317,0,gap,36
11106,73802438,73802.438,208,0,gap,36
11107,73808165,73808.165,198,0,gap,36
11108,73818186,73818.186,299,0,gap,36
11109,73822456,73822.456,178,0,gap,36
11110,73826725,73826.725,218,0,gap,36
11111,73838179,73838.179,251,0,gap,36
11112,73842462,73842.462,193,0,gap,36
11113,73846742,73846.742,235,0,gap,36
11114,73858187,73858.187,219,0,gap,36
11115,73862480,73862.48,240,0,gap,36
11116,73866765,73866.765,214,0,gap,36
11117,73878179,73878.179,263,0,gap,36
11118,73882482,73882.482,221,0,gap,36
11119,73886780,73886.78,176,0,gap,36
11120,73898191,73898.191,301,0,gap,36
11121,73902504,73902.504,196,0,gap,36
11122,73906808,73906.808,158,0,gap,36
11123,73918179,73918.179,273,0,gap,36
11124,73925291,73925.291,191,0,gap,36
11125,73929354,73929.354,214,0,gap,36
11126,73938185,73938.185,208,0,gap,36
11127,73942245,73942.245,154,0,gap,36
11128,73948186,73948.186,215,0,gap,36
11129,73958178,73958.178,198,0,gap,36
11130,73962255,73962.255,176,0,gap,36
11131,73968178,73968.178,205,0,gap,36
11132,73978186,73978.186,228,0,gap,36
11133,73982269,73982.269,186,0,gap,36
11134,73988186,73988.186,144,0,gap,36
11135,73998178,73998.178,275,0,gap,36
11136,74002280,74002.28,146,0,gap,36
11137,74008178,74008.178,149,0,gap,36
11138,74018186,74018.186,247,0,gap,36
11139,74022302,74022.302,141,0,gap,36
11140,74028185,74028.185,191,0,gap,36
11141,74038178,74038.178,192,0,gap,36
11142,74042297,74042.297,135,0,gap,36
11143,74048177,74048.177,227,0,gap,36
11144,74058186,74058.186,176,0,gap,36
11145,74062338,74062.338,171,0,gap,36
11146,74068185,74068.185,190,0,gap,36
11147,74078178,74078.178,222,0,gap,36
11148,74082346,74082.346,170,0,gap,36
11149,74088177,74088.177,130,0,gap,36
11150,74098186,74098.186,240,0,gap,36
11151,74102371,74102.371,137,0,gap,36
11152,74108189,74108.189,129,0,gap,36
11153,74118178,74118.178,235,0,gap,36
11154,74122369,74122.369,112,0,gap,36
11155,74128165,74128.165,171,1,pulse,37
11156,74138191,74138.191,4095,1,pulse,37
11157,74142343,74142.343,4095,1,pulse,37
11158,74148182,74148.182,4095,1,pulse,37
11159,74158174,74158.174,4095,1,pulse,37
11160,74162333,74162.333,4095,1,pulse,37
11161,74168174,74168.174,4095,0,gap,37
11162,74178200,74178.2,2845,0,gap,37
11163,74182456,74182.456,2772,0,gap,37
11164,74188186,74188.186,2757,0,gap,37
11165,74198179,74198.179,2677,0,gap,37
11166,74202441,74202.441,2681,0,gap,37
11167,74218173,74218.173,2627,0,gap,37
11168,74222446,74222.446,2587,0,gap,37
11169,74226714,74226.714,2559,0,gap,37
11170,74238185,74238.185,2544,0,gap,37
11171,74242464,74242.464,2515,0,gap,37
11172,74246742,74246.742,2507,0,gap,37
11173,74258177,74258.177,2470,0,gap,37
11174,74262470,74262.47,2449,0,gap,37
11175,74266757,74266.757,2433,0,gap,37
11176,74278186,74278.186,2423,0,gap,37
11177,74282488,74282.488,2390,0,gap,37
11178,74286789,74286.789,2363,0,gap,37
11179,74298178,74298.178,2349,0,gap,37
11180,74302485,74302.485,2336,0,gap,37
11181,74306789,74306.789,2323,0,gap,37
11182,74318186,74318.186,2276,0,gap,37
11183,74322511,74322.511,2258,0,gap,37
11184,74326828,74326.828,2255,0,gap,37
11185,74338178,74338.178,2240,0,gap,37
11186,74345257,74345.257,2203,0,gap,37
11187,74349349,74349.349,2203,0,gap,37
11188,74358190,74358.19,2169,0,gap,37
11189,74362258,74362.258,2163,0,gap,37
11190,74368186,74368.186,2130,0,gap,37
11191,74378179,74378.179,2123,0,gap,37
11192,74382263,74382.263,2093,0,gap,37
11193,74388178,74388.178,2064,0,gap,37
11194,74398187,74398.187,2070,0,gap,37
11195,74402283,74402.283,2015,0,gap,37
11196,74408186,74408.186,2014,0,gap,37
11197,74418179,74418.179,1993,0,gap,37
11198,74422281,74422.281,1963,0,gap,37
11199,74438169,74438.169,1954,0,gap,37
11200,74442283,74442.283,1934,0,gap,37
11201,74446400,74446.4,1913,0,gap,37
11202,74458186,74458.186,1875,0,gap,37
11203,74462313,74462.313,1872,0,gap,37
11204,74466432,74466.432,1845,0,gap,37
11205,74478178,74478.178,1854,0,gap,37
11206,74482313,74482.313,1805,0,gap,37
11207,74486480,74486.48,1795,0,gap,37
11208,74498186,74498.186,1785,0,gap,37
11209,74502362,74502.362,1757,0,gap,37
11210,74506531,74506.531,1744,0,gap,37
11211,74518178,74518.178,1726,0,gap,37
11212,74522361,74522.361,1710,0,gap,37
11213,74526548,74526.548,1699,0,gap,37
11214,74538186,74538.186,1665,0,gap,37
11215,74542391,74542.391,1681,0,gap,37
11216,74546581,74546.581,1625,0,gap,37
11217,74558178,74558.178,1616,0,gap,37
11218,74562382,74562.382,1603,0,gap,37
11219,74566593,74566.593,1610,0,gap,37
11220,74578190,74578.19,1566,0,gap,37
11221,74582420,74582.42,1557,0,gap,37
11222,74586638,74586.638,1530,0,gap,37
11223,74598178,74598.178,1527,0,gap,37
11224,74602426,74602.426,1510,0,gap,37
11225,74606677,74606.677,1490,0,gap,37
11226,74618186,74618.186,1474,0,gap,37
11227,74622448,74622.448,1458,0,gap,37
11228,74626697,74626.697,1459,0,gap,37
11229,74638179,74638.179,1424,0,gap,37
11230,74642442,74642.442,1404,0,gap,37
11231,74646716,74646.716,1407,0,gap,37
11232,74658187,74658.187,1363,0,gap,37
11233,74662468,74662.468,1360,0,gap,37
11234,74666736,74666.736,1365,0,gap,37
11235,74678179,74678.179,1322,0,gap,37
11236,74682466,74682.466,1331,0,gap,37
11237,74686752,74686.752,1301,0,gap,37
11238,74698187,74698.187,1293,0,gap,37
11239,74702491,74702.491,1275,0,gap,37
11240,74708173,74708.173,1264,0,gap,37
11241,74718178,74718.178,1253,0,gap,37
11242,74722484,74722.484,1220,0,gap,37
11243,74728177,74728.177,1213,0,gap,37
11244,74738186,74738.186,1207,0,gap,37
11245,74742510,74742.51,1194,0,gap,37
11246,74748185,74748.185,1209,0,gap,37
11247,74758182,74758.182,1158,0,gap,37
11248,74762510,74762.51,1161,0,gap,37
11249,74769642,74769.642,1143,0,gap,37
11250,74778185,74778.185,1147,0,gap,37
11251,74782252,74782.252,1112,0,gap,37
11252,74788190,74788.19,1097,0,gap,37
11253,74798179,74798.179,1104,0,gap,37
11254,74802254,74802.254,1081,0,gap,37
11255,74808178,74808.178,1071,0,gap,37
11256,74818187,74818.187,1051,0,gap,37
11257,74822281,74822.281,1019,0,gap,37
11258,74828186,74828.186,1049,0,gap,37
11259,74838179,74838.179,1018,0,gap,37
11260,74842280,74842.28,979,0,gap,37
11261,74848178,74848.178,1035,0,gap,37
11262,74858187,74858.187,976,0,gap,37
11263,74862314,74862.314,976,0,gap,37
11264,74868186,74868.186,965,0,gap,37
11265,74878179,74878.179,970,0,gap,37
11266,74882300,74882.3,949,0,gap,37
11267,74888178,74888.178,919,0,gap,37
11268,74898191,74898.191,939,0,gap,37
11269,74902344,74902.344,893,0,gap,37
11270,74908186,74908.186,890,0,gap,37
11271,74918179,74918.179,909,0,gap,37
11272,74922353,74922.353,860,0,gap,37
11273,74928178,74928.178,876,0,gap,37
11274,74938187,74938.187,848,0,gap,37
11275,74942375,74942.375,849,0,gap,37
11276,74948186,74948.186,877,0,gap,37
11277,74958179,74958.179,837,0,gap,37
11278,74962371,74962.371,841,0,gap,37
11279,74968182,74968.182,832,0,gap,37
11280,74978187,74978.187,845,0,gap,37
11281,74982400,74982.4,795,0,gap,37
11282,74988186,74988.186,770,0,gap,37
11283,74998179,74998.179,817,0,gap,37
11284,75002411,75002.411,753,0,gap,37
11285,75008178,75008.178,763,0,gap,37
11286,75018186,75018.186,790,0,gap,37
11287,75022443,75022.443,721,0,gap,37
11288,75028186,75028.186,773,0,gap,37
11289,75038178,75038.178,731,0,gap,37
11290,75042437,75042.437,719,0,gap,37
11291,75048178,75048.178,750,0,gap,37
11292,75058186,75058.186,701,0,gap,37
11293,75062459,75062.459,726,0,gap,37
11294,75068185,75068.185,714,0,gap,37
11295,75078182,75078.182,717,0,gap,37
11296,75082461,75082.461,693,0,gap,37
11297,75088177,75088.177,647,0,gap,37
11298,75098186,75098.186,711,0,gap,37
11299,75102482,75102.482,637,0,gap,37
11300,75108189,75108.189,635,0,gap,37
11301,75118178,75118.178,686,0,gap,37
11302,75122476,75122.476,603,0,gap,37
11303,75128177,75128.177,655,0,gap,37
11304,75138186,75138.186,634,0,gap,37
11305,75142498,75142.498,610,0,gap,37
11306,75148185,75148.185,640,0,gap,37
11307,75158178,75158.178,613,0,gap,37
11308,75162491,75162.491,611,0,gap,37
11309,75168177,75168.177,598,0,gap,37
11310,75178186,75178.186,601,0,gap,37
11311,75185287,75185.287,592,0,gap,37
11312,75189378,75189.378,545,0,gap,37
11313,75198177,75198.177,627,0,gap,37
11314,75202237,75202.237,560,0,gap,37
11315,75208178,75208.178,539,0,gap,37
11316,75218190,75218.19,596,0,gap,37
11317,75222279,75222.279,523,0,gap,37
11318,75228186,75228.186,589,0,gap,37
11319,75238178,75238.178,554,0,gap,37
11320,75242270,75242.27,528,0,gap,37
11321,75248178,75248.178,561,0,gap,37
11322,75258186,75258.186,549,0,gap,37
11323,75262292,75262.292,530,0,gap,37
11324,75268186,75268.186,528,0,gap,37
11325,75278178,75278.178,547,0,gap,37
11326,75282295,75282.295,497,0,gap,37
11327,75288182,75288.182,479,0,gap,37
11328,75298186,75298.186,561,0,gap,37
11329,75302313,75302.313,471,0,gap,37
11330,75308185,75308.185,469,0,gap,37
11331,75318178,75318.178,523,0,gap,37
11332,75322347,75322.347,419,0,gap,37
11333,75328177,75328.177,487,0,gap,37
11334,75338186,75338.186,468,0,gap,37
11335,75342366,75342.366,444,0,gap,37
11336,75348185,75348.185,491,0,gap,37
11337,75358178,75358.178,455,0,gap,37
11338,75362372,75362.372,469,0,gap,37
11339,75368169,75368.169,457,0,gap,37
11340,75378186,75378.186,505,0,gap,37
11341,75382384,75382.384,454,0,gap,37
11342,75388169,75388.169,427,0,gap,37
11343,75398182,75398.182,492,0,gap,37
11344,75402397,75402.397,418,0,gap,37
11345,75406603,75406.603,390,0,gap,37
11346,75418187,75418.187,458,0,gap,37
11347,75422416,75422.416,377,0,gap,37
11348,75426651,75426.651,411,0,gap,37
11349,75438179,75438.179,440,0,gap,37
11350,75442429,75442.429,401,0,gap,37
11351,75446679,75446.679,389,0,gap,37
11352,75458187,75458.187,400,0,gap,37
11353,75462447,75462.447,399,0,gap,37
11354,75466710,75466.71,407,0,gap,37
11355,75478179,75478.179,447,0,gap,37
11356,75482453,75482.453,400,0,gap,37
11357,75486718,75486.718,354,0,gap,37
11358,75498187,75498.187,441,0,gap,37
11359,75502474,75502.474,368,0,gap,37
11360,75506753,75506.753,333,0,gap,37
11361,75518178,75518.178,432,0,gap,37
11362,75522468,75522.468,330,0,gap,37
11363,75526753,75526.753,350,0,gap,37
11364,75538190,75538.19,380,0,gap,37
11365,75542494,75542.494,327,0,gap,37
11366,75546792,75546.792,368,0,gap,37
11367,75558178,75558.178,359,0,gap,37
11368,75562491,75562.491,372,0,gap,37
11369,75566795,75566.795,338,0,gap,37
11370,75578186,75578.186,387,0,gap,37
11371,75582505,75582.505,349,0,gap,37
11372,75586819,75586.819,314,0,gap,37
11373,75598178,75598.178,422,0,gap,37
11374,75605273,75605.273,321,0,gap,37
11375,75609348,75609.348,310,0,gap,37
11376,75618185,75618.185,389,0,gap,37
11377,75622252,75622.252,286,0,gap,37
11378,75628186,75628.186,342,0,gap,37
11379,75638178,75638.178,343,0,gap,37
11380,75642269,75642.269,277,0,gap,37
11381,75648178,75648.178,353,0,gap,37
11382,75658186,75658.186,311,0,gap,37
11383,75662284,75662.284,315,0,gap,37
11384,75668186,75668.186,305,0,gap,37
11385,75678178,75678.178,356,0,gap,37
11386,75682291,75682.291,304,0,gap,37
11387,75688177,75688.177,268,0,gap,37
11388,75698186,75698.186,366,0,gap,37
11389,75702308,75702.308,271,0,gap,37
11390,75708185,75708.185,262,0,gap,37
11391,75718182,75718.182,362,0,gap,37
11392,75722315,75722.315,246,0,gap,37
11393,75728177,75728.177,304,0,gap,37
11394,75738186,75738.186,306,0,gap,37
11395,75742351,75742.351,240,0,gap,37
11396,75748189,75748.189,307,0,gap,37
11397,75758178,75758.178,269,0,gap,37
11398,75762356,75762.356,262,0,gap,37
11399,75768177,75768.177,283,0,gap,37
11400,75778186,75778.186,318,0,gap,37
11401,75782378,75782.378,272,0,gap,37
11402,75788173,75788.173,233,0,gap,37
11403,75798178,75798.178,346,0,gap,37
11404,75802379,75802.379,210,0,gap,37
11405,75808165,75808.165,233,0,gap,37
11406,75818186,75818.186,323,0,gap,37
11407,75822406,75822.406,207,0,gap,37
11408,75826618,75826.618,230,0,gap,37
11409,75838179,75838.179,272,0,gap,37
11410,75842410,75842.41,218,0,gap,37
11411,75846642,75846.642,267,0,gap,37
11412,75858191,75858.191,260,0,gap,37
11413,75862448,75862.448,272,0,gap,37
11414,75866696,75866.696,238,0,gap,37
11415,75878179,75878.179,298,0,gap,37
11416,75882445,75882.445,233,0,gap,37
11417,75886703,75886.703,183,0,gap,37
11418,75898187,75898.187,326,0,gap,37
11419,75902463,75902.463,210,0,gap,37
11420,75906734,75906.734,182,0,gap,37
11421,75918179,75918.179,297,0,gap,37
11422,75922461,75922.461,182,0,gap,37
11423,75926746,75926.746,209,0,gap,37
11424,75938186,75938.186,249,0,gap,37
11425,75942478,75942.478,170,0,gap,37
11426,75946769,75946.769,228,0,gap,37
11427,75958178,75958.178,233,0,gap,37
11428,75962484,75962.484,214,0,gap,37
11429,75966785,75966.785,193,0,gap,37
11430,75978186,75978.186,262,0,gap,37
11431,75982501,75982.501,220,0,gap,37
11432,75986812,75986.812,154,0,gap,37
11433,75998178,75998.178,293,1,pulse,38
11434,76002599,76002.599,4095,1,pulse,38
11435,76006861,76006.861,4095,1,pulse,38
11436,76013884,76013.884,4095,1,pulse,38
11437,76028175,76028.175,4095,1,pulse,38
11438,76032177,76032.177,4095,1,pulse,38
11439,76036171,76036.171,4095,0,gap,38
11440,76048199,76048.199,2815,0,gap,38
11441,76052293,76052.293,2756,0,gap,38
11442,76056380,76056.38,2747,0,gap,38
11443,76068182,76068.182,2682,0,gap,38
11444,76072283,76072.283,2663,0,gap,38
11445,76076381,76076.381,2634,0,gap,38
11446,76088186,76088.186,2611,0,gap,38
11447,76092302,76092.302,2602,0,gap,38
11448,76096409,76096.409,2559,0,gap,38
11449,76108178,76108.178,2525,0,gap,38
11450,76112302,76112.302,2511,0,gap,38
11451,76116428,76116.428,2499,0,gap,38
11452,76128186,76128.186,2483,0,gap,38
11453,76132327,76132.327,2447,0,gap,38
11454,76136460,76136.46,2426,0,gap,38
11455,76148179,76148.179,2407,0,gap,38
11456,76152324,76152.324,2386,0,gap,38
11457,76156500,76156.5,2354,0,gap,38
11458,76168187,76168.187,2332,0,gap,38
11459,76172380,76172.38,2307,0,gap,38
11460,76176559,76176.559,2289,0,gap,38
11461,76188179,76188.179,2288,0,gap,38
11462,76192372,76192.372,2273,0,gap,38
11463,76196568,76196.568,2251,0,gap,38
11464,76208187,76208.187,2223,0,gap,38
11465,76212402,76212.402,2202,0,gap,38
11466,76216601,76216.601,2171,0,gap,38
11467,76228179,76228.179,2162,0,gap,38
11468,76232397,76232.397,2140,0,gap,38
11469,76236617,76236.617,2119,0,gap,38
11470,76248187,76248.187,2111,0,gap,38
11471,76252427,76252.427,2084,0,gap,38
11472,76258173,76258.173,2041,0,gap,38
11473,76268178,76268.178,2041,0,gap,38
11474,76272435,76272.435,2002,0,gap,38
11475,76278181,76278.181,2000,0,gap,38
11476,76288186,76288.186,1971,0,gap,38
11477,76292461,76292.461,1959,0,gap,38
11478,76298185,76298.185,1948,0,gap,38
11479,76308178,76308.178,1923,0,gap,38
11480,76312455,76312.455,1908,0,gap,38
11481,76318177,76318.177,1887,0,gap,38
11482,76328186,76328.186,1851,0,gap,38
11483,76332481,76332.481,1847,0,gap,38
11484,76338186,76338.186,1835,0,gap,38
11485,76348178,76348.178,1805,0,gap,38
11486,76352479,76352.479,1786,0,gap,38
11487,76358178,76358.178,1775,0,gap,38
11488,76368187,76368.187,1757,0,gap,38
11489,76372501,76372.501,1725,0,gap,38
11490,76378186,76378.186,1722,0,gap,38
11491,76388183,76388.183,1712,0,gap,38
11492,76392499,76392.499,1690,0,gap,38
11493,76398178,76398.178,1683,0,gap,38
11494,76408187,76408.187,1634,0,gap,38
11495,76412521,76412.521,1655,0,gap,38
11496,76428169,76428.169,1609,0,gap,38
11497,76432514,76432.514,1609,0,gap,38
11498,76436843,76436.843,1579,0,gap,38
11499,76443977,76443.977,1581,0,gap,38
11500,76458185,76458.185,1535,0,gap,38
11501,76462265,76462.265,1533,0,gap,38
11502,76466338,76466.338,1521,0,gap,38
11503,76478178,76478.178,1503,0,gap,38
11504,76482267,76482.267,1467,0,gap,38
11505,76486359,76486.359,1439,0,gap,38
11506,76498186,76498.186,1447,0,gap,38
11507,76502298,76502.298,1424,0,gap,38
11508,76506394,76506.394,1409,0,gap,38
11509,76518178,76518.178,1395,0,gap,38
11510,76522292,76522.292,1362,0,gap,38
11511,76526411,76526.411,1358,0,gap,38
11512,76538186,76538.186,1335,0,gap,38
11513,76542323,76542.323,1349,0,gap,38
11514,76546445,76546.445,1317,0,gap,38
11515,76558178,76558.178,1299,0,gap,38
11516,76562314,76562.314,1294,0,gap,38
11517,76566452,76566.452,1282,0,gap,38
11518,76578186,76578.186,1271,0,gap,38
11519,76582350,76582.35,1245,0,gap,38
11520,76586516,76586.516,1220,0,gap,38
11521,76598178,76598.178,1235,0,gap,38
11522,76602363,76602.363,1202,0,gap,38
11523,76606555,76606.555,1177,0,gap,38
11524,76618186,76618.186,1205,0,gap,38
11525,76622389,76622.389,1154,0,gap,38
11526,76626579,76626.579,1157,0,gap,38
11527,76638179,76638.179,1141,0,gap,38
11528,76642385,76642.385,1139,0,gap,38
11529,76646603,76646.603,1133,0,gap,38
11530,76658187,76658.187,1101,0,gap,38
11531,76662415,76662.415,1117,0,gap,38
11532,76666630,76666.63,1078,0,gap,38
11533,76678179,76678.179,1075,0,gap,38
11534,76682426,76682.426,1073,0,gap,38
11535,76686667,76686.667,1020,0,gap,38
11536,76698187,76698.187,1047,0,gap,38
11537,76702454,76702.454,1013,0,gap,38
11538,76708169,76708.169,1011,0,gap,38
11539,76718182,76718.182,1013,0,gap,38
11540,76722451,76722.451,969,0,gap,38
11541,76728169,76728.169,1002,0,gap,38
11542,76738186,76738.186,964,0,gap,38
11543,76742472,76742.472,959,0,gap,38
11544,76748173,76748.173,971,0,gap,38
11545,76758178,76758.178,918,0,gap,38
11546,76762466,76762.466,947,0,gap,38
11547,76768165,76768.165,919,0,gap,38
11548,76778186,76778.186,937,0,gap,38
11549,76782491,76782.491,887,0,gap,38
11550,76786789,76786.789,873,0,gap,38
11551,76798179,76798.179,915,0,gap,38
11552,76802486,76802.486,854,0,gap,38
11553,76806797,76806.797,832,0,gap,38
11554,76818187,76818.187,865,0,gap,38
11555,76822516,76822.516,831,0,gap,38
11556,76826829,76826.829,822,0,gap,38
11557,76838179,76838.179,809,0,gap,38
11558,76842506,76842.506,794,0,gap,38
11559,76846837,76846.837,805,0,gap,38
11560,76858187,76858.187,789,0,gap,38
11561,76865296,76865.296,819,0,gap,38
11562,76869398,76869.398,767,0,gap,38
11563,76878177,76878.177,812,0,gap,38
11564,76882251,76882.251,783,0,gap,38
11565,76888178,76888.178,748,0,gap,38
11566,76898186,76898.186,778,0,gap,38
11567,76902284,76902.284,740,0,gap,38
11568,76908186,76908.186,717,0,gap,38
11569,76918178,76918.178,745,0,gap,38
11570,76922280,76922.28,702,0,gap,38
11571,76928182,76928.182,711,0,gap,38
11572,76938186,76938.186,692,0,gap,38
11573,76942305,76942.305,687,0,gap,38
11574,76948186,76948.186,710,0,gap,38
11575,76958178,76958.178,670,0,gap,38
11576,76962308,76962.308,663,0,gap,38
11577,76968177,76968.177,688,0,gap,38
11578,76978186,76978.186,675,0,gap,38
11579,76982330,76982.33,643,0,gap,38
11580,76988185,76988.185,634,0,gap,38
11581,76998178,76998.178,688,0,gap,38
11582,77002370,77002.37,631,0,gap,38
11583,77008177,77008.177,619,0,gap,38
11584,77018186,77018.186,656,0,gap,38
11585,77022376,77022.376,592,0,gap,38
11586,77028185,77028.185,623,0,gap,38
11587,77038182,77038.182,614,0,gap,38
11588,77042382,77042.382,594,0,gap,38
11589,77048169,77048.169,611,0,gap,38
11590,77058186,77058.186,586,0,gap,38
11591,77062397,77062.397,597,0,gap,38
11592,77068169,77068.169,594,0,gap,38
11593,77078178,77078.178,593,0,gap,38
11594,77082402,77082.402,592,0,gap,38
11595,77086622,77086.622,527,0,gap,38
11596,77098187,77098.187,613,0,gap,38
11597,77102430,77102.43,539,0,gap,38
11598,77106678,77106.678,511,0,gap,38
11599,77118179,77118.179,594,0,gap,38
11600,77122443,77122.443,503,0,gap,38
11601,77126703,77126.703,508,0,gap,38
11602,77138187,77138.187,543,0,gap,38
11603,77142465,77142.465,477,0,gap,38
11604,77146734,77146.734,511,0,gap,38
11605,77158179,77158.179,497,0,gap,38
11606,77162462,77162.462,505,0,gap,38
11607,77166742,77166.742,495,0,gap,38
11608,77178186,77178.186,537,0,gap,38
11609,77182484,77182.484,502,0,gap,38
11610,77186773,77186.773,462,0,gap,38
11611,77198178,77198.178,556,0,gap,38
11612,77202482,77202.482,461,0,gap,38
11613,77206781,77206.781,423,0,gap,38
11614,77218186,77218.186,526,0,gap,38
11615,77222500,77222.5,439,0,gap,38
11616,77226808,77226.808,440,0,gap,38
11617,77238178,77238.178,467,0,gap,38
11618,77242501,77242.501,424,0,gap,38
11619,77246823,77246.823,448,0,gap,38
11620,77258186,77258.186,446,0,gap,38
11621,77262519,77262.519,453,0,gap,38
11622,77266847,77266.847,430,0,gap,38
11623,77278178,77278.178,464,0,gap,38
11624,77285307,77285.307,439,0,gap,38
11625,77289392,77289.392,391,0,gap,38
11626,77298185,77298.185,478,0,gap,38
11627,77302265,77302.265,385,0,gap,38
11628,77308186,77308.186,384,0,gap,38
11629,77318178,77318.178,447,0,gap,38
11630,77322278,77322.278,365,0,gap,38
11631,77328178,77328.178,422,0,gap,38
11632,77338186,77338.186,415,0,gap,38
11633,77342294,77342.294,355,0,gap,38
11634,77348186,77348.186,409,0,gap,38
11635,77358182,77358.182,395,0,gap,38
11636,77362304,77362.304,391,0,gap,38
11637,77368177,77368.177,389,0,gap,38
11638,77378186,77378.186,425,0,gap,38
11639,77382319,77382.319,390,0,gap,38
11640,77388185,77388.185,361,0,gap,38
11641,77398178,77398.178,427,0,gap,38
11642,77402320,77402.32,336,0,gap,38
11643,77408177,77408.177,334,0,gap,38
11644,77418186,77418.186,402,0,gap,38
11645,77422364,77422.364,320,0,gap,38
11646,77428185,77428.185,366,0,gap,38
11647,77438178,77438.178,365,0,gap,38
11648,77442370,77442.37,322,0,gap,38
11649,77448177,77448.177,367,0,gap,38
11650,77458186,77458.186,331,0,gap,38
11651,77462392,77462.392,345,0,gap,38
11652,77468173,77468.173,337,0,gap,38
11653,77478178,77478.178,353,0,gap,38
11654,77482395,77482.395,336,0,gap,38
11655,77488165,77488.165,310,0,gap,38
11656,77498186,77498.186,384,0,gap,38
11657,77502416,77502.416,296,0,gap,38
11658,77506638,77506.638,273,0,gap,38
11659,77518179,77518.179,384,0,gap,38
11660,77522424,77522.424,277,0,gap,38
11661,77526676,77526.676,287,0,gap,38
11662,77538187,77538.187,331,0,gap,38
11663,77542453,77542.453,276,0,gap,38
11664,77546714,77546.714,325,0,gap,38
11665,77558179,77558.179,301,0,gap,38
11666,77562455,77562.455,304,0,gap,38
11667,77566730,77566.73,295,0,gap,38
11668,77578187,77578.187,338,0,gap,38
11669,77582472,77582.472,297,0,gap,38
11670,77586753,77586.753,256,0,gap,38
11671,77598179,77598.179,364,0,gap,38
11672,77602474,77602.474,255,0,gap,38
11673,77606769,77606.769,238,0,gap,38
11674,77618186,77618.186,354,0,gap,38
11675,77622491,77622.491,214,0,gap,38
11676,77626792,77626.792,251,0,gap,38
11677,77638178,77638.178,291,0,gap,38
11678,77642497,77642.497,258,0,gap,38
11679,77646808,77646.808,278,0,gap,38
11680,77658186,77658.186,259,0,gap,38
11681,77662511,77662.511,260,0,gap,38
11682,77666831,77666.831,254,0,gap,38
11683,77678182,77678.182,307,0,gap,38
11684,77682517,77682.517,257,0,gap,38
11685,77686846,77686.846,212,0,gap,38
11686,77693943,77693.943,263,0,gap,38
11687,77708178,77708.178,273,0,gap,38
11688,77712252,77712.252,246,0,gap,38
11689,77716326,77716.326,234,0,gap,38
11690,77728185,77728.185,305,0,gap,38
11691,77732276,77732.276,245,0,gap,38
11692,77736362,77736.362,208,0,gap,38
11693,77748177,77748.177,321,0,gap,38
11694,77752282,77752.282,206,0,gap,38
11695,77756380,77756.38,193,0,gap,38
11696,77768185,77768.185,299,0,gap,38
11697,77772301,77772.301,182,0,gap,38
11698,77776408,77776.408,210,0,gap,38
11699,77788181,77788.181,272,0,gap,38
11700,77792305,77792.305,182,0,gap,38
11701,77796435,77796.435,231,0,gap,38
11702,77808185,77808.185,226,0,gap,38
11703,77812330,77812.33,226,0,gap,38
11704,77816458,77816.458,209,0,gap,38
11705,77828177,77828.177,278,0,gap,38
11706,77832322,77832.322,218,0,gap,38
11707,77836498,77836.498,176,0,gap,38
11708,77848185,77848.185,295,0,gap,38
11709,77852374,77852.374,181,0,gap,38
11710,77856557,77856.557,147,0,gap,38
11711,77868177,77868.177,301,0,gap,38
11712,77872370,77872.37,154,0,gap,38
11713,77876566,77876.566,186,0,gap,38
11714,77888185,77888.185,240,0,gap,38
11715,77892400,77892.4,166,0,gap,38
11716,77896599,77896.599,218,0,gap,38
11717,77908177,77908.177,208,0,gap,38
11718,77912395,77912.395,203,0,gap,38
11719,77916615,77916.615,195,0,gap,38
11720,77928185,77928.185,252,1,pulse,39
11721,77932520,77932.52,4095,1,pulse,39
11722,77936693,77936.693,4095,1,pulse,39
11723,77948174,77948.174,4095,1,pulse,39
11724,77952365,77952.365,4095,1,pulse,39
11725,77956564,77956.564,4095,1,pulse,39
11726,77968183,77968.183,4095,0,gap,39
11727,77972613,77972.613,3071,0,gap,39
11728,77976889,77976.889,2933,0,gap,39
11729,77988178,77988.178,2758,0,gap,39
11730,77992469,77992.469,2753,0,gap,39
11731,77996759,77996.759,2731,0,gap,39
11732,78008187,78008.187,2674,0,gap,39
11733,78012491,78012.491,2662,0,gap,39
11734,78016783,78016.783,2637,0,gap,39
11735,78028183,78028.183,2619,0,gap,39
11736,78032489,78032.489,2587,0,gap,39
11737,78036799,78036.799,2544,0,gap,39
11738,78048187,78048.187,2529,0,gap,39
11739,78052511,78052.511,2491,0,gap,39
11740,78058169,78058.169,2494,0,gap,39
11741,78068178,78068.178,2455,0,gap,39
11742,78072504,78072.504,2442,0,gap,39
11743,78078177,78078.177,2448,0,gap,39
11744,78088186,78088.186,2375,0,gap,39
11745,78092529,78092.529,2386,0,gap,39
11746,78098189,78098.189,2367,0,gap,39
11747,78108178,78108.178,2343,0,gap,39
11748,78112525,78112.525,2320,0,gap,39
11749,78119665,78119.665,2310,0,gap,39
11750,78128185,78128.185,2288,0,gap,39
11751,78132279,78132.279,2263,0,gap,39
11752,78138186,78138.186,2237,0,gap,39
11753,78148179,78148.179,2223,0,gap,39
11754,78152278,78152.278,2198,0,gap,39
11755,78158178,78158.178,2175,0,gap,39
11756,78168187,78168.187,2160,0,gap,39
11757,78172309,78172.309,2134,0,gap,39
11758,78178186,78178.186,2113,0,gap,39
11759,78188179,78188.179,2092,0,gap,39
11760,78192303,78192.303,2097,0,gap,39
11761,78198178,78198.178,2079,0,gap,39
11762,78208191,78208.191,2035,0,gap,39
11763,78212334,78212.334,2013,0,gap,39
11764,78228173,78228.173,2007,0,gap,39
11765,78232323,78232.323,1983,0,gap,39
11766,78236460,78236.46,1963,0,gap,39
11767,78248182,78248.182,1936,0,gap,39
11768,78252333,78252.333,1937,0,gap,39
11769,78256499,78256.499,1903,0,gap,39
11770,78268186,78268.186,1898,0,gap,39
11771,78272384,78272.384,1852,0,gap,39
11772,78276570,78276.57,1862,0,gap,39
11773,78288178,78288.178,1813,0,gap,39
11774,78292379,78292.379,1785,0,gap,39
11775,78296584,78296.584,1808,0,gap,39
11776,78308186,78308.186,1756,0,gap,39
11777,78312405,78312.405,1765,0,gap,39
11778,78316618,78316.618,1737,0,gap,39
11779,78328178,78328.178,1719,0,gap,39
11780,78332405,78332.405,1703,0,gap,39
11781,78336635,78336.635,1687,0,gap,39
11782,78348186,78348.186,1661,0,gap,39
11783,78352434,78352.434,1637,0,gap,39
11784,78356679,78356.679,1616,0,gap,39
11785,78368178,78368.178,1627,0,gap,39
11786,78372445,78372.445,1594,0,gap,39
11787,78376714,78376.714,1600,0,gap,39
11788,78388186,78388.186,1562,0,gap,39
11789,78392474,78392.474,1553,0,gap,39
11790,78396745,78396.745,1535,0,gap,39
11791,78408178,78408.178,1497,0,gap,39
11792,78412464,78412.464,1514,0,gap,39
11793,78416753,78416.753,1487,0,gap,39
11794,78428191,78428.191,1478,0,gap,39
11795,78432494,78432.494,1458,0,gap,39
11796,78436784,78436.784,1413,0,gap,39
11797,78448179,78448.179,1420,0,gap,39
11798,78452484,78452.484,1392,0,gap,39
11799,78456796,78456.796,1390,0,gap,39
11800,78468187,78468.187,1379,0,gap,39
11801,78472510,78472.51,1355,0,gap,39
11802,78476820,78476.82,1327,0,gap,39
11803,78488179,78488.179,1326,0,gap,39
11804,78492503,78492.503,1302,0,gap,39
11805,78498169,78498.169,1307,0,gap,39
11806,78508186,78508.186,1266,0,gap,39
11807,78512528,78512.528,1261,0,gap,39
11808,78518185,78518.185,1247,0,gap,39
11809,78528178,78528.178,1258,0,gap,39
11810,78532527,78532.527,1229,0,gap,39
11811,78539640,78539.64,1200,0,gap,39
11812,78548185,78548.185,1213,0,gap,39
11813,78552273,78552.273,1185,0,gap,39
11814,78558186,78558.186,1183,0,gap,39
11815,78568183,78568.183,1164,0,gap,39
11816,78572279,78572.279,1137,0,gap,39
11817,78578178,78578.178,1143,0,gap,39
11818,78588187,78588.187,1124,0,gap,39
11819,78592302,78592.302,1094,0,gap,39
11820,78598186,78598.186,1118,0,gap,39
11821,78608179,78608.179,1091,0,gap,39
11822,78612301,78612.301,1072,0,gap,39
11823,78618178,78618.178,1055,0,gap,39
11824,78628187,78628.187,1054,0,gap,39
11825,78632325,78632.325,1042,0,gap,39
11826,78648173,78648.173,1039,0,gap,39
11827,78652317,78652.317,1009,0,gap,39
11828,78656456,78656.456,979,0,gap,39
11829,78668177,78668.177,1008,0,gap,39
11830,78672332,78672.332,959,0,gap,39
11831,78676487,78676.487,954,0,gap,39
11832,78688185,78688.185,944,0,gap,39
11833,78692376,78692.376,946,0,gap,39
11834,78696563,78696.563,942,0,gap,39
11835,78708177,78708.177,929,0,gap,39
11836,78712381,78712.381,912,0,gap,39
11837,78716584,78716.584,913,0,gap,39
11838,78728185,78728.185,912,0,gap,39
11839,78732399,78732.399,891,0,gap,39
11840,78736607,78736.607,849,0,gap,39
11841,78748177,78748.177,911,0,gap,39
11842,78752410,78752.41,848,0,gap,39
11843,78756633,78756.633,832,0,gap,39
11844,78768185,78768.185,877,0,gap,39
11845,78772423,78772.423,816,0,gap,39
11846,78776660,78776.66,809,0,gap,39
11847,78788181,78788.181,790,0,gap,39
11848,78792443,78792.443,787,0,gap,39
11849,78796706,78796.706,817,0,gap,39
11850,78808185,78808.185,790,0,gap,39
11851,78812463,78812.463,795,0,gap,39
11852,78816736,78816.736,783,0,gap,39
11853,78828177,78828.177,793,0,gap,39
11854,78832464,78832.464,756,0,gap,39
11855,78836747,78836.747,716,0,gap,39
11856,78848185,78848.185,769,0,gap,39
11857,78852482,78852.482,727,0,gap,39
11858,78856779,78856.779,694,0,gap,39
11859,78868169,78868.169,751,0,gap,39
11860,78872476,78872.476,682,0,gap,39
11861,78876778,78876.778,697,0,gap,39
11862,78888173,78888.173,683,0,gap,39
11863,78892494,78892.494,669,0,gap,39
11864,78896806,78896.806,688,0,gap,39
11865,78908169,78908.169,688,0,gap,39
11866,78912507,78912.507,675,0,gap,39
11867,78916833,78916.833,652,0,gap,39
11868,78928169,78928.169,688,0,gap,39
11869,78932517,78932.517,658,0,gap,39
11870,78936853,78936.853,613,0,gap,39
11871,78948165,78948.165,681,0,gap,39
11872,78952511,78952.511,615,0,gap,39
11873,78956854,78956.854,586,0,gap,39
11874,78963989,78963.989,655,0,gap,39
11875,78968079,78968.079,611,0,gap,39
11876,78978187,78978.187,640,0,gap,39
11877,78982276,78982.276,603,0,gap,39
11878,78988186,78988.186,585,0,gap,39
11879,78998183,78998.183,637,0,gap,39
11880,79002289,79002.289,570,0,gap,39
11881,79008178,79008.178,558,0,gap,39
11882,79018187,79018.187,596,0,gap,39
11883,79022304,79022.304,537,0,gap,39
11884,79028186,79028.186,562,0,gap,39
11885,79038179,79038.179,561,0,gap,39
11886,79042310,79042.31,532,0,gap,39
11887,79048178,79048.178,567,0,gap,39
11888,79058187,79058.187,539,0,gap,39
11889,79062329,79062.329,542,0,gap,39
11890,79068190,79068.19,538,0,gap,39
11891,79078179,79078.179,556,0,gap,39
11892,79082331,79082.331,539,0,gap,39
11893,79088178,79088.178,485,0,gap,39
11894,79098186,79098.186,567,0,gap,39
11895,79102379,79102.379,482,0,gap,39
11896,79108186,79108.186,493,0,gap,39
11897,79118178,79118.178,537,0,gap,39
11898,79122380,79122.38,439,0,gap,39
11899,79128178,79128.178,487,0,gap,39
11900,79138186,79138.186,496,0,gap,39
11901,79142402,79142.402,449,0,gap,39
11902,79148185,79148.185,497,0,gap,39
11903,79158178,79158.178,474,0,gap,39
11904,79162405,79162.405,471,0,gap,39
11905,79168177,79168.177,455,0,gap,39
11906,79178190,79178.19,487,0,gap,39
11907,79182427,79182.427,459,0,gap,39
11908,79188185,79188.185,419,0,gap,39
11909,79198178,79198.178,522,0,gap,39
11910,79202433,79202.433,432,0,gap,39
11911,79208181,79208.181,422,0,gap,39
11912,79218186,79218.186,486,0,gap,39
11913,79222462,79222.462,384,0,gap,39
11914,79228185,79228.185,432,0,gap,39
11915,79238178,79238.178,439,0,gap,39
11916,79242464,79242.464,413,0,gap,39
11917,79248165,79248.165,433,0,gap,39
11918,79258186,79258.186,409,0,gap,39
11919,79262481,79262.481,427,0,gap,39
11920,79266772,79266.772,402,0,gap,39
11921,79278179,79278.179,435,0,gap,39
11922,79282488,79282.488,402,0,gap,39
11923,79286789,79286.789,348,0,gap,39
11924,79298187,79298.187,466,0,gap,39
11925,79302502,79302.502,365,0,gap,39
11926,79306812,79306.812,341,0,gap,39
11927,79318183,79318.183,437,0,gap,39
11928,79322508,79322.508,330,0,gap,39
11929,79326828,79326.828,358,0,gap,39
11930,79338187,79338.187,388,0,gap,39
11931,79342521,79342.521,329,0,gap,39
11932,79346851,79346.851,383,0,gap,39
11933,79358179,79358.179,358,0,gap,39
11934,79362523,79362.523,368,0,gap,39
11935,79366862,79366.862,350,0,gap,39
11936,79378186,79378.186,389,0,gap,39
11937,79385297,79385.297,367,0,gap,39
11938,79389380,79389.38,291,0,gap,39
11939,79398177,79398.177,405,0,gap,39
11940,79402264,79402.264,299,0,gap,39
11941,79408178,79408.178,304,0,gap,39
11942,79418186,79418.186,382,0,gap,39
11943,79422301,79422.301,285,0,gap,39
11944,79428186,79428.186,363,0,gap,39
11945,79438178,79438.178,338,0,gap,39
11946,79442292,79442.292,285,0,gap,39
11947,79448178,79448.178,352,0,gap,39
11948,79458186,79458.186,311,0,gap,39
11949,79462331,79462.331,322,0,gap,39
11950,79468185,79468.185,336,0,gap,39
11951,79478178,79478.178,336,0,gap,39
11952,79482317,79482.317,309,0,gap,39
11953,79488177,79488.177,303,0,gap,39
11954,79498190,79498.19,369,0,gap,39
11955,79502347,79502.347,267,0,gap,39
11956,79508185,79508.185,275,0,gap,39
11957,79518178,79518.178,363,0,gap,39
11958,79522363,79522.363,240,0,gap,39
11959,79528181,79528.181,304,0,gap,39
11960,79538186,79538.186,290,0,gap,39
11961,79542392,79542.392,244,0,gap,39
11962,79548185,79548.185,331,0,gap,39
11963,79558178,79558.178,272,0,gap,39
11964,79562386,79562.386,285,0,gap,39
11965,79568169,79568.169,287,0,gap,39
11966,79578186,79578.186,325,0,gap,39
11967,79582416,79582.416,281,0,gap,39
11968,79588169,79588.169,247,0,gap,39
11969,79598178,79598.178,342,0,gap,39
11970,79602415,79602.415,222,0,gap,39
11971,79606655,79606.655,199,0,gap,39
11972,79618187,79618.187,336,0,gap,39
11973,79622446,79622.446,193,0,gap,39
11974,79626699,79626.699,223,0,gap,39
11975,79638183,79638.183,278,0,gap,39
11976,79642456,79642.456,209,0,gap,39
11977,79646732,79646.732,261,0,gap,39
11978,79658187,79658.187,269,0,gap,39
11979,79662477,79662.477,245,0,gap,39
11980,79666755,79666.755,251,0,gap,39
11981,79678179,79678.179,283,0,gap,39
11982,79682471,79682.471,241,0,gap,39
11983,79686767,79686.767,213,0,gap,39
11984,79698186,79698.186,313,0,gap,39
11985,79702497,79702.497,208,0,gap,39
11986,79706798,79706.798,169,0,gap,39
11987,79718178,79718.178,315,0,gap,39
11988,79722490,79722.49,170,0,gap,39
11989,79726806,79726.806,206,1,pulse,40
11990,79738191,79738.191,4095,1,pulse,40
11991,79742467,79742.467,4095,1,pulse,40
11992,79746718,79746.718,4095,1,pulse,40
11993,79758175,79758.175,4095,1,pulse,40
11994,79762441,79762.441,4095,1,pulse,40
11995,79768174,79768.174,4095,0,gap,40
11996,79778199,79778.199,2867,0,gap,40
11997,79782562,79782.562,2797,0,gap,40
11998,79788186,79788.186,2768,0,gap,40
11999,79798178,79798.178,2676,0,gap,40
12000,79805297,79805.297,2659,0,gap,40
12001,79809396,79809.396,2631,0,gap,40
12002,79818186,79818.186,2617,0,gap,40
12003,79822286,79822.286,2598,0,gap,40
12004,79828186,79828.186,2559,0,gap,40
12005,79838179,79838.179,2541,0,gap,40
12006,79842296,79842.296,2528,0,gap,40
12007,79848178,79848.178,2481,0,gap,40
12008,79858187,79858.187,2467,0,gap,40
12009,79862312,79862.312,2448,0,gap,40
12010,79878173,79878.173,2416,0,gap,40
12011,79882308,79882.308,2403,0,gap,40
12012,79886443,79886.443,2371,0,gap,40
12013,79898178,79898.178,2353,0,gap,40
12014,79902324,79902.324,2352,0,gap,40
12015,79906469,79906.469,2320,0,gap,40
12016,79918186,79918.186,2282,0,gap,40
12017,79922346,79922.346,2282,0,gap,40
12018,79926497,79926.497,2255,0,gap,40
12019,79938178,79938.178,2244,0,gap,40
12020,79942356,79942.356,2227,0,gap,40
12021,79946547,79946.547,2199,0,gap,40
12022,79958190,79958.19,2182,0,gap,40
12023,79962403,79962.403,2159,0,gap,40
12024,79966604,79966.604,2128,0,gap,40
12025,79978178,79978.178,2112,0,gap,40
12026,79982389,79982.389,2095,0,gap,40
12027,79986608,79986.608,2067,0,gap,40
12028,79998186,79998.186,2057,0,gap,40
12029,80002416,80002.416,2043,0,gap,40
12030,80006637,80006.637,2016,0,gap,40
12031,80018178,80018.178,2005,0,gap,40
12032,80022419,80022.419,1971,0,gap,40
12033,80026662,80026.662,1973,0,gap,40
12034,80038186,80038.186,1940,0,gap,40
12035,80042444,80042.444,1923,0,gap,40
12036,80046694,80046.694,1925,0,gap,40
12037,80058178,80058.178,1866,0,gap,40
12038,80062458,80062.458,1872,0,gap,40
12039,80066742,80066.742,1846,0,gap,40
12040,80078187,80078.187,1840,0,gap,40
12041,80082480,80082.48,1810,0,gap,40
12042,80086761,80086.761,1794,0,gap,40
12043,80098179,80098.179,1776,0,gap,40
12044,80102478,80102.478,1752,0,gap,40
12045,80106781,80106.781,1741,0,gap,40
12046,80118187,80118.187,1727,0,gap,40
12047,80122516,80122.516,1698,0,gap,40
12048,80126821,80126.821,1699,0,gap,40
12049,80138179,80138.179,1674,0,gap,40
12050,80142494,80142.494,1647,0,gap,40
12051,80148169,80148.169,1643,0,gap,40
12052,80158186,80158.186,1603,0,gap,40
12053,80162519,80162.519,1616,0,gap,40
12054,80168189,80168.189,1584,0,gap,40
12055,80178178,80178.178,1582,0,gap,40
12056,80182517,80182.517,1562,0,gap,40
12057,80188177,80188.177,1535,0,gap,40
12058,80198186,80198.186,1517,0,gap,40
12059,80202539,80202.539,1489,0,gap,40
12060,80208185,80208.185,1469,0,gap,40
12061,80218178,80218.178,1471,0,gap,40
12062,80225296,80225.296,1437,0,gap,40
12063,80229426,80229.426,1426,0,gap,40
12064,80238186,80238.186,1401,0,gap,40
12065,80242287,80242.287,1398,0,gap,40
12066,80248186,80248.186,1402,0,gap,40
12067,80258179,80258.179,1346,0,gap,40
12068,80262286,80262.286,1360,0,gap,40
12069,80268178,80268.178,1351,0,gap,40
12070,80278191,80278.191,1341,0,gap,40
12071,80282320,80282.32,1318,0,gap,40
12072,80298169,80298.169,1318,0,gap,40
12073,80302308,80302.308,1274,0,gap,40
12074,80306432,80306.432,1255,0,gap,40
12075,80318178,80318.178,1249,0,gap,40
12076,80322321,80322.321,1232,0,gap,40
12077,80326463,80326.463,1216,0,gap,40
12078,80338186,80338.186,1206,0,gap,40
12079,80342347,80342.347,1196,0,gap,40
12080,80346496,80346.496,1194,0,gap,40
12081,80358178,80358.178,1185,0,gap,40
12082,80362340,80362.34,1181,0,gap,40
12083,80366533,80366.533,1146,0,gap,40
12084,80378186,80378.186,1147,0,gap,40
12085,80382392,80382.392,1136,0,gap,40
12086,80386591,80386.591,1117,0,gap,40
12087,80398178,80398.178,1104,0,gap,40
12088,80402391,80402.391,1088,0,gap,40
12089,80406607,80406.607,1057,0,gap,40
12090,80418186,80418.186,1072,0,gap,40
12091,80422413,80422.413,1041,0,gap,40
12092,80426632,80426.632,1021,0,gap,40
12093,80438178,80438.178,1021,0,gap,40
12094,80442412,80442.412,994,0,gap,40
12095,80446653,80446.653,998,0,gap,40
12096,80458186,80458.186,990,0,gap,40
12097,80462449,80462.449,990,0,gap,40
12098,80466700,80466.7,983,0,gap,40
12099,80478178,80478.178,976,0,gap,40
12100,80482451,80482.451,947,0,gap,40
12101,80486727,80486.727,914,0,gap,40
12102,80498190,80498.19,965,0,gap,40
12103,80502484,80502.484,903,0,gap,40
12104,80506766,80506.766,882,0,gap,40
12105,80518178,80518.178,917,0,gap,40
12106,80522470,80522.47,875,0,gap,40
12107,80526770,80526.77,879,0,gap,40
12108,80538186,80538.186,865,0,gap,40
12109,80542496,80542.496,848,0,gap,40
12110,80546793,80546.793,863,0,gap,40
12111,80558178,80558.178,839,0,gap,40
12112,80562494,80562.494,837,0,gap,40
12113,80566817,80566.817,816,0,gap,40
12114,80578186,80578.186,827,0,gap,40
12115,80582515,80582.515,816,0,gap,40
12116,80586832,80586.832,786,0,gap,40
12117,80598178,80598.178,819,0,gap,40
12118,80602513,80602.513,770,0,gap,40
12119,80606852,80606.852,746,0,gap,40
12120,80618185,80618.185,785,0,gap,40
12121,80622534,80622.534,720,0,gap,40
12122,80626875,80626.875,733,0,gap,40
12123,80638177,80638.177,735,0,gap,40
12124,80642537,80642.537,718,0,gap,40
12125,80649687,80649.687,755,0,gap,40
12126,80653784,80653.784,714,0,gap,40
12127,80668177,80668.177,742,0,gap,40
12128,80672273,80672.273,678,0,gap,40
12129,80676381,80676.381,701,0,gap,40
12130,80688185,80688.185,689,0,gap,40
12131,80692302,80692.302,663,0,gap,40
12132,80696409,80696.409,684,0,gap,40
12133,80708177,80708.177,665,0,gap,40
12134,80712300,80712.3,675,0,gap,40
12135,80716430,80716.43,657,0,gap,40
12136,80728185,80728.185,666,0,gap,40
12137,80732327,80732.327,654,0,gap,40
12138,80736460,80736.46,624,0,gap,40
12139,80748177,80748.177,693,0,gap,40
12140,80752326,80752.326,613,0,gap,40
12141,80756477,80756.477,588,0,gap,40
12142,80768185,80768.185,648,0,gap,40
12143,80772351,80772.351,574,0,gap,40
12144,80776504,80776.504,587,0,gap,40
12145,80788177,80788.177,615,0,gap,40
12146,80792377,80792.377,555,0,gap,40
12147,80796573,80796.573,592,0,gap,40
12148,80808185,80808.185,579,0,gap,40
12149,80812397,80812.397,589,0,gap,40
12150,80816599,80816.599,589,0,gap,40
12151,80828177,80828.177,595,0,gap,40
12152,80832394,80832.394,566,0,gap,40
12153,80836615,80836.615,533,0,gap,40
12154,80848185,80848.185,611,0,gap,40
12155,80852420,80852.42,511,0,gap,40
12156,80856652,80856.652,483,0,gap,40
12157,80868177,80868.177,565,0,gap,40
12158,80872416,80872.416,490,0,gap,40
12159,80876661,80876.661,495,0,gap,40
12160,80888185,80888.185,540,0,gap,40
12161,80892454,80892.454,477,0,gap,40
12162,80896721,80896.721,508,0,gap,40
12163,80908177,80908.177,497,0,gap,40
12164,80912455,80912.455,501,0,gap,40
12165,80916740,80916.74,496,0,gap,40
12166,80928189,80928.189,511,0,gap,40
12167,80932489,80932.489,497,0,gap,40
12168,80936775,80936.775,450,0,gap,40
12169,80948169,80948.169,528,0,gap,40
12170,80952466,80952.466,450,0,gap,40
12171,80956767,80956.767,421,0,gap,40
12172,80968173,80968.173,530,0,gap,40
12173,80972488,80972.488,423,0,gap,40
12174,80976794,80976.794,453,0,gap,40
12175,80988169,80988.169,455,0,gap,40
12176,80992490,80992.49,430,0,gap,40
12177,80996818,80996.818,437,0,gap,40
12178,81008173,81008.173,441,0,gap,40
12179,81012508,81012.508,431,0,gap,40
12180,81016833,81016.833,428,0,gap,40
12181,81028165,81028.165,464,0,gap,40
12182,81032505,81032.505,436,0,gap,40
12183,81036849,81036.849,389,0,gap,40
12184,81048169,81048.169,473,0,gap,40
12185,81052523,81052.523,383,0,gap,40
12186,81056868,81056.868,363,0,gap,40
12187,81063970,81063.97,457,0,gap,40
12188,81068091,81068.091,384,0,gap,40
12189,81078179,81078.179,435,0,gap,40
12190,81082268,81082.268,391,0,gap,40
12191,81088178,81088.178,361,0,gap,40
12192,81098187,81098.187,473,0,gap,40
12193,81102305,81102.305,370,0,gap,40
12194,81108186,81108.186,355,0,gap,40
12195,81118179,81118.179,433,0,gap,40
12196,81122295,81122.295,336,0,gap,40
12197,81128178,81128.178,377,0,gap,40
12198,81138191,81138.191,379,0,gap,40
12199,81142330,81142.33,329,0,gap,40
12200,81148186,81148.186,400,0,gap,40
12201,81158179,81158.179,350,0,gap,40
12202,81162329,81162.329,355,0,gap,40
12203,81168178,81168.178,347,0,gap,40
12204,81178186,81178.186,363,0,gap,40
12205,81182343,81182.343,359,0,gap,40
12206,81188186,81188.186,333,0,gap,40
12207,81198178,81198.178,410,0,gap,40
12208,81202379,81202.379,321,0,gap,40
12209,81208178,81208.178,304,0,gap,40
12210,81218186,81218.186,394,0,gap,40
12211,81222392,81222.392,272,0,gap,40
12212,81228186,81228.186,324,0,gap,40
12213,81238178,81238.178,344,0,gap,40
12214,81242398,81242.398,285,0,gap,40
12215,81248177,81248.177,368,0,gap,40
12216,81258186,81258.186,323,0,gap,40
12217,81262412,81262.412,317,0,gap,40
12218,81268185,81268.185,336,0,gap,40
12219,81278178,81278.178,352,0,gap,40
12220,81282427,81282.427,319,0,gap,40
12221,81288177,81288.177,263,0,gap,40
12222,81298186,81298.186,374,0,gap,40
12223,81302449,81302.449,289,0,gap,40
12224,81308185,81308.185,267,0,gap,40
12225,81318178,81318.178,355,0,gap,40
12226,81322458,81322.458,247,0,gap,40
12227,81328177,81328.177,302,0,gap,40
12228,81338186,81338.186,318,0,gap,40
12229,81342480,81342.48,246,0,gap,40
12230,81348173,81348.173,297,0,gap,40
12231,81358178,81358.178,293,0,gap,40
12232,81362481,81362.481,257,0,gap,40
12233,81366776,81366.776,267,0,gap,40
12234,81378187,81378.187,310,0,gap,40
12235,81382500,81382.5,289,0,gap,40
12236,81386809,81386.809,238,0,gap,40
12237,81398179,81398.179,342,0,gap,40
12238,81402502,81402.502,253,0,gap,40
12239,81406820,81406.82,201,0,gap,40
12240,81418187,81418.187,354,0,gap,40
12241,81422519,81422.519,218,0,gap,40
12242,81426848,81426.848,229,0,gap,40
12243,81438179,81438.179,274,0,gap,40
12244,81442517,81442.517,207,0,gap,40
12245,81446855,81446.855,253,0,gap,40
12246,81458191,81458.191,258,0,gap,40
12247,81462543,81462.543,244,0,gap,40
12248,81466890,81466.89,249,0,gap,40
12249,81478178,81478.178,276,0,gap,40
12250,81485339,81485.339,269,0,gap,40
12251,81489436,81489.436,176,0,gap,40
12252,81498185,81498.185,297,0,gap,40
12253,81502281,81502.281,210,0,gap,40
12254,81508186,81508.186,208,0,gap,40
12255,81518178,81518.178,290,0,gap,40
12256,81522290,81522.29,176,0,gap,40
12257,81528178,81528.178,225,0,gap,40
12258,81538186,81538.186,243,0,gap,40
12259,81542313,81542.313,173,0,gap,40
12260,81548186,81548.186,256,0,gap,40
12261,81558178,81558.178,226,0,gap,40
12262,81562315,81562.315,226,0,gap,40
12263,81568177,81568.177,240,0,gap,40
12264,81578186,81578.186,247,0,gap,40
12265,81582342,81582.342,209,0,gap,40
12266,81588185,81588.185,174,0,gap,40
12267,81598178,81598.178,287,0,gap,40
12268,81602339,81602.339,186,0,gap,40
12269,81608177,81608.177,162,0,gap,40
12270,81618186,81618.186,272,0,gap,40
12271,81622387,81622.387,146,0,gap,40
12272,81628185,81628.185,179,0,gap,40
12273,81638178,81638.178,235,0,gap,40
12274,81642381,81642.381,162,0,gap,40
12275,81648177,81648.177,237,0,gap,40
12276,81658186,81658.186,197,0,gap,40
12277,81662407,81662.407,192,0,gap,40
12278,81668177,81668.177,205,0,gap,40
12279,81678178,81678.178,238,0,gap,40
12280,81682409,81682.409,196,0,gap,40
12281,81688165,81688.165,153,0,gap,40
12282,81698186,81698.186,261,0,gap,40
12283,81702431,81702.431,157,0,gap,40
12284,81706673,81706.673,116,0,gap,40
12285,81718179,81718.179,273,0,gap,40
12286,81722435,81722.435,128,0,gap,40
12287,81726710,81726.71,161,0,gap,40
12288,81738187,81738.187,213,0,gap,40
12289,81742476,81742.476,125,0,gap,40
12290,81746749,81746.749,199,0,gap,40
12291,81758179,81758.179,173,0,gap,40
12292,81762466,81762.466,176,0,gap,40
12293,81766757,81766.757,185,0,gap,40
12294,81778191,81778.191,208,0,gap,40
12295,81782500,81782.5,181,0,gap,40
12296,81786796,81786.796,135,0,gap,40
12297,81798179,81798.179,251,0,gap,40
12298,81802485,81802.485,134,0,gap,40
12299,81806800,81806.8,112,0,gap,40
12300,81818186,81818.186,253,0,gap,40
12301,81822511,81822.511,112,0,gap,40
12302,81826827,81826.827,131,0,gap,40
12303,81838178,81838.178,186,0,gap,40
12304,81842509,81842.509,113,0,gap,40
12305,81846843,81846.843,165,0,gap,40
12306,81858186,81858.186,163,0,gap,40
12307,81862530,81862.53,174,0,gap,40
12308,81866866,81866.866,147,0,gap,40
12309,81878178,81878.178,193,0,gap,40
12310,81882528,81882.528,160,0,gap,40
12311,81886881,81886.881,99,0,gap,40
12312,81893994,81893.994,157,0,gap,40
12313,81908178,81908.178,170,0,gap,40
12314,81912262,81912.262,144,0,gap,40
12315,81916356,81916.356,151,0,gap,40
12316,81928185,81928.185,179,1,pulse,41
12317,81932387,81932.387,4095,1,pulse,41
12318,81936432,81936.432,4095,1,pulse,41
12319,81948174,81948.174,4095,1,pulse,41
12320,81952229,81952.229,4095,1,pulse,41
12321,81956284,81956.284,4095,1,pulse,41
12322,81968183,81968.183,4095,0,gap,41
12323,81972481,81972.481,3035,0,gap,41
12324,81976623,81976.623,2944,0,gap,41
12325,81988183,81988.183,2752,0,gap,41
12326,81992340,81992.34,2720,0,gap,41
12327,81996500,81996.5,2688,0,gap,41
12328,82008187,82008.187,2655,0,gap,41
12329,82012362,82012.362,2630,0,gap,41
12330,82016528,82016.528,2623,0,gap,41
12331,82028179,82028.179,2559,0,gap,41
12332,82032359,82032.359,2555,0,gap,41
12333,82036569,82036.569,2535,0,gap,41
12334,82048187,82048.187,2506,0,gap,41
12335,82052411,82052.411,2511,0,gap,41
12336,82058169,82058.169,2473,0,gap,41
12337,82068178,82068.178,2464,0,gap,41
12338,82072400,82072.4,2433,0,gap,41
12339,82078177,82078.177,2391,0,gap,41
12340,82088186,82088.186,2395,0,gap,41
12341,82092431,82092.431,2385,0,gap,41
12342,82098185,82098.185,2342,0,gap,41
12343,82108178,82108.178,2317,0,gap,41
12344,82112430,82112.43,2316,0,gap,41
12345,82118177,82118.177,2288,0,gap,41
12346,82128190,82128.19,2283,0,gap,41
12347,82132464,82132.464,2251,0,gap,41
12348,82138186,82138.186,2227,0,gap,41
12349,82148178,82148.178,2201,0,gap,41
12350,82152465,82152.465,2187,0,gap,41
12351,82158178,82158.178,2166,0,gap,41
12352,82168186,82168.186,2133,0,gap,41
12353,82172491,82172.491,2125,0,gap,41
12354,82178186,82178.186,2115,0,gap,41
12355,82188179,82188.179,2096,0,gap,41
12356,82192485,82192.485,2047,0,gap,41
12357,82198182,82198.182,2037,0,gap,41
12358,82208187,82208.187,2023,0,gap,41
12359,82212515,82212.515,2015,0,gap,41
12360,82218186,82218.186,1968,0,gap,41
12361,82228179,82228.179,1962,0,gap,41
12362,82232509,82232.509,1938,0,gap,41
12363,82248177,82248.177,1922,0,gap,41
12364,82252510,82252.51,1900,0,gap,41
12365,82256850,82256.85,1869,0,gap,41
12366,82268185,82268.185,1865,0,gap,41
12367,82272544,82272.544,1845,0,gap,41
12368,82276893,82276.893,1831,0,gap,41
12369,82288177,82288.177,1797,0,gap,41
12370,82292530,82292.53,1790,0,gap,41
12371,82296889,82296.889,1769,0,gap,41
12372,82308185,82308.185,1744,0,gap,41
12373,82312560,82312.56,1745,0,gap,41
12374,82316919,82316.919,1727,0,gap,41
12375,82324117,82324.117,1701,0,gap,41
12376,82338185,82338.185,1675,0,gap,41
12377,82342295,82342.295,1660,0,gap,41
12378,82346401,82346.401,1662,0,gap,41
12379,82358178,82358.178,1622,0,gap,41
12380,82362301,82362.301,1612,0,gap,41
12381,82366423,82366.423,1595,0,gap,41
12382,82378186,82378.186,1589,0,gap,41
12383,82382328,82382.328,1582,0,gap,41
12384,82386462,82386.462,1535,0,gap,41
12385,82398178,82398.178,1535,0,gap,41
12386,82402326,82402.326,1510,0,gap,41
12387,82406473,82406.473,1488,0,gap,41
12388,82418186,82418.186,1479,0,gap,41
12389,82422353,82422.353,1455,0,gap,41
12390,82426511,82426.511,1445,0,gap,41
12391,82438178,82438.178,1431,0,gap,41
12392,82442351,82442.351,1407,0,gap,41
12393,82446519,82446.519,1405,0,gap,41
12394,82458190,82458.19,1375,0,gap,41
12395,82462383,82462.383,1361,0,gap,41
12396,82466584,82466.584,1366,0,gap,41
12397,82478178,82478.178,1359,0,gap,41
12398,82482397,82482.397,1328,0,gap,41
12399,82486619,82486.619,1330,0,gap,41
12400,82498186,82498.186,1315,0,gap,41
12401,82502419,82502.419,1265,0,gap,41
12402,82506639,82506.639,1264,0,gap,41
12403,82518179,82518.179,1255,0,gap,41
12404,82522417,82522.417,1239,0,gap,41
12405,82526666,82526.666,1221,0,gap,41
12406,82538187,82538.187,1216,0,gap,41
12407,82542448,82542.448,1210,0,gap,41
12408,82546697,82546.697,1205,0,gap,41
12409,82558179,82558.179,1172,0,gap,41
12410,82562446,82562.446,1165,0,gap,41
12411,82566721,82566.721,1156,0,gap,41
12412,82578187,82578.187,1147,0,gap,41
12413,82582484,82582.484,1140,0,gap,41
12414,82586768,82586.768,1110,0,gap,41
12415,82598179,82598.179,1114,0,gap,41
12416,82602486,82602.486,1076,0,gap,41
12417,82608169,82608.169,1056,0,gap,41
12418,82618186,82618.186,1072,0,gap,41
12419,82622502,82622.502,1041,0,gap,41
12420,82628185,82628.185,1050,0,gap,41
12421,82638182,82638.182,1017,0,gap,41
12422,82642504,82642.504,1004,0,gap,41
12423,82648177,82648.177,1031,0,gap,41
12424,82658186,82658.186,983,0,gap,41
12425,82662530,82662.53,1000,0,gap,41
12426,82668189,82668.189,976,0,gap,41
12427,82678178,82678.178,965,0,gap,41
12428,82682515,82682.515,953,0,gap,41
12429,82688177,82688.177,918,0,gap,41
12430,82698186,82698.186,954,0,gap,41
12431,82702545,82702.545,918,0,gap,41
12432,82708185,82708.185,907,0,gap,41
12433,82718178,82718.178,906,0,gap,41
12434,82722535,82722.535,880,0,gap,41
12435,82728177,82728.177,881,0,gap,41
12436,82738186,82738.186,882,0,gap,41
12437,82745316,82745.316,880,0,gap,41
12438,82749448,82749.448,849,0,gap,41
12439,82758177,82758.177,838,0,gap,41
12440,82762284,82762.284,848,0,gap,41
12441,82768178,82768.178,816,0,gap,41
12442,82778190,82778.19,826,0,gap,41
12443,82782322,82782.322,816,0,gap,41
12444,82788186,82788.186,782,0,gap,41
12445,82798178,82798.178,832,0,gap,41
12446,82802309,82802.309,777,0,gap,41
12447,82808178,82808.178,761,0,gap,41
12448,82818186,82818.186,791,0,gap,41
12449,82822340,82822.34,743,0,gap,41
12450,82828185,82828.185,750,0,gap,41
12451,82838178,82838.178,730,0,gap,41
12452,82842338,82842.338,713,0,gap,41
12453,82848181,82848.181,748,0,gap,41
12454,82858186,82858.186,721,0,gap,41
12455,82862360,82862.36,701,0,gap,41
12456,82868185,82868.185,723,0,gap,41
12457,82878178,82878.178,715,0,gap,41
12458,82882393,82882.393,704,0,gap,41
12459,82888177,82888.177,672,0,gap,41
12460,82898186,82898.186,723,0,gap,41
12461,82902405,82902.405,642,0,gap,41
12462,82908185,82908.185,639,0,gap,41
12463,82918178,82918.178,688,0,gap,41
12464,82922423,82922.423,619,0,gap,41
12465,82928165,82928.165,656,0,gap,41
12466,82938186,82938.186,643,0,gap,41
12467,82942426,82942.426,592,0,gap,41
12468,82946666,82946.666,635,0,gap,41
12469,82958183,82958.183,610,0,gap,41
12470,82962441,82962.441,640,0,gap,41
12471,82966695,82966.695,615,0,gap,41
12472,82978187,82978.187,626,0,gap,41
12473,82982460,82982.46,605,0,gap,41
12474,82986737,82986.737,570,0,gap,41
12475,82998179,82998.179,634,0,gap,41
12476,83002473,83002.473,560,0,gap,41
12477,83006762,83006.762,528,0,gap,41
12478,83018187,83018.187,618,0,gap,41
12479,83022494,83022.494,534,0,gap,41
12480,83026801,83026.801,542,0,gap,41
12481,83038179,83038.179,581,0,gap,41
12482,83042492,83042.492,511,0,gap,41
12483,83046805,83046.805,547,0,gap,41
12484,83058186,83058.186,540,0,gap,41
12485,83062514,83062.514,528,0,gap,41
12486,83066832,83066.832,537,0,gap,41
12487,83078178,83078.178,556,0,gap,41
12488,83082515,83082.515,525,0,gap,41
12489,83086844,83086.844,495,0,gap,41
12490,83098190,83098.19,561,0,gap,41
12491,83102537,83102.537,493,0,gap,41
12492,83106875,83106.875,463,0,gap,41
12493,83118178,83118.178,545,0,gap,41
12494,83122531,83122.531,446,0,gap,41
12495,83126882,83126.882,450,0,gap,41
12496,83138186,83138.186,490,0,gap,41
12497,83142548,83142.548,455,0,gap,41
12498,83146910,83146.91,478,0,gap,41
12499,83158178,83158.178,469,0,gap,41
12500,83165356,83165.356,496,0,gap,41
12501,83169471,83169.471,448,0,gap,41
12502,83178185,83178.185,462,0,gap,41
12503,83182299,83182.299,441,0,gap,41
12504,83188186,83188.186,432,0,gap,41
12505,83198178,83198.178,499,0,gap,41
12506,83202308,83202.308,404,0,gap,41
12507,83208178,83208.178,403,0,gap,41
12508,83218186,83218.186,479,0,gap,41
12509,83222328,83222.328,391,0,gap,41
12510,83228186,83228.186,434,0,gap,41
12511,83238178,83238.178,435,0,gap,41
12512,83242333,83242.333,372,0,gap,41
12513,83248177,83248.177,454,0,gap,41
12514,83258186,83258.186,400,0,gap,41
12515,83262352,83262.352,400,0,gap,41
12516,83268185,83268.185,413,0,gap,41
12517,83278182,83278.182,432,0,gap,41
12518,83282354,83282.354,399,0,gap,41
12519,83288177,83288.177,368,0,gap,41
12520,83298186,83298.186,443,0,gap,41
12521,83302394,83302.394,367,0,gap,41
12522,83308189,83308.189,349,0,gap,41
12523,83318178,83318.178,443,0,gap,41
12524,83322399,83322.399,336,0,gap,41
12525,83328177,83328.177,383,0,gap,41
12526,83338186,83338.186,381,0,gap,41
12527,83342421,83342.421,333,0,gap,41
12528,83348173,83348.173,378,0,gap,41
12529,83358178,83358.178,353,0,gap,41
12530,83362422,83362.422,371,0,gap,41
12531,83368165,83368.165,365,0,gap,41
12532,83378186,83378.186,383,0,gap,41
12533,83382450,83382.45,359,0,gap,41
12534,83386705,83386.705,309,0,gap,41
12535,83398179,83398.179,413,0,gap,41
12536,83402458,83402.458,309,0,gap,41
12537,83406745,83406.745,277,0,gap,41
12538,83418191,83418.191,398,0,gap,41
12539,83422490,83422.49,289,0,gap,41
12540,83426781,83426.781,309,0,gap,41
12541,83438179,83438.179,352,0,gap,41
12542,83442488,83442.488,277,0,gap,41
12543,83446797,83446.797,336,0,gap,41
12544,83458187,83458.187,321,0,gap,41
12545,83462502,83462.502,315,0,gap,41
12546,83466816,83466.816,303,0,gap,41
12547,83478179,83478.179,342,0,gap,41
12548,83482507,83482.507,325,0,gap,41
12549,83486832,83486.832,262,0,gap,41
12550,83498186,83498.186,384,0,gap,41
12551,83502525,83502.525,267,0,gap,41
12552,83506859,83506.859,246,0,gap,41
12553,83518178,83518.178,371,0,gap,41
12554,83522527,83522.527,240,0,gap,41
12555,83526870,83526.87,259,0,gap,41
12556,83538186,83538.186,315,0,gap,41
12557,83542540,83542.54,239,0,gap,41
12558,83546894,83546.894,290,0,gap,41
12559,83558178,83558.178,274,0,gap,41
12560,83562550,83562.55,277,0,gap,41
12561,83566913,83566.913,277,0,gap,41
12562,83574043,83574.043,250,0,gap,41
12563,83588178,83588.178,314,0,gap,41
12564,83592280,83592.28,224,0,gap,41
12565,83596383,83596.383,272,0,gap,41
12566,83608185,83608.185,269,0,gap,41
12567,83612309,83612.309,247,0,gap,41
12568,83616429,83616.429,269,0,gap,41
12569,83628177,83628.177,290,0,gap,41
12570,83632312,83632.312,267,0,gap,41
12571,83636439,83636.439,217,0,gap,41
12572,83648185,83648.185,331,0,gap,41
12573,83652334,83652.334,231,0,gap,41
12574,83656475,83656.475,185,0,gap,41
12575,83668177,83668.177,330,0,gap,41
12576,83672338,83672.338,188,0,gap,41
12577,83676494,83676.494,203,0,gap,41
12578,83688185,83688.185,286,0,gap,41
12579,83692360,83692.36,190,0,gap,41
12580,83696522,83696.522,241,0,gap,41
12581,83708181,83708.181,239,0,gap,41
12582,83712361,83712.361,218,0,gap,41
12583,83716571,83716.571,229,0,gap,41
12584,83728185,83728.185,265,0,gap,41
12585,83732405,83732.405,240,0,gap,41
12586,83736617,83736.617,179,0,gap,41
12587,83748177,83748.177,315,0,gap,41
12588,83752399,83752.399,198,0,gap,41
12589,83756629,83756.629,165,0,gap,41
12590,83768185,83768.185,294,0,gap,41
12591,83772429,83772.429,162,0,gap,41
12592,83776666,83776.666,182,0,gap,41
12593,83788177,83788.177,270,0,gap,41
12594,83792429,83792.429,157,0,gap,41
12595,83796679,83796.679,210,0,gap,41
12596,83808185,83808.185,205,0,gap,41
12597,83812458,83812.458,206,0,gap,41
12598,83816723,83816.723,199,0,gap,41
12599,83828177,83828.177,246,0,gap,41
12600,83832468,83832.468,203,0,gap,41
12601,83836758,83836.758,174,0,gap,41
12602,83848177,83848.177,277,0,gap,41
12603,83852482,83852.482,194,0,gap,41
12604,83856774,83856.774,128,0,gap,41
12605,83868169,83868.169,281,0,gap,41
12606,83872475,83872.475,145,0,gap,41
12607,83876789,83876.789,166,0,gap,41
12608,83888173,83888.173,227,0,gap,41
12609,83892497,83892.497,153,0,gap,41
12610,83896809,83896.809,193,0,gap,41
12611,83908169,83908.169,185,0,gap,41
12612,83912495,83912.495,176,0,gap,41
12613,83916832,83916.832,172,0,gap,41
12614,83928169,83928.169,227,0,gap,41
12615,83932517,83932.517,191,0,gap,41
12616,83936852,83936.852,144,0,gap,41
12617,83948165,83948.165,243,0,gap,41
12618,83952514,83952.514,159,0,gap,41
12619,83956867,83956.867,127,1,pulse,42
12620,83968174,83968.174,4095,1,pulse,42
12621,83972483,83972.483,4095,1,pulse,42
12622,83976772,83976.772,4095,1,pulse,42
12623,83988178,83988.178,4095,1,pulse,42
12624,83992482,83992.482,4095,1,pulse,42
12625,83999599,83999.599,4095,0,gap,42
12626,84003861,84003.861,3040,0,gap,42
12627,84018178,84018.178,2737,0,gap,42
12628,84022298,84022.298,2707,0,gap,42
12629,84026422,84026.422,2693,0,gap,42
12630,84038186,84038.186,2643,0,gap,42
12631,84042330,84042.33,2624,0,gap,42
12632,84046461,84046.461,2615,0,gap,42
12633,84058182,84058.182,2559,0,gap,42
12634,84062330,84062.33,2553,0,gap,42
12635,84066480,84066.48,2544,0,gap,42
12636,84078186,84078.186,2503,0,gap,42
12637,84082351,84082.351,2491,0,gap,42
12638,84086512,84086.512,2464,0,gap,42
12639,84098178,84098.178,2439,0,gap,42
12640,84102354,84102.354,2416,0,gap,42
12641,84106521,84106.521,2399,0,gap,42
12642,84118186,84118.186,2363,0,gap,42
12643,84122368,84122.368,2373,0,gap,42
12644,84126549,84126.549,2357,0,gap,42
12645,84138178,84138.178,2317,0,gap,42
12646,84142392,84142.392,2291,0,gap,42
12647,84146617,84146.617,2290,0,gap,42
12648,84158186,84158.186,2243,0,gap,42
12649,84162426,84162.426,2255,0,gap,42
12650,84166653,84166.653,2214,0,gap,42
12651,84178178,84178.178,2192,0,gap,42
12652,84182416,84182.416,2162,0,gap,42
12653,84186657,84186.657,2150,0,gap,42
12654,84198186,84198.186,2147,0,gap,42
12655,84202453,84202.453,2129,0,gap,42
12656,84206703,84206.703,2099,0,gap,42
12657,84218179,84218.179,2067,0,gap,42
12658,84222441,84222.441,2068,0,gap,42
12659,84226706,84226.706,2026,0,gap,42
12660,84238187,84238.187,2000,0,gap,42
12661,84242476,84242.476,1994,0,gap,42
12662,84246769,84246.769,1981,0,gap,42
12663,84258179,84258.179,1964,0,gap,42
12664,84262485,84262.485,1949,0,gap,42
12665,84266794,84266.794,1934,0,gap,42
12666,84278187,84278.187,1914,0,gap,42
12667,84282507,84282.507,1901,0,gap,42
12668,84288173,84288.173,1861,0,gap,42
12669,84298178,84298.178,1863,0,gap,42
12670,84302503,84302.503,1830,0,gap,42
12671,84308177,84308.177,1823,0,gap,42
12672,84318186,84318.186,1798,0,gap,42
12673,84322529,84322.529,1755,0,gap,42
12674,84328185,84328.185,1749,0,gap,42
12675,84338178,84338.178,1738,0,gap,42
12676,84342523,84342.523,1719,0,gap,42
12677,84348177,84348.177,1703,0,gap,42
12678,84358186,84358.186,1670,0,gap,42
12679,84362549,84362.549,1665,0,gap,42
12680,84368186,84368.186,1653,0,gap,42
12681,84378183,84378.183,1622,0,gap,42
12682,84382547,84382.547,1642,0,gap,42
12683,84388178,84388.178,1619,0,gap,42
12684,84398187,84398.187,1587,0,gap,42
12685,84402565,84402.565,1566,0,gap,42
12686,84408186,84408.186,1535,0,gap,42
12687,84415330,84415.33,1535,0,gap,42
12688,84428187,84428.187,1511,0,gap,42
12689,84432307,84432.307,1507,0,gap,42
12690,84436413,84436.413,1467,0,gap,42
12691,84448178,84448.178,1468,0,gap,42
12692,84452308,84452.308,1450,0,gap,42
12693,84456439,84456.439,1426,0,gap,42
12694,84468186,84468.186,1414,0,gap,42
12695,84472335,84472.335,1383,0,gap,42
12696,84476472,84476.472,1390,0,gap,42
12697,84488182,84488.182,1371,0,gap,42
12698,84492345,84492.345,1359,0,gap,42
12699,84496501,84496.501,1356,0,gap,42
12700,84508186,84508.186,1327,0,gap,42
12701,84512357,84512.357,1319,0,gap,42
12702,84516524,84516.524,1294,0,gap,42
12703,84528178,84528.178,1310,0,gap,42
12704,84532359,84532.359,1296,0,gap,42
12705,84536536,84536.536,1261,0,gap,42
12706,84548186,84548.186,1259,0,gap,42
12707,84552376,84552.376,1243,0,gap,42
12708,84556593,84556.593,1194,0,gap,42
12709,84568179,84568.179,1200,0,gap,42
12710,84572405,84572.405,1173,0,gap,42
12711,84576631,84576.631,1180,0,gap,42
12712,84588187,84588.187,1154,0,gap,42
12713,84592427,84592.427,1135,0,gap,42
12714,84596663,84596.663,1136,0,gap,42
12715,84608179,84608.179,1127,0,gap,42
12716,84612429,84612.429,1104,0,gap,42
12717,84616672,84616.672,1109,0,gap,42
12718,84628187,84628.187,1084,0,gap,42
12719,84632457,84632.457,1089,0,gap,42
12720,84638169,84638.169,1054,0,gap,42
12721,84648178,84648.178,1074,0,gap,42
12722,84652453,84652.453,1040,0,gap,42
12723,84658177,84658.177,1007,0,gap,42
12724,84668186,84668.186,1018,0,gap,42
12725,84672487,84672.487,993,0,gap,42
12726,84678185,84678.185,1005,0,gap,42
12727,84688178,84688.178,985,0,gap,42
12728,84692492,84692.492,962,0,gap,42
12729,84698181,84698.181,961,0,gap,42
12730,84708186,84708.186,944,0,gap,42
12731,84712506,84712.506,947,0,gap,42
12732,84718185,84718.185,933,0,gap,42
12733,84728178,84728.178,926,0,gap,42
12734,84732512,84732.512,910,0,gap,42
12735,84738165,84738.165,880,0,gap,42
12736,84748186,84748.186,903,0,gap,42
12737,84752529,84752.529,880,0,gap,42
12738,84756864,84756.864,854,0,gap,42
12739,84768179,84768.179,883,0,gap,42
12740,84772532,84772.532,827,0,gap,42
12741,84776877,84776.877,835,0,gap,42
12742,84788187,84788.187,811,0,gap,42
12743,84792550,84792.55,810,0,gap,42
12744,84796908,84796.908,827,0,gap,42
12745,84808183,84808.183,799,0,gap,42
12746,84812556,84812.556,793,0,gap,42
12747,84816920,84816.92,795,0,gap,42
12748,84828187,84828.187,783,0,gap,42
12749,84832571,84832.571,782,0,gap,42
12750,84839761,84839.761,735,0,gap,42
12751,84843886,84843.886,761,0,gap,42
12752,84858186,84858.186,741,0,gap,42
12753,84862306,84862.306,747,0,gap,42
12754,84866426,84866.426,742,0,gap,42
12755,84878177,84878.177,730,0,gap,42
12756,84882317,84882.317,719,0,gap,42
12757,84886452,84886.452,710,0,gap,42
12758,84898185,84898.185,733,0,gap,42
12759,84902337,84902.337,687,0,gap,42
12760,84906487,84906.487,661,0,gap,42
12761,84918181,84918.181,733,0,gap,42
12762,84922339,84922.339,656,0,gap,42
12763,84926500,84926.5,655,0,gap,42
12764,84938185,84938.185,688,0,gap,42
12765,84942369,84942.369,656,0,gap,42
12766,84946536,84946.536,654,0,gap,42
12767,84958177,84958.177,635,0,gap,42
12768,84962359,84962.359,650,0,gap,42
12769,84966544,84966.544,627,0,gap,42
12770,84978185,84978.185,656,0,gap,42
12771,84982403,84982.403,624,0,gap,42
12772,84986624,84986.624,610,0,gap,42
12773,84998177,84998.177,653,0,gap,42
12774,85002409,85002.409,588,0,gap,42
12775,85006639,85006.639,569,0,gap,42
12776,85018185,85018.185,639,0,gap,42
12777,85022435,85022.435,558,0,gap,42
12778,85026676,85026.676,561,0,gap,42
12779,85038177,85038.177,597,0,gap,42
12780,85042431,85042.431,553,0,gap,42
12781,85046685,85046.685,563,0,gap,42
12782,85058185,85058.185,541,0,gap,42
12783,85062459,85062.459,560,0,gap,42
12784,85066725,85066.725,547,0,gap,42
12785,85078177,85078.177,570,0,gap,42
12786,85082462,85082.462,535,0,gap,42
12787,85086763,85086.763,510,0,gap,42
12788,85098173,85098.173,583,0,gap,42
12789,85102483,85102.483,527,0,gap,42
12790,85106788,85106.788,480,0,gap,42
12791,85118169,85118.169,587,0,gap,42
12792,85122488,85122.488,478,0,gap,42
12793,85126807,85126.807,481,0,gap,42
12794,85138173,85138.173,528,0,gap,42
12795,85142498,85142.498,464,0,gap,42
12796,85146819,85146.819,477,0,gap,42
12797,85158169,85158.169,481,0,gap,42
12798,85162504,85162.504,481,0,gap,42
12799,85166842,85166.842,470,0,gap,42
12800,85178169,85178.169,493,0,gap,42
12801,85182514,85182.514,473,0,gap,42
12802,85186854,85186.854,439,0,gap,42
12803,85198165,85198.165,507,0,gap,42
12804,85202523,85202.523,439,0,gap,42
12805,85206877,85206.877,415,0,gap,42
12806,85218169,85218.169,499,0,gap,42
12807,85222537,85222.537,399,0,gap,42
12808,85226901,85226.901,419,0,gap,42
12809,85238169,85238.169,467,0,gap,42
12810,85242543,85242.543,397,0,gap,42
12811,85246916,85246.916,416,0,gap,42
12812,85254055,85254.055,417,0,gap,42
12813,85258206,85258.206,368,0,gap,42
12814,85268187,85268.187,454,0,gap,42
12815,85272312,85272.312,380,0,gap,42
12816,85278186,85278.186,405,0,gap,42
12817,85288179,85288.179,416,0,gap,42
12818,85292313,85292.313,365,0,gap,42
12819,85298178,85298.178,435,0,gap,42
12820,85308187,85308.187,387,0,gap,42
12821,85312331,85312.331,374,0,gap,42
12822,85318186,85318.186,402,0,gap,42
12823,85328179,85328.179,413,0,gap,42
12824,85332338,85332.338,390,0,gap,42
12825,85338182,85338.182,356,0,gap,42
12826,85348187,85348.187,447,0,gap,42
12827,85352365,85352.365,343,0,gap,42
12828,85358186,85358.186,338,0,gap,42
12829,85368179,85368.179,409,0,gap,42
12830,85372355,85372.355,319,0,gap,42
12831,85378178,85378.178,353,0,gap,42
12832,85388186,85388.186,384,0,gap,42
12833,85392411,85392.411,306,0,gap,42
12834,85398186,85398.186,369,0,gap,42
12835,85408178,85408.178,340,0,gap,42
12836,85412408,85412.408,336,0,gap,42
12837,85418177,85418.177,338,0,gap,42
12838,85428186,85428.186,367,0,gap,42
12839,85432434,85432.434,343,0,gap,42
12840,85438185,85438.185,319,0,gap,42
12841,85448182,85448.182,398,0,gap,42
12842,85452432,85452.432,305,0,gap,42
12843,85458177,85458.177,288,0,gap,42
12844,85468186,85468.186,400,0,gap,42
12845,85472454,85472.454,283,0,gap,42
12846,85478185,85478.185,318,0,gap,42
12847,85488178,85488.178,316,0,gap,42
12848,85492461,85492.461,272,0,gap,42
12849,85498177,85498.177,340,0,gap,42
12850,85508186,85508.186,303,0,gap,42
12851,85512498,85512.498,291,0,gap,42
12852,85518173,85518.173,306,0,gap,42
12853,85528178,85528.178,333,0,gap,42
12854,85532487,85532.487,304,0,gap,42
12855,85538165,85538.165,272,0,gap,42
12856,85548186,85548.186,368,0,gap,42
12857,85552517,85552.517,273,0,gap,42
12858,85556832,85556.832,222,0,gap,42
12859,85568179,85568.179,366,0,gap,42
12860,85572512,85572.512,246,0,gap,42
12861,85576848,85576.848,241,0,gap,42
12862,85588187,85588.187,325,0,gap,42
12863,85592542,85592.542,235,0,gap,42
12864,85596880,85596.88,272,0,gap,42
12865,85608179,85608.179,275,0,gap,42
12866,85612527,85612.527,283,0,gap,42
12867,85616883,85616.883,254,0,gap,42
12868,85628187,85628.187,288,0,gap,42
12869,85632553,85632.553,257,0,gap,42
12870,85636907,85636.907,234,0,gap,42
12871,85648179,85648.179,331,0,gap,42
12872,85652551,85652.551,240,0,gap,42
12873,85656930,85656.93,202,0,gap,42
12874,85668186,85668.186,328,0,gap,42
12875,85675374,85675.374,238,0,gap,42
12876,85679493,85679.493,247,0,gap,42
12877,85688177,85688.177,260,0,gap,42
12878,85692293,85692.293,215,0,gap,42
12879,85698178,85698.178,283,0,gap,42
12880,85708186,85708.186,245,0,gap,42
12881,85712322,85712.322,235,0,gap,42
12882,85718186,85718.186,263,0,gap,42
12883,85728178,85728.178,259,0,gap,42
12884,85732329,85732.329,233,0,gap,42
12885,85738178,85738.178,219,0,gap,42
12886,85748186,85748.186,304,0,gap,42
12887,85752351,85752.351,208,0,gap,42
12888,85758185,85758.185,190,0,gap,42
12889,85768182,85768.182,286,0,gap,42
12890,85772358,85772.358,176,0,gap,42
12891,85778177,85778.177,221,0,gap,42
12892,85788186,85788.186,237,0,gap,42
12893,85792367,85792.367,183,0,gap,42
12894,85798185,85798.185,272,0,gap,42
12895,85808178,85808.178,197,0,gap,42
12896,85812399,85812.399,214,0,gap,42
12897,85818177,85818.177,223,0,gap,42
12898,85828186,85828.186,241,0,gap,42
12899,85832417,85832.417,227,0,gap,42
12900,85838185,85838.185,176,0,gap,42
12901,85848178,85848.178,272,0,gap,42
12902,85852419,85852.419,176,0,gap,42
12903,85858169,85858.169,167,0,gap,42
12904,85868186,85868.186,272,0,gap,42
12905,85872444,85872.444,155,0,gap,42
12906,85878169,85878.169,213,0,gap,42
12907,85888178,85888.178,203,0,gap,42
12908,85892443,85892.443,157,0,gap,42
12909,85896704,85896.704,193,0,gap,42
12910,85908187,85908.187,183,0,gap,42
12911,85912479,85912.479,176,0,gap,42
12912,85916774,85916.774,179,0,gap,42
12913,85928179,85928.179,213,0,gap,42
12914,85932484,85932.484,177,0,gap,42
12915,85936785,85936.785,159,0,gap,42
12916,85948187,85948.187,261,0,gap,42
12917,85952502,85952.502,159,0,gap,42
12918,85956816,85956.816,119,0,gap,42
12919,85968179,85968.179,262,0,gap,42
12920,85972507,85972.507,125,0,gap,42
12921,85976832,85976.832,131,0,gap,42
12922,85988186,85988.186,216,0,gap,42
12923,85992521,85992.521,134,0,gap,42
12924,85996855,85996.855,173,0,gap,42
12925,86008178,86008.178,165,0,gap,42
12926,86012523,86012.523,175,0,gap,42
12927,86016871,86016.871,173,0,gap,42
12928,86028186,86028.186,210,1,pulse,43
12929,86032632,86032.632,4095,1,pulse,43
12930,86036928,86036.928,4095,1,pulse,43
12931,86048179,86048.179,4095,1,pulse,43
12932,86052481,86052.481,4095,1,pulse,43
12933,86058173,86058.173,4095,1,pulse,43
12934,86068182,86068.182,4095,0,gap,43
12935,86072716,86072.716,3033,0,gap,43
12936,86078189,86078.189,2876,0,gap,43
12937,86088178,86088.178,2767,0,gap,43
12938,86095329,86095.329,2719,0,gap,43
12939,86099458,86099.458,2697,0,gap,43
12940,86108186,86108.186,2657,0,gap,43
12941,86112320,86112.32,2642,0,gap,43
12942,86118186,86118.186,2624,0,gap,43
12943,86128179,86128.179,2598,0,gap,43
12944,86132330,86132.33,2559,0,gap,43
12945,86138178,86138.178,2558,0,gap,43
12946,86148187,86148.187,2514,0,gap,43
12947,86152349,86152.349,2499,0,gap,43
12948,86168173,86168.173,2469,0,gap,43
12949,86172342,86172.342,2446,0,gap,43
12950,86176510,86176.51,2427,0,gap,43
12951,86188177,86188.177,2415,0,gap,43
12952,86192364,86192.364,2380,0,gap,43
12953,86196539,86196.539,2352,0,gap,43
12954,86208186,86208.186,2325,0,gap,43
12955,86212375,86212.375,2335,0,gap,43
12956,86216563,86216.563,2299,0,gap,43
12957,86228182,86228.182,2290,0,gap,43
12958,86232402,86232.402,2265,0,gap,43
12959,86236628,86236.628,2240,0,gap,43
12960,86248186,86248.186,2224,0,gap,43
12961,86252425,86252.425,2182,0,gap,43
12962,86256663,86256.663,2161,0,gap,43
12963,86268178,86268.178,2149,0,gap,43
12964,86272427,86272.427,2123,0,gap,43
12965,86276671,86276.671,2125,0,gap,43
12966,86288186,86288.186,2077,0,gap,43
12967,86292450,86292.45,2071,0,gap,43
12968,86296716,86296.716,2070,0,gap,43
12969,86308178,86308.178,2033,0,gap,43
12970,86312452,86312.452,2030,0,gap,43
12971,86316724,86316.724,2021,0,gap,43
12972,86328186,86328.186,1970,0,gap,43
12973,86332482,86332.482,1970,0,gap,43
12974,86336770,86336.77,1937,0,gap,43
12975,86348178,86348.178,1929,0,gap,43
12976,86352496,86352.496,1913,0,gap,43
12977,86356805,86356.805,1889,0,gap,43
12978,86368186,86368.186,1861,0,gap,43
12979,86372514,86372.514,1847,0,gap,43
12980,86376837,86376.837,1837,0,gap,43
12981,86388179,86388.179,1792,0,gap,43
12982,86392512,86392.512,1783,0,gap,43
12983,86396845,86396.845,1779,0,gap,43
12984,86408191,86408.191,1748,0,gap,43
12985,86412538,86412.538,1737,0,gap,43
12986,86416876,86416.876,1745,0,gap,43
12987,86428179,86428.179,1687,0,gap,43
12988,86432536,86432.536,1678,0,gap,43
12989,86438173,86438.173,1659,0,gap,43
12990,86448186,86448.186,1667,0,gap,43
12991,86452552,86452.552,1647,0,gap,43
12992,86458185,86458.185,1597,0,gap,43
12993,86468178,86468.178,1611,0,gap,43
12994,86472550,86472.55,1583,0,gap,43
12995,86478177,86478.177,1574,0,gap,43
12996,86488186,86488.186,1535,0,gap,43
12997,86492572,86492.572,1530,0,gap,43
12998,86498185,86498.185,1529,0,gap,43
12999,86508178,86508.178,1471,0,gap,43
13000,86512575,86512.575,1471,0,gap,43
13001,86519727,86519.727,1455,0,gap,43
13002,86528185,86528.185,1462,0,gap,43
13003,86532320,86532.32,1430,0,gap,43
13004,86538186,86538.186,1413,0,gap,43
13005,86548183,86548.183,1409,0,gap,43
13006,86552326,86552.326,1395,0,gap,43
13007,86558178,86558.178,1363,0,gap,43
13008,86568187,86568.187,1354,0,gap,43
13009,86572345,86572.345,1330,0,gap,43
13010,86588169,86588.169,1328,0,gap,43
13011,86592340,86592.34,1290,0,gap,43
13012,86596497,86596.497,1323,0,gap,43
13013,86608177,86608.177,1279,0,gap,43
13014,86612354,86612.354,1273,0,gap,43
13015,86616533,86616.533,1271,0,gap,43
13016,86628190,86628.19,1243,0,gap,43
13017,86632384,86632.384,1221,0,gap,43
13018,86636562,86636.562,1197,0,gap,43
13019,86648178,86648.178,1208,0,gap,43
13020,86652370,86652.37,1170,0,gap,43
13021,86656583,86656.583,1168,0,gap,43
13022,86668186,86668.186,1169,0,gap,43
13023,86672426,86672.426,1130,0,gap,43
13024,86676661,86676.661,1119,0,gap,43
13025,86688178,86688.178,1136,0,gap,43
13026,86692424,86692.424,1097,0,gap,43
13027,86696669,86696.669,1121,0,gap,43
13028,86708186,86708.186,1062,0,gap,43
13029,86712446,86712.446,1076,0,gap,43
13030,86716702,86716.702,1073,0,gap,43
13031,86728178,86728.178,1040,0,gap,43
13032,86732457,86732.457,1052,0,gap,43
13033,86736723,86736.723,1034,0,gap,43
13034,86748186,86748.186,1033,0,gap,43
13035,86752471,86752.471,993,0,gap,43
13036,86756755,86756.755,981,0,gap,43
13037,86768182,86768.182,1005,0,gap,43
13038,86772497,86772.497,951,0,gap,43
13039,86776806,86776.806,941,0,gap,43
13040,86788186,86788.186,937,0,gap,43
13041,86792506,86792.506,931,0,gap,43
13042,86796821,86796.821,931,0,gap,43
13043,86808178,86808.178,911,0,gap,43
13044,86812511,86812.511,927,0,gap,43
13045,86816840,86816.84,914,0,gap,43
13046,86828186,86828.186,889,0,gap,43
13047,86832529,86832.529,885,0,gap,43
13048,86836872,86836.872,848,0,gap,43
13049,86848178,86848.178,882,0,gap,43
13050,86852527,86852.527,837,0,gap,43
13051,86856875,86856.875,810,0,gap,43
13052,86868186,86868.186,848,0,gap,43
13053,86872549,86872.549,816,0,gap,43
13054,86876903,86876.903,806,0,gap,43
13055,86888178,86888.178,806,0,gap,43
13056,86892550,86892.55,773,0,gap,43
13057,86896918,86896.918,799,0,gap,43
13058,86908186,86908.186,768,0,gap,43
13059,86912568,86912.568,782,0,gap,43
13060,86916945,86916.945,770,0,gap,43
13061,86928178,86928.178,753,0,gap,43
13062,86932566,86932.566,752,0,gap,43
13063,86939718,86939.718,733,0,gap,43
13064,86943878,86943.878,720,0,gap,43
13065,86958177,86958.177,730,0,gap,43
13066,86962304,86962.304,719,0,gap,43
13067,86966432,86966.432,721,0,gap,43
13068,86978185,86978.185,717,0,gap,43
13069,86982333,86982.333,699,0,gap,43
13070,86986472,86986.472,673,0,gap,43
13071,86998177,86998.177,718,0,gap,43
13072,87002336,87002.336,656,0,gap,43
13073,87006488,87006.488,635,0,gap,43
13074,87018185,87018.185,694,0,gap,43
13075,87022362,87022.362,627,0,gap,43
13076,87026528,87026.528,624,0,gap,43
13077,87038177,87038.177,670,0,gap,43
13078,87042361,87042.361,618,0,gap,43
13079,87046541,87046.541,624,0,gap,43
13080,87058189,87058.189,631,0,gap,43
13081,87062383,87062.383,626,0,gap,43
13082,87066572,87066.572,601,0,gap,43
13083,87078177,87078.177,655,0,gap,43
13084,87082412,87082.412,610,0,gap,43
13085,87086638,87086.638,574,0,gap,43
13086,87098185,87098.185,649,0,gap,43
13087,87102429,87102.429,566,0,gap,43
13088,87106667,87106.667,539,0,gap,43
13089,87118177,87118.177,624,0,gap,43
13090,87122426,87122.426,534,0,gap,43
13091,87126680,87126.68,549,0,gap,43
13092,87138185,87138.185,570,0,gap,43
13093,87142445,87142.445,527,0,gap,43
13094,87146709,87146.709,557,0,gap,43
13095,87158177,87158.177,541,0,gap,43
13096,87162460,87162.46,541,0,gap,43
13097,87166729,87166.729,542,0,gap,43
13098,87178185,87178.185,543,0,gap,43
13099,87182482,87182.482,528,0,gap,43
13100,87186775,87186.775,480,0,gap,43
13101,87198173,87198.173,569,0,gap,43
13102,87202487,87202.487,487,0,gap,43
13103,87206804,87206.804,469,0,gap,43
13104,87218173,87218.173,549,0,gap,43
13105,87222501,87222.501,455,0,gap,43
13106,87226823,87226.823,469,0,gap,43
13107,87238165,87238.165,501,0,gap,43
13108,87242498,87242.498,430,0,gap,43
13109,87246831,87246.831,468,0,gap,43
13110,87258169,87258.169,464,0,gap,43
13111,87262516,87262.516,473,0,gap,43
13112,87266862,87266.862,455,0,gap,43
13113,87278165,87278.165,477,0,gap,43
13114,87282518,87282.518,459,0,gap,43
13115,87286870,87286.87,429,0,gap,43
13116,87298169,87298.169,498,0,gap,43
13117,87302536,87302.536,419,0,gap,43
13118,87306893,87306.893,408,0,gap,43
13119,87318165,87318.165,486,0,gap,43
13120,87322541,87322.541,384,0,gap,43
13121,87326909,87326.909,405,0,gap,43
13122,87331287,87331.287,431,0,gap,43
13123,87338179,87338.179,429,0,gap,43
13124,87348187,87348.187,484,0,gap,43
13125,87352576,87352.576,400,0,gap,43
13126,87359768,87359.768,393,0,gap,43
13127,87368177,87368.177,449,0,gap,43
13128,87372311,87372.311,357,0,gap,43
13129,87378178,87378.178,418,0,gap,43
13130,87388187,87388.187,401,0,gap,43
13131,87392329,87392.329,336,0,gap,43
13132,87398186,87398.186,419,0,gap,43
13133,87408183,87408.183,367,0,gap,43
13134,87412340,87412.34,381,0,gap,43
13135,87418178,87418.178,385,0,gap,43
13136,87428187,87428.187,400,0,gap,43
13137,87432354,87432.354,368,0,gap,43
13138,87438186,87438.186,364,0,gap,43
13139,87448179,87448.179,430,0,gap,43
13140,87452357,87452.357,352,0,gap,43
13141,87458178,87458.178,315,0,gap,43
13142,87468186,87468.186,417,0,gap,43
13143,87472387,87472.387,314,0,gap,43
13144,87478190,87478.19,353,0,gap,43
13145,87488178,87488.178,357,0,gap,43
13146,87492383,87492.383,305,0,gap,43
13147,87498178,87498.178,371,0,gap,43
13148,87508186,87508.186,327,0,gap,43
13149,87512433,87512.433,330,0,gap,43
13150,87518185,87518.185,352,0,gap,43
13151,87528178,87528.178,361,0,gap,43
13152,87532434,87532.434,336,0,gap,43
13153,87538177,87538.177,293,0,gap,43
13154,87548186,87548.186,377,0,gap,43
13155,87552448,87552.448,308,0,gap,43
13156,87558185,87558.185,286,0,gap,43
13157,87568178,87568.178,381,0,gap,43
13158,87572451,87572.451,256,0,gap,43
13159,87578177,87578.177,304,0,gap,43
13160,87588190,87588.19,331,0,gap,43
13161,87592481,87592.481,272,0,gap,43
13162,87598185,87598.185,323,0,gap,43
13163,87608178,87608.178,307,0,gap,43
13164,87612490,87612.49,286,0,gap,43
13165,87618169,87618.169,304,0,gap,43
13166,87628186,87628.186,329,0,gap,43
13167,87632512,87632.512,295,0,gap,43
13168,87636833,87636.833,240,0,gap,43
13169,87648179,87648.179,347,0,gap,43
13170,87652511,87652.511,262,0,gap,43
13171,87656846,87656.846,229,0,gap,43
13172,87668187,87668.187,361,0,gap,43
13173,87672528,87672.528,225,0,gap,43
13174,87676865,87676.865,254,0,gap,43
13175,87688179,87688.179,304,0,gap,43
13176,87692538,87692.538,232,0,gap,43
13177,87696884,87696.884,261,0,gap,43
13178,87708187,87708.187,246,0,gap,43
13179,87712552,87712.552,245,0,gap,43
13180,87716908,87716.908,272,0,gap,43
13181,87728183,87728.183,300,0,gap,43
13182,87732557,87732.557,272,0,gap,43
13183,87736927,87736.927,208,0,gap,43
13184,87748186,87748.186,336,0,gap,43
13185,87752567,87752.567,250,0,gap,43
13186,87756947,87756.947,186,0,gap,43
13187,87768178,87768.178,335,0,gap,43
13188,87772573,87772.573,202,0,gap,43
13189,87779719,87779.719,275,0,gap,43
13190,87783842,87783.842,246,0,gap,43
13191,87798178,87798.178,311,0,gap,43
13192,87802316,87802.316,213,0,gap,43
13193,87806449,87806.449,176,0,gap,43
13194,87818185,87818.185,304,0,gap,43
13195,87822332,87822.332,176,0,gap,43
13196,87826474,87826.474,187,0,gap,43
13197,87838181,87838.181,259,0,gap,43
13198,87842339,87842.339,176,0,gap,43
13199,87846499,87846.499,225,0,gap,43
13200,87858185,87858.185,218,0,gap,43
13201,87862358,87862.358,212,0,gap,43
13202,87866530,87866.53,208,0,gap,43
13203,87878177,87878.177,268,0,gap,43
13204,87882360,87882.36,221,0,gap,43
13205,87886537,87886.537,185,0,gap,43
13206,87898185,87898.185,298,0,gap,43
13207,87902382,87902.382,183,0,gap,43
13208,87906578,87906.578,151,0,gap,43
13209,87918177,87918.177,307,0,gap,43
13210,87922406,87922.406,162,0,gap,43
13211,87926638,87926.638,173,0,gap,43
13212,87938185,87938.185,256,0,gap,43
13213,87942431,87942.431,154,0,gap,43
13214,87946673,87946.673,211,0,gap,43
13215,87958177,87958.177,204,0,gap,43
13216,87962433,87962.433,181,0,gap,43
13217,87966681,87966.681,193,0,gap,43
13218,87978185,87978.185,210,0,gap,43
13219,87982459,87982.459,204,0,gap,43
13220,87986717,87986.717,160,0,gap,43
13221,87998177,87998.177,267,1,pulse,44
13222,88002541,88002.541,4095,1,pulse,44
13223,88006772,88006.772,4095,1,pulse,44
13224,88018182,88018.182,4095,1,pulse,44
13225,88022419,88022.419,4095,1,pulse,44
13226,88026649,88026.649,4095,1,pulse,44
13227,88038174,88038.174,4095,0,gap,44
13228,88042651,88042.651,3101,0,gap,44
13229,88046981,88046.981,2890,0,gap,44
13230,88058186,88058.186,2787,0,gap,44
13231,88062531,88062.531,2763,0,gap,44
13232,88066863,88066.863,2732,0,gap,44
13233,88078179,88078.179,2689,0,gap,44
13234,88082525,88082.525,2669,0,gap,44
13235,88086870,88086.87,2638,0,gap,44
13236,88098187,88098.187,2597,0,gap,44
13237,88102547,88102.547,2559,0,gap,44
13238,88106898,88106.898,2550,0,gap,44
13239,88118179,88118.179,2538,0,gap,44
13240,88122545,88122.545,2503,0,gap,44
13241,88126913,88126.913,2501,0,gap,44
13242,88138187,88138.187,2477,0,gap,44
13243,88142566,88142.566,2448,0,gap,44
13244,88148177,88148.177,2430,0,gap,44
13245,88158178,88158.178,2395,0,gap,44
13246,88162559,88162.559,2374,0,gap,44
13247,88168177,88168.177,2381,0,gap,44
13248,88178186,88178.186,2351,0,gap,44
13249,88182589,88182.589,2322,0,gap,44
13250,88188185,88188.185,2287,0,gap,44
13251,88195355,88195.355,2273,0,gap,44
13252,88208186,88208.186,2246,0,gap,44
13253,88212327,88212.327,2245,0,gap,44
13254,88216457,88216.457,2219,0,gap,44
13255,88228178,88228.178,2198,0,gap,44
13256,88232328,88232.328,2169,0,gap,44
13257,88236477,88236.477,2165,0,gap,44
13258,88248186,88248.186,2137,0,gap,44
13259,88252350,88252.35,2118,0,gap,44
13260,88256512,88256.512,2096,0,gap,44
13261,88268178,88268.178,2064,0,gap,44
13262,88272349,88272.349,2059,0,gap,44
13263,88276524,88276.524,2023,0,gap,44
13264,88288186,88288.186,2006,0,gap,44
13265,88292377,88292.377,2001,0,gap,44
13266,88296563,88296.563,1975,0,gap,44
13267,88308178,88308.178,1950,0,gap,44
13268,88312379,88312.379,1927,0,gap,44
13269,88316575,88316.575,1934,0,gap,44
13270,88328186,88328.186,1892,0,gap,44
13271,88332403,88332.403,1882,0,gap,44
13272,88336639,88336.639,1868,0,gap,44
13273,88348178,88348.178,1841,0,gap,44
13274,88352423,88352.423,1821,0,gap,44
13275,88356670,88356.67,1791,0,gap,44
13276,88368190,88368.19,1783,0,gap,44
13277,88372451,88372.451,1761,0,gap,44
13278,88376703,88376.703,1747,0,gap,44
13279,88388179,88388.179,1744,0,gap,44
13280,88392449,88392.449,1713,0,gap,44
13281,88396712,88396.712,1710,0,gap,44
13282,88408187,88408.187,1669,0,gap,44
13283,88412468,88412.468,1675,0,gap,44
13284,88416744,88416.744,1654,0,gap,44
13285,88428179,88428.179,1623,0,gap,44
13286,88432478,88432.478,1614,0,gap,44
13287,88436781,88436.781,1586,0,gap,44
13288,88448187,88448.187,1595,0,gap,44
13289,88452508,88452.508,1569,0,gap,44
13290,88456824,88456.824,1532,0,gap,44
13291,88468179,88468.179,1523,0,gap,44
13292,88472514,88472.514,1518,0,gap,44
13293,88478169,88478.169,1501,0,gap,44
13294,88488186,88488.186,1455,0,gap,44
13295,88492530,88492.53,1456,0,gap,44
13296,88498185,88498.185,1450,0,gap,44
13297,88508178,88508.178,1430,0,gap,44
13298,88512536,88512.536,1429,0,gap,44
13299,88518177,88518.177,1391,0,gap,44
13300,88528186,88528.186,1373,0,gap,44
13301,88532546,88532.546,1367,0,gap,44
13302,88538185,88538.185,1350,0,gap,44
13303,88548178,88548.178,1344,0,gap,44
13304,88552552,88552.552,1318,0,gap,44
13305,88558178,88558.178,1307,0,gap,44
13306,88568187,88568.187,1303,0,gap,44
13307,88572570,88572.57,1275,0,gap,44
13308,88578190,88578.19,1273,0,gap,44
13309,88588179,88588.179,1232,0,gap,44
13310,88592568,88592.568,1232,0,gap,44
13311,88598178,88598.178,1245,0,gap,44
13312,88608187,88608.187,1201,0,gap,44
13313,88612587,88612.587,1208,0,gap,44
13314,88619802,88619.802,1177,0,gap,44
13315,88628178,88628.178,1159,0,gap,44
13316,88632317,88632.317,1168,0,gap,44
13317,88648177,88648.177,1153,0,gap,44
13318,88652326,88652.326,1122,0,gap,44
13319,88656478,88656.478,1105,0,gap,44
13320,88668186,88668.186,1121,0,gap,44
13321,88672345,88672.345,1088,0,gap,44
13322,88676501,88676.501,1077,0,gap,44
13323,88688178,88688.178,1075,0,gap,44
13324,88692355,88692.355,1051,0,gap,44
13325,88696525,88696.525,1063,0,gap,44
13326,88708186,88708.186,1010,0,gap,44
13327,88712375,88712.375,1018,0,gap,44
13328,88716560,88716.56,1006,0,gap,44
13329,88728178,88728.178,1006,0,gap,44
13330,88732382,88732.382,989,0,gap,44
13331,88736576,88736.576,983,0,gap,44
13332,88748186,88748.186,973,0,gap,44
13333,88752391,88752.391,935,0,gap,44
13334,88756605,88756.605,932,0,gap,44
13335,88768178,88768.178,944,0,gap,44
13336,88772425,88772.425,899,0,gap,44
13337,88776665,88776.665,912,0,gap,44
13338,88788186,88788.186,889,0,gap,44
13339,88792440,88792.44,881,0,gap,44
13340,88796694,88796.694,889,0,gap,44
13341,88808178,88808.178,864,0,gap,44
13342,88812442,88812.442,880,0,gap,44
13343,88816708,88816.708,858,0,gap,44
13344,88828185,88828.185,851,0,gap,44
13345,88832465,88832.465,835,0,gap,44
13346,88836744,88836.744,794,0,gap,44
13347,88848177,88848.177,851,0,gap,44
13348,88852467,88852.467,807,0,gap,44
13349,88856768,88856.768,779,0,gap,44
13350,88868185,88868.185,827,0,gap,44
13351,88872513,88872.513,770,0,gap,44
13352,88876831,88876.831,780,0,gap,44
13353,88888177,88888.177,784,0,gap,44
13354,88892506,88892.506,745,0,gap,44
13355,88896830,88896.83,761,0,gap,44
13356,88908177,88908.177,724,0,gap,44
13357,88912516,88912.516,753,0,gap,44
13358,88916850,88916.85,746,0,gap,44
13359,88928165,88928.165,741,0,gap,44
13360,88932518,88932.518,720,0,gap,44
13361,88936865,88936.865,695,0,gap,44
13362,88948169,88948.169,731,0,gap,44
13363,88952527,88952.527,695,0,gap,44
13364,88956885,88956.885,656,0,gap,44
13365,88968165,88968.165,714,0,gap,44
13366,88972533,88972.533,647,0,gap,44
13367,88976904,88976.904,642,0,gap,44
13368,88981282,88981.282,682,0,gap,44
13369,88988179,88988.179,639,0,gap,44
13370,88998187,88998.187,683,0,gap,44
13371,89002571,89002.571,625,0,gap,44
13372,89008190,89008.19,624,0,gap,44
13373,89018179,89018.179,656,0,gap,44
13374,89022572,89022.572,618,0,gap,44
13375,89028178,89028.178,625,0,gap,44
13376,89035382,89035.382,632,0,gap,44
13377,89048178,89048.178,650,0,gap,44
13378,89052316,89052.316,577,0,gap,44
13379,89056446,89056.446,557,0,gap,44
13380,89068185,89068.185,620,0,gap,44
13381,89072337,89072.337,557,0,gap,44
13382,89076484,89076.484,561,0,gap,44
13383,89088177,89088.177,579,0,gap,44
13384,89092344,89092.344,544,0,gap,44
13385,89096501,89096.501,560,0,gap,44
13386,89108185,89108.185,552,0,gap,44
13387,89112361,89112.361,562,0,gap,44
13388,89116537,89116.537,533,0,gap,44
13389,89128177,89128.177,571,0,gap,44
13390,89132365,89132.365,533,0,gap,44
13391,89136551,89136.551,511,0,gap,44
13392,89148185,89148.185,572,0,gap,44
13393,89152382,89152.382,496,0,gap,44
13394,89156583,89156.583,486,0,gap,44
13395,89168177,89168.177,560,0,gap,44
13396,89172387,89172.387,451,0,gap,44
13397,89176618,89176.618,469,0,gap,44
13398,89188185,89188.185,511,0,gap,44
13399,89192444,89192.444,468,0,gap,44
13400,89196687,89196.687,491,0,gap,44
13401,89208177,89208.177,479,0,gap,44
13402,89212434,89212.434,466,0,gap,44
13403,89216690,89216.69,485,0,gap,44
13404,89228189,89228.189,473,0,gap,44
13405,89232460,89232.46,464,0,gap,44
13406,89236720,89236.72,432,0,gap,44
13407,89248177,89248.177,528,0,gap,44
13408,89252459,89252.459,430,0,gap,44
13409,89256743,89256.743,398,0,gap,44
13410,89268185,89268.185,496,0,gap,44
13411,89272489,89272.489,398,0,gap,44
13412,89276784,89276.784,406,0,gap,44
13413,89288169,89288.169,443,0,gap,44
13414,89292487,89292.487,385,0,gap,44
13415,89296816,89296.816,430,0,gap,44
13416,89308169,89308.169,417,0,gap,44
13417,89312504,89312.504,427,0,gap,44
13418,89316827,89316.827,407,0,gap,44
13419,89328165,89328.165,449,0,gap,44
13420,89332506,89332.506,399,0,gap,44
13421,89336851,89336.851,370,0,gap,44
13422,89348169,89348.169,453,0,gap,44
13423,89352528,89352.528,383,0,gap,44
13424,89356874,89356.874,332,0,gap,44
13425,89368165,89368.165,464,0,gap,44
13426,89372526,89372.526,336,0,gap,44
13427,89376890,89376.89,338,0,gap,44
13428,89388169,89388.169,406,0,gap,44
13429,89392548,89392.548,339,0,gap,44
13430,89396909,89396.909,395,0,gap,44
13431,89401298,89401.298,371,0,gap,44
13432,89408187,89408.187,343,0,gap,44
13433,89418179,89418.179,415,0,gap,44
13434,89422565,89422.565,321,0,gap,44
13435,89428178,89428.178,361,0,gap,44
13436,89438191,89438.191,386,0,gap,44
13437,89442599,89442.599,326,0,gap,44
13438,89448186,89448.186,382,0,gap,44
13439,89455365,89455.365,342,0,gap,44
13440,89468186,89468.186,423,0,gap,44
13441,89472330,89472.33,294,0,gap,44
13442,89476466,89476.466,305,0,gap,44
13443,89488177,89488.177,366,0,gap,44
13444,89492334,89492.334,274,0,gap,44
13445,89496486,89496.486,326,0,gap,44
13446,89508185,89508.185,337,0,gap,44
13447,89512357,89512.357,320,0,gap,44
13448,89516520,89516.52,310,0,gap,44
13449,89528177,89528.177,353,0,gap,44
13450,89532355,89532.355,320,0,gap,44
13451,89536529,89536.529,270,0,gap,44
13452,89548189,89548.189,392,0,gap,44
13453,89552378,89552.378,276,0,gap,44
13454,89556563,89556.563,240,0,gap,44
13455,89568177,89568.177,369,0,gap,44
13456,89572380,89572.38,262,0,gap,44
13457,89576578,89576.578,250,0,gap,44
13458,89588185,89588.185,336,0,gap,44
13459,89592410,89592.41,262,0,gap,44
13460,89596645,89596.645,298,0,gap,44
13461,89608177,89608.177,287,0,gap,44
13462,89612429,89612.429,282,0,gap,44
13463,89616682,89616.682,291,0,gap,44
13464,89628185,89628.185,314,0,gap,44
13465,89632444,89632.444,298,0,gap,44
13466,89636698,89636.698,249,0,gap,44
13467,89648177,89648.177,355,0,gap,44
13468,89652447,89652.447,256,0,gap,44
13469,89656723,89656.723,207,0,gap,44
13470,89668185,89668.185,345,0,gap,44
13471,89672476,89672.476,218,0,gap,44
13472,89676754,89676.754,237,0,gap,44
13473,89688177,89688.177,303,0,gap,44
13474,89692483,89692.483,221,0,gap,44
13475,89696783,89696.783,262,0,gap,44
13476,89708173,89708.173,272,0,gap,44
13477,89712500,89712.5,259,0,gap,44
13478,89716814,89716.814,251,0,gap,44
13479,89728165,89728.165,278,0,gap,44
13480,89732498,89732.498,257,0,gap,44
13481,89736830,89736.83,204,0,gap,44
13482,89748169,89748.169,322,0,gap,44
13483,89752516,89752.516,214,0,gap,44
13484,89756857,89756.857,178,0,gap,44
13485,89768165,89768.165,317,0,gap,44
13486,89772513,89772.513,178,0,gap,44
13487,89776869,89776.869,208,0,gap,44
13488,89788169,89788.169,282,0,gap,44
13489,89792535,89792.535,192,0,gap,44
13490,89796897,89796.897,244,0,gap,44
13491,89808165,89808.165,239,0,gap,44
13492,89812537,89812.537,219,0,gap,44
13493,89816908,89816.908,222,0,gap,44
13494,89821285,89821.285,173,0,gap,44
13495,89828179,89828.179,240,0,gap,44
13496,89838187,89838.187,247,1,pulse,45
13497,89842674,89842.674,4095,1,pulse,45
13498,89858169,89858.169,4095,1,pulse,45
13499,89862506,89862.506,4095,1,pulse,45
13500,89866833,89866.833,4095,1,pulse,45
13501,89873924,89873.924,4095,0,gap,45
13502,89888198,89888.198,2785,0,gap,45
13503,89892354,89892.354,2778,0,gap,45
13504,89896497,89896.497,2736,0,gap,45
13505,89908178,89908.178,2673,0,gap,45
13506,89912334,89912.334,2679,0,gap,45
13507,89916497,89916.497,2656,0,gap,45
13508,89928186,89928.186,2621,0,gap,45
13509,89932360,89932.36,2578,0,gap,45
13510,89936528,89936.528,2559,0,gap,45
13511,89948178,89948.178,2544,0,gap,45
13512,89952363,89952.363,2531,0,gap,45
13513,89956543,89956.543,2480,0,gap,45
13514,89968186,89968.186,2473,0,gap,45
13515,89972387,89972.387,2448,0,gap,45
13516,89976579,89976.579,2422,0,gap,45
13517,89988178,89988.178,2409,0,gap,45
13518,89992384,89992.384,2400,0,gap,45
13519,89996590,89996.59,2372,0,gap,45
13520,90008190,90008.19,2353,0,gap,45
13521,90012413,90012.413,2334,0,gap,45
13522,90016658,90016.658,2310,0,gap,45
13523,90028178,90028.178,2283,0,gap,45
13524,90032433,90032.433,2257,0,gap,45
13525,90036685,90036.685,2253,0,gap,45
13526,90048186,90048.186,2232,0,gap,45
13527,90052457,90052.457,2203,0,gap,45
13528,90056723,90056.723,2176,0,gap,45
13529,90068179,90068.179,2166,0,gap,45
13530,90072459,90072.459,2135,0,gap,45
13531,90076739,90076.739,2142,0,gap,45
13532,90088187,90088.187,2119,0,gap,45
13533,90092481,90092.481,2075,0,gap,45
13534,90096768,90096.768,2082,0,gap,45
13535,90108179,90108.179,2059,0,gap,45
13536,90112492,90112.492,2021,0,gap,45
13537,90116796,90116.796,2007,0,gap,45
13538,90128187,90128.187,1987,0,gap,45
13539,90132518,90132.518,1965,0,gap,45
13540,90136848,90136.848,1939,0,gap,45
13541,90148179,90148.179,1937,0,gap,45
13542,90152524,90152.524,1905,0,gap,45
13543,90158169,90158.169,1877,0,gap,45
13544,90168186,90168.186,1876,0,gap,45
13545,90172536,90172.536,1854,0,gap,45
13546,90178185,90178.185,1842,0,gap,45
13547,90188182,90188.182,1793,0,gap,45
13548,90192546,90192.546,1795,0,gap,45
13549,90198177,90198.177,1776,0,gap,45
13550,90208186,90208.186,1769,0,gap,45
13551,90212560,90212.56,1742,0,gap,45
13552,90218190,90218.19,1755,0,gap,45
13553,90228178,90228.178,1712,0,gap,45
13554,90232558,90232.558,1713,0,gap,45
13555,90238178,90238.178,1669,0,gap,45
13556,90248187,90248.187,1668,0,gap,45
13557,90252576,90252.576,1639,0,gap,45
13558,90258186,90258.186,1616,0,gap,45
13559,90268179,90268.179,1611,0,gap,45
13560,90272582,90272.582,1578,0,gap,45
13561,90278178,90278.178,1557,0,gap,45
13562,90288187,90288.187,1535,0,gap,45
13563,90292605,90292.605,1517,0,gap,45
13564,90299809,90299.809,1511,0,gap,45
13565,90308178,90308.178,1502,0,gap,45
13566,90312327,90312.327,1490,0,gap,45
13567,90328177,90328.177,1451,0,gap,45
13568,90332344,90332.344,1458,0,gap,45
13569,90336498,90336.498,1411,0,gap,45
13570,90348186,90348.186,1424,0,gap,45
13571,90352355,90352.355,1383,0,gap,45
13572,90356524,90356.524,1385,0,gap,45
13573,90368178,90368.178,1365,0,gap,45
13574,90372365,90372.365,1339,0,gap,45
13575,90376549,90376.549,1337,0,gap,45
13576,90388186,90388.186,1327,0,gap,45
13577,90392385,90392.385,1312,0,gap,45
13578,90396588,90396.588,1297,0,gap,45
13579,90408182,90408.182,1285,0,gap,45
13580,90412391,90412.391,1289,0,gap,45
13581,90416596,90416.596,1265,0,gap,45
13582,90428186,90428.186,1235,0,gap,45
13583,90432405,90432.405,1232,0,gap,45
13584,90436634,90436.634,1210,0,gap,45
13585,90448178,90448.178,1219,0,gap,45
13586,90452432,90452.432,1179,0,gap,45
13587,90456682,90456.682,1159,0,gap,45
13588,90468186,90468.186,1183,0,gap,45
13589,90472455,90472.455,1120,0,gap,45
13590,90476723,90476.723,1123,0,gap,45
13591,90488178,90488.178,1125,0,gap,45
13592,90492457,90492.457,1102,0,gap,45
13593,90496733,90496.733,1104,0,gap,45
13594,90508186,90508.186,1075,0,gap,45
13595,90512481,90512.481,1077,0,gap,45
13596,90516766,90516.766,1068,0,gap,45
13597,90528179,90528.179,1055,0,gap,45
13598,90532482,90532.482,1048,0,gap,45
13599,90536794,90536.794,1033,0,gap,45
13600,90548191,90548.191,1040,0,gap,45
13601,90552524,90552.524,992,0,gap,45
13602,90556849,90556.849,976,0,gap,45
13603,90568179,90568.179,997,0,gap,45
13604,90572517,90572.517,961,0,gap,45
13605,90576852,90576.852,944,0,gap,45
13606,90588187,90588.187,946,0,gap,45
13607,90592539,90592.539,940,0,gap,45
13608,90596887,90596.887,944,0,gap,45
13609,90608178,90608.178,901,0,gap,45
13610,90612537,90612.537,912,0,gap,45
13611,90616894,90616.894,899,0,gap,45
13612,90628186,90628.186,910,0,gap,45
13613,90632558,90632.558,883,0,gap,45
13614,90636926,90636.926,853,0,gap,45
13615,90648178,90648.178,896,0,gap,45
13616,90652564,90652.564,845,0,gap,45
13617,90656937,90656.937,815,0,gap,45
13618,90668186,90668.186,854,0,gap,45
13619,90672578,90672.578,815,0,gap,45
13620,90676964,90676.964,801,0,gap,45
13621,90688178,90688.178,806,0,gap,45
13622,90692583,90692.583,798,0,gap,45
13623,90696980,90696.98,814,0,gap,45
13624,90708186,90708.186,775,0,gap,45
13625,90712597,90712.597,790,0,gap,45
13626,90719771,90719.771,769,0,gap,45
13627,90723947,90723.947,741,0,gap,45
13628,90738186,90738.186,749,0,gap,45
13629,90742333,90742.333,726,0,gap,45
13630,90746483,90746.483,730,0,gap,45
13631,90758177,90758.177,720,0,gap,45
13632,90762349,90762.349,742,0,gap,45
13633,90766512,90766.512,722,0,gap,45
13634,90778185,90778.185,717,0,gap,45
13635,90782360,90782.36,715,0,gap,45
13636,90786532,90786.532,677,0,gap,45
13637,90798177,90798.177,719,0,gap,45
13638,90802370,90802.37,658,0,gap,45
13639,90806563,90806.563,633,0,gap,45
13640,90818185,90818.185,693,0,gap,45
13641,90822389,90822.389,631,0,gap,45
13642,90826584,90826.584,631,0,gap,45
13643,90838181,90838.181,645,0,gap,45
13644,90842387,90842.387,621,0,gap,45
13645,90846596,90846.596,643,0,gap,45
13646,90858185,90858.185,640,0,gap,45
13647,90862442,90862.442,624,0,gap,45
13648,90866689,90866.689,619,0,gap,45
13649,90878177,90878.177,624,0,gap,45
13650,90882433,90882.433,603,0,gap,45
13651,90886692,90886.692,577,0,gap,45
13652,90898185,90898.185,635,0,gap,45
13653,90902459,90902.459,565,0,gap,45
13654,90906724,90906.724,538,0,gap,45
13655,90918177,90918.177,602,0,gap,45
13656,90922458,90922.458,531,0,gap,45
13657,90926742,90926.742,545,0,gap,45
13658,90938185,90938.185,561,0,gap,45
13659,90942487,90942.487,535,0,gap,45
13660,90946776,90946.776,558,0,gap,45
13661,90958169,90958.169,563,0,gap,45
13662,90962477,90962.477,538,0,gap,45
13663,90966799,90966.799,535,0,gap,45
13664,90978177,90978.177,567,0,gap,45
13665,90982519,90982.519,535,0,gap,45
13666,90986848,90986.848,493,0,gap,45
13667,90998165,90998.165,571,0,gap,45
13668,91002505,91002.505,486,0,gap,45
13669,91006851,91006.851,477,0,gap,45
13670,91018169,91018.169,528,0,gap,45
13671,91022530,91022.53,464,0,gap,45
13672,91026879,91026.879,467,0,gap,45
13673,91038165,91038.165,492,0,gap,45
13674,91042524,91042.524,453,0,gap,45
13675,91046890,91046.89,475,0,gap,45
13676,91058169,91058.169,467,0,gap,45
13677,91062546,91062.546,474,0,gap,45
13678,91066910,91066.91,470,0,gap,45
13679,91071297,91071.297,422,0,gap,45
13680,91078191,91078.191,480,0,gap,45
13681,91088179,91088.179,469,0,gap,45
13682,91092564,91092.564,437,0,gap,45
13683,91098178,91098.178,476,0,gap,45
13684,91108187,91108.187,448,0,gap,45
13685,91112589,91112.589,443,0,gap,45
13686,91118186,91118.186,446,0,gap,45
13687,91128179,91128.179,457,0,gap,45
13688,91132588,91132.588,429,0,gap,45
13689,91139793,91139.793,399,0,gap,45
13690,91148185,91148.185,479,0,gap,45
13691,91152342,91152.342,375,0,gap,45
13692,91158186,91158.186,390,0,gap,45
13693,91168179,91168.179,458,0,gap,45
13694,91172337,91172.337,367,0,gap,45
13695,91178178,91178.178,402,0,gap,45
13696,91188191,91188.191,413,0,gap,45
13697,91192372,91192.372,362,0,gap,45
13698,91198186,91198.186,431,0,gap,45
13699,91208178,91208.178,384,0,gap,45
13700,91212362,91212.362,378,0,gap,45
13701,91218178,91218.178,373,0,gap,45
13702,91228186,91228.186,406,0,gap,45
13703,91232393,91232.393,368,0,gap,45
13704,91238186,91238.186,345,0,gap,45
13705,91248178,91248.178,415,0,gap,45
13706,91252387,91252.387,319,0,gap,45
13707,91258182,91258.182,332,0,gap,45
13708,91268186,91268.186,412,0,gap,45
13709,91272418,91272.418,301,0,gap,45
13710,91278185,91278.185,371,0,gap,45
13711,91288178,91288.178,354,0,gap,45
13712,91292439,91292.439,315,0,gap,45
13713,91298177,91298.177,380,0,gap,45
13714,91308186,91308.186,320,0,gap,45
13715,91312458,91312.458,338,0,gap,45
13716,91318185,91318.185,348,0,gap,45
13717,91328178,91328.178,352,0,gap,45
13718,91332461,91332.461,336,0,gap,45
13719,91338177,91338.177,297,0,gap,45
13720,91348186,91348.186,382,0,gap,45
13721,91352487,91352.487,293,0,gap,45
13722,91358173,91358.173,290,0,gap,45
13723,91368182,91368.182,374,0,gap,45
13724,91372497,91372.497,273,0,gap,45
13725,91376808,91376.808,291,0,gap,45
13726,91388187,91388.187,347,0,gap,45
13727,91392527,91392.527,289,0,gap,45
13728,91396859,91396.859,310,0,gap,45
13729,91408179,91408.179,311,0,gap,45
13730,91412521,91412.521,304,0,gap,45
13731,91416862,91416.862,304,0,gap,45
13732,91428187,91428.187,331,0,gap,45
13733,91432542,91432.542,304,0,gap,45
13734,91436893,91436.893,265,0,gap,45
13735,91448179,91448.179,365,0,gap,45
13736,91452540,91452.54,254,0,gap,45
13737,91456905,91456.905,234,0,gap,45
13738,91468186,91468.186,336,0,gap,45
13739,91472566,91472.566,230,0,gap,45
13740,91476932,91476.932,242,0,gap,45
13741,91488178,91488.178,310,0,gap,45
13742,91492559,91492.559,234,0,gap,45
13743,91496944,91496.944,272,0,gap,45
13744,91508190,91508.19,288,0,gap,45
13745,91512589,91512.589,268,0,gap,45
13746,91516971,91516.971,240,0,gap,45
13747,91528178,91528.178,285,0,gap,45
13748,91532575,91532.575,271,0,gap,45
13749,91536978,91536.978,223,0,gap,45
13750,91548186,91548.186,336,0,gap,45
13751,91555366,91555.366,241,0,gap,45
13752,91559543,91559.543,231,0,gap,45
13753,91568177,91568.177,292,0,gap,45
13754,91572321,91572.321,187,0,gap,45
13755,91578182,91578.182,256,0,gap,45
13756,91588186,91588.186,269,0,gap,45
13757,91592354,91592.354,209,0,gap,45
13758,91598186,91598.186,256,0,gap,45
13759,91608178,91608.178,230,0,gap,45
13760,91612357,91612.357,237,0,gap,45
13761,91618178,91618.178,233,0,gap,45
13762,91628186,91628.186,268,0,gap,45
13763,91632374,91632.374,240,0,gap,45
13764,91638185,91638.185,195,0,gap,45
13765,91648178,91648.178,320,0,gap,45
13766,91652382,91652.382,187,0,gap,45
13767,91658177,91658.177,189,0,gap,45
13768,91668186,91668.186,294,0,gap,45
13769,91672399,91672.399,172,0,gap,45
13770,91678185,91678.185,218,0,gap,45
13771,91688182,91688.182,231,0,gap,45
13772,91692435,91692.435,179,0,gap,45
13773,91698177,91698.177,240,0,gap,45
13774,91708186,91708.186,202,0,gap,45
13775,91712450,91712.45,205,0,gap,45
13776,91718177,91718.177,201,0,gap,45
13777,91728178,91728.178,257,0,gap,45
13778,91732447,91732.447,208,0,gap,45
13779,91738165,91738.165,167,0,gap,45
13780,91748186,91748.186,261,0,gap,45
13781,91752466,91752.466,173,0,gap,45
13782,91756750,91756.75,151,0,gap,45
13783,91768179,91768.179,273,0,gap,45
13784,91772477,91772.477,144,0,gap,45
13785,91776766,91776.766,151,0,gap,45
13786,91788187,91788.187,211,0,gap,45
13787,91792503,91792.503,144,0,gap,45
13788,91796820,91796.82,191,0,gap,45
13789,91808179,91808.179,189,0,gap,45
13790,91812513,91812.513,180,0,gap,45
13791,91816846,91816.846,163,0,gap,45
13792,91828191,91828.191,239,0,gap,45
13793,91832538,91832.538,174,0,gap,45
13794,91836881,91836.881,144,0,gap,45
13795,91848179,91848.179,254,0,gap,45
13796,91852536,91852.536,142,0,gap,45
13797,91856888,91856.888,113,0,gap,45
13798,91868186,91868.186,256,0,gap,45
13799,91872553,91872.553,113,0,gap,45
13800,91876916,91876.916,147,0,gap,45
13801,91888178,91888.178,193,0,gap,45
13802,91892551,91892.551,134,0,gap,45
13803,91896927,91896.927,182,0,gap,45
13804,91908186,91908.186,176,0,gap,45
13805,91912569,91912.569,182,1,pulse,46
13806,91917042,91917.042,4095,1,pulse,46
13807,91928174,91928.174,4095,1,pulse,46
13808,91932509,91932.509,4095,1,pulse,46
13809,91938165,91938.165,4095,1,pulse,46
13810,91948182,91948.182,4095,1,pulse,46
13811,91952522,91952.522,4095,0,gap,46
13812,91958198,91958.198,2992,0,gap,46
13813,91968178,91968.178,2754,0,gap,46
13814,91975381,91975.381,2722,0,gap,46
13815,91979551,91979.551,2705,0,gap,46
13816,91988186,91988.186,2654,0,gap,46
13817,91992349,91992.349,2629,0,gap,46
13818,91998186,91998.186,2618,0,gap,46
13819,92008179,92008.179,2581,0,gap,46
13820,92012358,92012.358,2559,0,gap,46
13821,92018178,92018.178,2557,0,gap,46
13822,92028187,92028.187,2493,0,gap,46
13823,92032383,92032.383,2506,0,gap,46
13824,92048169,92048.169,2455,0,gap,46
13825,92052370,92052.37,2448,0,gap,46
13826,92056563,92056.563,2416,0,gap,46
13827,92068177,92068.177,2406,0,gap,46
13828,92072386,92072.386,2375,0,gap,46
13829,92076601,92076.601,2363,0,gap,46
13830,92088186,92088.186,2333,0,gap,46
13831,92092412,92092.412,2325,0,gap,46
13832,92096625,92096.625,2288,0,gap,46
13833,92108178,92108.178,2261,0,gap,46
13834,92112420,92112.42,2277,0,gap,46
13835,92116674,92116.674,2235,0,gap,46
13836,92128186,92128.186,2210,0,gap,46
13837,92132458,92132.458,2196,0,gap,46
13838,92136725,92136.725,2177,0,gap,46
13839,92148182,92148.182,2157,0,gap,46
13840,92152464,92152.464,2129,0,gap,46
13841,92156741,92156.741,2102,0,gap,46
13842,92168186,92168.186,2085,0,gap,46
13843,92172478,92172.478,2071,0,gap,46
13844,92176768,92176.768,2057,0,gap,46
13845,92188178,92188.178,2020,0,gap,46
13846,92192485,92192.485,2028,0,gap,46
13847,92196787,92196.787,2014,0,gap,46
13848,92208186,92208.186,1960,0,gap,46
13849,92212507,92212.507,1964,0,gap,46
13850,92216832,92216.832,1932,0,gap,46
13851,92228178,92228.178,1926,0,gap,46
13852,92232525,92232.525,1900,0,gap,46
13853,92236866,92236.866,1890,0,gap,46
13854,92248186,92248.186,1862,0,gap,46
13855,92252547,92252.547,1856,0,gap,46
13856,92256898,92256.898,1809,0,gap,46
13857,92268179,92268.179,1819,0,gap,46
13858,92272544,92272.544,1786,0,gap,46
13859,92276906,92276.906,1764,0,gap,46
13860,92288187,92288.187,1734,0,gap,46
13861,92292566,92292.566,1744,0,gap,46
13862,92296937,92296.937,1722,0,gap,46
13863,92308179,92308.179,1678,0,gap,46
13864,92312564,92312.564,1675,0,gap,46
13865,92318165,92318.165,1653,0,gap,46
13866,92328186,92328.186,1642,0,gap,46
13867,92332581,92332.581,1632,0,gap,46
13868,92338185,92338.185,1604,0,gap,46
13869,92348178,92348.178,1595,0,gap,46
13870,92352583,92352.583,1581,0,gap,46
13871,92358181,92358.181,1562,0,gap,46
13872,92368186,92368.186,1534,0,gap,46
13873,92372601,92372.601,1535,0,gap,46
13874,92378185,92378.185,1520,0,gap,46
13875,92388178,92388.178,1489,0,gap,46
13876,92392603,92392.603,1485,0,gap,46
13877,92399653,92399.653,1475,0,gap,46
13878,92408185,92408.185,1443,0,gap,46
13879,92412346,92412.346,1430,0,gap,46
13880,92418186,92418.186,1405,0,gap,46
13881,92428179,92428.179,1411,0,gap,46
13882,92432357,92432.357,1397,0,gap,46
13883,92438178,92438.178,1378,0,gap,46
13884,92448187,92448.187,1377,0,gap,46
13885,92452379,92452.379,1330,0,gap,46
13886,92468173,92468.173,1332,0,gap,46
13887,92472378,92472.378,1287,0,gap,46
13888,92476569,92476.569,1307,0,gap,46
13889,92488177,92488.177,1279,0,gap,46
13890,92492384,92492.384,1280,0,gap,46
13891,92496594,92496.594,1267,0,gap,46
13892,92508186,92508.186,1245,0,gap,46
13893,92512413,92512.413,1240,0,gap,46
13894,92516624,92516.624,1209,0,gap,46
13895,92528178,92528.178,1199,0,gap,46
13896,92532404,92532.404,1189,0,gap,46
13897,92536646,92536.646,1163,0,gap,46
13898,92548186,92548.186,1168,0,gap,46
13899,92552455,92552.455,1148,0,gap,46
13900,92556720,92556.72,1132,0,gap,46
13901,92568178,92568.178,1111,0,gap,46
13902,92572458,92572.458,1097,0,gap,46
13903,92576737,92576.737,1117,0,gap,46
13904,92588186,92588.186,1088,0,gap,46
13905,92592475,92592.475,1072,0,gap,46
13906,92596761,92596.761,1072,0,gap,46
13907,92608178,92608.178,1043,0,gap,46
13908,92612482,92612.482,1048,0,gap,46
13909,92616786,92616.786,1038,0,gap,46
13910,92628186,92628.186,1047,0,gap,46
13911,92632504,92632.504,1009,0,gap,46
13912,92636822,92636.822,961,0,gap,46
13913,92648178,92648.178,1008,0,gap,46
13914,92652526,92652.526,944,0,gap,46
13915,92656865,92656.865,927,0,gap,46
13916,92668186,92668.186,939,0,gap,46
13917,92672540,92672.54,917,0,gap,46
13918,92676888,92676.888,937,0,gap,46
13919,92688182,92688.182,901,0,gap,46
13920,92692545,92692.545,897,0,gap,46
13921,92696904,92696.904,909,0,gap,46
13922,92708186,92708.186,879,0,gap,46
13923,92712559,92712.559,907,0,gap,46
13924,92716927,92716.927,877,0,gap,46
13925,92728178,92728.178,884,0,gap,46
13926,92732561,92732.561,836,0,gap,46
13927,92736939,92736.939,831,0,gap,46
13928,92748186,92748.186,859,0,gap,46
13929,92752578,92752.578,813,0,gap,46
13930,92756970,92756.97,784,0,gap,46
13931,92768178,92768.178,812,0,gap,46
13932,92772580,92772.58,778,0,gap,46
13933,92776978,92776.978,782,0,gap,46
13934,92788186,92788.186,783,0,gap,46
13935,92792602,92792.602,770,0,gap,46
13936,92797009,92797.009,787,0,gap,46
13937,92808178,92808.178,751,0,gap,46
13938,92812600,92812.6,759,0,gap,46
13939,92819783,92819.783,739,0,gap,46
13940,92823968,92823.968,721,0,gap,46
13941,92838177,92838.177,736,0,gap,46
13942,92842338,92842.338,697,0,gap,46
13943,92846498,92846.498,731,0,gap,46
13944,92858185,92858.185,700,0,gap,46
13945,92862366,92862.366,701,0,gap,46
13946,92866540,92866.54,687,0,gap,46
13947,92878177,92878.177,720,0,gap,46
13948,92882362,92882.362,678,0,gap,46
13949,92886552,92886.552,656,0,gap,46
13950,92898185,92898.185,694,0,gap,46
13951,92902392,92902.392,644,0,gap,46
13952,92906591,92906.591,629,0,gap,46
13953,92918177,92918.177,672,0,gap,46
13954,92922391,92922.391,592,0,gap,46
13955,92926599,92926.599,649,0,gap,46
13956,92938185,92938.185,629,0,gap,46
13957,92942413,92942.413,603,0,gap,46
13958,92946632,92946.632,626,0,gap,46
13959,92958177,92958.177,614,0,gap,46
13960,92962440,92962.44,617,0,gap,46
13961,92966697,92966.697,591,0,gap,46
13962,92978185,92978.185,613,0,gap,46
13963,92982459,92982.459,594,0,gap,46
13964,92986728,92986.728,557,0,gap,46
13965,92998177,92998.177,623,0,gap,46
13966,93002460,93002.46,555,0,gap,46
13967,93006743,93006.743,528,0,gap,46
13968,93018185,93018.185,595,0,gap,46
13969,93022479,93022.479,511,0,gap,46
13970,93026773,93026.773,551,0,gap,46
13971,93038169,93038.169,543,0,gap,46
13972,93042477,93042.477,529,0,gap,46
13973,93046784,93046.784,528,0,gap,46
13974,93058173,93058.173,528,0,gap,46
13975,93062499,93062.499,546,0,gap,46
13976,93066826,93066.826,511,0,gap,46
13977,93078165,93078.165,559,0,gap,46
13978,93082517,93082.517,503,0,gap,46
13979,93086860,93086.86,475,0,gap,46
13980,93098169,93098.169,560,0,gap,46
13981,93102527,93102.527,459,0,gap,46
13982,93106879,93106.879,441,0,gap,46
13983,93118169,93118.169,528,0,gap,46
13984,93122536,93122.536,432,0,gap,46
13985,93126899,93126.899,479,0,gap,46
13986,93138169,93138.169,469,0,gap,46
13987,93142546,93142.546,462,0,gap,46
13988,93146918,93146.918,455,0,gap,46
13989,93151305,93151.305,448,0,gap,46
13990,93158187,93158.187,434,0,gap,46
13991,93168179,93168.179,495,0,gap,46
13992,93172572,93172.572,405,0,gap,46
13993,93178178,93178.178,455,0,gap,46
13994,93188187,93188.187,450,0,gap,46
13995,93192590,93192.59,443,0,gap,46
13996,93198186,93198.186,448,0,gap,46
13997,93208179,93208.179,418,0,gap,46
13998,93212591,93212.591,425,0,gap,46
13999,93218182,93218.182,399,0,gap,46
14000,93228186,93228.186,463,0,gap,46
14001,93232609,93232.609,415,0,gap,46
14002,93239821,93239.821,369,0,gap,46
14003,93248177,93248.177,465,0,gap,46
14004,93252336,93252.336,367,0,gap,46
14005,93258178,93258.178,370,0,gap,46
14006,93268186,93268.186,434,0,gap,46
14007,93272362,93272.362,358,0,gap,46
14008,93278186,93278.186,410,0,gap,46
14009,93288178,93288.178,389,0,gap,46
14010,93292369,93292.369,358,0,gap,46
14011,93298178,93298.178,416,0,gap,46
14012,93308186,93308.186,384,0,gap,46
14013,93312387,93312.387,368,0,gap,46
14014,93318186,93318.186,368,0,gap,46
14015,93328182,93328.182,412,0,gap,46
14016,93332395,93332.395,355,0,gap,46
14017,93338177,93338.177,334,0,gap,46
14018,93348186,93348.186,435,0,gap,46
14019,93352408,93352.408,320,0,gap,46
14020,93358185,93358.185,333,0,gap,46
14021,93368178,93368.178,397,0,gap,46
14022,93372420,93372.42,302,0,gap,46
14023,93378177,93378.177,368,0,gap,46
14024,93388186,93388.186,335,0,gap,46
14025,93392457,93392.457,305,0,gap,46
14026,93398185,93398.185,363,0,gap,46
14027,93408178,93408.178,331,0,gap,46
14028,93412459,93412.459,326,0,gap,46
14029,93418177,93418.177,318,0,gap,46
14030,93428186,93428.186,379,0,gap,46
14031,93432483,93432.483,320,0,gap,46
14032,93438173,93438.173,282,0,gap,46
14033,93448178,93448.178,400,0,gap,46
14034,93452485,93452.485,273,0,gap,46
14035,93456786,93456.786,263,0,gap,46
14036,93468187,93468.187,369,0,gap,46
14037,93472520,93472.52,268,0,gap,46
14038,93476840,93476.84,298,0,gap,46
14039,93488179,93488.179,325,0,gap,46
14040,93492525,93492.525,277,0,gap,46
14041,93496866,93496.866,304,0,gap,46
14042,93508187,93508.187,301,0,gap,46
14043,93512543,93512.543,305,0,gap,46
14044,93516894,93516.894,283,0,gap,46
14045,93528179,93528.179,343,0,gap,46
14046,93532544,93532.544,272,0,gap,46
14047,93536909,93536.909,243,0,gap,46
14048,93548186,93548.186,357,0,gap,46
14049,93552562,93552.562,234,0,gap,46
14050,93556933,93556.933,218,0,gap,46
14051,93568178,93568.178,327,0,gap,46
14052,93572564,93572.564,222,0,gap,46
14053,93576948,93576.948,254,0,gap,46
14054,93588186,93588.186,257,0,gap,46
14055,93592581,93592.581,240,0,gap,46
14056,93596971,93596.971,260,0,gap,46
14057,93608178,93608.178,256,0,gap,46
14058,93612587,93612.587,273,0,gap,46
14059,93616987,93616.987,234,0,gap,46
14060,93628186,93628.186,327,0,gap,46
14061,93632600,93632.6,247,0,gap,46
14062,93637010,93637.01,212,0,gap,46
14063,93648182,93648.182,325,0,gap,46
14064,93655366,93655.366,215,0,gap,46
14065,93659558,93659.558,231,0,gap,46
14066,93668185,93668.185,285,0,gap,46
14067,93672346,93672.346,184,0,gap,46
14068,93678186,93678.186,269,0,gap,46
14069,93688178,93688.178,231,0,gap,46
14070,93692356,93692.356,212,0,gap,46
14071,93698178,93698.178,249,0,gap,46
14072,93708186,93708.186,224,0,gap,46
14073,93712375,93712.375,234,0,gap,46
14074,93718185,93718.185,240,0,gap,46
14075,93728178,93728.178,283,0,gap,46
14076,93732376,93732.376,229,0,gap,46
14077,93738177,93738.177,182,0,gap,46
14078,93748186,93748.186,310,0,gap,46
14079,93752407,93752.407,189,0,gap,46
14080,93758185,93758.185,189,0,gap,46
14081,93768178,93768.178,259,0,gap,46
14082,93772397,93772.397,154,0,gap,46
14083,93778177,93778.177,240,0,gap,46
14084,93788186,93788.186,208,0,gap,46
14085,93792457,93792.457,203,0,gap,46
14086,93798185,93798.185,227,0,gap,46
14087,93808178,93808.178,198,0,gap,46
14088,93812448,93812.448,198,0,gap,46
14089,93818169,93818.169,190,0,gap,46
14090,93828186,93828.186,262,0,gap,46
14091,93832473,93832.473,193,0,gap,46
14092,93838169,93838.169,163,0,gap,46
14093,93848178,93848.178,2345,1,pulse,47
14094,93852560,93852.56,4095,1,pulse,47
14095,93858173,93858.173,4095,1,pulse,47
14096,93868182,93868.182,4095,1,pulse,47
14097,93872428,93872.428,4095,1,pulse,47
14098,93878182,93878.182,4095,1,pulse,47
14099,93888175,93888.175,4095,0,gap,47
14100,93892657,93892.657,2987,0,gap,47
14101,93908169,93908.169,2762,0,gap,47
14102,93912520,93912.52,2741,0,gap,47
14103,93916874,93916.874,2720,0,gap,47
14104,93928185,93928.185,2693,0,gap,47
14105,93932558,93932.558,2668,0,gap,47
14106,93936913,93936.913,2624,0,gap,47
14107,93948177,93948.177,2600,0,gap,47
14108,93952547,93952.547,2559,0,gap,47
14109,93956921,93956.921,2559,0,gap,47
14110,93968189,93968.189,2512,0,gap,47
14111,93972577,93972.577,2501,0,gap,47
14112,93976952,93976.952,2466,0,gap,47
14113,93988178,93988.178,2435,0,gap,47
14114,93992567,93992.567,2447,0,gap,47
14115,93996964,93996.964,2438,0,gap,47
14116,94008186,94008.186,2395,0,gap,47
14117,94012593,94012.593,2382,0,gap,47
14118,94016987,94016.987,2339,0,gap,47
14119,94028178,94028.178,2334,0,gap,47
14120,94032587,94032.587,2314,0,gap,47
14121,94037003,94037.003,2300,0,gap,47
14122,94048186,94048.186,2261,0,gap,47
14123,94052613,94052.613,2256,0,gap,47
14124,94057027,94057.027,2243,0,gap,47
14125,94068178,94068.178,2213,0,gap,47
14126,94072612,94072.612,2203,0,gap,47
14127,94079823,94079.823,2182,0,gap,47
14128,94083993,94083.993,2160,0,gap,47
14129,94098178,94098.178,2127,0,gap,47
14130,94102348,94102.348,2100,0,gap,47
14131,94106529,94106.529,2096,0,gap,47
14132,94118185,94118.185,2082,0,gap,47
14133,94122379,94122.379,2055,0,gap,47
14134,94126560,94126.56,2039,0,gap,47
14135,94138178,94138.178,2014,0,gap,47
14136,94142375,94142.375,1990,0,gap,47
14137,94146583,94146.583,1981,0,gap,47
14138,94158186,94158.186,1938,0,gap,47
14139,94162401,94162.401,1937,0,gap,47
14140,94166612,94166.612,1934,0,gap,47
14141,94178178,94178.178,1901,0,gap,47
14142,94182408,94182.408,1873,0,gap,47
14143,94186628,94186.628,1840,0,gap,47
14144,94198186,94198.186,1851,0,gap,47
14145,94202422,94202.422,1821,0,gap,47
14146,94206652,94206.652,1813,0,gap,47
14147,94218182,94218.182,1779,0,gap,47
14148,94222449,94222.449,1746,0,gap,47
14149,94226724,94226.724,1748,0,gap,47
14150,94238186,94238.186,1733,0,gap,47
14151,94242475,94242.475,1738,0,gap,47
14152,94246752,94246.752,1715,0,gap,47
14153,94258178,94258.178,1685,0,gap,47
14154,94262470,94262.47,1666,0,gap,47
14155,94266764,94266.764,1637,0,gap,47
14156,94278186,94278.186,1636,0,gap,47
14157,94282498,94282.498,1616,0,gap,47
14158,94286802,94286.802,1585,0,gap,47
14159,94298179,94298.179,1579,0,gap,47
14160,94302494,94302.494,1567,0,gap,47
14161,94306813,94306.813,1535,0,gap,47
14162,94318187,94318.187,1520,0,gap,47
14163,94322533,94322.533,1486,0,gap,47
14164,94326880,94326.88,1486,0,gap,47
14165,94338179,94338.179,1464,0,gap,47
14166,94342534,94342.534,1478,0,gap,47
14167,94346893,94346.893,1451,0,gap,47
14168,94358187,94358.187,1407,0,gap,47
14169,94362564,94362.564,1417,0,gap,47
14170,94368169,94368.169,1392,0,gap,47
14171,94378178,94378.178,1401,0,gap,47
14172,94382553,94382.553,1362,0,gap,47
14173,94388177,94388.177,1328,0,gap,47
14174,94398190,94398.19,1359,0,gap,47
14175,94402583,94402.583,1322,0,gap,47
14176,94408185,94408.185,1296,0,gap,47
14177,94418178,94418.178,1294,0,gap,47
14178,94422573,94422.573,1264,0,gap,47
14179,94428181,94428.181,1270,0,gap,47
14180,94438186,94438.186,1234,0,gap,47
14181,94442599,94442.599,1230,0,gap,47
14182,94448186,94448.186,1250,0,gap,47
14183,94458179,94458.179,1212,0,gap,47
14184,94462593,94462.593,1221,0,gap,47
14185,94468178,94468.178,1184,0,gap,47
14186,94478187,94478.187,1185,0,gap,47
14187,94482618,94482.618,1158,0,gap,47
14188,94488186,94488.186,1149,0,gap,47
14189,94495384,94495.384,1151,0,gap,47
14190,94508191,94508.191,1113,0,gap,47
14191,94512362,94512.362,1116,0,gap,47
14192,94516521,94516.521,1094,0,gap,47
14193,94528178,94528.178,1088,0,gap,47
14194,94532358,94532.358,1068,0,gap,47
14195,94536545,94536.545,1042,0,gap,47
14196,94548186,94548.186,1070,0,gap,47
14197,94552384,94552.384,1021,0,gap,47
14198,94556572,94556.572,1011,0,gap,47
14199,94568178,94568.178,1003,0,gap,47
14200,94572383,94572.383,998,0,gap,47
14201,94576591,94576.591,993,0,gap,47
14202,94588186,94588.186,967,0,gap,47
14203,94592406,94592.406,948,0,gap,47
14204,94596622,94596.622,958,0,gap,47
14205,94608178,94608.178,951,0,gap,47
14206,94612412,94612.412,941,0,gap,47
14207,94616637,94616.637,925,0,gap,47
14208,94628186,94628.186,944,0,gap,47
14209,94632428,94632.428,909,0,gap,47
14210,94636693,94636.693,882,0,gap,47
14211,94648182,94648.182,899,0,gap,47
14212,94652460,94652.46,865,0,gap,47
14213,94656736,94656.736,855,0,gap,47
14214,94668186,94668.186,858,0,gap,47
14215,94672476,94672.476,819,0,gap,47
14216,94676761,94676.761,848,0,gap,47
14217,94688177,94688.177,816,0,gap,47
14218,94692477,94692.477,831,0,gap,47
14219,94696773,94696.773,826,0,gap,47
14220,94708185,94708.185,784,0,gap,47
14221,94712500,94712.5,823,0,gap,47
14222,94716814,94716.814,778,0,gap,47
14223,94728177,94728.177,806,0,gap,47
14224,94732506,94732.506,757,0,gap,47
14225,94736834,94736.834,745,0,gap,47
14226,94748185,94748.185,791,0,gap,47
14227,94752544,94752.544,722,0,gap,47
14228,94756893,94756.893,716,0,gap,47
14229,94768169,94768.169,729,0,gap,47
14230,94772533,94772.533,697,0,gap,47
14231,94776892,94776.892,731,0,gap,47
14232,94788169,94788.169,720,0,gap,47
14233,94792547,94792.547,705,0,gap,47
14234,94796916,94796.916,710,0,gap,47
14235,94801296,94801.296,677,0,gap,47
14236,94808187,94808.187,673,0,gap,47
14237,94818179,94818.179,695,0,gap,47
14238,94822573,94822.573,655,0,gap,47
14239,94828178,94828.178,674,0,gap,47
14240,94838187,94838.187,642,0,gap,47
14241,94842586,94842.586,645,0,gap,47
14242,94848186,94848.186,656,0,gap,47
14243,94858183,94858.183,646,0,gap,47
14244,94862592,94862.592,644,0,gap,47
14245,94868178,94868.178,629,0,gap,47
14246,94878186,94878.186,656,0,gap,47
14247,94882606,94882.606,618,0,gap,47
14248,94888185,94888.185,588,0,gap,47
14249,94898178,94898.178,631,0,gap,47
14250,94902607,94902.607,573,0,gap,47
14251,94908177,94908.177,589,0,gap,47
14252,94915401,94915.401,614,0,gap,47
14253,94928178,94928.178,624,0,gap,47
14254,94932351,94932.351,570,0,gap,47
14255,94936516,94936.516,526,0,gap,47
14256,94948185,94948.185,612,0,gap,47
14257,94952371,94952.371,526,0,gap,47
14258,94956552,94956.552,497,0,gap,47
14259,94968181,94968.181,557,0,gap,47
14260,94972378,94972.378,496,0,gap,47
14261,94976571,94976.571,542,0,gap,47
14262,94988185,94988.185,534,0,gap,47
14263,94992396,94992.396,534,0,gap,47
14264,94996603,94996.603,522,0,gap,47
14265,95008177,95008.177,528,0,gap,47
14266,95012399,95012.399,502,0,gap,47
14267,95016617,95016.617,495,0,gap,47
14268,95028185,95028.185,559,0,gap,47
14269,95032417,95032.417,489,0,gap,47
14270,95036649,95036.649,450,0,gap,47
14271,95048177,95048.177,550,0,gap,47
14272,95052429,95052.429,445,0,gap,47
14273,95056693,95056.693,462,0,gap,47
14274,95068185,95068.185,496,0,gap,47
14275,95072470,95072.47,421,0,gap,47
14276,95076747,95076.747,466,0,gap,47
14277,95088177,95088.177,458,0,gap,47
14278,95092469,95092.469,462,0,gap,47
14279,95096756,95096.756,454,0,gap,47
14280,95108173,95108.173,463,0,gap,47
14281,95112480,95112.48,455,0,gap,47
14282,95116783,95116.783,430,0,gap,47
14283,95128169,95128.169,499,0,gap,47
14284,95132486,95132.486,425,0,gap,47
14285,95136798,95136.798,378,0,gap,47
14286,95148177,95148.177,484,0,gap,47
14287,95152517,95152.517,402,0,gap,47
14288,95156846,95156.846,389,0,gap,47
14289,95168165,95168.165,446,0,gap,47
14290,95172521,95172.521,368,0,gap,47
14291,95176876,95176.876,419,0,gap,47
14292,95188169,95188.169,394,0,gap,47
14293,95192535,95192.535,400,0,gap,47
14294,95196896,95196.896,393,0,gap,47
14295,95208165,95208.165,415,0,gap,47
14296,95212541,95212.541,396,0,gap,47
14297,95216915,95216.915,368,0,gap,47
14298,95221297,95221.297,337,0,gap,47
14299,95228179,95228.179,415,0,gap,47
14300,95238187,95238.187,382,0,gap,47
14301,95242578,95242.578,357,0,gap,47
14302,95248190,95248.19,375,0,gap,47
14303,95258179,95258.179,375,0,gap,47
14304,95262580,95262.58,378,0,gap,47
14305,95268178,95268.178,349,0,gap,47
14306,95278186,95278.186,412,0,gap,47
14307,95282602,95282.602,340,0,gap,47
14308,95288186,95288.186,307,0,gap,47
14309,95298178,95298.178,400,0,gap,47
14310,95302599,95302.599,326,0,gap,47
14311,95308177,95308.177,326,0,gap,47
14312,95318186,95318.186,368,0,gap,47
14313,95322621,95322.621,289,0,gap,47
14314,95329813,95329.813,372,0,gap,47
14315,95338177,95338.177,311,0,gap,47
14316,95342344,95342.344,316,0,gap,47
14317,95348178,95348.178,346,0,gap,47
14318,95358190,95358.19,339,0,gap,47
14319,95362374,95362.374,321,0,gap,47
14320,95368186,95368.186,315,0,gap,47
14321,95378178,95378.178,369,0,gap,47
14322,95382372,95382.372,304,0,gap,47
14323,95388182,95388.182,272,0,gap,47
14324,95398186,95398.186,381,0,gap,47
14325,95402395,95402.395,267,0,gap,47
14326,95408185,95408.185,305,0,gap,47
14327,95418178,95418.178,329,0,gap,47
14328,95422395,95422.395,253,0,gap,47
14329,95428177,95428.177,313,0,gap,47
14330,95438186,95438.186,282,0,gap,47
14331,95442420,95442.42,271,0,gap,47
14332,95448185,95448.185,304,0,gap,47
14333,95458178,95458.178,294,0,gap,47
14334,95462420,95462.42,294,0,gap,47
14335,95468177,95468.177,268,0,gap,47
14336,95478186,95478.186,338,0,gap,47
14337,95482468,95482.468,266,0,gap,47
14338,95488185,95488.185,243,0,gap,47
14339,95498182,95498.182,341,0,gap,47
14340,95502468,95502.468,235,0,gap,47
14341,95508169,95508.169,247,0,gap,47
14342,95518186,95518.186,300,0,gap,47
14343,95522489,95522.489,206,0,gap,47
14344,95526782,95526.782,266,0,gap,47
14345,95538179,95538.179,256,0,gap,47
14346,95542489,95542.489,242,0,gap,47
14347,95546803,95546.803,257,0,gap,47
14348,95558187,95558.187,283,0,gap,47
14349,95562519,95562.519,270,0,gap,47
14350,95566847,95566.847,244,0,gap,47
14351,95578179,95578.179,320,0,gap,47
14352,95582529,95582.529,249,0,gap,47
14353,95586883,95586.883,197,0,gap,47
14354,95598187,95598.187,313,0,gap,47
14355,95602559,95602.559,193,0,gap,47
14356,95606914,95606.914,187,0,gap,47
14357,95618179,95618.179,279,0,gap,47
14358,95622548,95622.548,188,0,gap,47
14359,95626921,95626.921,217,0,gap,47
14360,95638186,95638.186,240,0,gap,47
14361,95642578,95642.578,210,0,gap,47
14362,95646953,95646.953,221,0,gap,47
14363,95658178,95658.178,263,0,gap,47
14364,95662568,95662.568,240,0,gap,47
14365,95666960,95666.96,201,0,gap,47
14366,95678190,95678.19,298,0,gap,47
14367,95682597,95682.597,197,0,gap,47
14368,95686992,95686.992,163,0,gap,47
14369,95698178,95698.178,275,0,gap,47
14370,95702587,95702.587,165,0,gap,47
14371,95707003,95707.003,176,0,gap,47
14372,95718186,95718.186,238,0,gap,47
14373,95722613,95722.613,155,0,gap,47
14374,95727027,95727.027,205,0,gap,47
14375,95738178,95738.178,201,0,gap,47
14376,95742608,95742.608,192,0,gap,47
14377,95749838,95749.838,229,0,gap,47
14378,95754004,95754.004,163,0,gap,47
14379,95768178,95768.178,271,0,gap,47
14380,95772347,95772.347,139,0,gap,47
14381,95776524,95776.524,176,0,gap,47
14382,95788189,95788.189,197,0,gap,47
14383,95792383,95792.383,195,0,gap,47
14384,95796564,95796.564,183,0,gap,47
14385,95808177,95808.177,230,0,gap,47
14386,95812374,95812.374,203,0,gap,47
14387,95816581,95816.581,176,0,gap,47
14388,95828185,95828.185,260,0,gap,47
14389,95832404,95832.404,166,0,gap,47
14390,95836611,95836.611,120,0,gap,47
14391,95848177,95848.177,269,0,gap,47
14392,95852399,95852.399,138,0,gap,47
14393,95856628,95856.628,144,0,gap,47
14394,95868185,95868.185,229,0,gap,47
14395,95872425,95872.425,129,0,gap,47
14396,95876651,95876.651,176,0,gap,47
14397,95888177,95888.177,162,0,gap,47
14398,95892449,95892.449,146,0,gap,47
14399,95896722,95896.722,171,0,gap,47
14400,95908185,95908.185,229,0,gap,47
14401,95912474,95912.474,176,0,gap,47
14402,95916751,95916.751,162,0,gap,47
14403,95928181,95928.181,237,0,gap,47
14404,95932472,95932.472,148,0,gap,47
14405,95936767,95936.767,117,0,gap,47
14406,95948173,95948.173,244,1,pulse,48
14407,95952579,95952.579,4095,1,pulse,48
14408,95956827,95956.827,4095,1,pulse,48
14409,95968174,95968.174,4095,1,pulse,48
14410,95972424,95972.424,4095,1,pulse,48
14411,95976677,95976.677,4095,1,pulse,48
14412,95988182,95988.182,4095,0,gap,48
14413,95992684,95992.684,2939,0,gap,48
14414,95997035,95997.035,2831,0,gap,48
14415,96008178,96008.178,2768,0,gap,48
14416,96012544,96012.544,2713,0,gap,48
14417,96016908,96016.908,2699,0,gap,48
14418,96028191,96028.191,2670,0,gap,48
14419,96032574,96032.574,2640,0,gap,48
14420,96036944,96036.944,2619,0,gap,48
14421,96048179,96048.179,2559,0,gap,48
14422,96052564,96052.564,2553,0,gap,48
14423,96056952,96056.952,2540,0,gap,48
14424,96068187,96068.187,2514,0,gap,48
14425,96072585,96072.585,2473,0,gap,48
14426,96076971,96076.971,2459,0,gap,48
14427,96088179,96088.179,2448,0,gap,48
14428,96092579,96092.579,2414,0,gap,48
14429,96098165,96098.165,2393,0,gap,48
14430,96108186,96108.186,2367,0,gap,48
14431,96112608,96112.608,2363,0,gap,48
14432,96118185,96118.185,2342,0,gap,48
14433,96128178,96128.178,2311,0,gap,48
14434,96132606,96132.606,2301,0,gap,48
14435,96138177,96138.177,2279,0,gap,48
14436,96148186,96148.186,2252,0,gap,48
14437,96152624,96152.624,2246,0,gap,48
14438,96158185,96158.185,2235,0,gap,48
14439,96165394,96165.394,2200,0,gap,48
14440,96178186,96178.186,2178,0,gap,48
14441,96182363,96182.363,2166,0,gap,48
14442,96186532,96186.532,2125,0,gap,48
14443,96198177,96198.177,2114,0,gap,48
14444,96202363,96202.363,2096,0,gap,48
14445,96206556,96206.556,2075,0,gap,48
14446,96218186,96218.186,2032,0,gap,48
14447,96222394,96222.394,2047,0,gap,48
14448,96226591,96226.591,2026,0,gap,48
14449,96238178,96238.178,1991,0,gap,48
14450,96242397,96242.397,1989,0,gap,48
14451,96246607,96246.607,1985,0,gap,48
14452,96258186,96258.186,1921,0,gap,48
14453,96262412,96262.412,1911,0,gap,48
14454,96266638,96266.638,1898,0,gap,48
14455,96278178,96278.178,1890,0,gap,48
14456,96282422,96282.422,1867,0,gap,48
14457,96286658,96286.658,1840,0,gap,48
14458,96298186,96298.186,1833,0,gap,48
14459,96302435,96302.435,1815,0,gap,48
14460,96306710,96306.71,1770,0,gap,48
14461,96318178,96318.178,1774,0,gap,48
14462,96322467,96322.467,1748,0,gap,48
14463,96326753,96326.753,1743,0,gap,48
14464,96338186,96338.186,1728,0,gap,48
14465,96342483,96342.483,1695,0,gap,48
14466,96346782,96346.782,1682,0,gap,48
14467,96358178,96358.178,1651,0,gap,48
14468,96362484,96362.484,1654,0,gap,48
14469,96366791,96366.791,1631,0,gap,48
14470,96378187,96378.187,1632,0,gap,48
14471,96382511,96382.511,1600,0,gap,48
14472,96386835,96386.835,1575,0,gap,48
14473,96398179,96398.179,1584,0,gap,48
14474,96402514,96402.514,1535,0,gap,48
14475,96406852,96406.852,1521,0,gap,48
14476,96418187,96418.187,1505,0,gap,48
14477,96422551,96422.551,1485,0,gap,48
14478,96426911,96426.911,1487,0,gap,48
14479,96438179,96438.179,1456,0,gap,48
14480,96442553,96442.553,1441,0,gap,48
14481,96448169,96448.169,1441,0,gap,48
14482,96458190,96458.19,1422,0,gap,48
14483,96462574,96462.574,1402,0,gap,48
14484,96468185,96468.185,1390,0,gap,48
14485,96478178,96478.178,1385,0,gap,48
14486,96482568,96482.568,1371,0,gap,48
14487,96488177,96488.177,1330,0,gap,48
14488,96498186,96498.186,1328,0,gap,48
14489,96502586,96502.586,1309,0,gap,48
14490,96508185,96508.185,1303,0,gap,48
14491,96518178,96518.178,1281,0,gap,48
14492,96522588,96522.588,1262,0,gap,48
14493,96528178,96528.178,1263,0,gap,48
14494,96538186,96538.186,1232,0,gap,48
14495,96542610,96542.61,1226,0,gap,48
14496,96548186,96548.186,1217,0,gap,48
14497,96558179,96558.179,1186,0,gap,48
14498,96562612,96562.612,1171,0,gap,48
14499,96568178,96568.178,1183,0,gap,48
14500,96578187,96578.187,1179,0,gap,48
14501,96582627,96582.627,1153,0,gap,48
14502,96589852,96589.852,1140,0,gap,48
14503,96598178,96598.178,1134,0,gap,48
14504,96602361,96602.361,1095,0,gap,48
14505,96618177,96618.177,1111,0,gap,48
14506,96622369,96622.369,1075,0,gap,48
14507,96626553,96626.553,1083,0,gap,48
14508,96638185,96638.185,1039,0,gap,48
14509,96642392,96642.392,1038,0,gap,48
14510,96646592,96646.592,1052,0,gap,48
14511,96658178,96658.178,1034,0,gap,48
14512,96662395,96662.395,1011,0,gap,48
14513,96666604,96666.604,999,0,gap,48
14514,96678190,96678.19,1009,0,gap,48
14515,96682419,96682.419,970,0,gap,48
14516,96686639,96686.639,959,0,gap,48
14517,96698178,96698.178,971,0,gap,48
14518,96702412,96702.412,926,0,gap,48
14519,96706646,96706.646,922,0,gap,48
14520,96718186,96718.186,914,0,gap,48
14521,96722430,96722.43,899,0,gap,48
14522,96726684,96726.684,923,0,gap,48
14523,96738177,96738.177,893,0,gap,48
14524,96742461,96742.461,881,0,gap,48
14525,96746743,96746.743,882,0,gap,48
14526,96758185,96758.185,891,0,gap,48
14527,96762483,96762.483,872,0,gap,48
14528,96766777,96766.777,845,0,gap,48
14529,96778177,96778.177,880,0,gap,48
14530,96782486,96782.486,829,0,gap,48
14531,96786790,96786.79,804,0,gap,48
14532,96798185,96798.185,829,0,gap,48
14533,96802505,96802.505,782,0,gap,48
14534,96806823,96806.823,792,0,gap,48
14535,96818169,96818.169,787,0,gap,48
14536,96822506,96822.506,765,0,gap,48
14537,96826843,96826.843,783,0,gap,48
14538,96838169,96838.169,746,0,gap,48
14539,96842528,96842.528,762,0,gap,48
14540,96846882,96846.882,754,0,gap,48
14541,96858165,96858.165,759,0,gap,48
14542,96862538,96862.538,734,0,gap,48
14543,96866905,96866.905,693,0,gap,48
14544,96871288,96871.288,705,0,gap,48
14545,96878179,96878.179,722,0,gap,48
14546,96888191,96888.191,679,0,gap,48
14547,96892579,96892.579,694,0,gap,48
14548,96898186,96898.186,700,0,gap,48
14549,96908179,96908.179,688,0,gap,48
14550,96912581,96912.581,677,0,gap,48
14551,96918178,96918.178,660,0,gap,48
14552,96928186,96928.186,688,0,gap,48
14553,96932599,96932.599,646,0,gap,48
14554,96938186,96938.186,624,0,gap,48
14555,96948178,96948.178,673,0,gap,48
14556,96952592,96952.592,622,0,gap,48
14557,96958177,96958.177,638,0,gap,48
14558,96968186,96968.186,626,0,gap,48
14559,96972614,96972.614,587,0,gap,48
14560,96978185,96978.185,629,0,gap,48
14561,96988178,96988.178,603,0,gap,48
14562,96992616,96992.616,608,0,gap,48
14563,96998177,96998.177,613,0,gap,48
14564,97005377,97005.377,574,0,gap,48
14565,97018178,97018.178,588,0,gap,48
14566,97022351,97022.351,546,0,gap,48
14567,97026524,97026.524,570,0,gap,48
14568,97038185,97038.185,564,0,gap,48
14569,97042375,97042.375,570,0,gap,48
14570,97046564,97046.564,560,0,gap,48
14571,97058177,97058.177,583,0,gap,48
14572,97062381,97062.381,545,0,gap,48
14573,97066582,97066.582,527,0,gap,48
14574,97078185,97078.185,602,0,gap,48
14575,97082404,97082.404,526,0,gap,48
14576,97086614,97086.614,471,0,gap,48
14577,97098177,97098.177,582,0,gap,48
14578,97102408,97102.408,468,0,gap,48
14579,97106633,97106.633,491,0,gap,48
14580,97118185,97118.185,507,0,gap,48
14581,97122425,97122.425,475,0,gap,48
14582,97126652,97126.652,511,0,gap,48
14583,97138177,97138.177,473,0,gap,48
14584,97142433,97142.433,493,0,gap,48
14585,97146712,97146.712,491,0,gap,48
14586,97158185,97158.185,497,0,gap,48
14587,97162473,97162.473,480,0,gap,48
14588,97166751,97166.751,448,0,gap,48
14589,97178177,97178.177,511,0,gap,48
14590,97182473,97182.473,452,0,gap,48
14591,97186772,97186.772,432,0,gap,48
14592,97198173,97198.173,511,0,gap,48
14593,97202487,97202.487,414,0,gap,48
14594,97206793,97206.793,422,0,gap,48
14595,97218169,97218.169,478,0,gap,48
14596,97222489,97222.489,400,0,gap,48
14597,97226809,97226.809,446,0,gap,48
14598,97238173,97238.173,442,0,gap,48
14599,97242516,97242.516,418,0,gap,48
14600,97246854,97246.854,411,0,gap,48
14601,97258165,97258.165,443,0,gap,48
14602,97262521,97262.521,417,0,gap,48
14603,97266881,97266.881,362,0,gap,48
14604,97278169,97278.169,465,0,gap,48
14605,97282547,97282.547,379,0,gap,48
14606,97286908,97286.908,368,0,gap,48
14607,97291292,97291.292,398,0,gap,48
14608,97298187,97298.187,411,0,gap,48
14609,97308179,97308.179,416,0,gap,48
14610,97312565,97312.565,388,0,gap,48
14611,97318178,97318.178,337,0,gap,48
14612,97328187,97328.187,443,0,gap,48
14613,97332587,97332.587,358,0,gap,48
14614,97338186,97338.186,340,0,gap,48
14615,97348179,97348.179,432,0,gap,48
14616,97352588,97352.588,321,0,gap,48
14617,97358178,97358.178,378,0,gap,48
14618,97368186,97368.186,390,0,gap,48
14619,97372610,97372.61,336,0,gap,48
14620,97378185,97378.185,385,0,gap,48
14621,97388178,97388.178,352,0,gap,48
14622,97392604,97392.604,347,0,gap,48
14623,97398177,97398.177,358,0,gap,48
14624,97408186,97408.186,368,0,gap,48
14625,97412625,97412.625,353,0,gap,48
14626,97418189,97418.189,303,0,gap,48
14627,97425425,97425.425,362,0,gap,48
14628,97438186,97438.186,342,0,gap,48
14629,97442368,97442.368,318,0,gap,48
14630,97446539,97446.539,304,0,gap,48
14631,97458177,97458.177,368,0,gap,48
14632,97462373,97462.373,320,0,gap,48
14633,97466564,97466.564,293,0,gap,48
14634,97478185,97478.185,402,0,gap,48
14635,97482392,97482.392,293,0,gap,48
14636,97486587,97486.587,265,0,gap,48
14637,97498177,97498.177,373,0,gap,48
14638,97502390,97502.39,253,0,gap,48
14639,97506611,97506.611,259,0,gap,48
14640,97518185,97518.185,336,0,gap,48
14641,97522417,97522.417,263,0,gap,48
14642,97526645,97526.645,321,0,gap,48
14643,97538177,97538.177,294,0,gap,48
14644,97542415,97542.415,288,0,gap,48
14645,97546657,97546.657,283,0,gap,48
14646,97558185,97558.185,325,0,gap,48
14647,97562451,97562.451,279,0,gap,48
14648,97566724,97566.724,243,0,gap,48
14649,97578177,97578.177,352,0,gap,48
14650,97582464,97582.464,259,0,gap,48
14651,97586755,97586.755,237,0,gap,48
14652,97598173,97598.173,362,0,gap,48
14653,97602479,97602.479,224,0,gap,48
14654,97606771,97606.771,235,0,gap,48
14655,97618169,97618.169,304,0,gap,48
14656,97622478,97622.478,218,0,gap,48
14657,97626794,97626.794,283,0,gap,48
14658,97638177,97638.177,260,0,gap,48
14659,97642504,97642.504,257,0,gap,48
14660,97646818,97646.818,256,0,gap,48
14661,97658169,97658.169,274,0,gap,48
14662,97662510,97662.51,253,0,gap,48
14663,97666854,97666.854,213,0,gap,48
14664,97678169,97678.169,336,0,gap,48
14665,97682535,97682.535,209,0,gap,48
14666,97686892,97686.892,176,0,gap,48
14667,97698165,97698.165,334,0,gap,48
14668,97702537,97702.537,193,0,gap,48
14669,97706912,97706.912,217,0,gap,48
14670,97711286,97711.286,243,0,gap,48
14671,97718179,97718.179,222,0,gap,48
14672,97728187,97728.187,304,0,gap,48
14673,97732578,97732.578,195,0,gap,48
14674,97738190,97738.19,181,0,gap,48
14675,97748179,97748.179,281,0,gap,48
14676,97752572,97752.572,175,0,gap,48
14677,97758178,97758.178,237,0,gap,48
14678,97768186,97768.186,245,0,gap,48
14679,97772602,97772.602,179,0,gap,48
14680,97778186,97778.186,251,0,gap,48
14681,97788178,97788.178,198,0,gap,48
14682,97792596,97792.596,240,0,gap,48
14683,97798177,97798.177,208,0,gap,48
14684,97808186,97808.186,242,0,gap,48
14685,97812621,97812.621,214,0,gap,48
14686,97818185,97818.185,191,0,gap,48
14687,97828178,97828.178,272,0,gap,48
14688,97832615,97832.615,191,0,gap,48
14689,97839821,97839.821,177,0,gap,48
14690,97848173,97848.173,251,0,gap,48
14691,97852350,97852.35,151,0,gap,48
14692,97858186,97858.186,217,0,gap,48
14693,97868178,97868.178,215,0,gap,48
14694,97872368,97872.368,151,0,gap,48
14695,97878178,97878.178,234,0,gap,48
14696,97888186,97888.186,178,0,gap,48
14697,97892391,97892.391,192,0,gap,48
14698,97898185,97898.185,226,0,gap,48
14699,97908178,97908.178,218,0,gap,48
14700,97912389,97912.389,196,0,gap,48
14701,97918177,97918.177,151,0,gap,48
14702,97928186,97928.186,240,0,gap,48
14703,97932416,97932.416,162,1,pulse,49
14704,97938190,97938.19,4095,1,pulse,49
14705,97948174,97948.174,4095,1,pulse,49
14706,97952352,97952.352,4095,1,pulse,49
14707,97958174,97958.174,4095,1,pulse,49
14708,97968183,97968.183,4095,1,pulse,49
14709,97972369,97972.369,4095,0,gap,49
14710,97988202,97988.202,2784,0,gap,49
14711,97992500,97992.5,2762,0,gap,49
14712,97996791,97996.791,2740,0,gap,49
14713,98008177,98008.177,2693,0,gap,49
14714,98012480,98012.48,2674,0,gap,49
14715,98016778,98016.778,2626,0,gap,49
14716,98028185,98028.185,2605,0,gap,49
14717,98032498,98032.498,2597,0,gap,49
14718,98036806,98036.806,2553,0,gap,49
14719,98048178,98048.178,2529,0,gap,49
14720,98052509,98052.509,2518,0,gap,49
14721,98056840,98056.84,2512,0,gap,49
14722,98068186,98068.186,2454,0,gap,49
14723,98072527,98072.527,2461,0,gap,49
14724,98076867,98076.867,2437,0,gap,49
14725,98088178,98088.178,2398,0,gap,49
14726,98092547,98092.547,2383,0,gap,49
14727,98096913,98096.913,2355,0,gap,49
14728,98108186,98108.186,2336,0,gap,49
14729,98112563,98112.563,2320,0,gap,49
14730,98116935,98116.935,2302,0,gap,49
14731,98128178,98128.178,2304,0,gap,49
14732,98132569,98132.569,2255,0,gap,49
14733,98136954,98136.954,2237,0,gap,49
14734,98148186,98148.186,2231,0,gap,49
14735,98152586,98152.586,2192,0,gap,49
14736,98156982,98156.982,2190,0,gap,49
14737,98168182,98168.182,2155,0,gap,49
14738,98172592,98172.592,2149,0,gap,49
14739,98176994,98176.994,2133,0,gap,49
14740,98188186,98188.186,2094,0,gap,49
14741,98192606,98192.606,2075,0,gap,49
14742,98197025,98197.025,2045,0,gap,49
14743,98208179,98208.179,2037,0,gap,49
14744,98212608,98212.608,2023,0,gap,49
14745,98217033,98217.033,1997,0,gap,49
14746,98228187,98228.187,1977,0,gap,49
14747,98232622,98232.622,1968,0,gap,49
14748,98237061,98237.061,1936,0,gap,49
14749,98248179,98248.179,1916,0,gap,49
14750,98252624,98252.624,1911,0,gap,49
14751,98258165,98258.165,1904,0,gap,49
14752,98265409,98265.409,1870,0,gap,49
14753,98278182,98278.182,1852,0,gap,49
14754,98282371,98282.371,1828,0,gap,49
14755,98286552,98286.552,1811,0,gap,49
14756,98298185,98298.185,1776,0,gap,49
14757,98302387,98302.387,1786,0,gap,49
14758,98306589,98306.589,1768,0,gap,49
14759,98318178,98318.178,1719,0,gap,49
14760,98322395,98322.395,1716,0,gap,49
14761,98326604,98326.604,1705,0,gap,49
14762,98338186,98338.186,1691,0,gap,49
14763,98342413,98342.413,1665,0,gap,49
14764,98346640,98346.64,1670,0,gap,49
14765,98358178,98358.178,1629,0,gap,49
14766,98362416,98362.416,1616,0,gap,49
14767,98366654,98366.654,1599,0,gap,49
14768,98378186,98378.186,1590,0,gap,49
14769,98382442,98382.442,1571,0,gap,49
14770,98386686,98386.686,1535,0,gap,49
14771,98398178,98398.178,1523,0,gap,49
14772,98402446,98402.446,1507,0,gap,49
14773,98406730,98406.73,1510,0,gap,49
14774,98418190,98418.19,1469,0,gap,49
14775,98422491,98422.491,1473,0,gap,49
14776,98426788,98426.788,1461,0,gap,49
14777,98438178,98438.178,1435,0,gap,49
14778,98442486,98442.486,1410,0,gap,49
14779,98446793,98446.793,1395,0,gap,49
14780,98458186,98458.186,1381,0,gap,49
14781,98462506,98462.506,1385,0,gap,49
14782,98466824,98466.824,1340,0,gap,49
14783,98478179,98478.179,1347,0,gap,49
14784,98482515,98482.515,1333,0,gap,49
14785,98486848,98486.848,1314,0,gap,49
14786,98498187,98498.187,1308,0,gap,49
14787,98502542,98502.542,1285,0,gap,49
14788,98506892,98506.892,1269,0,gap,49
14789,98518179,98518.179,1238,0,gap,49
14790,98522559,98522.559,1232,0,gap,49
14791,98526930,98526.93,1252,0,gap,49
14792,98538187,98538.187,1196,0,gap,49
14793,98542569,98542.569,1221,0,gap,49
14794,98548169,98548.169,1179,0,gap,49
14795,98558178,98558.178,1161,0,gap,49
14796,98562574,98562.574,1152,0,gap,49
14797,98568177,98568.177,1143,0,gap,49
14798,98578186,98578.186,1144,0,gap,49
14799,98582591,98582.591,1119,0,gap,49
14800,98588185,98588.185,1099,0,gap,49
14801,98598182,98598.182,1101,0,gap,49
14802,98602598,98602.598,1088,0,gap,49
14803,98608177,98608.177,1075,0,gap,49
14804,98618186,98618.186,1063,0,gap,49
14805,98622611,98622.611,1039,0,gap,49
14806,98628190,98628.19,1045,0,gap,49
14807,98638179,98638.179,1034,0,gap,49
14808,98642613,98642.613,1013,0,gap,49
14809,98648178,98648.178,988,0,gap,49
14810,98658187,98658.187,993,0,gap,49
14811,98662627,98662.627,989,0,gap,49
14812,98668186,98668.186,960,0,gap,49
14813,98678179,98678.179,981,0,gap,49
14814,98685388,98685.388,921,0,gap,49
14815,98689609,98689.609,930,0,gap,49
14816,98698185,98698.185,944,0,gap,49
14817,98702380,98702.38,898,0,gap,49
14818,98708186,98708.186,915,0,gap,49
14819,98718179,98718.179,892,0,gap,49
14820,98722382,98722.382,877,0,gap,49
14821,98728178,98728.178,907,0,gap,49
14822,98738191,98738.191,854,0,gap,49
14823,98742409,98742.409,880,0,gap,49
14824,98748186,98748.186,854,0,gap,49
14825,98758178,98758.178,854,0,gap,49
14826,98762406,98762.406,832,0,gap,49
14827,98768178,98768.178,805,0,gap,49
14828,98778186,98778.186,851,0,gap,49
14829,98782429,98782.429,789,0,gap,49
14830,98788186,98788.186,784,0,gap,49
14831,98798178,98798.178,809,0,gap,49
14832,98802427,98802.427,754,0,gap,49
14833,98808182,98808.182,776,0,gap,49
14834,98818186,98818.186,759,0,gap,49
14835,98822483,98822.483,735,0,gap,49
14836,98828185,98828.185,768,0,gap,49
14837,98838178,98838.178,737,0,gap,49
14838,98842478,98842.478,734,0,gap,49
14839,98848177,98848.177,742,0,gap,49
14840,98858186,98858.186,733,0,gap,49
14841,98862499,98862.499,723,0,gap,49
14842,98868185,98868.185,687,0,gap,49
14843,98878178,98878.178,722,0,gap,49
14844,98882498,98882.498,673,0,gap,49
14845,98888177,98888.177,656,0,gap,49
14846,98898186,98898.186,701,0,gap,49
14847,98902527,98902.527,624,0,gap,49
14848,98908169,98908.169,682,0,gap,49
14849,98918182,98918.182,675,0,gap,49
14850,98922534,98922.534,624,0,gap,49
14851,98926895,98926.895,654,0,gap,49
14852,98938187,98938.187,634,0,gap,49
14853,98942564,98942.564,644,0,gap,49
14854,98946933,98946.933,629,0,gap,49
14855,98958179,98958.179,631,0,gap,49
14856,98962562,98962.562,629,0,gap,49
14857,98966944,98966.944,596,0,gap,49
14858,98978187,98978.187,654,0,gap,49
14859,98982587,98982.587,577,0,gap,49
14860,98986976,98986.976,555,0,gap,49
14861,98998179,98998.179,619,0,gap,49
14862,99002577,99002.577,542,0,gap,49
14863,99006983,99006.983,575,0,gap,49
14864,99018186,99018.186,574,0,gap,49
14865,99022611,99022.611,544,0,gap,49
14866,99027014,99027.014,567,0,gap,49
14867,99038178,99038.178,560,0,gap,49
14868,99042597,99042.597,547,0,gap,49
14869,99047018,99047.018,530,0,gap,49
14870,99058190,99058.19,560,0,gap,49
14871,99062630,99062.63,532,0,gap,49
14872,99067057,99067.057,497,0,gap,49
14873,99078178,99078.178,577,0,gap,49
14874,99082620,99082.62,485,0,gap,49
14875,99087065,99087.065,474,0,gap,49
14876,99098186,99098.186,543,0,gap,49
14877,99105432,99105.432,495,0,gap,49
14878,99109625,99109.625,487,0,gap,49
14879,99118177,99118.177,479,0,gap,49
14880,99122366,99122.366,454,0,gap,49
14881,99128182,99128.182,496,0,gap,49
14882,99138186,99138.186,479,0,gap,49
14883,99142399,99142.399,467,0,gap,49
14884,99148186,99148.186,464,0,gap,49
14885,99158178,99158.178,491,0,gap,49
14886,99162395,99162.395,459,0,gap,49
14887,99168178,99168.178,418,0,gap,49
14888,99178186,99178.186,507,0,gap,49
14889,99182421,99182.421,407,0,gap,49
14890,99188185,99188.185,432,0,gap,49
14891,99198178,99198.178,473,0,gap,49
14892,99202420,99202.42,383,0,gap,49
14893,99208177,99208.177,439,0,gap,49
14894,99218186,99218.186,426,0,gap,49
14895,99222445,99222.445,400,0,gap,49
14896,99228185,99228.185,443,0,gap,49
14897,99238182,99238.182,413,0,gap,49
14898,99242470,99242.47,417,0,gap,49
14899,99248177,99248.177,410,0,gap,49
14900,99258186,99258.186,454,0,gap,49
14901,99262495,99262.495,414,0,gap,49
14902,99268177,99268.177,371,0,gap,49
14903,99278178,99278.178,459,0,gap,49
14904,99282489,99282.489,353,0,gap,49
14905,99288165,99288.165,357,0,gap,49
14906,99298186,99298.186,434,0,gap,49
14907,99302516,99302.516,336,0,gap,49
14908,99306837,99306.837,367,0,gap,49
14909,99318179,99318.179,395,0,gap,49
14910,99322511,99322.511,353,0,gap,49
14911,99326849,99326.849,384,0,gap,49
14912,99338187,99338.187,374,0,gap,49
14913,99342552,99342.552,368,0,gap,49
14914,99346909,99346.909,336,0,gap,49
14915,99358179,99358.179,399,0,gap,49
14916,99362554,99362.554,347,0,gap,49
14917,99366928,99366.928,339,0,gap,49
14918,99378191,99378.191,431,0,gap,49
14919,99382583,99382.583,307,0,gap,49
14920,99386964,99386.964,298,0,gap,49
14921,99398178,99398.178,411,0,gap,49
14922,99402569,99402.569,287,0,gap,49
14923,99406967,99406.967,321,0,gap,49
14924,99418186,99418.186,346,0,gap,49
14925,99422595,99422.595,289,0,gap,49
14926,99426990,99426.99,349,0,gap,49
14927,99438178,99438.178,334,0,gap,49
14928,99442592,99442.592,327,0,gap,49
14929,99447014,99447.014,304,0,gap,49
14930,99458186,99458.186,363,0,gap,49
14931,99462614,99462.614,311,0,gap,49
14932,99467033,99467.033,272,0,gap,49
14933,99478178,99478.178,383,0,gap,49
14934,99482616,99482.616,258,0,gap,49
14935,99487052,99487.052,243,0,gap,49
14936,99498186,99498.186,362,0,gap,49
14937,99502633,99502.633,253,0,gap,49
14938,99507068,99507.068,285,0,gap,49
14939,99514281,99514.281,338,0,gap,49
14940,99528186,99528.186,369,0,gap,49
14941,99532372,99532.372,261,0,gap,49
14942,99536547,99536.547,239,0,gap,49
14943,99548177,99548.177,342,0,gap,49
14944,99552377,99552.377,225,0,gap,49
14945,99556580,99556.58,258,0,gap,49
14946,99568185,99568.185,304,0,gap,49
14947,99572399,99572.399,260,0,gap,49
14948,99576606,99576.606,272,0,gap,49
14949,99588177,99588.177,270,0,gap,49
14950,99592406,99592.406,261,0,gap,49
14951,99596630,99596.63,240,0,gap,49
14952,99608185,99608.185,317,0,gap,49
14953,99612421,99612.421,261,0,gap,49
14954,99616652,99616.652,220,0,gap,49
14955,99628177,99628.177,331,0,gap,49
14956,99632427,99632.427,228,0,gap,49
14957,99636668,99636.668,205,0,gap,49
14958,99648185,99648.185,313,0,gap,49
14959,99652447,99652.447,208,0,gap,49
14960,99656732,99656.732,229,0,gap,49
14961,99668181,99668.181,267,0,gap,49
14962,99672475,99672.475,210,0,gap,49
14963,99676767,99676.767,256,0,gap,49
14964,99688173,99688.173,240,0,gap,49
14965,99692479,99692.479,254,0,gap,49
14966,99696788,99696.788,219,0,gap,49
14967,99708169,99708.169,270,0,gap,49
14968,99712488,99712.488,237,0,gap,49
14969,99716800,99716.8,192,0,gap,49
14970,99728173,99728.173,315,0,gap,49
14971,99732503,99732.503,189,0,gap,49
14972,99736837,99736.837,179,0,gap,49
14973,99748165,99748.165,318,0,gap,49
14974,99752513,99752.513,162,0,gap,49
14975,99756861,99756.861,222,0,gap,49
14976,99768169,99768.169,256,0,gap,49
14977,99772543,99772.543,181,0,gap,49
14978,99776913,99776.913,212,0,gap,49
14979,99781289,99781.289,193,0,gap,49
14980,99788187,99788.187,192,1,pulse,50
14981,99798184,99798.184,4095,1,pulse,50
14982,99802520,99802.52,4095,1,pulse,50
14983,99818173,99818.173,4095,1,pulse,50
14984,99822504,99822.504,4095,1,pulse,50
14985,99826830,99826.83,4095,1,pulse,50
14986,99838182,99838.182,4095,0,gap,50
14987,99842748,99842.748,2931,0,gap,50
14988,99847160,99847.16,2855,0,gap,50
14989,99858177,99858.177,2754,0,gap,50
14990,99862600,99862.6,2737,0,gap,50
14991,99867022,99867.022,2707,0,gap,50
14992,99878186,99878.186,2656,0,gap,50
14993,99882618,99882.618,2629,0,gap,50
14994,99887045,99887.045,2607,0,gap,50
14995,99898178,99898.178,2559,0,gap,50
14996,99902624,99902.624,2551,0,gap,50
14997,99907069,99907.069,2533,0,gap,50
14998,99918186,99918.186,2500,0,gap,50
14999,99922642,99922.642,2480,0,gap,50
15000,99927093,99927.093,2465,0,gap,50
15001,99938178,99938.178,2448,0,gap,50
15002,99945428,99945.428,2419,0,gap,50
15003,99949635,99949.635,2386,0,gap,50
15004,99958185,99958.185,2379,0,gap,50
15005,99962384,99962.384,2359,0,gap,50
15006,99968186,99968.186,2339,0,gap,50
15007,99978179,99978.179,2309,0,gap,50
15008,99982402,99982.402,2290,0,gap,50
15009,99988178,99988.178,2269,0,gap,50
15010,99998187,99998.187,2263,0,gap,50
15011,100002418,100002.418,2241,0,gap,50
15012,100018173,100018.173,2192,0,gap,50
15013,100022415,100022.415,2179,0,gap,50
15014,100026653,100026.653,2183,0,gap,50
15015,100038178,100038.178,2147,0,gap,50
15016,100042431,100042.431,2134,0,gap,50
15017,100046679,100046.679,2128,0,gap,50
15018,100058186,100058.186,2096,0,gap,50
15019,100062449,100062.449,2094,0,gap,50
15020,100066707,100066.707,2064,0,gap,50
15021,100078178,100078.178,2032,0,gap,50
15022,100082457,100082.457,2022,0,gap,50
15023,100086751,100086.751,1981,0,gap,50
15024,100098187,100098.187,1965,0,gap,50
15025,100102495,100102.495,1959,0,gap,50
15026,100106803,100106.803,1953,0,gap,50
15027,100118179,100118.179,1906,0,gap,50
15028,100122498,100122.498,1902,0,gap,50
15029,100128181,100128.181,1894,0,gap,50
15030,100138186,100138.186,1850,0,gap,50
15031,100142520,100142.52,1850,0,gap,50
15032,100148185,100148.185,1826,0,gap,50
15033,100158178,100158.178,1806,0,gap,50
15034,100162526,100162.526,1779,0,gap,50
15035,100168178,100168.178,1750,0,gap,50
15036,100178187,100178.187,1748,0,gap,50
15037,100182553,100182.553,1712,0,gap,50
15038,100198185,100198.185,1722,0,gap,50
15039,100202569,100202.569,1678,0,gap,50
15040,100206952,100206.952,1680,0,gap,50
15041,100218177,100218.177,1648,0,gap,50
15042,100222567,100222.567,1651,0,gap,50
15043,100226956,100226.956,1629,0,gap,50
15044,100238186,100238.186,1616,0,gap,50
15045,100242589,100242.589,1584,0,gap,50
15046,100246984,100246.984,1595,0,gap,50
15047,100258178,100258.178,1567,0,gap,50
15048,100262591,100262.591,1559,0,gap,50
15049,100266999,100266.999,1520,0,gap,50
15050,100278186,100278.186,1513,0,gap,50
15051,100282609,100282.609,1494,0,gap,50
15052,100287027,100287.027,1478,0,gap,50
15053,100298179,100298.179,1456,0,gap,50
15054,100302607,100302.607,1437,0,gap,50
15055,100308177,100308.177,1430,0,gap,50
15056,100318186,100318.186,1411,0,gap,50
15057,100322624,100322.624,1399,0,gap,50
15058,100328185,100328.185,1398,0,gap,50
15059,100338179,100338.179,1363,0,gap,50
15060,100342627,100342.627,1360,0,gap,50
15061,100348182,100348.182,1328,0,gap,50
15062,100358187,100358.187,1341,0,gap,50
15063,100362649,100362.649,1299,0,gap,50
15064,100369872,100369.872,1285,0,gap,50
15065,100378178,100378.178,1286,0,gap,50
15066,100382376,100382.376,1257,0,gap,50
15067,100398178,100398.178,1238,0,gap,50
15068,100402386,100402.386,1224,0,gap,50
15069,100406588,100406.588,1223,0,gap,50
15070,100418186,100418.186,1204,0,gap,50
15071,100422408,100422.408,1187,0,gap,50
15072,100426629,100426.629,1185,0,gap,50
15073,100438178,100438.178,1168,0,gap,50
15074,100442409,100442.409,1150,0,gap,50
15075,100446640,100446.64,1151,0,gap,50
15076,100458186,100458.186,1131,0,gap,50
15077,100462438,100462.438,1109,0,gap,50
15078,100466678,100466.678,1091,0,gap,50
15079,100478179,100478.179,1119,0,gap,50
15080,100482432,100482.432,1063,0,gap,50
15081,100486689,100486.689,1056,0,gap,50
15082,100498187,100498.187,1062,0,gap,50
15083,100502463,100502.463,1039,0,gap,50
15084,100508185,100508.185,1040,0,gap,50
15085,100518178,100518.178,1022,0,gap,50
15086,100522479,100522.479,991,0,gap,50
15087,100528177,100528.177,1009,0,gap,50
15088,100538186,100538.186,978,0,gap,50
15089,100542504,100542.504,987,0,gap,50
15090,100548186,100548.186,955,0,gap,50
15091,100558179,100558.179,969,0,gap,50
15092,100562498,100562.498,946,0,gap,50
15093,100568182,100568.182,911,0,gap,50
15094,100578187,100578.187,941,0,gap,50
15095,100582533,100582.533,897,0,gap,50
15096,100588186,100588.186,893,0,gap,50
15097,100598179,100598.179,906,0,gap,50
15098,100602522,100602.522,865,0,gap,50
15099,100618165,100618.165,881,0,gap,50
15100,100622524,100622.524,857,0,gap,50
15101,100626891,100626.891,857,0,gap,50
15102,100638185,100638.185,835,0,gap,50
15103,100642577,100642.577,853,0,gap,50
15104,100646961,100646.961,837,0,gap,50
15105,100658177,100658.177,843,0,gap,50
15106,100662567,100662.567,827,0,gap,50
15107,100666964,100666.964,794,0,gap,50
15108,100678185,100678.185,842,0,gap,50
15109,100682597,100682.597,782,0,gap,50
15110,100686996,100686.996,753,0,gap,50
15111,100698177,100698.177,785,0,gap,50
15112,100702591,100702.591,734,0,gap,50
15113,100707007,100707.007,767,0,gap,50
15114,100718186,100718.186,752,0,gap,50
15115,100722617,100722.617,725,0,gap,50
15116,100727031,100727.031,729,0,gap,50
15117,100738178,100738.178,731,0,gap,50
15118,100742607,100742.607,717,0,gap,50
15119,100747043,100747.043,715,0,gap,50
15120,100758186,100758.186,715,0,gap,50
15121,100762632,100762.632,688,0,gap,50
15122,100767074,100767.074,655,0,gap,50
15123,100778178,100778.178,719,0,gap,50
15124,100782630,100782.63,653,0,gap,50
15125,100787090,100787.09,641,0,gap,50
15126,100798186,100798.186,672,0,gap,50
15127,100805444,100805.444,651,0,gap,50
15128,100809648,100809.648,660,0,gap,50
15129,100818177,100818.177,619,0,gap,50
15130,100822373,100822.373,624,0,gap,50
15131,100828178,100828.178,654,0,gap,50
15132,100838187,100838.187,617,0,gap,50
15133,100842406,100842.406,621,0,gap,50
15134,100848186,100848.186,604,0,gap,50
15135,100858179,100858.179,640,0,gap,50
15136,100862410,100862.41,589,0,gap,50
15137,100878165,100878.165,646,0,gap,50
15138,100882403,100882.403,565,0,gap,50
15139,100886640,100886.64,554,0,gap,50
15140,100898185,100898.185,591,0,gap,50
15141,100902450,100902.45,532,0,gap,50
15142,100906694,100906.694,576,0,gap,50
15143,100918177,100918.177,576,0,gap,50
15144,100922436,100922.436,533,0,gap,50
15145,100926694,100926.694,552,0,gap,50
15146,100938186,100938.186,559,0,gap,50
15147,100942476,100942.476,557,0,gap,50
15148,100946762,100946.762,524,0,gap,50
15149,100958178,100958.178,563,0,gap,50
15150,100962481,100962.481,544,0,gap,50
15151,100966793,100966.793,479,0,gap,50
15152,100978186,100978.186,567,0,gap,50
15153,100982512,100982.512,478,0,gap,50
15154,100986825,100986.825,464,0,gap,50
15155,100998178,100998.178,511,0,gap,50
15156,101002507,101002.507,449,0,gap,50
15157,101006844,101006.844,495,0,gap,50
15158,101018186,101018.186,497,0,gap,50
15159,101022537,101022.537,475,0,gap,50
15160,101026875,101026.875,487,0,gap,50
15161,101038178,101038.178,481,0,gap,50
15162,101042540,101042.54,475,0,gap,50
15163,101046904,101046.904,455,0,gap,50
15164,101058186,101058.186,499,0,gap,50
15165,101062573,101062.573,448,0,gap,50
15166,101066946,101066.946,420,0,gap,50
15167,101078178,101078.178,528,0,gap,50
15168,101082575,101082.575,401,0,gap,50
15169,101086970,101086.97,411,0,gap,50
15170,101098186,101098.186,480,0,gap,50
15171,101102592,101102.592,395,0,gap,50
15172,101106986,101106.986,416,0,gap,50
15173,101118183,101118.183,416,0,gap,50
15174,101122594,101122.594,412,0,gap,50
15175,101127009,101127.009,429,0,gap,50
15176,101138187,101138.187,431,0,gap,50
15177,101142616,101142.616,422,0,gap,50
15178,101148169,101148.169,392,0,gap,50
15179,101158178,101158.178,467,0,gap,50
15180,101162605,101162.605,389,0,gap,50
15181,101168177,101168.177,368,0,gap,50
15182,101178186,101178.186,455,0,gap,50
15183,101182635,101182.635,366,0,gap,50
15184,101188185,101188.185,368,0,gap,50
15185,101198178,101198.178,412,0,gap,50
15186,101202625,101202.625,320,0,gap,50
15187,101208177,101208.177,405,0,gap,50
15188,101218186,101218.186,368,0,gap,50
15189,101225415,101225.415,420,0,gap,50
15190,101229643,101229.643,353,0,gap,50
15191,101238177,101238.177,347,0,gap,50
15192,101242375,101242.375,354,0,gap,50
15193,101248178,101248.178,356,0,gap,50
15194,101258187,101258.187,393,0,gap,50
15195,101262408,101262.408,336,0,gap,50
15196,101268186,101268.186,325,0,gap,50
15197,101278179,101278.179,421,0,gap,50
15198,101282400,101282.4,295,0,gap,50
15199,101298169,101298.169,404,0,gap,50
15200,101302408,101302.408,282,0,gap,50
15201,101306639,101306.639,325,0,gap,50
15202,101318185,101318.185,336,0,gap,50
15203,101322432,101322.432,304,0,gap,50
15204,101326674,101326.674,337,0,gap,50
15205,101338182,101338.182,342,0,gap,50
15206,101342442,101342.442,327,0,gap,50
15207,101346698,101346.698,300,0,gap,50
15208,101358186,101358.186,386,0,gap,50
15209,101362454,101362.454,307,0,gap,50
15210,101366750,101366.75,257,0,gap,50
15211,101378178,101378.178,374,0,gap,50
15212,101382487,101382.487,272,0,gap,50
15213,101386793,101386.793,256,0,gap,50
15214,101398186,101398.186,364,0,gap,50
15215,101402506,101402.506,240,0,gap,50
15216,101406826,101406.826,275,0,gap,50
15217,101418178,101418.178,304,0,gap,50
15218,101422504,101422.504,276,0,gap,50
15219,101426827,101426.827,291,0,gap,50
15220,101438186,101438.186,295,0,gap,50
15221,101442535,101442.535,298,0,gap,50
15222,101446875,101446.875,269,0,gap,50
15223,101458178,101458.178,325,0,gap,50
15224,101462537,101462.537,266,0,gap,50
15225,101466892,101466.892,235,0,gap,50
15226,101478186,101478.186,354,0,gap,50
15227,101482571,101482.571,243,0,gap,50
15228,101486947,101486.947,240,0,gap,50
15229,101498178,101498.178,328,0,gap,50
15230,101502569,101502.569,209,0,gap,50
15231,101506959,101506.959,258,0,gap,50
15232,101518186,101518.186,282,0,gap,50
15233,101522587,101522.587,243,0,gap,50
15234,101526982,101526.982,272,0,gap,50
15235,101538179,101538.179,272,0,gap,50
15236,101542589,101542.589,270,0,gap,50
15237,101547002,101547.002,226,0,gap,50
15238,101558187,101558.187,313,0,gap,50
15239,101562610,101562.61,239,0,gap,50
15240,101568169,101568.169,210,0,gap,50
15241,101578178,101578.178,321,0,gap,50
15242,101582607,101582.607,197,0,gap,50
15243,101588177,101588.177,221,0,gap,50
15244,101598186,101598.186,290,0,gap,50
15245,101602625,101602.625,183,0,gap,50
15246,101608185,101608.185,247,0,gap,50
15247,101618178,101618.178,225,0,gap,50
15248,101622635,101622.635,211,0,gap,50
15249,101628177,101628.177,261,0,gap,50
15250,101638186,101638.186,237,0,gap,50
15251,101642647,101642.647,242,0,gap,50
15252,101649900,101649.9,229,0,gap,50
15253,101658181,101658.181,265,0,gap,50
15254,101662377,101662.377,211,0,gap,50
15255,101668178,101668.178,178,0,gap,50
15256,101678187,101678.187,304,0,gap,50
15257,101682399,101682.399,175,0,gap,50
15258,101688186,101688.186,208,0,gap,50
15259,101698179,101698.179,272,0,gap,50
15260,101702403,101702.403,144,0,gap,50
15261,101718169,101718.169,240,0,gap,50
15262,101722402,101722.402,183,0,gap,50
15263,101726636,101726.636,208,0,gap,50
15264,101738185,101738.185,203,0,gap,50
15265,101742431,101742.431,210,0,gap,50
15266,101746675,101746.675,195,0,gap,50
15267,101758177,101758.177,260,0,gap,50
15268,101762433,101762.433,190,0,gap,50
15269,101766692,101766.692,144,0,gap,50
15270,101778186,101778.186,293,0,gap,50
15271,101782455,101782.455,149,0,gap,50
15272,101786729,101786.729,146,0,gap,50
15273,101798178,101798.178,247,0,gap,50
15274,101802485,101802.485,129,0,gap,50
15275,101806789,101806.789,176,0,gap,50
15276,101818186,101818.186,201,0,gap,50
15277,101822500,101822.5,157,0,gap,50
15278,101826811,101826.811,191,0,gap,50
15279,101838178,101838.178,192,0,gap,50
15280,101842511,101842.511,180,0,gap,50
15281,101846837,101846.837,155,0,gap,50
15282,101858186,101858.186,229,0,gap,50
15283,101862526,101862.526,176,0,gap,50
15284,101866865,101866.865,129,0,gap,50
15285,101878182,101878.182,252,0,gap,50
15286,101882536,101882.536,130,0,gap,50
15287,101886898,101886.898,124,0,gap,50
15288,101898186,101898.186,222,0,gap,50
15289,101902570,101902.57,114,0,gap,50
15290,101906944,101906.944,155,0,gap,50
15291,101918178,101918.178,186,1,pulse,51
15292,101922659,101922.659,4095,1,pulse,51
15293,101926994,101926.994,4095,1,pulse,51
15294,101938183,101938.183,4095,1,pulse,51
15295,101942524,101942.524,4095,1,pulse,51
15296,101948182,101948.182,4095,0,gap,51
15297,101958191,101958.191,2834,0,gap,51
15298,101962622,101962.622,2769,0,gap,51
15299,101978169,101978.169,2677,0,gap,51
15300,101982603,101982.603,2663,0,gap,51
15301,101987031,101987.031,2644,0,gap,51
15302,101998185,101998.185,2609,0,gap,51
15303,102002628,102002.628,2580,0,gap,51
15304,102007067,102007.067,2559,0,gap,51
15305,102018182,102018.182,2525,0,gap,51
15306,102022634,102022.634,2517,0,gap,51
15307,102027078,102027.078,2512,0,gap,51
15308,102038186,102038.186,2480,0,gap,51
15309,102042644,102042.644,2451,0,gap,51
15310,102047098,102047.098,2442,0,gap,51
15311,102058178,102058.178,2418,0,gap,51
15312,102062651,102062.651,2384,0,gap,51
15313,102067115,102067.115,2357,0,gap,51
15314,102074349,102074.349,2352,0,gap,51
15315,102088179,102088.179,2320,0,gap,51
15316,102092390,102092.39,2309,0,gap,51
15317,102096598,102096.598,2282,0,gap,51
15318,102108186,102108.186,2254,0,gap,51
15319,102112414,102112.414,2240,0,gap,51
15320,102116638,102116.638,2222,0,gap,51
15321,102128182,102128.182,2217,0,gap,51
15322,102132421,102132.421,2208,0,gap,51
15323,102136652,102136.652,2163,0,gap,51
15324,102148186,102148.186,2134,0,gap,51
15325,102152440,102152.44,2117,0,gap,51
15326,102156681,102156.681,2107,0,gap,51
15327,102168179,102168.179,2086,0,gap,51
15328,102172444,102172.444,2069,0,gap,51
15329,102176708,102176.708,2047,0,gap,51
15330,102188187,102188.187,2023,0,gap,51
15331,102192466,102192.466,1997,0,gap,51
15332,102198189,102198.189,2006,0,gap,51
15333,102208178,102208.178,1979,0,gap,51
15334,102212457,102212.457,1951,0,gap,51
15335,102218178,102218.178,1909,0,gap,51
15336,102228186,102228.186,1913,0,gap,51
15337,102232514,102232.514,1893,0,gap,51
15338,102238186,102238.186,1866,0,gap,51
15339,102248179,102248.179,1858,0,gap,51
15340,102252506,102252.506,1840,0,gap,51
15341,102268177,102268.177,1801,0,gap,51
15342,102272511,102272.511,1790,0,gap,51
15343,102276856,102276.856,1789,0,gap,51
15344,102288185,102288.185,1764,0,gap,51
15345,102292542,102292.542,1755,0,gap,51
15346,102296890,102296.89,1737,0,gap,51
15347,102308178,102308.178,1705,0,gap,51
15348,102312540,102312.54,1693,0,gap,51
15349,102316905,102316.905,1679,0,gap,51
15350,102328186,102328.186,1643,0,gap,51
15351,102332580,102332.58,1623,0,gap,51
15352,102336967,102336.967,1619,0,gap,51
15353,102348182,102348.182,1602,0,gap,51
15354,102352584,102352.584,1584,0,gap,51
15355,102356985,102356.985,1564,0,gap,51
15356,102368187,102368.187,1535,0,gap,51
15357,102372606,102372.606,1529,0,gap,51
15358,102378173,102378.173,1515,0,gap,51
15359,102388178,102388.178,1491,0,gap,51
15360,102392599,102392.599,1499,0,gap,51
15361,102398177,102398.177,1475,0,gap,51
15362,102408186,102408.186,1456,0,gap,51
15363,102412621,102412.621,1438,0,gap,51
15364,102418190,102418.19,1404,0,gap,51
15365,102428179,102428.179,1403,0,gap,51
15366,102432616,102432.616,1393,0,gap,51
15367,102448177,102448.177,1378,0,gap,51
15368,102452625,102452.625,1341,0,gap,51
15369,102457075,102457.075,1343,0,gap,51
15370,102468185,102468.185,1319,0,gap,51
15371,102472650,102472.65,1303,0,gap,51
15372,102477103,102477.103,1315,0,gap,51
15373,102488178,102488.178,1264,0,gap,51
15374,102492641,102492.641,1268,0,gap,51
15375,102497115,102497.115,1258,0,gap,51
15376,102508186,102508.186,1242,0,gap,51
15377,102515453,102515.453,1221,0,gap,51
15378,102519664,102519.664,1206,0,gap,51
15379,102528178,102528.178,1216,0,gap,51
15380,102532392,102532.392,1171,0,gap,51
15381,102548169,102548.169,1168,0,gap,51
15382,102552392,102552.392,1151,0,gap,51
15383,102556622,102556.622,1147,0,gap,51
15384,102568186,102568.186,1133,0,gap,51
15385,102572431,102572.431,1126,0,gap,51
15386,102576665,102576.665,1119,0,gap,51
15387,102588178,102588.178,1099,0,gap,51
15388,102592426,102592.426,1101,0,gap,51
15389,102596678,102596.678,1075,0,gap,51
15390,102608186,102608.186,1070,0,gap,51
15391,102612461,102612.461,1041,0,gap,51
15392,102616720,102616.72,1037,0,gap,51
15393,102628179,102628.179,1054,0,gap,51
15394,102632452,102632.452,994,0,gap,51
15395,102636724,102636.724,995,0,gap,51
15396,102648191,102648.191,976,0,gap,51
15397,102652491,102652.491,947,0,gap,51
15398,102656791,102656.791,961,0,gap,51
15399,102668179,102668.179,945,0,gap,51
15400,102672500,102672.5,950,0,gap,51
15401,102678169,102678.169,950,0,gap,51
15402,102688186,102688.186,941,0,gap,51
15403,102692522,102692.522,918,0,gap,51
15404,102698185,102698.185,902,0,gap,51
15405,102708178,102708.178,912,0,gap,51
15406,102712517,102712.517,898,0,gap,51
15407,102718177,102718.177,861,0,gap,51
15408,102728186,102728.186,877,0,gap,51
15409,102732547,102732.547,831,0,gap,51
15410,102738185,102738.185,842,0,gap,51
15411,102748178,102748.178,855,0,gap,51
15412,102752562,102752.562,823,0,gap,51
15413,102758177,102758.177,835,0,gap,51
15414,102768186,102768.186,802,0,gap,51
15415,102772591,102772.591,808,0,gap,51
15416,102778186,102778.186,807,0,gap,51
15417,102788183,102788.183,798,0,gap,51
15418,102792589,102792.589,786,0,gap,51
15419,102798178,102798.178,764,0,gap,51
15420,102808187,102808.187,816,0,gap,51
15421,102812607,102812.607,758,0,gap,51
15422,102818186,102818.186,717,0,gap,51
15423,102828179,102828.179,759,0,gap,51
15424,102832605,102832.605,732,0,gap,51
15425,102848169,102848.169,739,0,gap,51
15426,102852597,102852.597,683,0,gap,51
15427,102857029,102857.029,717,0,gap,51
15428,102868177,102868.177,690,0,gap,51
15429,102872623,102872.623,682,0,gap,51
15430,102877060,102877.06,699,0,gap,51
15431,102888177,102888.177,683,0,gap,51
15432,102892629,102892.629,688,0,gap,51
15433,102897092,102897.092,656,0,gap,51
15434,102908185,102908.185,688,0,gap,51
15435,102912659,102912.659,651,0,gap,51
15436,102917116,102917.116,618,0,gap,51
15437,102928177,102928.177,667,0,gap,51
15438,102932645,102932.645,610,0,gap,51
15439,102939889,102939.889,653,0,gap,51
15440,102944125,102944.125,624,0,gap,51
15441,102958178,102958.178,660,0,gap,51
15442,102962385,102962.385,599,0,gap,51
15443,102966603,102966.603,578,0,gap,51
15444,102978189,102978.189,650,0,gap,51
15445,102982421,102982.421,576,0,gap,51
15446,102986640,102986.64,558,0,gap,51
15447,102998178,102998.178,601,0,gap,51
15448,103002417,103002.417,553,0,gap,51
15449,103006661,103006.661,575,0,gap,51
15450,103018186,103018.186,557,0,gap,51
15451,103022438,103022.438,533,0,gap,51
15452,103026691,103026.691,554,0,gap,51
15453,103038178,103038.178,564,0,gap,51
15454,103042441,103042.441,543,0,gap,51
15455,103046709,103046.709,505,0,gap,51
15456,103058186,103058.186,588,0,gap,51
15457,103062459,103062.459,528,0,gap,51
15458,103066729,103066.729,499,0,gap,51
15459,103078178,103078.178,578,0,gap,51
15460,103082495,103082.495,469,0,gap,51
15461,103086806,103086.806,463,0,gap,51
15462,103098186,103098.186,541,0,gap,51
15463,103102514,103102.514,457,0,gap,51
15464,103106837,103106.837,496,0,gap,51
15465,103118182,103118.182,499,0,gap,51
15466,103122520,103122.52,464,0,gap,51
15467,103126849,103126.849,489,0,gap,51
15468,103138186,103138.186,473,0,gap,51
15469,103142531,103142.531,485,0,gap,51
15470,103146875,103146.875,438,0,gap,51
15471,103158178,103158.178,511,0,gap,51
15472,103162541,103162.541,442,0,gap,51
15473,103166894,103166.894,423,0,gap,51
15474,103178187,103178.187,499,0,gap,51
15475,103182563,103182.563,414,0,gap,51
15476,103186949,103186.949,405,0,gap,51
15477,103198179,103198.179,472,0,gap,51
15478,103202577,103202.577,400,0,gap,51
15479,103206974,103206.974,443,0,gap,51
15480,103218187,103218.187,415,0,gap,51
15481,103222602,103222.602,417,0,gap,51
15482,103228169,103228.169,432,0,gap,51
15483,103238178,103238.178,416,0,gap,51
15484,103242595,103242.595,418,0,gap,51
15485,103248177,103248.177,397,0,gap,51
15486,103258186,103258.186,464,0,gap,51
15487,103262621,103262.621,387,0,gap,51
15488,103268185,103268.185,361,0,gap,51
15489,103278178,103278.178,451,0,gap,51
15490,103282615,103282.615,352,0,gap,51
15491,103288177,103288.177,383,0,gap,51
15492,103298190,103298.19,416,0,gap,51
15493,103302645,103302.645,337,0,gap,51
15494,103308185,103308.185,401,0,gap,51
15495,103318179,103318.179,360,0,gap,51
15496,103322639,103322.639,375,0,gap,51
15497,103328182,103328.182,400,0,gap,51
15498,103338187,103338.187,384,0,gap,51
15499,103342653,103342.653,389,0,gap,51
15500,103348186,103348.186,353,0,gap,51
15501,103358179,103358.179,400,0,gap,51
15502,103365443,103365.443,354,0,gap,51
15503,103369668,103369.668,309,0,gap,51
15504,103378186,103378.186,393,0,gap,51
15505,103382399,103382.399,306,0,gap,51
15506,103398185,103398.185,400,0,gap,51
15507,103402411,103402.411,288,0,gap,51
15508,103406637,103406.637,354,0,gap,51
15509,103418177,103418.177,337,0,gap,51
15510,103422415,103422.415,321,0,gap,51
15511,103426652,103426.652,329,0,gap,51
15512,103438186,103438.186,346,0,gap,51
15513,103442441,103442.441,317,0,gap,51
15514,103446688,103446.688,284,0,gap,51
15515,103458178,103458.178,369,0,gap,51
15516,103462440,103462.44,304,0,gap,51
15517,103466698,103466.698,284,0,gap,51
15518,103478186,103478.186,384,0,gap,51
15519,103482466,103482.466,273,0,gap,51
15520,103486738,103486.738,260,0,gap,51
15521,103498178,103498.178,352,0,gap,51
15522,103502474,103502.474,253,0,gap,51
15523,103506782,103506.782,288,0,gap,51
15524,103518190,103518.19,279,0,gap,51
15525,103522515,103522.515,274,0,gap,51
15526,103526833,103526.833,304,0,gap,51
15527,103538178,103538.178,304,0,gap,51
15528,103542514,103542.514,304,0,gap,51
15529,103546845,103546.845,269,0,gap,51
15530,103558186,103558.186,351,0,gap,51
15531,103562533,103562.533,261,0,gap,51
15532,103566877,103566.877,234,0,gap,51
15533,103578178,103578.178,353,0,gap,51
15534,103582535,103582.535,240,0,gap,51
15535,103586896,103586.896,229,0,gap,51
15536,103598186,103598.186,313,0,gap,51
15537,103602566,103602.566,213,0,gap,51
15538,103606941,103606.941,257,0,gap,51
15539,103618179,103618.179,272,0,gap,51
15540,103622579,103622.579,222,0,gap,51
15541,103626975,103626.975,260,0,gap,51
15542,103638187,103638.187,282,0,gap,51
15543,103642597,103642.597,270,0,gap,51
15544,103647002,103647.002,211,0,gap,51
15545,103658183,103658.183,322,0,gap,51
15546,103662603,103662.603,246,0,gap,51
15547,103668165,103668.165,219,0,gap,51
15548,103678186,103678.186,319,0,gap,51
15549,103682616,103682.616,206,0,gap,51
15550,103688185,103688.185,227,0,gap,51
15551,103698178,103698.178,282,0,gap,51
15552,103702617,103702.617,177,0,gap,51
15553,103708177,103708.177,263,0,gap,51
15554,103718186,103718.186,225,0,gap,51
15555,103722631,103722.631,223,0,gap,51
15556,103728189,103728.189,247,0,gap,51
15557,103738178,103738.178,227,0,gap,51
15558,103742633,103742.633,230,0,gap,51
15559,103748178,103748.178,219,0,gap,51
15560,103758186,103758.186,272,0,gap,51
15561,103762655,103762.655,217,0,gap,51
15562,103768186,103768.186,186,0,gap,51
15563,103778179,103778.179,304,0,gap,51
15564,103785413,103785.413,194,0,gap,51
15565,103789652,103789.652,198,0,gap,51
15566,103798186,103798.186,226,0,gap,51
15567,103802405,103802.405,161,0,gap,51
15568,103818173,103818.173,247,0,gap,51
15569,103822401,103822.401,191,0,gap,51
15570,103826625,103826.625,210,0,gap,51
15571,103838177,103838.177,227,0,gap,51
15572,103842416,103842.416,211,0,gap,51
15573,103846647,103846.647,158,0,gap,51
15574,103858186,103858.186,272,0,gap,51
15575,103862438,103862.438,193,0,gap,51
15576,103866683,103866.683,149,0,gap,51
15577,103878182,103878.182,294,0,gap,51
15578,103882442,103882.442,144,0,gap,51
15579,103886702,103886.702,130,0,gap,51
15580,103898186,103898.186,257,0,gap,51
15581,103902460,103902.46,150,0,gap,51
15582,103906726,103906.726,167,0,gap,51
15583,103918178,103918.178,187,0,gap,51
15584,103922461,103922.461,173,0,gap,51
15585,103926770,103926.77,188,0,gap,51
15586,103938186,103938.186,187,0,gap,51
15587,103942509,103942.509,176,0,gap,51
15588,103946825,103946.825,156,0,gap,51
15589,103958178,103958.178,248,0,gap,51
15590,103962504,103962.504,172,0,gap,51
15591,103966838,103966.838,116,0,gap,51
15592,103978186,103978.186,265,0,gap,51
15593,103982534,103982.534,116,0,gap,51
15594,103986871,103986.871,128,0,gap,51
15595,103998178,103998.178,215,0,gap,51
15596,104002533,104002.533,129,0,gap,51
15597,104006887,104006.887,157,0,gap,51
15598,104018186,104018.186,175,0,gap,51
15599,104022568,104022.568,161,0,gap,51
15600,104026936,104026.936,169,0,gap,51
15601,104038179,104038.179,176,0,gap,51
15602,104042570,104042.57,159,0,gap,51
15603,104046968,104046.968,135,0,gap,51
15604,104058191,104058.191,221,0,gap,51
15605,104062603,104062.603,128,0,gap,51
15606,104066999,104066.999,117,1,pulse,52
15607,104078184,104078.184,4095,1,pulse,52
15608,104082540,104082.54,4095,1,pulse,52
15609,104088174,104088.174,4095,1,pulse,52
15610,104098183,104098.183,4095,1,pulse,52
15611,104102549,104102.549,4095,1,pulse,52
15612,104118181,104118.181,4095,0,gap,52
15613,104122776,104122.776,2991,0,gap,52
15614,104127220,104127.22,2845,0,gap,52
15615,104138177,104138.177,2774,0,gap,52
15616,104142628,104142.628,2742,0,gap,52
15617,104147081,104147.081,2722,0,gap,52
15618,104158186,104158.186,2693,0,gap,52
15619,104162654,104162.654,2643,0,gap,52
15620,104167109,104167.109,2631,0,gap,52
15621,104178178,104178.178,2613,0,gap,52
15622,104182644,104182.644,2585,0,gap,52
15623,104187117,104187.117,2559,0,gap,52
15624,104198190,104198.19,2512,0,gap,52
15625,104202678,104202.678,2506,0,gap,52
15626,104207155,104207.155,2493,0,gap,52
15627,104214433,104214.433,2499,0,gap,52
15628,104228187,104228.187,2431,0,gap,52
15629,104232414,104232.414,2399,0,gap,52
15630,104236634,104236.634,2401,0,gap,52
15631,104248178,104248.178,2370,0,gap,52
15632,104252414,104252.414,2341,0,gap,52
15633,104256654,104256.654,2346,0,gap,52
15634,104268186,104268.186,2322,0,gap,52
15635,104272442,104272.442,2278,0,gap,52
15636,104276685,104276.685,2265,0,gap,52
15637,104288178,104288.178,2247,0,gap,52
15638,104292440,104292.44,2258,0,gap,52
15639,104296706,104296.706,2220,0,gap,52
15640,104308191,104308.191,2203,0,gap,52
15641,104312471,104312.471,2176,0,gap,52
15642,104316740,104316.74,2139,0,gap,52
15643,104328179,104328.179,2125,0,gap,52
15644,104332458,104332.458,2112,0,gap,52
15645,104338177,104338.177,2091,0,gap,52
15646,104348186,104348.186,2065,0,gap,52
15647,104352497,104352.497,2046,0,gap,52
15648,104358186,104358.186,2055,0,gap,52
15649,104368179,104368.179,1996,0,gap,52
15650,104372506,104372.506,2000,0,gap,52
15651,104378178,104378.178,1974,0,gap,52
15652,104388187,104388.187,1936,0,gap,52
15653,104392533,104392.533,1938,0,gap,52
15654,104408185,104408.185,1918,0,gap,52
15655,104412542,104412.542,1892,0,gap,52
15656,104416892,104416.892,1872,0,gap,52
15657,104428177,104428.177,1855,0,gap,52
15658,104432542,104432.542,1840,0,gap,52
15659,104436909,104436.909,1808,0,gap,52
15660,104448186,104448.186,1812,0,gap,52
15661,104452564,104452.564,1785,0,gap,52
15662,104456946,104456.946,1776,0,gap,52
15663,104468178,104468.178,1727,0,gap,52
15664,104472594,104472.594,1732,0,gap,52
15665,104476997,104476.997,1715,0,gap,52
15666,104488186,104488.186,1680,0,gap,52
15667,104492608,104492.608,1685,0,gap,52
15668,104497013,104497.013,1666,0,gap,52
15669,104508179,104508.179,1653,0,gap,52
15670,104512598,104512.598,1616,0,gap,52
15671,104518177,104518.177,1595,0,gap,52
15672,104528190,104528.19,1599,0,gap,52
15673,104532631,104532.631,1587,0,gap,52
15674,104538185,104538.185,1559,0,gap,52
15675,104548179,104548.179,1535,0,gap,52
15676,104552621,104552.621,1514,0,gap,52
15677,104558178,104558.178,1515,0,gap,52
15678,104568187,104568.187,1485,0,gap,52
15679,104572647,104572.647,1471,0,gap,52
15680,104588185,104588.185,1466,0,gap,52
15681,104592648,104592.648,1442,0,gap,52
15682,104597099,104597.099,1421,0,gap,52
15683,104608177,104608.177,1418,0,gap,52
15684,104612642,104612.642,1397,0,gap,52
15685,104617110,104617.11,1361,0,gap,52
15686,104628186,104628.186,1375,0,gap,52
15687,104632672,104632.672,1326,0,gap,52
15688,104637151,104637.151,1327,0,gap,52
15689,104644403,104644.403,1323,0,gap,52
15690,104658186,104658.186,1311,0,gap,52
15691,104662411,104662.411,1291,0,gap,52
15692,104666621,104666.621,1267,0,gap,52
15693,104678178,104678.178,1279,0,gap,52
15694,104682416,104682.416,1222,0,gap,52
15695,104686654,104686.654,1223,0,gap,52
15696,104698186,104698.186,1216,0,gap,52
15697,104702435,104702.435,1192,0,gap,52
15698,104706673,104706.673,1188,0,gap,52
15699,104718178,104718.178,1155,0,gap,52
15700,104722434,104722.434,1173,0,gap,52
15701,104726689,104726.689,1159,0,gap,52
15702,104738187,104738.187,1118,0,gap,52
15703,104742462,104742.462,1145,0,gap,52
15704,104746736,104746.736,1114,0,gap,52
15705,104758179,104758.179,1129,0,gap,52
15706,104762460,104762.46,1090,0,gap,52
15707,104768177,104768.177,1058,0,gap,52
15708,104778186,104778.186,1083,0,gap,52
15709,104782479,104782.479,1049,0,gap,52
15710,104788186,104788.186,1045,0,gap,52
15711,104798179,104798.179,1023,0,gap,52
15712,104802512,104802.512,994,0,gap,52
15713,104808178,104808.178,1007,0,gap,52
15714,104818187,104818.187,976,0,gap,52
15715,104822531,104822.531,977,0,gap,52
15716,104828186,104828.186,987,0,gap,52
15717,104838179,104838.179,976,0,gap,52
15718,104842529,104842.529,947,0,gap,52
15719,104858169,104858.169,960,0,gap,52
15720,104862539,104862.539,930,0,gap,52
15721,104866896,104866.896,905,0,gap,52
15722,104878185,104878.185,929,0,gap,52
15723,104882557,104882.557,874,0,gap,52
15724,104886928,104886.928,899,0,gap,52
15725,104898177,104898.177,887,0,gap,52
15726,104902581,104902.581,863,0,gap,52
15727,104906981,104906.981,871,0,gap,52
15728,104918185,104918.185,841,0,gap,52
15729,104922597,104922.597,846,0,gap,52
15730,104927007,104927.007,850,0,gap,52
15731,104938177,104938.177,829,0,gap,52
15732,104942598,104942.598,835,0,gap,52
15733,104947019,104947.019,805,0,gap,52
15734,104958186,104958.186,821,0,gap,52
15735,104962620,104962.62,794,0,gap,52
15736,104967054,104967.054,766,0,gap,52
15737,104978178,104978.178,811,0,gap,52
15738,104982618,104982.618,750,0,gap,52
15739,104987058,104987.058,742,0,gap,52
15740,104998186,104998.186,754,0,gap,52
15741,105002636,105002.636,720,0,gap,52
15742,105007086,105007.086,741,0,gap,52
15743,105018178,105018.178,708,0,gap,52
15744,105022642,105022.642,720,0,gap,52
15745,105027097,105027.097,719,0,gap,52
15746,105038186,105038.186,707,0,gap,52
15747,105042660,105042.66,718,0,gap,52
15748,105047129,105047.129,684,0,gap,52
15749,105058178,105058.178,719,0,gap,52
15750,105062662,105062.662,671,0,gap,52
15751,105067142,105067.142,655,0,gap,52
15752,105074422,105074.422,683,0,gap,52
15753,105088178,105088.178,670,0,gap,52
15754,105092401,105092.401,653,0,gap,52
15755,105096616,105096.616,633,0,gap,52
15756,105108185,105108.185,687,0,gap,52
15757,105112425,105112.425,638,0,gap,52
15758,105116665,105116.665,600,0,gap,52
15759,105128177,105128.177,661,0,gap,52
15760,105132429,105132.429,591,0,gap,52
15761,105136676,105136.676,579,0,gap,52
15762,105148186,105148.186,639,0,gap,52
15763,105152455,105152.455,558,0,gap,52
15764,105156716,105156.716,585,0,gap,52
15765,105168178,105168.178,580,0,gap,52
15766,105172450,105172.45,576,0,gap,52
15767,105176722,105176.722,577,0,gap,52
15768,105188190,105188.19,577,0,gap,52
15769,105192476,105192.476,579,0,gap,52
15770,105196754,105196.754,549,0,gap,52
15771,105208178,105208.178,592,0,gap,52
15772,105212480,105212.48,543,0,gap,52
15773,105216798,105216.798,495,0,gap,52
15774,105228186,105228.186,594,0,gap,52
15775,105232521,105232.521,475,0,gap,52
15776,105236853,105236.853,501,0,gap,52
15777,105248178,105248.178,546,0,gap,52
15778,105252520,105252.52,458,0,gap,52
15779,105256861,105256.861,511,0,gap,52
15780,105268186,105268.186,511,0,gap,52
15781,105272544,105272.544,493,0,gap,52
15782,105276897,105276.897,496,0,gap,52
15783,105288178,105288.178,496,0,gap,52
15784,105292553,105292.553,499,0,gap,52
15785,105296916,105296.916,464,0,gap,52
15786,105308187,105308.187,535,0,gap,52
15787,105312580,105312.58,484,0,gap,52
15788,105316961,105316.961,432,0,gap,52
15789,105328179,105328.179,511,0,gap,52
15790,105332593,105332.593,432,0,gap,52
15791,105336999,105336.999,432,0,gap,52
15792,105348187,105348.187,489,0,gap,52
15793,105352603,105352.603,408,0,gap,52
15794,105358169,105358.169,479,0,gap,52
15795,105368178,105368.178,435,0,gap,52
15796,105372604,105372.604,429,0,gap,52
15797,105378177,105378.177,453,0,gap,52
15798,105388186,105388.186,448,0,gap,52
15799,105392626,105392.626,432,0,gap,52
15800,105398189,105398.189,413,0,gap,52
15801,105408178,105408.178,464,0,gap,52
15802,105412624,105412.624,397,0,gap,52
15803,105418177,105418.177,382,0,gap,52
15804,105428186,105428.186,479,0,gap,52
15805,105432645,105432.645,377,0,gap,52
15806,105438186,105438.186,390,0,gap,52
15807,105448179,105448.179,424,0,gap,52
15808,105452647,105452.647,365,0,gap,52
15809,105458178,105458.178,423,0,gap,52
15810,105468187,105468.187,373,0,gap,52
15811,105472665,105472.665,368,0,gap,52
15812,105478186,105478.186,400,0,gap,52
15813,105488179,105488.179,400,0,gap,52
15814,105495423,105495.423,411,0,gap,52
15815,105499679,105499.679,336,0,gap,52
15816,105508190,105508.19,432,0,gap,52
15817,105512415,105512.415,348,0,gap,52
15818,105528185,105528.185,432,0,gap,52
15819,105532419,105532.419,320,0,gap,52
15820,105536649,105536.649,313,0,gap,52
15821,105548177,105548.177,384,0,gap,52
15822,105552426,105552.426,294,0,gap,52
15823,105556671,105556.671,341,0,gap,52
15824,105568186,105568.186,339,0,gap,52
15825,105572444,105572.444,328,0,gap,52
15826,105576695,105576.695,343,0,gap,52
15827,105588178,105588.178,338,0,gap,52
15828,105592444,105592.444,336,0,gap,52
15829,105596714,105596.714,297,0,gap,52
15830,105608186,105608.186,398,0,gap,52
15831,105612474,105612.474,319,0,gap,52
15832,105616754,105616.754,272,0,gap,52
15833,105628178,105628.178,400,0,gap,52
15834,105632466,105632.466,274,0,gap,52
15835,105636786,105636.786,272,0,gap,52
15836,105648186,105648.186,357,0,gap,52
15837,105652519,105652.519,274,0,gap,52
15838,105656849,105656.849,303,0,gap,52
15839,105668178,105668.178,307,0,gap,52
15840,105672518,105672.518,282,0,gap,52
15841,105676862,105676.862,297,0,gap,52
15842,105688186,105688.186,304,0,gap,52
15843,105692544,105692.544,293,0,gap,52
15844,105696887,105696.887,272,0,gap,52
15845,105708178,105708.178,363,0,gap,52
15846,105712539,105712.539,273,0,gap,52
15847,105716907,105716.907,243,0,gap,52
15848,105728190,105728.19,354,0,gap,52
15849,105732577,105732.577,240,0,gap,52
15850,105736952,105736.952,242,0,gap,52
15851,105748179,105748.179,327,0,gap,52
15852,105752583,105752.583,224,0,gap,52
15853,105756991,105756.991,273,0,gap,52
15854,105768187,105768.187,293,0,gap,52
15855,105772609,105772.609,272,0,gap,52
15856,105777018,105777.018,265,0,gap,52
15857,105788179,105788.179,281,0,gap,52
15858,105792599,105792.599,272,0,gap,52
15859,105798165,105798.165,227,0,gap,52
15860,105808186,105808.186,307,0,gap,52
15861,105812624,105812.624,235,0,gap,52
15862,105818185,105818.185,217,0,gap,52
15863,105828178,105828.178,323,0,gap,52
15864,105832626,105832.626,190,0,gap,52
15865,105838177,105838.177,234,0,gap,52
15866,105848186,105848.186,278,0,gap,52
15867,105852648,105852.648,196,0,gap,52
15868,105858185,105858.185,262,0,gap,52
15869,105868178,105868.178,228,0,gap,52
15870,105872642,105872.642,224,0,gap,52
15871,105878178,105878.178,262,0,gap,52
15872,105888186,105888.186,244,0,gap,52
15873,105892663,105892.663,260,0,gap,52
15874,105898186,105898.186,206,0,gap,52
15875,105908179,105908.179,288,0,gap,52
15876,105912659,105912.659,221,0,gap,52
15877,105919934,105919.934,208,0,gap,52
15878,105928186,105928.186,287,0,gap,52
15879,105932412,105932.412,176,0,gap,52
15880,105948189,105948.189,302,0,gap,52
15881,105952429,105952.429,148,0,gap,52
15882,105956654,105956.654,211,0,gap,52
15883,105968177,105968.177,228,0,gap,52
15884,105972417,105972.417,202,0,gap,52
15885,105976660,105976.66,227,0,gap,52
15886,105988186,105988.186,231,0,gap,52
15887,105992450,105992.45,219,0,gap,52
15888,105996704,105996.704,185,0,gap,52
15889,106008178,106008.178,254,0,gap,52
15890,106012447,106012.447,183,0,gap,52
15891,106016723,106016.723,149,0,gap,52
15892,106028186,106028.186,281,0,gap,52
15893,106032469,106032.469,141,0,gap,52
15894,106036740,106036.74,150,1,pulse,53
15895,106048183,106048.183,4095,1,pulse,53
15896,106052418,106052.418,4095,1,pulse,53
15897,106056655,106056.655,4095,1,pulse,53
15898,106068183,106068.183,4095,1,pulse,53
15899,106072453,106072.453,4095,1,pulse,53
15900,106078181,106078.181,4095,0,gap,53
15901,106088191,106088.191,2887,0,gap,53
15902,106092544,106092.544,2783,0,gap,53
15903,106098178,106098.178,2763,0,gap,53
15904,106108187,106108.187,2706,0,gap,53
15905,106112549,106112.549,2677,0,gap,53
15906,106118186,106118.186,2642,0,gap,53
15907,106128179,106128.179,2609,0,gap,53
15908,106132549,106132.549,2593,0,gap,53
15909,106148177,106148.177,2545,0,gap,53
15910,106152554,106152.554,2525,0,gap,53
15911,106156942,106156.942,2509,0,gap,53
15912,106168185,106168.185,2486,0,gap,53
15913,106172592,106172.592,2485,0,gap,53
15914,106176994,106176.994,2450,0,gap,53
15915,106188178,106188.178,2425,0,gap,53
15916,106192598,106192.598,2411,0,gap,53
15917,106197021,106197.021,2391,0,gap,53
15918,106208186,106208.186,2359,0,gap,53
15919,106212623,106212.623,2351,0,gap,53
15920,106217048,106217.048,2316,0,gap,53
15921,106228178,106228.178,2320,0,gap,53
15922,106232618,106232.618,2273,0,gap,53
15923,106237056,106237.056,2275,0,gap,53
15924,106248187,106248.187,2237,0,gap,53
15925,106252640,106252.64,2217,0,gap,53
15926,106258173,106258.173,2194,0,gap,53
15927,106268182,106268.182,2186,0,gap,53
15928,106272641,106272.641,2154,0,gap,53
15929,106278177,106278.177,2132,0,gap,53
15930,106288186,106288.186,2111,0,gap,53
15931,106292663,106292.663,2099,0,gap,53
15932,106298190,106298.19,2087,0,gap,53
15933,106308179,106308.179,2064,0,gap,53
15934,106312653,106312.653,2039,0,gap,53
15935,106328177,106328.177,2007,0,gap,53
15936,106332662,106332.662,1991,0,gap,53
15937,106337150,106337.15,1980,0,gap,53
15938,106348185,106348.185,1951,0,gap,53
15939,106355449,106355.449,1936,0,gap,53
15940,106359706,106359.706,1919,0,gap,53
15941,106368178,106368.178,1901,0,gap,53
15942,106372405,106372.405,1899,0,gap,53
15943,106388173,106388.173,1869,0,gap,53
15944,106392418,106392.418,1841,0,gap,53
15945,106396662,106396.662,1809,0,gap,53
15946,106408186,106408.186,1813,0,gap,53
15947,106412445,106412.445,1785,0,gap,53
15948,106416696,106416.696,1792,0,gap,53
15949,106428178,106428.178,1759,0,gap,53
15950,106432447,106432.447,1744,0,gap,53
15951,106436716,106436.716,1703,0,gap,53
15952,106448186,106448.186,1703,0,gap,53
15953,106452471,106452.471,1674,0,gap,53
15954,106456755,106456.755,1669,0,gap,53
15955,106468179,106468.179,1641,0,gap,53
15956,106472469,106472.469,1640,0,gap,53
15957,106476755,106476.755,1635,0,gap,53
15958,106488187,106488.187,1616,0,gap,53
15959,106492498,106492.498,1582,0,gap,53
15960,106498185,106498.185,1535,0,gap,53
15961,106508178,106508.178,1535,0,gap,53
15962,106512521,106512.521,1520,0,gap,53
15963,106518177,106518.177,1494,0,gap,53
15964,106528190,106528.19,1497,0,gap,53
15965,106532545,106532.545,1485,0,gap,53
15966,106538186,106538.186,1446,0,gap,53
15967,106548179,106548.179,1439,0,gap,53
15968,106552543,106552.543,1428,0,gap,53
15969,106568177,106568.177,1408,0,gap,53
15970,106572554,106572.554,1392,0,gap,53
15971,106576921,106576.921,1382,0,gap,53
15972,106588185,106588.185,1357,0,gap,53
15973,106592567,106592.567,1362,0,gap,53
15974,106596953,106596.953,1335,0,gap,53
15975,106608182,106608.182,1337,0,gap,53
15976,106612591,106612.591,1303,0,gap,53
15977,106617002,106617.002,1290,0,gap,53
15978,106628186,106628.186,1289,0,gap,53
15979,106632608,106632.608,1232,0,gap,53
15980,106637029,106637.029,1248,0,gap,53
15981,106648178,106648.178,1234,0,gap,53
15982,106652610,106652.61,1206,0,gap,53
15983,106657040,106657.04,1195,0,gap,53
15984,106668187,106668.187,1183,0,gap,53
15985,106672632,106672.632,1173,0,gap,53
15986,106678173,106678.173,1182,0,gap,53
15987,106688178,106688.178,1159,0,gap,53
15988,106692633,106692.633,1136,0,gap,53
15989,106698177,106698.177,1131,0,gap,53
15990,106708186,106708.186,1115,0,gap,53
15991,106712655,106712.655,1095,0,gap,53
15992,106718186,106718.186,1088,0,gap,53
15993,106728179,106728.179,1117,0,gap,53
15994,106732649,106732.649,1055,0,gap,53
15995,106748177,106748.177,1066,0,gap,53
15996,106752658,106752.658,1021,0,gap,53
15997,106757130,106757.13,1043,0,gap,53
15998,106768185,106768.185,1012,0,gap,53
15999,106772676,106772.676,1008,0,gap,53
16000,106777162,106777.162,1008,0,gap,53
16001,106788178,106788.178,981,0,gap,53
16002,106795453,106795.453,1002,0,gap,53
16003,106799692,106799.692,940,0,gap,53
16004,106808185,106808.185,961,0,gap,53
16005,106812419,106812.419,931,0,gap,53
16006,106818186,106818.186,913,0,gap,53
16007,106828183,106828.183,937,0,gap,53
16008,106832436,106832.436,889,0,gap,53
16009,106838178,106838.178,897,0,gap,53
16010,106848187,106848.187,913,0,gap,53
16011,106852448,106852.448,858,0,gap,53
16012,106868189,106868.189,853,0,gap,53
16013,106872460,106872.46,863,0,gap,53
16014,106876727,106876.727,843,0,gap,53
16015,106888177,106888.177,847,0,gap,53
16016,106892459,106892.459,847,0,gap,53
16017,106896745,106896.745,815,0,gap,53
16018,106908185,106908.185,863,0,gap,53
16019,106912485,106912.485,815,0,gap,53
16020,106916773,106916.773,783,0,gap,53
16021,106928178,106928.178,816,0,gap,53
16022,106932486,106932.486,747,0,gap,53
16023,106936817,106936.817,754,0,gap,53
16024,106948186,106948.186,766,0,gap,53
16025,106952532,106952.532,737,0,gap,53
16026,106956869,106956.869,758,0,gap,53
16027,106968178,106968.178,726,0,gap,53
16028,106972537,106972.537,735,0,gap,53
16029,106976888,106976.888,754,0,gap,53
16030,106988186,106988.186,722,0,gap,53
16031,106992552,106992.552,725,0,gap,53
16032,106996915,106996.915,703,0,gap,53
16033,107008178,107008.178,726,0,gap,53
16034,107012562,107012.562,688,0,gap,53
16035,107016942,107016.942,670,0,gap,53
16036,107028186,107028.186,719,0,gap,53
16037,107032581,107032.581,637,0,gap,53
16038,107036971,107036.971,648,0,gap,53
16039,107048182,107048.182,679,0,gap,53
16040,107052602,107052.602,622,0,gap,53
16041,107057018,107057.018,643,0,gap,53
16042,107068186,107068.186,624,0,gap,53
16043,107072612,107072.612,626,0,gap,53
16044,107077037,107077.037,640,0,gap,53
16045,107088179,107088.179,633,0,gap,53
16046,107092614,107092.614,616,0,gap,53
16047,107097049,107097.049,591,0,gap,53
16048,107108187,107108.187,646,0,gap,53
16049,107112636,107112.636,581,0,gap,53
16050,107117080,107117.08,568,0,gap,53
16051,107128179,107128.179,639,0,gap,53
16052,107132638,107132.638,554,0,gap,53
16053,107138165,107138.165,560,0,gap,53
16054,107148186,107148.186,587,0,gap,53
16055,107152659,107152.659,525,0,gap,53
16056,107158185,107158.185,572,0,gap,53
16057,107168178,107168.178,545,0,gap,53
16058,107172652,107172.652,538,0,gap,53
16059,107178177,107178.177,563,0,gap,53
16060,107188190,107188.19,543,0,gap,53
16061,107192679,107192.679,540,0,gap,53
16062,107198185,107198.185,529,0,gap,53
16063,107208178,107208.178,581,0,gap,53
16064,107212677,107212.677,525,0,gap,53
16065,107219788,107219.788,496,0,gap,53
16066,107228185,107228.185,560,0,gap,53
16067,107232416,107232.416,465,0,gap,53
16068,107238186,107238.186,498,0,gap,53
16069,107248179,107248.179,530,0,gap,53
16070,107252423,107252.423,442,0,gap,53
16071,107268169,107268.169,478,0,gap,53
16072,107272423,107272.423,463,0,gap,53
16073,107276681,107276.681,489,0,gap,53
16074,107288185,107288.185,490,0,gap,53
16075,107292456,107292.456,480,0,gap,53
16076,107296721,107296.721,446,0,gap,53
16077,107308177,107308.177,508,0,gap,53
16078,107312454,107312.454,460,0,gap,53
16079,107316737,107316.737,421,0,gap,53
16080,107328186,107328.186,496,0,gap,53
16081,107332479,107332.479,414,0,gap,53
16082,107336768,107336.768,406,0,gap,53
16083,107348178,107348.178,478,0,gap,53
16084,107352478,107352.478,398,0,gap,53
16085,107356794,107356.794,418,0,gap,53
16086,107368186,107368.186,400,0,gap,53
16087,107372533,107372.533,417,0,gap,53
16088,107376871,107376.871,406,0,gap,53
16089,107388178,107388.178,431,0,gap,53
16090,107392531,107392.531,416,0,gap,53
16091,107396876,107396.876,401,0,gap,53
16092,107408190,107408.19,464,0,gap,53
16093,107412553,107412.553,403,0,gap,53
16094,107416909,107416.909,358,0,gap,53
16095,107428178,107428.178,454,0,gap,53
16096,107432556,107432.556,340,0,gap,53
16097,107436925,107436.925,354,0,gap,53
16098,107448186,107448.186,437,0,gap,53
16099,107452574,107452.574,336,0,gap,53
16100,107456966,107456.966,387,0,gap,53
16101,107468178,107468.178,367,0,gap,53
16102,107472596,107472.596,354,0,gap,53
16103,107477013,107477.013,386,0,gap,53
16104,107488186,107488.186,379,0,gap,53
16105,107492610,107492.61,369,0,gap,53
16106,107497029,107497.029,331,0,gap,53
16107,107508179,107508.179,421,0,gap,53
16108,107512616,107512.616,359,0,gap,53
16109,107517049,107517.049,295,0,gap,53
16110,107528187,107528.187,432,0,gap,53
16111,107532634,107532.634,303,0,gap,53
16112,107537076,107537.076,310,0,gap,53
16113,107548179,107548.179,385,0,gap,53
16114,107552636,107552.636,291,0,gap,53
16115,107558177,107558.177,373,0,gap,53
16116,107568186,107568.186,321,0,gap,53
16117,107572649,107572.649,307,0,gap,53
16118,107578185,107578.185,336,0,gap,53
16119,107588182,107588.182,331,0,gap,53
16120,107592659,107592.659,322,0,gap,53
16121,107598177,107598.177,314,0,gap,53
16122,107608186,107608.186,359,0,gap,53
16123,107612672,107612.672,297,0,gap,53
16124,107618190,107618.19,258,0,gap,53
16125,107628179,107628.179,378,0,gap,53
16126,107632671,107632.671,273,0,gap,53
16127,107639928,107639.928,336,0,gap,53
16128,107648185,107648.185,306,0,gap,53
16129,107652413,107652.413,247,0,gap,53
16130,107658186,107658.186,309,0,gap,53
16131,107668179,107668.179,295,0,gap,53
16132,107672423,107672.423,272,0,gap,53
16133,107688169,107688.169,325,0,gap,53
16134,107692416,107692.416,289,0,gap,53
16135,107696675,107696.675,249,0,gap,53
16136,107708185,107708.185,356,0,gap,53
16137,107712453,107712.453,260,0,gap,53
16138,107716710,107716.71,236,0,gap,53
16139,107728177,107728.177,365,0,gap,53
16140,107732459,107732.459,238,0,gap,53
16141,107736735,107736.735,230,0,gap,53
16142,107748186,107748.186,294,0,gap,53
16143,107752476,107752.476,219,0,gap,53
16144,107756763,107756.763,266,0,gap,53
16145,107768178,107768.178,255,0,gap,53
16146,107772483,107772.483,253,0,gap,53
16147,107776777,107776.777,256,0,gap,53
16148,107788186,107788.186,269,0,gap,53
16149,107792520,107792.52,262,0,gap,53
16150,107796855,107796.855,227,0,gap,53
16151,107808182,107808.182,306,0,gap,53
16152,107812533,107812.533,230,0,gap,53
16153,107816879,107816.879,179,0,gap,53
16154,107828186,107828.186,340,0,gap,53
16155,107832543,107832.543,207,0,gap,53
16156,107836903,107836.903,197,0,gap,53
16157,107848178,107848.178,286,0,gap,53
16158,107852554,107852.554,179,0,gap,53
16159,107856925,107856.925,239,0,gap,53
16160,107868186,107868.186,230,0,gap,53
16161,107872571,107872.571,221,0,gap,53
16162,107876956,107876.956,235,0,gap,53
16163,107888178,107888.178,238,0,gap,53
16164,107892588,107892.588,233,0,gap,53
16165,107896994,107896.994,191,0,gap,53
16166,107908186,107908.186,283,0,gap,53
16167,107912615,107912.615,227,0,gap,53
16168,107917036,107917.036,163,0,gap,53
16169,107928179,107928.179,304,0,gap,53
16170,107932609,107932.609,185,0,gap,53
16171,107937036,107937.036,175,0,gap,53
16172,107948191,107948.191,263,0,gap,53
16173,107952635,107952.635,165,0,gap,53
16174,107957071,107957.071,204,0,gap,53
16175,107968179,107968.179,217,0,gap,53
16176,107972633,107972.633,206,0,gap,53
16177,107978169,107978.169,231,0,gap,53
16178,107988186,107988.186,205,0,gap,53
16179,107992646,107992.646,219,0,gap,53
16180,107998185,107998.185,187,0,gap,53
16181,108008178,108008.178,272,0,gap,53
16182,108012648,108012.648,192,0,gap,53
16183,108018181,108018.181,144,0,gap,53
16184,108028186,108028.186,272,0,gap,53
16185,108032666,108032.666,160,0,gap,53
16186,108038185,108038.185,167,0,gap,53
16187,108048179,108048.179,232,0,gap,53
16188,108052672,108052.672,142,0,gap,53
16189,108058178,108058.178,208,0,gap,53
16190,108065462,108065.462,196,0,gap,53
16191,108078178,108078.178,269,0,gap,53
16192,108082411,108082.411,127,0,gap,53
16193,108086641,108086.641,133,0,gap,53
16194,108098186,108098.186,221,0,gap,53
16195,108102431,108102.431,118,0,gap,53
16196,108106677,108106.677,161,0,gap,53
16197,108118178,108118.178,189,0,gap,53
16198,108122435,108122.435,147,0,gap,53
16199,108126696,108126.696,174,0,gap,53
16200,108138186,108138.186,178,1,pulse,54
16201,108142553,108142.553,4095,1,pulse,54
16202,108146766,108146.766,4095,1,pulse,54
16203,108158175,108158.175,4095,1,pulse,54
16204,108162399,108162.399,4095,1,pulse,54
16205,108168173,108168.173,4095,1,pulse,54
16206,108178182,108178.182,4095,0,gap,54
16207,108182634,108182.634,3039,0,gap,54
16208,108188185,108188.185,2930,0,gap,54
16209,108198178,108198.178,2757,0,gap,54
16210,108202505,108202.505,2730,0,gap,54
16211,108208178,108208.178,2690,0,gap,54
16212,108218187,108218.187,2653,0,gap,54
16213,108222542,108222.542,2623,0,gap,54
16214,108238173,108238.173,2594,0,gap,54
16215,108242536,108242.536,2585,0,gap,54
16216,108246894,108246.894,2551,0,gap,54
16217,108258177,108258.177,2528,0,gap,54
16218,108262550,108262.55,2510,0,gap,54
16219,108266924,108266.924,2478,0,gap,54
16220,108278186,108278.186,2449,0,gap,54
16221,108282573,108282.573,2427,0,gap,54
16222,108286957,108286.957,2430,0,gap,54
16223,108298178,108298.178,2401,0,gap,54
16224,108302576,108302.576,2378,0,gap,54
16225,108306985,108306.985,2361,0,gap,54
16226,108318186,108318.186,2329,0,gap,54
16227,108322614,108322.614,2317,0,gap,54
16228,108327036,108327.036,2303,0,gap,54
16229,108338179,108338.179,2279,0,gap,54
16230,108342620,108342.62,2256,0,gap,54
16231,108348169,108348.169,2224,0,gap,54
16232,108358186,108358.186,2224,0,gap,54
16233,108362633,108362.633,2192,0,gap,54
16234,108368185,108368.185,2166,0,gap,54
16235,108378183,108378.183,2160,0,gap,54
16236,108382639,108382.639,2142,0,gap,54
16237,108388178,108388.178,2114,0,gap,54
16238,108398187,108398.187,2091,0,gap,54
16239,108402653,108402.653,2067,0,gap,54
16240,108418185,108418.185,2032,0,gap,54
16241,108422662,108422.662,2025,0,gap,54
16242,108427130,108427.13,2018,0,gap,54
16243,108438177,108438.177,2003,0,gap,54
16244,108442660,108442.66,1972,0,gap,54
16245,108447138,108447.138,1954,0,gap,54
16246,108458186,108458.186,1937,0,gap,54
16247,108462678,108462.678,1905,0,gap,54
16248,108467166,108467.166,1893,0,gap,54
16249,108478178,108478.178,1873,0,gap,54
16250,108482680,108482.68,1873,0,gap,54
16251,108487182,108487.182,1833,0,gap,54
16252,108494449,108494.449,1821,0,gap,54
16253,108508178,108508.178,1805,0,gap,54
16254,108512420,108512.42,1786,0,gap,54
16255,108516657,108516.657,1759,0,gap,54
16256,108528186,108528.186,1757,0,gap,54
16257,108532448,108532.448,1726,0,gap,54
16258,108536702,108536.702,1709,0,gap,54
16259,108548178,108548.178,1693,0,gap,54
16260,108552447,108552.447,1680,0,gap,54
16261,108556712,108556.712,1658,0,gap,54
16262,108568186,108568.186,1619,0,gap,54
16263,108572470,108572.47,1622,0,gap,54
16264,108576744,108576.744,1614,0,gap,54
16265,108588179,108588.179,1584,0,gap,54
16266,108592470,108592.47,1591,0,gap,54
16267,108596767,108596.767,1535,0,gap,54
16268,108608187,108608.187,1535,0,gap,54
16269,108612495,108612.495,1522,0,gap,54
16270,108618185,108618.185,1495,0,gap,54
16271,108628178,108628.178,1490,0,gap,54
16272,108632491,108632.491,1472,0,gap,54
16273,108638177,108638.177,1463,0,gap,54
16274,108648186,108648.186,1436,0,gap,54
16275,108652543,108652.543,1431,0,gap,54
16276,108658186,108658.186,1417,0,gap,54
16277,108668179,108668.179,1380,0,gap,54
16278,108672544,108672.544,1392,0,gap,54
16279,108688177,108688.177,1375,0,gap,54
16280,108692544,108692.544,1361,0,gap,54
16281,108696915,108696.915,1311,0,gap,54
16282,108708185,108708.185,1328,0,gap,54
16283,108712580,108712.58,1312,0,gap,54
16284,108716969,108716.969,1279,0,gap,54
16285,108728178,108728.178,1286,0,gap,54
16286,108732569,108732.569,1253,0,gap,54
16287,108736968,108736.968,1247,0,gap,54
16288,108748186,108748.186,1239,0,gap,54
16289,108752614,108752.614,1205,0,gap,54
16290,108757031,108757.031,1202,0,gap,54
16291,108768178,108768.178,1200,0,gap,54
16292,108772610,108772.61,1186,0,gap,54
16293,108777044,108777.044,1169,0,gap,54
16294,108788187,108788.187,1163,0,gap,54
16295,108792636,108792.636,1163,0,gap,54
16296,108798173,108798.173,1127,0,gap,54
16297,108808178,108808.178,1119,0,gap,54
16298,108812629,108812.629,1103,0,gap,54
16299,108818181,108818.181,1072,0,gap,54
16300,108828186,108828.186,1099,0,gap,54
16301,108832655,108832.655,1061,0,gap,54
16302,108838186,108838.186,1046,0,gap,54
16303,108848179,108848.179,1038,0,gap,54
16304,108852649,108852.649,1009,0,gap,54
16305,108868177,108868.177,1008,0,gap,54
16306,108872654,108872.654,996,0,gap,54
16307,108877134,108877.134,1008,0,gap,54
16308,108888185,108888.185,979,0,gap,54
16309,108892679,108892.679,993,0,gap,54
16310,108897165,108897.165,958,0,gap,54
16311,108908177,108908.177,966,0,gap,54
16312,108912673,108912.673,944,0,gap,54
16313,108917173,108917.173,921,0,gap,54
16314,108928185,108928.185,960,0,gap,54
16315,108935479,108935.479,889,0,gap,54
16316,108939729,108939.729,908,0,gap,54
16317,108948177,108948.177,889,0,gap,54
16318,108952421,108952.421,857,0,gap,54
16319,108958178,108958.178,886,0,gap,54
16320,108968187,108968.187,849,0,gap,54
16321,108972458,108972.458,849,0,gap,54
16322,108978186,108978.186,859,0,gap,54
16323,108988179,108988.179,839,0,gap,54
16324,108992450,108992.45,838,0,gap,54
16325,109008169,109008.169,854,0,gap,54
16326,109012454,109012.454,806,0,gap,54
16327,109016735,109016.735,783,0,gap,54
16328,109028185,109028.185,833,0,gap,54
16329,109032481,109032.481,757,0,gap,54
16330,109036773,109036.773,767,0,gap,54
16331,109048181,109048.181,788,0,gap,54
16332,109052487,109052.487,745,0,gap,54
16333,109056789,109056.789,752,0,gap,54
16334,109068186,109068.186,752,0,gap,54
16335,109072512,109072.512,735,0,gap,54
16336,109076845,109076.845,745,0,gap,54
16337,109088178,109088.178,721,0,gap,54
16338,109092530,109092.53,715,0,gap,54
16339,109096885,109096.885,703,0,gap,54
16340,109108186,109108.186,740,0,gap,54
16341,109112555,109112.555,693,0,gap,54
16342,109116916,109116.916,661,0,gap,54
16343,109128178,109128.178,723,0,gap,54
16344,109132550,109132.55,658,0,gap,54
16345,109136927,109136.927,637,0,gap,54
16346,109148186,109148.186,701,0,gap,54
16347,109152584,109152.584,612,0,gap,54
16348,109156966,109156.966,658,0,gap,54
16349,109168178,109168.178,657,0,gap,54
16350,109172578,109172.578,613,0,gap,54
16351,109176987,109176.987,624,0,gap,54
16352,109188186,109188.186,636,0,gap,54
16353,109192624,109192.624,630,0,gap,54
16354,109197045,109197.045,598,0,gap,54
16355,109208178,109208.178,635,0,gap,54
16356,109212614,109212.614,609,0,gap,54
16357,109217053,109217.053,562,0,gap,54
16358,109228186,109228.186,624,0,gap,54
16359,109232640,109232.64,547,0,gap,54
16360,109237081,109237.081,559,0,gap,54
16361,109248179,109248.179,610,0,gap,54
16362,109252634,109252.634,549,0,gap,54
16363,109257096,109257.096,560,0,gap,54
16364,109268187,109268.187,553,0,gap,54
16365,109272660,109272.66,553,0,gap,54
16366,109277120,109277.12,562,0,gap,54
16367,109288179,109288.179,551,0,gap,54
16368,109292653,109292.653,549,0,gap,54
16369,109298169,109298.169,499,0,gap,54
16370,109308186,109308.186,563,0,gap,54
16371,109312678,109312.678,501,0,gap,54
16372,109318185,109318.185,479,0,gap,54
16373,109328178,109328.178,576,0,gap,54
16374,109332676,109332.676,464,0,gap,54
16375,109338177,109338.177,480,0,gap,54
16376,109348186,109348.186,535,0,gap,54
16377,109355458,109355.458,498,0,gap,54
16378,109359729,109359.729,503,0,gap,54
16379,109368181,109368.181,467,0,gap,54
16380,109372423,109372.423,450,0,gap,54
16381,109378178,109378.178,480,0,gap,54
16382,109388187,109388.187,485,0,gap,54
16383,109392452,109392.452,479,0,gap,54
16384,109408169,109408.169,511,0,gap,54
16385,109412445,109412.445,448,0,gap,54
16386,109416706,109416.706,417,0,gap,54
16387,109428177,109428.177,511,0,gap,54
16388,109432456,109432.456,405,0,gap,54
16389,109436734,109436.734,417,0,gap,54
16390,109448185,109448.185,479,0,gap,54
16391,109452480,109452.48,399,0,gap,54
16392,109456769,109456.769,437,0,gap,54
16393,109468178,109468.178,432,0,gap,54
16394,109472482,109472.482,394,0,gap,54
16395,109476785,109476.785,426,0,gap,54
16396,109488186,109488.186,433,0,gap,54
16397,109492502,109492.502,432,0,gap,54
16398,109496841,109496.841,385,0,gap,54
16399,109508178,109508.178,463,0,gap,54
16400,109512530,109512.53,385,0,gap,54
16401,109516884,109516.884,366,0,gap,54
16402,109528186,109528.186,474,0,gap,54
16403,109532550,109532.55,355,0,gap,54
16404,109536909,109536.909,359,0,gap,54
16405,109548178,109548.178,428,0,gap,54
16406,109552556,109552.556,334,0,gap,54
16407,109556926,109556.926,368,0,gap,54
16408,109568186,109568.186,368,0,gap,54
16409,109572575,109572.575,364,0,gap,54
16410,109576958,109576.958,383,0,gap,54
16411,109588182,109588.182,384,0,gap,54
16412,109592585,109592.585,368,0,gap,54
16413,109596987,109596.987,343,0,gap,54
16414,109608186,109608.186,401,0,gap,54
16415,109612615,109612.615,347,0,gap,54
16416,109617038,109617.038,302,0,gap,54
16417,109628178,109628.178,407,0,gap,54
16418,109632617,109632.617,299,0,gap,54
16419,109637050,109637.05,305,0,gap,54
16420,109648187,109648.187,381,0,gap,54
16421,109652634,109652.634,295,0,gap,54
16422,109657082,109657.082,318,0,gap,54
16423,109668179,109668.179,350,0,gap,54
16424,109672636,109672.636,326,0,gap,54
16425,109678165,109678.165,353,0,gap,54
16426,109688186,109688.186,331,0,gap,54
16427,109692657,109692.657,331,0,gap,54
16428,109698185,109698.185,319,0,gap,54
16429,109708178,109708.178,367,0,gap,54
16430,109712655,109712.655,321,0,gap,54
16431,109718177,109718.177,267,0,gap,54
16432,109728186,109728.186,368,0,gap,54
16433,109732677,109732.677,273,0,gap,54
16434,109738185,109738.185,287,0,gap,54
16435,109748178,109748.178,356,0,gap,54
16436,109752675,109752.675,252,0,gap,54
16437,109758177,109758.177,304,0,gap,54
16438,109768186,109768.186,304,0,gap,54
16439,109772694,109772.694,288,0,gap,54
16440,109779991,109779.991,322,0,gap,54
16441,109788177,109788.177,286,0,gap,54
16442,109792420,109792.42,286,0,gap,54
16443,109808169,109808.169,335,0,gap,54
16444,109812425,109812.425,259,0,gap,54
16445,109816677,109816.677,230,0,gap,54
16446,109828185,109828.185,352,0,gap,54
16447,109832456,109832.456,250,0,gap,54
16448,109836723,109836.723,227,0,gap,54
16449,109848177,109848.177,322,0,gap,54
16450,109852458,109852.458,211,0,gap,54
16451,109856736,109856.736,260,0,gap,54
16452,109868186,109868.186,281,0,gap,54
16453,109872478,109872.478,230,0,gap,54
16454,109876771,109876.771,259,0,gap,54
16455,109888178,109888.178,272,0,gap,54
16456,109892481,109892.481,256,0,gap,54
16457,109896779,109896.779,232,0,gap,54
16458,109908186,109908.186,317,0,gap,54
16459,109912502,109912.502,248,0,gap,54
16460,109916821,109916.821,211,0,gap,54
16461,109928178,109928.178,341,0,gap,54
16462,109932529,109932.529,208,0,gap,54
16463,109936876,109936.876,194,0,gap,54
16464,109948186,109948.186,317,0,gap,54
16465,109952552,109952.552,199,0,gap,54
16466,109956910,109956.91,225,0,gap,54
16467,109968178,109968.178,234,0,gap,54
16468,109972551,109972.551,211,0,gap,54
16469,109976920,109976.92,256,0,gap,54
16470,109988186,109988.186,257,0,gap,54
16471,109992574,109992.574,242,0,gap,54
16472,109996957,109996.957,208,0,gap,54
16473,110008178,110008.178,278,0,gap,54
16474,110012576,110012.576,207,0,gap,54
16475,110016985,110016.985,159,0,gap,54
16476,110028186,110028.186,297,0,gap,54
16477,110032614,110032.614,177,0,gap,54
16478,110037036,110037.036,167,0,gap,54
16479,110048179,110048.179,285,0,gap,54
16480,110052615,110052.615,170,0,gap,54
16481,110057051,110057.051,192,0,gap,54
16482,110068187,110068.187,228,0,gap,54
16483,110072633,110072.633,194,0,gap,54
16484,110077075,110077.075,195,0,gap,54
16485,110088179,110088.179,198,0,gap,54
16486,110092639,110092.639,209,0,gap,54
16487,110098169,110098.169,178,0,gap,54
16488,110108186,110108.186,250,0,gap,54
16489,110112652,110112.652,186,0,gap,54
16490,110118185,110118.185,2719,1,pulse,55
16491,110128183,110128.183,4095,1,pulse,55
16492,110132601,110132.601,4095,1,pulse,55
16493,110148173,110148.173,4095,1,pulse,55
16494,110152590,110152.59,4095,1,pulse,55
16495,110157001,110157.001,4095,0,gap,55
16496,110168198,110168.198,2806,0,gap,55
16497,110172704,110172.704,2797,0,gap,55
16498,110177202,110177.202,2743,0,gap,55
16499,110188178,110188.178,2688,0,gap,55
16500,110192690,110192.69,2653,0,gap,55
16501,110197201,110197.201,2634,0,gap,55
16502,110204478,110204.478,2612,0,gap,55
16503,110218178,110218.178,2559,0,gap,55
16504,110222429,110222.429,2549,0,gap,55
16505,110226677,110226.677,2538,0,gap,55
16506,110238190,110238.19,2520,0,gap,55
16507,110242457,110242.457,2485,0,gap,55
16508,110246721,110246.721,2473,0,gap,55
16509,110258178,110258.178,2455,0,gap,55
16510,110262456,110262.456,2438,0,gap,55
16511,110266736,110266.736,2399,0,gap,55
16512,110278186,110278.186,2384,0,gap,55
16513,110282479,110282.479,2377,0,gap,55
16514,110286764,110286.764,2348,0,gap,55
16515,110298179,110298.179,2317,0,gap,55
16516,110302479,110302.479,2307,0,gap,55
16517,110306787,110306.787,2289,0,gap,55
16518,110318187,110318.187,2252,0,gap,55
16519,110322505,110322.505,2253,0,gap,55
16520,110328185,110328.185,2234,0,gap,55
16521,110338178,110338.178,2187,0,gap,55
16522,110342505,110342.505,2183,0,gap,55
16523,110348177,110348.177,2158,0,gap,55
16524,110358186,110358.186,2137,0,gap,55
16525,110362553,110362.553,2118,0,gap,55
16526,110368186,110368.186,2096,0,gap,55
16527,110378183,110378.183,2073,0,gap,55
16528,110382553,110382.553,2081,0,gap,55
16529,110398177,110398.177,2034,0,gap,55
16530,110402554,110402.554,2007,0,gap,55
16531,110406934,110406.934,2017,0,gap,55
16532,110418185,110418.185,1983,0,gap,55
16533,110422590,110422.59,1978,0,gap,55
16534,110426977,110426.977,1951,0,gap,55
16535,110438178,110438.178,1914,0,gap,55
16536,110442579,110442.579,1911,0,gap,55
16537,110446988,110446.988,1877,0,gap,55
16538,110458190,110458.19,1873,0,gap,55
16539,110462624,110462.624,1852,0,gap,55
16540,110467050,110467.05,1840,0,gap,55
16541,110478178,110478.178,1827,0,gap,55
16542,110482620,110482.62,1808,0,gap,55
16543,110487068,110487.068,1767,0,gap,55
16544,110498187,110498.187,1755,0,gap,55
16545,110502646,110502.646,1731,0,gap,55
16546,110508173,110508.173,1729,0,gap,55
16547,110518178,110518.178,1699,0,gap,55
16548,110522639,110522.639,1709,0,gap,55
16549,110528177,110528.177,1674,0,gap,55
16550,110538186,110538.186,1655,0,gap,55
16551,110542665,110542.665,1646,0,gap,55
16552,110548186,110548.186,1631,0,gap,55
16553,110558179,110558.179,1612,0,gap,55
16554,110562663,110562.663,1587,0,gap,55
16555,110578177,110578.177,1571,0,gap,55
16556,110582664,110582.664,1535,0,gap,55
16557,110587154,110587.154,1522,0,gap,55
16558,110598185,110598.185,1515,0,gap,55
16559,110602694,110602.694,1501,0,gap,55
16560,110607186,110607.186,1495,0,gap,55
16561,110618177,110618.177,1458,0,gap,55
16562,110622684,110622.684,1455,0,gap,55
16563,110627194,110627.194,1435,0,gap,55
16564,110638186,110638.186,1421,0,gap,55
16565,110645500,110645.5,1404,0,gap,55
16566,110649756,110649.756,1386,0,gap,55
16567,110658178,110658.178,1374,0,gap,55
16568,110662431,110662.431,1357,0,gap,55
16569,110678177,110678.177,1359,0,gap,55
16570,110682448,110682.448,1307,0,gap,55
16571,110686717,110686.717,1317,0,gap,55
16572,110698186,110698.186,1297,0,gap,55
16573,110702471,110702.471,1270,0,gap,55
16574,110706744,110706.744,1265,0,gap,55
16575,110718182,110718.182,1235,0,gap,55
16576,110722473,110722.473,1247,0,gap,55
16577,110726769,110726.769,1247,0,gap,55
16578,110738186,110738.186,1199,0,gap,55
16579,110742497,110742.497,1223,0,gap,55
16580,110746795,110746.795,1202,0,gap,55
16581,110758179,110758.179,1184,0,gap,55
16582,110762491,110762.491,1179,0,gap,55
16583,110766807,110766.807,1130,0,gap,55
16584,110778187,110778.187,1150,0,gap,55
16585,110782527,110782.527,1121,0,gap,55
16586,110788189,110788.189,1104,0,gap,55
16587,110798178,110798.178,1094,0,gap,55
16588,110802540,110802.54,1061,0,gap,55
16589,110808177,110808.177,1093,0,gap,55
16590,110818186,110818.186,1059,0,gap,55
16591,110822570,110822.57,1061,0,gap,55
16592,110828186,110828.186,1061,0,gap,55
16593,110838179,110838.179,1036,0,gap,55
16594,110842562,110842.562,1040,0,gap,55
16595,110858177,110858.177,1021,0,gap,55
16596,110862571,110862.571,979,0,gap,55
16597,110866972,110866.972,957,0,gap,55
16598,110878185,110878.185,1003,0,gap,55
16599,110882597,110882.597,951,0,gap,55
16600,110887008,110887.008,938,0,gap,55
16601,110898177,110898.177,927,0,gap,55
16602,110902615,110902.615,898,0,gap,55
16603,110907051,110907.051,942,0,gap,55
16604,110918185,110918.185,906,0,gap,55
16605,110922636,110922.636,883,0,gap,55
16606,110927074,110927.074,912,0,gap,55
16607,110938182,110938.182,880,0,gap,55
16608,110942634,110942.634,877,0,gap,55
16609,110947090,110947.09,848,0,gap,55
16610,110958186,110958.186,858,0,gap,55
16611,110962656,110962.656,848,0,gap,55
16612,110967113,110967.113,822,0,gap,55
16613,110978178,110978.178,855,0,gap,55
16614,110982650,110982.65,816,0,gap,55
16615,110987125,110987.125,789,0,gap,55
16616,110998186,110998.186,805,0,gap,55
16617,111002675,111002.675,755,0,gap,55
16618,111007156,111007.156,781,0,gap,55
16619,111018178,111018.178,772,0,gap,55
16620,111022669,111022.669,762,0,gap,55
16621,111027164,111027.164,762,0,gap,55
16622,111038186,111038.186,755,0,gap,55
16623,111042699,111042.699,759,0,gap,55
16624,111047196,111047.196,743,0,gap,55
16625,111058178,111058.178,759,0,gap,55
16626,111062689,111062.689,718,0,gap,55
16627,111069969,111069.969,699,0,gap,55
16628,111074244,111074.244,704,0,gap,55
16629,111088178,111088.178,711,0,gap,55
16630,111092429,111092.429,703,0,gap,55
16631,111096687,111096.687,690,0,gap,55
16632,111108185,111108.185,706,0,gap,55
16633,111112460,111112.46,682,0,gap,55
16634,111116728,111116.728,646,0,gap,55
16635,111128177,111128.177,707,0,gap,55
16636,111132456,111132.456,641,0,gap,55
16637,111136740,111136.74,627,0,gap,55
16638,111148186,111148.186,682,0,gap,55
16639,111152486,111152.486,590,0,gap,55
16640,111156779,111156.779,622,0,gap,55
16641,111168178,111168.178,626,0,gap,55
16642,111172485,111172.485,600,0,gap,55
16643,111176787,111176.787,637,0,gap,55
16644,111188186,111188.186,592,0,gap,55
16645,111192507,111192.507,607,0,gap,55
16646,111196820,111196.82,592,0,gap,55
16647,111208178,111208.178,609,0,gap,55
16648,111212535,111212.535,586,0,gap,55
16649,111216885,111216.885,560,0,gap,55
16650,111228190,111228.19,621,0,gap,55
16651,111232557,111232.557,549,0,gap,55
16652,111236920,111236.92,523,0,gap,55
16653,111248178,111248.178,592,0,gap,55
16654,111252555,111252.555,496,0,gap,55
16655,111256932,111256.932,553,0,gap,55
16656,111268186,111268.186,560,0,gap,55
16657,111272574,111272.574,528,0,gap,55
16658,111276962,111276.962,511,0,gap,55
16659,111288178,111288.178,511,0,gap,55
16660,111292580,111292.58,537,0,gap,55
16661,111296981,111296.981,498,0,gap,55
16662,111308186,111308.186,547,0,gap,55
16663,111312606,111312.606,511,0,gap,55
16664,111317027,111317.027,464,0,gap,55
16665,111328179,111328.179,566,0,gap,55
16666,111332624,111332.624,461,0,gap,55
16667,111337061,111337.061,451,0,gap,55
16668,111348187,111348.187,545,0,gap,55
16669,111352638,111352.638,432,0,gap,55
16670,111357085,111357.085,468,0,gap,55
16671,111368183,111368.183,473,0,gap,55
16672,111372644,111372.644,459,0,gap,55
16673,111378169,111378.169,478,0,gap,55
16674,111388186,111388.186,445,0,gap,55
16675,111392657,111392.657,466,0,gap,55
16676,111398185,111398.185,433,0,gap,55
16677,111408178,111408.178,464,0,gap,55
16678,111412659,111412.659,453,0,gap,55
16679,111418177,111418.177,409,0,gap,55
16680,111428186,111428.186,497,0,gap,55
16681,111432677,111432.677,396,0,gap,55
16682,111438190,111438.19,410,0,gap,55
16683,111448179,111448.179,477,0,gap,55
16684,111452679,111452.679,384,0,gap,55
16685,111458178,111458.178,407,0,gap,55
16686,111468187,111468.187,399,0,gap,55
16687,111472700,111472.7,399,0,gap,55
16688,111478186,111478.186,437,0,gap,55
16689,111488179,111488.179,391,0,gap,55
16690,111495486,111495.486,453,0,gap,55
16691,111499745,111499.745,365,0,gap,55
16692,111508186,111508.186,427,0,gap,55
16693,111512447,111512.447,384,0,gap,55
16694,111528185,111528.185,459,0,gap,55
16695,111532455,111532.455,350,0,gap,55
16696,111536720,111536.72,331,0,gap,55
16697,111548177,111548.177,432,0,gap,55
16698,111552462,111552.462,314,0,gap,55
16699,111556739,111556.739,366,0,gap,55
16700,111568185,111568.185,390,0,gap,55
16701,111572480,111572.48,334,0,gap,55
16702,111576771,111576.771,371,0,gap,55
16703,111588182,111588.182,360,0,gap,55
16704,111592488,111592.488,351,0,gap,55
16705,111596789,111596.789,338,0,gap,55
16706,111608186,111608.186,387,0,gap,55
16707,111612502,111612.502,341,0,gap,55
16708,111616813,111616.813,306,0,gap,55
16709,111628178,111628.178,417,0,gap,55
16710,111632514,111632.514,301,0,gap,55
16711,111636861,111636.861,272,0,gap,55
16712,111648186,111648.186,373,0,gap,55
16713,111652551,111652.551,286,0,gap,55
16714,111656916,111656.916,305,0,gap,55
16715,111668178,111668.178,336,0,gap,55
16716,111672553,111672.553,298,0,gap,55
16717,111676924,111676.924,327,0,gap,55
16718,111688186,111688.186,308,0,gap,55
16719,111692577,111692.577,319,0,gap,55
16720,111696964,111696.964,303,0,gap,55
16721,111708178,111708.178,355,0,gap,55
16722,111712579,111712.579,307,0,gap,55
16723,111716975,111716.975,262,0,gap,55
16724,111728186,111728.186,381,0,gap,55
16725,111732618,111732.618,275,0,gap,55
16726,111737036,111737.036,251,0,gap,55
16727,111748179,111748.179,355,0,gap,55
16728,111752618,111752.618,240,0,gap,55
16729,111757054,111757.054,269,0,gap,55
16730,111768191,111768.191,311,0,gap,55
16731,111772640,111772.64,272,0,gap,55
16732,111777085,111777.085,281,0,gap,55
16733,111788179,111788.179,277,0,gap,55
16734,111792638,111792.638,282,0,gap,55
16735,111798169,111798.169,272,0,gap,55
16736,111808186,111808.186,320,0,gap,55
16737,111812655,111812.655,262,0,gap,55
16738,111818185,111818.185,219,0,gap,55
16739,111828178,111828.178,339,0,gap,55
16740,111832657,111832.657,233,0,gap,55
16741,111838177,111838.177,237,0,gap,55
16742,111848186,111848.186,325,0,gap,55
16743,111852675,111852.675,197,0,gap,55
16744,111858185,111858.185,272,0,gap,55
16745,111868178,111868.178,257,0,gap,55
16746,111872681,111872.681,227,0,gap,55
16747,111878177,111878.177,271,0,gap,55
16748,111888186,111888.186,241,0,gap,55
16749,111892695,111892.695,244,0,gap,55
16750,111898186,111898.186,227,0,gap,55
16751,111908183,111908.183,281,0,gap,55
16752,111915460,111915.46,257,0,gap,55
16753,111919746,111919.746,174,0,gap,55
16754,111928186,111928.186,310,0,gap,55
16755,111932441,111932.441,203,0,gap,55
16756,111948185,111948.185,321,0,gap,55
16757,111952457,111952.457,189,0,gap,55
16758,111956720,111956.72,214,0,gap,55
16759,111968177,111968.177,245,0,gap,55
16760,111972456,111972.456,185,0,gap,55
16761,111976730,111976.73,222,0,gap,55
16762,111988190,111988.19,212,0,gap,55
16763,111992482,111992.482,229,0,gap,55
16764,111996766,111996.766,199,0,gap,55
16765,112008178,112008.178,2238,1,pulse,56
16766,112012570,112012.57,4095,1,pulse,56
16767,112016820,112016.82,4095,1,pulse,56
16768,112028182,112028.182,4095,1,pulse,56
16769,112032435,112032.435,4095,1,pulse,56
16770,112038169,112038.169,4095,1,pulse,56
16771,112048174,112048.174,4095,0,gap,56
16772,112052656,112052.656,3024,0,gap,56
16773,112058177,112058.177,2849,0,gap,56
16774,112068186,112068.186,2765,0,gap,56
16775,112072563,112072.563,2734,0,gap,56
16776,112078186,112078.186,2693,0,gap,56
16777,112088179,112088.179,2672,0,gap,56
16778,112092555,112092.555,2624,0,gap,56
16779,112108165,112108.165,2594,0,gap,56
16780,112112548,112112.548,2559,0,gap,56
16781,112116938,112116.938,2548,0,gap,56
16782,112128189,112128.189,2511,0,gap,56
16783,112132599,112132.599,2483,0,gap,56
16784,112136996,112136.996,2479,0,gap,56
16785,112148178,112148.178,2464,0,gap,56
16786,112152585,112152.585,2433,0,gap,56
16787,112157000,112157.0,2397,0,gap,56
16788,112168186,112168.186,2394,0,gap,56
16789,112172625,112172.625,2367,0,gap,56
16790,112177062,112177.062,2351,0,gap,56
16791,112188178,112188.178,2325,0,gap,56
16792,112192629,112192.629,2315,0,gap,56
16793,112197084,112197.084,2304,0,gap,56
16794,112208187,112208.187,2266,0,gap,56
16795,112212651,112212.651,2261,0,gap,56
16796,112218173,112218.173,2224,0,gap,56
16797,112228178,112228.178,2224,0,gap,56
16798,112232649,112232.649,2183,0,gap,56
16799,112238177,112238.177,2182,0,gap,56
16800,112248186,112248.186,2161,0,gap,56
16801,112252671,112252.671,2125,0,gap,56
16802,112258186,112258.186,2115,0,gap,56
16803,112268179,112268.179,2094,0,gap,56
16804,112272673,112272.673,2067,0,gap,56
16805,112288177,112288.177,2058,0,gap,56
16806,112292670,112292.67,2027,0,gap,56
16807,112297170,112297.17,1999,0,gap,56
16808,112308185,112308.185,2006,0,gap,56
16809,112312703,112312.703,1968,0,gap,56
16810,112317205,112317.205,1943,0,gap,56
16811,112328177,112328.177,1931,0,gap,56
16812,112332690,112332.69,1909,0,gap,56
16813,112337205,112337.205,1874,0,gap,56
16814,112348190,112348.19,1903,0,gap,56
16815,112355512,112355.512,1844,0,gap,56
16816,112359778,112359.778,1847,0,gap,56
16817,112368178,112368.178,1812,0,gap,56
16818,112372437,112372.437,1822,0,gap,56
16819,112388177,112388.177,1776,0,gap,56
16820,112392454,112392.454,1773,0,gap,56
16821,112396733,112396.733,1746,0,gap,56
16822,112408186,112408.186,1728,0,gap,56
16823,112412481,112412.481,1701,0,gap,56
16824,112416764,112416.764,1703,0,gap,56
16825,112428178,112428.178,1680,0,gap,56
16826,112432475,112432.475,1664,0,gap,56
16827,112436777,112436.777,1631,0,gap,56
16828,112448186,112448.186,1616,0,gap,56
16829,112452503,112452.503,1605,0,gap,56
16830,112456815,112456.815,1598,0,gap,56
16831,112468179,112468.179,1535,0,gap,56
16832,112472501,112472.501,1562,0,gap,56
16833,112476823,112476.823,1555,0,gap,56
16834,112488187,112488.187,1515,0,gap,56
16835,112492533,112492.533,1488,0,gap,56
16836,112498185,112498.185,1486,0,gap,56
16837,112508178,112508.178,1471,0,gap,56
16838,112512549,112512.549,1455,0,gap,56
16839,112518177,112518.177,1439,0,gap,56
16840,112528186,112528.186,1424,0,gap,56
16841,112532576,112532.576,1398,0,gap,56
16842,112538186,112538.186,1396,0,gap,56
16843,112548179,112548.179,1360,0,gap,56
16844,112552568,112552.568,1346,0,gap,56
16845,112568177,112568.177,1322,0,gap,56
16846,112572581,112572.581,1324,0,gap,56
16847,112576988,112576.988,1317,0,gap,56
16848,112588185,112588.185,1285,0,gap,56
16849,112592603,112592.603,1287,0,gap,56
16850,112597025,112597.025,1283,0,gap,56
16851,112608178,112608.178,1281,0,gap,56
16852,112612621,112612.621,1250,0,gap,56
16853,112617064,112617.064,1226,0,gap,56
16854,112628186,112628.186,1246,0,gap,56
16855,112632647,112632.647,1199,0,gap,56
16856,112637095,112637.095,1187,0,gap,56
16857,112648178,112648.178,1183,0,gap,56
16858,112652641,112652.641,1157,0,gap,56
16859,112657103,112657.103,1149,0,gap,56
16860,112668187,112668.187,1130,0,gap,56
16861,112672663,112672.663,1127,0,gap,56
16862,112678177,112678.177,1123,0,gap,56
16863,112688178,112688.178,1077,0,gap,56
16864,112692660,112692.66,1105,0,gap,56
16865,112698177,112698.177,1073,0,gap,56
16866,112708186,112708.186,1076,0,gap,56
16867,112712682,112712.682,1052,0,gap,56
16868,112718186,112718.186,1018,0,gap,56
16869,112728179,112728.179,1063,0,gap,56
16870,112732681,112732.681,1008,0,gap,56
16871,112748177,112748.177,1007,0,gap,56
16872,112752686,112752.686,976,0,gap,56
16873,112757201,112757.201,980,0,gap,56
16874,112768169,112768.169,960,0,gap,56
16875,112772691,112772.691,944,0,gap,56
16876,112777199,112777.199,946,0,gap,56
16877,112784489,112784.489,925,0,gap,56
16878,112788779,112788.779,921,0,gap,56
16879,112798179,112798.179,939,0,gap,56
16880,112802440,112802.44,880,0,gap,56
16881,112818177,112818.177,908,0,gap,56
16882,112822447,112822.447,881,0,gap,56
16883,112826724,112826.724,879,0,gap,56
16884,112838185,112838.185,877,0,gap,56
16885,112842473,112842.473,851,0,gap,56
16886,112846750,112846.75,863,0,gap,56
16887,112858177,112858.177,851,0,gap,56
16888,112862476,112862.476,841,0,gap,56
16889,112866774,112866.774,795,0,gap,56
16890,112878186,112878.186,832,0,gap,56
16891,112882496,112882.496,795,0,gap,56
16892,112886801,112886.801,794,0,gap,56
16893,112898178,112898.178,801,0,gap,56
16894,112902502,112902.502,753,0,gap,56
16895,112906821,112906.821,762,0,gap,56
16896,112918186,112918.186,771,0,gap,56
16897,112922518,112922.518,741,0,gap,56
16898,112926877,112926.877,762,0,gap,56
16899,112938178,112938.178,727,0,gap,56
16900,112942554,112942.554,723,0,gap,56
16901,112946920,112946.92,717,0,gap,56
16902,112958186,112958.186,752,0,gap,56
16903,112962570,112962.57,705,0,gap,56
16904,112966949,112966.949,678,0,gap,56
16905,112978178,112978.178,722,0,gap,56
16906,112982568,112982.568,668,0,gap,56
16907,112986954,112986.954,657,0,gap,56
16908,112998186,112998.186,714,0,gap,56
16909,113002591,113002.591,624,0,gap,56
16910,113006998,113006.998,651,0,gap,56
16911,113018178,113018.178,657,0,gap,56
16912,113022601,113022.601,637,0,gap,56
16913,113027019,113027.019,640,0,gap,56
16914,113038186,113038.186,631,0,gap,56
16915,113042635,113042.635,629,0,gap,56
16916,113047078,113047.078,619,0,gap,56
16917,113058179,113058.179,649,0,gap,56
16918,113062633,113062.633,617,0,gap,56
16919,113067086,113067.086,592,0,gap,56
16920,113078187,113078.187,643,0,gap,56
16921,113082654,113082.654,578,0,gap,56
16922,113087117,113087.117,551,0,gap,56
16923,113098179,113098.179,624,0,gap,56
16924,113102652,113102.652,539,0,gap,56
16925,113108169,113108.169,569,0,gap,56
16926,113118190,113118.19,570,0,gap,56
16927,113122677,113122.677,550,0,gap,56
16928,113128185,113128.185,587,0,gap,56
16929,113138178,113138.178,541,0,gap,56
16930,113142671,113142.671,539,0,gap,56
16931,113148177,113148.177,543,0,gap,56
16932,113158186,113158.186,560,0,gap,56
16933,113162689,113162.689,531,0,gap,56
16934,113168185,113168.185,487,0,gap,56
16935,113178179,113178.179,571,0,gap,56
16936,113182695,113182.695,496,0,gap,56
16937,113188178,113188.178,473,0,gap,56
16938,113198187,113198.187,565,0,gap,56
16939,113202711,113202.711,461,0,gap,56
16940,113210026,113210.026,531,0,gap,56
16941,113218177,113218.177,480,0,gap,56
16942,113222440,113222.44,455,0,gap,56
16943,113238177,113238.177,479,0,gap,56
16944,113242453,113242.453,466,0,gap,56
16945,113246720,113246.72,478,0,gap,56
16946,113258185,113258.185,501,0,gap,56
16947,113262468,113262.468,462,0,gap,56
16948,113266755,113266.755,438,0,gap,56
16949,113278177,113278.177,525,0,gap,56
16950,113282474,113282.474,416,0,gap,56
16951,113286771,113286.771,400,0,gap,56
16952,113298186,113298.186,483,0,gap,56
16953,113302498,113302.498,400,0,gap,56
16954,113306802,113306.802,405,0,gap,56
16955,113318178,113318.178,452,0,gap,56
16956,113322496,113322.496,393,0,gap,56
16957,113326811,113326.811,443,0,gap,56
16958,113338190,113338.19,419,0,gap,56
16959,113342522,113342.522,415,0,gap,56
16960,113346860,113346.86,403,0,gap,56
16961,113358178,113358.178,453,0,gap,56
16962,113362545,113362.545,409,0,gap,56
16963,113366908,113366.908,379,0,gap,56
16964,113378186,113378.186,465,0,gap,56
16965,113382564,113382.564,358,0,gap,56
16966,113386941,113386.941,342,0,gap,56
16967,113398178,113398.178,450,0,gap,56
16968,113402570,113402.57,333,0,gap,56
16969,113406959,113406.959,367,0,gap,56
16970,113418186,113418.186,402,0,gap,56
16971,113422589,113422.589,341,0,gap,56
16972,113426988,113426.988,387,0,gap,56
16973,113438178,113438.178,377,0,gap,56
16974,113442595,113442.595,368,0,gap,56
16975,113447021,113447.021,366,0,gap,56
16976,113458186,113458.186,384,0,gap,56
16977,113462629,113462.629,374,0,gap,56
16978,113467071,113467.071,304,0,gap,56
16979,113478179,113478.179,431,0,gap,56
16980,113482639,113482.639,327,0,gap,56
16981,113487091,113487.091,294,0,gap,56
16982,113498187,113498.187,400,0,gap,56
16983,113502653,113502.653,288,0,gap,56
16984,113507114,113507.114,313,0,gap,56
16985,113518179,113518.179,353,0,gap,56
16986,113522651,113522.651,297,0,gap,56
16987,113528169,113528.169,347,0,gap,56
16988,113538186,113538.186,319,0,gap,56
16989,113542672,113542.672,335,0,gap,56
16990,113548189,113548.189,335,0,gap,56
16991,113558178,113558.178,350,0,gap,56
16992,113562674,113562.674,304,0,gap,56
16993,113568177,113568.177,272,0,gap,56
16994,113578186,113578.186,375,0,gap,56
16995,113582691,113582.691,293,0,gap,56
16996,113588185,113588.185,267,0,gap,56
16997,113598179,113598.179,368,0,gap,56
16998,113602689,113602.689,248,0,gap,56
16999,113608178,113608.178,284,0,gap,56
17000,113618187,113618.187,319,0,gap,56
17001,113622716,113622.716,259,0,gap,56
17002,113629998,113629.998,334,0,gap,56
17003,113638177,113638.177,291,0,gap,56
17004,113642434,113642.434,282,0,gap,56
17005,113658177,113658.177,331,0,gap,56
17006,113662448,113662.448,283,0,gap,56
17007,113666718,113666.718,240,0,gap,56
17008,113678185,113678.185,358,0,gap,56
17009,113682470,113682.47,240,0,gap,56
17010,113686750,113686.75,221,0,gap,56
17011,113698177,113698.177,331,0,gap,56
17012,113702475,113702.475,208,0,gap,56
17013,113706765,113706.765,239,0,gap,56
17014,113718186,113718.186,279,0,gap,56
17015,113722500,113722.5,211,0,gap,56
17016,113726803,113726.803,263,0,gap,56
17017,113738178,113738.178,263,0,gap,56
17018,113742494,113742.494,261,0,gap,56
17019,113746814,113746.814,240,0,gap,56
17020,113758186,113758.186,273,0,gap,56
17021,113762517,113762.517,243,0,gap,56
17022,113766841,113766.841,203,0,gap,56
17023,113778178,113778.178,319,0,gap,56
17024,113782542,113782.542,217,0,gap,56
17025,113786910,113786.91,192,0,gap,56
17026,113798186,113798.186,319,0,gap,56
17027,113802571,113802.571,189,0,gap,56
17028,113806943,113806.943,215,0,gap,56
17029,113818178,113818.178,251,0,gap,56
17030,113822561,113822.561,181,0,gap,56
17031,113826950,113826.95,241,0,gap,56
17032,113838186,113838.186,235,0,gap,56
17033,113842596,113842.596,224,0,gap,56
17034,113846988,113846.988,222,0,gap,56
17035,113858178,113858.178,254,0,gap,56
17036,113862589,113862.589,225,0,gap,56
17037,113867004,113867.004,192,0,gap,56
17038,113878191,113878.191,299,0,gap,56
17039,113882633,113882.633,183,0,gap,56
17040,113887070,113887.07,158,0,gap,56
17041,113898179,113898.179,272,0,gap,56
17042,113902625,113902.625,159,0,gap,56
17043,113907079,113907.079,179,0,gap,56
17044,113918187,113918.187,253,0,gap,56
17045,113922651,113922.651,172,0,gap,56
17046,113927103,113927.103,226,0,gap,56
17047,113938179,113938.179,203,0,gap,56
17048,113942649,113942.649,215,0,gap,56
17049,113948169,113948.169,209,0,gap,56
17050,113958186,113958.186,222,0,gap,56
17051,113962674,113962.674,205,0,gap,56
17052,113968185,113968.185,168,0,gap,56
17053,113978178,113978.178,262,0,gap,56
17054,113982672,113982.672,171,1,pulse,57
17055,113988182,113988.182,4095,1,pulse,57
17056,113998183,113998.183,4095,1,pulse,57
17057,114002624,114002.624,4095,1,pulse,57
17058,114018181,114018.181,4095,1,pulse,57
17059,114022634,114022.634,4095,0,gap,57
17060,114027291,114027.291,2931,0,gap,57
17061,114038177,114038.177,2805,0,gap,57
17062,114042699,114042.699,2750,0,gap,57
17063,114047228,114047.228,2730,0,gap,57
17064,114058186,114058.186,2691,0,gap,57
17065,114065512,114065.512,2640,0,gap,57
17066,114069782,114069.782,2623,0,gap,57
17067,114078178,114078.178,2603,0,gap,57
17068,114082447,114082.447,2557,0,gap,57
17069,114098181,114098.181,2544,0,gap,57
17070,114102463,114102.463,2512,0,gap,57
17071,114106752,114106.752,2482,0,gap,57
17072,114118186,114118.186,2482,0,gap,57
17073,114122486,114122.486,2433,0,gap,57
17074,114126784,114126.784,2427,0,gap,57
17075,114138178,114138.178,2401,0,gap,57
17076,114142485,114142.485,2386,0,gap,57
17077,114146796,114146.796,2374,0,gap,57
17078,114158186,114158.186,2341,0,gap,57
17079,114162516,114162.516,2320,0,gap,57
17080,114166838,114166.838,2304,0,gap,57
17081,114178179,114178.179,2289,0,gap,57
17082,114182507,114182.507,2243,0,gap,57
17083,114186838,114186.838,2241,0,gap,57
17084,114198187,114198.187,2221,0,gap,57
17085,114202547,114202.547,2191,0,gap,57
17086,114208185,114208.185,2183,0,gap,57
17087,114218178,114218.178,2160,0,gap,57
17088,114222559,114222.559,2127,0,gap,57
17089,114228177,114228.177,2124,0,gap,57
17090,114238191,114238.191,2111,0,gap,57
17091,114242590,114242.59,2096,0,gap,57
17092,114248186,114248.186,2066,0,gap,57
17093,114258179,114258.179,2047,0,gap,57
17094,114262582,114262.582,2027,0,gap,57
17095,114278177,114278.177,2001,0,gap,57
17096,114282595,114282.595,1969,0,gap,57
17097,114287008,114287.008,1947,0,gap,57
17098,114298185,114298.185,1947,0,gap,57
17099,114302613,114302.613,1922,0,gap,57
17100,114307041,114307.041,1911,0,gap,57
17101,114318182,114318.182,1870,0,gap,57
17102,114322635,114322.635,1861,0,gap,57
17103,114327091,114327.091,1855,0,gap,57
17104,114338186,114338.186,1826,0,gap,57
17105,114342653,114342.653,1829,0,gap,57
17106,114347111,114347.111,1802,0,gap,57
17107,114358178,114358.178,1776,0,gap,57
17108,114362647,114362.647,1772,0,gap,57
17109,114367123,114367.123,1754,0,gap,57
17110,114378187,114378.187,1712,0,gap,57
17111,114382677,114382.677,1680,0,gap,57
17112,114388169,114388.169,1666,0,gap,57
17113,114398178,114398.178,1676,0,gap,57
17114,114402666,114402.666,1639,0,gap,57
17115,114408177,114408.177,1648,0,gap,57
17116,114418186,114418.186,1610,0,gap,57
17117,114422696,114422.696,1600,0,gap,57
17118,114428186,114428.186,1589,0,gap,57
17119,114438179,114438.179,1535,0,gap,57
17120,114442690,114442.69,1535,0,gap,57
17121,114458177,114458.177,1526,0,gap,57
17122,114462700,114462.7,1504,0,gap,57
17123,114467217,114467.217,1493,0,gap,57
17124,114478185,114478.185,1472,0,gap,57
17125,114482717,114482.717,1465,0,gap,57
17126,114487236,114487.236,1443,0,gap,57
17127,114494535,114494.535,1425,0,gap,57
17128,114508185,114508.185,1424,0,gap,57
17129,114512457,114512.457,1402,0,gap,57
17130,114516716,114516.716,1377,0,gap,57
17131,114528178,114528.178,1367,0,gap,57
17132,114532461,114532.461,1354,0,gap,57
17133,114536749,114536.749,1319,0,gap,57
17134,114548186,114548.186,1341,0,gap,57
17135,114552488,114552.488,1296,0,gap,57
17136,114556779,114556.779,1296,0,gap,57
17137,114568178,114568.178,1270,0,gap,57
17138,114572491,114572.491,1262,0,gap,57
17139,114576800,114576.8,1241,0,gap,57
17140,114588187,114588.187,1221,0,gap,57
17141,114592507,114592.507,1227,0,gap,57
17142,114596823,114596.823,1202,0,gap,57
17143,114608179,114608.179,1205,0,gap,57
17144,114612517,114612.517,1186,0,gap,57
17145,114618177,114618.177,1162,0,gap,57
17146,114628186,114628.186,1175,0,gap,57
17147,114632532,114632.532,1149,0,gap,57
17148,114638185,114638.185,1123,0,gap,57
17149,114648183,114648.183,1141,0,gap,57
17150,114652565,114652.565,1083,0,gap,57
17151,114658178,114658.178,1100,0,gap,57
17152,114668187,114668.187,1091,0,gap,57
17153,114672577,114672.577,1068,0,gap,57
17154,114688189,114688.189,1040,0,gap,57
17155,114692586,114692.586,1064,0,gap,57
17156,114696978,114696.978,1046,0,gap,57
17157,114708177,114708.177,1040,0,gap,57
17158,114712589,114712.589,1021,0,gap,57
17159,114717000,114717.0,980,0,gap,57
17160,114728186,114728.186,1005,0,gap,57
17161,114732607,114732.607,976,0,gap,57
17162,114737031,114737.031,940,0,gap,57
17163,114748178,114748.178,969,0,gap,57
17164,114752623,114752.623,926,0,gap,57
17165,114757077,114757.077,911,0,gap,57
17166,114768186,114768.186,933,0,gap,57
17167,114772650,114772.65,893,0,gap,57
17168,114777110,114777.11,906,0,gap,57
17169,114788178,114788.178,873,0,gap,57
17170,114792652,114792.652,875,0,gap,57
17171,114797118,114797.118,881,0,gap,57
17172,114808186,114808.186,873,0,gap,57
17173,114812666,114812.666,862,0,gap,57
17174,114817146,114817.146,837,0,gap,57
17175,114828178,114828.178,880,0,gap,57
17176,114832676,114832.676,823,0,gap,57
17177,114837165,114837.165,793,0,gap,57
17178,114848186,114848.186,850,0,gap,57
17179,114852686,114852.686,782,0,gap,57
17180,114857185,114857.185,775,0,gap,57
17181,114868183,114868.183,791,0,gap,57
17182,114872696,114872.696,752,0,gap,57
17183,114877205,114877.205,769,0,gap,57
17184,114888187,114888.187,738,0,gap,57
17185,114892706,114892.706,758,0,gap,57
17186,114897228,114897.228,753,0,gap,57
17187,114908179,114908.179,769,0,gap,57
17188,114912708,114912.708,725,0,gap,57
17189,114918169,114918.169,721,0,gap,57
17190,114925492,114925.492,726,0,gap,57
17191,114938178,114938.178,688,0,gap,57
17192,114942462,114942.462,705,0,gap,57
17193,114946735,114946.735,707,0,gap,57
17194,114958185,114958.185,697,0,gap,57
17195,114962471,114962.471,677,0,gap,57
17196,114966756,114966.756,667,0,gap,57
17197,114978181,114978.181,708,0,gap,57
17198,114982478,114982.478,656,0,gap,57
17199,114986775,114986.775,630,0,gap,57
17200,114998186,114998.186,674,0,gap,57
17201,115002496,115002.496,624,0,gap,57
17202,115006807,115006.807,614,0,gap,57
17203,115018178,115018.178,634,0,gap,57
17204,115022500,115022.5,591,0,gap,57
17205,115026821,115026.821,624,0,gap,57
17206,115038186,115038.186,597,0,gap,57
17207,115042522,115042.522,591,0,gap,57
17208,115046857,115046.857,602,0,gap,57
17209,115058178,115058.178,603,0,gap,57
17210,115062530,115062.53,597,0,gap,57
17211,115066893,115066.893,564,0,gap,57
17212,115078186,115078.186,621,0,gap,57
17213,115082571,115082.571,559,0,gap,57
17214,115086951,115086.951,526,0,gap,57
17215,115098178,115098.178,618,0,gap,57
17216,115102573,115102.573,525,0,gap,57
17217,115106960,115106.96,522,0,gap,57
17218,115118190,115118.19,558,0,gap,57
17219,115122597,115122.597,486,0,gap,57
17220,115127003,115127.003,529,0,gap,57
17221,115138178,115138.178,509,0,gap,57
17222,115142595,115142.595,529,0,gap,57
17223,115147010,115147.01,528,0,gap,57
17224,115158186,115158.186,529,0,gap,57
17225,115162626,115162.626,523,0,gap,57
17226,115167055,115167.055,475,0,gap,57
17227,115178179,115178.179,551,0,gap,57
17228,115182638,115182.638,465,0,gap,57
17229,115187097,115187.097,447,0,gap,57
17230,115198187,115198.187,530,0,gap,57
17231,115202656,115202.656,457,0,gap,57
17232,115207121,115207.121,461,0,gap,57
17233,115218179,115218.179,496,0,gap,57
17234,115222658,115222.658,433,0,gap,57
17235,115228169,115228.169,478,0,gap,57
17236,115238186,115238.186,448,0,gap,57
17237,115242671,115242.671,441,0,gap,57
17238,115248185,115248.185,454,0,gap,57
17239,115258178,115258.178,469,0,gap,57
17240,115262681,115262.681,451,0,gap,57
17241,115268177,115268.177,423,0,gap,57
17242,115278186,115278.186,485,0,gap,57
17243,115282691,115282.691,400,0,gap,57
17244,115288185,115288.185,380,0,gap,57
17245,115298183,115298.183,480,0,gap,57
17246,115302701,115302.701,383,0,gap,57
17247,115308178,115308.178,418,0,gap,57
17248,115318187,115318.187,432,0,gap,57
17249,115322711,115322.711,377,0,gap,57
17250,115338173,115338.173,416,0,gap,57
17251,115342704,115342.704,406,0,gap,57
17252,115350000,115350.0,416,0,gap,57
17253,115354295,115354.295,350,0,gap,57
17254,115368185,115368.185,442,0,gap,57
17255,115372460,115372.46,351,0,gap,57
17256,115376737,115376.737,393,0,gap,57
17257,115388177,115388.177,391,0,gap,57
17258,115392468,115392.468,371,0,gap,57
17259,115396751,115396.751,368,0,gap,57
17260,115408185,115408.185,398,0,gap,57
17261,115412492,115412.492,385,0,gap,57
17262,115416787,115416.787,352,0,gap,57
17263,115428178,115428.178,405,0,gap,57
17264,115432494,115432.494,341,0,gap,57
17265,115436818,115436.818,311,0,gap,57
17266,115448190,115448.19,416,0,gap,57
17267,115452525,115452.525,320,0,gap,57
17268,115456839,115456.839,322,0,gap,57
17269,115468178,115468.178,375,0,gap,57
17270,115472511,115472.511,295,0,gap,57
17271,115476847,115476.847,350,0,gap,57
17272,115488186,115488.186,344,0,gap,57
17273,115492562,115492.562,334,0,gap,57
17274,115496929,115496.929,327,0,gap,57
17275,115508178,115508.178,338,0,gap,57
17276,115512557,115512.557,327,0,gap,57
17277,115516948,115516.948,309,0,gap,57
17278,115528186,115528.186,387,0,gap,57
17279,115532587,115532.587,304,0,gap,57
17280,115536975,115536.975,282,0,gap,57
17281,115548178,115548.178,371,0,gap,57
17282,115552582,115552.582,273,0,gap,57
17283,115556994,115556.994,268,0,gap,57
17284,115568186,115568.186,341,0,gap,57
17285,115572608,115572.608,261,0,gap,57
17286,115577016,115577.016,298,0,gap,57
17287,115588179,115588.179,307,0,gap,57
17288,115592618,115592.618,272,0,gap,57
17289,115597059,115597.059,288,0,gap,57
17290,115608187,115608.187,317,0,gap,57
17291,115612648,115612.648,314,0,gap,57
17292,115617097,115617.097,253,0,gap,57
17293,115628183,115628.183,350,0,gap,57
17294,115632650,115632.65,261,0,gap,57
17295,115637120,115637.12,230,0,gap,57
17296,115648187,115648.187,355,0,gap,57
17297,115652668,115652.668,225,0,gap,57
17298,115658189,115658.189,263,0,gap,57
17299,115668178,115668.178,320,0,gap,57
17300,115672661,115672.661,219,0,gap,57
17301,115678177,115678.177,288,0,gap,57
17302,115688186,115688.186,266,0,gap,57
17303,115692691,115692.691,265,0,gap,57
17304,115698185,115698.185,285,0,gap,57
17305,115708178,115708.178,279,0,gap,57
17306,115712684,115712.684,270,0,gap,57
17307,115718177,115718.177,229,0,gap,57
17308,115728187,115728.187,310,0,gap,57
17309,115732714,115732.714,239,0,gap,57
17310,115738186,115738.186,202,0,gap,57
17311,115748179,115748.179,321,0,gap,57
17312,115752704,115752.704,208,0,gap,57
17313,115768165,115768.165,333,0,gap,57
17314,115772699,115772.699,185,0,gap,57
17315,115780023,115780.023,291,0,gap,57
17316,115784293,115784.293,214,0,gap,57
17317,115798177,115798.177,316,0,gap,57
17318,115802446,115802.446,191,0,gap,57
17319,115806728,115806.728,179,0,gap,57
17320,115818185,115818.185,284,0,gap,57
17321,115822478,115822.478,177,0,gap,57
17322,115826763,115826.763,221,0,gap,57
17323,115838177,115838.177,217,0,gap,57
17324,115842474,115842.474,208,0,gap,57
17325,115846781,115846.781,215,0,gap,57
17326,115858186,115858.186,233,0,gap,57
17327,115862508,115862.508,218,0,gap,57
17328,115866819,115866.819,176,0,gap,57
17329,115878178,115878.178,272,0,gap,57
17330,115882503,115882.503,205,0,gap,57
17331,115886832,115886.832,154,0,gap,57
17332,115898186,115898.186,301,1,pulse,58
17333,115902617,115902.617,4095,1,pulse,58
17334,115906889,115906.889,4095,1,pulse,58
17335,115918179,115918.179,4095,1,pulse,58
17336,115922484,115922.484,4095,1,pulse,58
17337,115928173,115928.173,4095,1,pulse,58
17338,115938182,115938.182,4095,0,gap,58
17339,115942731,115942.731,2950,0,gap,58
17340,115948185,115948.185,2800,0,gap,58
17341,115958179,115958.179,2763,0,gap,58
17342,115962580,115962.58,2727,0,gap,58
17343,115968178,115968.178,2682,0,gap,58
17344,115978187,115978.187,2643,0,gap,58
17345,115982615,115982.615,2614,0,gap,58
17346,115998185,115998.185,2598,0,gap,58
17347,116002620,116002.62,2559,0,gap,58
17348,116007042,116007.042,2544,0,gap,58
17349,116018177,116018.177,2528,0,gap,58
17350,116022623,116022.623,2482,0,gap,58
17351,116027075,116027.075,2482,0,gap,58
17352,116038186,116038.186,2441,0,gap,58
17353,116042656,116042.656,2432,0,gap,58
17354,116047113,116047.113,2422,0,gap,58
17355,116058178,116058.178,2386,0,gap,58
17356,116062654,116062.654,2364,0,gap,58
17357,116067133,116067.133,2352,0,gap,58
17358,116078186,116078.186,2326,0,gap,58
17359,116082680,116082.68,2291,0,gap,58
17360,116087161,116087.161,2289,0,gap,58
17361,116098183,116098.183,2269,0,gap,58
17362,116102678,116102.678,2239,0,gap,58
17363,116108169,116108.169,2230,0,gap,58
17364,116118186,116118.186,2208,0,gap,58
17365,116122695,116122.695,2192,0,gap,58
17366,116128185,116128.185,2181,0,gap,58
17367,116138179,116138.179,2160,0,gap,58
17368,116142693,116142.693,2134,0,gap,58
17369,116148178,116148.178,2105,0,gap,58
17370,116158187,116158.187,2101,0,gap,58
17371,116162715,116162.715,2074,0,gap,58
17372,116178185,116178.185,2046,0,gap,58
17373,116182724,116182.724,2032,0,gap,58
17374,116187247,116187.247,2017,0,gap,58
17375,116198177,116198.177,1991,0,gap,58
17376,116202719,116202.719,1958,0,gap,58
17377,116210033,116210.033,1954,0,gap,58
17378,116214335,116214.335,1949,0,gap,58
17379,116228177,116228.177,1894,0,gap,58
17380,116232459,116232.459,1884,0,gap,58
17381,116236742,116236.742,1870,0,gap,58
17382,116248186,116248.186,1843,0,gap,58
17383,116252495,116252.495,1850,0,gap,58
17384,116256788,116256.788,1813,0,gap,58
17385,116268178,116268.178,1790,0,gap,58
17386,116272487,116272.487,1778,0,gap,58
17387,116276801,116276.801,1772,0,gap,58
17388,116288186,116288.186,1733,0,gap,58
17389,116292509,116292.509,1742,0,gap,58
17390,116296832,116296.832,1711,0,gap,58
17391,116308179,116308.179,1687,0,gap,58
17392,116312516,116312.516,1664,0,gap,58
17393,116316849,116316.849,1657,0,gap,58
17394,116328187,116328.187,1629,0,gap,58
17395,116332530,116332.53,1637,0,gap,58
17396,116338185,116338.185,1595,0,gap,58
17397,116348178,116348.178,1590,0,gap,58
17398,116352565,116352.565,1557,0,gap,58
17399,116358177,116358.177,1557,0,gap,58
17400,116368186,116368.186,1520,0,gap,58
17401,116372580,116372.58,1494,0,gap,58
17402,116378186,116378.186,1517,0,gap,58
17403,116388179,116388.179,1466,0,gap,58
17404,116392586,116392.586,1471,0,gap,58
17405,116408177,116408.177,1440,0,gap,58
17406,116412587,116412.587,1425,0,gap,58
17407,116416998,116416.998,1407,0,gap,58
17408,116428185,116428.185,1409,0,gap,58
17409,116432614,116432.614,1394,0,gap,58
17410,116437038,116437.038,1346,0,gap,58
17411,116448178,116448.178,1344,0,gap,58
17412,116452616,116452.616,1335,0,gap,58
17413,116457059,116457.059,1306,0,gap,58
17414,116468186,116468.186,1318,0,gap,58
17415,116472658,116472.658,1264,0,gap,58
17416,116477122,116477.122,1264,0,gap,58
17417,116488178,116488.178,1259,0,gap,58
17418,116492653,116492.653,1255,0,gap,58
17419,116497126,116497.126,1245,0,gap,58
17420,116508187,116508.187,1233,0,gap,58
17421,116512671,116512.671,1211,0,gap,58
17422,116518169,116518.169,1199,0,gap,58
17423,116528178,116528.178,1206,0,gap,58
17424,116532676,116532.676,1178,0,gap,58
17425,116538181,116538.181,1148,0,gap,58
17426,116548186,116548.186,1174,0,gap,58
17427,116552694,116552.694,1129,0,gap,58
17428,116558186,116558.186,1124,0,gap,58
17429,116568179,116568.179,1104,0,gap,58
17430,116572692,116572.692,1086,0,gap,58
17431,116588177,116588.177,1076,0,gap,58
17432,116592701,116592.701,1071,0,gap,58
17433,116597220,116597.22,1061,0,gap,58
17434,116608185,116608.185,1043,0,gap,58
17435,116612715,116612.715,1069,0,gap,58
17436,116617244,116617.244,1023,0,gap,58
17437,116628177,116628.177,1010,0,gap,58
17438,116632717,116632.717,999,0,gap,58
17439,116637256,116637.256,973,0,gap,58
17440,116644596,116644.596,991,0,gap,58
17441,116658181,116658.181,957,0,gap,58
17442,116662460,116662.46,960,0,gap,58
17443,116666735,116666.735,944,0,gap,58
17444,116678185,116678.185,960,0,gap,58
17445,116682481,116682.481,923,0,gap,58
17446,116686772,116686.772,899,0,gap,58
17447,116698177,116698.177,927,0,gap,58
17448,116702488,116702.488,882,0,gap,58
17449,116706791,116706.791,867,0,gap,58
17450,116718186,116718.186,874,0,gap,58
17451,116722506,116722.506,835,0,gap,58
17452,116726827,116726.827,862,0,gap,58
17453,116738178,116738.178,829,0,gap,58
17454,116742509,116742.509,842,0,gap,58
17455,116746841,116746.841,832,0,gap,58
17456,116758186,116758.186,821,0,gap,58
17457,116762532,116762.532,816,0,gap,58
17458,116766869,116766.869,799,0,gap,58
17459,116778178,116778.178,803,0,gap,58
17460,116782540,116782.54,767,0,gap,58
17461,116786917,116786.917,757,0,gap,58
17462,116798186,116798.186,796,0,gap,58
17463,116802585,116802.585,750,0,gap,58
17464,116806975,116806.975,733,0,gap,58
17465,116818178,116818.178,752,0,gap,58
17466,116822579,116822.579,700,0,gap,58
17467,116826976,116826.976,731,0,gap,58
17468,116838186,116838.186,718,0,gap,58
17469,116842603,116842.603,703,0,gap,58
17470,116847019,116847.019,719,0,gap,58
17471,116858178,116858.178,705,0,gap,58
17472,116862609,116862.609,712,0,gap,58
17473,116867034,116867.034,688,0,gap,58
17474,116878186,116878.186,704,0,gap,58
17475,116882640,116882.64,689,0,gap,58
17476,116887079,116887.079,623,0,gap,58
17477,116898179,116898.179,691,0,gap,58
17478,116902644,116902.644,628,0,gap,58
17479,116907113,116907.113,620,0,gap,58
17480,116918187,116918.187,667,0,gap,58
17481,116922662,116922.662,609,0,gap,58
17482,116927137,116927.137,623,0,gap,58
17483,116938179,116938.179,601,0,gap,58
17484,116942668,116942.668,624,0,gap,58
17485,116948169,116948.169,618,0,gap,58
17486,116958186,116958.186,608,0,gap,58
17487,116962685,116962.685,605,0,gap,58
17488,116968185,116968.185,591,0,gap,58
17489,116978182,116978.182,630,0,gap,58
17490,116982691,116982.691,592,0,gap,58
17491,116988177,116988.177,553,0,gap,58
17492,116998186,116998.186,597,0,gap,58
17493,117002701,117002.701,529,0,gap,58
17494,117008185,117008.185,549,0,gap,58
17495,117018179,117018.179,570,0,gap,58
17496,117022707,117022.707,528,0,gap,58
17497,117028178,117028.178,569,0,gap,58
17498,117038187,117038.187,550,0,gap,58
17499,117042725,117042.725,539,0,gap,58
17500,117058169,117058.169,532,0,gap,58
17501,117062710,117062.71,538,0,gap,58
17502,117070017,117070.017,511,0,gap,58
17503,117074326,117074.326,484,0,gap,58
17504,117088185,117088.185,511,0,gap,58
17505,117092474,117092.474,482,0,gap,58
17506,117096753,117096.753,500,0,gap,58
17507,117108177,117108.177,507,0,gap,58
17508,117112474,117112.474,491,0,gap,58
17509,117116767,117116.767,484,0,gap,58
17510,117128185,117128.185,531,0,gap,58
17511,117132502,117132.502,471,0,gap,58
17512,117136811,117136.811,432,0,gap,58
17513,117148178,117148.178,544,0,gap,58
17514,117152496,117152.496,432,0,gap,58
17515,117156818,117156.818,414,0,gap,58
17516,117168186,117168.186,498,0,gap,58
17517,117172523,117172.523,420,0,gap,58
17518,117176847,117176.847,439,0,gap,58
17519,117188178,117188.178,442,0,gap,58
17520,117192521,117192.521,423,0,gap,58
17521,117196871,117196.871,434,0,gap,58
17522,117208186,117208.186,441,0,gap,58
17523,117212572,117212.572,429,0,gap,58
17524,117216944,117216.944,417,0,gap,58
17525,117228178,117228.178,465,0,gap,58
17526,117232567,117232.567,411,0,gap,58
17527,117236968,117236.968,367,0,gap,58
17528,117248186,117248.186,479,0,gap,58
17529,117252597,117252.597,374,0,gap,58
17530,117256995,117256.995,381,0,gap,58
17531,117268178,117268.178,432,0,gap,58
17532,117272592,117272.592,365,0,gap,58
17533,117277010,117277.01,389,0,gap,58
17534,117288186,117288.186,400,0,gap,58
17535,117292622,117292.622,369,0,gap,58
17536,117297044,117297.044,402,0,gap,58
17537,117308183,117308.183,398,0,gap,58
17538,117312628,117312.628,374,0,gap,58
17539,117317083,117317.083,358,0,gap,58
17540,117328187,117328.187,419,0,gap,58
17541,117332658,117332.658,373,0,gap,58
17542,117337116,117337.116,320,0,gap,58
17543,117348179,117348.179,425,0,gap,58
17544,117352656,117352.656,335,0,gap,58
17545,117357136,117357.136,330,0,gap,58
17546,117368187,117368.187,417,0,gap,58
17547,117372677,117372.677,303,0,gap,58
17548,117378173,117378.173,358,0,gap,58
17549,117388178,117388.178,338,0,gap,58
17550,117392671,117392.671,327,0,gap,58
17551,117398177,117398.177,353,0,gap,58
17552,117408186,117408.186,342,0,gap,58
17553,117412704,117412.704,353,0,gap,58
17554,117418185,117418.185,334,0,gap,58
17555,117428178,117428.178,374,0,gap,58
17556,117432694,117432.694,314,0,gap,58
17557,117438177,117438.177,298,0,gap,58
17558,117448187,117448.187,372,0,gap,58
17559,117452724,117452.724,290,0,gap,58
17560,117458186,117458.186,296,0,gap,58
17561,117468179,117468.179,339,0,gap,58
17562,117472710,117472.71,262,0,gap,58
17563,117488165,117488.165,342,0,gap,58
17564,117492712,117492.712,277,0,gap,58
17565,117500035,117500.035,338,0,gap,58
17566,117504314,117504.314,247,0,gap,58
17567,117518177,117518.177,361,0,gap,58
17568,117522460,117522.46,240,0,gap,58
17569,117526751,117526.751,286,0,gap,58
17570,117538185,117538.185,292,0,gap,58
17571,117542488,117542.488,257,0,gap,58
17572,117546779,117546.779,290,0,gap,58
17573,117558177,117558.177,290,0,gap,58
17574,117562484,117562.484,302,0,gap,58
17575,117566805,117566.805,258,0,gap,58
17576,117578186,117578.186,337,0,gap,58
17577,117582510,117582.51,256,0,gap,58
17578,117586834,117586.834,219,0,gap,58
17579,117598178,117598.178,351,0,gap,58
17580,117602521,117602.521,224,0,gap,58
17581,117606851,117606.851,208,0,gap,58
17582,117618186,117618.186,322,0,gap,58
17583,117622535,117622.535,193,0,gap,58
17584,117626879,117626.879,240,0,gap,58
17585,117638182,117638.182,262,0,gap,58
17586,117642563,117642.563,229,0,gap,58
17587,117646947,117646.947,271,0,gap,58
17588,117658186,117658.186,243,0,gap,58
17589,117662584,117662.584,257,0,gap,58
17590,117666970,117666.97,240,0,gap,58
17591,117678178,117678.178,272,0,gap,58
17592,117682583,117682.583,233,0,gap,58
17593,117686991,117686.991,191,0,gap,58
17594,117698186,117698.186,314,0,gap,58
17595,117702607,117702.607,194,0,gap,58
17596,117707025,117707.025,176,0,gap,58
17597,117718178,117718.178,542,1,pulse,59
17598,117722699,117722.699,4095,1,pulse,59
17599,117727074,117727.074,4095,1,pulse,59
17600,117738183,117738.183,4095,1,pulse,59
17601,117742577,117742.577,4095,1,pulse,59
17602,117748182,117748.182,4095,1,pulse,59
17603,117758175,117758.175,4095,0,post,59
17604,117762772,117762.772,2896,0,post,59
17605,117778170,117778.17,2747,0,post,59
17606,117782592,117782.592,2704,0,post,59
17607,117787017,117787.017,2704,0,post,59
17608,117798178,117798.178,2665,0,post,59
17609,117802614,117802.614,2622,0,post,59
17610,117807041,117807.041,2609,0,post,59
17611,117818170,117818.17,2551,0,post,59
17612,117822616,117822.616,2548,0,post,59
17613,117827057,117827.057,2541,0,post,59
17614,117838179,117838.179,2512,0,post,59
17615,117842638,117842.638,2475,0,post,59
17616,117848177,117848.177,2463,0,post,59
17617,117858170,117858.17,2432,0,post,59
17618,117862628,117862.628,2421,0,post,59
17619,117868170,117868.17,2385,0,post,59
17620,117878179,117878.179,2375,0,post,59
