timestamp_s,perf_counter_s,frame_index,mean,max,p99,threshold,detected
0.024527868983568624,170249.644422597,0,3.8462727864583335,62.0,23.0,97.9125,0
0.05703533100313507,170249.676930059,1,3.817643229166667,63.0,23.0,97.9125,0
0.09261540998704731,170249.712510138,2,3.82072265625,64.0,23.0,97.9125,0
0.12453969198395498,170249.74443442,3,3.819423828125,65.0,23.0,97.9125,0
0.1565282509836834,170249.776422979,4,3.8269075520833336,64.0,22.0,97.9125,0
0.18855493600131012,170249.808449664,5,3.8155078125,67.0,23.0,97.9125,0
0.22453718999167904,170249.844431918,6,3.8349153645833334,65.0,23.0,97.9125,0
0.2565173649927601,170249.876412093,7,3.8473079427083334,65.0,22.0,97.9125,0
0.28852682499564253,170249.908421553,8,3.8428776041666666,66.0,22.0,97.9125,0
0.3245303109870292,170249.944425039,9,3.816780598958333,69.0,22.0,97.9125,0
0.35651728700031526,170249.976412015,10,3.832405598958333,62.0,22.0,97.9125,0
0.38867364000179805,170250.008568368,11,3.802942708333333,62.0,22.0,97.9125,0
0.4266937380016316,170250.046588466,12,3.8394986979166665,64.0,22.0,97.9125,0
0.458889059984358,170250.078783788,13,3.8086783854166666,73.0,22.0,97.9125,0
0.4890022999898065,170250.108897028,14,3.82251953125,72.0,22.0,97.9125,0
0.5270075800071936,170250.146902308,15,3.828030598958333,65.0,22.0,97.9125,0
0.5566158639849164,170250.176510592,16,3.81328125,64.0,22.0,97.9125,0
0.588648901990382,170250.20854363,17,3.796611328125,66.0,22.0,97.9125,0
0.6247149139817338,170250.244609642,18,3.8160286458333332,69.0,22.0,97.9125,0
0.6566454249841627,170250.276540153,19,3.77017578125,64.0,22.0,97.9125,0
0.6886440399975982,170250.308538768,20,3.8086165364583335,65.0,22.0,97.9125,0
0.7246791340003256,170250.344573862,21,3.7889811197916665,65.0,22.0,97.9125,0
0.7567184579966124,170250.376613186,22,3.798994140625,71.0,22.0,97.9125,0
0.7886705010023434,170250.408565229,23,3.8159049479166667,67.0,22.0,97.9125,0
0.820648032007739,170250.44054276,24,3.753046875,66.0,22.0,97.9125,0
0.8566681949887425,170250.476562923,25,3.79583984375,71.0,22.0,97.9125,0
0.8885931489930954,170250.508487877,26,3.787972005208333,65.0,22.0,97.9125,0
0.9206103769829497,170250.540505105,27,3.8058040364583334,65.0,23.0,97.9125,0
0.9565999780024868,170250.576494706,28,3.802099609375,66.0,22.0,97.9125,0
0.988609138992615,170250.608503867,29,3.7746647135416667,74.0,23.0,97.9125,0
1.0206532620068174,170250.64054799,30,3.7888606770833335,71.0,23.0,97.9125,0
1.0566307939880062,170250.676525522,31,3.758186848958333,71.0,23.0,97.9125,0
1.0886186249845196,170250.708513353,32,3.7877604166666665,67.0,23.0,97.9125,0
1.1206356239854358,170250.740530352,33,3.7744791666666666,67.0,23.0,97.9125,0
1.156602233008016,170250.776496961,34,3.7485677083333333,67.0,23.0,97.9125,0
1.1886931829794776,170250.808587911,35,3.7945572916666666,65.0,23.0,97.9125,0
1.2206388819904532,170250.84053361,36,3.795751953125,66.0,23.0,97.9125,0
1.25667567999335,170250.876570408,37,3.7800716145833335,69.0,23.0,97.9125,0
1.2886405099998228,170250.908535238,38,3.784554036458333,72.0,23.0,97.9125,0
1.320621413004119,170250.940516141,39,3.7836946614583336,71.0,23.0,97.9125,0
1.3526156779844314,170250.972510406,40,3.7937239583333335,67.0,23.0,97.9125,0
1.3887087139883079,170251.008603442,41,3.814052734375,66.0,23.0,97.9125,0
1.4206656249880325,170251.040560353,42,3.8279622395833335,72.0,23.0,97.9125,0
1.4526315839902963,170251.072526312,43,3.7824446614583334,71.0,23.0,97.9125,0
1.488664409989724,170251.108559138,44,3.79638671875,65.0,23.0,97.9125,0
1.5205746089923196,170251.140469337,45,3.8057975260416668,71.0,23.0,97.9125,0
1.5526352349843364,170251.172529963,46,3.8151529947916667,68.0,24.0,97.9125,0
1.5885374349891208,170251.208432163,47,3.846884765625,74.0,23.0,97.9125,0
1.620507440995425,170251.240402169,48,3.850979817708333,69.0,23.0,97.9125,0
1.6525953789823689,170251.272490107,49,3.824345703125,72.0,23.0,97.9125,0
1.688470369001152,170251.308365097,50,3.8514778645833334,69.0,24.0,97.9125,0
1.7205177540017758,170251.340412482,51,3.8433040364583335,71.0,24.0,97.9125,0
1.7525289689947385,170251.372423697,52,3.847281901041667,72.0,24.0,97.9125,0
1.7885550149949268,170251.408449743,53,3.869580078125,68.0,24.0,97.9125,0
1.8205296289816033,170251.440424357,54,3.8328548177083333,67.0,24.0,97.9125,0
1.8525533929932863,170251.472448121,55,3.856640625,64.0,24.0,97.9125,0
1.8845297950028908,170251.504424523,56,3.8468522135416667,71.0,24.0,97.9125,0
1.9204721629794221,170251.540366891,57,3.856839192708333,67.0,24.0,97.9125,0
1.9525507199869025,170251.572445448,58,3.8635709635416666,69.0,24.0,97.9125,0
1.9845781049807556,170251.604472833,59,3.8348079427083333,78.0,24.0,97.9125,0
2.020544003986288,170251.640438732,60,3.8921549479166666,76.0,24.0,97.9125,0
2.0525179489923175,170251.672412677,61,3.8811100260416667,69.0,24.0,97.9125,0
2.084534181980416,170251.70442891,62,3.90947265625,66.0,24.0,97.9125,0
2.1205120259837713,170251.740406754,63,3.965986328125,71.0,24.0,97.9125,0
2.152519602997927,170251.772414331,64,3.972958984375,72.0,24.0,97.9125,0
2.184570009005256,170251.804464737,65,3.9452897135416665,68.0,24.0,97.9125,0
2.220488614984788,170251.840383343,66,3.9411751302083333,65.0,24.0,97.9125,0
2.252522916998714,170251.872417645,67,3.9345833333333333,65.0,24.0,97.9125,0
2.2845700430043507,170251.904464771,68,3.9265755208333335,67.0,24.0,97.9125,0
2.3205396230041515,170251.940434351,69,3.928515625,66.0,24.0,97.9125,0
2.352548909984762,170251.972443638,70,3.9470149739583333,72.0,24.0,97.9125,0
2.3845239889924414,170252.004418717,71,3.9487825520833333,68.0,24.0,97.9125,0
2.4205508139857557,170252.040445542,72,3.9372981770833335,74.0,24.0,97.9125,0
2.452483430999564,170252.072378159,73,3.936748046875,66.0,24.0,97.9125,0
2.4845121749967802,170252.104406903,74,3.9511751302083336,66.0,24.0,97.9125,0
2.51653601200087,170252.13643074,75,3.949794921875,68.0,24.0,97.9125,0
2.552450454008067,170252.172345182,76,3.953180338541667,69.0,24.0,97.9125,0
2.584503496007528,170252.204398224,77,3.95296875,71.0,24.0,97.9125,0
2.616496164991986,170252.236390893,78,3.950852864583333,69.0,24.0,97.9125,0
2.6524990769976284,170252.272393805,79,3.9562369791666665,63.0,24.0,97.9125,0
2.6845448490057606,170252.304439577,80,3.9526171875,67.0,24.0,97.9125,0
2.7164897919865325,170252.33638452,81,3.9394856770833333,71.0,24.0,97.9125,0
2.75253317199531,170252.3724279,82,3.959794921875,67.0,24.0,97.9125,0
2.784444361983333,170252.40433909,83,3.92017578125,69.0,24.0,97.9125,0
2.8164780179795343,170252.436372746,84,3.96330078125,68.0,24.0,97.9125,0
2.8525136079988442,170252.472408336,85,3.964563802083333,69.0,24.0,97.9125,0
2.884529417002341,170252.504424145,86,3.964524739583333,68.0,24.0,97.9125,0
2.9164992349979,170252.536393963,87,3.963193359375,65.0,24.0,97.9125,0
2.952571692003403,170252.57246642,88,3.932408854166667,67.0,24.0,97.9125,0
2.9844963299983647,170252.604391058,89,3.959527994791667,67.0,24.0,97.9125,0
3.0165301829983946,170252.636424911,90,3.9315299479166668,67.0,24.0,97.9125,0
3.048503347003134,170252.668398075,91,3.9582194010416667,72.0,23.0,97.9125,0
3.084505626000464,170252.704400354,92,3.9396451822916667,64.0,24.0,97.9125,0
3.1164854870003182,170252.736380215,93,3.9479524739583334,71.0,23.0,97.9125,0
3.1484509680012707,170252.768345696,94,3.9732421875,73.0,23.0,97.9125,0
3.1844496830017306,170252.804344411,95,3.947958984375,66.0,24.0,97.9125,0
3.216488339996431,170252.836383068,96,3.92267578125,62.0,23.0,97.9125,0
3.2485696229850873,170252.868464351,97,3.94892578125,67.0,23.0,97.9125,0
3.2845286119845696,170252.90442334,98,3.9491796875,65.0,23.0,97.9125,0
3.31649609899614,170252.936390827,99,3.9221614583333335,72.0,23.0,97.9125,0
3.348480094980914,170252.968374823,100,3.9240950520833335,73.0,23.0,97.9125,0
3.38453268999001,170253.004427418,101,3.929140625,66.0,23.0,97.9125,0
3.4165018110070378,170253.036396539,102,3.949677734375,61.0,23.0,97.9125,0
3.4484788029803894,170253.068373531,103,3.932991536458333,65.0,23.0,97.9125,0
3.4846115649852436,170253.104506293,104,3.9406217447916667,66.0,23.0,97.9125,0
3.5165442760044243,170253.136439004,105,3.934326171875,65.0,23.0,97.9125,0
3.5484914779954124,170253.168386206,106,3.882744140625,65.0,23.0,97.9125,0
3.5805222280032467,170253.200416956,107,3.9401171875,63.0,23.0,97.9125,0
3.616512268985389,170253.236406997,108,3.869833984375,66.0,23.0,97.9125,0
3.648493624990806,170253.268388353,109,3.8682649739583335,67.0,23.0,97.9125,0
3.680528091004817,170253.300422819,110,3.8419563802083334,67.0,23.0,97.9125,0
3.7164409490069374,170253.336335677,111,3.8479427083333335,65.0,23.0,97.9125,0
3.748502390983049,170253.368397119,112,3.8171158854166665,63.0,23.0,97.9125,0
3.7804956260079052,170253.400390354,113,3.855973307291667,64.0,23.0,97.9125,0
3.8164941889990587,170253.436388917,114,3.8736979166666665,68.0,23.0,97.9125,0
3.848543656000402,170253.468438384,115,3.834733072916667,65.0,23.0,97.9125,0
3.8804818989883643,170253.500376627,116,3.8434798177083334,65.0,23.0,97.9125,0
3.9164934610016644,170253.536388189,117,3.854375,63.0,23.0,97.9125,0
3.9486370259837713,170253.568531754,118,3.861009114583333,73.0,23.0,97.9125,0
3.980517082993174,170253.600411811,119,3.828160807291667,67.0,23.0,97.9125,0
4.0165698530036025,170253.636464581,120,3.8253938802083334,69.0,23.0,97.9125,0
4.048484345985344,170253.668379074,121,3.8312923177083333,65.0,23.0,97.9125,0
4.080517177993897,170253.700411906,122,3.803522135416667,75.0,23.0,97.9125,0
4.112579949985957,170253.732474678,123,3.8739615885416665,71.0,23.0,97.9125,0
4.148478778981371,170253.768373507,124,3.8598177083333334,67.0,23.0,97.9125,0
4.180501676979475,170253.800396405,125,3.85353515625,64.0,23.0,97.9125,0
4.2124954979808535,170253.832390226,126,3.8241080729166668,65.0,22.010000000009313,97.9125,0
4.248506806005025,170253.868401534,127,3.861946614583333,65.0,23.0,97.9125,0
4.280541830987204,170253.900436559,128,3.81943359375,75.0,22.0,97.9125,0
4.3125104990031105,170253.932405227,129,3.8390071614583334,64.0,23.0,97.9125,0
4.348509985982673,170253.968404714,130,3.832330729166667,67.0,22.0,97.9125,0
4.380536437995033,170254.000431166,131,3.863317057291667,63.0,23.0,97.9125,0
4.412529966997681,170254.032424695,132,3.8207291666666667,71.0,22.0,97.9125,0
4.448477511003148,170254.068372239,133,3.8397200520833334,69.0,23.0,97.9125,0
4.480541356984759,170254.100436085,134,3.8377897135416665,66.0,23.0,97.9125,0
4.512551745981909,170254.132446474,135,3.834791666666667,65.0,23.0,97.9125,0
4.548532276996411,170254.168427005,136,3.8215364583333336,66.0,23.0,97.9125,0
4.580513853987213,170254.200408582,137,3.822919921875,67.0,23.0,97.9125,0
4.612465761980275,170254.23236049,138,3.834892578125,65.0,23.0,97.9125,0
4.648568659002194,170254.268463387,139,3.8161881510416666,65.0,23.0,97.9125,0
4.680524338997202,170254.300419067,140,3.8178450520833334,68.0,23.0,97.9125,0
4.712481839000247,170254.332376567,141,3.8426888020833334,65.0,23.0,97.9125,0
4.7444592009996995,170254.364353929,142,3.809287109375,68.0,23.0,97.9125,0
4.780548206996173,170254.400442935,143,3.8392317708333334,71.0,23.0,97.9125,0
4.8125440680014435,170254.432438796,144,3.82208984375,67.0,23.0,97.9125,0
4.8445026989793405,170254.464397427,145,3.8374837239583335,69.0,23.0,97.9125,0
4.880535478005186,170254.500430206,146,3.8486653645833333,71.0,23.0,97.9125,0
4.912530311004957,170254.532425039,147,3.8372102864583333,69.0,23.0,97.9125,0
4.944523318001302,170254.564418046,148,3.809794921875,71.0,23.0,97.9125,0
4.980542493984103,170254.600437222,149,3.8277734375,64.0,23.0,97.9125,0
5.012530151987448,170254.63242488,150,3.8573990885416665,68.0,23.0,97.9125,0
5.044511843996588,170254.664406572,151,3.855498046875,65.0,23.0,97.9125,0
5.080527737998636,170254.700422466,152,3.8471061197916665,68.0,23.0,97.9125,0
5.1124897559930105,170254.732384484,153,3.8731868489583334,67.0,23.0,97.9125,0
5.144587051006965,170254.764481779,154,3.8608138020833334,66.0,23.0,97.9125,0
5.180547889991431,170254.800442618,155,3.8651139322916666,66.0,23.0,97.9125,0
5.2124650749901775,170254.832359803,156,3.8702018229166666,68.0,23.0,97.9125,0
5.24453951898613,170254.864434247,157,3.8900390625,68.0,23.0,97.9125,0
5.276561831007712,170254.896456559,158,3.88095703125,66.0,24.0,97.9125,0
5.312511928990716,170254.932406657,159,3.87240234375,65.0,24.0,97.9125,0
5.344518075988162,170254.964412804,160,3.90158203125,73.0,24.0,97.9125,0
5.376519815996289,170254.996414544,161,3.9090006510416666,73.0,24.0,97.9125,0
5.412555564980721,170255.032450293,162,3.8999641927083335,71.0,24.0,97.9125,0
5.44459487698623,170255.064489605,163,3.916435546875,68.0,24.0,97.9125,0
5.4764905009942595,170255.096385229,164,3.892177734375,67.0,24.0,97.9125,0
5.512505164981121,170255.132399893,165,3.892119140625,71.0,24.0,97.9125,0
5.544573232007679,170255.16446796,166,3.9241178385416666,73.0,24.0,97.9125,0
5.576474531990243,170255.19636926,167,3.9040983072916666,66.0,24.0,97.9125,0
5.613252277980791,170255.233147006,168,3.9370833333333333,72.0,24.0,97.9125,0
5.64456534999772,170255.264460078,169,3.926663411458333,68.0,24.0,97.9125,0
5.676539278007112,170255.296434006,170,3.916162109375,69.0,24.0,97.9125,0
5.71251462798682,170255.332409356,171,3.9748958333333335,71.0,24.0,97.9125,0
5.7445664730039425,170255.364461201,172,3.959436848958333,71.0,24.0,97.9125,0
5.776551896997262,170255.396446625,173,3.992509765625,72.0,24.0,97.9125,0
5.812538625992602,170255.432433354,174,3.9476204427083332,73.0,24.0,97.9125,0
5.844589776999783,170255.464484505,175,3.9490266927083333,68.0,24.0,97.9125,0
5.876509656984126,170255.496404385,176,3.9632194010416666,66.0,24.0,97.9125,0
5.90852793600061,170255.528422664,177,3.95609375,71.0,24.0,97.9125,0
5.944479981000768,170255.564374709,178,3.976110026041667,72.0,24.0,97.9125,0
5.976471860980382,170255.596366589,179,3.97353515625,69.0,24.0,97.9125,0
6.0084968759911135,170255.628391604,180,3.99470703125,68.0,24.0,97.9125,0
6.044501536001917,170255.664396264,181,3.9860221354166665,67.0,24.0,97.9125,0
6.076512896979693,170255.696407625,182,3.98521484375,67.0,24.0,97.9125,0
6.108492853993084,170255.728387582,183,3.9980208333333334,67.0,24.0,97.9125,0
6.144518991990481,170255.76441372,184,4.017369791666667,72.0,24.0,97.9125,0
6.176551844982896,170255.796446573,185,4.0046158854166665,65.0,24.0,97.9125,0
6.208530233998317,170255.828424962,186,3.9892545572916664,66.0,24.0,97.9125,0
6.2445340489794035,170255.864428777,187,4.010872395833333,65.0,24.0,97.9125,0
6.276474601007067,170255.896369329,188,4.0022265625,65.0,24.0,97.9125,0
6.30852258898085,170255.928417317,189,4.0094140625,65.0,24.0,97.9125,0
6.344589775981149,170255.964484504,190,3.9855338541666665,73.0,24.0,97.9125,0
6.376582453987794,170255.996477182,191,3.9988639322916666,65.0,24.0,97.9125,0
6.408570581988897,170256.02846531,192,4.004020182291667,66.0,24.0,97.9125,0
6.440518016985152,170256.060412745,193,4.04626953125,65.0,24.0,97.9125,0
6.476504878984997,170256.096399607,194,4.009833984375,69.0,24.0,97.9125,0
6.508548420999432,170256.128443149,195,4.008232421875,71.0,24.0,97.9125,0
6.5405363790050615,170256.160431107,196,4.0075390625,69.0,24.0,97.9125,0
6.576540793990716,170256.196435522,197,3.986748046875,63.0,24.0,97.9125,0
6.608531237987336,170256.228425966,198,4.028121744791667,63.0,24.0,97.9125,0
6.640596518001985,170256.260491246,199,4.013079427083333,65.0,24.0,97.9125,0
6.676536964980187,170256.296431693,200,4.007356770833334,64.0,24.0,97.9125,0
6.708559578983113,170256.328454307,201,3.9731868489583335,71.0,24.0,97.9125,0
6.74055205800687,170256.360446786,202,4.029261067708333,65.0,24.0,97.9125,0
6.776483334979275,170256.396378063,203,3.98078125,66.0,23.0,97.9125,0
6.808534673007671,170256.428429401,204,4.012086588541667,66.0,23.0,97.9125,0
6.840547339990735,170256.460442068,205,3.9802278645833336,65.0,23.0,97.9125,0
6.876566811988596,170256.49646154,206,4.006988932291667,67.0,23.0,97.9125,0
6.908526602986967,170256.528421331,207,3.9919856770833335,66.0,23.0,97.9125,0
6.940544034005143,170256.560438762,208,3.9865787760416667,69.0,23.0,97.9125,0
6.9725239659892395,170256.592418694,209,3.9613834635416665,64.0,23.0,97.9125,0
7.0085346729902085,170256.628429401,210,3.983046875,66.0,23.0,97.9125,0
7.040556952008046,170256.66045168,211,3.9582975260416666,67.0,23.0,97.9125,0
7.072547069983557,170256.692441798,212,3.974189453125,68.0,23.0,97.9125,0
7.108541911991779,170256.72843664,213,3.9843359375,65.0,23.0,97.9125,0
7.140549198986264,170256.760443927,214,3.981142578125,68.0,23.0,97.9125,0
7.172531894000713,170256.792426622,215,3.9812239583333335,64.0,23.0,97.9125,0
7.208535251993453,170256.82842998,216,3.9026009114583333,67.0,23.0,97.9125,0
7.240530151990242,170256.86042488,217,3.9120638020833334,66.0,23.0,97.9125,0
7.272568048996618,170256.892462777,218,3.912421875,67.0,23.0,97.9125,0
7.308534441981465,170256.92842917,219,3.8841861979166667,68.0,23.0,97.9125,0
7.340544075996149,170256.960438804,220,3.894248046875,64.0,23.0,97.9125,0
7.372529151005438,170256.992423879,221,3.893525390625,67.0,23.0,97.9125,0
7.408603930991376,170257.028498659,222,3.9009016927083335,66.0,23.0,97.9125,0
7.440560810005991,170257.060455538,223,3.8782975260416666,72.0,23.0,97.9125,0
7.472552356979577,170257.092447085,224,3.8957421875,66.0,23.0,97.9125,0
7.5045852010080125,170257.124479929,225,3.8959244791666667,64.0,23.0,97.9125,0
7.540564258000813,170257.160458986,226,3.869928385416667,69.0,23.0,97.9125,0
7.572589991992572,170257.19248472,227,3.8551595052083334,68.0,23.0,97.9125,0
7.604511462006485,170257.22440619,228,3.8844759114583334,65.0,23.0,97.9125,0
7.640554549987428,170257.260449278,229,3.8451822916666667,67.0,23.0,97.9125,0
7.6725656829949,170257.292460411,230,3.8301041666666666,65.0,23.0,97.9125,0
7.704554191994248,170257.32444892,231,3.8772200520833335,64.0,23.0,97.9125,0
7.74056962900795,170257.360464357,232,3.885263671875,66.0,23.0,97.9125,0
7.772514735988807,170257.392409464,233,3.8909342447916666,62.0,23.0,97.9125,0
7.804538344003959,170257.424433072,234,3.884576822916667,65.0,23.0,97.9125,0
7.840500570979202,170257.460395299,235,3.8930143229166667,66.0,23.0,97.9125,0
7.872514860006049,170257.492409588,236,3.8722916666666665,71.0,23.0,97.9125,0
7.904522138007451,170257.524416866,237,3.8581998697916666,68.0,22.0,97.9125,0
7.940511052991496,170257.560405781,238,3.871077473958333,68.0,23.0,97.9125,0
7.97248951299116,170257.592384241,239,3.858209635416667,65.0,22.0,97.9125,0
8.004493637999985,170257.624388366,240,3.8531477864583334,68.0,23.0,97.9125,0
8.040561272006016,170257.660456,241,3.8369205729166667,64.0,23.0,97.9125,0
8.072569609998027,170257.692464338,242,3.8571126302083334,67.0,23.0,97.9125,0
8.104556873993715,170257.724451602,243,3.8807421875,65.0,23.0,97.9125,0
8.136531691998243,170257.75642642,244,3.8832161458333334,68.0,23.0,97.9125,0
8.172539492981741,170257.792434221,245,3.869986979166667,72.0,23.0,97.9125,0
8.204533485986758,170257.824428214,246,3.864313151041667,71.0,23.0,97.9125,0
8.236553594993893,170257.856448323,247,3.8724576822916665,66.0,23.0,97.9125,0
8.272505789995193,170257.892400518,248,3.8652571614583335,66.0,23.0,97.9125,0
8.304518696008017,170257.924413424,249,3.872138671875,68.0,23.0,97.9125,0
8.336557692004135,170257.95645242,250,3.8748665364583332,69.0,23.0,97.9125,0
8.372567879006965,170257.992462607,251,3.842734375,67.0,23.0,97.9125,0
8.404588431993034,170258.02448316,252,3.8449479166666665,71.0,23.0,97.9125,0
8.436540467984742,170258.056435196,253,3.8817545572916665,69.0,23.0,97.9125,0
8.472566749987891,170258.092461478,254,3.8696419270833333,67.0,23.0,97.9125,0
8.504552130005322,170258.124446858,255,3.86861328125,71.0,23.0,97.9125,0
8.536560135980835,170258.156454864,256,3.9098046875,73.0,23.0,97.9125,0
8.572641659004148,170258.192536387,257,3.8835384114583333,66.0,24.0,97.9125,0
8.604480487003457,170258.224375215,258,3.8983365885416665,71.0,23.0,97.9125,0
8.636548798996955,170258.256443527,259,3.886510416666667,72.0,23.0,97.9125,0
8.668579188000876,170258.288473916,260,3.870810546875,68.0,23.0,97.9125,0
8.704547011002433,170258.324441739,261,3.8603743489583335,66.0,23.0,97.9125,0
8.73653532800381,170258.356430056,262,3.872177734375,75.0,23.0,97.9125,0
8.768513260991313,170258.388407989,263,3.8717350260416667,66.0,24.0,97.9125,0
8.804525034996914,170258.424419763,264,3.9038053385416664,68.0,23.0,97.9125,0
8.836529933993006,170258.456424662,265,3.9025455729166665,69.0,23.0,97.9125,0
8.86849759100005,170258.488392319,266,3.909781901041667,69.0,24.0,97.9125,0
8.904526751983212,170258.52442148,267,3.9115885416666667,68.0,24.0,97.9125,0
8.936505313002272,170258.556400041,268,3.931526692708333,65.0,24.0,97.9125,0
8.968464974983362,170258.588359703,269,3.882265625,71.0,24.0,97.9125,0
9.00452805700479,170258.624422785,270,3.9232421875,76.0,24.0,97.9125,0
9.036538054002449,170258.656432782,271,3.9212076822916666,76.0,24.0,97.9125,0
9.068532551988028,170258.68842728,272,3.9353092447916667,69.0,24.0,97.9125,0
9.104580941988388,170258.72447567,273,3.9264485677083334,67.0,24.0,97.9125,0
9.136535119003383,170258.756429847,274,3.9435123697916667,64.0,24.0,97.9125,0
9.168528996990062,170258.788423725,275,3.92669921875,71.0,24.0,97.9125,0
9.20059595600469,170258.820490684,276,3.93251953125,66.0,24.0,97.9125,0
9.236581379984273,170258.856476108,277,3.9266927083333334,69.0,24.0,97.9125,0
9.268532797985245,170258.888427526,278,3.9590299479166666,65.0,24.0,97.9125,0
9.300509499997133,170258.920404228,279,4.007600911458334,64.0,24.0,97.9125,0
9.336522719007917,170258.956417447,280,4.015556640625,65.0,24.0,97.9125,0
9.368525947007583,170258.988420675,281,3.99740234375,67.0,24.0,97.9125,0
9.400667805981357,170259.020562534,282,3.9845703125,69.0,24.0,97.9125,0
9.436595857987413,170259.056490586,283,3.978401692708333,69.0,24.0,97.9125,0
9.468572919984581,170259.088467648,284,3.97294921875,67.0,24.0,97.9125,0
9.500516758998856,170259.120411487,285,3.973349609375,67.0,24.0,97.9125,0
9.536570244003087,170259.156464972,286,4.009739583333333,71.0,24.0,97.9125,0
9.568528428004356,170259.188423156,287,3.9938509114583334,67.0,24.0,97.9125,0
9.600490698998328,170259.220385427,288,3.978102213541667,66.0,24.0,97.9125,0
9.636503475980135,170259.256398204,289,3.997021484375,66.0,24.0,97.9125,0
9.66856718499912,170259.288461913,290,3.9788053385416666,69.0,24.0,97.9125,0
9.700554645998636,170259.320449374,291,3.996468098958333,67.0,24.0,97.9125,0
9.736628999991808,170259.356523728,292,3.9984505208333334,71.0,24.0,97.9125,0
9.768560811993666,170259.38845554,293,4.003603515625,67.0,24.0,97.9125,0
9.800490366993472,170259.420385095,294,3.9665266927083334,66.0,24.0,97.9125,0
9.832508024002891,170259.452402752,295,3.9941341145833333,71.0,24.0,97.9125,0
9.868499899981543,170259.488394628,296,3.9886490885416666,65.0,24.0,97.9125,0
9.90057280898327,170259.520467537,297,4.0210970052083335,64.0,24.0,97.9125,0
9.932579971995438,170259.5524747,298,3.9958756510416666,65.0,24.0,97.9125,0
9.968536843982292,170259.588431572,299,3.9890983072916666,67.0,24.0,97.9125,0
10.00052982600755,170259.620424554,300,3.96859375,66.0,24.0,97.9125,0
10.03253611997934,170259.652430848,301,3.9868294270833333,72.0,24.0,97.9125,0
10.06853509999928,170259.688429828,302,3.9906575520833334,66.0,24.0,97.9125,0
10.100525727000786,170259.720420455,303,4.018642578125,71.0,24.0,97.9125,0
10.132549529982498,170259.752444258,304,4.016861979166666,66.0,24.0,97.9125,0
10.168537552992348,170259.788432281,305,4.002180989583334,67.0,24.0,97.9125,0
10.2005649379862,170259.820459666,306,4.003743489583333,72.0,24.0,97.9125,0
10.232543695979984,170259.852438424,307,3.9723502604166665,66.0,24.0,97.9125,0
10.26855063799303,170259.888445366,308,4.023518880208333,65.0,24.0,97.9125,0
10.300526812992757,170259.920421541,309,4.01869140625,67.0,24.0,97.9125,0
10.33256944999448,170259.952464178,310,3.9970442708333334,65.0,24.0,97.9125,0
10.364554644998861,170259.984449373,311,4.0007421875,71.0,24.0,97.9125,0
10.400533135980368,170260.020427864,312,4.0068359375,69.0,24.0,97.9125,0
10.43260341900168,170260.052498147,313,3.9952994791666665,63.0,23.0,97.9125,0
10.464537669002311,170260.084432397,314,4.000611979166667,65.0,23.0,97.9125,0
10.500528189004399,170260.120422917,315,3.989755859375,64.0,23.0,97.9125,0
10.532546564005315,170260.152441292,316,3.9684993489583333,65.0,23.0,97.9125,0
10.56452753400663,170260.184422262,317,3.985745442708333,65.0,24.0,97.9125,0
10.600635948998388,170260.220530677,318,3.9785546875,64.0,23.0,97.9125,0
10.632585101004224,170260.252479829,319,3.9936751302083335,65.0,23.0,97.9125,0
10.664573233982082,170260.284467962,320,3.97240234375,62.0,23.0,97.9125,0
10.700570860004518,170260.320465588,321,3.93482421875,66.0,23.0,97.9125,0
10.732573621004121,170260.352468349,322,3.96693359375,66.0,23.0,97.9125,0
10.76455918798456,170260.384453916,323,3.90255859375,63.0,23.0,97.9125,0
10.800576568988618,170260.420471297,324,4.0166243489583335,66.0,23.0,97.9125,0
10.832559689995833,170260.452454418,325,3.9930208333333335,64.0,23.0,97.9125,0
10.864568953984417,170260.484463682,326,3.9968326822916667,65.0,23.0,97.9125,0
10.900568329991074,170260.520463058,327,3.945592447916667,66.0,23.0,97.9125,0
10.932622730004368,170260.552517458,328,3.96955078125,68.0,23.0,97.9125,0
10.96456788800424,170260.584462616,329,3.9790234375,69.0,23.0,97.9125,0
10.996538629988208,170260.616433358,330,4.003645833333334,66.0,23.0,97.9125,0
11.032569420000073,170260.652464148,331,3.994189453125,67.0,23.0,97.9125,0
11.064599281991832,170260.68449401,332,3.992451171875,73.0,23.0,97.9125,0
11.096547163993819,170260.716441892,333,3.9319563802083333,65.0,23.0,97.9125,0
11.132567054999527,170260.752461783,334,3.9395442708333333,62.0,23.0,97.9125,0
11.164571517001605,170260.784466245,335,3.954287109375,65.0,23.0,97.9125,0
11.196583682991331,170260.816478411,336,3.9399479166666667,63.0,23.0,97.9125,0
11.232542312005535,170260.85243704,337,3.9226725260416666,71.0,23.0,97.9125,0
11.264609525998821,170260.884504254,338,3.9470703125,66.0,23.0,97.9125,0
11.29656884499127,170260.916463573,339,3.932203776041667,71.0,23.0,97.9125,0
11.332560935989022,170260.952455664,340,3.91943359375,68.0,23.0,97.9125,0
11.364544199983357,170260.984438928,341,3.9221809895833335,66.0,23.0,97.9125,0
11.396651986986399,170261.016546715,342,3.9255240885416667,71.0,22.0,97.9125,0
11.43263608799316,170261.052530816,343,3.910139973958333,66.0,23.0,97.9125,0
11.464610352995805,170261.084505081,344,3.897965494791667,68.0,23.0,97.9125,0
11.496605987980729,170261.116500716,345,3.9306575520833333,65.0,23.0,97.9125,0
11.528598428994883,170261.148493157,346,3.9222037760416666,68.0,23.0,97.9125,0
11.564569807000225,170261.184464535,347,3.92416015625,65.0,22.0,97.9125,0
11.59655296098208,170261.216447689,348,3.91294921875,71.0,23.0,97.9125,0
11.628543867991539,170261.248438596,349,3.8958365885416666,65.0,23.0,97.9125,0
11.664553723006975,170261.284448451,350,3.8667122395833333,66.0,23.0,97.9125,0
11.69653817199287,170261.3164329,351,3.8839518229166665,65.0,23.0,97.9125,0
11.72857010300504,170261.348464831,352,3.890719401041667,67.0,23.0,97.9125,0
11.764536956994561,170261.384431685,353,3.8997005208333335,65.0,23.0,97.9125,0
11.796565033000661,170261.416459761,354,3.9175618489583335,72.0,23.0,97.9125,0
11.828609119984321,170261.448503848,355,3.8708561197916667,67.0,23.0,97.9125,0
11.864543698990019,170261.484438427,356,3.90994140625,67.0,23.0,97.9125,0
11.896570437995251,170261.516465166,357,3.9011328125,71.0,23.0,97.9125,0
11.928584182984196,170261.548478911,358,3.919095052083333,66.0,23.0,97.9125,0
11.96460400900105,170261.584498737,359,3.897041015625,71.0,23.0,97.9125,0
11.996571194991702,170261.616465923,360,3.919990234375,65.0,23.0,97.9125,0
12.028550632006954,170261.64844536,361,3.9143033854166664,67.0,23.0,97.9125,0
12.06058634299552,170261.680481071,362,3.9091927083333333,66.0,23.0,97.9125,0
12.096558474993799,170261.716453203,363,3.8515364583333334,68.0,23.0,97.9125,0
12.128544348001014,170261.748439076,364,3.9156705729166665,72.0,23.0,97.9125,0
12.16055497599882,170261.780449704,365,3.936513671875,66.0,23.0,97.9125,0
12.196538029005751,170261.816432757,366,3.9080501302083333,68.0,24.0,97.9125,0
12.228545249003218,170261.848439977,367,3.9080501302083333,69.0,24.0,97.9125,0
12.260543851996772,170261.88043858,368,3.9361360677083335,71.0,23.0,97.9125,0
12.296541913994588,170261.916436642,369,3.929459635416667,72.0,24.0,97.9125,0
12.328550356993219,170261.948445085,370,3.917900390625,72.0,24.0,97.9125,0
12.360551152989501,170261.980445881,371,3.9189876302083335,68.0,24.0,97.9125,0
12.396563903981587,170262.016458632,372,3.93158203125,75.0,24.0,97.9125,0
12.428591055999277,170262.048485784,373,3.919339192708333,71.0,24.0,97.9125,0
12.460624817002099,170262.080519545,374,3.9370963541666666,71.0,24.0,97.9125,0
12.49657792499056,170262.116472653,375,3.944371744791667,69.0,24.0,97.9125,0
12.528548839996802,170262.148443568,376,3.942288411458333,78.0,24.0,97.9125,0
12.560545049986104,170262.180439778,377,3.9435384114583334,75.0,24.0,97.9125,0
12.596575503994245,170262.216470232,378,3.9108203125,71.0,24.0,97.9125,0
12.628538627992384,170262.248433356,379,3.9277994791666666,72.0,24.0,97.9125,0
12.660565178986872,170262.280459907,380,3.918583984375,68.0,24.0,97.9125,0
12.692576675995952,170262.312471404,381,3.897161458333333,64.0,24.0,97.9125,0
12.728542398981517,170262.348437127,382,3.901650390625,67.0,24.0,97.9125,0
12.76061297999695,170262.380507708,383,3.88474609375,67.0,24.0,97.9125,0
12.792568545002723,170262.412463273,384,3.9108561197916667,71.0,24.0,97.9125,0
12.82860551099293,170262.448500239,385,3.89302734375,68.0,24.0,97.9125,0
12.860582749999594,170262.480477478,386,3.8965657552083335,65.0,24.0,97.9125,0
12.892587095993804,170262.512481824,387,3.9137174479166665,71.0,24.0,97.9125,0
12.928581693005981,170262.548476421,388,3.90703125,67.0,24.0,97.9125,0
12.960603640996851,170262.580498369,389,3.9330078125,74.0,24.0,97.9125,0
12.992578120989492,170262.612472849,390,3.9482454427083336,68.0,24.0,97.9125,0
13.028596440999536,170262.648491169,391,3.924169921875,71.0,24.0,97.9125,0
13.060613462992478,170262.680508191,392,3.949348958333333,72.0,24.0,97.9125,0
13.092570584994974,170262.712465313,393,3.9268229166666666,69.0,24.0,97.9125,0
13.128644337004516,170262.748539065,394,3.9156608072916668,64.0,24.0,97.9125,0
13.160582665004767,170262.780477393,395,3.9287890625,65.0,24.0,97.9125,0
13.192602855997393,170262.812497584,396,3.90564453125,66.0,24.0,97.9125,0
13.224591951991897,170262.84448668,397,3.9322005208333333,69.0,24.0,97.9125,0
13.260552716004895,170262.880447444,398,3.942080078125,64.0,24.0,97.9125,0
13.29251103498973,170262.912405763,399,3.9181901041666665,69.0,24.0,97.9125,0
13.324589614989236,170262.944484343,400,3.9697884114583335,69.0,24.0,97.9125,0
13.36056759499479,170262.980462323,401,3.9502799479166666,67.0,24.0,97.9125,0
13.392547070980072,170263.012441799,402,3.9533561197916667,66.0,24.0,97.9125,0
13.424733275984181,170263.044628004,403,3.9367024739583334,63.0,24.0,97.9125,0
13.460549587995047,170263.080444316,404,3.95701171875,69.0,24.0,97.9125,0
13.492583226005081,170263.112477954,405,3.9429557291666666,68.0,24.0,97.9125,0
13.52460285500274,170263.144497583,406,3.960498046875,67.0,24.0,97.9125,0
13.560580630000914,170263.180475358,407,3.940071614583333,67.0,24.0,97.9125,0
13.592582498007687,170263.212477226,408,3.931490885416667,66.0,24.0,97.9125,0
13.624590082996292,170263.244484811,409,3.9143489583333335,64.0,24.0,97.9125,0
13.660584116005339,170263.280478844,410,3.943922526041667,67.0,24.0,97.9125,0
13.692513418005547,170263.312408146,411,3.9603385416666668,69.0,24.0,97.9125,0
13.724561748997075,170263.344456477,412,3.933424479166667,65.0,23.0,97.9125,0
13.756554255000083,170263.376448983,413,3.9559830729166667,67.0,24.0,97.9125,0
13.792548220983008,170263.412442949,414,3.9423209635416665,64.0,24.0,97.9125,0
13.824549479992129,170263.444444208,415,3.928899739583333,67.0,24.0,97.9125,0
13.856499813002301,170263.476394541,416,3.921826171875,71.0,23.0,97.9125,0
13.892525693983771,170263.512420422,417,3.9582063802083334,67.0,23.0,97.9125,0
13.924520236003445,170263.544414964,418,3.9244596354166665,65.0,23.0,97.9125,0
13.956593251001323,170263.576487979,419,3.9258984375,65.0,23.0,97.9125,0
13.99258215498412,170263.612476883,420,3.915641276041667,68.0,23.0,97.9125,0
14.024684606993105,170263.644579335,421,3.9090201822916666,69.0,23.0,97.9125,0
14.05661991200759,170263.67651464,422,3.907890625,64.0,23.0,97.9125,0
14.092612818989437,170263.712507547,423,3.9181119791666665,65.0,23.0,97.9125,0
14.124571822001599,170263.74446655,424,3.8902701822916668,64.0,23.0,97.9125,0
14.15661682098289,170263.776511549,425,3.9072395833333333,66.0,23.0,97.9125,0
14.192608454992296,170263.812503183,426,3.89966796875,69.0,23.0,97.9125,0
14.224581124988617,170263.844475853,427,3.879225260416667,62.0,23.0,97.9125,0
14.256574209983228,170263.876468938,428,3.860517578125,68.0,23.0,97.9125,0
14.292572348000249,170263.912467076,429,3.90330078125,69.0,23.0,97.9125,0
14.32458778200089,170263.94448251,430,3.9013704427083336,64.0,23.0,97.9125,0
14.356537276995368,170263.976432005,431,3.884365234375,67.0,23.0,97.9125,0
14.388574351993157,170264.00846908,432,3.962353515625,66.0,23.0,97.9125,0
14.42467385600321,170264.044568584,433,3.931455078125,65.0,23.0,97.9125,0
14.45658762799576,170264.076482356,434,3.9309147135416667,68.0,23.0,97.9125,0
14.488582933990983,170264.108477662,435,3.9198177083333334,71.0,23.0,97.9125,0
14.52459489100147,170264.144489619,436,3.925068359375,64.0,23.0,97.9125,0
14.556597646005685,170264.176492374,437,3.9376985677083334,65.0,23.0,97.9125,0
14.588605277996976,170264.208500006,438,3.927281901041667,65.0,23.0,97.9125,0
14.624589982006,170264.24448471,439,3.95072265625,66.0,23.0,97.9125,0
14.656591568986187,170264.276486297,440,3.9146354166666666,71.0,23.0,97.9125,0
14.688587020995328,170264.308481749,441,3.9124544270833335,64.0,23.0,97.9125,0
14.724569330981467,170264.344464059,442,3.94876953125,71.0,23.0,97.9125,0
14.756585702998564,170264.376480431,443,3.9066861979166667,64.0,23.0,97.9125,0
14.788594557991019,170264.408489286,444,3.891708984375,64.0,23.0,97.9125,0
14.82464731897926,170264.444542047,445,3.8795735677083334,72.0,23.0,97.9125,0
14.856572414981201,170264.476467143,446,3.893916015625,65.0,23.0,97.9125,0
14.888602799997898,170264.508497528,447,3.882724609375,66.0,23.0,97.9125,0
14.920552419003798,170264.540447147,448,3.8836295572916666,66.0,23.0,97.9125,0
14.956603533006273,170264.576498261,449,3.8914485677083333,71.0,23.0,97.9125,0
14.988592604990117,170264.608487333,450,3.8940494791666667,66.0,23.0,97.9125,0
15.020622518990422,170264.640517247,451,3.8633268229166666,67.0,22.0,97.9125,0
15.056650137004908,170264.676544865,452,3.872626953125,69.0,23.0,97.9125,0
15.088703376997728,170264.708598105,453,3.8983723958333334,65.0,23.0,97.9125,0
15.120625769981416,170264.740520498,454,3.890192057291667,71.0,23.0,97.9125,0
15.156620702997316,170264.776515431,455,3.884879557291667,72.0,23.0,97.9125,0
15.1886115539819,170264.808506282,456,3.8943912760416666,66.0,23.0,97.9125,0
15.220614091987954,170264.84050882,457,3.934658203125,66.0,23.0,97.9125,0
15.256644173001405,170264.876538901,458,3.9009114583333333,74.0,23.0,97.9125,0
15.28862643497996,170264.908521163,459,3.928411458333333,66.0,23.0,97.9125,0
15.320631234004395,170264.940525962,460,3.9066048177083332,66.0,23.0,97.9125,0
15.35667155199917,170264.97656628,461,3.9038802083333333,72.0,23.0,97.9125,0
15.388672701985342,170265.00856743,462,3.89765625,68.0,23.0,97.9125,0
15.42065605300013,170265.040550781,463,3.918082682291667,69.0,23.0,97.9125,0
15.452684010990197,170265.072578739,464,3.91970703125,72.0,23.0,97.9125,0
15.488655205001123,170265.108549933,465,3.926061197916667,68.0,23.0,97.9125,0
15.520766821980942,170265.14066155,466,3.89970703125,68.0,23.0,97.9125,0
15.552685136004584,170265.172579864,467,3.9250032552083334,71.0,23.0,97.9125,0
15.588668665994192,170265.208563394,468,3.929368489583333,67.0,23.0,97.9125,0
15.620711263996782,170265.240605992,469,3.93251953125,67.0,23.0,97.9125,0
15.652640793006867,170265.272535521,470,3.908391927083333,73.0,23.0,97.9125,0
15.688577716995496,170265.308472445,471,3.9228385416666667,73.0,24.0,97.9125,0
15.720590198005084,170265.340484926,472,3.9564029947916666,71.0,24.0,97.9125,0
15.752621191990329,170265.37251592,473,3.92748046875,71.0,23.0,97.9125,0
15.788616136997007,170265.408510865,474,3.9420540364583334,72.0,24.0,97.9125,0
15.820639812998706,170265.440534541,475,3.919807942708333,69.0,24.0,97.9125,0
15.852632046007784,170265.472526774,476,3.9672233072916665,66.0,24.0,97.9125,0
15.888652085996,170265.508546814,477,3.954606119791667,65.0,24.0,97.9125,0
15.920638093986781,170265.540532822,478,3.930384114583333,74.0,24.0,97.9125,0
15.952614142006496,170265.57250887,479,3.926009114583333,72.0,24.0,97.9125,0
15.98863851398346,170265.608533242,480,3.88146484375,67.0,24.0,97.9125,0
16.02061772000161,170265.640512448,481,3.9284342447916667,69.0,24.0,97.9125,0
16.052614335989347,170265.672509064,482,3.9004524739583335,71.0,24.0,97.9125,0
16.08465535400319,170265.704550082,483,3.88916015625,67.0,24.0,97.9125,0
16.12065020998125,170265.740544938,484,3.8905794270833334,68.0,24.0,97.9125,0
16.152704026986612,170265.772598755,485,3.9232421875,69.0,24.0,97.9125,0
16.184692409995478,170265.804587138,486,3.916409505208333,64.0,24.0,97.9125,0
16.22063997600344,170265.840534704,487,3.9416536458333336,68.0,24.0,97.9125,0
16.25261625199346,170265.87251098,488,3.9336555989583335,71.0,24.0,97.9125,0
16.284662852005567,170265.90455758,489,3.912041015625,69.0,24.0,97.9125,0
16.320649039989803,170265.940543768,490,3.9419173177083335,66.0,24.0,97.9125,0
16.35263830900658,170265.972533037,491,3.955302734375,66.0,24.0,97.9125,0
16.384702206996735,170266.004596935,492,3.931057942708333,71.0,24.0,97.9125,0
16.420669413986616,170266.040564142,493,3.9619205729166667,67.0,24.0,97.9125,0
16.45261796299019,170266.072512691,494,3.9341731770833333,72.0,24.0,97.9125,0
16.48464648699155,170266.104541215,495,3.971266276041667,66.0,24.0,97.9125,0
16.52071661298396,170266.140611341,496,3.9676204427083333,68.0,24.0,97.9125,0
16.55270216500503,170266.172596893,497,3.9564029947916666,64.0,24.0,97.9125,0
16.584704929002328,170266.204599657,498,3.985595703125,72.0,24.0,97.9125,0
16.61665532400366,170266.236550052,499,3.960543619791667,71.0,24.0,97.9125,0
16.652710441994714,170266.27260517,500,3.97052734375,66.0,24.0,97.9125,0
16.684624977002386,170266.304519705,501,3.9843131510416665,67.0,24.0,97.9125,0
16.7167102189851,170266.336604947,502,3.9906119791666668,71.0,24.0,97.9125,0
16.752652016992215,170266.372546745,503,3.9871647135416666,66.0,24.0,97.9125,0
16.78462442199816,170266.40451915,504,3.9632259114583333,69.0,24.0,97.9125,0
16.81659991000197,170266.436494638,505,3.97953125,69.0,24.0,97.9125,0
16.852619268989656,170266.472513997,506,3.9837337239583333,69.0,24.0,97.9125,0
16.884652923996327,170266.504547652,507,3.972731119791667,65.0,24.0,97.9125,0
16.91662531500333,170266.536520043,508,3.9881477864583332,63.0,24.0,97.9125,0
16.952612741006305,170266.572507469,509,3.9576106770833333,67.0,24.0,97.9125,0
16.98461298798793,170266.604507716,510,3.964130859375,71.0,24.0,97.9125,0
17.01658757298719,170266.636482301,511,4.0065299479166665,66.0,24.0,97.9125,0
17.05278627399821,170266.672681002,512,3.97326171875,64.0,24.0,97.9125,0
17.084586412995122,170266.704481141,513,3.97876953125,64.0,24.0,97.9125,0
17.11660639499314,170266.736501123,514,3.9788053385416666,69.0,24.0,97.9125,0
17.148691673995927,170266.768586402,515,3.9822623697916666,67.0,24.0,97.9125,0
17.18461837799987,170266.804513106,516,3.99041015625,64.0,24.0,97.9125,0
17.216644889995223,170266.836539618,517,3.9629947916666666,66.0,24.0,97.9125,0
17.248694281006465,170266.868589009,518,3.971529947916667,67.0,24.0,97.9125,0
17.284587989997817,170266.904482718,519,3.963212890625,66.0,24.0,97.9125,0
17.316618655982893,170266.936513384,520,3.9711263020833334,65.0,23.0,97.9125,0
17.348662375006825,170266.968557103,521,3.9761555989583335,64.0,24.0,97.9125,0
17.384626168990508,170267.004520897,522,3.97998046875,72.0,23.0,97.9125,0
17.416778124985285,170267.036672853,523,3.9840657552083334,68.0,23.0,97.9125,0
17.448739552986808,170267.068634281,524,3.949150390625,68.0,23.0,97.9125,0
17.484688217984512,170267.104582946,525,3.953720703125,65.0,23.0,97.9125,0
17.51680094600306,170267.136695674,526,3.96265625,68.0,23.0,97.9125,0
17.54865139600588,170267.168546124,527,3.9560546875,65.0,23.0,97.9125,0
17.584657658007927,170267.204552386,528,3.955361328125,64.0,23.0,97.9125,0
17.61659754998982,170267.236492278,529,3.905970052083333,65.0,23.0,97.9125,0
17.648654008982703,170267.268548737,530,3.9032194010416665,67.0,23.0,97.9125,0
17.684636474004947,170267.304531202,531,3.927718098958333,66.0,23.0,97.9125,0
17.71667490398977,170267.336569632,532,3.928427734375,63.0,23.0,97.9125,0
17.748608784982935,170267.368503513,533,3.951708984375,64.0,23.0,97.9125,0
17.780651178996777,170267.400545907,534,3.9289876302083333,65.0,23.0,97.9125,0
17.816595948999748,170267.436490677,535,3.9154654947916665,63.0,23.0,97.9125,0
17.84861627398641,170267.468511002,536,3.9479915364583333,68.0,23.0,97.9125,0
17.8805830309866,170267.500477759,537,3.933720703125,66.0,23.0,97.9125,0
17.9166156979918,170267.536510426,538,3.898076171875,64.0,23.0,97.9125,0
17.94870862198877,170267.56860335,539,3.910576171875,66.0,23.0,97.9125,0
17.980613271007314,170267.600507999,540,3.9624837239583335,63.0,23.0,97.9125,0
18.016611300001387,170267.636506028,541,3.974928385416667,64.0,23.0,97.9125,0
18.04864365598769,170267.668538384,542,3.939326171875,69.0,23.0,97.9125,0
18.080649363982957,170267.700544092,543,3.9464615885416667,66.0,23.0,97.9125,0
18.116675428987946,170267.736570157,544,3.9317610677083334,68.0,23.0,97.9125,0
18.14865176199237,170267.76854649,545,3.9621516927083333,66.0,23.0,97.9125,0
18.180704678990878,170267.800599407,546,4.011194661458333,67.0,23.0,97.9125,0
18.21666688899859,170267.836561617,547,3.9854720052083334,62.0,23.0,97.9125,0
18.24866428700625,170267.868559015,548,3.9992252604166665,67.0,23.0,97.9125,0
18.280664577003336,170267.900559305,549,3.9822102864583333,65.0,23.0,97.9125,0
18.312647913000546,170267.932542641,550,3.956318359375,65.0,23.0,97.9125,0
18.34863748899079,170267.968532217,551,3.9726985677083335,67.0,23.0,97.9125,0
18.380666327982908,170268.000561056,552,3.919449869791667,65.0,23.0,97.9125,0
18.41279212999507,170268.032686858,553,3.967171223958333,68.0,23.0,97.9125,0
18.44872226798907,170268.068616996,554,3.9351171875,72.0,23.0,97.9125,0
18.480643380986294,170268.100538109,555,3.9534212239583333,69.0,22.0,97.9125,0
18.512717940990115,170268.132612669,556,3.953707682291667,65.0,23.0,97.9125,0
18.54862340199179,170268.16851813,557,3.939150390625,65.0,23.0,97.9125,0
18.580602489004377,170268.200497217,558,3.929052734375,66.0,23.0,97.9125,0
18.612662404979346,170268.232557133,559,3.9394596354166667,65.0,22.0,97.9125,0
18.648704049992375,170268.268598778,560,3.924208984375,63.0,23.0,97.9125,0
18.68065072398167,170268.300545452,561,3.9014322916666666,64.0,23.0,97.9125,0
18.71272246199078,170268.33261719,562,3.9134407552083332,67.0,23.0,97.9125,0
18.748664850980276,170268.368559579,563,3.9192805989583333,66.0,23.0,97.9125,0
18.780624929000624,170268.400519657,564,3.9084049479166665,67.0,23.0,97.9125,0
18.81260054098675,170268.432495269,565,3.923639322916667,78.0,23.0,97.9125,0
18.844669294980122,170268.464564023,566,3.946611328125,72.0,23.0,97.9125,0
18.88060633398709,170268.500501062,567,3.942662760416667,67.0,23.0,97.9125,0
18.91265289398143,170268.532547622,568,3.9161067708333333,66.0,23.0,97.9125,0
18.944647134980187,170268.564541863,569,3.91728515625,67.0,23.0,97.9125,0
18.980645439005457,170268.600540167,570,3.9069889322916667,73.0,23.0,97.9125,0
19.012603524985025,170268.632498253,571,3.929856770833333,66.0,23.0,97.9125,0
19.04458619299112,170268.664480921,572,3.9502864583333333,65.0,23.0,97.9125,0
19.080616065999493,170268.700510794,573,3.9476953125,71.0,23.0,97.9125,0
19.11265306198038,170268.73254779,574,3.9171126302083334,66.0,23.0,97.9125,0
19.144663633982418,170268.764558362,575,3.9404069010416665,71.0,23.0,97.9125,0
19.180644342006417,170268.80053907,576,3.935286458333333,68.0,23.0,97.9125,0
19.212645664985757,170268.832540393,577,3.944768880208333,74.0,23.0,97.9125,0
19.244633028982207,170268.864527757,578,3.916484375,73.0,23.0,97.9125,0
19.280585439002607,170268.900480167,579,3.9465299479166664,67.0,23.0,97.9125,0
19.312620426993817,170268.932515155,580,3.9056184895833335,67.0,23.0,97.9125,0
19.344630784005858,170268.964525512,581,3.9460677083333335,67.0,23.0,97.9125,0
19.380695295985788,170269.000590024,582,3.9442122395833334,67.0,23.0,97.9125,0
19.412688754004193,170269.032583482,583,3.95029296875,71.0,23.0,97.9125,0
19.444735783996293,170269.064630512,584,3.9332779947916667,72.0,23.0,97.9125,0
19.476730252994457,170269.096624981,585,3.9676725260416665,66.0,24.0,97.9125,0
19.512737390003167,170269.132632118,586,3.98630859375,67.0,24.0,97.9125,0
19.544710062997183,170269.164604791,587,3.9447330729166667,67.0,24.0,97.9125,0
19.57673121598782,170269.196625944,588,3.9671028645833335,71.0,23.0,97.9125,0
19.612733807996847,170269.232628536,589,3.9373046875,71.0,24.0,97.9125,0
19.64473540399922,170269.264630132,590,3.970345052083333,72.0,24.0,97.9125,0
19.676672864996362,170269.296567593,591,3.9836653645833335,68.0,24.0,97.9125,0
19.71273404598469,170269.332628774,592,3.95609375,69.0,24.0,97.9125,0
19.744650303007802,170269.364545031,593,3.9397200520833335,65.0,24.0,97.9125,0
19.776688802987337,170269.396583531,594,3.976468098958333,66.0,24.0,97.9125,0
19.81261822898523,170269.432512957,595,3.96603515625,69.0,24.0,97.9125,0
19.8446672729915,170269.464562001,596,4.010104166666666,76.0,24.0,97.9125,0
19.876645979995374,170269.496540708,597,3.983118489583333,71.0,24.0,97.9125,0
19.912680270004785,170269.532574998,598,4.009091796875,69.0,24.0,97.9125,0
19.94470993298455,170269.564604661,599,3.9956380208333333,67.0,24.0,97.9125,0
19.97672847600188,170269.596623204,600,3.9791145833333332,74.0,24.0,97.9125,0
20.00867911899695,170269.628573847,601,3.9867252604166667,66.0,24.0,97.9125,0
20.0447023769957,170269.664597105,602,4.018216145833334,67.0,24.0,97.9125,0
20.076676753000356,170269.696571481,603,3.9798763020833334,71.0,24.0,97.9125,0
20.108618717989884,170269.728513446,604,3.954951171875,66.0,24.0,97.9125,0
20.14472857999499,170269.764623308,605,4.008525390625,69.0,24.0,97.9125,0
20.1766667960037,170269.796561524,606,3.9415169270833332,68.0,24.0,97.9125,0
20.20868320899899,170269.828577937,607,3.960771484375,66.0,24.0,97.9125,0
20.244674304994987,170269.864569033,608,3.9268001302083335,72.0,24.0,97.9125,0
20.276679886999773,170269.896574615,609,3.9352897135416667,71.0,24.0,97.9125,0
20.308707227988634,170269.928601956,610,3.950419921875,71.0,24.0,97.9125,0
20.344606058992213,170269.964500787,611,3.9399153645833334,67.0,24.0,97.9125,0
20.37672649900196,170269.996621227,612,3.950309244791667,68.0,24.0,97.9125,0
20.4086993119854,170270.02859404,613,3.960598958333333,72.0,24.0,97.9125,0
20.44477179698879,170270.064666525,614,3.9787467447916667,73.0,24.0,97.9125,0
20.476703820982948,170270.096598549,615,3.9519173177083333,67.0,24.0,97.9125,0
20.50874684099108,170270.128641569,616,3.961884765625,65.0,24.0,97.9125,0
20.540756784990663,170270.160651513,617,3.9632194010416666,67.0,24.0,97.9125,0
20.57666190798045,170270.196556636,618,3.945068359375,66.0,24.0,97.9125,0
20.60869947099127,170270.228594199,619,3.9671126302083333,68.0,24.0,97.9125,0
20.64075060299365,170270.260645331,620,3.9615104166666666,66.0,24.0,97.9125,0
20.67669933498837,170270.296594063,621,3.955452473958333,69.0,24.0,97.9125,0
20.70868984700064,170270.328584575,622,3.967828776041667,71.0,24.0,97.9125,0
20.740788736002287,170270.360683464,623,4.0055143229166665,68.0,24.0,97.9125,0
20.776679094007704,170270.396573822,624,3.9499088541666665,66.0,24.0,97.9125,0
20.808712594007375,170270.428607322,625,3.97626953125,65.0,24.0,97.9125,0
20.840682535985252,170270.460577264,626,3.9697330729166667,65.0,24.0,97.9125,0
20.876757806981914,170270.496652535,627,3.9812858072916666,64.0,24.0,97.9125,0
20.908671751996735,170270.52856648,628,3.9753287760416667,65.0,24.0,97.9125,0
20.940668405004544,170270.560563133,629,3.9918815104166665,71.0,24.0,97.9125,0
20.976654323982075,170270.596549052,630,4.008229166666666,65.0,24.0,97.9125,0
21.00867121698684,170270.628565945,631,3.9620572916666665,67.0,24.0,97.9125,0
21.040689930989174,170270.660584659,632,3.9644401041666666,72.0,24.0,97.9125,0
21.076733324996894,170270.696628053,633,3.9740983072916665,71.0,24.0,97.9125,0
21.108620496990625,170270.728515225,634,3.994817708333333,64.0,24.0,97.9125,0
21.140673296002205,170270.760568024,635,3.9949934895833334,66.0,24.0,97.9125,0
21.172686387988506,170270.792581116,636,3.9804264322916665,65.0,24.0,97.9125,0
21.208690928004216,170270.828585656,637,3.994814453125,67.0,24.0,97.9125,0
21.240715163003188,170270.860609891,638,3.9715559895833334,66.0,24.0,97.9125,0
21.27278046499123,170270.892675193,639,4.003753255208333,62.0,24.0,97.9125,0
21.308649594982853,170270.928544323,640,3.9836295572916667,65.0,24.0,97.9125,0
21.340663662995212,170270.960558391,641,3.993408203125,66.0,24.0,97.9125,0
21.372703476983588,170270.992598205,642,3.983756510416667,64.0,24.0,97.9125,0
21.40866609098157,170271.028560819,643,3.9944270833333335,65.0,23.0,97.9125,0
21.44068994099507,170271.060584669,644,3.9849446614583335,63.0,24.0,97.9125,0
21.47270844198647,170271.09260317,645,3.9937239583333333,65.0,23.0,97.9125,0
21.50871419298346,170271.128608921,646,3.9655729166666664,66.0,23.0,97.9125,0
21.540653164003743,170271.160547892,647,3.9745638020833334,63.0,24.0,97.9125,0
21.572751198982587,170271.192645927,648,3.973486328125,69.0,23.0,97.9125,0
21.608731685002567,170271.228626413,649,3.928046875,67.0,23.0,97.9125,0
21.640750499005662,170271.260645227,650,3.968733723958333,73.0,23.0,97.9125,0
21.67269351199502,170271.29258824,651,3.9732421875,67.0,23.0,97.9125,0
21.704718969005626,170271.324613697,652,3.9657291666666667,65.0,23.0,97.9125,0
21.740690431004623,170271.360585159,653,3.9965104166666667,62.0,23.0,97.9125,0
21.77270810600021,170271.392602834,654,3.9597233072916667,68.0,23.0,97.9125,0
21.804674419981893,170271.424569148,655,3.9424153645833333,64.0,23.0,97.9125,0
21.840654447005363,170271.460549175,656,3.937333984375,63.0,23.0,97.9125,0
21.8726813760004,170271.492576104,657,3.87408203125,64.0,23.0,97.9125,0
21.90466401100275,170271.524558739,658,3.8844759114583334,65.0,23.0,97.9125,0
21.940696698002284,170271.560591426,659,3.912099609375,65.0,23.0,97.9125,0
21.97268579498632,170271.592580523,660,3.8891145833333334,64.0,23.0,97.9125,0
22.00462234899169,170271.624517077,661,3.8766080729166665,68.0,23.0,97.9125,0
22.040689393004868,170271.660584121,662,3.9140494791666667,65.0,23.0,97.9125,0
22.07266532399808,170271.692560052,663,3.85302734375,61.0,23.0,97.9125,0
22.104649358981987,170271.724544087,664,3.8880078125,68.0,23.0,97.9125,0
22.14069054200081,170271.76058527,665,3.8837630208333334,66.0,23.0,97.9125,0
22.172650035005063,170271.792544763,666,3.870986328125,64.0,23.0,97.9125,0
22.204688409983646,170271.824583138,667,3.8662955729166666,63.0,23.0,97.9125,0
22.240699096000753,170271.860593824,668,3.86265625,72.0,23.0,97.9125,0
22.272650761995465,170271.89254549,669,3.852932942708333,65.0,23.0,97.9125,0
22.30469174400787,170271.924586472,670,3.844762369791667,66.0,23.0,97.9125,0
22.33667322099791,170271.956567949,671,3.88330078125,68.0,23.0,97.9125,0
22.372749375004787,170271.992644103,672,3.9095084635416666,68.0,23.0,97.9125,0
22.404733863979345,170272.024628592,673,3.8947721354166664,68.0,23.0,97.9125,0
22.436711675982224,170272.056606404,674,3.8912109375,65.0,23.0,97.9125,0
22.47265807900112,170272.092552807,675,3.867734375,64.0,23.0,97.9125,0
22.504722762998426,170272.124617491,676,3.888134765625,63.0,23.0,97.9125,0
22.5366742379847,170272.156568966,677,3.8506966145833332,63.0,23.0,97.9125,0
22.572720436990494,170272.192615165,678,3.88994140625,64.0,23.0,97.9125,0
22.60469266300788,170272.224587391,679,3.8551529947916667,68.0,22.0,97.9125,0
22.636792877980042,170272.256687606,680,3.8663671875,64.0,23.0,97.9125,0
22.672664296987932,170272.292559025,681,3.86435546875,65.0,23.0,97.9125,0
22.704675283981487,170272.324570012,682,3.860276692708333,63.0,22.0,97.9125,0
22.736680729984073,170272.356575458,683,3.8644986979166664,66.0,23.0,97.9125,0
22.77279954700498,170272.392694275,684,3.8703743489583333,65.0,23.0,97.9125,0
22.804703631001757,170272.424598359,685,3.8466829427083336,69.0,23.0,97.9125,0
22.83673627799726,170272.456631006,686,3.858837890625,71.0,23.0,97.9125,0
22.868673492979724,170272.488568221,687,3.8547233072916667,71.0,22.0,97.9125,0
22.90467494999757,170272.524569678,688,3.862841796875,64.0,23.0,97.9125,0
22.93669020498055,170272.556584933,689,3.8495052083333334,68.0,22.0,97.9125,0
22.96866779899574,170272.588562527,690,3.8547428385416667,64.0,23.0,97.9125,0
23.005586498999037,170272.625481227,691,3.854059244791667,68.0,23.0,97.9125,0
23.0366922619869,170272.65658699,692,3.866097005208333,68.0,23.0,97.9125,0
23.068664349993924,170272.688559078,693,3.843541666666667,68.0,22.0,97.9125,0
23.104691686981823,170272.724586415,694,3.829645182291667,68.0,23.0,97.9125,0
23.13674123599776,170272.756635964,695,3.8595345052083334,65.0,23.0,97.9125,0
23.16871842200635,170272.78861315,696,3.887600911458333,66.0,23.0,97.9125,0
23.20468299498316,170272.824577723,697,3.826341145833333,71.0,23.0,97.9125,0
23.23672329998226,170272.856618028,698,3.8625748697916666,64.0,23.0,97.9125,0
23.268664345989237,170272.888559074,699,3.8120149739583336,65.0,23.0,97.9125,0
23.304736382997362,170272.924631111,700,3.8538444010416666,65.0,23.0,97.9125,0
23.33674025197979,170272.95663498,701,3.828841145833333,65.0,23.0,97.9125,0
23.368783701007487,170272.988678429,702,3.8483951822916667,67.0,23.0,97.9125,0
23.400917970982846,170273.020812699,703,3.838818359375,71.0,23.0,97.9125,0
23.43675606700708,170273.056650795,704,3.8533040364583333,68.0,23.0,97.9125,0
23.468840465997346,170273.088735194,705,3.8154622395833333,65.0,23.0,97.9125,0
23.500766665994888,170273.120661394,706,3.8319596354166667,72.0,23.0,97.9125,0
23.5368516749877,170273.156746403,707,3.844404296875,67.0,23.0,97.9125,0
23.569456327008083,170273.189351055,708,3.8333919270833334,65.0,23.0,97.9125,0
23.60072565198061,170273.22062038,709,3.8349837239583335,68.0,23.0,97.9125,0
23.636679727991577,170273.256574456,710,3.8276139322916665,64.0,23.0,97.9125,0
23.668711917998735,170273.288606646,711,3.8526302083333333,65.0,23.0,97.9125,0
23.700679094006773,170273.320573822,712,3.8373014322916665,71.0,23.0,97.9125,0
23.73668600100791,170273.356580729,713,3.8512532552083334,68.0,23.0,97.9125,0
23.768827997002518,170273.388722725,714,3.8527864583333336,65.0,23.0,97.9125,0
23.80070592300035,170273.420600651,715,3.8444173177083334,66.0,23.0,97.9125,0
23.836765601998195,170273.45666033,716,3.8463151041666666,71.0,23.0,97.9125,0
23.868706581008155,170273.488601309,717,3.8471614583333333,69.0,23.0,97.9125,0
23.90072909698938,170273.520623825,718,3.863899739583333,66.0,24.0,97.9125,0
23.936701964004897,170273.556596692,719,3.8758430989583332,71.0,23.0,97.9125,0
23.96868222800549,170273.588576956,720,3.863489583333333,68.0,23.0,97.9125,0
24.00068622099934,170273.620580949,721,3.8659342447916667,68.0,24.0,97.9125,0
24.03268883700366,170273.652583565,722,3.8515201822916665,69.0,23.0,97.9125,0
24.06870433400036,170273.688599062,723,3.8559635416666667,67.0,23.0,97.9125,0
24.100675309979124,170273.720570038,724,3.8841796875,68.0,24.0,97.9125,0
24.13269649000722,170273.752591218,725,3.887018229166667,66.0,24.0,97.9125,0
24.16866331998608,170273.788558048,726,3.883977864583333,68.0,24.0,97.9125,0
24.200706817995524,170273.820601546,727,3.8630989583333335,71.0,24.0,97.9125,0
24.23275129799731,170273.852646026,728,3.884466145833333,68.0,24.0,97.9125,0
24.26867145599681,170273.888566184,729,3.9231803385416666,66.0,24.0,97.9125,0
24.300697422993835,170273.920592151,730,3.9089127604166665,72.0,24.0,97.9125,0
24.332702957006404,170273.952597685,731,3.926477864583333,67.0,24.0,97.9125,0
24.36873693598318,170273.988631664,732,3.9841764322916666,77.0,24.0,97.9125,0
24.400834778003627,170274.020729506,733,3.9772135416666665,68.0,24.0,97.9125,0
24.4328500959964,170274.052744824,734,3.991380208333333,68.0,24.0,97.9125,0
24.46881411600043,170274.088708844,735,3.991708984375,71.0,25.0,97.9125,0
24.500795508996816,170274.120690237,736,4.00634765625,76.0,24.0,97.9125,0
24.532864056993276,170274.152758785,737,4.012864583333333,71.0,24.0,97.9125,0
24.564737240987597,170274.184631969,738,4.006676432291667,69.0,24.0,97.9125,0
24.60180206099176,170274.221696789,739,4.022018229166667,67.0,24.0,97.9125,0
24.634050185995875,170274.253944914,740,4.039296875,69.0,24.0,97.9125,0
24.665351415984333,170274.285246144,741,3.9413997395833333,71.0,24.0,97.9125,0
24.702044553007,170274.321939281,742,3.927255859375,68.0,24.0,97.9125,0
24.733183147996897,170274.353077876,743,3.9521744791666666,72.0,24.0,97.9125,0
24.765150798979448,170274.385045527,744,3.962109375,64.0,24.0,97.9125,0
24.803840885986574,170274.423735614,745,3.9408658854166667,68.0,24.0,97.9125,0
24.832879695983138,170274.452774424,746,3.946337890625,67.0,24.0,97.9125,0
24.865943462995347,170274.485838191,747,3.9598828125,69.0,24.0,97.9125,0
24.902645789989037,170274.522540518,748,3.9637239583333335,65.0,24.0,97.9125,0
24.93281805299921,170274.552712781,749,3.9777018229166665,69.0,24.0,97.9125,0
24.964786295982776,170274.584681024,750,3.9429134114583335,67.0,24.0,97.9125,0
25.00080002800678,170274.620694756,751,3.9738053385416667,66.0,24.0,97.9125,0
25.03279383800691,170274.652688566,752,3.9783528645833335,72.0,24.0,97.9125,0
25.064753654995002,170274.684648383,753,3.954381510416667,69.0,24.0,97.9125,0
25.09674557298422,170274.716640301,754,3.9357682291666665,67.0,24.0,97.9125,0
25.13276117100031,170274.752655899,755,3.9556575520833333,67.0,24.0,97.9125,0
25.16468513099244,170274.784579859,756,3.9619368489583335,65.0,24.0,97.9125,0
25.196703334979247,170274.816598063,757,3.9616764322916667,67.0,24.0,97.9125,0
25.232673566992162,170274.852568295,758,3.9481966145833334,66.0,24.0,97.9125,0
25.26463546900777,170274.884530197,759,3.940849609375,64.0,24.0,97.9125,0
25.296668908005813,170274.916563636,760,3.953115234375,66.0,24.0,97.9125,0
25.33266714500496,170274.952561873,761,3.9522330729166666,64.0,24.0,97.9125,0
25.364675999997417,170274.984570728,762,3.9613802083333334,73.0,24.0,97.9125,0
25.396829981997143,170275.01672471,763,3.974593098958333,76.0,24.0,97.9125,0
25.43274769099662,170275.052642419,764,3.9589713541666667,71.0,24.0,97.9125,0
25.464759823982604,170275.084654552,765,3.9711653645833334,69.0,24.0,97.9125,0
25.496728942991467,170275.116623671,766,3.9769694010416665,73.0,24.0,97.9125,0
25.53282827397925,170275.152723002,767,3.9644466145833333,65.0,24.0,97.9125,0
25.564663740980905,170275.184558469,768,3.9732161458333333,71.0,24.0,97.9125,0
25.596666547004133,170275.216561275,769,3.9883854166666666,67.0,24.0,97.9125,0
25.628816262003966,170275.24871099,770,3.9590755208333333,67.0,24.0,97.9125,0
25.664701130997855,170275.284595859,771,3.9544140625,71.0,24.0,97.9125,0
25.696690960001433,170275.316585688,772,3.9851920572916666,64.0,24.0,97.9125,0
25.728685893001966,170275.348580621,773,3.9840234375,65.0,24.0,97.9125,0
25.764690107986098,170275.384584836,774,3.9943880208333336,69.0,24.0,97.9125,0
25.796703586995136,170275.416598315,775,4.008834635416667,64.0,24.0,97.9125,0
25.828667942987522,170275.448562671,776,3.967138671875,65.0,24.0,97.9125,0
25.864683497988153,170275.484578226,777,3.9719173177083333,64.0,24.0,97.9125,0
25.902049241994973,170275.52194397,778,4.003447265625,66.0,24.0,97.9125,0
25.9288030769967,170275.548697805,779,3.9969075520833335,62.0,24.0,97.9125,0
25.964685343002202,170275.584580071,780,3.980283203125,64.0,24.0,97.9125,0
25.996689658000832,170275.616584386,781,3.9785091145833333,71.0,24.0,97.9125,0
26.02867246698588,170275.648567195,782,3.9742252604166666,67.0,24.0,97.9125,0
26.06466600400745,170275.684560732,783,3.991416015625,65.0,24.0,97.9125,0
26.096713292994536,170275.716608021,784,3.962509765625,69.0,24.0,97.9125,0
26.12867105100304,170275.748565779,785,3.9821061197916667,63.0,24.0,97.9125,0
26.164698212989606,170275.784592941,786,3.976982421875,72.0,24.0,97.9125,0
26.196687824995024,170275.816582553,787,3.992041015625,66.0,24.0,97.9125,0
26.22869878198253,170275.84859351,788,3.9736197916666667,67.0,23.0,97.9125,0
26.260682317981264,170275.880577046,789,3.960302734375,64.0,23.0,97.9125,0
26.296718597004656,170275.916613325,790,3.9594921875,64.0,23.0,97.9125,0
26.32867178900051,170275.948566517,791,3.965296223958333,65.0,23.0,97.9125,0
26.36070393200498,170275.98059866,792,3.9780403645833333,66.0,23.0,97.9125,0
26.396763139986433,170276.016657868,793,3.9681608072916665,65.0,23.0,97.9125,0
26.428754416003358,170276.048649144,794,3.9508040364583334,67.0,23.0,97.9125,0
26.460741586983204,170276.080636315,795,3.965556640625,63.0,23.0,97.9125,0
26.496732311003143,170276.116627039,796,3.953291015625,65.0,23.0,97.9125,0
26.528768869990017,170276.148663598,797,3.9699088541666665,65.0,23.0,97.9125,0
26.56070831499528,170276.180603043,798,3.930364583333333,65.0,23.0,97.9125,0
26.59667250100756,170276.216567229,799,3.944853515625,64.0,23.0,97.9125,0
26.628700910980115,170276.248595639,800,3.932845052083333,71.0,23.0,97.9125,0
26.660769149981206,170276.280663878,801,3.8565234375,68.0,23.0,97.9125,0
26.69670202798443,170276.316596756,802,3.900771484375,66.0,23.0,97.9125,0
26.72870236900053,170276.348597097,803,3.913688151041667,67.0,23.0,97.9125,0
26.760755308991065,170276.380650037,804,3.8503385416666664,66.0,23.0,97.9125,0
26.792773947992828,170276.412668676,805,3.8718977864583333,67.0,23.0,97.9125,0
26.82872138300445,170276.448616111,806,3.88775390625,67.0,23.0,97.9125,0
26.860693077993346,170276.480587806,807,3.8508951822916666,64.0,23.0,97.9125,0
26.89272140999674,170276.512616138,808,3.8802897135416665,67.0,23.0,97.9125,0
26.92865016599535,170276.548544894,809,3.8654524739583334,69.0,23.0,97.9125,0
26.960660335986177,170276.580555064,810,3.8625390625,62.0,23.0,97.9125,0
26.99270803699619,170276.612602765,811,3.8671647135416665,65.0,23.0,97.9125,0
27.028733379003825,170276.648628107,812,3.856350911458333,73.0,23.0,97.9125,0
27.06068505399162,170276.680579782,813,3.8412858072916665,63.0,23.0,97.9125,0
27.09277912499965,170276.712673853,814,3.882229817708333,65.0,23.0,97.9125,0
27.128695153980516,170276.748589882,815,3.85490234375,67.0,23.0,97.9125,0
27.160737390979193,170276.780632119,816,3.879807942708333,66.0,23.0,97.9125,0
27.192715356999543,170276.812610085,817,3.891806640625,66.0,23.0,97.9125,0
27.228792201989563,170276.84868693,818,3.875498046875,64.0,23.0,97.9125,0
27.260726117994636,170276.880620846,819,3.863186848958333,66.0,23.0,97.9125,0
27.29268995198072,170276.91258468,820,3.8475651041666667,65.0,23.0,97.9125,0
27.32871983500081,170276.948614563,821,3.8385579427083334,63.0,23.0,97.9125,0
27.360741454991512,170276.980636183,822,3.868671875,69.0,23.0,97.9125,0
27.39285425998969,170277.012748988,823,3.8782584635416666,71.0,23.0,97.9125,0
27.42485810900689,170277.044752837,824,3.8468131510416668,64.0,23.0,97.9125,0
27.460751284001162,170277.080646012,825,3.8296907552083335,66.0,22.0,97.9125,0
27.49283657700289,170277.112731305,826,3.8766959635416667,67.0,22.0,97.9125,0
27.524841613980243,170277.144736342,827,3.8297265625,65.0,22.0,97.9125,0
27.560785929003032,170277.180680657,828,3.83251953125,65.0,22.0,97.9125,0
27.59277084498899,170277.212665573,829,3.8635904947916666,64.0,23.0,97.9125,0
27.624770228983834,170277.244664957,830,3.815071614583333,66.0,22.0,97.9125,0
27.66081505798502,170277.280709786,831,3.821923828125,67.0,22.0,97.9125,0
27.69271639100043,170277.312611119,832,3.8281673177083335,67.0,22.0,97.9125,0
27.72470688499743,170277.344601613,833,3.806376953125,64.0,22.0,97.9125,0
27.760764513979666,170277.380659242,834,3.8505533854166667,68.0,23.0,97.9125,0
27.792755011992995,170277.41264974,835,3.85220703125,65.0,23.0,97.9125,0
27.824718410003697,170277.444613138,836,3.82869140625,69.0,22.0,97.9125,0
27.86073190398747,170277.480626632,837,3.8374283854166666,66.0,23.0,97.9125,0
27.89269637397956,170277.512591102,838,3.8010872395833335,64.0,23.0,97.9125,0
27.924699166003847,170277.544593894,839,3.802255859375,63.0,23.0,97.9125,0
27.95667055400554,170277.576565282,840,3.8346061197916668,66.0,23.0,97.9125,0
27.99274033200345,170277.61263506,841,3.864560546875,68.0,23.0,97.9125,0
28.024738930980675,170277.644633659,842,3.836236979166667,67.0,23.0,97.9125,0
28.056722389999777,170277.676617118,843,3.8192447916666667,66.0,23.0,97.9125,0
28.09278470298159,170277.712679431,844,3.8244368489583334,68.0,22.0,97.9125,0
28.124733748991275,170277.744628477,845,3.829013671875,69.0,22.0,97.9125,0
28.15672726498451,170277.776621993,846,3.8341438802083334,71.0,23.0,97.9125,0
28.192737901001237,170277.812632629,847,3.8141015625,69.0,23.0,97.9125,0
28.224739191995468,170277.84463392,848,3.814033203125,71.0,23.0,97.9125,0
28.25671757600503,170277.876612304,849,3.8234407552083334,72.0,23.0,97.9125,0
28.292723538994323,170277.912618267,850,3.8157845052083332,66.0,23.0,97.9125,0
28.324846784002148,170277.944741512,851,3.84291015625,67.0,23.0,97.9125,0
28.356742511998164,170277.97663724,852,3.8022786458333333,69.0,23.0,97.9125,0
28.392895180993946,170278.012789909,853,3.832841796875,72.0,23.0,97.9125,0
28.42480692398385,170278.044701652,854,3.8248502604166665,67.0,23.0,97.9125,0
28.456812274002004,170278.076707002,855,3.7921647135416667,68.0,23.0,97.9125,0
28.488804218999576,170278.108698947,856,3.8308756510416666,66.0,23.0,97.9125,0
28.524885863007512,170278.144780591,857,3.8050032552083333,74.0,23.0,97.9125,0
28.5567839309806,170278.176678659,858,3.8400813802083333,68.0,23.0,97.9125,0
28.58875209998223,170278.208646828,859,3.82140625,68.0,23.0,97.9125,0
28.62474263398326,170278.244637362,860,3.8487565104166666,65.0,23.0,97.9125,0
28.656770717003383,170278.276665445,861,3.805120442708333,71.0,23.0,97.9125,0
28.68870612300816,170278.308600851,862,3.8178515625,76.0,23.0,97.9125,0
28.72470149799483,170278.344596226,863,3.8227766927083335,74.0,23.0,97.9125,0
28.75673497398384,170278.376629702,864,3.8616927083333334,65.0,23.0,97.9125,0
28.78873525399831,170278.408629982,865,3.828404947916667,69.0,23.0,97.9125,0
28.82470757898409,170278.444602307,866,3.8569596354166666,68.0,23.0,97.9125,0
28.856690385000547,170278.476585113,867,3.8244661458333336,69.0,23.0,97.9125,0
28.888778039981844,170278.508672768,868,3.8359700520833333,66.0,23.0,97.9125,0
28.924782563990448,170278.544677292,869,3.8529296875,72.0,23.0,97.9125,0
28.956703156000003,170278.576597884,870,3.8207486979166667,73.0,23.0,97.9125,0
28.988809500995558,170278.608704229,871,3.8206412760416666,66.0,23.0,97.9125,0
29.024832811002852,170278.644727539,872,3.8401399739583333,69.0,24.0,97.9125,0
29.056717871979345,170278.6766126,873,3.8315494791666667,74.0,24.0,97.9125,0
29.08878962698509,170278.708684355,874,3.8540657552083335,66.0,24.0,97.9125,0
29.120720501989126,170278.74061523,875,3.849169921875,73.0,24.0,97.9125,0
29.156697381986305,170278.77659211,876,3.8342317708333336,77.0,24.0,97.9125,0
29.1887271849846,170278.808621913,877,3.872333984375,71.0,24.0,97.9125,0
29.220695872005308,170278.8405906,878,3.867578125,73.0,24.0,97.9125,0
29.256725675979396,170278.876620404,879,3.8712044270833332,71.0,24.0,97.9125,0
29.28872057798435,170278.908615306,880,3.878792317708333,68.0,24.0,97.9125,0
29.320714525005314,170278.940609253,881,3.8853385416666666,65.0,24.0,97.9125,0
29.356728397979168,170278.976623126,882,3.9227994791666667,68.0,24.0,97.9125,0
29.38877935599885,170279.008674084,883,3.9362858072916667,73.0,24.0,97.9125,0
29.420735875988612,170279.040630604,884,3.9257584635416665,72.0,24.0,97.9125,0
29.456801360996906,170279.076696089,885,3.8785774739583334,71.0,24.0,97.9125,0
29.488789728988195,170279.108684457,886,3.8921419270833333,74.0,24.0,97.9125,0
29.520773948985152,170279.140668677,887,3.899501953125,66.0,24.0,97.9125,0
29.556842171004973,170279.176736899,888,3.9292057291666667,68.0,24.0,97.9125,0
29.588792225986253,170279.208686954,889,3.923046875,67.0,24.0,97.9125,0
29.62073854499613,170279.240633273,890,3.9018098958333334,71.0,24.0,97.9125,0
29.652824252989376,170279.272718981,891,3.920862630208333,66.0,24.0,97.9125,0
29.688650880998466,170279.308545609,892,3.921279296875,74.0,24.0,97.9125,0
29.720736714982195,170279.340631443,893,3.927604166666667,67.0,24.0,97.9125,0
29.752720229007537,170279.372614957,894,3.9315299479166668,71.0,24.0,97.9125,0
29.788704292004695,170279.40859902,895,3.930569661458333,75.0,24.0,97.9125,0
29.82070956498501,170279.440604293,896,3.94939453125,71.0,24.0,97.9125,0
29.852734676998807,170279.472629405,897,3.9307063802083335,66.0,24.0,97.9125,0
29.88874509598827,170279.508639824,898,3.95783203125,67.0,24.0,97.9125,0
29.920727585005807,170279.540622313,899,3.927884114583333,69.0,24.0,97.9125,0
29.952749446005328,170279.572644174,900,3.9438932291666666,68.0,24.0,97.9125,0
29.98871878598584,170279.608613514,901,3.9344173177083333,73.0,24.0,97.9125,0
30.020684202987468,170279.640578931,902,3.9692154947916665,71.0,24.0,97.9125,0
30.05270255098003,170279.672597279,903,3.9397037760416667,66.0,24.0,97.9125,0
30.08876140299253,170279.708656131,904,3.94330078125,68.0,24.0,97.9125,0
30.120669984986307,170279.740564713,905,3.937666015625,72.0,24.0,97.9125,0
30.152640049986076,170279.772534778,906,3.9692122395833334,65.0,24.0,97.9125,0
30.18467045898433,170279.804565187,907,3.9667350260416665,72.0,24.0,97.9125,0
30.22068949099048,170279.840584219,908,3.92509765625,68.0,24.0,97.9125,0
30.25265855298494,170279.872553281,909,3.955078125,71.0,24.0,97.9125,0
30.284676262992434,170279.904570991,910,3.918623046875,72.0,24.0,97.9125,0
30.320662754005753,170279.940557482,911,3.9553125,65.0,24.0,97.9125,0
30.35270868698717,170279.972603415,912,3.955390625,72.0,24.0,97.9125,0
30.386578275007196,170280.006473003,913,3.9761588541666666,67.0,24.0,97.9125,0
30.421143219980877,170280.041037948,914,3.947568359375,69.0,24.0,97.9125,0
30.453794161992846,170280.07368889,915,3.9677083333333334,74.0,24.0,97.9125,0
30.48488992798957,170280.104784656,916,3.961461588541667,71.0,24.0,97.9125,0
30.520764151006006,170280.140658879,917,3.965276692708333,67.0,24.0,97.9125,0
30.552667081996333,170280.17256181,918,3.9880631510416666,67.0,24.0,97.9125,0
30.584764618979534,170280.204659347,919,3.9516829427083335,71.0,24.0,97.9125,0
30.62073012799374,170280.240624856,920,3.9804296875,71.0,24.0,97.9125,0
30.652690469985828,170280.272585198,921,3.9693977864583334,65.0,24.0,97.9125,0
30.68470330600394,170280.304598034,922,3.953056640625,69.0,24.0,97.9125,0
30.71671470598085,170280.336609434,923,3.98072265625,69.0,24.0,97.9125,0
30.75279957600287,170280.372694304,924,3.9521712239583335,72.0,24.0,97.9125,0
30.784674602007726,170280.40456933,925,3.9512109375,67.0,24.0,97.9125,0
30.8166685019969,170280.43656323,926,3.9853450520833333,66.0,24.0,97.9125,0
30.85269365098793,170280.472588379,927,3.9876953125,69.0,24.0,97.9125,0
30.8846762549947,170280.504570983,928,3.9664453125,71.0,24.0,97.9125,0
30.916683341987664,170280.53657807,929,3.9474967447916667,65.0,24.0,97.9125,0
30.95270670199534,170280.57260143,930,3.959482421875,64.0,24.0,97.9125,0
30.984720359003404,170280.604615087,931,3.9679915364583334,66.0,24.0,97.9125,0
31.016730228991946,170280.636624957,932,3.98076171875,72.0,24.0,97.9125,0
31.052692222001497,170280.67258695,933,3.9903450520833332,67.0,24.0,97.9125,0
31.084668900002725,170280.704563628,934,3.9970572916666667,64.0,24.0,97.9125,0
31.116705299995374,170280.736600028,935,3.9979427083333334,67.0,24.0,97.9125,0
31.15270524000516,170280.772599968,936,3.9851725260416666,65.0,24.0,97.9125,0
31.184714403992984,170280.804609132,937,3.974739583333333,66.0,23.0,97.9125,0
31.21672734900494,170280.836622077,938,3.99509765625,65.0,24.0,97.9125,0
31.25277166199521,170280.87266639,939,4.0113736979166665,69.0,23.0,97.9125,0
31.28468999598408,170280.904584724,940,3.979680989583333,63.0,23.0,97.9125,0
31.31665614200756,170280.93655087,941,3.995944010416667,67.0,23.0,97.9125,0
31.348719704983523,170280.968614433,942,3.9873502604166666,67.0,23.0,97.9125,0
31.384721471986268,170281.0046162,943,4.018255208333334,63.0,23.0,97.9125,0
31.41672917298274,170281.036623901,944,4.011080729166666,63.0,23.0,97.9125,0
31.448751374991843,170281.068646103,945,3.9400944010416667,69.0,23.0,97.9125,0
31.48467592400266,170281.104570652,946,3.915787760416667,64.0,23.0,97.9125,0
31.516703280998627,170281.136598009,947,3.9180501302083335,66.0,23.0,97.9125,0
31.548699716979172,170281.168594445,948,3.9404361979166667,71.0,23.0,97.9125,0
31.58470268000383,170281.204597408,949,3.9354557291666667,63.0,23.0,97.9125,0
31.61669473000802,170281.236589458,950,3.9120084635416665,64.0,23.0,97.9125,0
31.64868611798738,170281.268580846,951,3.897041015625,64.0,23.0,97.9125,0
31.684632882999722,170281.304527611,952,3.940478515625,63.0,23.0,97.9125,0
31.716657751007006,170281.336552479,953,3.908727213541667,66.0,23.0,97.9125,0
31.748688258987386,170281.368582987,954,3.8991829427083333,67.0,23.0,97.9125,0
31.78472612600308,170281.404620854,955,3.9136067708333333,65.0,23.0,97.9125,0
31.81673867898644,170281.436633407,956,3.919140625,67.0,23.0,97.9125,0
31.84872336999979,170281.468618098,957,3.9100390625,64.0,23.0,97.9125,0
31.88073121398338,170281.500625942,958,3.94224609375,71.0,23.0,97.9125,0
31.91669815298519,170281.536592881,959,3.916435546875,65.0,23.0,97.9125,0
31.94866548597929,170281.568560214,960,3.9516634114583336,64.0,23.0,97.9125,0
31.980722439999226,170281.600617168,961,3.9378157552083333,67.0,23.0,97.9125,0
32.016698247985914,170281.636592976,962,3.954869791666667,68.0,23.0,97.9125,0
32.0486862899852,170281.668581018,963,3.9339713541666668,71.0,23.0,97.9125,0
32.080724106985144,170281.700618835,964,3.936731770833333,64.0,23.0,97.9125,0
32.11668988398742,170281.736584612,965,3.9007942708333334,68.0,23.0,97.9125,0
32.14865850599017,170281.768553234,966,3.8955859375,61.0,23.0,97.9125,0
32.18074103098479,170281.800635759,967,3.9082421875,68.0,23.0,97.9125,0
32.21667241898831,170281.836567147,968,3.930166015625,63.0,23.0,97.9125,0
32.24869529699208,170281.868590025,969,3.904638671875,64.0,22.0,97.9125,0
32.280686121986946,170281.90058085,970,3.87890625,67.0,23.0,97.9125,0
32.31676040700404,170281.936655135,971,3.8923470052083333,64.0,23.0,97.9125,0
32.34869002900086,170281.968584757,972,3.895491536458333,68.0,23.0,97.9125,0
32.38089747700724,170282.000792205,973,3.88158203125,67.0,23.0,97.9125,0
32.41674568399321,170282.036640412,974,3.86369140625,64.0,23.0,97.9125,0
32.44883778700023,170282.068732515,975,3.859140625,64.0,22.010000000009313,97.9125,0
32.48068325300119,170282.100577981,976,3.8743098958333335,67.0,23.0,97.9125,0
32.51271163899219,170282.132606367,977,3.868076171875,64.0,23.0,97.9125,0
32.54866666899761,170282.168561397,978,3.8645670572916666,63.0,23.0,97.9125,0
32.58068496998749,170282.200579698,979,3.8475,68.0,22.0,97.9125,0
32.612714115995914,170282.232608844,980,3.860559895833333,65.0,23.0,97.9125,0
32.64871005498571,170282.268604783,981,3.872177734375,68.0,22.0,97.9125,0
32.68071351599065,170282.300608244,982,3.8767415364583333,63.0,23.0,97.9125,0
32.71273690200178,170282.33263163,983,3.833948567708333,68.0,23.0,97.9125,0
32.74866287398618,170282.368557602,984,3.82919921875,66.0,23.0,97.9125,0
32.78069175800192,170282.400586486,985,3.821569010416667,68.0,23.0,97.9125,0
32.81268106898642,170282.432575797,986,3.845419921875,65.0,22.0,97.9125,0
32.84872488398105,170282.468619612,987,3.8341015625,67.0,23.0,97.9125,0
32.880694394989405,170282.500589123,988,3.8644108072916667,68.0,23.0,97.9125,0
32.91268972799298,170282.532584456,989,3.860166015625,65.0,23.0,97.9125,0
32.948773154988885,170282.568667883,990,3.869837239583333,67.0,23.0,97.9125,0
32.980720325984294,170282.600615054,991,3.8674088541666665,67.0,23.0,97.9125,0
33.01271805798751,170282.632612786,992,3.86966796875,64.0,23.0,97.9125,0
33.04468670699862,170282.664581435,993,3.8493229166666665,67.0,23.0,97.9125,0
33.080736217001686,170282.700630945,994,3.83720703125,68.0,23.0,97.9125,0
33.11268836099771,170282.732583089,995,3.848180338541667,66.0,23.0,97.9125,0
33.14474130998133,170282.764636038,996,3.842757161458333,67.0,23.0,97.9125,0
33.18071773700649,170282.800612465,997,3.843310546875,69.0,23.0,97.9125,0
33.212726400000975,170282.832621128,998,3.832490234375,64.0,23.0,97.9125,0
33.24468775000423,170282.864582478,999,3.8370475260416668,66.0,23.0,97.9125,0
33.280706026998814,170282.900600755,1000,3.8320703125,67.0,23.0,97.9125,0
33.312730609002756,170282.932625337,1001,3.8551204427083334,67.0,23.0,97.9125,0
33.344673380983295,170282.964568109,1002,3.885139973958333,69.0,23.0,97.9125,0
33.38084733800497,170283.000742066,1003,3.8609733072916668,65.0,23.0,97.9125,0
33.41274360299576,170283.032638331,1004,3.853704427083333,69.0,23.0,97.9125,0
33.444657235988416,170283.064551964,1005,3.8638606770833333,69.0,23.0,97.9125,0
33.480850880005164,170283.100745608,1006,3.853157552083333,65.0,23.0,97.9125,0
33.51484442598303,170283.134739154,1007,3.83880859375,72.0,23.0,97.9125,0
33.544731000991305,170283.164625729,1008,3.83986328125,66.0,23.0,97.9125,0
33.576669204980135,170283.196563933,1009,3.8215592447916666,68.0,23.0,97.9125,0
33.612651022995124,170283.232545751,1010,3.8525390625,72.0,23.0,97.9125,0
33.64468398198369,170283.26457871,1011,3.83185546875,66.0,23.0,97.9125,0
33.676709438994294,170283.296604167,1012,3.840296223958333,67.0,23.0,97.9125,0
33.71269125898834,170283.332585987,1013,3.8540657552083335,71.0,23.0,97.9125,0
33.744701963994885,170283.364596692,1014,3.88763671875,67.0,23.0,97.9125,0
33.77673748898087,170283.396632217,1015,3.8746549479166665,68.0,23.0,97.9125,0
33.812731644982705,170283.432626373,1016,3.8763020833333335,71.0,24.0,97.9125,0
33.8447222399991,170283.464616968,1017,3.869140625,68.0,24.0,97.9125,0
33.87672709999606,170283.496621828,1018,3.8674739583333335,65.0,24.0,97.9125,0
33.91273127499153,170283.532626003,1019,3.8791764322916666,69.0,24.0,97.9125,0
33.944733851996716,170283.56462858,1020,3.878662109375,72.0,23.0,97.9125,0
33.976736454991624,170283.596631183,1021,3.8398307291666667,67.0,23.0,97.9125,0
34.01277929299977,170283.632674021,1022,3.8654654947916667,69.0,24.0,97.9125,0
34.04473997699097,170283.664634705,1023,3.8694759114583333,65.0,24.0,97.9125,0
34.07675223299884,170283.696646961,1024,3.8831640625,69.0,24.0,97.9125,0
34.108764742006315,170283.72865947,1025,3.8861979166666667,69.0,24.0,97.9125,0
34.1447300289874,170283.764624757,1026,3.90142578125,72.0,24.0,97.9125,0
34.1767041849962,170283.796598913,1027,3.8869205729166665,74.0,24.0,97.9125,0
34.20876195500023,170283.828656683,1028,3.8795572916666665,78.0,24.0,97.9125,0
34.244738381996285,170283.86463311,1029,3.895299479166667,73.0,24.0,97.9125,0
34.2767506740056,170283.896645402,1030,3.9024674479166666,68.0,24.0,97.9125,0
34.30875635400298,170283.928651082,1031,3.8978385416666668,67.0,24.0,97.9125,0
34.34471969600418,170283.964614424,1032,3.9223828125,69.0,24.0,97.9125,0
34.3767601409927,170283.996654869,1033,3.89150390625,67.0,24.0,97.9125,0
34.408763485000236,170284.028658213,1034,3.918818359375,71.0,24.0,97.9125,0
34.44482591599808,170284.064720644,1035,3.955986328125,66.0,24.0,97.9125,0
34.47668181100744,170284.096576539,1036,3.96439453125,72.0,24.0,97.9125,0
34.50876202399377,170284.128656752,1037,3.9706315104166667,65.0,24.0,97.9125,0
34.54560941798263,170284.165504146,1038,3.939169921875,66.0,24.0,97.9125,0
34.57676497800276,170284.196659706,1039,3.9334602864583332,69.0,24.0,97.9125,0
34.60875660300371,170284.228651331,1040,3.963173828125,73.0,24.0,97.9125,0
34.6447257429827,170284.264620471,1041,3.967080078125,72.0,24.0,97.9125,0
34.6767073039955,170284.296602032,1042,3.973557942708333,69.0,24.0,97.9125,0
34.70895612100139,170284.328850849,1043,3.9791048177083335,69.0,24.0,97.9125,0
34.740697300992906,170284.360592029,1044,3.9334895833333334,69.0,24.0,97.9125,0
34.77669255199726,170284.39658728,1045,3.969856770833333,68.0,24.0,97.9125,0
34.80870662300731,170284.428601351,1046,4.002373046875,71.0,24.0,97.9125,0
34.84071255399613,170284.460607282,1047,3.977858072916667,75.0,24.0,97.9125,0
34.876672191981925,170284.49656692,1048,3.9791796875,72.0,24.0,97.9125,0
34.90869944498991,170284.528594173,1049,3.9604231770833334,74.0,24.0,97.9125,0
34.940755831979914,170284.56065056,1050,3.96619140625,68.0,24.0,97.9125,0
34.97670537000522,170284.596600098,1051,3.990950520833333,68.0,24.0,97.9125,0
35.00880287698237,170284.628697605,1052,3.9897493489583336,65.0,24.0,97.9125,0
35.04072468698723,170284.660619415,1053,3.983154296875,66.0,24.0,97.9125,0
35.076736093004,170284.696630821,1054,3.971826171875,69.0,24.0,97.9125,0
35.10873700698721,170284.728631735,1055,3.960771484375,68.0,24.0,97.9125,0
35.14071134198457,170284.76060607,1056,3.983564453125,67.0,24.0,97.9125,0
35.176787934004096,170284.796682662,1057,3.996637369791667,69.0,24.0,97.9125,0
35.208746279997285,170284.828641008,1058,3.9836295572916667,71.0,24.0,97.9125,0
35.24074283798109,170284.860637566,1059,3.9672786458333333,65.0,24.0,97.9125,0
35.27274624397978,170284.892640972,1060,3.975263671875,71.0,24.0,97.9125,0
35.30873675699695,170284.928631485,1061,3.9899641927083334,67.0,24.0,97.9125,0
35.340760263003176,170284.960654991,1062,3.9871516927083333,66.0,24.0,97.9125,0
35.372724930988625,170284.992619659,1063,3.981315104166667,66.0,24.0,97.9125,0
35.40873266500421,170285.028627393,1064,3.9911783854166667,65.0,24.0,97.9125,0
35.44068417698145,170285.060578905,1065,3.95693359375,64.0,24.0,97.9125,0
35.47275027100113,170285.092644999,1066,3.958037109375,68.0,24.0,97.9125,0
35.50874091399601,170285.128635642,1067,3.9777897135416667,64.0,24.0,97.9125,0
35.540672533999896,170285.160567262,1068,3.988375651041667,63.0,24.0,97.9125,0
35.5727302400046,170285.192624968,1069,3.9908756510416667,69.0,24.0,97.9125,0
35.60873322599218,170285.228627954,1070,3.9803873697916665,69.0,24.0,97.9125,0
35.64071448100731,170285.260609209,1071,3.9795963541666666,63.0,24.0,97.9125,0
35.67272256599972,170285.292617294,1072,3.94607421875,63.0,24.0,97.9125,0
35.70876497699646,170285.328659705,1073,4.002265625,67.0,24.0,97.9125,0
35.740737337997416,170285.360632066,1074,3.997972005208333,66.0,24.0,97.9125,0
35.772840581979835,170285.39273531,1075,4.00451171875,64.0,24.0,97.9125,0
35.808680038986495,170285.428574767,1076,4.008297526041667,65.0,24.0,97.9125,0
35.84069105400704,170285.460585782,1077,3.9860026041666665,63.0,24.0,97.9125,0
35.87271602198598,170285.49261075,1078,3.9612076822916666,69.0,24.0,97.9125,0
35.904759348981315,170285.524654077,1079,3.9655631510416667,66.0,24.0,97.9125,0
35.940698533988325,170285.560593262,1080,3.969306640625,71.0,24.0,97.9125,0
35.97273755198694,170285.59263228,1081,3.9695247395833335,66.0,24.0,97.9125,0
36.00473236598191,170285.624627094,1082,3.9855533854166665,66.0,23.0,97.9125,0
36.04072136600735,170285.660616094,1083,3.9870930989583333,73.0,24.0,97.9125,0
36.072737524984404,170285.692632253,1084,3.9773763020833335,64.0,23.0,97.9125,0
36.104750670987414,170285.724645399,1085,3.970771484375,65.0,23.0,97.9125,0
36.140723200980574,170285.760617929,1086,3.976181640625,71.0,23.0,97.9125,0
36.17273205899983,170285.792626787,1087,3.959794921875,67.0,23.0,97.9125,0
36.20470518199727,170285.82459991,1088,3.956181640625,63.0,23.0,97.9125,0
36.24070039598155,170285.860595124,1089,3.951240234375,65.0,23.0,97.9125,0
36.2726854129869,170285.892580141,1090,3.956861979166667,67.0,23.0,97.9125,0
36.304700135980966,170285.924594864,1091,3.9611295572916667,65.0,23.0,97.9125,0
36.34075368300546,170285.960648411,1092,3.9677506510416665,74.0,23.0,97.9125,0
36.37271125399275,170285.992605982,1093,3.94453125,69.0,23.0,97.9125,0
36.404731346992776,170286.024626075,1094,3.95193359375,65.0,23.0,97.9125,0
36.436753641988616,170286.05664837,1095,3.929951171875,67.0,23.0,97.9125,0
36.47273170700646,170286.092626435,1096,3.95375,69.0,23.0,97.9125,0
36.50483960998827,170286.124734338,1097,3.938603515625,67.0,23.0,97.9125,0
36.53674742099247,170286.156642149,1098,3.87884765625,68.0,23.0,97.9125,0
36.57268931498402,170286.192584043,1099,3.8679915364583333,66.0,23.0,97.9125,0
36.60471957700793,170286.224614305,1100,3.8626822916666668,65.0,23.0,97.9125,0
36.63674806198105,170286.25664279,1101,3.87775390625,64.0,23.0,97.9125,0
36.67273136100266,170286.292626089,1102,3.8618391927083335,67.0,23.0,97.9125,0
36.704713551996974,170286.32460828,1103,3.8531901041666665,69.0,23.0,97.9125,0
36.73672774498118,170286.356622473,1104,3.8719856770833334,65.0,23.0,97.9125,0
36.77269515598891,170286.392589884,1105,3.86619140625,69.0,23.0,97.9125,0
36.804721900989534,170286.424616629,1106,3.834078776041667,64.0,23.0,97.9125,0
36.836741251987405,170286.45663598,1107,3.87220703125,64.0,23.0,97.9125,0
36.87280905098305,170286.492703779,1108,3.8489225260416666,74.0,23.0,97.9125,0
36.90478385798633,170286.524678586,1109,3.826979166666667,65.0,23.0,97.9125,0
36.93674332697992,170286.556638055,1110,3.83453125,69.0,23.0,97.9125,0
36.96870884500095,170286.588603573,1111,3.8457421875,63.0,23.0,97.9125,0
37.00471641798504,170286.624611146,1112,3.8513639322916666,72.0,23.0,97.9125,0
37.0367232739809,170286.656618002,1113,3.8546516927083334,63.0,23.0,97.9125,0
37.06874878698727,170286.688643515,1114,3.8673404947916667,63.0,23.0,97.9125,0
37.10474855400389,170286.724643282,1115,3.8560807291666666,68.0,22.010000000009313,97.9125,0
37.13666635900154,170286.756561087,1116,3.862373046875,66.0,23.0,97.9125,0
37.16870965398266,170286.788604382,1117,3.8446940104166667,65.0,22.0,97.9125,0
37.20471915099188,170286.824613879,1118,3.8553125,64.0,22.0,97.9125,0
37.23674545600079,170286.856640184,1119,3.836533203125,66.0,22.0,97.9125,0
37.26873489600257,170286.888629624,1120,3.8420638020833335,65.0,22.0,97.9125,0
37.30470636498649,170286.924601093,1121,3.8465397135416666,65.0,22.0,97.9125,0
37.336751398979686,170286.956646127,1122,3.8579817708333333,63.0,23.0,97.9125,0
37.36875304899877,170286.988647777,1123,3.8554459635416665,66.0,22.0,97.9125,0
37.40479647699976,170287.024691205,1124,3.8339811197916664,63.0,23.0,97.9125,0
37.436738257005345,170287.056632985,1125,3.853857421875,68.0,22.0,97.9125,0
37.46874188899528,170287.088636617,1126,3.8503287760416667,75.0,23.0,97.9125,0
37.50474733300507,170287.124642061,1127,3.846181640625,66.0,22.0,97.9125,0
37.536743228993146,170287.156637957,1128,3.8142024739583333,72.0,22.0,97.9125,0
37.568743662995985,170287.188638391,1129,3.825403645833333,64.0,23.0,97.9125,0
37.60077288199682,170287.22066761,1130,3.8575553385416668,69.0,23.0,97.9125,0
37.63673777299118,170287.256632501,1131,3.8509114583333335,67.0,23.0,97.9125,0
37.66875968599925,170287.288654414,1132,3.8425390625,65.0,23.0,97.9125,0
37.700854486000026,170287.320749214,1133,3.8530989583333333,66.0,23.0,97.9125,0
37.73674595900229,170287.356640687,1134,3.850865885416667,74.0,23.0,97.9125,0
37.76877570498618,170287.388670433,1135,3.868577473958333,72.0,23.0,97.9125,0
37.80072544098948,170287.420620169,1136,3.832779947916667,66.0,23.0,97.9125,0
37.836707145994296,170287.456601874,1137,3.8639485677083334,73.0,23.0,97.9125,0
37.86871790399891,170287.488612632,1138,3.8459733072916666,72.0,23.0,97.9125,0
37.90075626500766,170287.520650993,1139,3.8629134114583334,64.0,23.0,97.9125,0
37.93671111500589,170287.556605843,1140,3.851432291666667,72.0,23.0,97.9125,0
37.96875890099909,170287.588653629,1141,3.8562662760416666,69.0,23.0,97.9125,0
38.00075857300544,170287.620653301,1142,3.866396484375,68.0,23.0,97.9125,0
38.036812381993514,170287.65670711,1143,3.8783561197916665,72.0,23.0,97.9125,0
38.06875468598446,170287.688649414,1144,3.8666764322916665,71.0,23.0,97.9125,0
38.10075137700187,170287.720646105,1145,3.8385123697916668,69.0,23.0,97.9125,0
38.13275115500437,170287.752645883,1146,3.881708984375,71.0,23.0,97.9125,0
38.16873231198406,170287.78862704,1147,3.8789713541666666,67.0,24.0,97.9125,0
38.20075955599896,170287.820654284,1148,3.8891634114583336,68.0,24.0,97.9125,0
38.23277087198221,170287.8526656,1149,3.867099609375,72.0,23.0,97.9125,0
38.26873197199893,170287.8886267,1150,3.869775390625,69.0,24.0,97.9125,0
38.30069518700475,170287.920589915,1151,3.8936197916666666,67.0,24.0,97.9125,0
38.33272056799615,170287.952615296,1152,3.907454427083333,71.0,24.0,97.9125,0
38.36887510100496,170287.988769829,1153,3.904345703125,69.0,24.0,97.9125,0
38.40082346298732,170288.020718191,1154,3.9051171875,65.0,24.0,97.9125,0
38.43278618500335,170288.052680913,1155,3.9016634114583333,69.0,24.0,97.9125,0
38.46871771098813,170288.088612439,1156,3.9121809895833333,69.0,24.0,97.9125,0
38.50073246198008,170288.12062719,1157,3.8982845052083333,71.0,24.0,97.9125,0
38.532718508999096,170288.152613237,1158,3.9157421875,72.0,24.0,97.9125,0
38.56881014999817,170288.188704878,1159,3.915901692708333,65.0,24.0,97.9125,0
38.600748027005466,170288.220642755,1160,3.9074609375,68.0,24.0,97.9125,0
38.63274612798705,170288.252640856,1161,3.994609375,67.0,24.0,97.9125,0
38.664738306979416,170288.284633035,1162,3.9988313802083333,72.0,24.0,97.9125,0
38.70071904498036,170288.320613773,1163,3.9789322916666667,66.0,24.0,97.9125,0
38.73270494499593,170288.352599673,1164,3.9171842447916667,67.0,24.0,97.9125,0
38.76477934099967,170288.384674069,1165,3.951572265625,69.0,24.0,97.9125,0
38.80073227500543,170288.420627003,1166,3.9689290364583334,69.0,24.0,97.9125,0
38.832725202984875,170288.452619931,1167,3.92455078125,67.0,24.0,97.9125,0
38.86476203298662,170288.484656761,1168,3.98888671875,67.0,24.0,97.9125,0
38.90077344098245,170288.520668169,1169,3.96455078125,67.0,24.0,97.9125,0
38.93276229998446,170288.552657028,1170,3.9667838541666667,66.0,24.0,97.9125,0
38.96475506198476,170288.58464979,1171,3.9803873697916665,71.0,24.0,97.9125,0
39.00073332898319,170288.620628057,1172,3.9852897135416665,72.0,24.0,97.9125,0
39.032765602984,170288.652660331,1173,3.971875,66.0,24.0,97.9125,0
39.06477824400645,170288.684672972,1174,3.986572265625,73.0,24.0,97.9125,0
39.10079248299007,170288.720687211,1175,3.951451822916667,72.0,24.0,97.9125,0
39.13278764099232,170288.752682369,1176,3.9423763020833333,67.0,24.0,97.9125,0
39.16473377699731,170288.784628505,1177,3.9540006510416665,63.0,24.0,97.9125,0
39.200766583991935,170288.820661312,1178,3.9527473958333332,69.0,24.0,97.9125,0
39.23278084699996,170288.852675575,1179,3.9815657552083334,67.0,24.0,97.9125,0
39.26469453499885,170288.884589263,1180,3.9566829427083334,71.0,24.0,97.9125,0
39.29678594699362,170288.916680675,1181,3.957978515625,65.0,24.0,97.9125,0
39.33274794000317,170288.952642668,1182,3.9820930989583334,69.0,24.0,97.9125,0
39.364761838980485,170288.984656567,1183,3.9632421875,67.0,24.0,97.9125,0
39.39685949898558,170289.016754227,1184,3.9904361979166665,67.0,24.0,97.9125,0
39.43277519399999,170289.052669922,1185,3.9956868489583335,69.0,24.0,97.9125,0
39.464780276990496,170289.084675005,1186,4.027135416666667,71.0,24.0,97.9125,0
39.496760296984576,170289.116655025,1187,3.9959505208333335,67.0,24.0,97.9125,0
39.53274283398059,170289.152637562,1188,3.988583984375,65.0,24.0,97.9125,0
39.56474268998136,170289.184637418,1189,3.978076171875,71.0,24.0,97.9125,0
39.59678615699522,170289.216680885,1190,3.9665950520833335,64.0,24.0,97.9125,0
39.63278938300209,170289.252684111,1191,3.9849283854166666,66.0,24.0,97.9125,0
39.664750762982294,170289.284645491,1192,4.000823567708333,64.0,24.0,97.9125,0
39.696744101005606,170289.316638829,1193,3.983447265625,68.0,24.0,97.9125,0
39.73281819198746,170289.35271292,1194,3.9748958333333335,65.0,24.0,97.9125,0
39.764788668981055,170289.384683397,1195,3.9812239583333335,72.0,24.0,97.9125,0
39.79674881399842,170289.416643542,1196,4.007805989583333,62.0,24.0,97.9125,0
39.82874784100568,170289.448642569,1197,3.9457552083333334,65.0,24.0,97.9125,0
39.8647939490038,170289.484688677,1198,3.9866536458333335,65.0,24.0,97.9125,0
39.89674343299703,170289.516638161,1199,3.994423828125,66.0,24.0,97.9125,0
39.92878141300753,170289.548676141,1200,3.994765625,73.0,23.0,97.9125,0
39.964726114994846,170289.584620843,1201,3.9756087239583335,67.0,24.0,97.9125,0
39.996749665995594,170289.616644394,1202,3.9833984375,63.0,23.0,97.9125,0
40.028779732994735,170289.648674461,1203,3.9540201822916665,65.0,23.0,97.9125,0
40.06473078398267,170289.684625512,1204,3.9991145833333333,65.0,23.0,97.9125,0
40.096761094988324,170289.716655823,1205,3.9514453125,67.0,23.0,97.9125,0
40.128772424999624,170289.748667153,1206,3.9746028645833333,65.0,23.0,97.9125,0
40.164741218992276,170289.784635947,1207,3.971025390625,71.0,23.0,97.9125,0
40.19670737799606,170289.816602106,1208,3.962568359375,67.0,23.0,97.9125,0
40.22870329199941,170289.84859802,1209,3.950569661458333,65.0,23.0,97.9125,0
40.26479189898237,170289.884686627,1210,3.9389908854166666,64.0,23.0,97.9125,0
40.29678095600684,170289.916675684,1211,3.944501953125,64.0,23.0,97.9125,0
40.32876950700302,170289.948664235,1212,3.9455305989583334,72.0,23.0,97.9125,0
40.36081716499757,170289.980711893,1213,3.92232421875,64.0,23.0,97.9125,0
40.39678125400678,170290.016675982,1214,3.929723307291667,64.0,23.0,97.9125,0
40.428736398986075,170290.048631127,1215,3.891751302083333,64.0,23.0,97.9125,0
40.46076464498765,170290.080659373,1216,3.8419954427083334,63.0,23.0,97.9125,0
40.49675108198426,170290.11664581,1217,3.8725553385416664,66.0,23.0,97.9125,0
40.52871465799399,170290.148609386,1218,3.8619694010416667,67.0,23.0,97.9125,0
40.560742033005226,170290.180636761,1219,3.8655013020833335,62.0,23.0,97.9125,0
40.59672921398305,170290.216623942,1220,3.84640625,68.0,23.0,97.9125,0
40.62873442599084,170290.248629154,1221,3.840673828125,68.0,23.0,97.9125,0
40.66073095300817,170290.280625681,1222,3.822333984375,64.0,23.0,97.9125,0
40.69674028799636,170290.316635016,1223,3.806533203125,67.0,23.0,97.9125,0
40.72878035399481,170290.348675082,1224,3.8175065104166666,68.0,23.0,97.9125,0
40.760745348990895,170290.380640077,1225,3.8029459635416667,65.0,23.0,97.9125,0
40.796742713981075,170290.416637442,1226,3.8016536458333334,67.0,23.0,97.9125,0
40.82875335600693,170290.448648084,1227,3.8302180989583334,68.0,23.0,97.9125,0
40.86074960799306,170290.480644336,1228,3.813046875,69.0,23.0,97.9125,0
40.896759837982245,170290.516654566,1229,3.79912109375,65.0,23.0,97.9125,0
40.928738121991046,170290.54863285,1230,3.8492415364583334,64.0,23.0,97.9125,0
40.96075556598953,170290.580650294,1231,3.8478157552083334,63.0,23.0,97.9125,0
40.99277342800633,170290.612668156,1232,3.810094401041667,62.0,22.0,97.9125,0
41.0287065889861,170290.648601317,1233,3.81595703125,68.0,22.0,97.9125,0
41.06075460699503,170290.680649335,1234,3.81953125,68.0,22.0,97.9125,0
41.092760756990174,170290.712655485,1235,3.8502311197916668,64.0,23.0,97.9125,0
41.12875355500728,170290.748648283,1236,3.818059895833333,68.0,22.0,97.9125,0
41.16077943099663,170290.780674159,1237,3.817122395833333,65.0,23.0,97.9125,0
41.19277930498356,170290.812674033,1238,3.8347623697916666,71.0,23.0,97.9125,0
41.22877379599959,170290.848668524,1239,3.782923177083333,64.0,23.0,97.9125,0
41.260760873992695,170290.880655602,1240,3.8010709635416666,66.0,23.0,97.9125,0
41.292755500006024,170290.912650228,1241,3.814140625,65.0,23.0,97.9125,0
41.32875068899011,170290.948645417,1242,3.80447265625,64.0,23.0,97.9125,0
41.360746074991766,170290.980640803,1243,3.7999479166666665,77.0,23.0,97.9125,0
41.39280561998021,170291.012700348,1244,3.8182063802083333,69.0,23.0,97.9125,0
41.42879705299856,170291.048691781,1245,3.7834147135416667,68.0,23.0,97.9125,0
41.460806205985136,170291.080700934,1246,3.799306640625,66.0,23.0,97.9125,0
41.49276108399499,170291.112655812,1247,3.8132194010416667,67.0,23.0,97.9125,0
41.524789038987365,170291.144683767,1248,3.815335286458333,66.0,23.0,97.9125,0
41.56073379900772,170291.180628527,1249,3.8105924479166666,66.0,23.0,97.9125,0
41.59274678499787,170291.212641513,1250,3.8080208333333334,72.0,23.0,97.9125,0
41.624734423996415,170291.244629152,1251,3.7995345052083334,72.0,23.0,97.9125,0
41.660723848006455,170291.280618576,1252,3.819938151041667,66.0,23.0,97.9125,0
41.692734181997366,170291.31262891,1253,3.845514322916667,71.0,23.0,97.9125,0
41.72475804100395,170291.344652769,1254,3.853447265625,67.0,23.0,97.9125,0
41.76074867299758,170291.380643401,1255,3.8550846354166666,65.0,23.0,97.9125,0
41.792750928987516,170291.412645657,1256,3.87279296875,66.0,23.0,97.9125,0
41.824749992985744,170291.444644721,1257,3.833720703125,68.0,23.0,97.9125,0
41.860746841994114,170291.48064157,1258,3.8757454427083333,68.0,23.0,97.9125,0
41.89277263099211,170291.512667359,1259,3.873583984375,64.0,23.0,97.9125,0
41.924748697987525,170291.544643426,1260,3.8797298177083333,66.0,23.0,97.9125,0
41.96081461798167,170291.580709346,1261,3.896748046875,71.0,24.0,97.9125,0
41.99276527200709,170291.61266,1262,3.921106770833333,66.0,24.0,97.9125,0
42.024738464999245,170291.644633193,1263,3.8783072916666668,66.0,24.0,97.9125,0
42.05676915199729,170291.67666388,1264,3.905751953125,68.0,24.0,97.9125,0
42.09273046898306,170291.712625197,1265,3.8966569010416667,69.0,24.0,97.9125,0
42.12474542399286,170291.744640152,1266,3.887646484375,68.0,24.0,97.9125,0
42.15675571799511,170291.776650446,1267,3.926569010416667,67.0,24.0,97.9125,0
42.19277241299278,170291.812667141,1268,3.9417903645833334,72.0,24.0,97.9125,0
42.22472142998595,170291.844616158,1269,3.934309895833333,69.0,24.0,97.9125,0
42.25673401000677,170291.876628738,1270,3.9424446614583335,66.0,24.0,97.9125,0
42.292748659005156,170291.912643387,1271,3.945198567708333,66.0,24.0,97.9125,0
42.324744885001564,170291.944639613,1272,3.894619140625,67.0,24.0,97.9125,0
42.3567398749874,170291.976634603,1273,3.9545182291666667,69.0,24.0,97.9125,0
42.392747991980286,170292.01264272,1274,3.9583138020833335,77.0,24.0,97.9125,0
42.424931368994294,170292.044826097,1275,3.9388606770833334,69.0,24.0,97.9125,0
42.45671618898632,170292.076610917,1276,3.970107421875,68.0,24.0,97.9125,0
42.49277335999068,170292.112668088,1277,3.952294921875,66.0,24.0,97.9125,0
42.52473273000214,170292.144627458,1278,4.020309244791667,68.0,24.0,97.9125,0
42.556730612996034,170292.176625341,1279,4.025393880208333,66.0,24.0,97.9125,0
42.592770810006186,170292.212665538,1280,4.020524088541666,67.0,24.0,97.9125,0
42.62470971699804,170292.244604445,1281,3.9635709635416667,66.0,24.0,97.9125,0
42.656761038000695,170292.276655766,1282,3.9721256510416665,71.0,24.0,97.9125,0
42.68873086600797,170292.308625594,1283,3.9625455729166665,65.0,24.0,97.9125,0
42.72471651699743,170292.344611245,1284,3.9939388020833335,72.0,24.0,97.9125,0
42.75675241800491,170292.376647146,1285,3.976676432291667,71.0,24.0,97.9125,0
42.788726183003746,170292.408620911,1286,3.98267578125,67.0,24.0,97.9125,0
42.824745591002284,170292.444640319,1287,3.9820442708333332,66.0,24.0,97.9125,0
42.85673631299869,170292.476631041,1288,4.0370475260416665,65.0,24.0,97.9125,0
42.88877090997994,170292.508665638,1289,3.971904296875,66.0,24.0,97.9125,0
42.924755249987356,170292.544649978,1290,4.002535807291666,67.0,24.0,97.9125,0
42.9568162689975,170292.576710997,1291,4.00595703125,65.0,24.0,97.9125,0
42.98881402000552,170292.608708748,1292,4.006376953125,72.0,24.0,97.9125,0
43.02478402599809,170292.644678754,1293,3.97658203125,67.0,24.0,97.9125,0
43.056824539991794,170292.676719268,1294,4.023955078125,63.0,24.0,97.9125,0
43.08883211200009,170292.70872684,1295,3.987906901041667,67.0,24.0,97.9125,0
43.12483299599262,170292.744727724,1296,3.999169921875,67.0,24.0,97.9125,0
43.15677766100271,170292.776672389,1297,4.020377604166667,69.0,24.0,97.9125,0
43.188804987003095,170292.808699715,1298,4.015729166666667,69.0,24.0,97.9125,0
43.220796374982456,170292.840691103,1299,3.9903255208333333,68.0,24.0,97.9125,0
43.25675663299626,170292.876651361,1300,4.018824869791667,65.0,24.0,97.9125,0
43.28880322200712,170292.90869795,1301,4.016533203125,63.0,24.0,97.9125,0
43.320799131994136,170292.94069386,1302,4.004895833333333,69.0,24.0,97.9125,0
43.356833267986076,170292.976727996,1303,4.011943359375,66.0,23.0,97.9125,0
43.38889263998135,170293.008787368,1304,3.9979361979166668,64.0,23.0,97.9125,0
43.42089672898874,170293.040791457,1305,3.936728515625,64.0,23.0,97.9125,0
43.45685292899725,170293.076747657,1306,3.9191861979166664,71.0,23.0,97.9125,0
43.488861027988605,170293.108755756,1307,3.9577018229166665,64.0,23.0,97.9125,0
43.52090268098982,170293.140797409,1308,3.952666015625,69.0,23.0,97.9125,0
43.556868159997975,170293.176762888,1309,3.9534798177083332,65.0,23.0,97.9125,0
43.58882665698184,170293.208721385,1310,3.943291015625,64.0,23.0,97.9125,0
43.620799744996475,170293.240694473,1311,3.9596744791666665,63.0,23.0,97.9125,0
43.65704717399785,170293.276941902,1312,3.888701171875,64.0,23.0,97.9125,0
43.68882049899548,170293.308715227,1313,3.936708984375,65.0,23.0,97.9125,0
43.72084196397918,170293.340736692,1314,3.9364518229166667,62.0,23.0,97.9125,0
43.75289146299474,170293.372786191,1315,3.895716145833333,67.0,23.0,97.9125,0
43.78879751000204,170293.408692238,1316,3.910963541666667,67.0,23.0,97.9125,0
43.82080680699437,170293.440701535,1317,3.8857194010416665,64.0,23.0,97.9125,0
43.85284822099493,170293.472742949,1318,3.883740234375,66.0,23.0,97.9125,0
43.88881298198248,170293.50870771,1319,3.8742708333333336,62.0,23.0,97.9125,0
43.92082158799167,170293.540716316,1320,3.88681640625,65.0,23.0,97.9125,0
43.952803236985346,170293.572697965,1321,3.8686295572916665,62.0,23.0,97.9125,0
43.98877461400116,170293.608669342,1322,3.8656998697916665,65.0,23.0,97.9125,0
44.02079082198907,170293.64068555,1323,3.884931640625,67.0,23.0,97.9125,0
44.05278434700449,170293.672679075,1324,3.863411458333333,64.0,23.0,97.9125,0
44.08883389699622,170293.708728625,1325,3.848404947916667,73.0,23.0,97.9125,0
44.12078699300764,170293.740681721,1326,3.8883463541666665,66.0,23.0,97.9125,0
44.152816454996355,170293.772711183,1327,3.8955403645833333,69.0,23.0,97.9125,0
44.18878864700673,170293.808683375,1328,3.8547298177083333,78.0,23.0,97.9125,0
44.220798270980595,170293.840692999,1329,3.8804329427083335,64.0,22.0,97.9125,0
44.252805962983985,170293.872700691,1330,3.9077734375,67.0,22.0,97.9125,0
44.288824486982776,170293.908719215,1331,3.8730696614583335,71.0,23.0,97.9125,0
44.32077015499817,170293.940664883,1332,3.8517643229166665,68.0,23.0,97.9125,0
44.35281492199283,170293.97270965,1333,3.885546875,64.0,23.0,97.9125,0
44.38485338600003,170294.004748114,1334,3.856171875,64.0,23.0,97.9125,0
44.42083868000191,170294.040733408,1335,3.870286458333333,72.0,22.0,97.9125,0
44.45293697799207,170294.072831706,1336,3.875625,68.0,23.0,97.9125,0
44.48495324299438,170294.104847971,1337,3.8558235677083332,72.0,23.0,97.9125,0
44.52094920500531,170294.140843933,1338,3.9000813802083334,64.0,23.0,97.9125,0
44.552844771998934,170294.1727395,1339,3.864453125,65.0,22.0,97.9125,0
44.58488510598545,170294.204779834,1340,3.875146484375,69.0,23.0,97.9125,0
44.62084416198195,170294.24073889,1341,3.892220052083333,71.0,23.0,97.9125,0
44.65288636999321,170294.272781098,1342,3.872369791666667,64.0,23.0,97.9125,0
44.684825250005815,170294.304719978,1343,3.8692220052083335,69.0,23.0,97.9125,0
44.720821102993796,170294.340715831,1344,3.8830078125,71.0,23.0,97.9125,0
44.75285073299892,170294.372745461,1345,3.851956380208333,72.0,23.0,97.9125,0
44.78493567300029,170294.404830401,1346,3.8912662760416667,67.0,23.0,97.9125,0
44.820996441994794,170294.44089117,1347,3.8876334635416665,66.0,23.0,97.9125,0
44.85283219598932,170294.472726924,1348,3.86607421875,65.0,23.0,97.9125,0
44.884846545988694,170294.504741274,1349,3.872766927083333,73.0,23.0,97.9125,0
44.91685081500327,170294.536745543,1350,3.8596712239583333,71.0,23.0,97.9125,0
44.95284748999984,170294.572742218,1351,3.8787858072916666,69.0,23.0,97.9125,0
44.984857464995,170294.604752193,1352,3.8997298177083333,69.0,23.0,97.9125,0
45.01687137200497,170294.6367661,1353,3.924306640625,66.0,23.0,97.9125,0
45.052874286979204,170294.672769015,1354,3.906285807291667,66.0,23.0,97.9125,0
45.08491778199095,170294.70481251,1355,3.8791178385416667,68.0,23.0,97.9125,0
45.116869150981074,170294.736763879,1356,3.9059830729166665,69.0,23.0,97.9125,0
45.15284060698468,170294.772735335,1357,3.8926953125,66.0,24.0,97.9125,0
45.18483073799871,170294.804725466,1358,3.889928385416667,66.0,24.0,97.9125,0
45.216822796995984,170294.836717525,1359,3.8940006510416665,73.0,24.0,97.9125,0
45.252825670992024,170294.872720399,1360,3.910888671875,68.0,24.0,97.9125,0
45.28483545398922,170294.904730182,1361,3.902392578125,67.0,24.0,97.9125,0
45.31682744898717,170294.936722177,1362,3.89921875,73.0,24.0,97.9125,0
45.35292704598396,170294.972821774,1363,3.9270442708333335,69.0,24.0,97.9125,0
45.38499076900189,170295.004885497,1364,3.9206510416666664,65.0,24.0,97.9125,0
45.41690369299613,170295.036798421,1365,3.9455078125,66.0,24.0,97.9125,0
45.44895899499534,170295.068853723,1366,3.9534114583333335,67.0,24.0,97.9125,0
45.48486960498849,170295.104764333,1367,3.9029166666666666,71.0,24.0,97.9125,0
45.51693804899696,170295.136832777,1368,4.01779296875,67.0,24.0,97.9125,0
45.54881402698811,170295.168708755,1369,3.9748046875,68.0,24.0,97.9125,0
45.584821445983835,170295.204716174,1370,3.9987565104166665,74.0,24.0,97.9125,0
45.61685503000626,170295.236749758,1371,4.011988932291667,69.0,24.0,97.9125,0
45.64891690100194,170295.268811629,1372,3.9569270833333334,71.0,24.0,97.9125,0
45.68485641499865,170295.304751143,1373,3.9722884114583334,68.0,24.0,97.9125,0
45.716850092983805,170295.336744821,1374,3.98658203125,65.0,24.0,97.9125,0
45.74886051399517,170295.368755242,1375,3.9858658854166666,68.0,24.0,97.9125,0
45.78480144299101,170295.404696171,1376,3.9865950520833335,68.0,24.0,97.9125,0
45.81683089499711,170295.436725623,1377,4.002923177083333,66.0,24.0,97.9125,0
45.848864180006785,170295.468758908,1378,3.9782486979166665,67.0,24.0,97.9125,0
45.88485570499324,170295.504750433,1379,4.025221354166667,72.0,24.0,97.9125,0
45.916850934998365,170295.536745663,1380,4.00212890625,71.0,24.0,97.9125,0
45.948847391991876,170295.56874212,1381,3.9959895833333334,66.0,24.0,97.9125,0
45.98482111399062,170295.604715842,1382,4.027763671875,65.0,24.0,97.9125,0
46.016776457981905,170295.636671186,1383,3.964205729166667,68.0,24.0,97.9125,0
46.04878372600069,170295.668678454,1384,3.9837239583333335,71.0,24.0,97.9125,0
46.08090303000063,170295.700797758,1385,3.997125651041667,69.0,24.0,97.9125,0
46.11687602798338,170295.736770756,1386,4.032109375,66.0,24.0,97.9125,0
46.1488787609851,170295.768773489,1387,4.004192708333333,65.0,24.0,97.9125,0
46.18079317800584,170295.800687906,1388,4.02400390625,65.0,24.0,97.9125,0
46.21685733899358,170295.836752067,1389,4.000618489583333,64.0,24.0,97.9125,0
46.24887075799052,170295.868765486,1390,4.0181282552083335,66.0,24.0,97.9125,0
46.28086062599323,170295.900755354,1391,4.005423177083333,65.0,24.0,97.9125,0
46.316877659992315,170295.936772388,1392,4.010022786458333,71.0,24.0,97.9125,0
46.348933348985156,170295.968828077,1393,4.00203125,64.0,24.0,97.9125,0
46.38094762599212,170296.000842354,1394,4.016357421875,65.0,24.0,97.9125,0
46.41695564100519,170296.036850369,1395,4.00640625,66.0,23.0,97.9125,0
46.448880003998056,170296.068774732,1396,3.9985123697916665,65.0,24.0,97.9125,0
46.48092558499775,170296.100820313,1397,3.986067708333333,64.0,24.0,97.9125,0
46.517037387995515,170296.136932116,1398,4.02185546875,65.0,23.0,97.9125,0
46.54888174898224,170296.168776477,1399,3.984326171875,65.0,23.0,97.9125,0
46.58082300098613,170296.200717729,1400,4.001396484375,71.0,23.0,97.9125,0
46.61283627297962,170296.232731001,1401,3.9828385416666667,64.0,23.0,97.9125,0
46.648932021984365,170296.26882675,1402,3.9792936197916666,67.0,23.0,97.9125,0
46.68082252700697,170296.300717255,1403,3.9926627604166667,65.0,23.0,97.9125,0
46.712871737981914,170296.332766466,1404,3.926529947916667,64.0,23.0,97.9125,0
46.74881158300559,170296.368706311,1405,3.8888053385416668,64.0,23.0,97.9125,0
46.7808658379945,170296.400760566,1406,3.92921875,66.0,23.0,97.9125,0
46.81284757598769,170296.432742304,1407,3.9403678385416665,66.0,23.0,97.9125,0
46.84883525499026,170296.468729983,1408,3.90958984375,71.0,23.0,97.9125,0
46.88084659198648,170296.50074132,1409,3.934495442708333,64.0,23.0,97.9125,0
46.91275762798614,170296.532652356,1410,3.914322916666667,64.0,23.0,97.9125,0
46.94887322699651,170296.568767955,1411,3.9008919270833333,67.0,23.0,97.9125,0
46.98086063898518,170296.600755367,1412,3.8945377604166667,62.0,23.0,97.9125,0
47.01281473500421,170296.632709463,1413,3.898362630208333,63.0,23.0,97.9125,0
47.048943925998174,170296.668838654,1414,3.88712890625,64.0,23.0,97.9125,0
47.08083073698799,170296.700725465,1415,3.8783365885416665,64.0,23.0,97.9125,0
47.1128405710042,170296.732735299,1416,3.8837662760416665,65.0,23.0,97.9125,0
47.144887053989805,170296.764781782,1417,3.8814095052083335,65.0,23.0,97.9125,0
47.180872009979794,170296.800766738,1418,3.8776432291666665,63.0,23.0,97.9125,0
47.21284711299813,170296.832741841,1419,3.918271484375,65.0,23.0,97.9125,0
47.2448310549953,170296.864725783,1420,3.902294921875,62.0,23.0,97.9125,0
47.280832449003356,170296.900727177,1421,3.894931640625,63.0,23.0,97.9125,0
47.31280411599437,170296.932698844,1422,3.893818359375,66.0,23.0,97.9125,0
47.34487507000449,170296.964769798,1423,3.858076171875,66.0,22.0,97.9125,0
47.38094104200718,170297.00083577,1424,3.8527571614583334,68.0,23.0,97.9125,0
47.41291364800418,170297.032808376,1425,3.8753255208333335,65.0,23.0,97.9125,0
47.44492190799792,170297.064816636,1426,3.845556640625,66.0,22.0,97.9125,0
47.480851444997825,170297.100746173,1427,3.8672102864583335,65.0,23.0,97.9125,0
47.512986301997444,170297.13288103,1428,3.8528841145833335,72.0,23.0,97.9125,0
47.544900335982675,170297.164795064,1429,3.892216796875,68.0,23.0,97.9125,0
47.580870540987235,170297.200765269,1430,3.8401725260416666,71.0,23.0,97.9125,0
47.61293459997978,170297.232829328,1431,3.8448502604166666,67.0,23.0,97.9125,0
47.644942963001085,170297.264837691,1432,3.8826106770833335,65.0,23.0,97.9125,0
47.68088597300812,170297.300780701,1433,3.8788444010416665,66.0,23.0,97.9125,0
47.712823568988824,170297.332718297,1434,3.861982421875,69.0,23.0,97.9125,0
47.74487010599114,170297.364764834,1435,3.8644889322916667,69.0,23.0,97.9125,0
47.77688485398539,170297.396779582,1436,3.8591276041666664,64.0,23.0,97.9125,0
47.812818089994835,170297.432712818,1437,3.8432552083333333,68.0,23.0,97.9125,0
47.84484984900337,170297.464744577,1438,3.8906184895833333,69.0,23.0,97.9125,0
47.8768375350046,170297.496732263,1439,3.885458984375,67.0,23.0,97.9125,0
47.91287242600811,170297.532767154,1440,3.8769596354166667,65.0,23.0,97.9125,0
47.94488196299062,170297.564776691,1441,3.849817708333333,65.0,23.0,97.9125,0
47.97684944898356,170297.596744177,1442,3.8773046875,64.0,23.0,97.9125,0
48.01281946297968,170297.632714191,1443,3.867639973958333,65.0,23.0,97.9125,0
48.044879294990096,170297.664774023,1444,3.912705078125,71.0,24.0,97.9125,0
48.07683572699898,170297.696730455,1445,3.8931640625,72.0,24.0,97.9125,0
48.1128011480032,170297.732695876,1446,3.89513671875,69.0,24.0,97.9125,0
48.14488534099655,170297.764780069,1447,3.9237760416666667,71.0,24.0,97.9125,0
48.17686972100637,170297.796764449,1448,3.904443359375,68.0,24.0,97.9125,0
48.21289529200294,170297.83279002,1449,3.9110807291666667,74.0,24.0,97.9125,0
48.2448254939809,170297.864720222,1450,3.903564453125,69.0,24.0,97.9125,0
48.276845999003854,170297.896740727,1451,3.8999479166666666,66.0,24.0,97.9125,0
48.30884552898351,170297.928740257,1452,3.928411458333333,71.0,24.0,97.9125,0
48.344851701986045,170297.96474643,1453,3.896334635416667,71.0,24.0,97.9125,0
48.376924543990754,170297.996819272,1454,3.91712890625,66.0,24.0,97.9125,0
48.40893624900491,170298.028830977,1455,3.9144140625,69.0,24.0,97.9125,0
48.444946093979524,170298.064840822,1456,3.94708984375,68.0,24.0,97.9125,0
48.4769654799893,170298.096860208,1457,3.9406868489583333,72.0,24.0,97.9125,0
48.50893678798457,170298.128831516,1458,3.989518229166667,71.0,24.0,97.9125,0
48.54483709600754,170298.164731824,1459,4.002024739583334,73.0,24.0,97.9125,0
48.576873270998476,170298.196767999,1460,4.004606119791666,68.0,24.0,97.9125,0
48.60885358499945,170298.228748313,1461,3.9687565104166667,69.0,24.0,97.9125,0
48.64498314500088,170298.264877873,1462,3.991529947916667,68.0,24.0,97.9125,0
48.67686606000643,170298.296760788,1463,4.016389973958334,65.0,24.0,97.9125,0
48.70886343100574,170298.328758159,1464,4.010738932291667,67.0,24.0,97.9125,0
48.74487242300529,170298.364767151,1465,4.026624348958333,66.0,24.0,97.9125,0
48.77687438100111,170298.396769109,1466,4.025865885416667,73.0,24.0,97.9125,0
48.80887983599678,170298.428774564,1467,4.0151171875,64.0,24.0,97.9125,0
48.84486677098903,170298.464761499,1468,4.018317057291667,66.0,25.0,97.9125,0
48.876874504989246,170298.496769233,1469,3.9959700520833334,67.0,24.0,97.9125,0
48.90877252098289,170298.528667249,1470,4.00703125,65.0,24.0,97.9125,0
48.94089990798966,170298.560794636,1471,4.014759114583334,71.0,24.0,97.9125,0
48.97685027497937,170298.596745003,1472,3.9842838541666667,66.0,24.0,97.9125,0
49.00887307600351,170298.628767804,1473,3.9788932291666668,67.0,24.0,97.9125,0
49.04087722298573,170298.660771951,1474,4.047278645833333,66.0,24.0,97.9125,0
49.07685133200721,170298.69674606,1475,3.9941927083333333,66.0,24.0,97.9125,0
49.10888484300813,170298.728779571,1476,4.014947916666666,65.0,24.0,97.9125,0
49.14089279799373,170298.760787526,1477,4.013548177083333,66.0,24.0,97.9125,0
49.176865324989194,170298.796760053,1478,4.034794921875,65.0,24.0,97.9125,0
49.20886831000098,170298.828763038,1479,4.014596354166667,65.0,24.0,97.9125,0
49.24085692799417,170298.860751656,1480,4.0239485677083335,66.0,24.0,97.9125,0
49.27683742798399,170298.896732156,1481,4.005302734375,64.0,23.0,97.9125,0
49.308838167984504,170298.928732896,1482,3.99265625,66.0,24.0,97.9125,0
49.34087472400279,170298.960769452,1483,4.011953125,65.0,24.0,97.9125,0
49.37694468698464,170298.996839415,1484,3.990224609375,63.0,24.0,97.9125,0
49.40896023600362,170299.028854964,1485,3.9629915364583335,64.0,23.0,97.9125,0
49.4409535729792,170299.060848301,1486,4.031292317708333,67.0,23.0,97.9125,0
49.47299542199471,170299.09289015,1487,4.01498046875,64.0,23.0,97.9125,0
49.50897748200805,170299.12887221,1488,3.9659635416666665,62.0,23.0,97.9125,0
49.54096742498223,170299.160862153,1489,3.9856477864583333,68.0,23.0,97.9125,0
49.572901901003206,170299.192796629,1490,3.979436848958333,65.0,23.0,97.9125,0
49.608860912994714,170299.228755641,1491,3.97642578125,66.0,23.0,97.9125,0
49.641044677991886,170299.260939406,1492,3.9519108072916667,65.0,23.0,97.9125,0
49.672874941985356,170299.29276967,1493,3.964189453125,66.0,23.0,97.9125,0
49.70884014599142,170299.328734874,1494,3.9137272135416667,67.0,23.0,97.9125,0
49.74086559799616,170299.360760326,1495,3.8848763020833332,66.0,23.0,97.9125,0
49.772908352984814,170299.392803081,1496,3.9177376302083333,67.0,23.0,97.9125,0
49.80884454899933,170299.428739277,1497,3.9043489583333333,68.0,23.0,97.9125,0
49.84087923399056,170299.460773962,1498,3.8682649739583335,65.0,23.0,97.9125,0
49.872859569004504,170299.492754297,1499,3.885348307291667,72.0,23.0,97.9125,0
49.90891666198149,170299.52881139,1500,3.8784765625,65.0,23.0,97.9125,0
49.940896829997655,170299.560791558,1501,3.842789713541667,64.0,23.0,97.9125,0
49.97287619498093,170299.592770923,1502,3.864716796875,67.0,23.0,97.9125,0
50.0048436250072,170299.624738353,1503,3.8522916666666664,68.0,23.0,97.9125,0
50.04083531399374,170299.660730042,1504,3.872125651041667,65.0,23.0,97.9125,0
50.07285753599717,170299.692752264,1505,3.872685546875,68.0,23.0,97.9125,0
50.10486226499779,170299.724756993,1506,3.8199837239583334,65.0,23.0,97.9125,0
50.14086228000815,170299.760757008,1507,3.8503092447916667,65.0,23.0,97.9125,0
50.17286829400109,170299.792763022,1508,3.8539811197916665,64.0,23.0,97.9125,0
50.204913435998606,170299.824808164,1509,3.853740234375,65.0,23.0,97.9125,0
50.24087939600577,170299.860774124,1510,3.868294270833333,68.0,23.0,97.9125,0
50.2728534709895,170299.892748199,1511,3.8698470052083334,71.0,23.0,97.9125,0
50.3048558869923,170299.924750615,1512,3.8352864583333335,67.0,22.0,97.9125,0
50.34085859899642,170299.960753327,1513,3.8199479166666666,66.0,22.0,97.9125,0
50.37289655499626,170299.992791283,1514,3.8352115885416667,65.0,23.0,97.9125,0
50.40494750198559,170300.02484223,1515,3.842903645833333,69.0,23.0,97.9125,0
50.44093796299421,170300.060832691,1516,3.843525390625,64.0,23.0,97.9125,0
50.47289130400168,170300.092786032,1517,3.8641861979166667,66.0,23.0,97.9125,0
50.50491565099219,170300.124810379,1518,3.8605533854166665,66.0,23.0,97.9125,0
50.54086644999916,170300.160761178,1519,3.8371484375,67.0,23.0,97.9125,0
50.57290104200365,170300.19279577,1520,3.841627604166667,69.0,23.0,97.9125,0
50.6048651659803,170300.224759894,1521,3.8426822916666667,65.0,23.0,97.9125,0
50.636947697988944,170300.256842426,1522,3.833834635416667,69.0,23.0,97.9125,0
50.6728972060082,170300.292791934,1523,3.8426204427083333,71.0,23.0,97.9125,0
50.70487034498365,170300.324765073,1524,3.8415234375,64.0,23.0,97.9125,0
50.736871967994375,170300.356766696,1525,3.8187662760416665,77.0,23.0,97.9125,0
50.77296506499988,170300.392859793,1526,3.8542610677083333,67.0,23.0,97.9125,0
50.804872523993254,170300.424767252,1527,3.843134765625,65.0,23.0,97.9125,0
50.83689431200037,170300.45678904,1528,3.8697884114583334,72.0,23.0,97.9125,0
50.87288487498881,170300.492779603,1529,3.8511588541666666,71.0,23.0,97.9125,0
50.904871799983084,170300.524766528,1530,3.8675358072916666,66.0,24.0,97.9125,0
50.93691991298692,170300.556814641,1531,3.821787109375,68.0,23.0,97.9125,0
50.97291307998239,170300.592807808,1532,3.8623307291666666,74.0,24.0,97.9125,0
51.0049203519884,170300.62481508,1533,3.8565625,71.0,24.0,97.9125,0
51.03698770000483,170300.656882428,1534,3.8612825520833334,69.0,23.0,97.9125,0
51.072980555996764,170300.692875284,1535,3.87234375,73.0,24.0,97.9125,0
51.10485515597975,170300.724749884,1536,3.88802734375,66.0,24.0,97.9125,0
51.13694647900411,170300.756841207,1537,3.89654296875,72.0,24.0,97.9125,0
51.16891109899734,170300.788805827,1538,3.8884700520833335,67.0,24.0,97.9125,0
51.20489171598456,170300.824786444,1539,3.897041015625,67.0,24.0,97.9125,0
51.23685926399776,170300.856753992,1540,3.922666015625,67.0,24.0,97.9125,0
51.268889750994276,170300.888784479,1541,3.879713541666667,68.0,24.0,97.9125,0
51.304908024991164,170300.924802753,1542,3.910556640625,69.0,24.0,97.9125,0
51.336884060991,170300.956778789,1543,3.8966438802083334,65.0,24.0,97.9125,0
51.368944699002896,170300.988839427,1544,3.931162109375,69.0,24.0,97.9125,0
51.40489392098971,170301.024788649,1545,3.9571158854166666,69.0,24.0,97.9125,0
51.436931515985634,170301.056826244,1546,3.900335286458333,69.0,24.0,97.9125,0
51.46901750800316,170301.088912236,1547,3.9175032552083335,67.0,24.0,97.9125,0
51.50493930198718,170301.12483403,1548,4.000257161458333,71.0,24.0,97.9125,0
51.53697950197966,170301.15687423,1549,3.9930305989583332,72.0,24.0,97.9125,0
51.568903167004464,170301.188797895,1550,4.018323567708333,71.0,24.0,97.9125,0
51.60495237298892,170301.224847101,1551,3.95064453125,66.0,24.0,97.9125,0
51.636994931992376,170301.25688966,1552,3.9665299479166665,65.0,24.0,97.9125,0
51.66893075799453,170301.288825486,1553,4.0025032552083335,69.0,24.0,97.9125,0
51.70089112999267,170301.320785858,1554,3.9909440104166665,72.0,24.0,97.9125,0
51.73686661198735,170301.35676134,1555,3.95455078125,65.0,24.0,97.9125,0
51.76886171498336,170301.388756443,1556,3.981500651041667,66.0,24.0,97.9125,0
51.800886057986645,170301.420780786,1557,3.9644791666666666,64.0,24.0,97.9125,0
51.83688140200684,170301.45677613,1558,3.9772102864583334,73.0,24.0,97.9125,0
51.86892733798595,170301.488822066,1559,3.986608072916667,67.0,24.0,97.9125,0
51.90089564397931,170301.520790372,1560,3.965367838541667,67.0,24.0,97.9125,0
51.9369074649876,170301.556802193,1561,3.9843880208333333,66.0,24.0,97.9125,0
51.96891782199964,170301.58881255,1562,3.9734537760416666,66.0,24.0,97.9125,0
52.000887290982064,170301.620782019,1563,3.960091145833333,68.0,24.0,97.9125,0
52.03688323698589,170301.656777965,1564,3.982763671875,66.0,24.0,97.9125,0
52.06884258199716,170301.68873731,1565,3.9968489583333335,63.0,24.0,97.9125,0
52.100878509983886,170301.720773238,1566,3.9653743489583335,64.0,24.0,97.9125,0
52.136958301998675,170301.75685303,1567,3.9622916666666668,65.0,24.0,97.9125,0
52.168876201991225,170301.78877093,1568,3.9747005208333333,65.0,24.0,97.9125,0
52.20087203499861,170301.820766763,1569,3.9931640625,72.0,23.0,97.9125,0
52.23291662399424,170301.852811352,1570,3.9897005208333334,69.0,24.0,97.9125,0
52.26886695798021,170301.888761686,1571,3.954130859375,62.0,23.0,97.9125,0
52.30086431498057,170301.920759043,1572,3.9783203125,66.0,23.0,97.9125,0
52.332901582005434,170301.95279631,1573,3.96083984375,68.0,23.0,97.9125,0
52.36894001200562,170301.98883474,1574,3.9491015625,64.0,23.0,97.9125,0
52.400914258993,170302.020808987,1575,3.9435319010416667,65.0,23.0,97.9125,0
52.43292270298116,170302.052817431,1576,3.9786002604166666,66.0,23.0,97.9125,0
52.46892679500161,170302.088821523,1577,3.934759114583333,71.0,23.0,97.9125,0
52.50093953899341,170302.120834267,1578,3.9264290364583334,64.0,23.0,97.9125,0
52.53297435599961,170302.152869084,1579,3.960185546875,65.0,23.0,97.9125,0
52.568969558982644,170302.188864287,1580,3.94060546875,63.0,23.0,97.9125,0
52.60087784199277,170302.22077257,1581,3.924241536458333,68.0,23.0,97.9125,0
52.63305371798924,170302.252948446,1582,3.9359375,66.0,23.0,97.9125,0
52.66891574600595,170302.288810474,1583,3.9237662760416665,65.0,23.0,97.9125,0
52.70092719598324,170302.320821924,1584,3.9767024739583334,72.0,23.0,97.9125,0
52.7328301279922,170302.352724856,1585,3.94408203125,68.0,23.0,97.9125,0
52.76895133499056,170302.388846063,1586,3.9395638020833332,65.0,23.0,97.9125,0
52.80088876199443,170302.42078349,1587,3.9516080729166667,64.0,23.0,97.9125,0
52.83290306298295,170302.452797791,1588,3.951328125,69.0,23.0,97.9125,0
52.864909834985156,170302.484804563,1589,3.9087532552083335,71.0,23.0,97.9125,0
52.90090025999234,170302.520794988,1590,3.9685286458333335,64.0,23.0,97.9125,0
52.93282813200494,170302.55272286,1591,3.943505859375,65.0,23.0,97.9125,0
52.96489103598287,170302.584785764,1592,3.969108072916667,64.0,23.0,97.9125,0
53.00089847500203,170302.620793203,1593,3.935986328125,69.0,23.0,97.9125,0
53.03288023400819,170302.652774962,1594,3.9063151041666666,68.0,22.0,97.9125,0
53.0648918270017,170302.684786555,1595,3.94009765625,67.0,23.0,97.9125,0
53.10088697099127,170302.720781699,1596,3.9373274739583333,69.0,23.0,97.9125,0
53.13298851498985,170302.752883243,1597,3.937431640625,71.0,23.0,97.9125,0
53.16483747999882,170302.784732208,1598,3.92873046875,71.0,23.0,97.9125,0
53.200841829006094,170302.820736557,1599,3.9126171875,66.0,23.0,97.9125,0
53.23283192500821,170302.852726653,1600,3.917431640625,69.0,23.0,97.9125,0
53.264877160981996,170302.884771889,1601,3.9155240885416664,69.0,23.0,97.9125,0
53.300916556996526,170302.920811285,1602,3.948671875,74.0,23.0,97.9125,0
53.33293982199393,170302.95283455,1603,3.899713541666667,69.0,23.0,97.9125,0
53.36492286599241,170302.984817594,1604,3.906813151041667,69.0,23.0,97.9125,0
53.39700353099033,170303.016898259,1605,3.9230338541666665,72.0,23.0,97.9125,0
53.43291332598892,170303.052808054,1606,3.940302734375,76.0,23.0,97.9125,0
53.46496052399743,170303.084855252,1607,3.9084147135416667,65.0,23.0,97.9125,0
53.49702494300436,170303.116919671,1608,3.93525390625,67.0,23.0,97.9125,0
53.53300929500256,170303.152904023,1609,3.9063736979166666,68.0,23.0,97.9125,0
53.56488844798878,170303.184783176,1610,3.9175455729166666,65.0,23.0,97.9125,0
53.5969336249982,170303.216828353,1611,3.932548828125,68.0,23.0,97.9125,0
53.63294431898976,170303.252839047,1612,3.913050130208333,71.0,23.0,97.9125,0
53.66493308899226,170303.284827817,1613,3.94666015625,67.0,23.0,97.9125,0
53.69689815599122,170303.316792884,1614,3.9560970052083335,69.0,23.0,97.9125,0
53.73292762399069,170303.352822352,1615,3.9278255208333333,72.0,24.0,97.9125,0
53.764870961982524,170303.38476569,1616,3.93259765625,71.0,24.0,97.9125,0
53.796881882997695,170303.416776611,1617,3.9676725260416665,65.0,24.0,97.9125,0
53.83290527499048,170303.452800003,1618,3.9436555989583333,73.0,24.0,97.9125,0
53.86493886698736,170303.484833595,1619,3.9788020833333335,71.0,24.0,97.9125,0
53.89689905499108,170303.516793783,1620,3.9748990885416666,77.0,24.0,97.9125,0
53.93286262298352,170303.552757351,1621,3.9646516927083333,71.0,24.0,97.9125,0
53.96491338999476,170303.584808118,1622,3.967890625,68.0,24.0,97.9125,0
53.9969287859858,170303.616823514,1623,3.9684342447916667,67.0,24.0,97.9125,0
54.02893293398665,170303.648827662,1624,3.9794596354166667,68.0,24.0,97.9125,0
54.06489928200608,170303.68479401,1625,3.99271484375,69.0,24.0,97.9125,0
54.09692181198625,170303.71681654,1626,3.973388671875,67.0,24.0,97.9125,0
54.1289067720063,170303.7488015,1627,4.00111328125,65.0,24.0,97.9125,0
54.16487858298933,170303.784773311,1628,3.984977213541667,66.0,24.0,97.9125,0
54.196875859983265,170303.816770588,1629,3.9661328125,67.0,24.0,97.9125,0
54.228924263996305,170303.848818992,1630,3.9690983072916666,65.0,24.0,97.9125,0
54.264911265985575,170303.884805994,1631,3.9840071614583334,71.0,24.0,97.9125,0
54.29690495698014,170303.916799685,1632,3.932600911458333,71.0,24.0,97.9125,0
54.32892929998343,170303.948824028,1633,3.9737109375,67.0,24.0,97.9125,0
54.364918852981646,170303.984813581,1634,3.9241178385416666,67.0,24.0,97.9125,0
54.39697078400059,170304.016865512,1635,3.9532682291666665,66.0,24.0,97.9125,0
54.42896915698657,170304.048863885,1636,3.9732063802083335,67.0,24.0,97.9125,0
54.46496074600145,170304.084855474,1637,3.96228515625,68.0,24.0,97.9125,0
54.49695696300478,170304.116851691,1638,3.9617154947916666,72.0,24.0,97.9125,0
54.5290192499815,170304.148913978,1639,3.9348209635416667,67.0,24.0,97.9125,0
54.560949892998906,170304.180844621,1640,3.947861328125,65.0,24.0,97.9125,0
54.59695587999886,170304.216850608,1641,3.975634765625,65.0,24.0,97.9125,0
54.628914291999536,170304.24880902,1642,3.990078125,71.0,24.0,97.9125,0
54.660931759979576,170304.280826488,1643,3.957727864583333,67.0,24.0,97.9125,0
54.6968269200006,170304.316721648,1644,3.973219401041667,67.0,24.0,97.9125,0
54.72890091899899,170304.348795647,1645,4.004010416666667,69.0,24.0,97.9125,0
54.76096515200334,170304.38085988,1646,3.980498046875,67.0,24.0,97.9125,0
54.7969086249941,170304.416803353,1647,3.95541015625,64.0,24.0,97.9125,0
54.82888805199764,170304.44878278,1648,3.995771484375,63.0,24.0,97.9125,0
54.86093397098011,170304.480828699,1649,3.9600390625,71.0,24.0,97.9125,0
54.8968894709833,170304.516784199,1650,3.968938802083333,67.0,24.0,97.9125,0
54.928927275992464,170304.548822004,1651,3.9812662760416666,63.0,24.0,97.9125,0
54.96093062998261,170304.580825358,1652,3.959462890625,69.0,24.0,97.9125,0
54.996927144005895,170304.616821872,1653,3.9979069010416666,64.0,24.0,97.9125,0
55.0289300190052,170304.648824747,1654,3.9814420572916664,64.0,24.0,97.9125,0
55.060954243002925,170304.680848971,1655,3.987060546875,68.0,23.0,97.9125,0
55.093005951988744,170304.71290068,1656,3.9662565104166667,69.0,23.0,97.9125,0
55.1289573420072,170304.74885207,1657,3.9594791666666667,66.0,23.0,97.9125,0
55.161141688004136,170304.781036416,1658,3.944879557291667,67.0,23.0,97.9125,0
55.192938193999,170304.812832922,1659,3.9571484375,65.0,23.0,97.9125,0
55.22894558898406,170304.848840317,1660,3.937939453125,65.0,23.0,97.9125,0
55.26089585799491,170304.880790586,1661,3.9289485677083333,65.0,23.0,97.9125,0
55.29293374498957,170304.912828473,1662,3.94466796875,63.0,23.0,97.9125,0
55.32892768498277,170304.948822413,1663,3.9247233072916665,68.0,23.0,97.9125,0
55.36091755700181,170304.980812285,1664,3.913115234375,69.0,23.0,97.9125,0
55.39294649899239,170305.012841227,1665,3.979231770833333,67.0,23.0,97.9125,0
55.42901705400436,170305.048911782,1666,3.9978515625,62.0,23.0,97.9125,0
55.46096286500688,170305.080857593,1667,3.9564322916666668,65.0,23.0,97.9125,0
55.492939382005716,170305.11283411,1668,3.961533203125,65.0,23.0,97.9125,0
55.52900556300301,170305.148900291,1669,3.966689453125,67.0,23.0,97.9125,0
55.560899710981175,170305.180794439,1670,3.9429622395833333,64.0,23.0,97.9125,0
55.59290161600802,170305.212796344,1671,4.011145833333333,65.0,23.0,97.9125,0
55.62896802998148,170305.248862758,1672,3.994375,68.0,23.0,97.9125,0
55.66095630900236,170305.280851037,1673,3.981103515625,63.0,23.0,97.9125,0
55.69291188099305,170305.312806609,1674,3.942421875,74.0,23.0,97.9125,0
55.7249313039938,170305.344826032,1675,3.9465234375,68.0,23.0,97.9125,0
55.760937732993625,170305.380832461,1676,3.9578841145833334,64.0,23.0,97.9125,0
55.7928977359843,170305.412792464,1677,3.9276171875,71.0,23.0,97.9125,0
55.82490035999217,170305.444795088,1678,3.9267545572916664,69.0,22.0,97.9125,0
55.860888503986644,170305.480783232,1679,3.940748697916667,68.0,23.0,97.9125,0
55.89287380699534,170305.512768535,1680,3.922705078125,73.0,23.0,97.9125,0
55.9249085909978,170305.544803319,1681,3.9216243489583333,66.0,22.0,97.9125,0
55.9608830549987,170305.580777783,1682,3.9299772135416666,64.0,23.0,97.9125,0
55.99287295198883,170305.61276768,1683,3.91552734375,66.0,23.0,97.9125,0
56.02492754597915,170305.644822274,1684,3.917425130208333,68.0,23.0,97.9125,0
56.060945932986215,170305.680840661,1685,3.929033203125,66.0,23.0,97.9125,0
56.092941173992585,170305.712835902,1686,3.9310514322916665,71.0,23.0,97.9125,0
56.12490397898364,170305.744798707,1687,3.9520247395833334,66.0,23.0,97.9125,0
56.16091605799738,170305.780810786,1688,3.902135416666667,68.0,23.0,97.9125,0
56.19292320299428,170305.812817931,1689,3.918603515625,69.0,23.0,97.9125,0
56.22495799799799,170305.844852726,1690,3.9175390625,73.0,23.0,97.9125,0
56.256971333001275,170305.876866061,1691,3.9391634114583334,74.0,23.0,97.9125,0
56.29294759599725,170305.912842324,1692,3.9190885416666665,65.0,23.0,97.9125,0
56.32488787200418,170305.9447826,1693,3.93072265625,66.0,23.0,97.9125,0
56.35691354799201,170305.976808276,1694,3.9174283854166667,67.0,23.0,97.9125,0
56.392997832997935,170306.012892561,1695,3.93623046875,66.0,23.0,97.9125,0
56.425010763981845,170306.044905492,1696,3.9414583333333333,65.0,23.0,97.9125,0
56.45702401298331,170306.076918741,1697,3.9259244791666665,69.0,23.0,97.9125,0
56.492943057004595,170306.112837785,1698,3.908372395833333,68.0,23.0,97.9125,0
56.52493909900659,170306.144833827,1699,3.950647786458333,64.0,24.0,97.9125,0
56.556894245004514,170306.176788973,1700,3.9383203125,69.0,24.0,97.9125,0
56.59298336098436,170306.212878089,1701,3.934677734375,73.0,23.0,97.9125,0
56.62490226098453,170306.244796989,1702,3.9557389322916667,66.0,24.0,97.9125,0
56.6569822729798,170306.276877001,1703,3.941328125,75.0,24.0,97.9125,0
56.69294110700139,170306.312835835,1704,3.9500944010416665,66.0,24.0,97.9125,0
56.72491126600653,170306.344805994,1705,3.9557779947916667,75.0,24.0,97.9125,0
56.75702223900589,170306.376916967,1706,3.988541666666667,72.0,24.0,97.9125,0
56.78894384999876,170306.408838578,1707,3.9885384114583333,72.0,24.0,97.9125,0
56.82495004800148,170306.444844776,1708,3.956861979166667,68.0,24.0,97.9125,0
56.856967211002484,170306.476861939,1709,3.9816861979166664,67.0,24.0,97.9125,0
56.88891321999836,170306.508807948,1710,3.913701171875,73.0,24.0,97.9125,0
56.92495596400113,170306.544850692,1711,3.9729264322916666,67.0,24.0,97.9125,0
56.95696952898288,170306.576864257,1712,3.9366829427083334,72.0,24.0,97.9125,0
56.988938865979435,170306.608833594,1713,3.92025390625,74.0,24.0,97.9125,0
57.02491884998744,170306.644813578,1714,3.945849609375,71.0,24.0,97.9125,0
57.056948910991196,170306.676843639,1715,3.9238704427083335,67.0,24.0,97.9125,0
57.08894016299746,170306.708834891,1716,3.930185546875,66.0,24.0,97.9125,0
57.1249168140057,170306.744811542,1717,3.9433203125,67.0,24.0,97.9125,0
57.156922806985676,170306.776817535,1718,3.932197265625,69.0,24.0,97.9125,0
57.1888995860063,170306.808794314,1719,3.9519270833333335,71.0,24.0,97.9125,0
57.224931784992805,170306.844826513,1720,3.9631640625,78.0,24.0,97.9125,0
57.25690267398022,170306.876797402,1721,3.9499186197916667,66.0,24.0,97.9125,0
57.28889048998826,170306.908785218,1722,3.946663411458333,65.0,24.0,97.9125,0
57.32101286799298,170306.940907596,1723,3.9497721354166666,67.0,24.0,97.9125,0
57.35696648299927,170306.976861211,1724,3.954759114583333,68.0,24.0,97.9125,0
57.38903514199774,170307.00892987,1725,3.9547330729166665,66.0,24.0,97.9125,0
57.42111627399572,170307.041011002,1726,3.9394921875,67.0,24.0,97.9125,0
57.456957327987766,170307.076852056,1727,3.9617415364583333,66.0,24.0,97.9125,0
57.48893908600439,170307.108833814,1728,3.993238932291667,71.0,24.0,97.9125,0
57.52098879200639,170307.14088352,1729,3.968733723958333,66.0,24.0,97.9125,0
57.556982762995176,170307.176877491,1730,3.9413216145833334,71.0,24.0,97.9125,0
57.58896061300766,170307.208855341,1731,3.964036458333333,71.0,24.0,97.9125,0
57.6209903669951,170307.240885095,1732,3.966826171875,65.0,24.0,97.9125,0
57.657077210984426,170307.276971939,1733,3.9926888020833333,73.0,24.0,97.9125,0
57.68891543298378,170307.308810161,1734,3.978551432291667,66.0,24.0,97.9125,0
57.7209690210002,170307.340863749,1735,3.9629752604166666,67.0,24.0,97.9125,0
57.75694478399237,170307.376839512,1736,3.997858072916667,68.0,24.0,97.9125,0
57.78890360699734,170307.408798335,1737,4.012281901041667,69.0,24.0,97.9125,0
57.82092002799618,170307.440814756,1738,3.9895247395833335,64.0,24.0,97.9125,0
57.856974283989985,170307.476869012,1739,3.9847526041666668,68.0,24.0,97.9125,0
57.888913745991886,170307.508808474,1740,3.9627669270833334,65.0,23.0,97.9125,0
57.92094881599769,170307.540843544,1741,3.954684244791667,71.0,23.0,97.9125,0
57.95290183299221,170307.572796561,1742,3.983486328125,65.0,23.0,97.9125,0
57.988904875004664,170307.608799603,1743,3.955436197916667,74.0,23.0,97.9125,0
58.02094179598498,170307.640836524,1744,3.932060546875,64.0,23.0,97.9125,0
58.052992280980106,170307.672887009,1745,3.9508951822916667,72.0,23.0,97.9125,0
58.088984189002076,170307.708878917,1746,3.9082845052083335,63.0,23.0,97.9125,0
58.12093210199964,170307.74082683,1747,3.8704720052083332,67.0,23.0,97.9125,0
58.15291735198116,170307.77281208,1748,3.8840364583333336,64.0,23.0,97.9125,0
58.188969594979426,170307.808864323,1749,3.8706901041666666,67.0,23.0,97.9125,0
58.220938201004174,170307.840832929,1750,3.84693359375,64.0,23.0,97.9125,0
58.252901642990764,170307.872796371,1751,3.882532552083333,64.0,23.0,97.9125,0
58.28889269698993,170307.908787425,1752,3.8646875,64.0,23.0,97.9125,0
58.32096512199496,170307.94085985,1753,3.8620638020833336,63.0,23.0,97.9125,0
58.35296447799192,170307.972859206,1754,3.8645930989583333,64.0,23.0,97.9125,0
58.38902721100021,170308.008921939,1755,3.853401692708333,64.0,23.0,97.9125,0
58.42101375898346,170308.040908487,1756,3.837666015625,64.0,23.0,97.9125,0
58.45298489998095,170308.072879628,1757,3.855146484375,64.0,23.0,97.9125,0
58.48498787198332,170308.1048826,1758,3.8448046875,63.0,23.0,97.9125,0
58.520976083993446,170308.140870812,1759,3.832145182291667,67.0,23.0,97.9125,0
58.55297986799269,170308.172874596,1760,3.8398209635416665,66.0,23.0,97.9125,0
58.58492620798643,170308.204820936,1761,3.861588541666667,67.0,23.0,97.9125,0
58.62090836500283,170308.240803093,1762,3.8677734375,66.0,23.0,97.9125,0
58.65295907398104,170308.272853802,1763,3.8462955729166666,64.0,23.0,97.9125,0
58.68498030398041,170308.304875032,1764,3.809619140625,68.0,22.0,97.9125,0
58.720934626995586,170308.340829355,1765,3.81462890625,68.0,23.0,97.9125,0
58.75289776799036,170308.372792496,1766,3.8320930989583335,64.0,23.0,97.9125,0
58.78494757899898,170308.404842307,1767,3.8110286458333333,67.0,23.0,97.9125,0
58.82091002698871,170308.440804755,1768,3.8356998697916667,65.0,22.0,97.9125,0
58.85297734098276,170308.472872069,1769,3.8079264322916666,68.0,23.0,97.9125,0
58.88495151998359,170308.504846248,1770,3.7895638020833333,65.0,23.0,97.9125,0
58.920962311996846,170308.54085704,1771,3.8421875,67.0,23.0,97.9125,0
58.952903241006425,170308.572797969,1772,3.8330598958333333,67.0,23.0,97.9125,0
58.984876647999045,170308.604771376,1773,3.789560546875,72.0,23.0,97.9125,0
59.02090966599644,170308.640804394,1774,3.803785807291667,72.0,23.0,97.9125,0
59.05292694500531,170308.672821673,1775,3.84458984375,67.0,23.0,97.9125,0
59.084915483981604,170308.704810212,1776,3.8071256510416664,65.0,23.0,97.9125,0
59.11690955198719,170308.73680428,1777,3.796396484375,71.0,23.0,97.9125,0
59.15291084299679,170308.772805571,1778,3.7960546875,68.0,23.0,97.9125,0
59.184900559979724,170308.804795288,1779,3.8535286458333333,67.0,23.0,97.9125,0
59.216896440979326,170308.836791169,1780,3.8372428385416666,69.0,23.0,97.9125,0
59.25286343100015,170308.872758159,1781,3.837099609375,73.0,23.0,97.9125,0
59.28488591700443,170308.904780645,1782,3.821484375,72.0,23.0,97.9125,0
59.3168932539993,170308.936787982,1783,3.7950813802083334,74.0,23.0,97.9125,0
59.35285997000756,170308.972754698,1784,3.8515494791666667,71.0,23.0,97.9125,0
59.38488282400067,170309.004777552,1785,3.8371614583333336,73.0,23.0,97.9125,0
59.41700688100536,170309.036901609,1786,3.848251953125,66.0,23.0,97.9125,0
59.45289137898362,170309.072786107,1787,3.868313802083333,68.0,24.0,97.9125,0
59.484886038990226,170309.104780767,1788,3.8474381510416666,73.0,24.0,97.9125,0
59.516922023991356,170309.136816752,1789,3.8435774739583333,69.0,24.0,97.9125,0
59.552944333991036,170309.172839062,1790,3.83763671875,81.0,24.0,97.9125,0
59.585009231988806,170309.20490396,1791,3.8557421875,75.0,24.0,97.9125,0
59.61690822499804,170309.236802953,1792,3.873743489583333,72.0,24.0,97.9125,0
59.64887693198398,170309.26877166,1793,3.851656901041667,67.0,24.0,97.9125,0
59.684863322007004,170309.30475805,1794,3.8582877604166668,69.0,24.0,97.9125,0
59.71687793699675,170309.336772665,1795,3.852353515625,75.0,24.0,97.9125,0
59.748902166000335,170309.368796894,1796,3.8506087239583335,71.0,24.0,97.9125,0
59.784867990994826,170309.404762719,1797,3.8952180989583334,71.0,24.0,97.9125,0
59.81690849000006,170309.436803218,1798,3.9028743489583335,67.0,24.0,97.9125,0
59.848880170990014,170309.468774899,1799,3.9078483072916668,68.0,24.0,97.9125,0
59.88491403197986,170309.50480876,1800,3.94806640625,69.0,24.0,97.9125,0
59.9168968689919,170309.536791597,1801,3.949072265625,73.0,24.0,97.9125,0
59.94889107099152,170309.568785799,1802,3.9757389322916667,69.0,24.0,97.9125,0
59.98489542599418,170309.604790154,1803,3.9331868489583335,67.0,24.0,97.9125,0
60.016903590003494,170309.636798318,1804,3.88060546875,69.0,24.0,97.9125,0
60.04890658898512,170309.668801317,1805,3.9209375,73.0,24.0,97.9125,0
60.0850665269827,170309.704961255,1806,3.9207779947916666,72.0,24.0,97.9125,0
60.116878304979764,170309.736773033,1807,3.9519303385416666,67.0,24.0,97.9125,0
60.1488710489939,170309.768765777,1808,3.9176236979166665,65.0,24.0,97.9125,0
60.180874438985484,170309.800769167,1809,3.97134765625,65.0,24.0,97.9125,0
60.21691401299904,170309.836808741,1810,3.919384765625,69.0,24.0,97.9125,0
60.2488719880057,170309.868766716,1811,3.948623046875,65.0,24.0,97.9125,0
60.28091127998778,170309.900806008,1812,3.9677994791666666,64.0,24.0,97.9125,0
60.31687694499851,170309.936771673,1813,3.9403190104166668,65.0,24.0,97.9125,0
60.348902836005436,170309.968797564,1814,3.981796875,66.0,24.0,97.9125,0
60.38112847000593,170310.001023198,1815,3.98595703125,71.0,24.0,97.9125,0
60.41690601798473,170310.036800746,1816,3.9749381510416666,66.0,24.0,97.9125,0
60.448891487001674,170310.068786215,1817,3.9978841145833335,74.0,24.0,97.9125,0
60.48087594998651,170310.100770678,1818,3.966015625,63.0,24.0,97.9125,0
60.516940418980084,170310.136835147,1819,3.9856412760416666,65.0,24.0,97.9125,0
60.54889320998336,170310.168787938,1820,3.98984375,74.0,24.0,97.9125,0
60.58094870799687,170310.200843436,1821,3.953255208333333,65.0,24.0,97.9125,0
60.6169362750079,170310.236831003,1822,3.9857552083333334,63.0,24.0,97.9125,0
60.64891966700088,170310.268814395,1823,3.9771744791666666,68.0,23.0,97.9125,0
60.68083944398677,170310.300734172,1824,3.9582845052083333,73.0,24.0,97.9125,0
60.7129421409918,170310.332836869,1825,3.96869140625,68.0,23.0,97.9125,0
60.74891675400431,170310.368811482,1826,3.991044921875,67.0,23.0,97.9125,0
60.78089763398748,170310.400792362,1827,3.9545930989583336,65.0,24.0,97.9125,0
60.812890770001104,170310.432785498,1828,3.9533561197916667,64.0,23.0,97.9125,0
60.84888388798572,170310.468778616,1829,3.9316145833333334,65.0,23.0,97.9125,0
60.880840338999406,170310.500735067,1830,3.958854166666667,64.0,23.0,97.9125,0
60.91291091099265,170310.532805639,1831,3.94943359375,64.0,23.0,97.9125,0
60.948865035985364,170310.568759764,1832,3.9588411458333335,75.0,23.0,97.9125,0
60.980904602998635,170310.600799331,1833,3.938876953125,65.0,23.0,97.9125,0
61.012920390989166,170310.632815119,1834,3.9416731770833335,72.0,23.0,97.9125,0
61.048944490001304,170310.668839218,1835,3.92732421875,66.0,23.0,97.9125,0
61.080904659000225,170310.700799387,1836,3.8781803385416667,65.0,23.0,97.9125,0
61.112915171979694,170310.7328099,1837,3.881787109375,66.0,23.0,97.9125,0
61.148957879981026,170310.768852608,1838,3.8621712239583332,71.0,23.0,97.9125,0
61.180905093991896,170310.800799822,1839,3.8635774739583333,67.0,23.0,97.9125,0
61.212845695990836,170310.832740424,1840,3.8387662760416665,67.0,23.0,97.9125,0
61.24896655298653,170310.868861281,1841,3.859449869791667,63.0,23.0,97.9125,0
61.280843655986246,170310.900738384,1842,3.8571321614583334,63.0,23.0,97.9125,0
61.31289309699787,170310.932787825,1843,3.8444791666666664,68.0,23.0,97.9125,0
61.34491730100126,170310.964812029,1844,3.84123046875,68.0,23.0,97.9125,0
61.3809109099966,170311.000805638,1845,3.8316764322916668,66.0,23.0,97.9125,0
61.41292506697937,170311.032819795,1846,3.83146484375,65.0,23.0,97.9125,0
61.44488599899341,170311.064780727,1847,3.80818359375,66.0,23.0,97.9125,0
61.48087291198317,170311.10076764,1848,3.8274772135416666,64.0,23.0,97.9125,0
61.51293170300778,170311.132826431,1849,3.8187825520833334,65.0,23.0,97.9125,0
61.54490544798318,170311.164800176,1850,3.809365234375,66.0,22.0,97.9125,0
61.580921057990054,170311.200815786,1851,3.8554720052083336,71.0,23.0,97.9125,0
61.61288496400812,170311.232779692,1852,3.848372395833333,72.0,23.0,97.9125,0
61.64484826999251,170311.264742998,1853,3.83478515625,65.0,23.0,97.9125,0
61.68088461799198,170311.300779346,1854,3.86232421875,65.0,22.0,97.9125,0
61.71286412898917,170311.332758857,1855,3.8647884114583335,67.0,23.0,97.9125,0
61.7449182359851,170311.364812964,1856,3.8405436197916667,64.0,23.0,97.9125,0
61.78092592599569,170311.400820654,1857,3.7966438802083333,68.0,22.0,97.9125,0
61.81289100198774,170311.43278573,1858,3.829169921875,63.0,23.0,97.9125,0
61.84493864298565,170311.464833371,1859,3.81814453125,69.0,23.0,97.9125,0
61.87688490000437,170311.496779628,1860,3.841337890625,65.0,23.0,97.9125,0
61.91287982699578,170311.532774555,1861,3.8334114583333334,67.0,23.0,97.9125,0
61.94489842900657,170311.564793157,1862,3.8494140625,65.0,23.0,97.9125,0
61.97689314399031,170311.596787872,1863,3.845908203125,71.0,23.0,97.9125,0
62.0129330259806,170311.632827754,1864,3.833408203125,67.0,23.0,97.9125,0
62.044921978987986,170311.664816707,1865,3.8184993489583334,66.0,23.0,97.9125,0
62.07690471000387,170311.696799438,1866,3.8437630208333333,65.0,23.0,97.9125,0
62.11291726399213,170311.732811992,1867,3.805283203125,75.0,23.0,97.9125,0
62.144917049998185,170311.764811778,1868,3.8475162760416666,66.0,23.0,97.9125,0
62.17690907898941,170311.796803807,1869,3.863805338541667,68.0,23.0,97.9125,0
62.212855480989674,170311.832750209,1870,3.834192708333333,68.0,23.0,97.9125,0
62.24494353099726,170311.864838259,1871,3.86125,68.0,23.0,97.9125,0
62.27688923798269,170311.896783966,1872,3.8365266927083335,69.0,23.0,97.9125,0
62.31302066199714,170311.93291539,1873,3.833857421875,71.0,23.0,97.9125,0
62.344885212980444,170311.964779941,1874,3.870963541666667,66.0,23.0,97.9125,0
62.37692015198991,170311.99681488,1875,3.850087890625,72.0,23.0,97.9125,0
62.40898229498998,170312.028877023,1876,3.8487923177083334,72.0,23.0,97.9125,0
62.444880484981695,170312.064775213,1877,3.849951171875,67.0,24.0,97.9125,0
62.47691471897997,170312.096809447,1878,3.864931640625,67.0,24.0,97.9125,0
62.50889427200309,170312.128789,1879,3.8543489583333335,67.0,24.0,97.9125,0
62.54492326398031,170312.164817992,1880,3.8579231770833333,71.0,24.0,97.9125,0
62.57691673198133,170312.19681146,1881,3.854283854166667,69.0,24.0,97.9125,0
62.60892604899709,170312.228820777,1882,3.8505403645833334,66.0,24.0,97.9125,0
62.64485038499697,170312.264745113,1883,3.8768619791666667,67.0,24.0,97.9125,0
62.67688090898446,170312.296775637,1884,3.8699967447916666,67.0,24.0,97.9125,0
62.708901061007055,170312.328795789,1885,3.8495703125,69.0,24.0,97.9125,0
62.74493969499599,170312.364834423,1886,3.895768229166667,67.0,24.0,97.9125,0
62.77688869400299,170312.396783422,1887,3.8695247395833334,78.0,24.0,97.9125,0
62.80889217698132,170312.428786905,1888,3.9044498697916667,71.0,24.0,97.9125,0
62.84494787399308,170312.464842602,1889,3.9130403645833334,65.0,24.0,97.9125,0
62.87691547500435,170312.496810203,1890,3.9398567708333334,67.0,24.0,97.9125,0
62.90888384199934,170312.52877857,1891,3.9880436197916667,65.0,24.0,97.9125,0
62.944964117981726,170312.564858846,1892,3.9560611979166667,67.0,24.0,97.9125,0
62.976913357008016,170312.596808085,1893,3.9468359375,73.0,24.0,97.9125,0
63.009019996999996,170312.628914725,1894,3.9560286458333334,76.0,24.0,97.9125,0
63.040899705985794,170312.660794434,1895,3.931318359375,68.0,24.0,97.9125,0
63.07688142199186,170312.69677615,1896,3.9371744791666665,66.0,24.0,97.9125,0
63.1089202889998,170312.728815017,1897,3.974778645833333,66.0,24.0,97.9125,0
63.14088630498736,170312.760781033,1898,3.9577864583333335,65.0,24.0,97.9125,0
63.176858948980225,170312.796753677,1899,3.9732975260416667,67.0,24.0,97.9125,0
63.20897259499179,170312.828867323,1900,3.986555989583333,66.0,24.0,97.9125,0
63.240927197999554,170312.860821926,1901,3.9440071614583334,66.0,24.0,97.9125,0
63.27692092600046,170312.896815654,1902,3.947509765625,68.0,24.0,97.9125,0
63.308891344990116,170312.928786073,1903,3.954658203125,66.0,24.0,97.9125,0
63.340892176987836,170312.960786905,1904,3.9517024739583335,71.0,24.0,97.9125,0
63.376923695992446,170312.996818424,1905,3.959996744791667,71.0,24.0,97.9125,0
63.40891504698084,170313.028809775,1906,3.9653645833333333,64.0,24.0,97.9125,0
63.44094508700073,170313.060839815,1907,3.9540787760416665,67.0,24.0,97.9125,0
63.47695453398046,170313.096849262,1908,3.985071614583333,71.0,24.0,97.9125,0
63.508938118990045,170313.128832847,1909,3.98517578125,64.0,24.0,97.9125,0
63.54086572598317,170313.160760454,1910,3.960169270833333,69.0,24.0,97.9125,0
63.57290459700744,170313.192799325,1911,3.986220703125,65.0,24.0,97.9125,0
63.608935644006124,170313.228830372,1912,3.965703125,67.0,24.0,97.9125,0
63.64090239000507,170313.260797118,1913,3.9382421875,68.0,24.0,97.9125,0
63.672867688990664,170313.292762417,1914,3.9540104166666667,64.0,24.0,97.9125,0
63.70892868700321,170313.328823415,1915,3.9737565104166666,66.0,24.0,97.9125,0
63.740912560984725,170313.360807289,1916,3.9683072916666666,65.0,24.0,97.9125,0
63.77286505198572,170313.39275978,1917,3.970537109375,66.0,23.0,97.9125,0
63.80889923198265,170313.42879396,1918,3.952317708333333,72.0,23.0,97.9125,0
63.840904607000994,170313.460799335,1919,3.9665983072916666,69.0,23.0,97.9125,0
63.872905655007344,170313.492800383,1920,3.960546875,65.0,23.0,97.9125,0
63.90889351099031,170313.528788239,1921,3.959417317708333,66.0,23.0,97.9125,0
63.94091137498617,170313.560806103,1922,3.9511783854166667,65.0,23.0,97.9125,0
63.972928650007816,170313.592823378,1923,3.9391861979166665,69.0,23.0,97.9125,0
64.00892953798757,170313.628824266,1924,3.965218098958333,62.0,23.0,97.9125,0
64.04091214798973,170313.660806876,1925,3.935397135416667,67.0,23.0,97.9125,0
64.07292633800535,170313.692821066,1926,3.9011881510416666,62.0,23.0,97.9125,0
64.10891385798459,170313.728808586,1927,3.849625651041667,63.0,23.0,97.9125,0
64.1409404159931,170313.760835144,1928,3.867770182291667,65.0,23.0,97.9125,0
64.17289357198752,170313.7927883,1929,3.8572265625,61.0,23.0,97.9125,0
64.20493795099901,170313.824832679,1930,3.8794075520833333,64.0,23.0,97.9125,0
64.24093748399173,170313.860832212,1931,3.867750651041667,65.0,23.0,97.9125,0
64.27289355700486,170313.892788285,1932,3.8743684895833335,64.0,23.0,97.9125,0
64.30495100500411,170313.924845733,1933,3.8369563802083335,65.0,23.0,97.9125,0
64.34092160500586,170313.960816333,1934,3.8526725260416668,64.0,23.0,97.9125,0
64.37292132698349,170313.992816055,1935,3.8067838541666665,66.0,23.0,97.9125,0
64.40493999098544,170314.024834719,1936,3.8386458333333335,64.0,23.0,97.9125,0
64.4409648909932,170314.060859619,1937,3.836614583333333,66.0,23.0,97.9125,0
64.47287846499239,170314.092773193,1938,3.820856119791667,67.0,23.0,97.9125,0
64.50490886098123,170314.124803589,1939,3.811692708333333,66.0,22.0,97.9125,0
64.54090118099703,170314.160795909,1940,3.8209635416666665,69.0,23.0,97.9125,0
64.57293751198449,170314.19283224,1941,3.8401790364583333,69.0,23.0,97.9125,0
64.60490954498528,170314.224804273,1942,3.8563541666666667,65.0,23.0,97.9125,0
64.64098743500654,170314.260882163,1943,3.8532194010416667,69.0,23.0,97.9125,0
64.67289222800173,170314.292786956,1944,3.822275390625,66.0,22.0,97.9125,0
64.70494601599057,170314.324840744,1945,3.816279296875,64.0,22.0,97.9125,0
64.73693659398123,170314.356831322,1946,3.8406217447916666,64.0,23.0,97.9125,0
64.7729087540065,170314.392803482,1947,3.8394954427083334,67.0,23.0,97.9125,0
64.80492873198818,170314.42482346,1948,3.8187825520833334,68.0,22.0,97.9125,0
64.83693218798726,170314.456826916,1949,3.8319856770833334,66.0,23.0,97.9125,0
64.87294617298176,170314.492840901,1950,3.792444661458333,67.0,22.0,97.9125,0
64.90493526798673,170314.524829996,1951,3.801100260416667,67.0,22.0,97.9125,0
64.93689869198715,170314.55679342,1952,3.8012467447916665,66.0,22.0,97.9125,0
64.97286825199262,170314.59276298,1953,3.821298828125,66.0,23.0,97.9125,0
65.00491091798176,170314.624805646,1954,3.8095572916666667,68.0,23.0,97.9125,0
65.03697566699702,170314.656870395,1955,3.8329622395833334,69.0,23.0,97.9125,0
65.07294046698371,170314.692835195,1956,3.8558854166666667,65.0,23.0,97.9125,0
65.10491262399592,170314.724807352,1957,3.789970703125,69.0,23.0,97.9125,0
65.13686524698278,170314.756759975,1958,3.83728515625,73.0,23.0,97.9125,0
65.17295247499715,170314.792847203,1959,3.8181119791666664,64.0,23.0,97.9125,0
65.20486687400262,170314.824761602,1960,3.8566471354166665,65.0,23.0,97.9125,0
65.23693222898874,170314.856826957,1961,3.82421875,66.0,23.0,97.9125,0
65.26897986698896,170314.888874595,1962,3.81654296875,67.0,23.0,97.9125,0
65.30493630497949,170314.924831033,1963,3.8461490885416665,66.0,23.0,97.9125,0
65.33694064299925,170314.956835371,1964,3.8471744791666667,73.0,23.0,97.9125,0
65.36898416100303,170314.988878889,1965,3.857682291666667,67.0,23.0,97.9125,0
65.40492092299974,170315.024815651,1966,3.853346354166667,66.0,24.0,97.9125,0
65.43701243799296,170315.056907166,1967,3.8449088541666665,73.0,24.0,97.9125,0
65.46892677998403,170315.088821508,1968,3.8516959635416668,69.0,24.0,97.9125,0
65.50493377598468,170315.124828504,1969,3.835188802083333,73.0,24.0,97.9125,0
65.53693707799539,170315.156831806,1970,3.8707291666666666,66.0,24.0,97.9125,0
65.56890115098213,170315.188795879,1971,3.8590234375,74.0,24.0,97.9125,0
65.60492657800205,170315.224821306,1972,3.859563802083333,69.0,24.0,97.9125,0
65.63694278898765,170315.256837517,1973,3.8728352864583333,72.0,24.0,97.9125,0
65.66894057599711,170315.288835304,1974,3.879814453125,72.0,24.0,97.9125,0
65.70489317199099,170315.3247879,1975,3.8621516927083333,72.0,24.0,97.9125,0
65.7369378680014,170315.356832596,1976,3.871826171875,67.0,24.0,97.9125,0
65.76886654499685,170315.388761273,1977,3.8912760416666665,68.0,24.0,97.9125,0
65.8049594849872,170315.424854213,1978,3.90638671875,68.0,24.0,97.9125,0
65.83691031998023,170315.456805048,1979,3.866806640625,72.0,24.0,97.9125,0
65.8689432409883,170315.488837969,1980,3.942919921875,69.0,24.0,97.9125,0
65.90095204798854,170315.520846776,1981,3.9496451822916665,68.0,24.0,97.9125,0
65.93694265699014,170315.556837385,1982,3.9884537760416667,68.0,24.0,97.9125,0
65.96892963000573,170315.588824358,1983,3.9449348958333332,65.0,24.0,97.9125,0
66.00094900900149,170315.620843737,1984,3.958017578125,66.0,24.0,97.9125,0
66.03687962400727,170315.656774352,1985,3.931962890625,66.0,24.0,97.9125,0
66.06892080997932,170315.688815538,1986,3.9656575520833335,66.0,24.0,97.9125,0
66.10091287799878,170315.720807606,1987,3.9467545572916665,66.0,24.0,97.9125,0
66.13692885200726,170315.75682358,1988,3.9244173177083335,67.0,24.0,97.9125,0
66.16894697898533,170315.788841707,1989,3.956617838541667,69.0,24.0,97.9125,0
66.20097489198088,170315.82086962,1990,3.941910807291667,67.0,24.0,97.9125,0
66.23699860999477,170315.856893338,1991,3.9851595052083333,67.0,24.0,97.9125,0
66.26895879299263,170315.888853521,1992,3.9717415364583335,66.0,24.0,97.9125,0
66.30096063198289,170315.92085536,1993,3.962119140625,66.0,24.0,97.9125,0
66.33701627500704,170315.956911003,1994,3.9611393229166665,66.0,24.0,97.9125,0
66.36891002999619,170315.988804758,1995,3.979342447916667,66.0,24.0,97.9125,0
66.40095662599197,170316.020851354,1996,3.9700390625,67.0,24.0,97.9125,0
66.43304273899412,170316.052937467,1997,3.986119791666667,64.0,24.0,97.9125,0
66.46891674000653,170316.088811468,1998,4.000296223958333,68.0,24.0,97.9125,0
66.50091478298418,170316.120809511,1999,3.9664713541666665,73.0,24.0,97.9125,0
66.53292557699024,170316.152820305,2000,3.979453125,69.0,24.0,97.9125,0
66.5688983539876,170316.188793082,2001,3.9564453125,69.0,24.0,97.9125,0
66.60094052899512,170316.220835257,2002,3.9699967447916666,65.0,24.0,97.9125,0
66.63293623999925,170316.252830968,2003,3.9748502604166664,64.0,24.0,97.9125,0
66.66892061999533,170316.288815348,2004,3.97248046875,66.0,24.0,97.9125,0
66.70088531100191,170316.320780039,2005,3.971572265625,66.0,24.0,97.9125,0
66.73295380998752,170316.352848538,2006,3.9648567708333333,66.0,24.0,97.9125,0
66.76889781598584,170316.388792544,2007,3.97287109375,71.0,24.0,97.9125,0
66.8009056400042,170316.420800368,2008,3.97046875,69.0,24.0,97.9125,0
66.83291301698773,170316.452807745,2009,3.965520833333333,66.0,23.0,97.9125,0
66.86897015298018,170316.488864881,2010,3.97869140625,69.0,24.0,97.9125,0
66.90091758000199,170316.520812308,2011,3.9797623697916666,65.0,23.0,97.9125,0
66.93292394498712,170316.552818673,2012,3.9944856770833335,66.0,23.0,97.9125,0
66.96492626998224,170316.584820998,2013,3.9205631510416667,71.0,23.0,97.9125,0
67.00095605899696,170316.620850787,2014,3.9420377604166665,63.0,23.0,97.9125,0
67.03292560498812,170316.652820333,2015,3.962109375,64.0,23.0,97.9125,0
67.06492192900623,170316.684816657,2016,3.967718098958333,71.0,23.0,97.9125,0
67.10086496599251,170316.720759694,2017,3.927109375,69.0,23.0,97.9125,0
67.13294743199367,170316.75284216,2018,3.9268033854166666,71.0,23.0,97.9125,0
67.16490490100114,170316.784799629,2019,3.9384993489583335,63.0,23.0,97.9125,0
67.20095448300708,170316.820849211,2020,3.9405859375,64.0,23.0,97.9125,0
67.23291894700378,170316.852813675,2021,3.9492252604166667,66.0,23.0,97.9125,0
67.2649319129996,170316.884826641,2022,3.9038606770833333,63.0,23.0,97.9125,0
67.30090760500752,170316.920802333,2023,3.921923828125,66.0,23.0,97.9125,0
67.3329129969934,170316.952807725,2024,3.9148600260416666,69.0,23.0,97.9125,0
67.3649188260024,170316.984813554,2025,3.9636848958333335,65.0,23.0,97.9125,0
67.4009955849906,170317.020890313,2026,3.9870475260416667,67.0,23.0,97.9125,0
67.43294205100392,170317.052836779,2027,3.967470703125,73.0,23.0,97.9125,0
67.4649437989865,170317.084838527,2028,3.9506868489583336,62.0,23.0,97.9125,0
67.50095502700424,170317.120849755,2029,3.9320247395833334,67.0,23.0,97.9125,0
67.5329310039815,170317.152825732,2030,3.943059895833333,64.0,23.0,97.9125,0
67.56489306798903,170317.184787796,2031,3.9961165364583335,66.0,23.0,97.9125,0
67.59696538100252,170317.216860109,2032,3.9743229166666665,66.0,23.0,97.9125,0
67.63295584000298,170317.252850568,2033,3.9627897135416665,65.0,23.0,97.9125,0
67.66493918298511,170317.284833911,2034,3.94431640625,66.0,23.0,97.9125,0
67.69691992600565,170317.316814654,2035,3.924352213541667,67.0,23.0,97.9125,0
67.73299442999996,170317.352889158,2036,3.915621744791667,69.0,23.0,97.9125,0
67.76498278300278,170317.384877511,2037,3.927639973958333,64.0,23.0,97.9125,0
67.79697358599515,170317.416868314,2038,3.9498990885416667,74.0,23.0,97.9125,0
67.83289317099843,170317.452787899,2039,3.9142936197916667,72.0,23.0,97.9125,0
67.8649424079922,170317.484837136,2040,3.8916829427083335,65.0,23.0,97.9125,0
67.89688718499383,170317.516781913,2041,3.940625,67.0,23.0,97.9125,0
67.93299771400052,170317.552892442,2042,3.9136197916666666,73.0,23.0,97.9125,0
67.96495996598969,170317.584854694,2043,3.916630859375,65.0,23.0,97.9125,0
67.99693812598707,170317.616832854,2044,3.9327180989583335,64.0,23.0,97.9125,0
68.0329783729976,170317.652873101,2045,3.891123046875,65.0,23.0,97.9125,0
68.06494316199678,170317.68483789,2046,3.897047526041667,78.0,23.0,97.9125,0
68.0969168599986,170317.716811588,2047,3.9337532552083334,67.0,23.0,97.9125,0
68.12897067598533,170317.748865404,2048,3.911533203125,68.0,23.0,97.9125,0
68.16488649399253,170317.784781222,2049,3.9370638020833333,67.0,23.0,97.9125,0
68.19693343900144,170317.816828167,2050,3.909365234375,67.0,23.0,97.9125,0
68.22893955299514,170317.848834281,2051,3.9156282552083335,67.0,23.0,97.9125,0
68.26497404099791,170317.884868769,2052,3.8959895833333333,72.0,23.0,97.9125,0
68.29696314700413,170317.916857875,2053,3.8989388020833333,71.0,23.0,97.9125,0
68.32893902299111,170317.948833751,2054,3.9274609375,66.0,23.0,97.9125,0
68.36492692798492,170317.984821656,2055,3.909140625,71.0,23.0,97.9125,0
68.39697131098364,170318.016866039,2056,3.9138802083333335,68.0,23.0,97.9125,0
68.42908308899496,170318.048977817,2057,3.902154947916667,69.0,23.0,97.9125,0
68.4648838340072,170318.084778562,2058,3.915400390625,66.0,23.0,97.9125,0
68.49689121198026,170318.11678594,2059,3.9349479166666668,66.0,23.0,97.9125,0
68.52897223000764,170318.148866958,2060,3.9346126302083335,68.0,23.0,97.9125,0
68.56493914700695,170318.184833875,2061,3.94033203125,64.0,24.0,97.9125,0
68.59689909900771,170318.216793827,2062,3.944222005208333,71.0,24.0,97.9125,0
68.62905837700237,170318.248953105,2063,3.942906901041667,71.0,24.0,97.9125,0
68.6609450049873,170318.280839733,2064,3.9337532552083334,69.0,24.0,97.9125,0
68.69698280800367,170318.316877536,2065,3.9202994791666668,67.0,24.0,97.9125,0
68.7289311850036,170318.348825913,2066,3.956533203125,71.0,24.0,97.9125,0
68.76092501499807,170318.380819743,2067,3.9727473958333333,68.0,24.0,97.9125,0
68.79696017398965,170318.416854902,2068,3.9773828125,66.0,24.0,97.9125,0
68.82897074799985,170318.448865476,2069,3.969029947916667,71.0,24.0,97.9125,0
68.86097500598407,170318.480869734,2070,3.9602311197916666,65.0,24.0,97.9125,0
68.89692654099781,170318.516821269,2071,3.986689453125,75.0,24.0,97.9125,0
68.92893349498627,170318.548828223,2072,3.9779557291666667,69.0,24.0,97.9125,0
68.96092896698974,170318.580823695,2073,3.945611979166667,71.0,24.0,97.9125,0
68.99694034398999,170318.616835072,2074,3.9580143229166667,73.0,24.0,97.9125,0
69.02898663698579,170318.648881365,2075,3.969208984375,67.0,24.0,97.9125,0
69.06097109799157,170318.680865826,2076,4.00509765625,73.0,24.0,97.9125,0
69.09698755899444,170318.716882287,2077,3.9827311197916666,67.0,24.0,97.9125,0
69.12897269098903,170318.748867419,2078,3.984469401041667,67.0,24.0,97.9125,0
69.16095416800817,170318.780848896,2079,3.9792220052083334,66.0,24.0,97.9125,0
69.19697550000274,170318.816870228,2080,3.925166015625,65.0,24.0,97.9125,0
69.22896454599686,170318.848859274,2081,3.96455078125,65.0,24.0,97.9125,0
69.2609581919969,170318.88085292,2082,3.9174348958333334,65.0,24.0,97.9125,0
69.29292516599526,170318.912819894,2083,3.9272884114583335,72.0,24.0,97.9125,0
69.32896646799054,170318.948861196,2084,3.9539095052083333,67.0,24.0,97.9125,0
69.36095711198868,170318.98085184,2085,3.9357584635416667,69.0,24.0,97.9125,0
69.39293733000522,170319.012832058,2086,3.9676302083333335,68.0,24.0,97.9125,0
69.42895811898052,170319.048852847,2087,3.9605826822916668,65.0,24.0,97.9125,0
69.46091714399518,170319.080811872,2088,3.9488313802083335,65.0,24.0,97.9125,0
69.49297073300113,170319.112865461,2089,3.982109375,64.0,24.0,97.9125,0
69.528992232983,170319.148886961,2090,3.99005859375,69.0,24.0,97.9125,0
69.56092803998035,170319.180822768,2091,3.9459212239583334,65.0,24.0,97.9125,0
69.59300053498009,170319.212895263,2092,3.9710807291666668,67.0,24.0,97.9125,0
69.62905878800666,170319.248953516,2093,3.9755891927083336,69.0,24.0,97.9125,0
69.66094008999062,170319.280834818,2094,3.96912109375,66.0,24.0,97.9125,0
69.69297768198885,170319.31287241,2095,4.0029524739583335,69.0,24.0,97.9125,0
69.72899991399026,170319.348894642,2096,3.988600260416667,71.0,24.0,97.9125,0
69.76094809599454,170319.380842824,2097,3.9950553385416665,64.0,24.0,97.9125,0
69.79290523999953,170319.412799968,2098,4.00291015625,66.0,24.0,97.9125,0
69.82493437698577,170319.444829105,2099,3.976953125,69.0,24.0,97.9125,0
69.8609428589989,170319.480837587,2100,3.990029296875,64.0,24.0,97.9125,0
69.89293883700157,170319.512833565,2101,3.9727799479166666,69.0,24.0,97.9125,0
69.92490625198116,170319.54480098,2102,3.983098958333333,65.0,24.0,97.9125,0
69.96094783398439,170319.580842562,2103,3.9808658854166667,69.0,24.0,97.9125,0
69.99293014098657,170319.612824869,2104,3.9798828125,67.0,24.0,97.9125,0
70.02497580900672,170319.644870537,2105,3.91904296875,64.0,24.0,97.9125,0
70.06096087099286,170319.680855599,2106,3.9803483072916666,72.0,24.0,97.9125,0
70.09298577200389,170319.7128805,2107,3.9678385416666666,63.0,23.0,97.9125,0
70.12494781799614,170319.744842546,2108,4.0026236979166665,69.0,24.0,97.9125,0
70.16093367699068,170319.780828405,2109,3.9815169270833333,66.0,24.0,97.9125,0
70.1929338540067,170319.812828582,2110,3.9879915364583334,63.0,24.0,97.9125,0
70.22492661798606,170319.844821346,2111,3.9858658854166666,65.0,23.0,97.9125,0
70.26098611499765,170319.880880843,2112,4.0009993489583335,67.0,23.0,97.9125,0
70.2929571789864,170319.912851907,2113,3.9612858072916666,68.0,23.0,97.9125,0
70.32497037699795,170319.944865105,2114,3.9415690104166665,71.0,23.0,97.9125,0
70.35695975998533,170319.976854488,2115,3.899814453125,63.0,23.0,97.9125,0
70.3929913000029,170320.012886028,2116,3.9157454427083334,72.0,23.0,97.9125,0
70.42502979398705,170320.044924522,2117,3.869775390625,69.0,23.0,97.9125,0
70.45696061398485,170320.076855342,2118,3.903902994791667,64.0,23.0,97.9125,0
70.49301238800399,170320.112907116,2119,3.8974576822916664,65.0,23.0,97.9125,0
70.52498659299454,170320.144881321,2120,3.900973307291667,66.0,23.0,97.9125,0
70.55691466497956,170320.176809393,2121,3.8917838541666665,65.0,23.0,97.9125,0
70.59297169398633,170320.212866422,2122,3.873873697916667,63.0,23.0,97.9125,0
70.6249801919912,170320.24487492,2123,3.854423828125,69.0,23.0,97.9125,0
70.6570513479819,170320.276946076,2124,3.883583984375,71.0,23.0,97.9125,0
70.69293838500744,170320.312833113,2125,3.8565625,64.0,23.0,97.9125,0
70.72494578498299,170320.344840513,2126,3.877744140625,66.0,23.0,97.9125,0
70.75692799198441,170320.37682272,2127,3.8754654947916665,62.0,23.0,97.9125,0
70.79299142898526,170320.412886157,2128,3.8436881510416665,65.0,23.0,97.9125,0
70.82498916200711,170320.44488389,2129,3.8551985677083334,64.0,23.0,97.9125,0
70.85698587598745,170320.476880604,2130,3.8901953125,65.0,23.0,97.9125,0
70.89300369800185,170320.512898426,2131,3.87447265625,67.0,23.0,97.9125,0
70.92499560999568,170320.544890338,2132,3.885797526041667,64.0,23.0,97.9125,0
70.95698493398959,170320.576879662,2133,3.874052734375,66.0,22.0,97.9125,0
70.98904227200546,170320.608937,2134,3.8724967447916665,71.0,22.0,97.9125,0
71.0249597869988,170320.644854515,2135,3.83177734375,65.0,23.0,97.9125,0
71.05694485100685,170320.676839579,2136,3.8214876302083334,76.0,23.0,97.9125,0
71.08890640898608,170320.708801137,2137,3.8160026041666666,67.0,22.0,97.9125,0
71.1249941450078,170320.744888873,2138,3.857063802083333,65.0,22.0,97.9125,0
71.15694718799205,170320.776841916,2139,3.8278287760416667,66.0,22.0,97.9125,0
71.18897312300396,170320.808867851,2140,3.816806640625,68.0,22.0,97.9125,0
71.22494525500224,170320.844839983,2141,3.848125,68.0,22.0,97.9125,0
71.25698181000189,170320.876876538,2142,3.8365885416666665,64.0,22.0,97.9125,0
71.2889531260007,170320.908847854,2143,3.8289420572916666,66.0,22.0,97.9125,0
71.3250548930082,170320.944949621,2144,3.79498046875,69.0,23.0,97.9125,0
71.35691309598042,170320.976807824,2145,3.827408854166667,68.0,23.0,97.9125,0
71.38898041198263,170321.00887514,2146,3.812109375,69.0,23.0,97.9125,0
71.42521753700566,170321.045112265,2147,3.78521484375,65.0,23.0,97.9125,0
71.45694072998594,170321.076835458,2148,3.7960091145833332,64.0,23.0,97.9125,0
71.48897275998024,170321.108867488,2149,3.8184407552083335,71.0,23.0,97.9125,0
71.52095953098615,170321.140854259,2150,3.8340657552083335,66.0,23.0,97.9125,0
71.55695673899027,170321.176851467,2151,3.8156640625,68.0,23.0,97.9125,0
71.58896704000654,170321.208861768,2152,3.8091666666666666,68.0,23.0,97.9125,0
71.6209583489981,170321.240853077,2153,3.78810546875,67.0,23.0,97.9125,0
71.65696212899638,170321.276856857,2154,3.804368489583333,73.0,23.0,97.9125,0
71.68899364900426,170321.308888377,2155,3.8256705729166667,66.0,23.0,97.9125,0
71.72095939097926,170321.340854119,2156,3.813815104166667,66.0,23.0,97.9125,0
71.75693436700385,170321.376829095,2157,3.792119140625,66.0,23.0,97.9125,0
71.78897437700653,170321.408869105,2158,3.839505208333333,69.0,23.0,97.9125,0
71.82097682598396,170321.440871554,2159,3.8254622395833335,69.0,23.0,97.9125,0
71.85696813298273,170321.476862861,2160,3.8437890625,69.0,23.0,97.9125,0
71.88902276498266,170321.508917493,2161,3.808743489583333,73.0,23.0,97.9125,0
71.92106070899172,170321.540955437,2162,3.809990234375,72.0,23.0,97.9125,0
71.95712506899145,170321.577019797,2163,3.829869791666667,71.0,23.0,97.9125,0
71.98903448498459,170321.608929213,2164,3.8716666666666666,72.0,23.0,97.9125,0
72.02106401199126,170321.64095874,2165,3.835393880208333,73.0,23.0,97.9125,0
72.05302693799604,170321.672921666,2166,3.8470247395833335,73.0,24.0,97.9125,0
72.08908110298216,170321.708975831,2167,3.856276041666667,69.0,24.0,97.9125,0
72.12103698600549,170321.740931714,2168,3.8451497395833334,76.0,24.0,97.9125,0
72.15302076598164,170321.772915494,2169,3.878173828125,67.0,23.0,97.9125,0
72.18901748399367,170321.808912212,2170,3.8562239583333335,73.0,24.0,97.9125,0
72.22100612099166,170321.840900849,2171,3.8636067708333335,73.0,24.0,97.9125,0
72.2530309779977,170321.872925706,2172,3.8790592447916667,68.0,24.0,97.9125,0
72.28903605800588,170321.908930786,2173,3.8573046875,67.0,24.0,97.9125,0
72.32099037698936,170321.940885105,2174,3.841064453125,68.0,24.0,97.9125,0
72.35299893899355,170321.972893667,2175,3.893740234375,66.0,24.0,97.9125,0
72.3890916990058,170322.008986427,2176,3.879892578125,66.0,24.0,97.9125,0
72.42114641299122,170322.041041141,2177,3.8707454427083334,71.0,24.0,97.9125,0
72.45314320499892,170322.073037933,2178,3.893440755208333,65.0,24.0,97.9125,0
72.4891524099803,170322.109047138,2179,3.8719596354166668,66.0,24.0,97.9125,0
72.52113960098359,170322.141034329,2180,3.9039713541666665,69.0,24.0,97.9125,0
72.55317581898998,170322.173070547,2181,3.9070865885416666,72.0,24.0,97.9125,0
72.58919159698416,170322.209086325,2182,3.9089127604166665,67.0,24.0,97.9125,0
72.6211424159992,170322.241037144,2183,3.9187272135416666,67.0,24.0,97.9125,0
72.65323470099247,170322.273129429,2184,3.932731119791667,66.0,24.0,97.9125,0
72.68512993099284,170322.305024659,2185,3.933180338541667,69.0,24.0,97.9125,0
72.7210170920007,170322.34091182,2186,3.9111002604166667,66.0,24.0,97.9125,0
72.75314041299862,170322.373035141,2187,3.9630338541666665,71.0,24.0,97.9125,0
72.7851310549886,170322.405025783,2188,3.979404296875,67.0,24.0,97.9125,0
72.82104797798092,170322.440942706,2189,4.006904296875,66.0,24.0,97.9125,0
72.8530412229884,170322.472935951,2190,3.9574934895833334,72.0,24.0,97.9125,0
72.88505802300642,170322.504952751,2191,3.9406998697916666,69.0,24.0,97.9125,0
72.92105598299531,170322.540950711,2192,3.9872721354166667,65.0,24.0,97.9125,0
72.95303869000054,170322.572933418,2193,3.9762272135416667,66.0,24.0,97.9125,0
72.98501320398645,170322.604907932,2194,3.965143229166667,68.0,24.0,97.9125,0
73.02101566299098,170322.640910391,2195,3.96724609375,65.0,24.0,97.9125,0
73.05300183099462,170322.672896559,2196,3.983828125,66.0,24.0,97.9125,0
73.08500162599375,170322.704896354,2197,3.955794270833333,63.0,24.0,97.9125,0
73.12104673098656,170322.740941459,2198,3.9627115885416666,66.0,24.0,97.9125,0
73.153031911992,170322.77292664,2199,3.9845768229166665,65.0,24.0,97.9125,0
73.18504129300709,170322.804936021,2200,3.937724609375,64.0,24.0,97.9125,0
73.21702181900037,170322.836916547,2201,3.9946549479166666,66.0,24.0,97.9125,0
73.25300085000345,170322.872895578,2202,3.9553287760416667,65.0,24.0,97.9125,0
73.28501679800684,170322.904911526,2203,3.961897786458333,66.0,24.0,97.9125,0
73.31697604098008,170322.936870769,2204,3.9537044270833333,71.0,24.0,97.9125,0
73.35300184699008,170322.972896575,2205,3.94880859375,65.0,24.0,97.9125,0
73.3851509889937,170323.005045717,2206,3.959990234375,72.0,24.0,97.9125,0
73.41714439698262,170323.037039125,2207,3.97615234375,63.0,24.0,97.9125,0
73.45309974698466,170323.072994475,2208,3.9648697916666666,65.0,24.0,97.9125,0
73.4850436229899,170323.104938351,2209,3.9715755208333334,71.0,24.0,97.9125,0
73.51703398200334,170323.13692871,2210,3.9753352864583333,66.0,24.0,97.9125,0
73.55299037098303,170323.172885099,2211,3.965126953125,67.0,23.0,97.9125,0
73.58501815100317,170323.204912879,2212,3.9657486979166667,65.0,23.0,97.9125,0
73.61703771099565,170323.236932439,2213,3.93732421875,64.0,23.0,97.9125,0
73.65314880400547,170323.273043532,2214,3.952705078125,65.0,23.0,97.9125,0
73.68502742997953,170323.304922158,2215,3.9375260416666666,69.0,23.0,97.9125,0
73.71701264299918,170323.336907371,2216,3.92365234375,64.0,23.0,97.9125,0
73.749047780002,170323.368942508,2217,3.925927734375,71.0,23.0,97.9125,0
73.78500651198556,170323.40490124,2218,3.963115234375,63.0,23.0,97.9125,0
73.81704862500192,170323.436943353,2219,3.9356803385416668,74.0,23.0,97.9125,0
73.84905889400397,170323.468953622,2220,3.9509212239583333,64.0,23.0,97.9125,0
73.885060650995,170323.504955379,2221,3.9519140625,65.0,23.0,97.9125,0
73.91703051500372,170323.536925243,2222,3.896822916666667,64.0,23.0,97.9125,0
73.94902653599274,170323.568921264,2223,3.984788411458333,64.0,23.0,97.9125,0
73.98504317199695,170323.6049379,2224,3.973076171875,62.0,23.0,97.9125,0
74.0170183230075,170323.636913051,2225,3.97015625,64.0,23.0,97.9125,0
74.04900072098826,170323.668895449,2226,3.977688802083333,64.0,23.0,97.9125,0
74.0851435700024,170323.705038298,2227,3.9640462239583334,71.0,23.0,97.9125,0
74.11707158898935,170323.736966317,2228,3.939925130208333,66.0,23.0,97.9125,0
74.14902774099028,170323.768922469,2229,4.00623046875,65.0,23.0,97.9125,0
74.18507562900777,170323.804970357,2230,3.9785677083333333,67.0,23.0,97.9125,0
74.21701315400423,170323.836907882,2231,3.9612141927083333,64.0,23.0,97.9125,0
74.24904340499779,170323.868938133,2232,3.958929036458333,66.0,23.0,97.9125,0
74.2850876149896,170323.904982343,2233,3.957389322916667,66.0,23.0,97.9125,0
74.31702139199479,170323.93691612,2234,3.9527180989583335,71.0,23.0,97.9125,0
74.3489821649855,170323.968876893,2235,3.9588736979166668,66.0,23.0,97.9125,0
74.38113548100227,170324.001030209,2236,3.952916666666667,63.0,23.0,97.9125,0
74.4171617339889,170324.037056462,2237,3.9416276041666665,66.0,23.0,97.9125,0
74.44910524599254,170324.068999974,2238,3.9423177083333334,63.0,23.0,97.9125,0
74.48113092698622,170324.101025655,2239,3.932145182291667,73.0,23.0,97.9125,0
74.51707472398994,170324.136969452,2240,3.9294921875,65.0,22.0,97.9125,0
74.54903121199459,170324.16892594,2241,3.904765625,71.0,23.0,97.9125,0
74.58114132899209,170324.201036057,2242,3.916650390625,64.0,23.0,97.9125,0
74.61702388798585,170324.236918616,2243,3.9347135416666665,65.0,23.0,97.9125,0
74.64905526000075,170324.268949988,2244,3.918362630208333,66.0,23.0,97.9125,0
74.68105069900048,170324.300945427,2245,3.899641927083333,66.0,23.0,97.9125,0
74.71702339599142,170324.336918124,2246,3.8947819010416667,65.0,23.0,97.9125,0
74.7490087299957,170324.368903458,2247,3.9396875,66.0,23.0,97.9125,0
74.78106096299598,170324.400955691,2248,3.9082877604166666,68.0,23.0,97.9125,0
74.8170910810004,170324.436985809,2249,3.914078776041667,65.0,23.0,97.9125,0
74.8490418260044,170324.468936554,2250,3.9044075520833332,67.0,23.0,97.9125,0
74.88104913799907,170324.500943866,2251,3.910791015625,64.0,23.0,97.9125,0
74.9130819469865,170324.532976675,2252,3.901611328125,65.0,23.0,97.9125,0
74.94905057398137,170324.568945302,2253,3.925283203125,63.0,23.0,97.9125,0
74.98101438899175,170324.600909117,2254,3.907333984375,68.0,23.0,97.9125,0
75.01305600599153,170324.632950734,2255,3.927021484375,69.0,23.0,97.9125,0
75.04902519998723,170324.668919928,2256,3.939059244791667,69.0,23.0,97.9125,0
75.08105466500274,170324.700949393,2257,3.9376627604166665,64.0,23.0,97.9125,0
75.11306985499687,170324.732964583,2258,3.9342024739583334,66.0,23.0,97.9125,0
75.1489975489967,170324.768892277,2259,3.9150618489583335,68.0,23.0,97.9125,0
75.18100907999906,170324.800903808,2260,3.92849609375,71.0,23.0,97.9125,0
75.21303092298331,170324.832925651,2261,3.949482421875,68.0,23.0,97.9125,0
75.24900237700786,170324.868897105,2262,3.9388834635416665,67.0,23.0,97.9125,0
75.28105328700622,170324.900948015,2263,3.9278059895833333,71.0,23.0,97.9125,0
75.31303043299704,170324.932925161,2264,3.9201399739583334,67.0,24.0,97.9125,0
75.34905526699731,170324.968949995,2265,3.9442154947916666,69.0,23.0,97.9125,0
75.38114494999172,170325.001039678,2266,3.966689453125,65.0,23.0,97.9125,0
75.41313250598614,170325.033027234,2267,3.93560546875,65.0,23.0,97.9125,0
75.44919717198354,170325.0690919,2268,3.9343977864583333,73.0,23.0,97.9125,0
75.48120017899782,170325.101094907,2269,3.9545963541666667,73.0,24.0,97.9125,0
75.5131814990018,170325.133076227,2270,3.951318359375,71.0,24.0,97.9125,0
75.54523885200615,170325.16513358,2271,3.934267578125,67.0,24.0,97.9125,0
75.58103933400707,170325.200934062,2272,3.9448860677083335,68.0,24.0,97.9125,0
75.6130006419844,170325.23289537,2273,3.9343489583333335,71.0,24.0,97.9125,0
75.64509997100686,170325.264994699,2274,3.9781119791666666,68.0,24.0,97.9125,0
75.68104709900217,170325.300941827,2275,3.97052734375,66.0,24.0,97.9125,0
75.71302585999365,170325.332920588,2276,3.961969401041667,67.0,24.0,97.9125,0
75.74501266499283,170325.364907393,2277,3.9630501302083334,65.0,24.0,97.9125,0
75.78101055300795,170325.400905281,2278,3.9997526041666664,69.0,24.0,97.9125,0
75.81303432199638,170325.43292905,2279,3.9714290364583333,66.0,24.0,97.9125,0
75.84539094398497,170325.465285672,2280,3.9997884114583333,69.0,24.0,97.9125,0
75.88227843798813,170325.502173166,2281,4.005377604166667,66.0,24.0,97.9125,0
75.91320374299539,170325.533098471,2282,3.9943977864583333,72.0,24.0,97.9125,0
75.9450368329999,170325.564931561,2283,3.9669563802083334,74.0,24.0,97.9125,0
75.98110079698381,170325.600995525,2284,4.015126953125,77.0,24.0,97.9125,0
76.01303834599094,170325.632933074,2285,3.9708626302083334,67.0,24.0,97.9125,0
76.04507799100247,170325.664972719,2286,3.9662369791666667,66.0,24.0,97.9125,0
76.07706215899088,170325.696956887,2287,3.9802311197916667,72.0,24.0,97.9125,0
76.1130639789917,170325.732958707,2288,3.98654296875,66.0,24.0,97.9125,0
76.14506063098088,170325.764955359,2289,3.9278450520833332,71.0,24.0,97.9125,0
76.17709253699286,170325.796987265,2290,3.9200065104166666,65.0,24.0,97.9125,0
76.21306433199788,170325.83295906,2291,3.93912109375,72.0,24.0,97.9125,0
76.24509244700312,170325.864987175,2292,3.9457389322916665,71.0,24.0,97.9125,0
76.27705766100553,170325.896952389,2293,3.962418619791667,69.0,24.0,97.9125,0
76.31305741198594,170325.93295214,2294,3.9646875,72.0,24.0,97.9125,0
76.34501710499171,170325.964911833,2295,3.9331282552083335,65.0,24.0,97.9125,0
76.37710396500188,170325.996998693,2296,3.9542740885416667,71.0,24.0,97.9125,0
76.41310411898303,170326.032998847,2297,3.944306640625,65.0,24.0,97.9125,0
76.44502574499347,170326.064920473,2298,3.979173177083333,71.0,24.0,97.9125,0
76.4770407449978,170326.096935473,2299,3.9623177083333334,66.0,24.0,97.9125,0
76.51311603799695,170326.133010766,2300,3.9532975260416667,64.0,24.0,97.9125,0
76.54504540198832,170326.16494013,2301,3.9718782552083334,66.0,24.0,97.9125,0
76.5770715859835,170326.196966314,2302,3.9850423177083334,66.0,24.0,97.9125,0
76.60913542399067,170326.229030152,2303,3.9568196614583333,71.0,24.0,97.9125,0
76.64513471498503,170326.265029443,2304,3.993076171875,69.0,24.0,97.9125,0
76.67705482698511,170326.296949555,2305,3.9802571614583333,67.0,24.0,97.9125,0
76.70903123400058,170326.328925962,2306,3.9498665364583334,69.0,24.0,97.9125,0
76.74499286798527,170326.364887596,2307,3.976393229166667,65.0,24.0,97.9125,0
76.77707780999481,170326.396972538,2308,3.9400813802083334,65.0,24.0,97.9125,0
76.80907548399409,170326.428970212,2309,3.973759765625,69.0,24.0,97.9125,0
76.8451144489809,170326.465009177,2310,3.9576009114583335,67.0,24.0,97.9125,0
76.8770779609913,170326.496972689,2311,3.9519368489583333,67.0,24.0,97.9125,0
76.90904990499257,170326.528944633,2312,3.945970052083333,65.0,24.0,97.9125,0
76.94506637199083,170326.5649611,2313,3.985784505208333,63.0,24.0,97.9125,0
76.97704184098984,170326.596936569,2314,3.9285774739583332,71.0,23.0,97.9125,0
77.00905285798945,170326.628947586,2315,3.972711588541667,63.0,24.0,97.9125,0
77.04508543998236,170326.664980168,2316,3.98041015625,66.0,23.0,97.9125,0
77.07709300599527,170326.696987734,2317,3.9456282552083333,69.0,23.0,97.9125,0
77.10911517299246,170326.729009901,2318,3.958701171875,67.0,23.0,97.9125,0
77.14504261498223,170326.764937343,2319,3.9452994791666667,66.0,23.0,97.9125,0
77.17704948500614,170326.796944213,2320,3.9332877604166665,64.0,23.0,97.9125,0
77.20904864399927,170326.828943372,2321,3.9390266927083335,68.0,23.0,97.9125,0
77.24106803300674,170326.860962761,2322,3.905856119791667,68.0,23.0,97.9125,0
77.27707652299432,170326.896971251,2323,3.8489420572916666,69.0,23.0,97.9125,0
77.30911826298689,170326.929012991,2324,3.8406770833333335,67.0,23.0,97.9125,0
77.3410410269862,170326.960935755,2325,3.8588248697916665,64.0,23.0,97.9125,0
77.37710011898889,170326.996994847,2326,3.869065755208333,68.0,23.0,97.9125,0
77.40914100699592,170327.029035735,2327,3.892594401041667,66.0,23.0,97.9125,0
77.44113078998635,170327.061025518,2328,3.8559147135416665,66.0,23.0,97.9125,0
77.47715463899658,170327.097049367,2329,3.8695377604166667,73.0,23.0,97.9125,0
77.5091991169902,170327.129093845,2330,3.864632161458333,63.0,23.0,97.9125,0
77.54109486998641,170327.160989598,2331,3.8281119791666667,66.0,23.0,97.9125,0
77.5770989599987,170327.196993688,2332,3.8628776041666666,62.0,23.0,97.9125,0
77.60904186498374,170327.228936593,2333,3.8507259114583334,66.0,23.0,97.9125,0
77.64117877199897,170327.2610735,2334,3.8272298177083335,71.0,23.0,97.9125,0
77.67712554798345,170327.297020276,2335,3.873447265625,65.0,23.0,97.9125,0
77.70910471898969,170327.328999447,2336,3.8320638020833333,64.0,23.0,97.9125,0
77.74106969099375,170327.360964419,2337,3.8775520833333332,63.0,23.0,97.9125,0
77.77311575697968,170327.393010485,2338,3.87328125,67.0,23.0,97.9125,0
77.80912453698693,170327.429019265,2339,3.8758365885416666,62.0,23.0,97.9125,0
77.84105786198052,170327.46095259,2340,3.8515006510416665,65.0,22.0,97.9125,0
77.87303041398991,170327.492925142,2341,3.858658854166667,63.0,23.0,97.9125,0
77.909071209986,170327.528965938,2342,3.8501822916666666,71.0,22.0,97.9125,0
77.9410252670059,170327.560919995,2343,3.83578125,78.0,22.0,97.9125,0
77.97304617398186,170327.592940902,2344,3.8491178385416664,71.0,23.0,97.9125,0
78.0090455239988,170327.628940252,2345,3.838850911458333,72.0,22.0,97.9125,0
78.04104210800142,170327.660936836,2346,3.8202701822916665,64.0,23.0,97.9125,0
78.07300747800036,170327.692902206,2347,3.833720703125,65.0,22.0,97.9125,0
78.10902927900315,170327.728924007,2348,3.842236328125,67.0,22.0,97.9125,0
78.14104361299542,170327.760938341,2349,3.839788411458333,74.0,22.0,97.9125,0
78.17307055499987,170327.792965283,2350,3.847734375,63.0,22.0,97.9125,0
78.20909871399635,170327.828993442,2351,3.82810546875,64.0,23.0,97.9125,0
78.24119551698095,170327.861090245,2352,3.8002962239583336,71.0,23.0,97.9125,0
78.2730643999821,170327.892959128,2353,3.8219596354166665,66.0,23.0,97.9125,0
78.30505496100523,170327.924949689,2354,3.8001529947916666,66.0,23.0,97.9125,0
78.34104774298612,170327.960942471,2355,3.8004915364583334,72.0,23.0,97.9125,0
78.37310241800151,170327.992997146,2356,3.804293619791667,64.0,23.0,97.9125,0
78.40517355900374,170328.025068287,2357,3.819765625,66.0,23.0,97.9125,0
78.44118800899014,170328.061082737,2358,3.8241471354166667,65.0,23.0,97.9125,0
78.47327077999944,170328.093165508,2359,3.8390462239583334,64.0,23.0,97.9125,0
78.50512359698769,170328.125018325,2360,3.8224479166666665,66.0,23.0,97.9125,0
78.54106209700694,170328.160956825,2361,3.819208984375,66.0,23.0,97.9125,0
78.57307601798675,170328.192970746,2362,3.8113313802083333,71.0,23.0,97.9125,0
78.60506189498119,170328.224956623,2363,3.8144791666666666,69.0,23.0,97.9125,0
78.64109097098117,170328.260985699,2364,3.8336979166666665,67.0,23.0,97.9125,0
78.67305082600797,170328.292945554,2365,3.8355729166666666,69.0,23.0,97.9125,0
78.70505931699881,170328.324954045,2366,3.8411328125,64.0,23.0,97.9125,0
78.7411190889834,170328.361013817,2367,3.8378125,71.0,23.0,97.9125,0
78.77312331899884,170328.393018047,2368,3.79560546875,67.0,23.0,97.9125,0
78.80506753898226,170328.424962267,2369,3.8323795572916666,67.0,23.0,97.9125,0
78.84108484699391,170328.460979575,2370,3.869612630208333,69.0,23.0,97.9125,0
78.87307364100707,170328.492968369,2371,3.868642578125,72.0,23.0,97.9125,0
78.90505735299666,170328.524952081,2372,3.8514290364583332,72.0,24.0,97.9125,0
78.93707463500323,170328.556969363,2373,3.8726009114583335,71.0,24.0,97.9125,0
78.97307117198943,170328.5929659,2374,3.8925,66.0,24.0,97.9125,0
79.00507106698933,170328.624965795,2375,3.867041015625,72.0,24.0,97.9125,0
79.03709017398069,170328.656984902,2376,3.893684895833333,68.0,24.0,97.9125,0
79.07305204198929,170328.69294677,2377,3.8635677083333335,66.0,24.0,97.9125,0
79.10500519600464,170328.724899924,2378,3.873076171875,73.0,24.0,97.9125,0
79.13710418198025,170328.75699891,2379,3.8650944010416666,67.0,24.0,97.9125,0
79.17304002100718,170328.792934749,2380,3.8435677083333335,66.0,24.0,97.9125,0
79.20505330499145,170328.824948033,2381,3.8660709635416666,66.0,24.0,97.9125,0
79.23708358200383,170328.85697831,2382,3.88783203125,66.0,24.0,97.9125,0
79.27309858700028,170328.892993315,2383,3.9079134114583334,69.0,24.0,97.9125,0
79.3050066169817,170328.924901345,2384,3.891982421875,65.0,24.0,97.9125,0
79.33709734099102,170328.956992069,2385,3.9612434895833335,67.0,24.0,97.9125,0
79.37318485599826,170328.993079584,2386,3.9543326822916667,65.0,24.0,97.9125,0
79.40518326699384,170329.025077995,2387,3.9867057291666668,69.0,24.0,97.9125,0
79.43714905699017,170329.057043785,2388,3.9168326822916666,73.0,24.0,97.9125,0
79.46933135998552,170329.089226088,2389,3.9566438802083335,71.0,24.0,97.9125,0
79.50511719798669,170329.125011926,2390,3.9652311197916665,65.0,24.0,97.9125,0
79.53714825000498,170329.157042978,2391,3.9234928385416667,69.0,24.0,97.9125,0
79.56904116799706,170329.188935896,2392,3.9426041666666665,66.0,24.0,97.9125,0
79.60506633800105,170329.224961066,2393,3.97650390625,72.0,24.0,97.9125,0
79.63704132498242,170329.256936053,2394,3.955185546875,66.0,24.0,97.9125,0
79.66918499398162,170329.289079722,2395,3.9739192708333335,67.0,24.0,97.9125,0
79.70507989599719,170329.324974624,2396,3.9902408854166667,66.0,24.0,97.9125,0
79.73708259200794,170329.35697732,2397,3.9737662760416668,72.0,24.0,97.9125,0
79.7691909080022,170329.389085636,2398,3.965989583333333,66.0,24.0,97.9125,0
79.80506502999924,170329.424959758,2399,4.001044921875,66.0,24.0,97.9125,0
79.83712171000661,170329.457016438,2400,3.993828125,67.0,24.0,97.9125,0
79.86908440399566,170329.488979132,2401,3.9820930989583334,64.0,24.0,97.9125,0
79.90515279700048,170329.525047525,2402,3.96615234375,64.0,24.0,97.9125,0
79.9370927309792,170329.556987459,2403,3.9852897135416665,68.0,24.0,97.9125,0
79.9690786729916,170329.588973401,2404,3.98873046875,66.0,24.0,97.9125,0
80.00106041599065,170329.620955144,2405,3.987718098958333,64.0,24.0,97.9125,0
80.0370442099811,170329.656938938,2406,3.9827506510416666,67.0,24.0,97.9125,0
80.06906009398517,170329.688954822,2407,4.025221354166667,65.0,24.0,97.9125,0
80.10103667998919,170329.720931408,2408,4.0044954427083335,66.0,24.0,97.9125,0
80.13707046199124,170329.75696519,2409,3.9945833333333334,67.0,24.0,97.9125,0
80.16907482000533,170329.788969548,2410,3.9956673177083335,71.0,24.0,97.9125,0
80.20107696799096,170329.820971696,2411,3.9992415364583334,66.0,24.0,97.9125,0
80.23704409899074,170329.856938827,2412,3.9749772135416666,64.0,24.0,97.9125,0
80.26905736100161,170329.888952089,2413,4.000634765625,65.0,24.0,97.9125,0
80.30106151200016,170329.92095624,2414,3.9743033854166665,69.0,24.0,97.9125,0
80.33706090998021,170329.956955638,2415,3.994248046875,64.0,24.0,97.9125,0
80.3690934519982,170329.98898818,2416,4.00515625,65.0,24.0,97.9125,0
80.40118070598692,170330.021075434,2417,4.0025423177083335,65.0,23.0,97.9125,0
80.43718258399167,170330.057077312,2418,4.0009537760416665,67.0,23.0,97.9125,0
80.46925632099737,170330.089151049,2419,3.9934505208333335,67.0,24.0,97.9125,0
80.50109114698716,170330.120985875,2420,3.9790169270833333,71.0,23.0,97.9125,0
80.53721819698694,170330.157112925,2421,3.966015625,65.0,23.0,97.9125,0
80.56905600699247,170330.188950735,2422,3.97130859375,68.0,24.0,97.9125,0
80.60107189998962,170330.220966628,2423,3.9782845052083333,66.0,24.0,97.9125,0
80.63312811599462,170330.253022844,2424,3.949446614583333,65.0,23.0,97.9125,0
80.66907463199459,170330.28896936,2425,3.9712890625,64.0,23.0,97.9125,0
80.70105543700629,170330.320950165,2426,3.955999348958333,69.0,23.0,97.9125,0
80.7330277049914,170330.352922433,2427,3.951207682291667,69.0,23.0,97.9125,0
80.76906254599453,170330.388957274,2428,3.951920572916667,64.0,23.0,97.9125,0
80.80110351700569,170330.420998245,2429,3.9099576822916666,63.0,23.0,97.9125,0
80.8330591309932,170330.452953859,2430,3.872197265625,71.0,23.0,97.9125,0
80.86906004499178,170330.488954773,2431,3.8868001302083335,65.0,23.0,97.9125,0
80.90105210998445,170330.520946838,2432,3.8512532552083334,65.0,23.0,97.9125,0
80.93304953697952,170330.552944265,2433,3.8760416666666666,69.0,23.0,97.9125,0
80.96905425898149,170330.588948987,2434,3.8572493489583333,65.0,23.0,97.9125,0
81.00106616999255,170330.620960898,2435,3.848271484375,68.0,23.0,97.9125,0
81.03315158799523,170330.653046316,2436,3.86646484375,66.0,23.0,97.9125,0
81.06918207800481,170330.689076806,2437,3.8259016927083334,64.0,23.0,97.9125,0
81.10106329899281,170330.720958027,2438,3.8860384114583333,65.0,23.0,97.9125,0
81.1331233039964,170330.753018032,2439,3.856897786458333,66.0,23.0,97.9125,0
81.16522014999646,170330.785114878,2440,3.82423828125,71.0,23.0,97.9125,0
81.20114637399092,170330.821041102,2441,3.842763671875,63.0,23.0,97.9125,0
81.23313499600044,170330.853029724,2442,3.820400390625,67.0,23.0,97.9125,0
81.26509506200091,170330.88498979,2443,3.8189192708333333,65.0,22.0,97.9125,0
81.30106993298978,170330.920964661,2444,3.790166015625,65.0,23.0,97.9125,0
81.33307331398828,170330.952968042,2445,3.864632161458333,67.0,23.0,97.9125,0
81.36513763997937,170330.985032368,2446,3.8462955729166666,69.0,23.0,97.9125,0
81.40122162000625,170331.021116348,2447,3.845514322916667,64.0,23.0,97.9125,0
81.43320652699913,170331.053101255,2448,3.829521484375,66.0,22.0,97.9125,0
81.46527754998533,170331.085172278,2449,3.8262890625,65.0,22.0,97.9125,0
81.50106796098407,170331.120962689,2450,3.8282845052083334,73.0,23.0,97.9125,0
81.53316789798555,170331.153062626,2451,3.8646842447916665,64.0,23.0,97.9125,0
81.56514185600099,170331.185036584,2452,3.8318489583333335,67.0,23.0,97.9125,0
81.60113623400684,170331.221030962,2453,3.82205078125,66.0,23.0,97.9125,0
81.63314720999915,170331.253041938,2454,3.8219108072916668,68.0,23.0,97.9125,0
81.6650996489916,170331.284994377,2455,3.8271940104166666,68.0,23.0,97.9125,0
81.69712599998456,170331.317020728,2456,3.8261067708333334,67.0,23.0,97.9125,0
81.73309127698303,170331.352986005,2457,3.7889778645833334,68.0,23.0,97.9125,0
81.7650698699872,170331.384964598,2458,3.815901692708333,72.0,23.0,97.9125,0
81.79708973199013,170331.41698446,2459,3.7840787760416665,74.0,22.0,97.9125,0
81.83302980998997,170331.452924538,2460,3.788212890625,74.0,23.0,97.9125,0
81.86504787098966,170331.484942599,2461,3.80685546875,71.0,23.0,97.9125,0
81.89710410599946,170331.516998834,2462,3.8234765625,64.0,23.0,97.9125,0
81.93306706799194,170331.552961796,2463,3.7735481770833332,69.0,23.0,97.9125,0
81.96506014998886,170331.584954878,2464,3.7932161458333336,66.0,23.0,97.9125,0
81.99705833298503,170331.616953061,2465,3.7645572916666667,64.0,23.0,97.9125,0
82.03305437098606,170331.652949099,2466,3.789072265625,69.0,23.0,97.9125,0
82.06507761200191,170331.68497234,2467,3.7993229166666667,72.0,23.0,97.9125,0
82.0970783859957,170331.716973114,2468,3.7747265625,71.0,23.0,97.9125,0
82.13313930199365,170331.75303403,2469,3.775126953125,65.0,23.0,97.9125,0
82.16505943698576,170331.784954165,2470,3.7937532552083333,69.0,23.0,97.9125,0
82.19708369599539,170331.816978424,2471,3.758974609375,66.0,23.0,97.9125,0
82.23311636198196,170331.85301109,2472,3.767708333333333,68.0,23.0,97.9125,0
82.26512759400066,170331.885022322,2473,3.756311848958333,69.0,23.0,97.9125,0
82.29706800900749,170331.916962737,2474,3.7587239583333334,65.0,23.0,97.9125,0
82.32911502500065,170331.949009753,2475,3.74955078125,72.0,23.0,97.9125,0
82.36506624400499,170331.984960972,2476,3.789921875,68.0,23.0,97.9125,0
82.39714243297931,170332.017037161,2477,3.76009765625,65.0,23.0,97.9125,0
82.42915831200662,170332.04905304,2478,3.7486458333333332,69.0,23.0,97.9125,0
82.46512596000684,170332.085020688,2479,3.7307356770833335,69.0,23.0,97.9125,0
82.49715224999818,170332.117046978,2480,3.75314453125,69.0,23.0,97.9125,0
82.529145212,170332.14903994,2481,3.7386979166666667,68.0,24.0,97.9125,0
82.56509430200094,170332.18498903,2482,3.7385188802083333,72.0,24.0,97.9125,0
82.59709165600361,170332.216986384,2483,3.693658854166667,71.0,23.0,97.9125,0
82.62904848600738,170332.248943214,2484,3.7774153645833333,67.0,24.0,97.9125,0
82.66508791598608,170332.284982644,2485,3.7407942708333333,72.0,24.0,97.9125,0
82.69706270398456,170332.316957432,2486,3.7455924479166667,75.0,24.0,97.9125,0
82.72901246699621,170332.348907195,2487,3.7759635416666666,71.0,23.0,97.9125,0
82.76508731898502,170332.384982047,2488,3.743544921875,72.0,24.0,97.9125,0
82.79709668300347,170332.416991411,2489,3.7206803385416665,65.0,24.0,97.9125,0
82.82912200398277,170332.449016732,2490,3.7253548177083333,66.0,24.0,97.9125,0
82.86108632499236,170332.480981053,2491,3.7585514322916667,69.0,24.0,97.9125,0
82.89715277298819,170332.517047501,2492,3.7608528645833332,66.0,24.0,97.9125,0
82.92906098099775,170332.548955709,2493,3.725979817708333,66.0,24.0,97.9125,0
82.96109861700097,170332.580993345,2494,3.7600065104166664,69.0,24.0,97.9125,0
82.99711883100099,170332.617013559,2495,3.7498567708333335,66.0,24.0,97.9125,0
83.02911990098073,170332.649014629,2496,3.757041015625,68.0,24.0,97.9125,0
83.06109381699935,170332.680988545,2497,3.7611686197916665,75.0,24.0,97.9125,0
83.0971331379842,170332.717027866,2498,3.784065755208333,66.0,24.0,97.9125,0
83.12909980298718,170332.748994531,2499,3.746809895833333,69.0,24.0,97.9125,0
83.16108550698846,170332.780980235,2500,3.772330729166667,71.0,24.0,97.9125,0
83.19706885598134,170332.816963584,2501,3.7671712239583335,65.0,24.0,97.9125,0
83.22908453000127,170332.848979258,2502,3.794619140625,69.0,24.0,97.9125,0
83.26109917199938,170332.8809939,2503,3.7943717447916665,69.0,24.0,97.9125,0
83.29716913300217,170332.917063861,2504,3.7820703125,66.0,24.0,97.9125,0
83.32911678499659,170332.949011513,2505,3.7747688802083332,67.0,24.0,97.9125,0
83.36106098300661,170332.980955711,2506,3.7840559895833334,66.0,24.0,97.9125,0
83.39316213800339,170333.013056866,2507,3.7645963541666667,66.0,24.0,97.9125,0
83.4292924219917,170333.04918715,2508,3.7722623697916666,67.0,24.0,97.9125,0
83.46128269200562,170333.08117742,2509,3.7839095052083334,69.0,24.0,97.9125,0
83.49320940798498,170333.113104136,2510,3.790152994791667,66.0,24.0,97.9125,0
83.52917396498378,170333.149068693,2511,3.800126953125,68.0,24.0,97.9125,0
83.56108868698357,170333.180983415,2512,3.8073828125,69.0,24.0,97.9125,0
83.59318645499297,170333.213081183,2513,3.793271484375,73.0,24.0,97.9125,0
83.62919956498081,170333.249094293,2514,3.8020865885416666,64.0,24.0,97.9125,0
83.661164930003,170333.281059658,2515,3.7925813802083335,66.0,24.0,97.9125,0
83.69308514599106,170333.312979874,2516,3.8098014322916667,66.0,24.0,97.9125,0
83.72909478200017,170333.34898951,2517,3.7980729166666665,64.0,24.0,97.9125,0
83.76115474299877,170333.381049471,2518,3.8185579427083334,69.0,24.0,97.9125,0
83.79313383900444,170333.413028567,2519,3.789361979166667,71.0,24.0,97.9125,0
83.82913656998426,170333.449031298,2520,3.8022591145833333,66.0,24.0,97.9125,0
83.86113553799805,170333.481030266,2521,3.828141276041667,69.0,24.0,97.9125,0
83.89314028198714,170333.51303501,2522,3.783173828125,66.0,24.0,97.9125,0
83.92512126799556,170333.545015996,2523,3.7804654947916667,65.0,24.0,97.9125,0
83.96109386900207,170333.580988597,2524,3.770208333333333,73.0,24.0,97.9125,0
83.99313926498871,170333.613033993,2525,3.8015104166666664,64.0,24.0,97.9125,0
84.02515814299113,170333.645052871,2526,3.8031217447916665,72.0,24.0,97.9125,0
84.06109817899414,170333.680992907,2527,3.7899153645833334,64.0,23.0,97.9125,0
84.0931907449849,170333.713085473,2528,3.7927766927083333,66.0,23.0,97.9125,0
84.12506998499157,170333.744964713,2529,3.7986100260416666,65.0,23.0,97.9125,0
84.16112993098795,170333.781024659,2530,3.804267578125,66.0,23.0,97.9125,0
84.19308470899705,170333.812979437,2531,3.7906282552083335,72.0,23.0,97.9125,0
84.2251317659975,170333.845026494,2532,3.788115234375,67.0,23.0,97.9125,0
84.26109238600475,170333.880987114,2533,3.7786328125,66.0,23.0,97.9125,0
84.29306179599371,170333.912956524,2534,3.7711393229166665,72.0,23.0,97.9125,0
84.32513993498287,170333.945034663,2535,3.767259114583333,63.0,23.0,97.9125,0
84.36110471800203,170333.980999446,2536,3.77953125,65.0,23.0,97.9125,0
84.39316082000732,170334.013055548,2537,3.7641178385416665,64.0,23.0,97.9125,0
84.42523004297982,170334.045124771,2538,3.7742610677083333,60.0,23.0,97.9125,0
84.46123410400469,170334.081128832,2539,3.7747233072916666,66.0,23.0,97.9125,0
84.49318523000693,170334.113079958,2540,3.78208984375,65.0,23.0,97.9125,0
84.52517724499921,170334.145071973,2541,3.7605598958333335,66.0,23.0,97.9125,0
84.55715191899799,170334.177046647,2542,3.750947265625,66.0,23.0,97.9125,0
84.59454243499204,170334.214437163,2543,3.7469108072916666,68.0,23.0,97.9125,0
84.62656551800319,170334.246460246,2544,3.73501953125,65.0,23.0,97.9125,0
84.65739591000602,170334.277290638,2545,3.7453580729166664,65.0,23.0,97.9125,0
84.69347492197994,170334.31336965,2546,3.7184212239583334,65.0,23.0,97.9125,0
84.7359909049992,170334.355885633,2547,3.714993489583333,69.0,23.0,97.9125,0
84.7577914930007,170334.377686221,2548,3.7200325520833335,65.0,23.0,97.9125,0
84.79333473398583,170334.413229462,2549,3.720615234375,64.0,23.0,97.9125,0
84.8252671409864,170334.445161869,2550,3.7540169270833332,66.0,23.0,97.9125,0
84.85721234299126,170334.477107071,2551,3.701695963541667,71.0,23.0,97.9125,0
84.89314320698031,170334.513037935,2552,3.7237174479166666,66.0,22.0,97.9125,0
84.92513689299813,170334.545031621,2553,3.7246061197916664,64.0,22.0,97.9125,0
84.95720543598873,170334.577100164,2554,3.6811653645833333,65.0,23.0,97.9125,0
84.99321260498255,170334.613107333,2555,3.7051009114583335,63.0,23.0,97.9125,0
85.02517063799314,170334.645065366,2556,3.7722688802083333,67.0,23.0,97.9125,0
85.05709500200464,170334.67698973,2557,3.755485026041667,66.0,22.0,97.9125,0
85.08917173498776,170334.709066463,2558,3.7510774739583335,68.0,23.0,97.9125,0
85.12509659599164,170334.744991324,2559,3.7302864583333335,66.0,23.0,97.9125,0
85.1571468070033,170334.777041535,2560,3.7273209635416666,65.0,22.0,97.9125,0
85.18914537900127,170334.809040107,2561,3.7442513020833332,65.0,23.0,97.9125,0
85.22512699398794,170334.845021722,2562,3.7529817708333333,67.0,22.0,97.9125,0
85.25714669999434,170334.877041428,2563,3.7630729166666668,64.0,23.0,97.9125,0
85.28912464799942,170334.909019376,2564,3.7510579427083335,67.0,23.0,97.9125,0
85.3251260459947,170334.945020774,2565,3.7392545572916664,71.0,22.0,97.9125,0
85.35712388399406,170334.977018612,2566,3.717903645833333,69.0,22.0,97.9125,0
85.38922700900002,170335.009121737,2567,3.7466634114583335,66.0,22.0,97.9125,0
85.42513284200686,170335.04502757,2568,3.7311002604166665,68.0,23.0,97.9125,0
85.45719815097982,170335.077092879,2569,3.7243001302083334,66.0,23.0,97.9125,0
85.48915153599228,170335.109046264,2570,3.7293815104166668,65.0,22.0,97.9125,0
85.52519844798371,170335.145093176,2571,3.7343326822916665,69.0,23.0,97.9125,0
85.55715137100196,170335.177046099,2572,3.7052897135416667,72.0,22.0,97.9125,0
85.58915877100662,170335.209053499,2573,3.764215494791667,67.0,23.0,97.9125,0
85.62515430600615,170335.245049034,2574,3.7417220052083335,69.0,23.0,97.9125,0
85.65720937799779,170335.277104106,2575,3.7518619791666667,65.0,23.0,97.9125,0
85.68909261500812,170335.308987343,2576,3.739671223958333,63.0,23.0,97.9125,0
85.72112964399275,170335.341024372,2577,3.7077018229166665,67.0,23.0,97.9125,0
85.75715552998008,170335.377050258,2578,3.735276692708333,66.0,23.0,97.9125,0
85.7891486469889,170335.409043375,2579,3.7507975260416666,71.0,23.0,97.9125,0
85.82111414900282,170335.441008877,2580,3.751103515625,69.0,23.0,97.9125,0
85.85714038199512,170335.47703511,2581,3.7230859375,72.0,23.0,97.9125,0
85.88912424398586,170335.509018972,2582,3.743219401041667,65.0,23.0,97.9125,0
85.92110054200748,170335.54099527,2583,3.737584635416667,66.0,23.0,97.9125,0
85.95708170699072,170335.576976435,2584,3.73826171875,69.0,23.0,97.9125,0
85.98908863900579,170335.608983367,2585,3.743818359375,66.0,23.0,97.9125,0
86.02110162598547,170335.640996354,2586,3.7347591145833334,67.0,23.0,97.9125,0
86.05713109998032,170335.677025828,2587,3.744716796875,69.0,23.0,97.9125,0
86.08918613399146,170335.709080862,2588,3.74431640625,66.0,23.0,97.9125,0
86.1210876069963,170335.740982335,2589,3.751145833333333,68.0,23.0,97.9125,0
86.15714432200184,170335.77703905,2590,3.762421875,74.0,23.0,97.9125,0
86.18909241299843,170335.808987141,2591,3.73228515625,71.0,23.0,97.9125,0
86.22109094099142,170335.840985669,2592,3.7251009114583336,69.0,23.0,97.9125,0
86.2531379639986,170335.873032692,2593,3.7468912760416666,71.0,23.0,97.9125,0
86.28913625900168,170335.909030987,2594,3.6995084635416666,69.0,23.0,97.9125,0
86.32109851800487,170335.940993246,2595,3.6888020833333335,73.0,24.0,97.9125,0
86.35314770397963,170335.973042432,2596,3.6796647135416665,66.0,24.0,97.9125,0
86.38919425799395,170336.009088986,2597,3.6907356770833335,68.0,24.0,97.9125,0
86.42123965200153,170336.04113438,2598,3.6959440104166665,67.0,24.0,97.9125,0
86.45326487298007,170336.073159601,2599,3.725416666666667,72.0,24.0,97.9125,0
86.48913763498422,170336.109032363,2600,3.7083333333333335,71.0,24.0,97.9125,0
86.52124672799255,170336.141141456,2601,3.7472233072916667,73.0,24.0,97.9125,0
86.55312578298617,170336.173020511,2602,3.7359375,69.0,24.0,97.9125,0
86.58910365100019,170336.208998379,2603,3.762994791666667,73.0,24.0,97.9125,0
86.62109546398278,170336.240990192,2604,3.717861328125,65.0,24.0,97.9125,0
86.653136790992,170336.273031519,2605,3.7675,66.0,24.0,97.9125,0
86.68912479799474,170336.309019526,2606,3.7268391927083333,69.0,24.0,97.9125,0
86.72111837999546,170336.341013108,2607,3.7643587239583334,66.0,24.0,97.9125,0
86.75314483500551,170336.373039563,2608,3.7547200520833335,71.0,24.0,97.9125,0
86.78516472599586,170336.405059454,2609,3.7604850260416667,73.0,24.0,97.9125,0
86.82114677899517,170336.441041507,2610,3.758125,72.0,24.0,97.9125,0
86.85306932599633,170336.472964054,2611,3.74416015625,71.0,24.0,97.9125,0
86.88509989800514,170336.504994626,2612,3.779202473958333,67.0,24.0,97.9125,0
86.92109744797926,170336.540992176,2613,3.772688802083333,67.0,24.0,97.9125,0
86.95308305299841,170336.572977781,2614,3.77533203125,67.0,24.0,97.9125,0
86.98511344299186,170336.605008171,2615,3.78333984375,67.0,24.0,97.9125,0
87.02106339298189,170336.640958121,2616,3.7853190104166665,68.0,24.0,97.9125,0
87.05308003898244,170336.672974767,2617,3.7966243489583333,73.0,24.0,97.9125,0
87.08507018900127,170336.704964917,2618,3.7927473958333335,66.0,24.0,97.9125,0
87.12105068200617,170336.74094541,2619,3.794661458333333,69.0,24.0,97.9125,0
87.15307694498915,170336.772971673,2620,3.7902018229166665,69.0,24.0,97.9125,0
87.18506607000018,170336.804960798,2621,3.8125813802083335,69.0,24.0,97.9125,0
87.22110311299912,170336.840997841,2622,3.7773046875,69.0,24.0,97.9125,0
87.25307665998116,170336.872971388,2623,3.81302734375,68.0,24.0,97.9125,0
87.28506901400397,170336.904963742,2624,3.805436197916667,66.0,24.0,97.9125,0
87.31709262399818,170336.936987352,2625,3.81513671875,67.0,24.0,97.9125,0
87.35306245498941,170336.972957183,2626,3.844013671875,66.0,24.0,97.9125,0
87.3851514130074,170337.005046141,2627,3.839912109375,65.0,24.0,97.9125,0
87.41711397300242,170337.037008701,2628,3.841552734375,68.0,24.0,97.9125,0
87.45311712598777,170337.073011854,2629,3.859423828125,69.0,24.0,97.9125,0
87.48511724398122,170337.105011972,2630,3.830999348958333,67.0,24.0,97.9125,0
87.51712103799218,170337.137015766,2631,3.831279296875,68.0,24.0,97.9125,0
87.55308830499416,170337.172983033,2632,3.844482421875,66.0,24.0,97.9125,0
87.58505531999981,170337.204950048,2633,3.8382259114583333,66.0,24.0,97.9125,0
87.61712237799657,170337.237017106,2634,3.8819270833333333,72.0,24.0,97.9125,0
87.65303400999983,170337.272928738,2635,3.8639908854166665,64.0,24.0,97.9125,0
87.68506565698772,170337.304960385,2636,3.8445084635416666,67.0,24.0,97.9125,0
87.71702627898776,170337.336921007,2637,3.8780013020833333,65.0,24.0,97.9125,0
87.75307696900563,170337.372971697,2638,3.862473958333333,69.0,24.0,97.9125,0
87.7850634540082,170337.404958182,2639,3.842607421875,67.0,23.0,97.9125,0
87.81702722600312,170337.436921954,2640,3.8478971354166664,68.0,24.0,97.9125,0
87.85310417800792,170337.472998906,2641,3.841871744791667,71.0,24.0,97.9125,0
87.8850258399907,170337.504920568,2642,3.8210514322916667,66.0,23.0,97.9125,0
87.91710038899328,170337.536995117,2643,3.8523046875,65.0,23.0,97.9125,0
87.94911646499531,170337.569011193,2644,3.8329036458333334,69.0,23.0,97.9125,0
87.98506240200368,170337.60495713,2645,3.8214518229166665,67.0,23.0,97.9125,0
88.01708744300413,170337.636982171,2646,3.8713313802083333,64.0,24.0,97.9125,0
88.0490985350043,170337.668993263,2647,3.8084407552083333,64.0,23.0,97.9125,0
88.08505540000624,170337.704950128,2648,3.79279296875,65.0,23.0,97.9125,0
88.11705983898719,170337.736954567,2649,3.8164713541666666,62.0,23.0,97.9125,0
88.14906726300251,170337.768961991,2650,3.8160709635416667,65.0,23.0,97.9125,0
88.1850905889878,170337.804985317,2651,3.7570377604166665,67.0,23.0,97.9125,0
88.21710079000331,170337.836995518,2652,3.82025390625,65.0,23.0,97.9125,0
88.2490713899897,170337.868966118,2653,3.777958984375,63.0,23.0,97.9125,0
88.285090372985,170337.904985101,2654,3.7872623697916667,69.0,23.0,97.9125,0
88.31709058699198,170337.936985315,2655,3.76982421875,71.0,23.0,97.9125,0
88.34903175500222,170337.968926483,2656,3.774521484375,71.0,23.0,97.9125,0
88.38517850398785,170338.005073232,2657,3.762568359375,74.0,23.0,97.9125,0
88.41708921699319,170338.036983945,2658,3.780048828125,65.0,23.0,97.9125,0
88.44913706299849,170338.069031791,2659,3.7757454427083332,67.0,23.0,97.9125,0
88.48112046899041,170338.101015197,2660,3.7650520833333334,65.0,23.0,97.9125,0
88.51713157899212,170338.137026307,2661,3.760986328125,66.0,23.0,97.9125,0
88.54902619600762,170338.168920924,2662,3.7434049479166664,64.0,23.0,97.9125,0
88.58112393098418,170338.201018659,2663,3.7477376302083334,63.0,23.0,97.9125,0
88.61709591600811,170338.236990644,2664,3.752760416666667,66.0,23.0,97.9125,0
88.64911716998904,170338.269011898,2665,3.7662109375,68.0,23.0,97.9125,0
88.68114389598486,170338.301038624,2666,3.7504622395833334,66.0,23.0,97.9125,0
88.71710352998343,170338.336998258,2667,3.769606119791667,65.0,23.0,97.9125,0
88.7491210019798,170338.36901573,2668,3.765455729166667,63.0,22.0,97.9125,0
88.78105606799363,170338.400950796,2669,3.7432649739583335,62.0,22.0,97.9125,0
88.81711298599839,170338.437007714,2670,3.7519303385416665,66.0,23.0,97.9125,0
88.84912559899385,170338.469020327,2671,3.7617317708333333,67.0,23.0,97.9125,0
88.88109157400322,170338.500986302,2672,3.72623046875,65.0,22.0,97.9125,0
88.91707330700592,170338.536968035,2673,3.7100032552083335,68.0,23.0,97.9125,0
88.94906420898042,170338.568958937,2674,3.712841796875,64.0,22.0,97.9125,0
88.98110289199394,170338.60099762,2675,3.709453125,71.0,23.0,97.9125,0
89.01314153900603,170338.633036267,2676,3.683577473958333,62.0,23.0,97.9125,0
89.04910283899517,170338.668997567,2677,3.6926953125,67.0,22.0,97.9125,0
89.08107533698785,170338.700970065,2678,3.683199869791667,66.0,22.0,97.9125,0
89.11306604399579,170338.732960772,2679,3.669583333333333,66.0,22.010000000009313,97.9125,0
89.14912337600254,170338.769018104,2680,3.6936751302083333,65.0,22.0,97.9125,0
89.18103019599221,170338.800924924,2681,3.712721354166667,65.0,22.0,97.9125,0
89.21304589600186,170338.832940624,2682,3.7036360677083335,71.0,23.0,97.9125,0
89.2490698150068,170338.868964543,2683,3.65939453125,65.0,22.0,97.9125,0
89.28108213999076,170338.900976868,2684,3.6551953125,68.0,23.0,97.9125,0
89.3130854970077,170338.932980225,2685,3.6865006510416665,66.0,22.0,97.9125,0
89.34906484998646,170338.968959578,2686,3.6897688802083333,69.0,22.0,97.9125,0
89.3810946260055,170339.000989354,2687,3.6703776041666667,66.0,23.0,97.9125,0
89.413156953,170339.033051681,2688,3.717412109375,65.0,23.0,97.9125,0
89.44907908400637,170339.068973812,2689,3.7001334635416665,73.0,22.0,97.9125,0
89.48112652098644,170339.101021249,2690,3.6954134114583335,72.0,22.010000000009313,97.9125,0
89.5130903100071,170339.132985038,2691,3.68349609375,69.0,23.0,97.9125,0
89.5491457140015,170339.169040442,2692,3.681875,69.0,22.0,97.9125,0
89.58107342399308,170339.200968152,2693,3.674443359375,71.0,23.0,97.9125,0
89.61302613999578,170339.232920868,2694,3.6737109375,69.0,23.0,97.9125,0
89.64509710500715,170339.264991833,2695,3.69787109375,66.0,22.0,97.9125,0
89.68112494799425,170339.301019676,2696,3.701337890625,66.0,23.0,97.9125,0
89.71305252399179,170339.332947252,2697,3.682845052083333,73.0,23.0,97.9125,0
89.74507725299918,170339.364971981,2698,3.664033203125,66.0,22.0,97.9125,0
89.7810651990003,170339.400959927,2699,3.688248697916667,64.0,23.0,97.9125,0
89.81310258599115,170339.432997314,2700,3.6618912760416666,64.0,23.0,97.9125,0
89.84508285400807,170339.464977582,2701,3.6965755208333335,69.0,23.0,97.9125,0
89.88108196700341,170339.500976695,2702,3.689912109375,65.0,23.0,97.9125,0
89.91307011398021,170339.532964842,2703,3.663649088541667,71.0,23.0,97.9125,0
89.9451230209961,170339.565017749,2704,3.6821516927083335,71.0,23.0,97.9125,0
89.98110180400545,170339.600996532,2705,3.6905208333333333,71.0,23.0,97.9125,0
90.01307033500052,170339.632965063,2706,3.692327473958333,67.0,23.0,97.9125,0
90.04510397597915,170339.664998704,2707,3.6519921875,71.0,23.0,97.9125,0
90.08116332799545,170339.701058056,2708,3.642431640625,67.0,23.0,97.9125,0
90.11307125599706,170339.732965984,2709,3.735556640625,69.0,23.0,97.9125,0
90.1450730059878,170339.764967734,2710,3.7549055989583335,73.0,23.0,97.9125,0
90.17708579398459,170339.796980522,2711,3.74166015625,68.0,23.0,97.9125,0
90.21308248699643,170339.832977215,2712,3.6845247395833334,69.0,23.0,97.9125,0
90.24504308198811,170339.86493781,2713,3.7059440104166668,69.0,23.0,97.9125,0
90.27711577099399,170339.897010499,2714,3.6867936197916666,65.0,23.0,97.9125,0
90.3130843899853,170339.932979118,2715,3.7275846354166666,69.0,24.0,97.9125,0
90.34510994498851,170339.965004673,2716,3.740065104166667,71.0,23.0,97.9125,0
90.37716755497968,170339.997062283,2717,3.734482421875,72.0,24.0,97.9125,0
90.41338872699998,170340.033283455,2718,3.7518684895833334,77.0,24.0,97.9125,0
90.4452259200043,170340.065120648,2719,3.721735026041667,66.0,24.0,97.9125,0
90.47714662598446,170340.097041354,2720,3.7213313802083334,72.0,24.0,97.9125,0
90.51329989600345,170340.133194624,2721,3.74033203125,72.0,24.0,97.9125,0
90.54513649098226,170340.165031219,2722,3.72666015625,65.0,24.0,97.9125,0
90.57713429699652,170340.197029025,2723,3.7167578125,71.0,24.0,97.9125,0
90.6131034650025,170340.232998193,2724,3.749697265625,68.0,24.0,97.9125,0
90.64513516900479,170340.265029897,2725,3.7504069010416665,69.0,24.0,97.9125,0
90.67709728199407,170340.29699201,2726,3.7331510416666664,68.0,24.0,97.9125,0
90.71306729200296,170340.33296202,2727,3.7629622395833335,67.0,24.0,97.9125,0
90.74518961200374,170340.36508434,2728,3.772548828125,71.0,24.0,97.9125,0
90.77711451199139,170340.39700924,2729,3.7625,69.0,24.0,97.9125,0
90.8091139489843,170340.429008677,2730,3.762890625,66.0,24.0,97.9125,0
90.84507932298584,170340.464974051,2731,3.7607486979166667,69.0,24.0,97.9125,0
90.87711335500353,170340.497008083,2732,3.7609440104166665,66.0,24.0,97.9125,0
90.90918468098971,170340.529079409,2733,3.776985677083333,75.0,24.0,97.9125,0
90.94507606100524,170340.564970789,2734,3.780068359375,72.0,24.0,97.9125,0
90.9770803959982,170340.596975124,2735,3.7708984375,69.0,24.0,97.9125,0
91.0090957779903,170340.628990506,2736,3.7947591145833335,68.0,24.0,97.9125,0
91.04508605599403,170340.664980784,2737,3.8002083333333334,67.0,24.0,97.9125,0
91.07709454299766,170340.696989271,2738,3.810735677083333,69.0,24.0,97.9125,0
91.10911089699948,170340.729005625,2739,3.7792317708333334,64.0,24.0,97.9125,0
91.14503203899949,170340.764926767,2740,3.80205078125,69.0,24.0,97.9125,0
91.17708854898228,170340.796983277,2741,3.78654296875,69.0,24.0,97.9125,0
91.209081649984,170340.828976378,2742,3.78943359375,67.0,24.0,97.9125,0
91.24519126999076,170340.865085998,2743,3.8146126302083334,73.0,24.0,97.9125,0
91.27709903300274,170340.896993761,2744,3.80544921875,68.0,24.0,97.9125,0
91.30911225700402,170340.929006985,2745,3.8009016927083334,69.0,24.0,97.9125,0
91.3410842489975,170340.960978977,2746,3.822724609375,64.0,24.0,97.9125,0
91.37713814197923,170340.99703287,2747,3.810807291666667,67.0,24.0,97.9125,0
91.40909477198147,170341.0289895,2748,3.780546875,69.0,24.0,97.9125,0
91.44109657398076,170341.060991302,2749,3.8028385416666666,69.0,24.0,97.9125,0
91.47713909597951,170341.097033824,2750,3.818662109375,64.0,24.0,97.9125,0
91.50910478900187,170341.128999517,2751,3.817796223958333,66.0,24.0,97.9125,0
91.54112641900429,170341.161021147,2752,3.8384895833333332,76.0,24.0,97.9125,0
91.57711708499119,170341.197011813,2753,3.8061393229166667,73.0,24.0,97.9125,0
91.60907527699601,170341.228970005,2754,3.818681640625,63.0,24.0,97.9125,0
91.64109520599595,170341.260989934,2755,3.802294921875,65.0,24.0,97.9125,0
91.67712318198755,170341.29701791,2756,3.8284407552083333,65.0,24.0,97.9125,0
91.70913347398164,170341.329028202,2757,3.796819661458333,66.0,23.0,97.9125,0
91.74112821699237,170341.361022945,2758,3.8084733072916666,67.0,24.0,97.9125,0
91.77720449099434,170341.397099219,2759,3.794462890625,68.0,24.0,97.9125,0
91.80907764699077,170341.428972375,2760,3.80365234375,65.0,24.0,97.9125,0
91.84108761599055,170341.460982344,2761,3.79109375,64.0,24.0,97.9125,0
91.87312799098436,170341.493022719,2762,3.8205143229166665,66.0,24.0,97.9125,0
91.90907910300302,170341.528973831,2763,3.803541666666667,66.0,23.0,97.9125,0
91.9411255029845,170341.561020231,2764,3.843837890625,68.0,24.0,97.9125,0
91.97313161098282,170341.593026339,2765,3.8271907552083335,66.0,23.0,97.9125,0
92.00908586999867,170341.628980598,2766,3.8107291666666665,69.0,23.0,97.9125,0
92.04112261900445,170341.661017347,2767,3.8085970052083336,64.0,23.0,97.9125,0
92.07309400700615,170341.692988735,2768,3.8208333333333333,66.0,23.0,97.9125,0
92.10914368898375,170341.729038417,2769,3.826298828125,63.0,23.0,97.9125,0
92.14104311200208,170341.76093784,2770,3.8000032552083334,65.0,23.0,97.9125,0
92.17309266098891,170341.792987389,2771,3.83263671875,66.0,23.0,97.9125,0
92.20911263499875,170341.829007363,2772,3.8405696614583333,64.0,23.0,97.9125,0
92.24112359000719,170341.861018318,2773,3.8464615885416666,65.0,23.0,97.9125,0
92.27315310298582,170341.893047831,2774,3.8251822916666667,65.0,23.0,97.9125,0
92.30914852998103,170341.929043258,2775,3.8011653645833334,68.0,23.0,97.9125,0
92.34114471898647,170341.961039447,2776,3.8177897135416665,65.0,23.0,97.9125,0
92.37313484100741,170341.993029569,2777,3.8173307291666667,67.0,23.0,97.9125,0
92.40914453100413,170342.029039259,2778,3.8160904947916667,65.0,23.0,97.9125,0
92.44108691599104,170342.060981644,2779,3.8355729166666666,65.0,23.0,97.9125,0
92.4731641029939,170342.093058831,2780,3.7943098958333334,63.0,23.0,97.9125,0
92.50512958399486,170342.125024312,2781,3.810341796875,63.0,23.0,97.9125,0
92.54114764399128,170342.161042372,2782,3.8138248697916666,66.0,23.0,97.9125,0
92.5730619399983,170342.192956668,2783,3.7934830729166666,65.0,23.0,97.9125,0
92.60523881399422,170342.225133542,2784,3.804671223958333,69.0,23.0,97.9125,0
92.64112276499509,170342.261017493,2785,3.7810579427083333,65.0,23.0,97.9125,0
92.67312951700296,170342.293024245,2786,3.7849739583333335,63.0,23.0,97.9125,0
92.70503674200154,170342.32493147,2787,3.765859375,63.0,23.0,97.9125,0
92.74109104898525,170342.360985777,2788,3.78294921875,66.0,23.0,97.9125,0
92.77319725899724,170342.393091987,2789,3.7708723958333334,67.0,23.0,97.9125,0
92.80507099200622,170342.42496572,2790,3.755335286458333,64.0,23.0,97.9125,0
92.84113674898981,170342.461031477,2791,3.75271484375,64.0,23.0,97.9125,0
92.8731320599909,170342.493026788,2792,3.7396223958333334,69.0,23.0,97.9125,0
92.90509164799005,170342.524986376,2793,3.7493684895833335,67.0,23.0,97.9125,0
92.94119676799164,170342.561091496,2794,3.716513671875,65.0,22.0,97.9125,0
92.97313737598597,170342.593032104,2795,3.7397786458333333,67.0,22.0,97.9125,0
93.00505351898028,170342.624948247,2796,3.710732421875,68.0,22.0,97.9125,0
93.03714261599816,170342.657037344,2797,3.7275813802083335,62.0,22.0,97.9125,0
93.07313527300721,170342.693030001,2798,3.707822265625,64.0,22.0,97.9125,0
93.10513254799298,170342.725027276,2799,3.6932779947916665,66.0,23.0,97.9125,0
93.13712064397987,170342.757015372,2800,3.63740234375,69.0,22.0,97.9125,0
93.17309566799668,170342.792990396,2801,3.6866569010416668,72.0,23.0,97.9125,0
93.20512471400434,170342.825019442,2802,3.6631477864583335,67.0,22.0,97.9125,0
93.23714007798117,170342.857034806,2803,3.6563932291666665,65.0,22.0,97.9125,0
93.27316438499838,170342.893059113,2804,3.6547428385416665,71.0,22.0,97.9125,0
93.30506698400131,170342.924961712,2805,3.65966796875,67.0,22.0,97.9125,0
93.33713592399727,170342.957030652,2806,3.6835872395833333,66.0,22.0,97.9125,0
93.37316825098242,170342.993062979,2807,3.647330729166667,66.0,22.0,97.9125,0
93.40528222499415,170343.025176953,2808,3.635869140625,67.0,22.0,97.9125,0
93.43713978599408,170343.057034514,2809,3.6615885416666667,67.0,22.0,97.9125,0
93.47315545199672,170343.09305018,2810,3.6631966145833332,68.0,22.0,97.9125,0
93.50509216298815,170343.124986891,2811,3.6595572916666668,68.0,23.0,97.9125,0
93.53711903397925,170343.157013762,2812,3.6249674479166667,72.0,22.0,97.9125,0
93.56914028100437,170343.189035009,2813,3.63265625,67.0,23.0,97.9125,0
93.60516014398308,170343.225054872,2814,3.6678450520833334,65.0,22.0,97.9125,0
93.63708587398287,170343.256980602,2815,3.6410677083333334,67.0,22.0,97.9125,0
93.6691433909873,170343.289038119,2816,3.6863509114583333,66.0,22.0,97.9125,0
93.70513490299345,170343.325029631,2817,3.706474609375,65.0,22.0,97.9125,0
93.73711390199605,170343.35700863,2818,3.6814192708333335,67.0,22.0,97.9125,0
93.76913761999458,170343.389032348,2819,3.657119140625,71.0,23.0,97.9125,0
93.80510271899402,170343.424997447,2820,3.655,72.0,23.0,97.9125,0
93.83713182399515,170343.457026552,2821,3.6812337239583335,67.0,23.0,97.9125,0
93.8691465969896,170343.489041325,2822,3.6264029947916665,67.0,22.0,97.9125,0
93.90508427098393,170343.524978999,2823,3.6489680989583335,71.0,23.0,97.9125,0
93.93710065699997,170343.556995385,2824,3.6539680989583334,66.0,23.0,97.9125,0
93.96914449500036,170343.589039223,2825,3.678271484375,68.0,23.0,97.9125,0
94.00514435299556,170343.625039081,2826,3.66609375,67.0,23.0,97.9125,0
94.03714475999004,170343.657039488,2827,3.6722298177083332,72.0,23.0,97.9125,0
94.06914472900098,170343.689039457,2828,3.6845670572916664,67.0,23.0,97.9125,0
94.10515520398621,170343.725049932,2829,3.645543619791667,69.0,23.0,97.9125,0
94.13713437897968,170343.757029107,2830,3.6878255208333335,66.0,23.0,97.9125,0
94.1691036389966,170343.788998367,2831,3.6847428385416667,72.0,23.0,97.9125,0
94.20110491398373,170343.820999642,2832,3.634990234375,65.0,23.0,97.9125,0
94.23716230600257,170343.857057034,2833,3.662197265625,72.0,23.0,97.9125,0
94.26911617000587,170343.889010898,2834,3.6787337239583335,77.0,23.0,97.9125,0
94.30113291600719,170343.921027644,2835,3.6950651041666664,69.0,23.0,97.9125,0
94.33713527399232,170343.957030002,2836,3.6583203125,68.0,23.0,97.9125,0
94.36912882098113,170343.989023549,2837,3.673375651041667,67.0,23.0,97.9125,0
94.40111686399905,170344.021011592,2838,3.6755794270833335,71.0,23.0,97.9125,0
94.43725645999075,170344.057151188,2839,3.7162662760416665,73.0,23.0,97.9125,0
94.46911569699296,170344.089010425,2840,3.67396484375,67.0,23.0,97.9125,0
94.50109804098611,170344.120992769,2841,3.6875423177083335,66.0,23.0,97.9125,0
94.53707645600662,170344.156971184,2842,3.680791015625,69.0,23.0,97.9125,0
94.5690624989802,170344.188957227,2843,3.69623046875,68.0,23.0,97.9125,0
94.60110141398036,170344.220996142,2844,3.774931640625,72.0,24.0,97.9125,0
94.63720436498988,170344.257099093,2845,3.762431640625,73.0,24.0,97.9125,0
94.66912263998529,170344.289017368,2846,3.777587890625,68.0,24.0,97.9125,0
94.70113266998669,170344.321027398,2847,3.7390364583333335,67.0,24.0,97.9125,0
94.73312665600679,170344.353021384,2848,3.7724381510416665,71.0,24.0,97.9125,0
94.76913102300023,170344.389025751,2849,3.7608138020833333,67.0,24.0,97.9125,0
94.80110287098796,170344.420997599,2850,3.764348958333333,78.0,24.0,97.9125,0
94.83312093198765,170344.45301566,2851,3.7512858072916666,71.0,24.0,97.9125,0
94.86915100799524,170344.489045736,2852,3.7504166666666667,66.0,24.0,97.9125,0
94.90109934698557,170344.520994075,2853,3.7733723958333334,65.0,24.0,97.9125,0
94.93315867500496,170344.553053403,2854,3.782412109375,71.0,24.0,97.9125,0
94.96914326099795,170344.589037989,2855,3.8093359375,72.0,24.0,97.9125,0
95.00109790198621,170344.62099263,2856,3.7990266927083334,68.0,24.0,97.9125,0
95.03312150199781,170344.65301623,2857,3.7932454427083333,71.0,24.0,97.9125,0
95.06908201699844,170344.688976745,2858,3.8506673177083335,65.0,24.0,97.9125,0
95.10109712800477,170344.720991856,2859,3.8157389322916666,66.0,24.0,97.9125,0
95.13314056600211,170344.753035294,2860,3.8414192708333332,71.0,24.0,97.9125,0
95.1691641699872,170344.789058898,2861,3.8554069010416665,71.0,24.0,97.9125,0
95.2011209029879,170344.821015631,2862,3.88359375,66.0,24.0,97.9125,0
95.23312119799084,170344.853015926,2863,3.881982421875,72.0,24.0,97.9125,0
95.26509712799452,170344.884991856,2864,3.916650390625,66.0,24.0,97.9125,0
95.30108563200338,170344.92098036,2865,3.928076171875,69.0,24.0,97.9125,0
95.33314126299229,170344.953035991,2866,3.92658203125,71.0,24.0,97.9125,0
95.36508841399336,170344.984983142,2867,3.9292513020833333,68.0,24.0,97.9125,0
95.40111842600163,170345.021013154,2868,3.931708984375,65.0,24.0,97.9125,0
95.43331964098616,170345.053214369,2869,3.9263020833333333,66.0,24.0,97.9125,0
95.46516779297963,170345.085062521,2870,3.960673828125,63.0,24.0,97.9125,0
95.50107735098572,170345.120972079,2871,3.9750911458333333,66.0,24.0,97.9125,0
95.53314998099813,170345.153044709,2872,3.9826399739583334,67.0,24.0,97.9125,0
95.56515132400091,170345.185046052,2873,3.9567057291666665,67.0,24.0,97.9125,0
95.60111774600227,170345.221012474,2874,3.9812239583333335,73.0,24.0,97.9125,0
95.6331283239997,170345.253023052,2875,3.991640625,71.0,24.0,97.9125,0
95.66514146400732,170345.285036192,2876,3.960146484375,65.0,24.0,97.9125,0
95.70111344300676,170345.321008171,2877,3.9764192708333335,66.0,24.0,97.9125,0
95.73315807999461,170345.353052808,2878,3.982386067708333,69.0,24.0,97.9125,0
95.76513973600231,170345.385034464,2879,3.968955078125,69.0,24.0,97.9125,0
95.80115902598482,170345.421053754,2880,3.9635221354166665,71.0,24.0,97.9125,0
95.83313983000698,170345.453034558,2881,3.9747916666666665,64.0,24.0,97.9125,0
95.86512751999544,170345.485022248,2882,3.9631640625,66.0,24.0,97.9125,0
95.89716710199718,170345.51706183,2883,3.955305989583333,65.0,24.0,97.9125,0
95.93317403798574,170345.553068766,2884,3.9562174479166665,66.0,24.0,97.9125,0
95.96514471399132,170345.585039442,2885,3.958447265625,66.0,23.0,97.9125,0
95.99715369098703,170345.617048419,2886,3.9568912760416666,65.0,23.0,97.9125,0
96.03313977000653,170345.653034498,2887,3.9320377604166667,66.0,24.0,97.9125,0
96.0651733999839,170345.685068128,2888,3.923876953125,64.0,23.0,97.9125,0
96.09713116599596,170345.717025894,2889,3.8972688802083333,68.0,24.0,97.9125,0
96.13316249899799,170345.753057227,2890,3.8621940104166668,67.0,23.0,97.9125,0
96.16516065600445,170345.785055384,2891,3.87837890625,63.0,23.0,97.9125,0
96.197118615004,170345.817013343,2892,3.870732421875,66.0,23.0,97.9125,0
96.23314925498562,170345.853043983,2893,3.8280924479166667,64.0,23.0,97.9125,0
96.26506656399579,170345.884961292,2894,3.8383756510416664,61.0,23.0,97.9125,0
96.29710233199876,170345.91699706,2895,3.76111328125,67.0,23.0,97.9125,0
96.33316960098455,170345.953064329,2896,3.760546875,65.0,23.0,97.9125,0
96.36510067398194,170345.984995402,2897,3.7610970052083332,68.0,23.0,97.9125,0
96.39713465698878,170346.017029385,2898,3.7305859375,71.0,23.0,97.9125,0
96.42939286699402,170346.049287595,2899,3.7432161458333333,65.0,23.0,97.9125,0
96.46511101300712,170346.085005741,2900,3.74783203125,66.0,23.0,97.9125,0
96.49725724899326,170346.117151977,2901,3.698505859375,66.0,23.0,97.9125,0
96.52912283298792,170346.149017561,2902,3.7061588541666666,64.0,23.0,97.9125,0
96.565078257001,170346.184972985,2903,3.711500651041667,69.0,23.0,97.9125,0
96.59715665600379,170346.217051384,2904,3.6867350260416667,69.0,23.0,97.9125,0
96.62916171399411,170346.249056442,2905,3.67064453125,63.0,23.0,97.9125,0
96.66514011300751,170346.285034841,2906,3.6513248697916665,63.0,23.0,97.9125,0
96.69716072300798,170346.317055451,2907,3.6493098958333334,64.0,22.0,97.9125,0
96.72917280698312,170346.349067535,2908,3.6271744791666665,64.0,23.0,97.9125,0
96.76513381997938,170346.385028548,2909,3.6375032552083333,63.0,22.0,97.9125,0
96.79712016999838,170346.417014898,2910,3.6219694010416665,73.0,22.0,97.9125,0
96.82918148700264,170346.449076215,2911,3.5862076822916666,67.0,22.0,97.9125,0
96.8652107710077,170346.485105499,2912,3.625146484375,71.0,22.0,97.9125,0
96.89711392999743,170346.517008658,2913,3.6121809895833334,67.0,22.0,97.9125,0
96.9291240409948,170346.549018769,2914,3.613844401041667,67.0,22.0,97.9125,0
96.96115512299002,170346.581049851,2915,3.64435546875,65.0,22.0,97.9125,0
96.99724821798736,170346.617142946,2916,3.630221354166667,64.0,22.0,97.9125,0
97.02918020100333,170346.649074929,2917,3.6628385416666664,66.0,22.0,97.9125,0
97.06114887399599,170346.681043602,2918,3.6497688802083332,64.0,22.0,97.9125,0
97.09717361399089,170346.717068342,2919,3.648981119791667,65.0,22.010000000009313,97.9125,0
97.12917887998628,170346.749073608,2920,3.67595703125,65.0,22.0,97.9125,0
97.16125973500311,170346.781154463,2921,3.657734375,68.0,22.0,97.9125,0
97.19713438098552,170346.817029109,2922,3.6827376302083334,67.0,22.0,97.9125,0
97.2291484309826,170346.849043159,2923,3.715625,66.0,22.0,97.9125,0
97.26118278200738,170346.88107751,2924,3.6940885416666664,64.0,22.0,97.9125,0
97.29715844700695,170346.917053175,2925,3.6487337239583333,71.0,22.0,97.9125,0
97.32909429899883,170346.948989027,2926,3.6546744791666668,66.0,22.0,97.9125,0
97.36116202699486,170346.981056755,2927,3.664700520833333,67.0,23.0,97.9125,0
97.39721651299624,170347.017111241,2928,3.6841731770833333,68.0,23.0,97.9125,0
97.42915857199114,170347.0490533,2929,3.67701171875,69.0,22.0,97.9125,0
97.4611652510066,170347.081059979,2930,3.6583040364583335,71.0,22.0,97.9125,0
97.49723628899665,170347.117131017,2931,3.6371354166666667,66.0,23.0,97.9125,0
97.52914709298057,170347.149041821,2932,3.640699869791667,67.0,23.0,97.9125,0
97.56118247800623,170347.181077206,2933,3.668916015625,71.0,22.0,97.9125,0
97.59312173898797,170347.213016467,2934,3.651435546875,72.0,22.0,97.9125,0
97.62917186898994,170347.249066597,2935,3.6857845052083333,66.0,22.0,97.9125,0
97.66117121800198,170347.281065946,2936,3.6526529947916666,68.0,23.0,97.9125,0
97.69307088598725,170347.312965614,2937,3.6640201822916665,71.0,23.0,97.9125,0
97.72914929399849,170347.349044022,2938,3.6550260416666664,72.0,23.0,97.9125,0
97.7611471239943,170347.381041852,2939,3.6524251302083335,79.0,23.0,97.9125,0
97.79315950800083,170347.413054236,2940,3.6949446614583334,65.0,23.0,97.9125,0
97.82918638800038,170347.449081116,2941,3.6876171875,66.0,23.0,97.9125,0
97.86118974199053,170347.48108447,2942,3.7071321614583335,71.0,23.0,97.9125,0
97.89312840398634,170347.513023132,2943,3.6730338541666665,67.0,23.0,97.9125,0
97.92916653299471,170347.549061261,2944,3.6909244791666667,72.0,23.0,97.9125,0
97.96114204599871,170347.581036774,2945,3.695276692708333,67.0,23.0,97.9125,0
97.99314206998679,170347.613036798,2946,3.707294921875,67.0,23.0,97.9125,0
98.02917877800064,170347.649073506,2947,3.7079296875,76.0,23.0,97.9125,0
98.06115875099204,170347.681053479,2948,3.701979166666667,66.0,23.0,97.9125,0
98.09316413899069,170347.713058867,2949,3.702936197916667,77.0,23.0,97.9125,0
98.12514011599706,170347.745034844,2950,3.7109505208333333,71.0,23.0,97.9125,0
98.16114061698318,170347.781035345,2951,3.7140071614583334,71.0,23.0,97.9125,0
98.19319058899418,170347.813085317,2952,3.7035221354166667,71.0,23.0,97.9125,0
98.2251604500052,170347.845055178,2953,3.721357421875,67.0,23.0,97.9125,0
98.26114513300126,170347.881039861,2954,3.707529296875,65.0,23.0,97.9125,0
98.2931258190074,170347.913020547,2955,3.7302864583333335,76.0,24.0,97.9125,0
98.32517132899375,170347.945066057,2956,3.7426334635416665,67.0,24.0,97.9125,0
98.36117979398114,170347.981074522,2957,3.7223860677083334,67.0,23.0,97.9125,0
98.393171083997,170348.013065812,2958,3.7045279947916665,65.0,24.0,97.9125,0
98.42524512199452,170348.04513985,2959,3.739293619791667,72.0,23.0,97.9125,0
98.46117349699489,170348.081068225,2960,3.73185546875,67.0,24.0,97.9125,0
98.49315853198641,170348.11305326,2961,3.751240234375,72.0,23.0,97.9125,0
98.5251858010015,170348.145080529,2962,3.8027018229166667,73.0,24.0,97.9125,0
98.56123509499594,170348.181129823,2963,3.7889029947916666,72.0,24.0,97.9125,0
98.59316627000226,170348.213060998,2964,3.7437858072916668,65.0,24.0,97.9125,0
98.62514257698786,170348.245037305,2965,3.774527994791667,71.0,24.0,97.9125,0
98.65719982498558,170348.277094553,2966,3.7476692708333332,72.0,24.0,97.9125,0
98.69312677599373,170348.313021504,2967,3.74751953125,67.0,24.0,97.9125,0
98.72511457998189,170348.345009308,2968,3.8003255208333333,66.0,24.0,97.9125,0
98.75717057098518,170348.377065299,2969,3.779768880208333,69.0,24.0,97.9125,0
98.79318426499958,170348.413078993,2970,3.7920345052083335,69.0,24.0,97.9125,0
98.82517288200324,170348.44506761,2971,3.7567024739583332,72.0,24.0,97.9125,0
98.857174003002,170348.477068731,2972,3.7802278645833334,73.0,24.0,97.9125,0
98.89317676599603,170348.513071494,2973,3.784384765625,71.0,24.0,97.9125,0
98.92518671098514,170348.545081439,2974,3.7941243489583334,69.0,24.0,97.9125,0
98.95715898100752,170348.577053709,2975,3.800725911458333,73.0,24.0,97.9125,0
98.993135392986,170348.613030121,2976,3.803837890625,67.0,24.0,97.9125,0
99.02519538599881,170348.645090114,2977,3.804876302083333,71.0,24.0,97.9125,0
99.05719612300163,170348.677090851,2978,3.8168359375,66.0,24.0,97.9125,0
99.09312789799878,170348.713022626,2979,3.77814453125,68.0,24.0,97.9125,0
99.12514533198555,170348.74504006,2980,3.8009537760416667,65.0,24.0,97.9125,0
99.15717587599647,170348.777070604,2981,3.835126953125,73.0,24.0,97.9125,0
99.1932356589823,170348.813130387,2982,3.7976139322916667,67.0,24.0,97.9125,0
99.22519667999586,170348.845091408,2983,3.793626302083333,67.0,24.0,97.9125,0
99.25720833300147,170348.877103061,2984,3.8167903645833334,69.0,24.0,97.9125,0
99.28918972000247,170348.909084448,2985,3.845126953125,66.0,24.0,97.9125,0
99.32515963900369,170348.945054367,2986,3.8127408854166664,66.0,24.0,97.9125,0
99.35719773499295,170348.977092463,2987,3.8200748697916667,66.0,24.0,97.9125,0
99.38916489400435,170349.009059622,2988,3.8475553385416665,64.0,24.0,97.9125,0
99.42525251198094,170349.04514724,2989,3.819075520833333,66.0,24.0,97.9125,0
99.45719375199405,170349.07708848,2990,3.8310221354166667,65.0,24.0,97.9125,0
99.48911347298417,170349.109008201,2991,3.8370377604166666,67.0,24.0,97.9125,0
99.5252141119854,170349.14510884,2992,3.791204427083333,66.0,24.0,97.9125,0
99.55712818098255,170349.177022909,2993,3.8162955729166668,67.0,24.0,97.9125,0
99.58916933299042,170349.209064061,2994,3.8042057291666667,66.0,24.0,97.9125,0
99.62514513498172,170349.245039863,2995,3.829755859375,64.0,23.0,97.9125,0
99.6571779679798,170349.277072696,2996,3.785530598958333,69.0,24.0,97.9125,0
99.68917984998552,170349.309074578,2997,3.835224609375,65.0,24.0,97.9125,0
99.72523562298738,170349.345130351,2998,3.80904296875,64.0,23.0,97.9125,0
99.75716904798173,170349.377063776,2999,3.7617838541666666,71.0,24.0,97.9125,0
99.78918684399105,170349.409081572,3000,3.7955631510416667,67.0,23.0,97.9125,0
99.82123105699429,170349.441125785,3001,3.8112369791666665,65.0,23.0,97.9125,0
99.85719428898301,170349.477089017,3002,3.78623046875,71.0,23.0,97.9125,0
99.88925760798156,170349.509152336,3003,3.75115234375,65.0,23.0,97.9125,0
99.92126394499792,170349.541158673,3004,3.7905403645833333,66.0,23.0,97.9125,0
99.95722661699983,170349.577121345,3005,3.8193977864583335,65.0,23.0,97.9125,0
99.9891966409923,170349.609091369,3006,3.7882845052083334,67.0,23.0,97.9125,0
100.02123411200591,170349.64112884,3007,3.8141959635416667,64.0,23.0,97.9125,0
100.05722080700798,170349.677115535,3008,3.7820670572916666,66.0,23.0,97.9125,0
100.0892615430057,170349.709156271,3009,3.7889388020833334,64.0,23.0,97.9125,0
100.1212291289994,170349.741123857,3010,3.7741829427083333,63.0,23.0,97.9125,0
100.15719455899671,170349.777089287,3011,3.7747298177083333,64.0,23.0,97.9125,0
100.18920758398599,170349.809102312,3012,3.7771321614583333,65.0,23.0,97.9125,0
100.22123690598528,170349.841131634,3013,3.765908203125,64.0,23.0,97.9125,0
100.25729677599156,170349.877191504,3014,3.7531803385416667,67.0,23.0,97.9125,0
100.28921419300605,170349.909108921,3015,3.7556673177083333,67.0,23.0,97.9125,0
100.32119416000205,170349.941088888,3016,3.7692838541666664,64.0,23.0,97.9125,0
100.35324273299193,170349.973137461,3017,3.7239388020833335,64.0,22.0,97.9125,0
100.38924694398884,170350.009141672,3018,3.740322265625,63.0,23.0,97.9125,0
100.42124999698717,170350.041144725,3019,3.7413671875,64.0,23.0,97.9125,0
100.45321793999756,170350.073112668,3020,3.743880208333333,65.0,23.0,97.9125,0
100.4891717999999,170350.109066528,3021,3.752799479166667,65.0,22.0,97.9125,0
100.5212422949844,170350.141137023,3022,3.736383463541667,63.0,22.0,97.9125,0
100.55328929898678,170350.173184027,3023,3.745680338541667,66.0,23.0,97.9125,0
100.58923958300147,170350.209134311,3024,3.6651204427083335,64.0,22.0,97.9125,0
100.62125340898638,170350.241148137,3025,3.6667350260416667,71.0,23.0,97.9125,0
100.653357889998,170350.273252618,3026,3.662877604166667,65.0,22.0,97.9125,0
100.68923606298631,170350.309130791,3027,3.676005859375,65.0,23.0,97.9125,0
100.72120167899993,170350.341096407,3028,3.6383430989583334,67.0,22.0,97.9125,0
100.753230642993,170350.373125371,3029,3.6104622395833332,71.0,22.0,97.9125,0
100.78929336898727,170350.409188097,3030,3.647724609375,65.0,22.0,97.9125,0
100.82122993000667,170350.441124658,3031,3.639684244791667,72.0,22.0,97.9125,0
100.85320863200468,170350.47310336,3032,3.6222819010416667,67.0,22.0,97.9125,0
100.88928363000741,170350.509178358,3033,3.614293619791667,65.0,22.0,97.9125,0
100.92119913600618,170350.541093864,3034,3.6272623697916666,66.0,22.0,97.9125,0
100.95322535399464,170350.573120082,3035,3.6490266927083335,68.0,22.0,97.9125,0
100.9851910409925,170350.605085769,3036,3.648017578125,71.0,22.0,97.9125,0
101.02121551599703,170350.641110244,3037,3.661940104166667,65.0,22.0,97.9125,0
101.05329715399421,170350.673191882,3038,3.6404459635416666,75.0,23.0,97.9125,0
101.08522318900214,170350.705117917,3039,3.6495930989583334,65.0,22.0,97.9125,0
101.12123888899805,170350.741133617,3040,3.666943359375,72.0,23.0,97.9125,0
101.15319435298443,170350.773089081,3041,3.672174479166667,71.0,23.0,97.9125,0
101.18523435198586,170350.80512908,3042,3.665859375,63.0,22.0,97.9125,0
101.22122787698754,170350.841122605,3043,3.6744401041666666,74.0,22.0,97.9125,0
101.25324784999248,170350.873142578,3044,3.6745182291666665,65.0,22.0,97.9125,0
101.2852012339863,170350.905095962,3045,3.643974609375,65.0,23.0,97.9125,0
101.32123499299632,170350.941129721,3046,3.6458984375,65.0,22.0,97.9125,0
101.35321121799643,170350.973105946,3047,3.6301920572916666,72.0,23.0,97.9125,0
101.38527474697912,170351.005169475,3048,3.6572298177083336,67.0,23.0,97.9125,0
101.42129887099145,170351.041193599,3049,3.640530598958333,65.0,23.0,97.9125,0
101.45330253898283,170351.073197267,3050,3.675725911458333,71.0,22.0,97.9125,0
101.4852357719792,170351.1051305,3051,3.661227213541667,67.0,23.0,97.9125,0
101.51733830699231,170351.137233035,3052,3.690673828125,64.0,23.0,97.9125,0
101.55322072899435,170351.173115457,3053,3.6579850260416666,65.0,23.0,97.9125,0
101.58524496798054,170351.205139696,3054,3.660771484375,66.0,23.0,97.9125,0
101.61723414299195,170351.237128871,3055,3.664501953125,69.0,23.0,97.9125,0
101.65322211699095,170351.273116845,3056,3.668024088541667,69.0,23.0,97.9125,0
101.68521450500702,170351.305109233,3057,3.6831282552083335,73.0,23.0,97.9125,0
101.71722080398467,170351.337115532,3058,3.6527408854166667,69.0,23.0,97.9125,0
101.75323476898484,170351.373129497,3059,3.6742057291666668,68.0,23.0,97.9125,0
101.78519386498374,170351.405088593,3060,3.67791015625,73.0,23.0,97.9125,0
101.81722823498421,170351.437122963,3061,3.6660481770833333,69.0,23.0,97.9125,0
101.85324457200477,170351.4731393,3062,3.6633040364583334,73.0,23.0,97.9125,0
101.8852046339889,170351.505099362,3063,3.6824934895833334,67.0,23.0,97.9125,0
101.91722606800613,170351.537120796,3064,3.6809505208333335,67.0,23.0,97.9125,0
101.9533229469962,170351.573217675,3065,3.6838997395833335,65.0,23.0,97.9125,0
101.9853231459856,170351.605217874,3066,3.6894108072916665,67.0,23.0,97.9125,0
102.01734393299557,170351.637238661,3067,3.678336588541667,69.0,24.0,97.9125,0
102.05326731898822,170351.673162047,3068,3.7157194010416665,67.0,24.0,97.9125,0
102.08520347398007,170351.705098202,3069,3.7630403645833335,66.0,24.0,97.9125,0
102.11720265398617,170351.737097382,3070,3.75361328125,68.0,24.0,97.9125,0
102.14922506199218,170351.76911979,3071,3.75515625,73.0,24.0,97.9125,0
102.1852426189871,170351.805137347,3072,3.726282552083333,68.0,24.0,97.9125,0
102.21721571800299,170351.837110446,3073,3.7204524739583333,67.0,24.0,97.9125,0
102.24927203898551,170351.869166767,3074,3.7237890625,65.0,24.0,97.9125,0
102.28527033398859,170351.905165062,3075,3.7198274739583335,69.0,24.0,97.9125,0
102.31726489998982,170351.937159628,3076,3.7372981770833333,71.0,24.0,97.9125,0
102.3492649020045,170351.96915963,3077,3.7421940104166667,71.0,24.0,97.9125,0
102.38536052798736,170352.005255256,3078,3.7524837239583335,69.0,24.0,97.9125,0
102.41740957798902,170352.037304306,3079,3.725146484375,71.0,24.0,97.9125,0
102.44934792499407,170352.069242653,3080,3.7819563802083334,66.0,24.0,97.9125,0
102.48535918700509,170352.105253915,3081,3.752083333333333,69.0,24.0,97.9125,0
102.51736388300196,170352.137258611,3082,3.7552669270833334,73.0,24.0,97.9125,0
102.54926414499641,170352.169158873,3083,3.7507942708333335,67.0,24.0,97.9125,0
102.58522622499731,170352.205120953,3084,3.7573014322916665,67.0,24.0,97.9125,0
102.61719603298116,170352.237090761,3085,3.7993294270833333,66.0,24.0,97.9125,0
102.6493466719985,170352.2692414,3086,3.7512532552083333,64.0,24.0,97.9125,0
102.68121666598017,170352.301111394,3087,3.7678743489583333,66.0,24.0,97.9125,0
102.71739698198508,170352.33729171,3088,3.81599609375,71.0,24.0,97.9125,0
102.74925321398769,170352.369147942,3089,3.780185546875,65.0,24.0,97.9125,0
102.78128140798071,170352.401176136,3090,3.785608723958333,66.0,24.0,97.9125,0
102.81722872998216,170352.437123458,3091,3.7759765625,66.0,24.0,97.9125,0
102.8492049970082,170352.469099725,3092,3.784293619791667,65.0,24.0,97.9125,0
102.88120648398763,170352.501101212,3093,3.75130859375,65.0,24.0,97.9125,0
102.91722984900116,170352.537124577,3094,3.788720703125,64.0,24.0,97.9125,0
102.9492309220077,170352.56912565,3095,3.8161653645833336,72.0,24.0,97.9125,0
102.98118735899334,170352.601082087,3096,3.7884016927083333,68.0,24.0,97.9125,0
103.01722842099844,170352.637123149,3097,3.7806608072916665,66.0,23.0,97.9125,0
103.0492394430039,170352.669134171,3098,3.783564453125,72.0,24.0,97.9125,0
103.08121994498651,170352.701114673,3099,3.783707682291667,64.0,24.0,97.9125,0
103.11724779498763,170352.737142523,3100,3.810227864583333,65.0,24.0,97.9125,0
103.14920467900811,170352.769099407,3101,3.7591731770833334,69.0,23.0,97.9125,0
103.1812088789884,170352.801103607,3102,3.7891276041666666,66.0,24.0,97.9125,0
103.21322498799418,170352.833119716,3103,3.76951171875,64.0,23.0,97.9125,0
103.24921626999276,170352.869110998,3104,3.806565755208333,68.0,23.0,97.9125,0
103.28124031698098,170352.901135045,3105,3.7886555989583335,67.0,23.0,97.9125,0
103.31325325599755,170352.933147984,3106,3.785436197916667,67.0,23.0,97.9125,0
103.34926454498782,170352.969159273,3107,3.799892578125,67.0,23.0,97.9125,0
103.38137342300615,170353.001268151,3108,3.769208984375,65.0,23.0,97.9125,0
103.41326964099426,170353.033164369,3109,3.7894596354166667,69.0,23.0,97.9125,0
103.44928553298814,170353.069180261,3110,3.764440104166667,69.0,23.0,97.9125,0
103.4812728590041,170353.101167587,3111,3.8183723958333333,66.0,23.0,97.9125,0
103.51333436800633,170353.133229096,3112,3.7516634114583334,71.0,23.0,97.9125,0
103.54921394700068,170353.169108675,3113,3.7907682291666664,64.0,23.0,97.9125,0
103.5812015599804,170353.201096288,3114,3.778414713541667,62.0,23.0,97.9125,0
103.61328134100768,170353.233176069,3115,3.76958984375,65.0,23.0,97.9125,0
103.64936041200417,170353.26925514,3116,3.779016927083333,66.0,23.0,97.9125,0
103.68124162999447,170353.301136358,3117,3.7451627604166666,67.0,23.0,97.9125,0
103.71325617699767,170353.333150905,3118,3.7395149739583333,66.0,23.0,97.9125,0
103.74928190498031,170353.369176633,3119,3.74275390625,65.0,23.0,97.9125,0
103.78123500800575,170353.401129736,3120,3.72990234375,66.0,23.0,97.9125,0
103.81322969199391,170353.43312442,3121,3.7171484375,65.0,22.0,97.9125,0
103.84520862699719,170353.465103355,3122,3.7219173177083333,64.0,22.0,97.9125,0
103.88119760298287,170353.501092331,3123,3.7068294270833335,65.0,22.0,97.9125,0
103.91322558798129,170353.533120316,3124,3.7116796875,66.0,22.0,97.9125,0
103.94527224899502,170353.565166977,3125,3.7011263020833334,63.0,23.0,97.9125,0
103.98131759898388,170353.601212327,3126,3.7033821614583333,65.0,22.0,97.9125,0
104.01324438600568,170353.633139114,3127,3.701103515625,71.0,22.0,97.9125,0
104.04522198598715,170353.665116714,3128,3.647535807291667,64.0,22.0,97.9125,0
104.08121969999047,170353.701114428,3129,3.680888671875,67.0,22.0,97.9125,0
104.1132445629919,170353.733139291,3130,3.656474609375,66.0,22.0,97.9125,0
104.14524083599099,170353.765135564,3131,3.60798828125,67.0,22.0,97.9125,0
104.18126182598644,170353.801156554,3132,3.6608365885416667,68.0,22.0,97.9125,0
104.2132497440034,170353.833144472,3133,3.6328548177083335,67.0,22.0,97.9125,0
104.24526852599229,170353.865163254,3134,3.641669921875,67.0,22.0,97.9125,0
104.28127780699288,170353.901172535,3135,3.5843001302083333,63.0,22.0,97.9125,0
104.31324414699338,170353.933138875,3136,3.6345149739583333,69.0,22.0,97.9125,0
104.34524204098852,170353.965136769,3137,3.6005989583333333,66.0,22.0,97.9125,0
104.37727153199376,170353.99716626,3138,3.602034505208333,67.0,22.0,97.9125,0
104.41327825697954,170354.033172985,3139,3.58357421875,68.0,22.0,97.9125,0
104.44534644499072,170354.065241173,3140,3.5688053385416665,65.0,22.0,97.9125,0
104.4772932420019,170354.09718797,3141,3.537275390625,68.0,22.0,97.9125,0
104.51332635100698,170354.133221079,3142,3.552265625,65.0,22.0,97.9125,0
104.54527016199427,170354.16516489,3143,3.540377604166667,68.0,23.0,97.9125,0
104.57735006598523,170354.197244794,3144,3.5412337239583334,71.0,23.0,97.9125,0
104.61335350899026,170354.233248237,3145,3.5264290364583335,64.0,22.0,97.9125,0
104.64533793600276,170354.265232664,3146,3.5092513020833334,65.0,22.0,97.9125,0
104.67735882298439,170354.297253551,3147,3.5188411458333335,67.0,22.0,97.9125,0
104.71333978499752,170354.333234513,3148,3.49533203125,69.0,23.0,97.9125,0
104.74537106300704,170354.365265791,3149,3.540511067708333,67.0,23.0,97.9125,0
104.77733993600123,170354.397234664,3150,3.5098177083333333,72.0,23.0,97.9125,0
104.81337854298181,170354.433273271,3151,3.521728515625,71.0,23.0,97.9125,0
104.84531149399118,170354.465206222,3152,3.515458984375,65.0,23.0,97.9125,0
104.87734801700572,170354.497242745,3153,3.518935546875,67.0,23.0,97.9125,0
104.90936622899608,170354.529260957,3154,3.540546875,67.0,23.0,97.9125,0
104.94535973400343,170354.565254462,3155,3.548434244791667,67.0,23.0,97.9125,0
104.97733877800056,170354.597233506,3156,3.545576171875,67.0,23.0,97.9125,0
105.00933082599659,170354.629225554,3157,3.5405143229166667,71.0,23.0,97.9125,0
105.04535632900661,170354.665251057,3158,3.5414225260416665,68.0,23.0,97.9125,0
105.07735942400177,170354.697254152,3159,3.594954427083333,68.0,23.0,97.9125,0
105.10937233100412,170354.729267059,3160,3.627161458333333,69.0,23.0,97.9125,0
105.14533447698341,170354.765229205,3161,3.5803841145833335,68.0,23.0,97.9125,0
105.17737650798517,170354.797271236,3162,3.5931575520833334,72.0,23.0,97.9125,0
105.2093671420007,170354.82926187,3163,3.621572265625,66.0,23.0,97.9125,0
105.24541833699914,170354.865313065,3164,3.604342447916667,69.0,23.0,97.9125,0
105.27735855299397,170354.897253281,3165,3.613232421875,71.0,24.0,97.9125,0
105.3093502559932,170354.929244984,3166,3.591201171875,67.0,23.0,97.9125,0
105.34540086300694,170354.965295591,3167,3.6302376302083332,69.0,24.0,97.9125,0
105.37734810798429,170354.997242836,3168,3.6291471354166664,71.0,24.0,97.9125,0
105.40938792098314,170355.029282649,3169,3.6367513020833333,67.0,24.0,97.9125,0
105.44139531298424,170355.061290041,3170,3.608662109375,66.0,24.0,97.9125,0
105.47732480400009,170355.097219532,3171,3.6506575520833335,68.0,24.0,97.9125,0
105.50938625098206,170355.129280979,3172,3.624033203125,68.0,24.0,97.9125,0
105.54135526099708,170355.161249989,3173,3.6575618489583333,68.0,24.0,97.9125,0
105.57731207399047,170355.197206802,3174,3.6399967447916666,68.0,24.0,97.9125,0
105.60939997300738,170355.229294701,3175,3.6685774739583334,64.0,24.0,97.9125,0
105.64139701498789,170355.261291743,3176,3.6761490885416666,71.0,24.0,97.9125,0
105.67735729098786,170355.297252019,3177,3.688193359375,66.0,24.0,97.9125,0
105.70925270600128,170355.329147434,3178,3.71236328125,67.0,24.0,97.9125,0
105.74121621999075,170355.361110948,3179,3.700364583333333,67.0,24.0,97.9125,0
105.7772722489899,170355.397166977,3180,3.716572265625,72.0,24.0,97.9125,0
105.80925382499117,170355.429148553,3181,3.7599674479166665,64.0,24.0,97.9125,0
105.84126987500349,170355.461164603,3182,3.717076822916667,67.0,24.0,97.9125,0
105.87721327299369,170355.497108001,3183,3.747421875,68.0,24.0,97.9125,0
105.90925212099683,170355.529146849,3184,3.7711979166666665,73.0,24.0,97.9125,0
105.9412234769843,170355.561118205,3185,3.7819173177083334,67.0,24.0,97.9125,0
105.9772890979948,170355.597183826,3186,3.768603515625,71.0,24.0,97.9125,0
106.00925612298306,170355.629150851,3187,3.7824186197916667,69.0,24.0,97.9125,0
106.0412996969826,170355.661194425,3188,3.763053385416667,63.0,24.0,97.9125,0
106.0732291599852,170355.693123888,3189,3.6855338541666667,66.0,24.0,97.9125,0
106.10924994698144,170355.729144675,3190,3.7063053385416667,66.0,24.0,97.9125,0
106.14123277697945,170355.761127505,3191,3.685416666666667,72.0,24.0,97.9125,0
106.17328926600749,170355.793183994,3192,3.704046223958333,69.0,24.0,97.9125,0
106.20917598099913,170355.829070709,3193,3.725927734375,68.0,24.0,97.9125,0
106.24123223498464,170355.861126963,3194,3.71447265625,67.0,24.0,97.9125,0
106.27325958097936,170355.893154309,3195,3.7080501302083335,63.0,24.0,97.9125,0
106.30923928899574,170355.929134017,3196,3.708645833333333,68.0,24.0,97.9125,0
106.34124514498399,170355.961139873,3197,3.7217057291666666,66.0,24.0,97.9125,0
106.3733069000009,170355.993201628,3198,3.8012109375,67.0,23.0,97.9125,0
106.40934732498135,170356.029242053,3199,3.812330729166667,65.0,24.0,97.9125,0
106.44138068298344,170356.061275411,3200,3.8353841145833334,65.0,23.0,97.9125,0
106.4733886400063,170356.093283368,3201,3.8340852864583335,72.0,23.0,97.9125,0
106.50937669500127,170356.129271423,3202,3.774694010416667,67.0,23.0,97.9125,0
106.5413710459834,170356.161265774,3203,3.8051334635416665,69.0,23.0,97.9125,0
106.57334711699514,170356.193241845,3204,3.789270833333333,64.0,23.0,97.9125,0
106.60535620199516,170356.22525093,3205,3.8139029947916665,69.0,23.0,97.9125,0
106.64140162899275,170356.261296357,3206,3.7762630208333334,66.0,23.0,97.9125,0
106.67337035399396,170356.293265082,3207,3.758974609375,68.0,23.0,97.9125,0
106.70533262900426,170356.325227357,3208,3.7497135416666665,63.0,23.0,97.9125,0
106.74132595499395,170356.361220683,3209,3.7837109375,66.0,23.0,97.9125,0
106.7733817039989,170356.393276432,3210,3.7472428385416667,67.0,23.0,97.9125,0
106.8053045939887,170356.425199322,3211,3.7599837239583334,62.0,23.0,97.9125,0
106.84130551898852,170356.461200247,3212,3.73634765625,67.0,23.0,97.9125,0
106.8733151589986,170356.493209887,3213,3.77587890625,64.0,23.0,97.9125,0
106.90531953299069,170356.525214261,3214,3.7329231770833333,65.0,23.0,97.9125,0
106.94129620600143,170356.561190934,3215,3.705830078125,66.0,23.0,97.9125,0
106.97330991999479,170356.593204648,3216,3.7289778645833334,64.0,23.0,97.9125,0
107.00542988200323,170356.62532461,3217,3.7255143229166667,66.0,23.0,97.9125,0
107.04133653899771,170356.661231267,3218,3.726279296875,66.0,23.0,97.9125,0
107.07331643198268,170356.69321116,3219,3.706412760416667,65.0,23.0,97.9125,0
107.10535302298376,170356.725247751,3220,3.7248567708333336,64.0,23.0,97.9125,0
107.13738920900505,170356.757283937,3221,3.7074576822916665,65.0,23.0,97.9125,0
107.17331702000229,170356.793211748,3222,3.667386067708333,65.0,22.0,97.9125,0
107.20533167899703,170356.825226407,3223,3.6629817708333334,72.0,22.0,97.9125,0
107.2378037830058,170356.857698511,3224,3.6347786458333333,66.0,22.0,97.9125,0
107.27326201900723,170356.893156747,3225,3.6679654947916664,66.0,22.0,97.9125,0
107.30525476598996,170356.925149494,3226,3.658707682291667,64.0,22.0,97.9125,0
107.33722295198822,170356.95711768,3227,3.6323177083333333,63.0,22.0,97.9125,0
107.37330223998288,170356.993196968,3228,3.6260611979166666,66.0,22.0,97.9125,0
107.40535582398297,170357.025250552,3229,3.6537467447916665,69.0,22.0,97.9125,0
107.43736191699281,170357.057256645,3230,3.615777994791667,65.0,22.0,97.9125,0
107.47328407198074,170357.0931788,3231,3.590426432291667,64.0,22.0,97.9125,0
107.5052761969855,170357.125170925,3232,3.593225911458333,66.0,22.0,97.9125,0
107.53737915400416,170357.157273882,3233,3.6140852864583333,65.0,22.0,97.9125,0
107.57331923698075,170357.193213965,3234,3.604547526041667,67.0,22.0,97.9125,0
107.60528410799452,170357.225178836,3235,3.6162727864583335,68.0,22.0,97.9125,0
107.63740795699414,170357.257302685,3236,3.6297298177083333,76.0,22.0,97.9125,0
107.67329963500379,170357.293194363,3237,3.6348893229166666,67.0,23.0,97.9125,0
107.7052713809826,170357.325166109,3238,3.654954427083333,69.0,23.0,97.9125,0
107.7373374819872,170357.35723221,3239,3.6252701822916666,64.0,23.0,97.9125,0
107.76934385899222,170357.389238587,3240,3.633525390625,65.0,22.0,97.9125,0
107.80526972698863,170357.425164455,3241,3.6524479166666666,64.0,22.0,97.9125,0
107.83727899799123,170357.457173726,3242,3.682802734375,66.0,23.0,97.9125,0
107.8692596500041,170357.489154378,3243,3.6309830729166666,66.0,23.0,97.9125,0
107.90522758499719,170357.525122313,3244,3.645947265625,67.0,23.0,97.9125,0
107.93726179699297,170357.557156525,3245,3.6692317708333335,66.0,23.0,97.9125,0
107.9692676840059,170357.589162412,3246,3.637301432291667,69.0,23.0,97.9125,0
108.00528531198506,170357.62518004,3247,3.639775390625,65.0,23.0,97.9125,0
108.03724492900074,170357.657139657,3248,3.6661197916666666,74.0,23.0,97.9125,0
108.06925250097993,170357.689147229,3249,3.650517578125,65.0,23.0,97.9125,0
108.10525169200264,170357.72514642,3250,3.6495865885416667,66.0,23.0,97.9125,0
108.13727131500491,170357.757166043,3251,3.6709114583333333,68.0,23.0,97.9125,0
108.16924368499895,170357.789138413,3252,3.675576171875,68.0,23.0,97.9125,0
108.20526545800385,170357.825160186,3253,3.663404947916667,74.0,23.0,97.9125,0
108.23725013100193,170357.857144859,3254,3.667610677083333,66.0,23.0,97.9125,0
108.26924603400403,170357.889140762,3255,3.6458626302083332,65.0,23.0,97.9125,0
108.30126162199304,170357.92115635,3256,3.6660384114583335,69.0,23.0,97.9125,0
108.33727486099815,170357.957169589,3257,3.684381510416667,69.0,23.0,97.9125,0
108.36922720700386,170357.989121935,3258,3.75404296875,72.0,24.0,97.9125,0
108.4013107100036,170358.021205438,3259,3.7248079427083334,66.0,24.0,97.9125,0
108.4373255489918,170358.057220277,3260,3.7569466145833332,64.0,24.0,97.9125,0
108.46932586398907,170358.089220592,3261,3.714095052083333,69.0,24.0,97.9125,0
108.5012772110058,170358.121171939,3262,3.7134700520833333,68.0,24.0,97.9125,0
108.53729212799226,170358.157186856,3263,3.7199055989583334,68.0,24.0,97.9125,0
108.56924412798253,170358.189138856,3264,3.73384765625,67.0,24.0,97.9125,0
108.60125084299943,170358.221145571,3265,3.6943815104166666,67.0,24.0,97.9125,0
108.63732305000303,170358.257217778,3266,3.7459407552083333,71.0,24.0,97.9125,0
108.66922831599368,170358.289123044,3267,3.703743489583333,72.0,24.0,97.9125,0
108.7012199969904,170358.321114725,3268,3.7380110677083334,67.0,24.0,97.9125,0
108.73728563799523,170358.357180366,3269,3.7354524739583335,66.0,24.0,97.9125,0
108.76926221398753,170358.389156942,3270,3.7263151041666664,75.0,24.0,97.9125,0
108.80122873699293,170358.421123465,3271,3.7415983072916665,69.0,24.0,97.9125,0
108.83728592898115,170358.457180657,3272,3.7376399739583333,67.0,24.0,97.9125,0
108.86925530098961,170358.489150029,3273,3.762809244791667,71.0,24.0,97.9125,0
108.90125356300268,170358.521148291,3274,3.7604296875,71.0,24.0,97.9125,0
108.9332330339821,170358.553127762,3275,3.7572623697916665,66.0,24.0,97.9125,0
108.9692540539836,170358.589148782,3276,3.7347265625,69.0,24.0,97.9125,0
109.00123636299395,170358.621131091,3277,3.7718196614583333,68.0,24.0,97.9125,0
109.03334761998849,170358.653242348,3278,3.7608268229166666,71.0,24.0,97.9125,0
109.06929654098349,170358.689191269,3279,3.7724348958333334,69.0,24.0,97.9125,0
109.10125174600398,170358.721146474,3280,3.782119140625,71.0,24.0,97.9125,0
109.13328588198056,170358.75318061,3281,3.782470703125,66.0,24.0,97.9125,0
109.1692554570036,170358.789150185,3282,3.768642578125,65.0,24.0,97.9125,0
109.20129172198358,170358.82118645,3283,3.788544921875,66.0,24.0,97.9125,0
109.23323056800291,170358.853125296,3284,3.789931640625,66.0,24.0,97.9125,0
109.26927522200276,170358.88916995,3285,3.785813802083333,63.0,24.0,97.9125,0
109.30121254600817,170358.921107274,3286,3.788030598958333,67.0,24.0,97.9125,0
109.3332571189967,170358.953151847,3287,3.7675358072916665,72.0,24.0,97.9125,0
109.36929590298678,170358.989190631,3288,3.765455729166667,64.0,24.0,97.9125,0
109.40144166498794,170359.021336393,3289,3.768037109375,66.0,24.0,97.9125,0
109.43333725599223,170359.053231984,3290,3.80244140625,65.0,23.0,97.9125,0
109.46537378299399,170359.085268511,3291,3.7675553385416665,66.0,23.0,97.9125,0
109.50136654099333,170359.121261269,3292,3.7968326822916665,65.0,23.0,97.9125,0
109.53344423900126,170359.153338967,3293,3.8177311197916666,64.0,23.0,97.9125,0
109.5652717629855,170359.185166491,3294,3.768141276041667,69.0,23.0,97.9125,0
109.60132746599265,170359.221222194,3295,3.7800358072916667,64.0,23.0,97.9125,0
109.63332168498891,170359.253216413,3296,3.7851595052083336,65.0,23.0,97.9125,0
109.66528118698625,170359.285175915,3297,3.7919303385416665,67.0,23.0,97.9125,0
109.70125682998332,170359.321151558,3298,3.7709700520833334,67.0,23.0,97.9125,0
109.7332955939928,170359.353190322,3299,3.7507454427083333,65.0,23.0,97.9125,0
109.76527047599666,170359.385165204,3300,3.749137369791667,66.0,23.0,97.9125,0
109.80129271000624,170359.421187438,3301,3.7628059895833332,64.0,23.0,97.9125,0
109.83329290300026,170359.453187631,3302,3.7602766927083335,68.0,23.0,97.9125,0
109.86528689399711,170359.485181622,3303,3.73701171875,66.0,23.0,97.9125,0
109.90129762300057,170359.521192351,3304,3.7272298177083334,64.0,23.0,97.9125,0
109.93326402100502,170359.553158749,3305,3.713212890625,64.0,23.0,97.9125,0
109.96531906098244,170359.585213789,3306,3.7253483072916667,61.0,23.0,97.9125,0
109.99734654297936,170359.617241271,3307,3.708828125,73.0,23.0,97.9125,0
110.03326491298503,170359.653159641,3308,3.7263834635416666,67.0,23.0,97.9125,0
110.06529374999809,170359.685188478,3309,3.7241145833333333,68.0,23.0,97.9125,0
110.09727359100361,170359.717168319,3310,3.7262337239583334,66.0,22.0,97.9125,0
110.13339265299146,170359.753287381,3311,3.7151953125,63.0,23.0,97.9125,0
110.16522606398212,170359.785120792,3312,3.687180989583333,63.0,22.0,97.9125,0
110.19727813900681,170359.817172867,3313,3.6825716145833334,68.0,22.0,97.9125,0
110.23329652199754,170359.85319125,3314,3.6916927083333335,65.0,22.0,97.9125,0
110.26529236198985,170359.88518709,3315,3.6979720052083334,65.0,22.0,97.9125,0
110.29727128698141,170359.917166015,3316,3.688626302083333,63.0,22.0,97.9125,0
110.3332501219993,170359.95314485,3317,3.6945768229166664,64.0,22.0,97.9125,0
110.36526145398966,170359.985156182,3318,3.65650390625,69.0,22.0,97.9125,0
110.39731162699172,170360.017206355,3319,3.6751529947916666,68.0,22.0,97.9125,0
110.43335234900587,170360.053247077,3320,3.660517578125,67.0,22.0,97.9125,0
110.4655137109803,170360.085408439,3321,3.6130338541666664,66.0,22.0,97.9125,0
110.49738468698342,170360.117279415,3322,3.591171875,65.0,22.0,97.9125,0
110.52937444698182,170360.149269175,3323,3.6187890625,67.0,22.0,97.9125,0
110.56530861198553,170360.18520334,3324,3.5951888020833334,65.0,22.0,97.9125,0
110.59730827598833,170360.217203004,3325,3.6241959635416667,66.0,22.0,97.9125,0
110.62931989799836,170360.249214626,3326,3.62779296875,67.0,23.0,97.9125,0
110.66527857698384,170360.285173305,3327,3.6365234375,65.0,22.0,97.9125,0
110.6972654289857,170360.317160157,3328,3.6043294270833335,72.0,23.0,97.9125,0
110.72927324299235,170360.349167971,3329,3.6126920572916665,64.0,23.0,97.9125,0
110.76527260200237,170360.38516733,3330,3.6041764322916667,69.0,23.0,97.9125,0
110.79723313698196,170360.417127865,3331,3.5746223958333334,67.0,23.0,97.9125,0
110.82926179500646,170360.449156523,3332,3.5796549479166666,75.0,23.0,97.9125,0
110.86525008498575,170360.485144813,3333,3.5823958333333334,73.0,23.0,97.9125,0
110.89726385200629,170360.51715858,3334,3.5915299479166665,71.0,23.0,97.9125,0
110.92928135898546,170360.549176087,3335,3.5987662760416668,68.0,23.0,97.9125,0
110.96524506100104,170360.585139789,3336,3.616959635416667,67.0,23.0,97.9125,0
110.9972608120006,170360.61715554,3337,3.6072102864583333,71.0,23.0,97.9125,0
111.02928980099387,170360.649184529,3338,3.5459440104166666,73.0,23.0,97.9125,0
111.06536325698835,170360.685257985,3339,3.642408854166667,64.0,23.0,97.9125,0
111.09727092500543,170360.717165653,3340,3.6591276041666667,71.0,23.0,97.9125,0
111.12926721500116,170360.749161943,3341,3.666279296875,68.0,23.0,97.9125,0
111.16123601899017,170360.781130747,3342,3.67716796875,69.0,23.0,97.9125,0
111.19727653000155,170360.817171258,3343,3.6631184895833333,74.0,23.0,97.9125,0
111.22930114000337,170360.849195868,3344,3.653935546875,67.0,23.0,97.9125,0
111.2613641009957,170360.881258829,3345,3.668531901041667,72.0,23.0,97.9125,0
111.29724759998498,170360.917142328,3346,3.6790006510416666,69.0,24.0,97.9125,0
111.32933249598136,170360.949227224,3347,3.6817610677083334,71.0,24.0,97.9125,0
111.36130712399608,170360.981201852,3348,3.671123046875,67.0,23.0,97.9125,0
111.39742315400508,170361.017317882,3349,3.6681087239583334,69.0,24.0,97.9125,0
111.42943569499766,170361.049330423,3350,3.669326171875,68.0,24.0,97.9125,0
111.46141160099069,170361.081306329,3351,3.6845377604166667,67.0,24.0,97.9125,0
111.49741308199009,170361.11730781,3352,3.6988313802083335,71.0,24.0,97.9125,0
111.52938195198658,170361.14927668,3353,3.7272298177083334,67.0,24.0,97.9125,0
111.56125124599203,170361.181145974,3354,3.7232779947916668,73.0,24.0,97.9125,0
111.59732161098509,170361.217216339,3355,3.7377408854166667,67.0,24.0,97.9125,0
111.62932538500172,170361.249220113,3356,3.7411295572916665,76.0,24.0,97.9125,0
111.66127634499571,170361.281171073,3357,3.725924479166667,74.0,24.0,97.9125,0
111.69323960598558,170361.313134334,3358,3.7275716145833333,66.0,24.0,97.9125,0
111.72928225898067,170361.349176987,3359,3.7480533854166667,66.0,24.0,97.9125,0
111.7612978029938,170361.381192531,3360,3.753115234375,75.0,24.0,97.9125,0
111.79334839998046,170361.413243128,3361,3.7525813802083334,66.0,24.0,97.9125,0
111.82928151200758,170361.44917624,3362,3.753154296875,73.0,24.0,97.9125,0
111.8613442479982,170361.481238976,3363,3.739755859375,67.0,24.0,97.9125,0
111.89329664799152,170361.513191376,3364,3.7751790364583333,69.0,24.0,97.9125,0
111.92923867798527,170361.549133406,3365,3.7633235677083334,69.0,24.0,97.9125,0
111.96127373797935,170361.581168466,3366,3.765546875,63.0,24.0,97.9125,0
111.99331257899757,170361.613207307,3367,3.762216796875,65.0,24.0,97.9125,0
112.02927432398428,170361.649169052,3368,3.763785807291667,71.0,24.0,97.9125,0
112.06129008400603,170361.681184812,3369,3.7843912760416667,73.0,24.0,97.9125,0
112.09328766600811,170361.713182394,3370,3.7742350260416666,71.0,24.0,97.9125,0
112.12931044798461,170361.749205176,3371,3.783391927083333,66.0,24.0,97.9125,0
112.16128461700282,170361.781179345,3372,3.791328125,65.0,24.0,97.9125,0
112.19329655400361,170361.813191282,3373,3.769873046875,66.0,24.0,97.9125,0
112.22532669900102,170361.845221427,3374,3.7947005208333335,73.0,24.0,97.9125,0
112.26127022100263,170361.881164949,3375,3.7687174479166665,67.0,24.0,97.9125,0
112.29328818700742,170361.913182915,3376,3.756904296875,65.0,24.0,97.9125,0
112.32538800299517,170361.945282731,3377,3.791611328125,72.0,24.0,97.9125,0
112.36129520999384,170361.981189938,3378,3.771858723958333,69.0,24.0,97.9125,0
112.3934536089946,170362.013348337,3379,3.7931087239583334,66.0,23.0,97.9125,0
112.42543439299334,170362.045329121,3380,3.751803385416667,67.0,23.0,97.9125,0
112.46135518699884,170362.081249915,3381,3.799794921875,71.0,24.0,97.9125,0
112.49334323499352,170362.113237963,3382,3.7754524739583335,65.0,23.0,97.9125,0
112.5254258789937,170362.145320607,3383,3.7782877604166667,66.0,23.0,97.9125,0
112.56131262498093,170362.181207353,3384,3.8045638020833334,64.0,23.0,97.9125,0
112.5933426010015,170362.213237329,3385,3.767672526041667,63.0,23.0,97.9125,0
112.62528706298326,170362.245181791,3386,3.766751302083333,64.0,23.0,97.9125,0
112.66125694999937,170362.281151678,3387,3.7716569010416667,65.0,23.0,97.9125,0
112.69330884999363,170362.313203578,3388,3.7582584635416665,65.0,23.0,97.9125,0
112.72529507300351,170362.345189801,3389,3.7566731770833335,64.0,23.0,97.9125,0
112.76136200799374,170362.381256736,3390,3.7358854166666666,64.0,23.0,97.9125,0
112.79329518199665,170362.41318991,3391,3.7528190104166668,67.0,23.0,97.9125,0
112.8252873949823,170362.445182123,3392,3.735875651041667,66.0,23.0,97.9125,0
112.8572464690078,170362.477141197,3393,3.7334993489583335,68.0,23.0,97.9125,0
112.89333342999453,170362.513228158,3394,3.7249186197916666,71.0,23.0,97.9125,0
112.92530975700356,170362.545204485,3395,3.697255859375,65.0,23.0,97.9125,0
112.95731467398582,170362.577209402,3396,3.680081380208333,66.0,23.0,97.9125,0
112.99330762599129,170362.613202354,3397,3.708857421875,65.0,23.0,97.9125,0
113.02528337200056,170362.6451781,3398,3.7099186197916665,68.0,22.0,97.9125,0
113.05729238098138,170362.677187109,3399,3.6759765625,67.0,22.0,97.9125,0
113.0933083689888,170362.713203097,3400,3.6927083333333335,64.0,22.0,97.9125,0
113.12528649598244,170362.745181224,3401,3.6950651041666664,65.0,22.0,97.9125,0
113.15728949700133,170362.777184225,3402,3.662692057291667,71.0,23.0,97.9125,0
113.19329750697943,170362.813192235,3403,3.608473307291667,65.0,22.0,97.9125,0
113.22533158800798,170362.845226316,3404,3.6048046875,63.0,23.0,97.9125,0
113.25727728000493,170362.877172008,3405,3.623544921875,65.0,22.0,97.9125,0
113.29331419299706,170362.913208921,3406,3.6156217447916665,65.0,22.0,97.9125,0
113.3252932689793,170362.945187997,3407,3.6082161458333335,69.0,22.0,97.9125,0
113.35728009499144,170362.977174823,3408,3.6011555989583335,69.0,22.0,97.9125,0
113.38940245198319,170363.00929718,3409,3.620634765625,65.0,22.0,97.9125,0
113.42537666499265,170363.045271393,3410,3.6257421875,66.0,22.0,97.9125,0
113.45740162098082,170363.077296349,3411,3.597711588541667,65.0,22.0,97.9125,0
113.48931232100585,170363.109207049,3412,3.5957552083333333,69.0,22.0,97.9125,0
113.52535641699797,170363.145251145,3413,3.64837890625,68.0,22.0,97.9125,0
113.55732143399655,170363.177216162,3414,3.603684895833333,66.0,23.0,97.9125,0
113.58933920398704,170363.209233932,3415,3.5976529947916664,69.0,22.0,97.9125,0
113.6253180319909,170363.24521276,3416,3.5954361979166665,72.0,22.0,97.9125,0
113.65731510199839,170363.27720983,3417,3.5968326822916667,65.0,22.0,97.9125,0
113.68944685099996,170363.309341579,3418,3.5714453125,63.0,23.0,97.9125,0
113.72543105098885,170363.345325779,3419,3.575634765625,74.0,23.0,97.9125,0
113.75738179398468,170363.377276522,3420,3.6002701822916667,66.0,23.0,97.9125,0
113.78940648000571,170363.409301208,3421,3.5877669270833334,67.0,23.0,97.9125,0
113.8253932420048,170363.44528797,3422,3.616490885416667,80.0,23.0,97.9125,0
113.85732412699144,170363.477218855,3423,3.5741341145833334,67.0,23.0,97.9125,0
113.8893000719836,170363.5091948,3424,3.5861686197916667,66.0,23.0,97.9125,0
113.92129020098946,170363.541184929,3425,3.5634635416666667,69.0,23.0,97.9125,0
113.95729142500204,170363.577186153,3426,3.6134407552083334,71.0,23.0,97.9125,0
113.9893701869878,170363.609264915,3427,3.5910546875,67.0,23.0,97.9125,0
114.02141563498299,170363.641310363,3428,3.6022298177083334,68.0,23.0,97.9125,0
114.05729944599443,170363.677194174,3429,3.6456510416666665,68.0,23.0,97.9125,0
114.08937623698148,170363.709270965,3430,3.6537630208333334,71.0,23.0,97.9125,0
114.12138833798235,170363.741283066,3431,3.681038411458333,72.0,23.0,97.9125,0
114.1574020269909,170363.777296755,3432,3.6716178385416667,67.0,24.0,97.9125,0
114.1893199729966,170363.809214701,3433,3.67890625,71.0,24.0,97.9125,0
114.22131864799303,170363.841213376,3434,3.6744205729166666,67.0,24.0,97.9125,0
114.25733264398878,170363.877227372,3435,3.653753255208333,69.0,24.0,97.9125,0
114.28931151598226,170363.909206244,3436,3.6643391927083333,73.0,24.0,97.9125,0
114.32131120099803,170363.941205929,3437,3.6874348958333334,74.0,24.0,97.9125,0
114.35727574999328,170363.977170478,3438,3.685602213541667,67.0,24.0,97.9125,0
114.38935283699539,170364.009247565,3439,3.663828125,71.0,24.0,97.9125,0
114.42136810100055,170364.041262829,3440,3.686240234375,67.0,24.0,97.9125,0
114.4573965719901,170364.0772913,3441,3.6927473958333334,69.0,24.0,97.9125,0
114.48933165098424,170364.109226379,3442,3.7181022135416666,68.0,24.0,97.9125,0
114.5214198899921,170364.141314618,3443,3.7247916666666665,71.0,24.0,97.9125,0
114.5533409229829,170364.173235651,3444,3.7358430989583336,71.0,24.0,97.9125,0
114.58940927800722,170364.209304006,3445,3.7386328125,71.0,24.0,97.9125,0
114.62127152399626,170364.241166252,3446,3.725732421875,76.0,24.0,97.9125,0
114.65340748798917,170364.273302216,3447,3.7273990885416666,71.0,24.0,97.9125,0
114.68928875299753,170364.309183481,3448,3.739860026041667,66.0,24.0,97.9125,0
114.72143361900817,170364.341328347,3449,3.7202408854166666,72.0,24.0,97.9125,0
114.75339468900347,170364.373289417,3450,3.751988932291667,65.0,24.0,97.9125,0
114.78925961800269,170364.409154346,3451,3.7700716145833333,71.0,24.0,97.9125,0
114.82127866899827,170364.441173397,3452,3.7712890625,71.0,24.0,97.9125,0
114.85325960599585,170364.473154334,3453,3.7328483072916665,66.0,24.0,97.9125,0
114.88925979399937,170364.509154522,3454,3.742639973958333,75.0,24.0,97.9125,0
114.92129093999392,170364.541185668,3455,3.7615266927083333,74.0,24.0,97.9125,0
114.9532657719974,170364.5731605,3456,3.76,71.0,24.0,97.9125,0
114.98932599500404,170364.609220723,3457,3.774134114583333,66.0,24.0,97.9125,0
115.02128175200778,170364.64117648,3458,3.75517578125,67.0,24.0,97.9125,0
115.05325797598925,170364.673152704,3459,3.7656217447916664,65.0,24.0,97.9125,0
115.0852417940041,170364.705136522,3460,3.7636067708333334,72.0,24.0,97.9125,0
115.12126535997959,170364.741160088,3461,3.80609375,67.0,24.0,97.9125,0
115.15327583899489,170364.773170567,3462,3.80470703125,64.0,24.0,97.9125,0
115.1852496729989,170364.805144401,3463,3.7719856770833333,64.0,24.0,97.9125,0
115.22127601300599,170364.841170741,3464,3.7678450520833335,72.0,23.0,97.9125,0
115.2532677789859,170364.873162507,3465,3.764837239583333,65.0,24.0,97.9125,0
115.28527752499213,170364.905172253,3466,3.7873828125,63.0,23.0,97.9125,0
115.3212703760073,170364.941165104,3467,3.764215494791667,65.0,23.0,97.9125,0
115.35326284400071,170364.973157572,3468,3.7717578125,65.0,23.0,97.9125,0
115.38528649799991,170365.005181226,3469,3.78193359375,69.0,23.0,97.9125,0
115.42123699799413,170365.041131726,3470,3.788255208333333,65.0,23.0,97.9125,0
115.45323028299026,170365.073125011,3471,3.749833984375,66.0,23.0,97.9125,0
115.4852669450047,170365.105161673,3472,3.761103515625,63.0,23.0,97.9125,0
115.52129730500747,170365.141192033,3473,3.7771256510416666,63.0,23.0,97.9125,0
115.55324192298576,170365.173136651,3474,3.7616471354166667,71.0,23.0,97.9125,0
115.58524928998668,170365.205144018,3475,3.7547200520833335,61.0,23.0,97.9125,0
115.62127301399596,170365.241167742,3476,3.765849609375,69.0,23.0,97.9125,0
115.65323461598018,170365.273129344,3477,3.697903645833333,64.0,23.0,97.9125,0
115.68529835200752,170365.30519308,3478,3.721240234375,62.0,23.0,97.9125,0
115.71725700399838,170365.337151732,3479,3.724384765625,66.0,23.0,97.9125,0
115.75326740599121,170365.373162134,3480,3.719150390625,68.0,23.0,97.9125,0
115.78527354999096,170365.405168278,3481,3.7165462239583333,68.0,23.0,97.9125,0
115.81725644500693,170365.437151173,3482,3.709303385416667,69.0,23.0,97.9125,0
115.85325429899967,170365.473149027,3483,3.69361328125,68.0,23.0,97.9125,0
115.88525612300145,170365.505150851,3484,3.725,73.0,22.0,97.9125,0
115.91723019297933,170365.537124921,3485,3.7020247395833334,73.0,22.0,97.9125,0
115.95324899698608,170365.573143725,3486,3.695198567708333,69.0,22.0,97.9125,0
115.98525927198352,170365.605154,3487,3.70580078125,67.0,22.0,97.9125,0
116.01723717298592,170365.637131901,3488,3.71904296875,66.0,22.0,97.9125,0
116.05327884599683,170365.673173574,3489,3.6776139322916666,63.0,23.0,97.9125,0
116.08525936899241,170365.705154097,3490,3.663873697916667,66.0,22.0,97.9125,0
116.11725119699258,170365.737145925,3491,3.695670572916667,65.0,22.0,97.9125,0
116.15329325100174,170365.773187979,3492,3.642626953125,66.0,22.0,97.9125,0
116.18528971000342,170365.805184438,3493,3.6334114583333332,68.0,22.0,97.9125,0
116.21728647800046,170365.837181206,3494,3.627919921875,63.0,22.0,97.9125,0
116.2492526450078,170365.869147373,3495,3.6213671875,67.0,22.0,97.9125,0
116.2852602879866,170365.905155016,3496,3.586123046875,72.0,22.0,97.9125,0
116.3172465020034,170365.93714123,3497,3.597109375,68.0,22.0,97.9125,0
116.349265294004,170365.969160022,3498,3.5864973958333333,65.0,22.0,97.9125,0
116.38531853098539,170366.005213259,3499,3.612584635416667,74.0,22.0,97.9125,0
116.4172555609839,170366.037150289,3500,3.604039713541667,69.0,22.0,97.9125,0
116.44922215200495,170366.06911688,3501,3.6173828125,65.0,23.0,97.9125,0
116.48522854800103,170366.105123276,3502,3.5827115885416667,65.0,22.0,97.9125,0
116.51730224498897,170366.137196973,3503,3.610556640625,69.0,23.0,97.9125,0
116.54931159800617,170366.169206326,3504,3.6048079427083333,71.0,23.0,97.9125,0
116.5852585209941,170366.205153249,3505,3.581881510416667,69.0,23.0,97.9125,0
116.61724343698006,170366.237138165,3506,3.605074869791667,66.0,23.0,97.9125,0
116.64923840897973,170366.269133137,3507,3.6484602864583335,68.0,23.0,97.9125,0
116.68531901398092,170366.305213742,3508,3.6315657552083334,73.0,23.0,97.9125,0
116.71724778899807,170366.337142517,3509,3.6331575520833335,67.0,23.0,97.9125,0
116.74927788900095,170366.369172617,3510,3.644150390625,66.0,23.0,97.9125,0
116.7812865349988,170366.401181263,3511,3.6690364583333333,66.0,23.0,97.9125,0
116.81727424199926,170366.43716897,3512,3.664322916666667,68.0,23.0,97.9125,0
116.84925830599968,170366.469153034,3513,3.6699348958333333,66.0,23.0,97.9125,0
116.88126932299929,170366.501164051,3514,3.6295963541666665,66.0,23.0,97.9125,0
116.91728565399535,170366.537180382,3515,3.7088118489583333,67.0,23.0,97.9125,0
116.94925342299393,170366.569148151,3516,3.6657845052083333,71.0,24.0,97.9125,0
116.9812667859951,170366.601161514,3517,3.6635872395833333,68.0,23.0,97.9125,0
117.0172639490047,170366.637158677,3518,3.6968684895833333,72.0,23.0,97.9125,0
117.04925418499624,170366.669148913,3519,3.711500651041667,66.0,24.0,97.9125,0
117.08125022798777,170366.701144956,3520,3.73958984375,73.0,24.0,97.9125,0
117.11728519399185,170366.737179922,3521,3.752347005208333,67.0,24.0,97.9125,0
117.14927604500554,170366.769170773,3522,3.721015625,74.0,24.0,97.9125,0
117.18126272500376,170366.801157453,3523,3.7088736979166668,71.0,24.0,97.9125,0
117.2172953109839,170366.837190039,3524,3.7076920572916667,71.0,24.0,97.9125,0
117.24926181699266,170366.869156545,3525,3.742802734375,66.0,24.0,97.9125,0
117.28127090900671,170366.901165637,3526,3.7430208333333335,71.0,24.0,97.9125,0
117.31730520899873,170366.937199937,3527,3.723232421875,71.0,24.0,97.9125,0
117.34925391199067,170366.96914864,3528,3.752958984375,65.0,24.0,97.9125,0
117.38127888299641,170367.001173611,3529,3.7318489583333334,72.0,24.0,97.9125,0
117.41327266700682,170367.033167395,3530,3.7620345052083333,67.0,24.0,97.9125,0
117.44925901200622,170367.06915374,3531,3.7413736979166665,69.0,24.0,97.9125,0
117.48124701800407,170367.101141746,3532,3.7639420572916666,72.0,24.0,97.9125,0
117.5132818929851,170367.133176621,3533,3.7686002604166666,69.0,24.0,97.9125,0
117.54927728598705,170367.169172014,3534,3.7833072916666666,68.0,24.0,97.9125,0
117.58127151298686,170367.201166241,3535,3.7605436197916666,69.0,24.0,97.9125,0
117.61328253799002,170367.233177266,3536,3.7721321614583334,64.0,24.0,97.9125,0
117.64928271700046,170367.269177445,3537,3.7814680989583334,65.0,24.0,97.9125,0
117.68131190698477,170367.301206635,3538,3.80376953125,73.0,24.0,97.9125,0
117.71329357099603,170367.333188299,3539,3.7735091145833333,65.0,24.0,97.9125,0
117.74922898699879,170367.369123715,3540,3.7744563802083335,69.0,24.0,97.9125,0
117.78123897098703,170367.401133699,3541,3.7696419270833332,67.0,24.0,97.9125,0
117.81324494100409,170367.433139669,3542,3.7811979166666667,67.0,24.0,97.9125,0
117.84929474198725,170367.46918947,3543,3.7871158854166667,64.0,24.0,97.9125,0
117.88130855798954,170367.501203286,3544,3.792047526041667,64.0,24.0,97.9125,0
117.91329426600714,170367.533188994,3545,3.7955729166666665,62.0,24.0,97.9125,0
117.94525811000494,170367.565152838,3546,3.8054654947916666,69.0,24.0,97.9125,0
117.9812506059825,170367.601145334,3547,3.7960807291666665,68.0,24.0,97.9125,0
118.0132754049846,170367.633170133,3548,3.799814453125,74.0,24.0,97.9125,0
118.04526890200214,170367.66516363,3549,3.7787076822916665,77.0,24.0,97.9125,0
118.08127050800249,170367.701165236,3550,3.7902701822916667,69.0,24.0,97.9125,0
118.11332003798452,170367.733214766,3551,3.8029166666666665,71.0,23.0,97.9125,0
118.14526234799996,170367.765157076,3552,3.7951334635416667,63.0,24.0,97.9125,0
118.18124128400814,170367.801136012,3553,3.7727018229166664,66.0,23.0,97.9125,0
118.21327237199876,170367.8331671,3554,3.769078776041667,71.0,23.0,97.9125,0
118.24525737200747,170367.8651521,3555,3.787822265625,71.0,23.0,97.9125,0
118.28131458198186,170367.90120931,3556,3.779951171875,73.0,23.0,97.9125,0
118.31327151300502,170367.933166241,3557,3.767734375,63.0,23.0,97.9125,0
118.34529363299953,170367.965188361,3558,3.7957975260416665,64.0,23.0,97.9125,0
118.38133465099963,170368.001229379,3559,3.7530891927083334,65.0,23.0,97.9125,0
118.41328258099384,170368.033177309,3560,3.7463248697916667,65.0,23.0,97.9125,0
118.44526341799065,170368.065158146,3561,3.752626953125,65.0,23.0,97.9125,0
118.47731756299618,170368.097212291,3562,3.7796223958333335,67.0,23.0,97.9125,0
118.51330749600311,170368.133202224,3563,3.775478515625,64.0,23.0,97.9125,0
118.54526904298109,170368.165163771,3564,3.7448502604166665,66.0,23.0,97.9125,0
118.57726549200015,170368.19716022,3565,3.749267578125,65.0,23.0,97.9125,0
118.61329243698856,170368.233187165,3566,3.7073795572916666,64.0,23.0,97.9125,0
118.64527173998067,170368.265166468,3567,3.714453125,63.0,23.0,97.9125,0
118.67730019098963,170368.297194919,3568,3.7190201822916666,69.0,22.0,97.9125,0
118.71326715999749,170368.333161888,3569,3.6916015625,67.0,22.0,97.9125,0
118.74528198599,170368.365176714,3570,3.7273079427083333,75.0,23.0,97.9125,0
118.77727264398709,170368.397167372,3571,3.708056640625,65.0,22.0,97.9125,0
118.81327826500637,170368.433172993,3572,3.71017578125,65.0,23.0,97.9125,0
118.84528513799887,170368.465179866,3573,3.690927734375,65.0,22.0,97.9125,0
118.87729288698756,170368.497187615,3574,3.7119466145833333,67.0,22.0,97.9125,0
118.9132982220035,170368.53319295,3575,3.6958333333333333,63.0,22.0,97.9125,0
118.94528486600029,170368.565179594,3576,3.673056640625,64.0,22.0,97.9125,0
118.97727415797999,170368.597168886,3577,3.6810319010416666,62.0,22.0,97.9125,0
119.01329730899306,170368.633192037,3578,3.666897786458333,68.0,22.0,97.9125,0
119.04526997098583,170368.665164699,3579,3.66279296875,68.0,22.0,97.9125,0
119.07727685800637,170368.697171586,3580,3.6547428385416665,68.0,22.0,97.9125,0
119.10929028398823,170368.729185012,3581,3.6734798177083334,71.0,22.0,97.9125,0
119.14527039998211,170368.765165128,3582,3.708818359375,66.0,23.0,97.9125,0
119.17730839599972,170368.797203124,3583,3.7144954427083334,72.0,23.0,97.9125,0
119.20923551998567,170368.829130248,3584,3.693567708333333,66.0,22.0,97.9125,0
119.2453057699895,170368.865200498,3585,3.690354817708333,66.0,23.0,97.9125,0
119.27728461998049,170368.897179348,3586,3.689811197916667,66.0,23.0,97.9125,0
119.30929042698699,170368.929185155,3587,3.705865885416667,72.0,23.0,97.9125,0
119.34526848499081,170368.965163213,3588,3.729873046875,67.0,23.0,97.9125,0
119.37730091199046,170368.99719564,3589,3.776337890625,66.0,23.0,97.9125,0
119.40932968299603,170369.029224411,3590,3.7267057291666665,72.0,23.0,97.9125,0
119.44529854899156,170369.065193277,3591,3.73521484375,68.0,23.0,97.9125,0
119.47730778797995,170369.097202516,3592,3.7310026041666666,68.0,23.0,97.9125,0
119.50932424498023,170369.129218973,3593,3.698636067708333,67.0,23.0,97.9125,0
119.54539618900162,170369.165290917,3594,3.7429915364583333,79.0,23.0,97.9125,0
119.57727195200277,170369.19716668,3595,3.716494140625,74.0,23.0,97.9125,0
119.60930320600164,170369.229197934,3596,3.7518326822916666,64.0,23.0,97.9125,0
119.64131088499562,170369.261205613,3597,3.745693359375,66.0,23.0,97.9125,0
119.67727115598973,170369.297165884,3598,3.781044921875,73.0,23.0,97.9125,0
119.70928400798584,170369.329178736,3599,3.7757942708333334,71.0,23.0,97.9125,0
119.7413106779859,170369.361205406,3600,3.6999055989583334,68.0,23.0,97.9125,0
119.7772859169927,170369.397180645,3601,3.7203352864583334,69.0,23.0,97.9125,0
119.80931931099622,170369.429214039,3602,3.733756510416667,69.0,24.0,97.9125,0
119.84131976598292,170369.461214494,3603,3.6913248697916665,69.0,24.0,97.9125,0
119.87732334798784,170369.497218076,3604,3.7113151041666668,67.0,24.0,97.9125,0
119.90928296899074,170369.529177697,3605,3.7176920572916665,65.0,23.0,97.9125,0
119.94129441399127,170369.561189142,3606,3.7269889322916665,71.0,24.0,97.9125,0
119.97734381098417,170369.597238539,3607,3.71435546875,69.0,24.0,97.9125,0
120.0093170189939,170369.629211747,3608,3.7346809895833335,65.0,24.0,97.9125,0
120.04128227598267,170369.661177004,3609,3.730302734375,67.0,24.0,97.9125,0
120.07732732399018,170369.697222052,3610,3.750380859375,68.0,24.0,97.9125,0
120.10929531700094,170369.729190045,3611,3.7230729166666667,71.0,24.0,97.9125,0
120.1412913389795,170369.761186067,3612,3.721328125,71.0,24.0,97.9125,0
120.17331859999103,170369.793213328,3613,3.7610774739583333,72.0,24.0,97.9125,0
120.2093023339985,170369.829197062,3614,3.756845703125,69.0,24.0,97.9125,0
120.241291274986,170369.861186003,3615,3.75970703125,66.0,24.0,97.9125,0
120.27326003299095,170369.893154761,3616,3.78654296875,71.0,24.0,97.9125,0
120.30933671700768,170369.929231445,3617,3.77296875,66.0,24.0,97.9125,0
120.34129770498839,170369.961192433,3618,3.7553255208333334,68.0,24.0,97.9125,0
120.37333405099344,170369.993228779,3619,3.7630208333333335,66.0,24.0,97.9125,0
120.4092986159958,170370.029193344,3620,3.764010416666667,67.0,24.0,97.9125,0
120.4413161840057,170370.061210912,3621,3.7974869791666666,64.0,24.0,97.9125,0
120.47339708000072,170370.093291808,3622,3.7814518229166665,77.0,24.0,97.9125,0
120.50927551899804,170370.129170247,3623,3.8072395833333332,67.0,24.0,97.9125,0
120.54127577799954,170370.161170506,3624,3.7983268229166667,67.0,24.0,97.9125,0
120.5732776359946,170370.193172364,3625,3.81962890625,66.0,24.0,97.9125,0
120.60930769899278,170370.229202427,3626,3.7941927083333336,74.0,24.0,97.9125,0
120.64134081298835,170370.261235541,3627,3.7711946614583334,66.0,24.0,97.9125,0
120.67332109899144,170370.293215827,3628,3.838434244791667,71.0,24.0,97.9125,0
120.70933378100744,170370.329228509,3629,3.8002799479166667,65.0,24.0,97.9125,0
120.74130029199296,170370.36119502,3630,3.7843033854166666,67.0,24.0,97.9125,0
120.77328976598801,170370.393184494,3631,3.8302018229166666,66.0,24.0,97.9125,0
120.8052889679966,170370.425183696,3632,3.781663411458333,63.0,24.0,97.9125,0
120.84129378700163,170370.461188515,3633,3.8186100260416667,72.0,24.0,97.9125,0
120.87328962498577,170370.493184353,3634,3.802809244791667,65.0,24.0,97.9125,0
120.90531336600543,170370.525208094,3635,3.8073274739583334,71.0,24.0,97.9125,0
120.9412828659988,170370.561177594,3636,3.783916015625,66.0,24.0,97.9125,0
120.97327902700636,170370.593173755,3637,3.785192057291667,65.0,23.0,97.9125,0
121.00529088199255,170370.62518561,3638,3.759710286458333,62.0,23.0,97.9125,0
121.0412405639945,170370.661135292,3639,3.7890885416666666,65.0,23.0,97.9125,0
121.0732988170057,170370.693193545,3640,3.8012662760416664,64.0,24.0,97.9125,0
121.10529539399431,170370.725190122,3641,3.7756087239583334,66.0,23.0,97.9125,0
121.14136474000406,170370.761259468,3642,3.7733268229166668,62.0,23.0,97.9125,0
121.17328473099042,170370.793179459,3643,3.7593196614583335,66.0,23.0,97.9125,0
121.20528971898602,170370.825184447,3644,3.756647135416667,68.0,23.0,97.9125,0
121.24133643999812,170370.861231168,3645,3.788160807291667,72.0,23.0,97.9125,0
121.27323798998259,170370.893132718,3646,3.759482421875,69.0,23.0,97.9125,0
121.30539366800804,170370.925288396,3647,3.72740234375,64.0,23.0,97.9125,0
121.33728754500044,170370.957182273,3648,3.763212890625,66.0,23.0,97.9125,0
121.37333462000242,170370.993229348,3649,3.7528255208333334,62.0,23.0,97.9125,0
121.40545351500623,170371.025348243,3650,3.7383235677083335,62.0,23.0,97.9125,0
121.43734683099319,170371.057241559,3651,3.745244140625,64.0,23.0,97.9125,0
121.47323536098702,170371.093130089,3652,3.69931640625,62.0,23.0,97.9125,0
121.50531057498301,170371.125205303,3653,3.6885546875,63.0,23.0,97.9125,0
121.53726786500192,170371.157162593,3654,3.686767578125,68.0,22.0,97.9125,0
121.57327070998144,170371.193165438,3655,3.703255208333333,64.0,23.0,97.9125,0
121.60529797399067,170371.225192702,3656,3.67779296875,64.0,22.0,97.9125,0
121.63730767698144,170371.257202405,3657,3.711442057291667,66.0,23.0,97.9125,0
121.67328366200672,170371.29317839,3658,3.681943359375,71.0,23.0,97.9125,0
121.7052794249903,170371.325174153,3659,3.673619791666667,64.0,22.0,97.9125,0
121.7372977490013,170371.357192477,3660,3.676279296875,66.0,22.0,97.9125,0
121.77329534798628,170371.393190076,3661,3.6917220052083333,68.0,22.0,97.9125,0
121.80531709699426,170371.425211825,3662,3.6531022135416666,64.0,22.0,97.9125,0
121.8373289690062,170371.457223697,3663,3.63255859375,65.0,22.0,97.9125,0
121.86935953199281,170371.48925426,3664,3.625009765625,66.0,22.0,97.9125,0
121.90532672399422,170371.525221452,3665,3.603610026041667,65.0,22.0,97.9125,0
121.93729878999875,170371.557193518,3666,3.5901171875,65.0,22.0,97.9125,0
121.96930073399562,170371.589195462,3667,3.616643880208333,69.0,22.0,97.9125,0
122.00533377798274,170371.625228506,3668,3.605413411458333,65.0,22.0,97.9125,0
122.03731049899943,170371.657205227,3669,3.5869108072916664,64.0,22.0,97.9125,0
122.06928841900663,170371.689183147,3670,3.5882356770833335,65.0,22.0,97.9125,0
122.10530635298346,170371.725201081,3671,3.6004850260416665,66.0,23.0,97.9125,0
122.13728859898401,170371.757183327,3672,3.601920572916667,67.0,22.0,97.9125,0
122.16934055398451,170371.789235282,3673,3.587734375,68.0,22.0,97.9125,0
122.20534411698463,170371.825238845,3674,3.5916178385416666,68.0,22.0,97.9125,0
122.23732351299259,170371.857218241,3675,3.5907682291666667,72.0,22.0,97.9125,0
122.26934789298684,170371.889242621,3676,3.6267903645833335,66.0,22.0,97.9125,0
122.30532636598218,170371.925221094,3677,3.6202278645833332,72.0,23.0,97.9125,0
122.3374132339959,170371.957307962,3678,3.638388671875,69.0,23.0,97.9125,0
122.36933364497963,170371.989228373,3679,3.6344596354166665,66.0,23.0,97.9125,0
122.40536450099899,170372.025259229,3680,3.649205729166667,72.0,23.0,97.9125,0
122.43745086199488,170372.05734559,3681,3.667122395833333,64.0,23.0,97.9125,0
122.46934137897915,170372.089236107,3682,3.636813151041667,71.0,23.0,97.9125,0
122.50131493998924,170372.121209668,3683,3.6279329427083336,65.0,23.0,97.9125,0
122.5373033430078,170372.157198071,3684,3.6408561197916667,67.0,23.0,97.9125,0
122.56933025398757,170372.189224982,3685,3.6579622395833336,66.0,23.0,97.9125,0
122.60143597598653,170372.221330704,3686,3.660908203125,67.0,23.0,97.9125,0
122.63732548998087,170372.257220218,3687,3.6499837239583335,65.0,23.0,97.9125,0
122.66934881199268,170372.28924354,3688,3.662633463541667,67.0,23.0,97.9125,0
122.70135893399129,170372.321253662,3689,3.66755859375,66.0,23.0,97.9125,0
122.73729598798673,170372.357190716,3690,3.7058528645833335,68.0,24.0,97.9125,0
122.76933546899818,170372.389230197,3691,3.7151888020833335,68.0,23.0,97.9125,0
122.80135680598323,170372.421251534,3692,3.7153352864583336,78.0,24.0,97.9125,0
122.83731460399576,170372.457209332,3693,3.6999641927083333,71.0,23.0,97.9125,0
122.8693156009831,170372.489210329,3694,3.6995149739583333,66.0,24.0,97.9125,0
122.90131736799958,170372.521212096,3695,3.704482421875,67.0,23.0,97.9125,0
122.93733352399431,170372.557228252,3696,3.667861328125,64.0,24.0,97.9125,0
122.96931938498165,170372.589214113,3697,3.7251888020833333,73.0,24.0,97.9125,0
123.0014079370012,170372.621302665,3698,3.712721354166667,69.0,24.0,97.9125,0
123.03346120298374,170372.653355931,3699,3.7146516927083333,77.0,24.0,97.9125,0
123.06939004498417,170372.689284773,3700,3.7465397135416665,69.0,24.0,97.9125,0
123.10138305198052,170372.72127778,3701,3.6937076822916666,68.0,24.0,97.9125,0
123.13336631198763,170372.75326104,3702,3.7238671875,71.0,24.0,97.9125,0
123.16936185900704,170372.789256587,3703,3.742734375,68.0,24.0,97.9125,0
123.2013824369933,170372.821277165,3704,3.7170670572916666,73.0,24.0,97.9125,0
123.23336647098768,170372.853261199,3705,3.743538411458333,72.0,24.0,97.9125,0
123.26929923298303,170372.889193961,3706,3.7206380208333334,66.0,24.0,97.9125,0
123.301336687,170372.921231415,3707,3.724697265625,69.0,24.0,97.9125,0
123.33333249099087,170372.953227219,3708,3.7514615885416664,66.0,24.0,97.9125,0
123.36928795999847,170372.989182688,3709,3.7139095052083335,67.0,24.0,97.9125,0
123.40133521700045,170373.021229945,3710,3.74072265625,69.0,24.0,97.9125,0
123.43332577799447,170373.053220506,3711,3.7482649739583334,62.0,24.0,97.9125,0
123.46934550598962,170373.089240234,3712,3.768538411458333,64.0,24.0,97.9125,0
123.50133789199754,170373.12123262,3713,3.7637434895833333,69.0,24.0,97.9125,0
123.53327435598476,170373.153169084,3714,3.7319368489583336,71.0,24.0,97.9125,0
123.5655438679969,170373.185438596,3715,3.77158203125,67.0,24.0,97.9125,0
123.60130703600589,170373.221201764,3716,3.7622330729166666,65.0,24.0,97.9125,0
123.63334157699137,170373.253236305,3717,3.80189453125,69.0,24.0,97.9125,0
123.66537807200802,170373.2852728,3718,3.773974609375,71.0,24.0,97.9125,0
123.70129481199547,170373.32118954,3719,3.760462239583333,67.0,24.0,97.9125,0
123.73333792499034,170373.353232653,3720,3.7718815104166667,67.0,24.0,97.9125,0
123.76528053899528,170373.385175267,3721,3.77064453125,72.0,24.0,97.9125,0
123.8013336219883,170373.42122835,3722,3.771598307291667,66.0,24.0,97.9125,0
123.83333044798928,170373.453225176,3723,3.778857421875,66.0,24.0,97.9125,0
123.8653140910028,170373.485208819,3724,3.779505208333333,65.0,24.0,97.9125,0
123.90128247698885,170373.521177205,3725,3.7605240885416666,73.0,24.0,97.9125,0
123.93334958798368,170373.553244316,3726,3.793929036458333,65.0,24.0,97.9125,0
123.96532066399232,170373.585215392,3727,3.7657975260416667,71.0,23.0,97.9125,0
124.00133037398336,170373.621225102,3728,3.7913639322916666,67.0,23.0,97.9125,0
124.03333116098656,170373.653225889,3729,3.7515559895833333,65.0,23.0,97.9125,0
124.06537977000698,170373.685274498,3730,3.7645377604166668,68.0,23.0,97.9125,0
124.1013397439965,170373.721234472,3731,3.78486328125,68.0,23.0,97.9125,0
124.13328459698823,170373.753179325,3732,3.759111328125,65.0,23.0,97.9125,0
124.1652981939842,170373.785192922,3733,3.77669921875,69.0,23.0,97.9125,0
124.19734179100487,170373.817236519,3734,3.7678352864583333,71.0,23.0,97.9125,0
124.23335782898357,170373.853252557,3735,3.7525455729166666,69.0,23.0,97.9125,0
124.26531038997928,170373.885205118,3736,3.7481510416666666,64.0,23.0,97.9125,0
124.29734672000632,170373.917241448,3737,3.75171875,62.0,23.0,97.9125,0
124.33330982399639,170373.953204552,3738,3.772216796875,63.0,23.0,97.9125,0
124.36537771299481,170373.985272441,3739,3.7596744791666667,71.0,23.0,97.9125,0
124.39733931500814,170374.017234043,3740,3.7671419270833333,63.0,23.0,97.9125,0
124.43335505598225,170374.053249784,3741,3.74095703125,66.0,23.0,97.9125,0
124.46533791298862,170374.085232641,3742,3.779654947916667,63.0,23.0,97.9125,0
124.49736829000176,170374.117263018,3743,3.7522428385416666,66.0,23.0,97.9125,0
124.5333031140035,170374.153197842,3744,3.7578971354166666,66.0,23.0,97.9125,0
124.56532931898255,170374.185224047,3745,3.7585872395833335,63.0,23.0,97.9125,0
124.59732353498111,170374.217218263,3746,3.746162109375,65.0,23.0,97.9125,0
124.63336525700288,170374.253259985,3747,3.7312076822916667,68.0,23.0,97.9125,0
124.66534236099687,170374.285237089,3748,3.7350813802083334,69.0,23.0,97.9125,0
124.69732680599554,170374.317221534,3749,3.7224967447916666,65.0,23.0,97.9125,0
124.72933354298584,170374.349228271,3750,3.7194010416666665,64.0,23.0,97.9125,0
124.76532465600758,170374.385219384,3751,3.696630859375,63.0,22.0,97.9125,0
124.79736955100088,170374.417264279,3752,3.72494140625,69.0,22.0,97.9125,0
124.82934769499116,170374.449242423,3753,3.655797526041667,65.0,23.0,97.9125,0
124.86534396299976,170374.485238691,3754,3.6426204427083335,65.0,23.0,97.9125,0
124.89736049500061,170374.517255223,3755,3.6292220052083333,65.0,22.0,97.9125,0
124.92935695100459,170374.549251679,3756,3.611806640625,63.0,22.0,97.9125,0
124.96531969198259,170374.58521442,3757,3.638583984375,63.0,22.0,97.9125,0
124.99732429199503,170374.61721902,3758,3.628567708333333,65.0,22.0,97.9125,0
125.029328197008,170374.649222925,3759,3.63802734375,64.0,22.0,97.9125,0
125.06533343100455,170374.685228159,3760,3.6460579427083335,64.0,22.0,97.9125,0
125.0973394549801,170374.717234183,3761,3.640205078125,65.0,22.0,97.9125,0
125.12935107300291,170374.749245801,3762,3.6357747395833333,67.0,22.0,97.9125,0
125.16540349597926,170374.785298224,3763,3.613232421875,66.0,22.0,97.9125,0
125.19733207797981,170374.817226806,3764,3.588772786458333,69.0,22.0,97.9125,0
125.22936255199602,170374.84925728,3765,3.6096875,66.0,22.0,97.9125,0
125.26138052600436,170374.881275254,3766,3.6234635416666667,68.0,22.0,97.9125,0
125.29734539499623,170374.917240123,3767,3.591904296875,68.0,22.0,97.9125,0
125.329315415991,170374.949210144,3768,3.6541796875,66.0,22.0,97.9125,0
125.36131379098515,170374.981208519,3769,3.62177734375,66.0,22.0,97.9125,0
125.39737574098399,170375.017270469,3770,3.6539680989583334,71.0,23.0,97.9125,0
125.42944196000462,170375.049336688,3771,3.644150390625,71.0,22.0,97.9125,0
125.46136072298395,170375.081255451,3772,3.6378873697916667,65.0,22.0,97.9125,0
125.49736086899065,170375.117255597,3773,3.614365234375,71.0,22.0,97.9125,0
125.52936450400739,170375.149259232,3774,3.623935546875,68.0,23.0,97.9125,0
125.56132348100073,170375.181218209,3775,3.6346256510416666,66.0,23.0,97.9125,0
125.59731284799636,170375.217207576,3776,3.652815755208333,71.0,23.0,97.9125,0
125.62932455199189,170375.24921928,3777,3.636533203125,67.0,23.0,97.9125,0
125.66132298400044,170375.281217712,3778,3.6657454427083334,71.0,23.0,97.9125,0
125.6973292119801,170375.31722394,3779,3.619052734375,67.0,23.0,97.9125,0
125.72932430700166,170375.349219035,3780,3.6206868489583335,67.0,23.0,97.9125,0
125.7613094690023,170375.381204197,3781,3.6555598958333335,67.0,23.0,97.9125,0
125.79736534299445,170375.417260071,3782,3.654899088541667,71.0,23.0,97.9125,0
125.82932416399126,170375.449218892,3783,3.6504752604166666,69.0,23.0,97.9125,0
125.86132906097919,170375.481223789,3784,3.636953125,77.0,23.0,97.9125,0
125.89335871700314,170375.513253445,3785,3.6679752604166667,66.0,23.0,97.9125,0
125.92931928098551,170375.549214009,3786,3.658522135416667,69.0,23.0,97.9125,0
125.96135486499406,170375.581249593,3787,3.6680891927083334,71.0,23.0,97.9125,0
125.99335228299606,170375.613247011,3788,3.662021484375,67.0,23.0,97.9125,0
126.02935063498444,170375.649245363,3789,3.70216796875,71.0,23.0,97.9125,0
126.06133178298478,170375.681226511,3790,3.72177734375,68.0,23.0,97.9125,0
126.09334136400139,170375.713236092,3791,3.7183072916666666,66.0,23.0,97.9125,0
126.12932521599578,170375.749219944,3792,3.708369140625,66.0,24.0,97.9125,0
126.16134846099885,170375.781243189,3793,3.6918489583333334,69.0,24.0,97.9125,0
126.19335323400446,170375.813247962,3794,3.72080078125,65.0,24.0,97.9125,0
126.22932437298005,170375.849219101,3795,3.719596354166667,74.0,24.0,97.9125,0
126.26134480600012,170375.881239534,3796,3.698583984375,67.0,24.0,97.9125,0
126.29335959200398,170375.91325432,3797,3.722373046875,71.0,24.0,97.9125,0
126.32938300698879,170375.949277735,3798,3.7182194010416665,66.0,24.0,97.9125,0
126.36133020799025,170375.981224936,3799,3.723603515625,73.0,24.0,97.9125,0
126.3933519370039,170376.013246665,3800,3.722805989583333,72.0,24.0,97.9125,0
126.42534776500543,170376.045242493,3801,3.740390625,67.0,24.0,97.9125,0
126.46130075698602,170376.081195485,3802,3.7116927083333335,69.0,24.0,97.9125,0
126.49333423600183,170376.113228964,3803,3.711494140625,69.0,24.0,97.9125,0
126.52534459898015,170376.145239327,3804,3.7280859375,71.0,24.0,97.9125,0
126.56131648999872,170376.181211218,3805,3.754807942708333,74.0,24.0,97.9125,0
126.5933490099851,170376.213243738,3806,3.7341178385416667,66.0,24.0,97.9125,0
126.62535212098737,170376.245246849,3807,3.7377799479166667,68.0,24.0,97.9125,0
126.66135722299805,170376.281251951,3808,3.7585514322916667,72.0,24.0,97.9125,0
126.69333443598589,170376.313229164,3809,3.7643912760416667,72.0,24.0,97.9125,0
126.72533709800337,170376.345231826,3810,3.763701171875,69.0,24.0,97.9125,0
126.76131572399754,170376.381210452,3811,3.7474186197916666,67.0,24.0,97.9125,0
126.79330329800723,170376.413198026,3812,3.776536458333333,71.0,24.0,97.9125,0
126.8253087689809,170376.445203497,3813,3.7825423177083333,69.0,24.0,97.9125,0
126.86135522698169,170376.481249955,3814,3.7866829427083335,66.0,24.0,97.9125,0
126.89333221098059,170376.513226939,3815,3.7831770833333334,66.0,24.0,97.9125,0
126.92534148998675,170376.545236218,3816,3.7931282552083334,65.0,24.0,97.9125,0
126.95732417199179,170376.5772189,3817,3.7749283854166666,66.0,24.0,97.9125,0
126.9933340550051,170376.613228783,3818,3.7945735677083334,66.0,24.0,97.9125,0
127.02535340198665,170376.64524813,3819,3.790641276041667,67.0,24.0,97.9125,0
127.0573742009874,170376.677268929,3820,3.790413411458333,65.0,24.0,97.9125,0
127.09335416200338,170376.71324889,3821,3.7752180989583333,67.0,24.0,97.9125,0
127.12534906397923,170376.745243792,3822,3.7702408854166665,61.0,24.0,97.9125,0
127.15736180898966,170376.777256537,3823,3.7717708333333335,64.0,24.0,97.9125,0
127.19336291900254,170376.813257647,3824,3.782864583333333,69.0,24.0,97.9125,0
127.22536518398556,170376.845259912,3825,3.7902897135416667,68.0,23.0,97.9125,0
127.25755500100786,170376.877449729,3826,3.795048828125,67.0,23.0,97.9125,0
127.29336554298061,170376.913260271,3827,3.785908203125,66.0,24.0,97.9125,0
127.32533270999556,170376.945227438,3828,3.7676106770833333,68.0,23.0,97.9125,0
127.35741911298828,170376.977313841,3829,3.7885091145833334,69.0,23.0,97.9125,0
127.3934104910004,170377.013305219,3830,3.7833561197916667,65.0,23.0,97.9125,0
127.4253259160032,170377.045220644,3831,3.7723567708333334,65.0,23.0,97.9125,0
127.45729339399259,170377.077188122,3832,3.7873079427083334,65.0,23.0,97.9125,0
127.49336615900393,170377.113260887,3833,3.7896614583333332,72.0,23.0,97.9125,0
127.52535706100753,170377.145251789,3834,3.7397395833333333,63.0,23.0,97.9125,0
127.55725580698345,170377.177150535,3835,3.7724869791666666,65.0,23.0,97.9125,0
127.58937376498943,170377.209268493,3836,3.759934895833333,63.0,23.0,97.9125,0
127.62527895299718,170377.245173681,3837,3.7676822916666666,72.0,23.0,97.9125,0
127.65735285400297,170377.277247582,3838,3.7732779947916666,62.0,23.0,97.9125,0
127.68937665200792,170377.30927138,3839,3.733138020833333,67.0,23.0,97.9125,0
127.72532935498748,170377.345224083,3840,3.7348046875,64.0,23.0,97.9125,0
127.75728785298998,170377.377182581,3841,3.751357421875,67.0,23.0,97.9125,0
127.78938716900302,170377.409281897,3842,3.7276302083333333,68.0,23.0,97.9125,0
127.8253690279962,170377.445263756,3843,3.7558463541666667,67.0,23.0,97.9125,0
127.85730181998224,170377.477196548,3844,3.7534212239583336,66.0,23.0,97.9125,0
127.88934161700308,170377.509236345,3845,3.734033203125,69.0,23.0,97.9125,0
127.92529855598696,170377.545193284,3846,3.728466796875,65.0,23.0,97.9125,0
127.95734577998519,170377.577240508,3847,3.724013671875,65.0,23.0,97.9125,0
127.98936695998418,170377.609261688,3848,3.7002083333333333,67.0,23.0,97.9125,0
128.02537614598987,170377.645270874,3849,3.7397330729166667,72.0,23.0,97.9125,0
128.05731656600256,170377.677211294,3850,3.7194791666666664,74.0,22.0,97.9125,0
128.0892975149909,170377.709192243,3851,3.6890690104166666,64.0,22.0,97.9125,0
128.121357016993,170377.741251745,3852,3.62755859375,66.0,22.0,97.9125,0
128.15736420999747,170377.777258938,3853,3.6381510416666667,65.0,22.0,97.9125,0
128.18933429400204,170377.809229022,3854,3.6332096354166667,74.0,22.0,97.9125,0
128.221357781993,170377.84125251,3855,3.6675651041666666,66.0,22.0,97.9125,0
128.25731174598332,170377.877206474,3856,3.6276171875,69.0,22.0,97.9125,0
128.2893008409883,170377.909195569,3857,3.602239583333333,64.0,22.0,97.9125,0
128.3213837989897,170377.941278527,3858,3.592998046875,66.0,22.0,97.9125,0
128.35728693698184,170377.977181665,3859,3.6110514322916667,66.0,22.0,97.9125,0
128.38937063299818,170378.009265361,3860,3.612568359375,64.0,23.0,97.9125,0
128.42135683700326,170378.041251565,3861,3.580582682291667,69.0,22.0,97.9125,0
128.4573117060063,170378.077206434,3862,3.6030143229166667,65.0,22.0,97.9125,0
128.48933924600715,170378.109233974,3863,3.6145279947916666,69.0,22.0,97.9125,0
128.52138310400187,170378.141277832,3864,3.6180826822916665,66.0,22.0,97.9125,0
128.55740956100635,170378.177304289,3865,3.6128125,66.0,23.0,97.9125,0
128.5893300169846,170378.209224745,3866,3.5836165364583334,68.0,22.0,97.9125,0
128.6213409829943,170378.241235711,3867,3.57994140625,65.0,22.0,97.9125,0
128.6574297839834,170378.277324512,3868,3.5798404947916667,71.0,23.0,97.9125,0
128.6893773849879,170378.309272113,3869,3.5800065104166667,72.0,23.0,97.9125,0
128.72133893400314,170378.341233662,3870,3.5836588541666665,67.0,22.0,97.9125,0
128.7533891639905,170378.373283892,3871,3.604020182291667,77.0,22.0,97.9125,0
128.78939259899198,170378.409287327,3872,3.6026399739583335,64.0,23.0,97.9125,0
128.8213749639981,170378.441269692,3873,3.6159928385416666,73.0,22.0,97.9125,0
128.85335597299854,170378.473250701,3874,3.6147135416666667,66.0,23.0,97.9125,0
128.88940609799465,170378.509300826,3875,3.590071614583333,69.0,23.0,97.9125,0
128.92139648098964,170378.541291209,3876,3.6214713541666668,72.0,23.0,97.9125,0
128.9533501539845,170378.573244882,3877,3.6522786458333334,67.0,23.0,97.9125,0
128.989327622985,170378.609222351,3878,3.636702473958333,66.0,23.0,97.9125,0
129.02133920398774,170378.641233932,3879,3.65556640625,69.0,23.0,97.9125,0
129.05337274898193,170378.673267477,3880,3.6259049479166667,65.0,23.0,97.9125,0
129.08936618099688,170378.709260909,3881,3.652815755208333,67.0,23.0,97.9125,0
129.12136676799855,170378.741261496,3882,3.6586490885416665,76.0,23.0,97.9125,0
129.15337471599923,170378.773269444,3883,3.6512890625,69.0,23.0,97.9125,0
129.18942403999972,170378.809318768,3884,3.670810546875,71.0,23.0,97.9125,0
129.22139837199938,170378.8412931,3885,3.64564453125,67.0,23.0,97.9125,0
129.25330951798242,170378.873204246,3886,3.647294921875,77.0,23.0,97.9125,0
129.28535197098972,170378.905246699,3887,3.665419921875,71.0,23.0,97.9125,0
129.32136070198612,170378.94125543,3888,3.72669921875,71.0,23.0,97.9125,0
129.35339234699495,170378.973287075,3889,3.721227213541667,68.0,23.0,97.9125,0
129.38539027399383,170379.005285002,3890,3.747184244791667,66.0,24.0,97.9125,0
129.4213532919821,170379.04124802,3891,3.7375553385416667,69.0,24.0,97.9125,0
129.45337793900399,170379.073272667,3892,3.6945084635416667,68.0,23.0,97.9125,0
129.4853495270072,170379.105244255,3893,3.7006184895833334,71.0,24.0,97.9125,0
129.52133527299156,170379.141230001,3894,3.7091276041666665,67.0,24.0,97.9125,0
129.5533544459904,170379.173249174,3895,3.7052213541666665,66.0,24.0,97.9125,0
129.58539274099167,170379.205287469,3896,3.682060546875,76.0,24.0,97.9125,0
129.62135021400172,170379.241244942,3897,3.7229654947916666,71.0,24.0,97.9125,0
129.65336276899325,170379.273257497,3898,3.711106770833333,71.0,24.0,97.9125,0
129.6853013089858,170379.305196037,3899,3.698805338541667,66.0,24.0,97.9125,0
129.72137531999033,170379.341270048,3900,3.7614485677083334,73.0,24.0,97.9125,0
129.75334246299462,170379.373237191,3901,3.734016927083333,67.0,24.0,97.9125,0
129.78535223699873,170379.405246965,3902,3.7095833333333332,66.0,24.0,97.9125,0
129.8173161209852,170379.437210849,3903,3.735823567708333,68.0,24.0,97.9125,0
129.85337976098526,170379.473274489,3904,3.7703971354166668,66.0,24.0,97.9125,0
129.8853430750023,170379.505237803,3905,3.7605826822916666,66.0,24.0,97.9125,0
129.91737649898278,170379.537271227,3906,3.71955078125,71.0,24.0,97.9125,0
129.95339549100026,170379.573290219,3907,3.753916015625,65.0,24.0,97.9125,0
129.9853220100049,170379.605216738,3908,3.7576139322916666,72.0,24.0,97.9125,0
130.01735967898276,170379.637254407,3909,3.7496223958333332,71.0,24.0,97.9125,0
130.0533870839863,170379.673281812,3910,3.786321614583333,65.0,24.0,97.9125,0
130.0853679389984,170379.705262667,3911,3.767652994791667,67.0,24.0,97.9125,0
130.11734096100554,170379.737235689,3912,3.7610546875,75.0,24.0,97.9125,0
130.15338581299875,170379.773280541,3913,3.78568359375,71.0,24.0,97.9125,0
130.1853578260052,170379.805252554,3914,3.7800716145833335,66.0,24.0,97.9125,0
130.21738551498856,170379.837280243,3915,3.7835677083333334,73.0,24.0,97.9125,0
130.2533896069799,170379.873284335,3916,3.76685546875,65.0,24.0,97.9125,0
130.28535067898338,170379.905245407,3917,3.7783821614583335,64.0,24.0,97.9125,0
130.3173309470003,170379.937225675,3918,3.806022135416667,71.0,24.0,97.9125,0
130.3533713950019,170379.973266123,3919,3.7841796875,66.0,24.0,97.9125,0
130.38538998898002,170380.005284717,3920,3.764986979166667,66.0,24.0,97.9125,0
130.417408334004,170380.037303062,3921,3.790615234375,67.0,24.0,97.9125,0
130.44935663900105,170380.069251367,3922,3.81595703125,65.0,24.0,97.9125,0
130.48535529500805,170380.105250023,3923,3.7883919270833335,65.0,24.0,97.9125,0
130.51740827498725,170380.137303003,3924,3.7773665364583335,66.0,24.0,97.9125,0
130.54943585698493,170380.169330585,3925,3.7767708333333334,67.0,24.0,97.9125,0
130.58536328899208,170380.205258017,3926,3.794404296875,64.0,24.0,97.9125,0
130.61732273100642,170380.237217459,3927,3.7996484375,64.0,24.0,97.9125,0
130.64935079799034,170380.269245526,3928,3.7772005208333335,66.0,24.0,97.9125,0
130.68533536198083,170380.30523009,3929,3.7796516927083332,71.0,24.0,97.9125,0
130.71732017598697,170380.337214904,3930,3.787001953125,64.0,23.0,97.9125,0
130.74933849598165,170380.369233224,3931,3.791712239583333,65.0,23.0,97.9125,0
130.7853763269959,170380.405271055,3932,3.77443359375,65.0,23.0,97.9125,0
130.8173442799889,170380.437239008,3933,3.7954166666666667,66.0,23.0,97.9125,0
130.849317597982,170380.469212326,3934,3.768388671875,73.0,24.0,97.9125,0
130.88543622300494,170380.505330951,3935,3.7864973958333334,65.0,23.0,97.9125,0
130.91736286398373,170380.537257592,3936,3.7566145833333335,64.0,23.0,97.9125,0
130.94936986500397,170380.569264593,3937,3.7836458333333334,64.0,23.0,97.9125,0
130.9813709849841,170380.601265713,3938,3.8016178385416666,63.0,23.0,97.9125,0
131.01732061099028,170380.637215339,3939,3.7937858072916666,63.0,23.0,97.9125,0
131.04939587498666,170380.669290603,3940,3.75962890625,64.0,23.0,97.9125,0
131.08139785198728,170380.70129258,3941,3.774609375,62.0,23.0,97.9125,0
131.11735683400184,170380.737251562,3942,3.7602506510416664,63.0,23.0,97.9125,0
131.1493581729883,170380.769252901,3943,3.7328092447916665,64.0,23.0,97.9125,0
131.18139190998045,170380.801286638,3944,3.774345703125,63.0,23.0,97.9125,0
131.21736467798473,170380.837259406,3945,3.7445865885416665,62.0,23.0,97.9125,0
131.24936530500418,170380.869260033,3946,3.7539778645833333,65.0,23.0,97.9125,0
131.28135381598258,170380.901248544,3947,3.7443131510416667,71.0,23.0,97.9125,0
131.31738468198455,170380.93727941,3948,3.734931640625,63.0,23.0,97.9125,0
131.3493863969925,170380.969281125,3949,3.7434895833333335,65.0,23.0,97.9125,0
131.3814052079979,170381.001299936,3950,3.77876953125,65.0,23.0,97.9125,0
131.41745940898545,170381.037354137,3951,3.7314680989583335,62.0,23.0,97.9125,0
131.4493726340006,170381.069267362,3952,3.7189973958333336,68.0,23.0,97.9125,0
131.48141234298237,170381.101307071,3953,3.7355631510416667,69.0,23.0,97.9125,0
131.51338522299193,170381.133279951,3954,3.7202018229166667,63.0,23.0,97.9125,0
131.54941530598444,170381.169310034,3955,3.7182291666666667,64.0,23.0,97.9125,0
131.5813847410027,170381.201279469,3956,3.7169986979166665,64.0,23.0,97.9125,0
131.61334497100324,170381.233239699,3957,3.742236328125,65.0,22.0,97.9125,0
131.6493739099824,170381.269268638,3958,3.7183203125,65.0,23.0,97.9125,0
131.68139927700395,170381.301294005,3959,3.69388671875,65.0,23.0,97.9125,0
131.71334933498292,170381.333244063,3960,3.646494140625,65.0,22.0,97.9125,0
131.74944268297986,170381.369337411,3961,3.643212890625,61.0,23.0,97.9125,0
131.78139903600095,170381.401293764,3962,3.652802734375,67.0,22.0,97.9125,0
131.813418626989,170381.433313355,3963,3.6306022135416667,66.0,22.0,97.9125,0
131.84938114398392,170381.469275872,3964,3.633600260416667,67.0,22.0,97.9125,0
131.88137971199467,170381.50127444,3965,3.6568001302083335,65.0,23.0,97.9125,0
131.91338544900646,170381.533280177,3966,3.623518880208333,71.0,22.0,97.9125,0
131.94940616900567,170381.569300897,3967,3.642529296875,66.0,22.0,97.9125,0
131.98136862099636,170381.601263349,3968,3.60138671875,65.0,22.0,97.9125,0
132.01336806599284,170381.633262794,3969,3.644869791666667,66.0,22.0,97.9125,0
132.0454422890034,170381.665337017,3970,3.627822265625,66.0,23.0,97.9125,0
132.08136567499605,170381.701260403,3971,3.628017578125,65.0,22.0,97.9125,0
132.11335226599476,170381.733246994,3972,3.6142122395833334,62.0,22.0,97.9125,0
132.1453686709865,170381.765263399,3973,3.620927734375,65.0,22.0,97.9125,0
132.18141060697963,170381.801305335,3974,3.6244596354166667,65.0,22.0,97.9125,0
132.213357695,170381.833252423,3975,3.59349609375,67.0,22.0,97.9125,0
132.245373911981,170381.86526864,3976,3.590950520833333,65.0,23.0,97.9125,0
132.28139803899103,170381.901292767,3977,3.6163020833333333,66.0,22.0,97.9125,0
132.3133803519886,170381.93327508,3978,3.6100032552083334,71.0,22.0,97.9125,0
132.3454135239881,170381.965308252,3979,3.604527994791667,67.0,22.0,97.9125,0
132.38141838699812,170382.001313115,3980,3.605302734375,74.0,22.0,97.9125,0
132.41339905298082,170382.033293781,3981,3.63953125,65.0,23.0,97.9125,0
132.4453917130013,170382.065286441,3982,3.5931022135416666,66.0,23.0,97.9125,0
132.48135206499137,170382.101246793,3983,3.6062467447916666,66.0,23.0,97.9125,0
132.51337087599677,170382.133265604,3984,3.6430240885416665,68.0,23.0,97.9125,0
132.5453670359857,170382.165261764,3985,3.6226432291666666,68.0,23.0,97.9125,0
132.58145787598914,170382.201352604,3986,3.636663411458333,67.0,23.0,97.9125,0
132.6133864959993,170382.233281224,3987,3.639664713541667,71.0,23.0,97.9125,0
132.64537482499145,170382.265269553,3988,3.642802734375,68.0,23.0,97.9125,0
132.67736931997933,170382.297264048,3989,3.6328092447916664,65.0,23.0,97.9125,0
132.71337197799585,170382.333266706,3990,3.6711100260416667,67.0,23.0,97.9125,0
132.74538328198832,170382.36527801,3991,3.618951822916667,72.0,23.0,97.9125,0
132.77741122999578,170382.397305958,3992,3.6549869791666665,67.0,23.0,97.9125,0
132.8133540719864,170382.4332488,3993,3.63359375,66.0,23.0,97.9125,0
132.84539167399635,170382.465286402,3994,3.633883463541667,72.0,23.0,97.9125,0
132.87739015498664,170382.497284883,3995,3.661829427083333,66.0,23.0,97.9125,0
132.91339160999632,170382.533286338,3996,3.69357421875,76.0,23.0,97.9125,0
132.94539980200352,170382.56529453,3997,3.716474609375,71.0,23.0,97.9125,0
132.9774003920029,170382.59729512,3998,3.6884733072916664,69.0,23.0,97.9125,0
133.01342584899976,170382.633320577,3999,3.676923828125,66.0,23.0,97.9125,0
133.0454085439851,170382.665303272,4000,3.65724609375,69.0,23.0,97.9125,0
133.07745242898818,170382.697347157,4001,3.696344401041667,68.0,23.0,97.9125,0
133.11345949600218,170382.733354224,4002,3.7045703125,67.0,23.0,97.9125,0
133.14538288398762,170382.765277612,4003,3.675087890625,69.0,23.0,97.9125,0
133.17743207598687,170382.797326804,4004,3.6759635416666665,67.0,23.0,97.9125,0
133.2094075899804,170382.829302318,4005,3.6948860677083335,72.0,24.0,97.9125,0
133.24551252799574,170382.865407256,4006,3.6908919270833334,67.0,24.0,97.9125,0
133.27739602999645,170382.897290758,4007,3.673408203125,66.0,24.0,97.9125,0
133.30940957798157,170382.929304306,4008,3.69451171875,71.0,24.0,97.9125,0
133.3454169179895,170382.965311646,4009,3.68046875,65.0,24.0,97.9125,0
133.37742913499824,170382.997323863,4010,3.6943977864583335,73.0,24.0,97.9125,0
133.4094234489894,170383.029318177,4011,3.695540364583333,69.0,24.0,97.9125,0
133.44543226098176,170383.065326989,4012,3.6901627604166665,67.0,24.0,97.9125,0
133.47736153798178,170383.097256266,4013,3.71892578125,69.0,24.0,97.9125,0
133.50938357500127,170383.129278303,4014,3.699892578125,71.0,24.0,97.9125,0
133.5453666819958,170383.16526141,4015,3.737412109375,71.0,24.0,97.9125,0
133.5774292429851,170383.197323971,4016,3.714853515625,72.0,24.0,97.9125,0
133.6094634119945,170383.22935814,4017,3.747099609375,67.0,24.0,97.9125,0
133.64539618598064,170383.265290914,4018,3.7576171875,66.0,24.0,97.9125,0
133.67739431999507,170383.297289048,4019,3.7377962239583336,67.0,24.0,97.9125,0
133.70934952498646,170383.329244253,4020,3.76654296875,71.0,24.0,97.9125,0
133.74142121698242,170383.361315945,4021,3.7440234375,72.0,24.0,97.9125,0
133.77736415099935,170383.397258879,4022,3.7276236979166666,67.0,24.0,97.9125,0
133.8093965399894,170383.429291268,4023,3.7273404947916666,67.0,24.0,97.9125,0
133.8413120470068,170383.461206775,4024,3.74646484375,69.0,24.0,97.9125,0
133.87741005199496,170383.49730478,4025,3.715810546875,66.0,24.0,97.9125,0
133.9093714839837,170383.529266212,4026,3.738395182291667,71.0,24.0,97.9125,0
133.94139307399746,170383.561287802,4027,3.7785872395833335,71.0,24.0,97.9125,0
133.97738718698383,170383.597281915,4028,3.768564453125,73.0,24.0,97.9125,0
134.00939163999283,170383.629286368,4029,3.7377701822916665,67.0,24.0,97.9125,0
134.04137874799198,170383.661273476,4030,3.7536848958333335,65.0,24.0,97.9125,0
134.0774286960077,170383.697323424,4031,3.7539485677083335,73.0,24.0,97.9125,0
134.10939238598803,170383.729287114,4032,3.7812272135416665,71.0,24.0,97.9125,0
134.14140053497977,170383.761295263,4033,3.76318359375,65.0,24.0,97.9125,0
134.17738983599702,170383.797284564,4034,3.774694010416667,69.0,24.0,97.9125,0
134.2093454359856,170383.829240164,4035,3.7849739583333335,69.0,24.0,97.9125,0
134.24136537499726,170383.861260103,4036,3.77185546875,75.0,24.0,97.9125,0
134.2773929219984,170383.89728765,4037,3.758515625,69.0,24.0,97.9125,0
134.30938120899373,170383.929275937,4038,3.7831184895833334,77.0,24.0,97.9125,0
134.34134137598448,170383.961236104,4039,3.7710611979166666,65.0,24.0,97.9125,0
134.373440861993,170383.99333559,4040,3.75765625,64.0,24.0,97.9125,0
134.40944715499063,170384.029341883,4041,3.76255859375,65.0,24.0,97.9125,0
134.44142326299334,170384.061317991,4042,3.7820052083333335,71.0,24.0,97.9125,0
134.4734085240052,170384.093303252,4043,3.7722395833333335,66.0,24.0,97.9125,0
134.5093535159831,170384.129248244,4044,3.7973697916666667,67.0,24.0,97.9125,0
134.5413693889859,170384.161264117,4045,3.7979947916666665,66.0,24.0,97.9125,0
134.5733752969827,170384.193270025,4046,3.74796875,65.0,24.0,97.9125,0
134.609409658995,170384.229304387,4047,3.786123046875,71.0,24.0,97.9125,0
134.64138462100527,170384.261279349,4048,3.7984212239583335,71.0,24.0,97.9125,0
134.67340802500257,170384.293302753,4049,3.787727864583333,64.0,24.0,97.9125,0
134.70937125899945,170384.329265987,4050,3.772763671875,63.0,24.0,97.9125,0
134.74130980900372,170384.361204537,4051,3.753046875,65.0,24.0,97.9125,0
134.77336411798024,170384.393258846,4052,3.7684537760416665,65.0,24.0,97.9125,0
134.80942188299377,170384.429316611,4053,3.7944563802083335,65.0,24.0,97.9125,0
134.84135939599946,170384.461254124,4054,3.786689453125,64.0,24.0,97.9125,0
134.87341751900385,170384.493312247,4055,3.806695963541667,73.0,24.0,97.9125,0
134.90540702399448,170384.525301752,4056,3.795009765625,64.0,24.0,97.9125,0
134.94140879699262,170384.561303525,4057,3.7960091145833332,69.0,24.0,97.9125,0
134.9734556649928,170384.593350393,4058,3.7821028645833334,64.0,24.0,97.9125,0
135.00538907398004,170384.625283802,4059,3.8193033854166667,64.0,23.0,97.9125,0
135.0413530060032,170384.661247734,4060,3.77634765625,62.0,23.0,97.9125,0
135.07336610200582,170384.69326083,4061,3.8071614583333333,66.0,23.0,97.9125,0
135.10537551299785,170384.725270241,4062,3.7664615885416666,67.0,23.0,97.9125,0
135.14137637297972,170384.761271101,4063,3.747802734375,63.0,23.0,97.9125,0
135.17341339198174,170384.79330812,4064,3.785250651041667,77.0,23.0,97.9125,0
135.20542784800637,170384.825322576,4065,3.7808235677083335,62.0,23.0,97.9125,0
135.24142818100518,170384.861322909,4066,3.76158203125,69.0,23.0,97.9125,0
135.27336225798354,170384.893256986,4067,3.769401041666667,60.0,23.0,97.9125,0
135.30535200799932,170384.925246736,4068,3.734072265625,68.0,23.0,97.9125,0
135.34138751099817,170384.961282239,4069,3.7575911458333335,66.0,23.0,97.9125,0
135.37338375399122,170384.993278482,4070,3.73837890625,65.0,23.0,97.9125,0
135.4053971679823,170385.025291896,4071,3.7408658854166665,68.0,23.0,97.9125,0
135.44150177499978,170385.061396503,4072,3.7362858072916665,65.0,23.0,97.9125,0
135.47334620699985,170385.093240935,4073,3.765944010416667,71.0,23.0,97.9125,0
135.50543222899432,170385.125326957,4074,3.7387727864583336,65.0,23.0,97.9125,0
135.5374278879899,170385.157322616,4075,3.7573763020833333,63.0,23.0,97.9125,0
135.5734217230056,170385.193316451,4076,3.7532584635416666,64.0,23.0,97.9125,0
135.6053862919798,170385.22528102,4077,3.7548893229166667,68.0,23.0,97.9125,0
135.6374375569867,170385.257332285,4078,3.7422591145833333,64.0,23.0,97.9125,0
135.67342400399502,170385.293318732,4079,3.740078125,65.0,23.0,97.9125,0
135.7054101569811,170385.325304885,4080,3.7471809895833332,63.0,23.0,97.9125,0
135.73755414798507,170385.357448876,4081,3.7293196614583333,71.0,23.0,97.9125,0
135.77338025099016,170385.393274979,4082,3.7425716145833334,66.0,23.0,97.9125,0
135.8053966779844,170385.425291406,4083,3.7324088541666667,67.0,23.0,97.9125,0
135.83740151999518,170385.457296248,4084,3.7277376302083334,67.0,23.0,97.9125,0
135.87339073399198,170385.493285462,4085,3.7048307291666664,64.0,23.0,97.9125,0
135.905383506004,170385.525278234,4086,3.7380240885416667,65.0,23.0,97.9125,0
135.93743915000232,170385.557333878,4087,3.71408203125,65.0,23.0,97.9125,0
135.97347657900536,170385.593371307,4088,3.7200748697916666,64.0,22.0,97.9125,0
136.00537557798089,170385.625270306,4089,3.68955078125,63.0,22.0,97.9125,0
136.0374171079893,170385.657311836,4090,3.684560546875,67.0,22.0,97.9125,0
136.06943519000197,170385.689329918,4091,3.713935546875,66.0,22.0,97.9125,0
136.10540111298906,170385.725295841,4092,3.6577213541666667,69.0,22.0,97.9125,0
136.13741381300497,170385.757308541,4093,3.6700390625,65.0,22.0,97.9125,0
136.1694230150024,170385.789317743,4094,3.694560546875,64.0,22.0,97.9125,0
136.2054197260004,170385.825314454,4095,3.664560546875,65.0,22.0,97.9125,0
136.237429537985,170385.857324266,4096,3.645751953125,65.0,22.0,97.9125,0
136.269424358994,170385.889319087,4097,3.637490234375,65.0,22.0,97.9125,0
136.30540551999002,170385.925300248,4098,3.61583984375,63.0,22.0,97.9125,0
136.3374192029878,170385.957313931,4099,3.623759765625,66.0,22.0,97.9125,0
136.36942030099453,170385.989315029,4100,3.619947916666667,67.0,22.0,97.9125,0
136.40538915299112,170386.025283881,4101,3.619169921875,67.0,22.0,97.9125,0
136.4375767239835,170386.057471452,4102,3.6316438802083333,64.0,22.0,97.9125,0
136.4693157550064,170386.089210483,4103,3.598818359375,65.0,22.0,97.9125,0
136.5054240419995,170386.12531877,4104,3.575458984375,66.0,22.0,97.9125,0
136.5374309750041,170386.157325703,4105,3.61556640625,64.0,22.0,97.9125,0
136.56944685499184,170386.189341583,4106,3.5902734375,66.0,22.0,97.9125,0
136.60147797799436,170386.221372706,4107,3.617958984375,64.0,22.0,97.9125,0
136.63736850698479,170386.257263235,4108,3.60083984375,68.0,23.0,97.9125,0
136.66942428800394,170386.289319016,4109,3.6193033854166665,65.0,22.0,97.9125,0
136.70137777499622,170386.321272503,4110,3.606103515625,65.0,22.0,97.9125,0
136.73751029500272,170386.357405023,4111,3.6048990885416665,66.0,22.0,97.9125,0
136.76937620699755,170386.389270935,4112,3.561376953125,68.0,22.0,97.9125,0
136.8013622550061,170386.421256983,4113,3.59990234375,68.0,22.0,97.9125,0
136.8373784919968,170386.45727322,4114,3.5975651041666667,68.0,22.0,97.9125,0
136.8694214069983,170386.489316135,4115,3.5758430989583334,71.0,23.0,97.9125,0
136.90141829597997,170386.521313024,4116,3.5958268229166666,71.0,23.0,97.9125,0
136.9374284929945,170386.557323221,4117,3.5761100260416665,73.0,23.0,97.9125,0
136.969453297992,170386.589348026,4118,3.597509765625,66.0,23.0,97.9125,0
137.00140567400376,170386.621300402,4119,3.617506510416667,74.0,23.0,97.9125,0
