timestamp_s,perf_counter_s,frame_index,mean,max,p99,threshold,detected
0.02797204101807438,175257.110894259,0,1.41078125,8.0,2.0,39.48529411764706,0
0.06060997801250778,175257.143532196,1,1.4082975260416666,10.0,2.0,39.48529411764706,0
0.09189955002511851,175257.174821768,2,1.4075325520833333,7.0,2.0,39.48529411764706,0
0.12794859800487757,175257.210870816,3,1.4084602864583333,9.0,2.0,39.48529411764706,0
0.15993824999895878,175257.242860468,4,1.4134733072916668,7.0,2.0,39.48529411764706,0
0.19190664801863022,175257.274828866,5,1.404638671875,8.0,2.0,39.48529411764706,0
0.2279565460048616,175257.310878764,6,1.399931640625,11.0,2.0,39.48529411764706,0
0.259929057006957,175257.342851275,7,1.4051725260416668,14.0,2.0,39.48529411764706,0
0.2919648370007053,175257.374887055,8,1.4056901041666667,10.0,2.0,39.48529411764706,0
0.3280216860002838,175257.410943904,9,1.4077506510416666,12.0,2.0,39.48529411764706,0
0.35997875401517376,175257.442900972,10,1.4010709635416667,10.0,2.0,39.48529411764706,0
0.3964258790074382,175257.479348097,11,1.4020638020833334,12.0,2.0,39.48529411764706,0
0.4290269050106872,175257.511949123,12,1.4173307291666666,9.0,2.0,39.48529411764706,0
0.46042766800383106,175257.543349886,13,1.4150748697916666,6.0,2.0,39.48529411764706,0
0.4960464510077145,175257.578968669,14,1.3992415364583333,10.0,2.0,39.48529411764706,0
0.5279681110114325,175257.610890329,15,1.4030013020833334,11.0,2.0,39.48529411764706,0
0.559968628018396,175257.642890846,16,1.4057259114583334,8.0,2.0,39.48529411764706,0
0.5961207899963483,175257.679043008,17,1.4030078125,9.0,2.0,39.48529411764706,0
0.6281079160107765,175257.711030134,18,1.4076171875,6.0,2.0,39.48529411764706,0
0.663970944005996,175257.746893162,19,1.3952506510416667,8.0,2.0,39.48529411764706,0
0.6960677800234407,175257.778989998,20,1.405810546875,10.0,2.0,39.48529411764706,0
0.7280350690125488,175257.810957287,21,1.4134375,10.0,2.0,39.48529411764706,0
0.7640657900192309,175257.846988008,22,1.40830078125,10.0,2.0,39.48529411764706,0
0.7961005870020017,175257.879022805,23,1.4072037760416667,6.0,2.0,39.48529411764706,0
0.8279868790123146,175257.910909097,24,1.4076302083333334,14.0,2.0,39.48529411764706,0
0.8640395970141981,175257.946961815,25,1.4028385416666667,8.0,2.0,39.48529411764706,0
0.896026532020187,175257.97894875,26,1.411357421875,6.0,2.0,39.48529411764706,0
0.9280426970217377,175258.010964915,27,1.40841796875,9.0,2.0,39.48529411764706,0
0.9640486200223677,175258.046970838,28,1.4029134114583333,7.0,2.0,39.48529411764706,0
0.9961097620252986,175258.07903198,29,1.3983723958333334,7.0,2.0,39.48529411764706,0
1.0320559560204856,175258.114978174,30,1.4035416666666667,9.0,2.0,39.48529411764706,0
1.0640511219971813,175258.14697334,31,1.4121158854166667,10.0,2.0,39.48529411764706,0
1.096031857014168,175258.178954075,32,1.41390625,10.0,2.0,39.48529411764706,0
1.132073690998368,175258.214995909,33,1.40513671875,13.0,2.0,39.48529411764706,0
1.164147388015408,175258.247069606,34,1.4134798177083334,8.0,2.0,39.48529411764706,0
1.196007999998983,175258.278930218,35,1.4100716145833334,6.0,2.0,39.48529411764706,0
1.2321067040029448,175258.315028922,36,1.4102115885416666,14.0,2.0,39.48529411764706,0
1.2640712630236521,175258.346993481,37,1.411875,10.0,2.0,39.48529411764706,0
1.3000494239968248,175258.382971642,38,1.41029296875,13.0,2.0,39.48529411764706,0
1.3320455939974636,175258.414967812,39,1.3972591145833333,12.0,2.0,39.48529411764706,0
1.364013384009013,175258.446935602,40,1.4036588541666666,9.0,2.0,39.48529411764706,0
1.4000014860066585,175258.482923704,41,1.396943359375,12.0,2.0,39.48529411764706,0
1.432037341000978,175258.514959559,42,1.4059212239583334,7.0,2.0,39.48529411764706,0
1.4639145830005873,175258.546836801,43,1.4051106770833333,6.0,2.0,39.48529411764706,0
1.4999330849968828,175258.582855303,44,1.4106901041666666,6.0,2.0,39.48529411764706,0
1.5319312750070821,175258.614853493,45,1.40787109375,9.0,2.0,39.48529411764706,0
1.563916881015757,175258.646839099,46,1.4056184895833332,8.0,2.0,39.48529411764706,0
1.6000102200196125,175258.682932438,47,1.4055403645833333,9.0,2.0,39.48529411764706,0
1.6318969630228821,175258.714819181,48,1.4062272135416667,8.0,2.0,39.48529411764706,0
1.668051214015577,175258.750973432,49,1.405810546875,8.0,2.0,39.48529411764706,0
1.699956413009204,175258.782878631,50,1.4018815104166666,11.0,2.0,39.48529411764706,0
1.731912203016691,175258.814834421,51,1.4119856770833332,9.0,2.0,39.48529411764706,0
1.767954314011149,175258.850876532,52,1.4113639322916667,7.0,2.0,39.48529411764706,0
1.7999641240166966,175258.882886342,53,1.407763671875,7.0,2.0,39.48529411764706,0
1.8319098290230613,175258.914832047,54,1.4081477864583334,8.0,2.0,39.48529411764706,0
1.8679639790207148,175258.950886197,55,1.40416015625,10.0,2.0,39.48529411764706,0
1.8999349189980421,175258.982857137,56,1.4086490885416667,10.0,2.0,39.48529411764706,0
1.9359653110150248,175259.018887529,57,1.4075846354166666,12.0,2.0,39.48529411764706,0
1.968034573015757,175259.050956791,58,1.4130794270833333,9.0,2.0,39.48529411764706,0
1.9998955390183255,175259.082817757,59,1.4086555989583334,8.0,2.0,39.48529411764706,0
2.036072110000532,175259.118994328,60,1.4132454427083334,7.0,2.0,39.48529411764706,0
2.0679174570250325,175259.150839675,61,1.403134765625,9.0,2.0,39.48529411764706,0
2.0999037220026366,175259.18282594,62,1.4081705729166667,9.0,2.0,39.48529411764706,0
2.1359561160206795,175259.218878334,63,1.4074381510416667,7.0,2.0,39.48529411764706,0
2.168022751022363,175259.250944969,64,1.40359375,8.0,2.0,39.48529411764706,0
2.199932657997124,175259.282854876,65,1.4065690104166666,9.0,2.0,39.48529411764706,0
2.235964944004081,175259.318887162,66,1.4106184895833334,9.0,2.0,39.48529411764706,0
2.2679353530111257,175259.350857571,67,1.408740234375,9.0,2.0,39.48529411764706,0
2.303934654017212,175259.386856872,68,1.414833984375,8.0,2.0,39.48529411764706,0
2.33599894301733,175259.418921161,69,1.4036686197916666,13.0,2.0,39.48529411764706,0
2.3679078340064734,175259.450830052,70,1.4157747395833333,8.0,2.0,39.48529411764706,0
2.403929182997672,175259.486851401,71,1.39748046875,8.0,2.0,39.48529411764706,0
2.435959206020925,175259.518881424,72,1.4077408854166666,6.0,2.0,39.48529411764706,0
2.4679043350042775,175259.550826553,73,1.4015950520833333,8.0,2.0,39.48529411764706,0
2.5039141040178947,175259.586836322,74,1.4058854166666668,9.0,2.0,39.48529411764706,0
2.535910728009185,175259.618832946,75,2.449697265625,254.0,16.0,39.48529411764706,1
2.5719639860035386,175259.654886204,76,1.505869140625,11.0,2.0,39.48529411764706,0
2.6039588279963937,175259.686881046,77,1.4113053385416667,15.0,2.0,39.48529411764706,0
2.6359507240122184,175259.718872942,78,1.4039453125,17.0,2.0,39.48529411764706,0
2.6719764080189634,175259.754898626,79,1.4037825520833334,7.0,2.0,39.48529411764706,0
2.7039462030224968,175259.786868421,80,1.3993131510416668,8.0,2.0,39.48529411764706,0
2.735916828009067,175259.818839046,81,1.4134016927083333,9.0,2.0,39.48529411764706,0
2.77193248399999,175259.854854702,82,1.4115266927083334,6.0,2.0,39.48529411764706,0
2.8040164620033465,175259.88693868,83,1.4121126302083333,7.0,2.0,39.48529411764706,0
2.8359550210007,175259.918877239,84,1.404609375,8.0,2.0,39.48529411764706,0
2.8719239119964186,175259.95484613,85,1.4040755208333333,8.0,2.0,39.48529411764706,0
2.9039491779985838,175259.986871396,86,1.4009830729166666,12.0,2.0,39.48529411764706,0
2.9587019809987396,175260.041624199,87,1.4081477864583334,10.0,2.0,39.48529411764706,0
2.9854261870204937,175260.068348405,88,1.4103092447916667,13.0,2.0,39.48529411764706,0
3.0079116120177787,175260.09083383,89,1.4073177083333333,8.0,2.0,39.48529411764706,0
3.0401391540071927,175260.123061372,90,1.4064095052083334,9.0,2.0,39.48529411764706,0
3.072136319009587,175260.155058537,91,1.410048828125,8.0,2.0,39.48529411764706,0
3.103960027016001,175260.186882245,92,1.4171907552083334,10.0,2.0,39.48529411764706,0
3.1401286690088455,175260.223050887,93,1.4078190104166666,7.0,2.0,39.48529411764706,0
3.172104132012464,175260.25502635,94,1.4082877604166666,10.0,2.0,39.48529411764706,0
3.2080753140035085,175260.290997532,95,1.409501953125,7.0,2.0,39.48529411764706,0
3.2400361400214024,175260.322958358,96,1.4073795572916667,12.0,2.0,39.48529411764706,0
3.2719385670206975,175260.354860785,97,1.4008072916666667,16.0,2.0,39.48529411764706,0
3.307945409003878,175260.390867627,98,1.4073111979166666,12.0,2.0,39.48529411764706,0
3.3399728410004172,175260.422895059,99,1.410595703125,7.0,2.0,39.48529411764706,0
3.3719546800130047,175260.454876898,100,1.4057877604166666,9.0,2.0,39.48529411764706,0
3.407967823004583,175260.490890041,101,1.4141959635416668,12.0,2.0,39.48529411764706,0
3.439903343998594,175260.522825562,102,1.409091796875,8.0,2.0,39.48529411764706,0
3.47194628501893,175260.554868503,103,1.410009765625,12.0,2.0,39.48529411764706,0
3.5079653180146124,175260.590887536,104,1.4042838541666667,6.0,2.0,39.48529411764706,0
3.539919508009916,175260.622841726,105,1.4070540364583333,8.0,2.0,39.48529411764706,0
3.5759722610237077,175260.658894479,106,1.4061588541666667,10.0,2.0,39.48529411764706,0
3.6079503700020723,175260.690872588,107,1.4086946614583333,8.0,2.0,39.48529411764706,0
3.639919795008609,175260.722842013,108,1.416767578125,8.0,2.0,39.48529411764706,0
3.6759722720016725,175260.75889449,109,1.408369140625,9.0,2.0,39.48529411764706,0
3.7079473530175164,175260.790869571,110,1.4086881510416667,9.0,2.0,39.48529411764706,0
3.739922197011765,175260.822844415,111,1.4047135416666667,15.0,2.0,39.48529411764706,0
3.7759796110040043,175260.858901829,112,1.4135286458333334,15.0,2.0,39.48529411764706,0
3.8079382230062038,175260.890860441,113,1.4120670572916667,12.0,2.0,39.48529411764706,0
3.843956919008633,175260.926879137,114,1.4186197916666667,10.0,2.0,39.48529411764706,0
3.8759616940224078,175260.958883912,115,1.4039192708333332,8.0,2.0,39.48529411764706,0
3.9079874960007146,175260.990909714,116,1.4062662760416667,11.0,2.0,39.48529411764706,0
3.944173727009911,175261.027095945,117,1.4083561197916667,8.0,2.0,39.48529411764706,0
3.976179564022459,175261.059101782,118,1.4012109375,6.0,2.0,39.48529411764706,0
4.008125899999868,175261.091048118,119,1.402158203125,9.0,2.0,39.48529411764706,0
4.044007140997564,175261.126929359,120,1.4106640625,8.0,2.0,39.48529411764706,0
4.076036580023356,175261.158958798,121,1.40474609375,8.0,2.0,39.48529411764706,0
4.108013890014263,175261.190936108,122,1.406767578125,8.0,2.0,39.48529411764706,0
4.143969240016304,175261.226891458,123,1.4063151041666666,8.0,2.0,39.48529411764706,0
4.17605754500255,175261.258979763,124,1.40623046875,12.0,2.0,39.48529411764706,0
4.211969427997246,175261.294891646,125,1.404638671875,9.0,2.0,39.48529411764706,0
4.2439738220127765,175261.32689604,126,1.4105729166666667,12.0,2.0,39.48529411764706,0
4.275981779006543,175261.358903997,127,1.4141145833333333,6.0,2.0,39.48529411764706,0
4.312027994019445,175261.394950212,128,1.4096256510416667,12.0,2.0,39.48529411764706,0
4.343991071014898,175261.426913289,129,1.4121061197916667,6.0,2.0,39.48529411764706,0
4.375962047022767,175261.458884265,130,1.4147884114583333,8.0,2.0,39.48529411764706,0
4.411988750012824,175261.494910968,131,1.4058984375,7.0,2.0,39.48529411764706,0
4.4439987300138455,175261.526920948,132,1.4098046875,9.0,2.0,39.48529411764706,0
4.4799984359997325,175261.562920654,133,2.428766276041667,254.0,16.0,39.48529411764706,1
4.512013411003863,175261.594935629,134,1.6465852864583332,94.0,4.0,39.48529411764706,1
4.543991398997605,175261.626913617,135,1.410859375,7.0,2.0,39.48529411764706,0
4.5800600170041434,175261.662982235,136,1.4098274739583334,10.0,2.0,39.48529411764706,0
4.612134902999969,175261.695057121,137,1.40654296875,13.0,2.0,39.48529411764706,0
4.643995439022547,175261.726917657,138,1.414287109375,5.0,2.0,39.48529411764706,0
4.680121618002886,175261.763043836,139,1.402021484375,11.0,2.0,39.48529411764706,0
4.7120159750047605,175261.794938193,140,1.4056673177083334,9.0,2.0,39.48529411764706,0
4.74399116600398,175261.826913384,141,1.4129524739583332,9.0,2.0,39.48529411764706,0
4.78033666400006,175261.863258882,142,1.40896484375,8.0,2.0,39.48529411764706,0
4.811966071021743,175261.894888289,143,1.409189453125,8.0,2.0,39.48529411764706,0
4.8479723650089,175261.930894583,144,1.4094791666666666,11.0,2.0,39.48529411764706,0
4.88014274201123,175261.96306496,145,1.4161002604166666,7.0,2.0,39.48529411764706,0
4.912880504009081,175261.995802722,146,1.41689453125,12.0,2.0,39.48529411764706,0
4.948066014010692,175262.030988232,147,1.4212727864583334,9.0,2.0,39.48529411764706,0
4.980152206000639,175262.063074424,148,1.4142350260416667,5.0,2.0,39.48529411764706,0
5.012056986015523,175262.094979204,149,1.4099609375,8.0,2.0,39.48529411764706,0
5.047990337014198,175262.130912555,150,1.4134114583333333,6.0,2.0,39.48529411764706,0
5.079911783017451,175262.162834001,151,1.4104654947916666,12.0,2.0,39.48529411764706,0
5.115946688019903,175262.198868906,152,1.4076497395833334,19.0,2.0,39.48529411764706,0
5.14801107000676,175262.230933288,153,1.4100813802083334,6.0,2.0,39.48529411764706,0
5.179998436011374,175262.262920654,154,1.4053255208333333,12.0,2.0,39.48529411764706,0
5.215986713010352,175262.298908931,155,1.4112076822916666,7.0,2.0,39.48529411764706,0
5.247977451013867,175262.330899669,156,1.4097233072916666,10.0,2.0,39.48529411764706,0
5.279942337016109,175262.362864555,157,1.4066796875,12.0,2.0,39.48529411764706,0
5.315923495014431,175262.398845713,158,1.4011360677083333,7.0,2.0,39.48529411764706,0
5.34798475302523,175262.430906971,159,1.4041569010416666,14.0,2.0,39.48529411764706,0
5.379983930004528,175262.462906148,160,1.4076236979166667,13.0,2.0,39.48529411764706,0
5.415975037001772,175262.498897255,161,1.4116927083333333,10.0,2.0,39.48529411764706,0
5.447923685016576,175262.530845903,162,1.3986490885416667,8.0,2.0,39.48529411764706,0
5.4840148980147205,175262.566937116,163,1.4077311197916667,11.0,2.0,39.48529411764706,0
5.516074719023891,175262.598996937,164,1.415673828125,14.0,2.0,39.48529411764706,0
5.547936168004526,175262.630858386,165,1.4134602864583334,10.0,2.0,39.48529411764706,0
5.5839690650173,175262.666891283,166,1.413046875,9.0,2.0,39.48529411764706,0
5.6159654750081245,175262.698887693,167,1.40533203125,9.0,2.0,39.48529411764706,0
5.647886137012392,175262.730808355,168,1.4148763020833333,8.0,2.0,39.48529411764706,0
5.683918309019646,175262.766840527,169,1.4111002604166667,10.0,2.0,39.48529411764706,0
5.715918194007827,175262.798840412,170,1.4092415364583333,9.0,2.0,39.48529411764706,0
5.751934999017976,175262.834857217,171,1.403427734375,14.0,2.0,39.48529411764706,0
5.783953127014684,175262.866875345,172,1.4010091145833334,10.0,2.0,39.48529411764706,0
5.815894933999516,175262.898817152,173,1.416298828125,10.0,2.0,39.48529411764706,0
5.8519373850140255,175262.934859603,174,1.4087890625,8.0,2.0,39.48529411764706,0
5.883975037024356,175262.966897255,175,1.4182584635416666,10.0,2.0,39.48529411764706,0
5.9159491280152,175262.998871346,176,1.4091764322916667,12.0,2.0,39.48529411764706,0
5.951895416015759,175263.034817634,177,1.4096842447916667,9.0,2.0,39.48529411764706,0
5.983942034014035,175263.066864252,178,1.4025227864583334,6.0,2.0,39.48529411764706,0
6.015939347009407,175263.098861565,179,1.4095930989583334,7.0,2.0,39.48529411764706,0
6.051943124009995,175263.134865342,180,1.4089388020833333,6.0,2.0,39.48529411764706,0
6.083937923016492,175263.166860141,181,1.408935546875,6.0,2.0,39.48529411764706,0
6.119966936006676,175263.202889154,182,1.4061393229166668,9.0,2.0,39.48529411764706,0
6.151908002997516,175263.234830221,183,1.4051302083333332,9.0,2.0,39.48529411764706,0
6.183884710015263,175263.266806928,184,1.4067838541666666,9.0,2.0,39.48529411764706,0
6.219922932999907,175263.302845151,185,1.4017057291666666,11.0,2.0,39.48529411764706,0
6.251982429006603,175263.334904647,186,1.40990234375,7.0,2.0,39.48529411764706,0
6.283921781025128,175263.366843999,187,1.40990234375,8.0,2.0,39.48529411764706,0
6.319961818022421,175263.402884036,188,1.4014290364583333,13.0,2.0,39.48529411764706,0
6.3519098150136415,175263.434832033,189,1.4068326822916666,14.0,2.0,39.48529411764706,0
6.387920620996738,175263.470842839,190,1.4111067708333334,9.0,2.0,39.48529411764706,0
6.419980190024944,175263.502902408,191,1.4071907552083334,9.0,2.0,39.48529411764706,0
6.45194700002321,175263.534869218,192,1.4107389322916666,8.0,2.0,39.48529411764706,0
6.487992649024818,175263.570914867,193,1.418564453125,10.0,2.0,39.48529411764706,0
6.519947660010075,175263.602869878,194,1.418876953125,10.0,2.0,39.48529411764706,0
6.551945636019809,175263.634867854,195,1.4060611979166666,8.0,2.0,39.48529411764706,0
6.5879534340056125,175263.670875652,196,1.411142578125,8.0,2.0,39.48529411764706,0
6.620015477004927,175263.702937695,197,1.4012532552083334,7.0,2.0,39.48529411764706,0
6.65197422701749,175263.734896445,198,1.498115234375,16.0,3.0,39.48529411764706,0
6.687956961017335,175263.770879179,199,2.4366080729166666,254.0,16.0,39.48529411764706,1
6.7198785790242255,175263.802800797,200,1.4306640625,9.0,2.0,39.48529411764706,0
6.755922830023337,175263.838845048,201,1.4154329427083334,9.0,2.0,39.48529411764706,0
6.7879483599972446,175263.870870578,202,1.4129361979166666,7.0,2.0,39.48529411764706,0
6.819892505998723,175263.902814724,203,1.4124641927083332,7.0,2.0,39.48529411764706,0
6.855907562014181,175263.93882978,204,1.4227506510416668,6.0,2.0,39.48529411764706,0
6.887976863014046,175263.970899081,205,1.4056640625,5.0,2.0,39.48529411764706,0
6.919966061017476,175264.002888279,206,1.408017578125,7.0,2.0,39.48529411764706,0
6.955946900998242,175264.038869119,207,1.4108333333333334,8.0,2.0,39.48529411764706,0
6.987928428017767,175264.070850646,208,1.4147395833333334,10.0,2.0,39.48529411764706,0
7.023913698998513,175264.106835917,209,1.4121354166666666,13.0,2.0,39.48529411764706,0
7.055980661010835,175264.138902879,210,1.413330078125,9.0,2.0,39.48529411764706,0
7.087956019007834,175264.170878237,211,1.4068717447916668,12.0,2.0,39.48529411764706,0
7.1239690280053765,175264.206891246,212,1.4082291666666666,11.0,2.0,39.48529411764706,0
7.155918128002668,175264.238840346,213,1.40736328125,8.0,2.0,39.48529411764706,0
7.18794189800974,175264.270864116,214,1.415751953125,10.0,2.0,39.48529411764706,0
7.223971647006692,175264.306893865,215,1.4131477864583333,8.0,2.0,39.48529411764706,0
7.255966618016828,175264.338888836,216,1.418046875,9.0,2.0,39.48529411764706,0
7.28797677802504,175264.370898996,217,1.4117447916666668,8.0,2.0,39.48529411764706,0
7.323971046018414,175264.406893264,218,1.411015625,8.0,2.0,39.48529411764706,0
7.355937890009955,175264.438860108,219,1.4196028645833334,10.0,2.0,39.48529411764706,0
7.3919366570189595,175264.474858875,220,1.4089485677083333,8.0,2.0,39.48529411764706,0
7.423958143015625,175264.506880361,221,1.4125553385416667,6.0,2.0,39.48529411764706,0
7.455881542002317,175264.53880376,222,1.4085904947916668,8.0,2.0,39.48529411764706,0
7.491933109005913,175264.574855327,223,1.4102766927083332,9.0,2.0,39.48529411764706,0
7.5239337000239175,175264.606855918,224,1.4117936197916667,13.0,2.0,39.48529411764706,0
7.555887121998239,175264.63880934,225,1.408486328125,12.0,2.0,39.48529411764706,0
7.5919570560217835,175264.674879274,226,1.400458984375,9.0,2.0,39.48529411764706,0
7.623874340002658,175264.706796558,227,1.4059309895833334,13.0,2.0,39.48529411764706,0
7.659933287999593,175264.742855506,228,1.4159798177083334,11.0,2.0,39.48529411764706,0
7.692057571024634,175264.774979789,229,1.408056640625,5.0,2.0,39.48529411764706,0
7.723888537002495,175264.806810755,230,1.4089322916666667,8.0,2.0,39.48529411764706,0
7.759986363002099,175264.842908581,231,1.4064680989583334,10.0,2.0,39.48529411764706,0
7.791982327005826,175264.874904545,232,1.4069791666666667,13.0,2.0,39.48529411764706,0
7.823946957010776,175264.906869175,233,1.40396484375,12.0,2.0,39.48529411764706,0
7.860009320022073,175264.942931538,234,1.4096875,11.0,2.0,39.48529411764706,0
7.891993641009321,175264.974915859,235,1.4130436197916667,11.0,2.0,39.48529411764706,0
7.9280046120111365,175265.01092683,236,1.412998046875,8.0,2.0,39.48529411764706,0
7.959977254009573,175265.042899472,237,1.403671875,9.0,2.0,39.48529411764706,0
7.9919294209976215,175265.074851639,238,1.4125553385416667,9.0,2.0,39.48529411764706,0
8.027976943005342,175265.110899161,239,1.3992252604166666,17.0,2.0,39.48529411764706,0
8.059965375025058,175265.142887593,240,1.4001399739583333,8.0,2.0,39.48529411764706,0
8.091882097010966,175265.174804315,241,1.4135904947916667,10.0,2.0,39.48529411764706,0
8.128014051006176,175265.210936269,242,1.4089778645833333,8.0,2.0,39.48529411764706,0
8.159959115000675,175265.242881333,243,1.416298828125,7.0,2.0,39.48529411764706,0
8.19192188201123,175265.2748441,244,1.4051790364583334,9.0,2.0,39.48529411764706,0
8.22796592101804,175265.310888139,245,1.4094954427083333,9.0,2.0,39.48529411764706,0
8.259929767024005,175265.342851985,246,1.400029296875,8.0,2.0,39.48529411764706,0
8.295966725010658,175265.378888943,247,1.4057096354166667,9.0,2.0,39.48529411764706,0
8.327953722007805,175265.41087594,248,1.405478515625,13.0,2.0,39.48529411764706,0
8.359915045002708,175265.442837263,249,1.4082356770833333,7.0,2.0,39.48529411764706,0
8.395973537000827,175265.478895755,250,1.414736328125,7.0,2.0,39.48529411764706,0
8.427960065018851,175265.510882283,251,1.41044921875,8.0,2.0,39.48529411764706,0
8.459948614006862,175265.542870832,252,1.4089225260416667,12.0,2.0,39.48529411764706,0
8.49603179001133,175265.578954008,253,1.4045930989583333,11.0,2.0,39.48529411764706,0
8.52801086101681,175265.610933079,254,1.4014290364583333,12.0,2.0,39.48529411764706,0
8.563985768007115,175265.646907986,255,1.4081673177083334,10.0,2.0,39.48529411764706,0
8.595999776007375,175265.678921994,256,1.4114485677083333,10.0,2.0,39.48529411764706,0
8.627923132997239,175265.710845351,257,1.409130859375,10.0,2.0,39.48529411764706,0
8.663972052017925,175265.74689427,258,2.3160970052083334,254.0,16.0,39.48529411764706,1
8.695967423002003,175265.778889641,259,2.4703678385416667,254.0,16.0,39.48529411764706,1
8.727951725013554,175265.810873943,260,1.4365592447916666,10.0,2.0,39.48529411764706,0
8.76399865502026,175265.846920873,261,1.4038736979166666,7.0,2.0,39.48529411764706,0
8.795984306023456,175265.878906524,262,1.4098502604166667,7.0,2.0,39.48529411764706,0
8.827949771017302,175265.910871989,263,1.40568359375,10.0,2.0,39.48529411764706,0
8.864020462002372,175265.94694268,264,1.406376953125,8.0,2.0,39.48529411764706,0
8.895919607020915,175265.978841825,265,1.4117317708333332,10.0,2.0,39.48529411764706,0
8.93215857600444,175266.015080794,266,1.4123404947916667,12.0,2.0,39.48529411764706,0
8.963965754024684,175266.046887972,267,1.4083170572916666,8.0,2.0,39.48529411764706,0
8.995945672999369,175266.078867891,268,1.4138118489583333,12.0,2.0,39.48529411764706,0
9.031986301997676,175266.11490852,269,1.4100130208333332,8.0,2.0,39.48529411764706,0
9.063983186002588,175266.146905404,270,1.4122786458333334,10.0,2.0,39.48529411764706,0
9.095942152023781,175266.17886437,271,1.4077376302083333,8.0,2.0,39.48529411764706,0
9.13201776202186,175266.21493998,272,1.4073209635416666,7.0,2.0,39.48529411764706,0
9.163927145011257,175266.246849363,273,1.4088346354166668,9.0,2.0,39.48529411764706,0
9.199965040024836,175266.282887258,274,1.411376953125,9.0,2.0,39.48529411764706,0
9.231999394018203,175266.314921612,275,1.4106315104166667,15.0,2.0,39.48529411764706,0
9.263953315006802,175266.346875533,276,1.4084830729166666,15.0,2.0,39.48529411764706,0
9.300036563014146,175266.382958781,277,1.409306640625,14.0,2.0,39.48529411764706,0
9.331955419009319,175266.414877637,278,1.41859375,10.0,2.0,39.48529411764706,0
9.363912093016552,175266.446834311,279,1.4133658854166666,8.0,2.0,39.48529411764706,0
9.399973623018013,175266.482895841,280,1.4088411458333334,10.0,2.0,39.48529411764706,0
9.431954400002724,175266.514876618,281,1.4180338541666666,13.0,2.0,39.48529411764706,0
9.46389169502072,175266.546813913,282,1.4057194010416667,12.0,2.0,39.48529411764706,0
9.500107360014226,175266.583029578,283,1.4113802083333333,12.0,2.0,39.48529411764706,0
9.531899985013297,175266.614822203,284,1.4119140625,7.0,2.0,39.48529411764706,0
9.5679907190206,175266.650912937,285,1.4121712239583333,12.0,2.0,39.48529411764706,0
9.599976115016034,175266.682898333,286,1.411669921875,9.0,2.0,39.48529411764706,0
9.631913731020177,175266.714835949,287,1.410810546875,8.0,2.0,39.48529411764706,0
9.667959425016306,175266.750881643,288,1.402685546875,11.0,2.0,39.48529411764706,0
9.700013533001766,175266.782935751,289,1.4085319010416666,9.0,2.0,39.48529411764706,0
9.731991613021819,175266.814913831,290,1.4061458333333334,12.0,2.0,39.48529411764706,0
9.768028821999906,175266.85095104,291,1.4049088541666668,9.0,2.0,39.48529411764706,0
9.800023326999508,175266.882945545,292,1.4157291666666667,8.0,2.0,39.48529411764706,0
9.83598041802179,175266.918902636,293,1.4040885416666666,10.0,2.0,39.48529411764706,0
9.867956216010498,175266.950878434,294,1.4077115885416667,14.0,2.0,39.48529411764706,0
9.89995315700071,175266.982875375,295,1.4147591145833334,17.0,2.0,39.48529411764706,0
9.935959825001191,175267.018882043,296,1.4121744791666666,8.0,2.0,39.48529411764706,0
9.967990486999042,175267.050912705,297,1.402216796875,11.0,2.0,39.48529411764706,0
9.999977681000018,175267.082899899,298,1.407490234375,8.0,2.0,39.48529411764706,0
10.035988196003018,175267.118910414,299,1.419873046875,9.0,2.0,39.48529411764706,0
10.068000836006831,175267.150923054,300,1.4082877604166666,12.0,2.0,39.48529411764706,0
10.099938678002218,175267.182860896,301,1.4122916666666667,11.0,2.0,39.48529411764706,0
10.135998707002727,175267.218920925,302,1.4051041666666666,7.0,2.0,39.48529411764706,0
10.16791467400617,175267.250836892,303,1.4156315104166666,11.0,2.0,39.48529411764706,0
10.203994687006343,175267.286916905,304,1.407490234375,7.0,2.0,39.48529411764706,0
10.236010046006413,175267.318932264,305,1.4062044270833334,13.0,2.0,39.48529411764706,0
10.267953977017896,175267.350876195,306,1.407294921875,7.0,2.0,39.48529411764706,0
10.30411471001571,175267.387036928,307,1.4113997395833333,5.0,2.0,39.48529411764706,0
10.336007891019108,175267.418930109,308,1.4144303385416668,8.0,2.0,39.48529411764706,0
10.367937285016524,175267.450859503,309,1.4115494791666667,10.0,2.0,39.48529411764706,0
10.404007085016929,175267.486929303,310,1.4006966145833333,8.0,2.0,39.48529411764706,0
10.436031650024233,175267.518953868,311,1.4095182291666666,8.0,2.0,39.48529411764706,0
10.471979722002288,175267.55490194,312,1.407275390625,10.0,2.0,39.48529411764706,0
10.504020063002827,175267.586942281,313,1.412822265625,11.0,2.0,39.48529411764706,0
10.535942585003795,175267.618864803,314,1.4005729166666667,7.0,2.0,39.48529411764706,0
10.572002107015578,175267.654924325,315,1.4071061197916668,8.0,2.0,39.48529411764706,0
10.60400387700065,175267.686926095,316,1.410078125,8.0,2.0,39.48529411764706,0
10.635932769015199,175267.718854987,317,1.4636653645833333,15.0,3.0,39.48529411764706,0
10.67197783102165,175267.754900049,318,2.483170572916667,254.0,16.0,39.48529411764706,1
10.704020985023817,175267.786943203,319,1.4532682291666668,11.0,2.0,39.48529411764706,0
10.73597890502424,175267.818901123,320,1.4076627604166667,8.0,2.0,39.48529411764706,0
10.771966555999825,175267.854888774,321,1.4030533854166667,9.0,2.0,39.48529411764706,0
10.803944255021634,175267.886866473,322,1.41015625,9.0,2.0,39.48529411764706,0
10.839961840014439,175267.922884058,323,1.4105240885416668,10.0,2.0,39.48529411764706,0
10.871937119023642,175267.954859337,324,1.4068815104166668,10.0,2.0,39.48529411764706,0
10.903980967006646,175267.986903185,325,1.4113151041666667,8.0,2.0,39.48529411764706,0
10.939980003022356,175268.022902221,326,1.4079361979166667,8.0,2.0,39.48529411764706,0
10.971948692022124,175268.05487091,327,1.413662109375,5.0,2.0,39.48529411764706,0
11.003975216997787,175268.086897435,328,1.4136490885416666,10.0,2.0,39.48529411764706,0
11.040018234023592,175268.122940452,329,1.411025390625,7.0,2.0,39.48529411764706,0
11.071956702013267,175268.15487892,330,1.4057779947916667,7.0,2.0,39.48529411764706,0
11.10804589302279,175268.190968111,331,1.4098665364583334,6.0,2.0,39.48529411764706,0
11.139962048997404,175268.222884267,332,1.406650390625,12.0,2.0,39.48529411764706,0
11.171935941005358,175268.254858159,333,1.4109505208333333,7.0,2.0,39.48529411764706,0
11.20800905302167,175268.290931271,334,1.417470703125,8.0,2.0,39.48529411764706,0
11.239967243018327,175268.322889461,335,1.4083235677083332,6.0,2.0,39.48529411764706,0
11.271944403008092,175268.354866621,336,1.4052018229166667,9.0,2.0,39.48529411764706,0
11.30801024500397,175268.390932463,337,1.410439453125,5.0,2.0,39.48529411764706,0
11.340020590025233,175268.422942808,338,1.402529296875,10.0,2.0,39.48529411764706,0
11.371970266016433,175268.454892484,339,1.4044368489583334,12.0,2.0,39.48529411764706,0
11.408011034014635,175268.490933252,340,1.40962890625,8.0,2.0,39.48529411764706,0
11.43995863100281,175268.522880849,341,1.408076171875,6.0,2.0,39.48529411764706,0
11.476005399017595,175268.558927617,342,1.4093717447916667,8.0,2.0,39.48529411764706,0
11.507982759998413,175268.590904978,343,1.40931640625,7.0,2.0,39.48529411764706,0
11.539950068021426,175268.622872286,344,1.4108430989583334,8.0,2.0,39.48529411764706,0
11.575985446019331,175268.658907664,345,1.4058626302083332,6.0,2.0,39.48529411764706,0
11.60799304000102,175268.690915258,346,1.4089876302083333,8.0,2.0,39.48529411764706,0
11.639935465005692,175268.722857683,347,1.4082975260416666,10.0,2.0,39.48529411764706,0
11.675958198000444,175268.758880416,348,1.40994140625,7.0,2.0,39.48529411764706,0
11.708001474005869,175268.790923692,349,1.41255859375,9.0,2.0,39.48529411764706,0
11.74399567799992,175268.826917896,350,1.4119856770833332,8.0,2.0,39.48529411764706,0
11.775992267008405,175268.858914485,351,1.405673828125,7.0,2.0,39.48529411764706,0
11.807953862997238,175268.890876081,352,1.4118912760416666,11.0,2.0,39.48529411764706,0
11.843989161017817,175268.926911379,353,1.40763671875,6.0,2.0,39.48529411764706,0
11.87598298501689,175268.958905203,354,1.4051171875,7.0,2.0,39.48529411764706,0
11.907978547009407,175268.990900765,355,1.4065364583333333,6.0,2.0,39.48529411764706,0
11.94398512301268,175269.026907341,356,1.411494140625,9.0,2.0,39.48529411764706,0
11.975998063018778,175269.058920281,357,1.415712890625,13.0,2.0,39.48529411764706,0
12.007948637008667,175269.090870855,358,1.403232421875,12.0,2.0,39.48529411764706,0
12.043976589018712,175269.126898807,359,1.4151790364583334,8.0,2.0,39.48529411764706,0
12.075936103006825,175269.158858321,360,1.4178450520833332,6.0,2.0,39.48529411764706,0
12.111995722021675,175269.19491794,361,1.4056575520833334,7.0,2.0,39.48529411764706,0
12.143992979021277,175269.226915197,362,1.413271484375,14.0,2.0,39.48529411764706,0
12.176030403003097,175269.258952621,363,1.4086979166666667,8.0,2.0,39.48529411764706,0
12.212033107003663,175269.294955325,364,1.4117317708333332,6.0,2.0,39.48529411764706,0
12.243945025024004,175269.326867243,365,1.4123860677083333,9.0,2.0,39.48529411764706,0
12.275927601003787,175269.358849819,366,1.415634765625,14.0,2.0,39.48529411764706,0
12.31201355700614,175269.394935775,367,1.4114908854166666,6.0,2.0,39.48529411764706,0
12.343978190008784,175269.426900408,368,1.4116666666666666,12.0,2.0,39.48529411764706,0
12.380041780997999,175269.462963999,369,1.4121875,10.0,2.0,39.48529411764706,0
12.41198561602505,175269.494907834,370,1.4127083333333332,7.0,2.0,39.48529411764706,0
12.443945685023209,175269.526867903,371,1.410576171875,10.0,2.0,39.48529411764706,0
12.479986023012316,175269.562908241,372,1.4076399739583334,7.0,2.0,39.48529411764706,0
12.512018171022646,175269.594940389,373,1.4815755208333334,14.0,3.0,39.48529411764706,0
12.543953259009868,175269.626875477,374,2.4764095052083333,254.0,16.0,39.48529411764706,1
12.580026817013277,175269.662949035,375,1.4496647135416667,11.0,2.0,39.48529411764706,0
12.61198210902512,175269.694904327,376,1.4129654947916668,12.0,2.0,39.48529411764706,0
12.643943327013403,175269.726865545,377,1.4129069010416666,8.0,2.0,39.48529411764706,0
12.679998499021167,175269.762920717,378,1.4080338541666666,10.0,2.0,39.48529411764706,0
12.711958197003696,175269.794880415,379,1.41134765625,9.0,2.0,39.48529411764706,0
12.747960172011517,175269.83088239,380,1.4061458333333334,8.0,2.0,39.48529411764706,0
12.779977236001287,175269.862899454,381,1.4026302083333333,8.0,2.0,39.48529411764706,0
12.81196627402096,175269.894888492,382,1.4028938802083333,12.0,2.0,39.48529411764706,0
12.848005697014742,175269.930927915,383,1.4167447916666667,9.0,2.0,39.48529411764706,0
12.879990201006876,175269.962912419,384,1.4077473958333333,9.0,2.0,39.48529411764706,0
12.911992934998125,175269.994915153,385,1.40703125,6.0,2.0,39.48529411764706,0
12.947988327010535,175270.030910545,386,1.4104524739583333,20.0,2.0,39.48529411764706,0
12.980021896015387,175270.062944114,387,1.4133984375,8.0,2.0,39.48529411764706,0
13.016032294020988,175270.098954512,388,1.4200911458333334,11.0,2.0,39.48529411764706,0
13.048003065021476,175270.130925283,389,1.4069075520833334,10.0,2.0,39.48529411764706,0
13.079952097003115,175270.162874315,390,1.4087890625,13.0,2.0,39.48529411764706,0
13.116041045024758,175270.198963263,391,1.4091341145833334,8.0,2.0,39.48529411764706,0
13.148000957007753,175270.230923175,392,1.4198567708333334,6.0,2.0,39.48529411764706,0
13.180007095012115,175270.262929313,393,1.4087858072916666,8.0,2.0,39.48529411764706,0
13.21600464900257,175270.298926867,394,1.4138639322916666,11.0,2.0,39.48529411764706,0
13.248030484013725,175270.330952702,395,1.4118033854166667,8.0,2.0,39.48529411764706,0
13.280001311009983,175270.362923529,396,1.4053385416666666,13.0,2.0,39.48529411764706,0
13.316054347000318,175270.398976565,397,1.4079459635416667,12.0,2.0,39.48529411764706,0
13.34795095201116,175270.43087317,398,1.4029166666666666,9.0,2.0,39.48529411764706,0
13.38456535100704,175270.467487569,399,1.4052115885416667,7.0,2.0,39.48529411764706,0
13.415998192998813,175270.498920411,400,1.41326171875,6.0,2.0,39.48529411764706,0
13.44795731100021,175270.530879529,401,1.4098828125,13.0,2.0,39.48529411764706,0
13.484005275997333,175270.566927494,402,1.3995572916666668,10.0,2.0,39.48529411764706,0
13.516008813021472,175270.598931031,403,1.4091829427083333,16.0,2.0,39.48529411764706,0
13.547980208997615,175270.630902427,404,1.4077180989583333,7.0,2.0,39.48529411764706,0
13.58404946202063,175270.66697168,405,1.4127083333333332,9.0,2.0,39.48529411764706,0
13.616046958020888,175270.698969176,406,1.404404296875,8.0,2.0,39.48529411764706,0
13.651964659016812,175270.734886877,407,1.41107421875,8.0,2.0,39.48529411764706,0
13.684014399012085,175270.766936617,408,1.4170345052083333,6.0,2.0,39.48529411764706,0
13.715965226001572,175270.798887444,409,1.4112662760416668,7.0,2.0,39.48529411764706,0
13.751983954018215,175270.834906172,410,1.403642578125,8.0,2.0,39.48529411764706,0
13.783941658010008,175270.866863876,411,1.400830078125,11.0,2.0,39.48529411764706,0
13.815958595019765,175270.898880813,412,1.420322265625,13.0,2.0,39.48529411764706,0
13.851969925017329,175270.934892143,413,1.4037858072916667,8.0,2.0,39.48529411764706,0
13.88401065202197,175270.96693287,414,1.4081868489583333,6.0,2.0,39.48529411764706,0
13.915977524011396,175270.998899742,415,1.4058235677083333,10.0,2.0,39.48529411764706,0
13.952023933001328,175271.034946151,416,1.4182845052083333,10.0,2.0,39.48529411764706,0
13.983957604010357,175271.066879822,417,1.4107161458333333,7.0,2.0,39.48529411764706,0
14.019979671022156,175271.102901889,418,1.4150651041666666,8.0,2.0,39.48529411764706,0
14.052027158002602,175271.134949376,419,1.4088932291666667,7.0,2.0,39.48529411764706,0
14.08395912402193,175271.166881342,420,1.4079947916666666,12.0,2.0,39.48529411764706,0
14.120003803021973,175271.202926021,421,1.4074186197916667,14.0,2.0,39.48529411764706,0
14.151997372013284,175271.23491959,422,1.407373046875,13.0,2.0,39.48529411764706,0
14.183966242999304,175271.266888461,423,1.4076627604166667,8.0,2.0,39.48529411764706,0
14.220013722020667,175271.30293594,424,1.41193359375,8.0,2.0,39.48529411764706,0
14.252047627000138,175271.334969845,425,1.411064453125,7.0,2.0,39.48529411764706,0
14.288200562004931,175271.37112278,426,1.4119563802083333,9.0,2.0,39.48529411764706,0
14.32000031802454,175271.402922536,427,1.406005859375,7.0,2.0,39.48529411764706,0
14.351940150023438,175271.434862368,428,1.4050390625,10.0,2.0,39.48529411764706,0
14.389551899017533,175271.472474117,429,1.4050748697916666,7.0,2.0,39.48529411764706,0
14.420020562014543,175271.50294278,430,1.4063704427083332,8.0,2.0,39.48529411764706,0
14.451964748004684,175271.534886966,431,1.397060546875,8.0,2.0,39.48529411764706,0
14.487993957009166,175271.570916175,432,1.40990234375,7.0,2.0,39.48529411764706,0
14.519999026000733,175271.602921244,433,1.413505859375,10.0,2.0,39.48529411764706,0
14.551936286006821,175271.634858504,434,1.4026236979166666,8.0,2.0,39.48529411764706,0
14.588007534999633,175271.670929753,435,1.4180045572916666,17.0,2.0,39.48529411764706,0
14.619917855015956,175271.702840073,436,1.40771484375,8.0,2.0,39.48529411764706,0
14.656013390020235,175271.738935608,437,1.4505794270833334,13.0,3.0,39.48529411764706,0
14.688019471999723,175271.77094169,438,2.481376953125,254.0,16.0,39.48529411764706,1
14.719992015016032,175271.802914233,439,1.4447916666666667,8.0,2.0,39.48529411764706,0
14.756009987002471,175271.838932205,440,1.402841796875,7.0,2.0,39.48529411764706,0
14.787997360021109,175271.870919578,441,1.3993880208333334,10.0,2.0,39.48529411764706,0
14.819970209005987,175271.902892427,442,1.4067057291666667,8.0,2.0,39.48529411764706,0
14.856002807006007,175271.938925025,443,1.4118326822916667,9.0,2.0,39.48529411764706,0
14.888018295023357,175271.970940513,444,1.4073372395833332,9.0,2.0,39.48529411764706,0
14.924018660007278,175272.006940878,445,1.4100130208333332,9.0,2.0,39.48529411764706,0
14.956063397024991,175272.038985615,446,1.4069270833333334,7.0,2.0,39.48529411764706,0
14.987992184003815,175272.070914402,447,1.4132584635416667,13.0,2.0,39.48529411764706,0
15.024018535012146,175272.106940753,448,1.4158138020833333,11.0,2.0,39.48529411764706,0
15.056010205997154,175272.138932424,449,1.4107584635416666,14.0,2.0,39.48529411764706,0
15.08791745902272,175272.170839677,450,1.4146419270833333,8.0,2.0,39.48529411764706,0
15.12409214201034,175272.20701436,451,1.40806640625,8.0,2.0,39.48529411764706,0
15.1560316660034,175272.238953884,452,1.410068359375,8.0,2.0,39.48529411764706,0
15.187960898008896,175272.270883116,453,1.4162076822916667,9.0,2.0,39.48529411764706,0
15.22399868600769,175272.306920904,454,1.4136751302083332,9.0,2.0,39.48529411764706,0
15.255991323007038,175272.338913541,455,1.4139420572916668,8.0,2.0,39.48529411764706,0
15.292036015016492,175272.374958233,456,1.4112760416666668,9.0,2.0,39.48529411764706,0
15.324016483005835,175272.406938701,457,1.41126953125,7.0,2.0,39.48529411764706,0
15.355965027003549,175272.438887245,458,1.413271484375,9.0,2.0,39.48529411764706,0
15.39207086499664,175272.474993083,459,1.4103873697916667,9.0,2.0,39.48529411764706,0
15.424018966004951,175272.506941184,460,1.4099934895833333,10.0,2.0,39.48529411764706,0
15.456023884005845,175272.538946102,461,1.4086653645833334,10.0,2.0,39.48529411764706,0
15.49199851800222,175272.574920736,462,1.4094173177083333,5.0,2.0,39.48529411764706,0
15.524023848003708,175272.606946066,463,1.411611328125,8.0,2.0,39.48529411764706,0
15.560061383002903,175272.642983601,464,1.415078125,8.0,2.0,39.48529411764706,0
15.592049377999501,175272.674971596,465,1.4029622395833334,14.0,2.0,39.48529411764706,0
15.623972756002331,175272.706894974,466,1.41322265625,12.0,2.0,39.48529411764706,0
15.660001261014258,175272.742923479,467,1.406376953125,8.0,2.0,39.48529411764706,0
15.69203488502535,175272.774957103,468,1.40552734375,12.0,2.0,39.48529411764706,0
15.72396449901862,175272.806886717,469,1.4081966145833333,15.0,2.0,39.48529411764706,0
15.760049867996713,175272.842972086,470,1.4049641927083334,8.0,2.0,39.48529411764706,0
15.792015343002276,175272.874937561,471,1.41466796875,9.0,2.0,39.48529411764706,0
15.824007539020386,175272.906929757,472,1.4107454427083332,12.0,2.0,39.48529411764706,0
15.859997124003712,175272.942919342,473,1.4037174479166667,14.0,2.0,39.48529411764706,0
15.891970929020317,175272.974893147,474,1.40677734375,12.0,2.0,39.48529411764706,0
15.928121046017623,175273.011043264,475,1.411728515625,8.0,2.0,39.48529411764706,0
15.959984196000732,175273.042906414,476,1.405673828125,11.0,2.0,39.48529411764706,0
15.991994825017173,175273.074917043,477,1.4045833333333333,7.0,2.0,39.48529411764706,0
16.028004882013192,175273.1109271,478,1.4070833333333332,7.0,2.0,39.48529411764706,0
16.060048200015444,175273.142970418,479,1.4102766927083332,16.0,2.0,39.48529411764706,0
16.091940194019116,175273.174862412,480,1.4096126302083334,8.0,2.0,39.48529411764706,0
16.128055321023567,175273.210977539,481,1.4234798177083334,11.0,2.0,39.48529411764706,0
16.160041502997046,175273.242963721,482,1.407783203125,10.0,2.0,39.48529411764706,0
16.19602763900184,175273.278949857,483,1.41390625,8.0,2.0,39.48529411764706,0
16.228020260023186,175273.310942478,484,1.4093489583333334,8.0,2.0,39.48529411764706,0
16.259991390019422,175273.342913608,485,1.4140006510416667,9.0,2.0,39.48529411764706,0
16.296029061020818,175273.378951279,486,1.4083463541666668,9.0,2.0,39.48529411764706,0
16.32796145102475,175273.410883669,487,1.408974609375,10.0,2.0,39.48529411764706,0
16.359970735997194,175273.442892954,488,1.4127897135416667,9.0,2.0,39.48529411764706,0
16.396009431016864,175273.478931649,489,1.4085026041666666,7.0,2.0,39.48529411764706,0
16.42800156600424,175273.510923784,490,1.4097135416666666,10.0,2.0,39.48529411764706,0
16.459975755016785,175273.542897973,491,1.4117122395833333,8.0,2.0,39.48529411764706,0
16.496024377003778,175273.578946595,492,1.4107682291666668,11.0,2.0,39.48529411764706,0
16.528001170023344,175273.610923388,493,1.414814453125,9.0,2.0,39.48529411764706,0
16.565466280997498,175273.648388499,494,2.4823795572916665,254.0,16.0,39.48529411764706,1
16.5962985480146,175273.679220766,495,1.4751041666666667,9.0,2.0,39.48529411764706,0
16.62833730201237,175273.71125952,496,1.4113932291666667,7.0,2.0,39.48529411764706,0
16.664238347002538,175273.747160565,497,1.40091796875,10.0,2.0,39.48529411764706,0
16.696907427016413,175273.779829645,498,1.4136588541666666,8.0,2.0,39.48529411764706,0
16.729000390012516,175273.811922608,499,1.412666015625,8.0,2.0,39.48529411764706,0
16.764469403016847,175273.847391621,500,1.407138671875,7.0,2.0,39.48529411764706,0
16.798217821022263,175273.881140039,501,1.4012825520833334,8.0,2.0,39.48529411764706,0
16.832122324005468,175273.915044542,502,1.404248046875,8.0,2.0,39.48529411764706,0
16.864088378002634,175273.947010596,503,1.4091276041666667,12.0,2.0,39.48529411764706,0
16.896553588012466,175273.979475806,504,1.4087727864583333,8.0,2.0,39.48529411764706,0
16.932248689001426,175274.015170907,505,1.4177604166666666,8.0,2.0,39.48529411764706,0
16.98625262902351,175274.069174847,506,1.4119303385416666,11.0,2.0,39.48529411764706,0
17.02682713000104,175274.109749348,507,1.40603515625,8.0,2.0,39.48529411764706,0
17.03611691601691,175274.119039134,508,1.4121158854166667,7.0,2.0,39.48529411764706,0
17.064032569003757,175274.146954787,509,1.4086295572916667,8.0,2.0,39.48529411764706,0
17.09601820501848,175274.178940423,510,1.410400390625,6.0,2.0,39.48529411764706,0
17.132096758025,175274.215018976,511,1.4080436197916666,8.0,2.0,39.48529411764706,0
17.164001480996376,175274.246923699,512,1.4142024739583334,8.0,2.0,39.48529411764706,0
17.20003289001761,175274.282955108,513,1.4100260416666666,8.0,2.0,39.48529411764706,0
17.2320496510074,175274.314971869,514,1.4062337239583333,7.0,2.0,39.48529411764706,0
17.263989624014357,175274.346911842,515,1.4039388020833334,6.0,2.0,39.48529411764706,0
17.300029245001497,175274.382951463,516,1.4036686197916666,10.0,2.0,39.48529411764706,0
17.331974543019896,175274.414896761,517,1.4120279947916667,12.0,2.0,39.48529411764706,0
17.364010626013624,175274.446932844,518,1.4067350260416667,8.0,2.0,39.48529411764706,0
17.400044361012988,175274.482966579,519,1.4104557291666666,8.0,2.0,39.48529411764706,0
17.432041851017857,175274.514964069,520,1.409287109375,12.0,2.0,39.48529411764706,0
17.46803590102354,175274.550958119,521,1.4102669270833332,10.0,2.0,39.48529411764706,0
17.500018601014744,175274.582940819,522,1.4116536458333333,8.0,2.0,39.48529411764706,0
17.531980692001525,175274.61490291,523,1.40541015625,9.0,2.0,39.48529411764706,0
17.56806409001001,175274.650986308,524,1.395458984375,8.0,2.0,39.48529411764706,0
17.60239845601609,175274.685320674,525,1.4221712239583333,15.0,2.0,39.48529411764706,0
17.632310827000765,175274.715233045,526,1.4117610677083334,8.0,2.0,39.48529411764706,0
17.66810319700744,175274.751025415,527,1.416015625,6.0,2.0,39.48529411764706,0
17.70002812400344,175274.782950342,528,1.4086067708333334,16.0,2.0,39.48529411764706,0
17.732021594012622,175274.814943812,529,1.4160514322916666,8.0,2.0,39.48529411764706,0
17.768174363009166,175274.851096581,530,1.413837890625,8.0,2.0,39.48529411764706,0
17.800014630018268,175274.882936848,531,1.4155794270833333,9.0,2.0,39.48529411764706,0
17.83600923602353,175274.918931454,532,1.4135807291666667,8.0,2.0,39.48529411764706,0
17.86803031800082,175274.950952536,533,1.4101529947916667,6.0,2.0,39.48529411764706,0
17.900019635999342,175274.982941854,534,1.4103678385416667,9.0,2.0,39.48529411764706,0
17.9360365140019,175275.018958732,535,1.41435546875,8.0,2.0,39.48529411764706,0
17.96804745402187,175275.050969672,536,1.4043489583333333,9.0,2.0,39.48529411764706,0
17.99998459001654,175275.082906808,537,1.4146744791666668,10.0,2.0,39.48529411764706,0
18.03603708301671,175275.118959301,538,1.40748046875,8.0,2.0,39.48529411764706,0
18.068010321003385,175275.150932539,539,1.4165234375,10.0,2.0,39.48529411764706,0
18.104012260999298,175275.186934479,540,1.406474609375,9.0,2.0,39.48529411764706,0
18.136113629007014,175275.219035847,541,1.407900390625,9.0,2.0,39.48529411764706,0
18.16799614499905,175275.250918363,542,1.4100358072916668,14.0,2.0,39.48529411764706,0
18.204050963016925,175275.286973181,543,1.4103776041666667,5.0,2.0,39.48529411764706,0
18.236018594005145,175275.318940812,544,1.40587890625,8.0,2.0,39.48529411764706,0
18.267982896999456,175275.350905115,545,1.4126725260416666,10.0,2.0,39.48529411764706,0
18.304030697006965,175275.386952915,546,1.4132421875,13.0,2.0,39.48529411764706,0
18.336006917001214,175275.418929135,547,1.4089388020833333,8.0,2.0,39.48529411764706,0
18.36799862299813,175275.450920841,548,1.4130143229166667,12.0,2.0,39.48529411764706,0
18.40405172901228,175275.486973947,549,2.484391276041667,254.0,16.0,39.48529411764706,1
18.435971118015004,175275.518893336,550,1.5146516927083333,13.0,2.0,39.48529411764706,0
18.472044652007753,175275.55496687,551,1.4139127604166666,8.0,2.0,39.48529411764706,0
18.504010214004666,175275.586932432,552,1.4175520833333333,7.0,2.0,39.48529411764706,0
18.535957343003247,175275.618879561,553,1.411552734375,10.0,2.0,39.48529411764706,0
18.57203184600803,175275.654954064,554,1.4089420572916667,6.0,2.0,39.48529411764706,0
18.6040489700099,175275.686971188,555,1.41361328125,8.0,2.0,39.48529411764706,0
18.636071303015342,175275.718993521,556,1.4136165364583333,10.0,2.0,39.48529411764706,0
18.672112326021306,175275.755034544,557,1.4130403645833334,10.0,2.0,39.48529411764706,0
18.704047953011468,175275.786970171,558,1.4148828125,9.0,2.0,39.48529411764706,0
18.740063814009773,175275.822986032,559,1.4090983072916667,7.0,2.0,39.48529411764706,0
18.77212741301628,175275.855049631,560,1.409619140625,6.0,2.0,39.48529411764706,0
18.80406860000221,175275.886990818,561,1.4059537760416667,10.0,2.0,39.48529411764706,0
18.840073855011724,175275.922996073,562,1.4051627604166668,9.0,2.0,39.48529411764706,0
18.872070270997938,175275.954992489,563,1.411123046875,8.0,2.0,39.48529411764706,0
18.904111136012943,175275.987033354,564,1.4173014322916666,8.0,2.0,39.48529411764706,0
18.940220871998463,175276.02314309,565,1.4127962239583334,16.0,2.0,39.48529411764706,0
18.972053563018562,175276.054975781,566,1.413447265625,8.0,2.0,39.48529411764706,0
19.004050296003697,175276.086972514,567,1.4058756510416666,8.0,2.0,39.48529411764706,0
19.04007704000105,175276.122999258,568,1.405439453125,8.0,2.0,39.48529411764706,0
19.07201594201615,175276.15493816,569,1.4137890625,6.0,2.0,39.48529411764706,0
19.10809693200281,175276.19101915,570,1.40533203125,12.0,2.0,39.48529411764706,0
19.14010103500914,175276.223023253,571,1.41375,8.0,2.0,39.48529411764706,0
19.172092568012886,175276.255014786,572,1.4022395833333334,8.0,2.0,39.48529411764706,0
19.208074176014634,175276.290996394,573,1.4098795572916667,10.0,2.0,39.48529411764706,0
19.240087357000448,175276.323009575,574,1.4091927083333333,9.0,2.0,39.48529411764706,0
19.272054680011934,175276.354976898,575,1.4065983072916666,10.0,2.0,39.48529411764706,0
19.308087578014238,175276.391009796,576,1.4089127604166667,13.0,2.0,39.48529411764706,0
19.34006711601978,175276.422989334,577,1.4104069010416667,10.0,2.0,39.48529411764706,0
19.376053173007676,175276.458975391,578,1.4076432291666667,8.0,2.0,39.48529411764706,0
19.408110204996774,175276.491032423,579,1.40431640625,8.0,2.0,39.48529411764706,0
19.440025757998228,175276.522947976,580,1.4066796875,12.0,2.0,39.48529411764706,0
19.476063485024497,175276.558985703,581,1.4135872395833333,11.0,2.0,39.48529411764706,0
19.508097779005766,175276.591019997,582,1.406728515625,10.0,2.0,39.48529411764706,0
19.54003903901321,175276.622961257,583,1.4048697916666666,8.0,2.0,39.48529411764706,0
19.576124993007397,175276.659047211,584,1.4070865885416666,10.0,2.0,39.48529411764706,0
19.60809914401034,175276.691021362,585,1.413994140625,8.0,2.0,39.48529411764706,0
19.64004778501112,175276.722970003,586,1.4095703125,14.0,2.0,39.48529411764706,0
19.676118734001648,175276.759040952,587,1.4095670572916668,7.0,2.0,39.48529411764706,0
19.708038453012705,175276.790960671,588,1.4046875,10.0,2.0,39.48529411764706,0
19.744108158018207,175276.827030376,589,1.4121158854166667,9.0,2.0,39.48529411764706,0
19.776122148003196,175276.859044366,590,1.4110904947916667,11.0,2.0,39.48529411764706,0
19.808023596997373,175276.890945815,591,1.40595703125,6.0,2.0,39.48529411764706,0
19.844075564004015,175276.926997782,592,1.4135546875,9.0,2.0,39.48529411764706,0
19.876117233012337,175276.959039451,593,1.4079296875,8.0,2.0,39.48529411764706,0
19.90807023801608,175276.990992456,594,1.4090397135416666,11.0,2.0,39.48529411764706,0
19.94427342902054,175277.027195647,595,1.4111100260416667,8.0,2.0,39.48529411764706,0
19.976135695003904,175277.059057913,596,1.4092903645833332,9.0,2.0,39.48529411764706,0
20.01212956701056,175277.095051785,597,1.406044921875,10.0,2.0,39.48529411764706,0
20.044122151011834,175277.127044369,598,1.41591796875,14.0,2.0,39.48529411764706,0
20.07606925300206,175277.158991471,599,1.4083170572916666,9.0,2.0,39.48529411764706,0
20.112140556011582,175277.195062774,600,1.4091015625,7.0,2.0,39.48529411764706,0
20.144098248012597,175277.227020466,601,1.4075358072916666,12.0,2.0,39.48529411764706,0
20.17613086302299,175277.259053081,602,1.4055078125,7.0,2.0,39.48529411764706,0
20.21209891702165,175277.295021135,603,1.4067220052083333,10.0,2.0,39.48529411764706,0
20.24409748101607,175277.327019699,604,1.413857421875,14.0,2.0,39.48529411764706,0
20.276113705011085,175277.359035923,605,1.4109505208333333,9.0,2.0,39.48529411764706,0
20.312064426019788,175277.394986644,606,1.4176888020833334,10.0,2.0,39.48529411764706,0
20.34408531402005,175277.427007532,607,1.4094173177083333,8.0,2.0,39.48529411764706,0
20.380088256002637,175277.463010474,608,1.4108723958333333,8.0,2.0,39.48529411764706,0
20.41211039002519,175277.495032608,609,1.41296875,6.0,2.0,39.48529411764706,0
20.4440682780114,175277.526990496,610,1.44337890625,13.0,3.0,39.48529411764706,0
20.480122866021702,175277.563045084,611,2.4727571614583335,254.0,16.0,39.48529411764706,1
20.51211829300155,175277.595040511,612,1.4748111979166667,9.0,2.0,39.48529411764706,0
20.54409334601951,175277.627015564,613,1.4140397135416667,8.0,2.0,39.48529411764706,0
20.580055796017405,175277.662978014,614,1.4191796875,6.0,2.0,39.48529411764706,0
20.612068191025173,175277.694990409,615,1.406591796875,11.0,2.0,39.48529411764706,0
20.648055065015797,175277.730977283,616,1.4096451822916667,8.0,2.0,39.48529411764706,0
20.680096968018916,175277.763019186,617,1.40513671875,8.0,2.0,39.48529411764706,0
20.71209068701137,175277.795012905,618,1.4162760416666667,7.0,2.0,39.48529411764706,0
20.748090002016397,175277.83101222,619,1.4061002604166666,10.0,2.0,39.48529411764706,0
20.780093421024503,175277.863015639,620,1.40759765625,6.0,2.0,39.48529411764706,0
20.81201862101443,175277.894940839,621,1.4088541666666667,8.0,2.0,39.48529411764706,0
20.84811671002535,175277.931038928,622,1.4140592447916667,8.0,2.0,39.48529411764706,0
20.880117759021232,175277.963039977,623,1.4159114583333334,6.0,2.0,39.48529411764706,0
20.91211956902407,175277.995041787,624,1.4097981770833334,9.0,2.0,39.48529411764706,0
20.948177208018024,175278.031099426,625,1.406708984375,8.0,2.0,39.48529411764706,0
20.98003969300771,175278.062961911,626,1.410078125,7.0,2.0,39.48529411764706,0
21.016088833013782,175278.099011051,627,1.4041373697916666,9.0,2.0,39.48529411764706,0
21.048140115017304,175278.131062333,628,1.4133984375,11.0,2.0,39.48529411764706,0
21.080090472009033,175278.16301269,629,1.4069563802083334,9.0,2.0,39.48529411764706,0
21.11617586002103,175278.199098078,630,1.412255859375,9.0,2.0,39.48529411764706,0
21.14807365500019,175278.230995873,631,1.4103841145833333,8.0,2.0,39.48529411764706,0
21.180138398020063,175278.263060616,632,1.40658203125,5.0,2.0,39.48529411764706,0
21.216113977017812,175278.299036195,633,1.404736328125,10.0,2.0,39.48529411764706,0
21.248073384020245,175278.330995602,634,1.41326171875,10.0,2.0,39.48529411764706,0
21.284096248011338,175278.367018466,635,1.404345703125,10.0,2.0,39.48529411764706,0
21.31603522101068,175278.398957439,636,1.4025520833333334,8.0,2.0,39.48529411764706,0
21.348099373019068,175278.431021591,637,1.4069791666666667,10.0,2.0,39.48529411764706,0
21.384159648005152,175278.467081866,638,1.4055305989583333,7.0,2.0,39.48529411764706,0
21.416127808013698,175278.499050026,639,1.4096647135416667,10.0,2.0,39.48529411764706,0
21.44804378700792,175278.530966005,640,1.4104361979166666,11.0,2.0,39.48529411764706,0
21.484143078996567,175278.567065297,641,1.4034700520833334,15.0,2.0,39.48529411764706,0
21.516090007004095,175278.599012225,642,1.4170475260416666,6.0,2.0,39.48529411764706,0
21.548076961014885,175278.630999179,643,1.40513671875,12.0,2.0,39.48529411764706,0
21.584122201020364,175278.667044419,644,1.4116731770833333,10.0,2.0,39.48529411764706,0
21.616056044003926,175278.698978262,645,1.405361328125,6.0,2.0,39.48529411764706,0
21.6521294870181,175278.735051705,646,1.4112434895833332,12.0,2.0,39.48529411764706,0
21.684125841013156,175278.767048059,647,1.4125390625,10.0,2.0,39.48529411764706,0
21.71610670001246,175278.799028918,648,1.4088671875,10.0,2.0,39.48529411764706,0
21.752137479023077,175278.835059697,649,1.4136979166666668,9.0,2.0,39.48529411764706,0
21.78410715100472,175278.867029369,650,1.4056673177083334,6.0,2.0,39.48529411764706,0
21.8160729840165,175278.898995202,651,1.4097591145833333,10.0,2.0,39.48529411764706,0
21.852134020009544,175278.935056238,652,1.4111979166666666,9.0,2.0,39.48529411764706,0
21.88410196901532,175278.967024187,653,1.408037109375,8.0,2.0,39.48529411764706,0
21.92011758100125,175279.003039799,654,1.4082649739583333,10.0,2.0,39.48529411764706,0
21.95215937701869,175279.035081595,655,1.4145279947916667,8.0,2.0,39.48529411764706,0
21.98414112100727,175279.067063339,656,1.409072265625,8.0,2.0,39.48529411764706,0
22.020146591006778,175279.103068809,657,1.4090657552083334,12.0,2.0,39.48529411764706,0
22.052094441023655,175279.135016659,658,1.413251953125,6.0,2.0,39.48529411764706,0
22.084058150008786,175279.166980368,659,1.407900390625,12.0,2.0,39.48529411764706,0
22.12014078901848,175279.203063007,660,1.4129296875,9.0,2.0,39.48529411764706,0
22.15205374301877,175279.234975961,661,1.4074967447916666,11.0,2.0,39.48529411764706,0
22.184093314019265,175279.267015532,662,1.4081087239583334,10.0,2.0,39.48529411764706,0
22.220108317997074,175279.303030536,663,1.4123470052083333,7.0,2.0,39.48529411764706,0
22.25206203700509,175279.334984255,664,1.4144759114583334,8.0,2.0,39.48529411764706,0
22.288095953001175,175279.371018171,665,1.4073177083333333,9.0,2.0,39.48529411764706,0
22.32004772601067,175279.402969944,666,1.4112076822916666,7.0,2.0,39.48529411764706,0
22.352071577013703,175279.434993795,667,1.40505859375,12.0,2.0,39.48529411764706,0
22.388123539014487,175279.471045757,668,1.4229329427083333,8.0,2.0,39.48529411764706,0
22.420106588018825,175279.503028806,669,1.4131282552083333,9.0,2.0,39.48529411764706,0
22.452041136013577,175279.534963354,670,1.409189453125,8.0,2.0,39.48529411764706,0
22.488181587017607,175279.571103805,671,1.40591796875,8.0,2.0,39.48529411764706,0
22.520118571002968,175279.603040789,672,1.4169205729166667,7.0,2.0,39.48529411764706,0
22.556099241017364,175279.639021459,673,1.4115462239583334,10.0,2.0,39.48529411764706,0
22.588145569025073,175279.671067787,674,2.480169270833333,254.0,16.0,39.48529411764706,1
22.620056417013984,175279.702978635,675,1.4720182291666666,9.0,2.0,39.48529411764706,0
22.656149643997196,175279.739071862,676,1.4128515625,10.0,2.0,39.48529411764706,0
22.68813399100327,175279.771056209,677,1.4157975260416666,8.0,2.0,39.48529411764706,0
22.72007323001162,175279.802995448,678,1.4068326822916666,6.0,2.0,39.48529411764706,0
22.75614944600966,175279.839071664,679,1.409765625,11.0,2.0,39.48529411764706,0
22.788152128021466,175279.871074346,680,1.4130143229166667,9.0,2.0,39.48529411764706,0
22.82013283201377,175279.90305505,681,1.4098209635416667,6.0,2.0,39.48529411764706,0
22.856100052013062,175279.93902227,682,1.404580078125,9.0,2.0,39.48529411764706,0
22.888104728015605,175279.971026946,683,1.4111783854166666,14.0,2.0,39.48529411764706,0
22.924195121013327,175280.007117339,684,1.40630859375,7.0,2.0,39.48529411764706,0
22.956192108016694,175280.039114326,685,1.4114713541666666,8.0,2.0,39.48529411764706,0
22.988050382002257,175280.0709726,686,1.4063020833333333,7.0,2.0,39.48529411764706,0
23.024076066009002,175280.106998284,687,1.4068587239583332,6.0,2.0,39.48529411764706,0
23.056146276008803,175280.139068494,688,1.41033203125,8.0,2.0,39.48529411764706,0
23.088088473014068,175280.171010691,689,1.4080013020833333,10.0,2.0,39.48529411764706,0
23.12414313701447,175280.207065355,690,1.4184765625,9.0,2.0,39.48529411764706,0
23.156045520998305,175280.238967739,691,1.4165787760416666,7.0,2.0,39.48529411764706,0
23.192085251997923,175280.27500747,692,1.41625,7.0,2.0,39.48529411764706,0
23.224104740016628,175280.307026958,693,1.4149739583333334,7.0,2.0,39.48529411764706,0
23.256090534006944,175280.339012752,694,1.4192350260416666,12.0,2.0,39.48529411764706,0
23.29213788601919,175280.375060104,695,1.41095703125,11.0,2.0,39.48529411764706,0
23.32407739100745,175280.406999609,696,1.4053385416666666,9.0,2.0,39.48529411764706,0
23.356113114015898,175280.439035332,697,1.415185546875,8.0,2.0,39.48529411764706,0
23.39214863901725,175280.475070857,698,1.4124869791666668,10.0,2.0,39.48529411764706,0
23.42415191201144,175280.50707413,699,1.4075162760416666,9.0,2.0,39.48529411764706,0
23.456124162010383,175280.53904638,700,1.4159798177083334,7.0,2.0,39.48529411764706,0
23.49210294202203,175280.57502516,701,1.4119694010416666,8.0,2.0,39.48529411764706,0
23.524046789010754,175280.606969007,702,1.4151822916666668,8.0,2.0,39.48529411764706,0
23.56012186501175,175280.643044083,703,1.4111783854166666,8.0,2.0,39.48529411764706,0
23.59214703302132,175280.675069251,704,1.41203125,8.0,2.0,39.48529411764706,0
23.624115373007953,175280.707037591,705,1.4079329427083334,7.0,2.0,39.48529411764706,0
23.660142061999068,175280.74306428,706,1.410068359375,6.0,2.0,39.48529411764706,0
23.692293813015567,175280.775216031,707,1.40619140625,6.0,2.0,39.48529411764706,0
23.724105594999855,175280.807027813,708,1.409189453125,9.0,2.0,39.48529411764706,0
23.76010263201897,175280.84302485,709,1.4088639322916667,6.0,2.0,39.48529411764706,0
23.792058314022142,175280.874980532,710,1.4171223958333334,11.0,2.0,39.48529411764706,0
23.828133187023923,175280.911055405,711,1.4105859375,12.0,2.0,39.48529411764706,0
23.86016048901365,175280.943082707,712,1.408486328125,8.0,2.0,39.48529411764706,0
23.892067458014935,175280.974989676,713,1.4074576822916667,8.0,2.0,39.48529411764706,0
23.92829541800893,175281.011217636,714,1.40322265625,6.0,2.0,39.48529411764706,0
23.960257269005524,175281.043179487,715,1.40646484375,9.0,2.0,39.48529411764706,0
23.992160138004692,175281.075082356,716,1.410498046875,8.0,2.0,39.48529411764706,0
24.02811831200961,175281.11104053,717,1.409892578125,9.0,2.0,39.48529411764706,0
24.060113708022982,175281.143035926,718,1.407724609375,6.0,2.0,39.48529411764706,0
24.092151507997187,175281.175073726,719,1.4102473958333333,8.0,2.0,39.48529411764706,0
24.12816176301567,175281.211083981,720,1.408076171875,9.0,2.0,39.48529411764706,0
24.160154703014996,175281.243076921,721,1.4007779947916668,6.0,2.0,39.48529411764706,0
24.19614966600784,175281.279071884,722,1.4100227864583332,10.0,2.0,39.48529411764706,0
24.228159429010702,175281.311081647,723,1.412275390625,7.0,2.0,39.48529411764706,0
24.260093309014337,175281.343015527,724,1.4140885416666666,8.0,2.0,39.48529411764706,0
24.296089700015727,175281.379011918,725,1.4093196614583334,8.0,2.0,39.48529411764706,0
24.32813157601049,175281.411053794,726,1.4216276041666667,10.0,2.0,39.48529411764706,0
24.360051442024997,175281.44297366,727,1.4097721354166666,7.0,2.0,39.48529411764706,0
24.396145915001398,175281.479068133,728,1.413427734375,7.0,2.0,39.48529411764706,0
24.42815536900889,175281.511077587,729,1.41123046875,10.0,2.0,39.48529411764706,0
24.464123463025317,175281.547045681,730,1.3993294270833334,11.0,2.0,39.48529411764706,0
24.496095650014468,175281.579017868,731,1.4088606770833334,8.0,2.0,39.48529411764706,0
24.528088114020647,175281.611010332,732,1.4099186197916667,7.0,2.0,39.48529411764706,0
24.564155696018133,175281.647077914,733,1.4241080729166666,11.0,2.0,39.48529411764706,0
24.596145978022832,175281.679068196,734,1.4176920572916667,7.0,2.0,39.48529411764706,0
24.628189630020643,175281.711111848,735,1.4114192708333333,6.0,2.0,39.48529411764706,0
24.66413369899965,175281.747055917,736,1.4090592447916668,7.0,2.0,39.48529411764706,0
24.696172442025272,175281.77909466,737,1.6928483072916667,88.0,8.0,39.48529411764706,1
24.72814049202134,175281.81106271,738,2.4357421875,254.0,16.0,39.48529411764706,1
24.76413018000312,175281.847052398,739,1.436318359375,11.0,2.0,39.48529411764706,0
24.796102243999485,175281.879024462,740,1.41501953125,7.0,2.0,39.48529411764706,0
24.832151049020467,175281.915073267,741,1.411005859375,9.0,2.0,39.48529411764706,0
24.86413999501383,175281.947062213,742,1.409873046875,5.0,2.0,39.48529411764706,0
24.896089952002512,175281.97901217,743,1.410947265625,10.0,2.0,39.48529411764706,0
24.932155931019224,175282.015078149,744,1.4111393229166667,10.0,2.0,39.48529411764706,0
24.964181590999942,175282.047103809,745,1.4151432291666666,10.0,2.0,39.48529411764706,0
24.996147444006056,175282.079069662,746,1.4093098958333334,8.0,2.0,39.48529411764706,0
25.03212642300059,175282.115048641,747,1.4047037760416667,9.0,2.0,39.48529411764706,0
25.06409659300698,175282.147018811,748,1.4062044270833334,8.0,2.0,39.48529411764706,0
25.100116645015078,175282.183038863,749,1.4082584635416666,7.0,2.0,39.48529411764706,0
25.1321271850029,175282.215049403,750,1.4132194010416668,7.0,2.0,39.48529411764706,0
25.164902464020997,175282.247824682,751,1.398046875,9.0,2.0,39.48529411764706,0
25.20020135300001,175282.283123571,752,1.414560546875,7.0,2.0,39.48529411764706,0
25.232089293014724,175282.315011511,753,1.4165559895833333,8.0,2.0,39.48529411764706,0
25.26406709200819,175282.34698931,754,1.4110807291666667,7.0,2.0,39.48529411764706,0
25.30010153600597,175282.383023754,755,1.413466796875,10.0,2.0,39.48529411764706,0
25.332147132023238,175282.41506935,756,1.4114420572916666,16.0,2.0,39.48529411764706,0
25.36418323102407,175282.447105449,757,1.4067740885416666,10.0,2.0,39.48529411764706,0
25.40015717901406,175282.483079397,758,1.41048828125,7.0,2.0,39.48529411764706,0
25.432055771001615,175282.514977989,759,1.4128873697916666,17.0,2.0,39.48529411764706,0
25.468122759019025,175282.551044977,760,1.40919921875,6.0,2.0,39.48529411764706,0
25.500066564010922,175282.582988782,761,1.4167740885416666,12.0,2.0,39.48529411764706,0
25.532097661023727,175282.615019879,762,1.4136686197916666,11.0,2.0,39.48529411764706,0
25.56811166301486,175282.651033881,763,1.4048404947916666,9.0,2.0,39.48529411764706,0
25.60015511600068,175282.683077334,764,1.4069466145833334,9.0,2.0,39.48529411764706,0
25.632203203014797,175282.715125421,765,1.41033203125,8.0,2.0,39.48529411764706,0
25.668117785011418,175282.751040003,766,1.4031119791666666,9.0,2.0,39.48529411764706,0
25.70008794401656,175282.783010162,767,1.4037434895833334,8.0,2.0,39.48529411764706,0
25.736050450999755,175282.818972669,768,1.4148502604166666,6.0,2.0,39.48529411764706,0
25.768148061004467,175282.851070279,769,1.408876953125,7.0,2.0,39.48529411764706,0
25.80012461199658,175282.88304683,770,1.409140625,10.0,2.0,39.48529411764706,0
25.83612542200717,175282.91904764,771,1.4065950520833332,10.0,2.0,39.48529411764706,0
25.86816876300145,175282.951090981,772,1.4131868489583332,8.0,2.0,39.48529411764706,0
25.900067068025237,175282.982989286,773,1.4110091145833332,7.0,2.0,39.48529411764706,0
25.93619292101357,175283.019115139,774,1.407392578125,10.0,2.0,39.48529411764706,0
25.96815308200894,175283.0510753,775,1.41779296875,8.0,2.0,39.48529411764706,0
26.004143358004512,175283.087065576,776,1.4070735677083333,8.0,2.0,39.48529411764706,0
26.03616451600101,175283.119086734,777,1.4109928385416666,8.0,2.0,39.48529411764706,0
26.068110117019387,175283.151032335,778,1.4100162760416666,9.0,2.0,39.48529411764706,0
26.104127197002526,175283.187049415,779,1.402958984375,8.0,2.0,39.48529411764706,0
26.13611404702533,175283.219036265,780,1.4103287760416667,8.0,2.0,39.48529411764706,0
26.168168296018848,175283.251090514,781,1.4086263020833334,11.0,2.0,39.48529411764706,0
26.204139536013827,175283.287061754,782,1.4085188802083333,8.0,2.0,39.48529411764706,0
26.23616006501834,175283.319082283,783,1.416796875,10.0,2.0,39.48529411764706,0
26.268129800009774,175283.351052018,784,1.4191015625,6.0,2.0,39.48529411764706,0
26.304142920009326,175283.387065138,785,1.40494140625,8.0,2.0,39.48529411764706,0
26.33607432001736,175283.418996538,786,1.4119303385416666,9.0,2.0,39.48529411764706,0
26.372074939019512,175283.454997157,787,1.4149641927083334,8.0,2.0,39.48529411764706,0
26.40412416201434,175283.48704638,788,1.410830078125,8.0,2.0,39.48529411764706,0
26.436110139009543,175283.519032357,789,1.416083984375,6.0,2.0,39.48529411764706,0
26.472238952002954,175283.55516117,790,1.41123046875,10.0,2.0,39.48529411764706,0
26.504104940016987,175283.587027158,791,1.412685546875,8.0,2.0,39.48529411764706,0
26.536107291001827,175283.619029509,792,1.453291015625,16.0,3.0,39.48529411764706,0
26.572148464008933,175283.655070682,793,2.4734993489583332,254.0,16.0,39.48529411764706,1
26.6041315740149,175283.687053792,794,1.4652604166666667,14.0,2.0,39.48529411764706,0
26.6401169510209,175283.723039169,795,1.4068815104166668,8.0,2.0,39.48529411764706,0
26.67219270102214,175283.755114919,796,1.4089290364583333,10.0,2.0,39.48529411764706,0
26.70411996601615,175283.787042184,797,1.4156705729166668,8.0,2.0,39.48529411764706,0
26.7401814640034,175283.823103682,798,1.40875,11.0,2.0,39.48529411764706,0
26.77211801800877,175283.855040236,799,1.4094954427083333,13.0,2.0,39.48529411764706,0
26.804110977012897,175283.887033195,800,1.406845703125,7.0,2.0,39.48529411764706,0
26.840184090018738,175283.923106308,801,1.4018522135416667,6.0,2.0,39.48529411764706,0
26.872118300001603,175283.955040518,802,1.4049674479166667,10.0,2.0,39.48529411764706,0
26.904135557007976,175283.987057775,803,1.413955078125,8.0,2.0,39.48529411764706,0
26.94018270401284,175284.023104922,804,1.4133723958333333,13.0,2.0,39.48529411764706,0
26.972174624010222,175284.055096842,805,1.4124088541666666,12.0,2.0,39.48529411764706,0
27.00814082301804,175284.091063041,806,1.4085481770833332,9.0,2.0,39.48529411764706,0
27.040174225025112,175284.123096443,807,1.4119466145833333,9.0,2.0,39.48529411764706,0
27.072132747998694,175284.155054966,808,1.4055403645833333,11.0,2.0,39.48529411764706,0
27.108169074024772,175284.191091292,809,1.4068001302083333,7.0,2.0,39.48529411764706,0
27.140197631000774,175284.223119849,810,1.4105013020833332,6.0,2.0,39.48529411764706,0
27.172165069001494,175284.255087287,811,1.4065559895833333,8.0,2.0,39.48529411764706,0
27.20817455102224,175284.291096769,812,1.4174348958333334,6.0,2.0,39.48529411764706,0
27.240174508013297,175284.323096726,813,1.412294921875,6.0,2.0,39.48529411764706,0
27.27610588000971,175284.359028098,814,1.4094563802083333,9.0,2.0,39.48529411764706,0
27.308143083006144,175284.391065301,815,1.4080826822916668,8.0,2.0,39.48529411764706,0
27.34012893101317,175284.423051149,816,1.4177799479166666,9.0,2.0,39.48529411764706,0
27.37609827000415,175284.459020488,817,1.4090885416666667,8.0,2.0,39.48529411764706,0
27.408127975999378,175284.491050194,818,1.403828125,12.0,2.0,39.48529411764706,0
27.440090793010313,175284.523013011,819,1.41240234375,7.0,2.0,39.48529411764706,0
27.476197184005287,175284.559119402,820,1.4104817708333333,7.0,2.0,39.48529411764706,0
27.508135930023855,175284.591058148,821,1.4169108072916667,6.0,2.0,39.48529411764706,0
27.540182131022448,175284.623104349,822,1.4170475260416666,12.0,2.0,39.48529411764706,0
27.576160714001162,175284.659082932,823,1.3944596354166667,6.0,2.0,39.48529411764706,0
27.608106330997543,175284.691028549,824,1.4130338541666667,10.0,2.0,39.48529411764706,0
27.64416732400423,175284.727089542,825,1.41083984375,7.0,2.0,39.48529411764706,0
27.676170407998143,175284.759092626,826,1.4050032552083334,9.0,2.0,39.48529411764706,0
27.70810994200292,175284.79103216,827,1.40818359375,9.0,2.0,39.48529411764706,0
27.744128261023434,175284.827050479,828,1.4132649739583334,7.0,2.0,39.48529411764706,0
27.77619237700128,175284.859114595,829,1.40599609375,10.0,2.0,39.48529411764706,0
27.80815684402478,175284.891079062,830,1.4110611979166667,8.0,2.0,39.48529411764706,0
27.844127805001335,175284.927050023,831,1.4127734375,7.0,2.0,39.48529411764706,0
27.876142285997048,175284.959064504,832,1.4029850260416667,7.0,2.0,39.48529411764706,0
27.912171591015067,175284.995093809,833,1.4170084635416667,14.0,2.0,39.48529411764706,0
27.94433641101932,175285.027258629,834,1.408271484375,13.0,2.0,39.48529411764706,0
27.976197965006577,175285.059120183,835,1.406025390625,12.0,2.0,39.48529411764706,0
28.012156628014054,175285.095078846,836,1.4117708333333334,12.0,2.0,39.48529411764706,0
28.044277102017077,175285.12719932,837,1.4098014322916668,10.0,2.0,39.48529411764706,0
28.076172572997166,175285.159094791,838,1.4113346354166667,8.0,2.0,39.48529411764706,0
28.112207766011124,175285.195129984,839,1.4068326822916666,12.0,2.0,39.48529411764706,0
28.14415211501182,175285.227074333,840,1.40822265625,13.0,2.0,39.48529411764706,0
28.17617778101703,175285.259099999,841,1.40919921875,7.0,2.0,39.48529411764706,0
28.21213272001478,175285.295054938,842,1.408857421875,8.0,2.0,39.48529411764706,0
28.244107831007568,175285.327030049,843,1.41568359375,12.0,2.0,39.48529411764706,0
28.28013886100962,175285.363061079,844,1.408974609375,12.0,2.0,39.48529411764706,0
28.312204043002566,175285.395126261,845,1.41416015625,9.0,2.0,39.48529411764706,0
28.344135626015486,175285.427057844,846,1.3999641927083333,6.0,2.0,39.48529411764706,0
28.380154389014933,175285.463076607,847,1.407490234375,6.0,2.0,39.48529411764706,0
28.412162863998674,175285.495085082,848,1.4162174479166667,13.0,2.0,39.48529411764706,0
28.444145013025263,175285.527067231,849,1.4088444010416667,8.0,2.0,39.48529411764706,0
28.480139318009606,175285.563061536,850,1.4156119791666666,6.0,2.0,39.48529411764706,0
28.512157620018115,175285.595079838,851,2.3503190104166665,254.0,16.0,39.48529411764706,1
28.54817602201365,175285.63109824,852,2.402607421875,254.0,16.0,39.48529411764706,1
28.58013894801843,175285.663061166,853,1.4180924479166668,8.0,2.0,39.48529411764706,0
28.612139882025076,175285.6950621,854,1.4082747395833333,8.0,2.0,39.48529411764706,0
28.64816355702351,175285.731085775,855,1.411875,6.0,2.0,39.48529411764706,0
28.680165723024402,175285.763087941,856,1.4136100260416666,8.0,2.0,39.48529411764706,0
28.71208860600018,175285.795010824,857,1.4081315104166667,7.0,2.0,39.48529411764706,0
28.748125383019214,175285.831047601,858,1.4106575520833333,7.0,2.0,39.48529411764706,0
28.780166373006068,175285.863088591,859,1.4003841145833333,12.0,2.0,39.48529411764706,0
28.812108870013617,175285.895031088,860,1.4194856770833333,10.0,2.0,39.48529411764706,0
28.848090954998042,175285.931013173,861,1.4056510416666668,8.0,2.0,39.48529411764706,0
28.880143098998815,175285.963065317,862,1.416943359375,10.0,2.0,39.48529411764706,0
28.916253930015955,175285.999176148,863,1.4142805989583334,8.0,2.0,39.48529411764706,0
28.948183340020478,175286.031105558,864,1.414892578125,8.0,2.0,39.48529411764706,0
28.980132372002117,175286.06305459,865,1.4056998697916667,10.0,2.0,39.48529411764706,0
29.016119471023558,175286.099041689,866,1.40978515625,10.0,2.0,39.48529411764706,0
29.048148254019907,175286.131070472,867,1.410732421875,8.0,2.0,39.48529411764706,0
29.080151683010627,175286.163073901,868,1.40427734375,6.0,2.0,39.48529411764706,0
29.11615501702181,175286.199077235,869,1.4133528645833333,8.0,2.0,39.48529411764706,0
29.148154897004133,175286.231077115,870,1.4075065104166666,10.0,2.0,39.48529411764706,0
29.184166304999962,175286.267088523,871,1.4102180989583333,9.0,2.0,39.48529411764706,0
29.216138676012633,175286.299060894,872,1.4185319010416666,10.0,2.0,39.48529411764706,0
29.24814212101046,175286.331064339,873,1.4098795572916667,9.0,2.0,39.48529411764706,0
29.284133020002628,175286.367055238,874,1.4040462239583333,7.0,2.0,39.48529411764706,0
29.316181622009026,175286.39910384,875,1.4138444010416666,10.0,2.0,39.48529411764706,0
29.348153336002724,175286.431075554,876,1.4111751302083333,11.0,2.0,39.48529411764706,0
29.384130920021562,175286.467053138,877,1.4145833333333333,8.0,2.0,39.48529411764706,0
29.41616600099951,175286.499088219,878,1.4097428385416666,10.0,2.0,39.48529411764706,0
29.44810880802106,175286.531031026,879,1.405693359375,10.0,2.0,39.48529411764706,0
29.4841363360174,175286.567058554,880,1.4071875,6.0,2.0,39.48529411764706,0
29.516175898024812,175286.599098116,881,1.411689453125,12.0,2.0,39.48529411764706,0
29.552245872997446,175286.635168091,882,1.4059993489583333,9.0,2.0,39.48529411764706,0
29.584333845006768,175286.667256063,883,1.4080631510416666,7.0,2.0,39.48529411764706,0
29.616123690997483,175286.699045909,884,1.4070084635416666,6.0,2.0,39.48529411764706,0
29.652147017011885,175286.735069235,885,1.4127799479166667,8.0,2.0,39.48529411764706,0
29.684191198000917,175286.767113416,886,1.4047037760416667,8.0,2.0,39.48529411764706,0
29.716103685001144,175286.799025903,887,1.407421875,13.0,2.0,39.48529411764706,0
29.752162089018384,175286.835084307,888,1.4167936197916666,6.0,2.0,39.48529411764706,0
29.78412998400745,175286.867052202,889,1.409921875,8.0,2.0,39.48529411764706,0
29.820278160012094,175286.903200378,890,1.412490234375,13.0,2.0,39.48529411764706,0
29.852152790001128,175286.935075008,891,1.4070442708333333,7.0,2.0,39.48529411764706,0
29.884127837023698,175286.967050055,892,1.4050618489583333,10.0,2.0,39.48529411764706,0
29.920173126010923,175287.003095344,893,1.40974609375,8.0,2.0,39.48529411764706,0
29.952156940998975,175287.035079159,894,1.4073470052083332,8.0,2.0,39.48529411764706,0
29.98413107401575,175287.067053292,895,1.4089388020833333,8.0,2.0,39.48529411764706,0
30.020186181005556,175287.103108399,896,1.4164029947916668,11.0,2.0,39.48529411764706,0
30.052181581006153,175287.135103799,897,1.4158528645833333,14.0,2.0,39.48529411764706,0
30.084115948004182,175287.167038166,898,1.406630859375,9.0,2.0,39.48529411764706,0
30.120191887021065,175287.203114105,899,1.4109765625,10.0,2.0,39.48529411764706,0
30.152138413017383,175287.235060631,900,1.4082259114583333,8.0,2.0,39.48529411764706,0
30.188219107018085,175287.271141325,901,1.410703125,9.0,2.0,39.48529411764706,0
30.22014315301203,175287.303065371,902,1.408115234375,10.0,2.0,39.48529411764706,0
30.252135031012585,175287.335057249,903,1.413701171875,13.0,2.0,39.48529411764706,0
30.28812454000581,175287.371046758,904,1.402216796875,12.0,2.0,39.48529411764706,0
30.320199228997808,175287.403121447,905,1.40228515625,10.0,2.0,39.48529411764706,0
30.35210738700698,175287.435029605,906,2.468427734375,254.0,16.0,39.48529411764706,1
30.38813796802424,175287.471060186,907,1.4986067708333333,12.0,2.0,39.48529411764706,0
30.420195384009276,175287.503117602,908,1.4171256510416668,10.0,2.0,39.48529411764706,0
30.45615536501282,175287.539077583,909,1.4118912760416666,9.0,2.0,39.48529411764706,0
30.488134929008083,175287.571057147,910,1.4133756510416666,9.0,2.0,39.48529411764706,0
30.520145212998614,175287.603067431,911,1.4107682291666668,9.0,2.0,39.48529411764706,0
30.556243911007186,175287.639166129,912,1.4093391927083334,8.0,2.0,39.48529411764706,0
30.5881914680067,175287.671113686,913,1.4095442708333332,8.0,2.0,39.48529411764706,0
30.620122442021966,175287.70304466,914,1.4114876302083332,13.0,2.0,39.48529411764706,0
30.65617979801027,175287.739102016,915,1.4121061197916667,14.0,2.0,39.48529411764706,0
30.68814305801061,175287.771065276,916,1.4138639322916666,8.0,2.0,39.48529411764706,0
30.720123414008413,175287.803045632,917,1.410107421875,12.0,2.0,39.48529411764706,0
30.756193756009452,175287.839115974,918,1.412255859375,8.0,2.0,39.48529411764706,0
30.788172365020728,175287.871094583,919,1.4187858072916666,10.0,2.0,39.48529411764706,0
30.82415976401535,175287.907081982,920,1.41189453125,6.0,2.0,39.48529411764706,0
30.85635060700588,175287.939272825,921,1.4083821614583334,8.0,2.0,39.48529411764706,0
30.888324036000995,175287.971246254,922,1.4166145833333332,11.0,2.0,39.48529411764706,0
30.924331996997353,175288.007254215,923,1.4062565104166667,6.0,2.0,39.48529411764706,0
30.956285924010444,175288.039208142,924,1.407490234375,8.0,2.0,39.48529411764706,0
30.988265252002748,175288.07118747,925,1.4070345052083333,10.0,2.0,39.48529411764706,0
31.024285435996717,175288.107207654,926,1.4091145833333334,8.0,2.0,39.48529411764706,0
31.05621164702461,175288.139133865,927,1.4137044270833334,9.0,2.0,39.48529411764706,0
31.092320451018168,175288.175242669,928,1.4193131510416668,8.0,2.0,39.48529411764706,0
31.124281491996953,175288.20720371,929,1.4053548177083333,9.0,2.0,39.48529411764706,0
31.156179144018097,175288.239101362,930,1.4156575520833334,9.0,2.0,39.48529411764706,0
31.192291328014107,175288.275213546,931,1.4083040364583332,12.0,2.0,39.48529411764706,0
31.224185190018034,175288.307107408,932,1.4115690104166667,11.0,2.0,39.48529411764706,0
31.25607707799645,175288.338999296,933,1.4134537760416668,8.0,2.0,39.48529411764706,0
31.292303957015974,175288.375226175,934,1.4053938802083332,17.0,2.0,39.48529411764706,0
31.324237256019842,175288.407159474,935,1.4159342447916667,11.0,2.0,39.48529411764706,0
31.356113300018478,175288.439035518,936,1.4134244791666666,9.0,2.0,39.48529411764706,0
31.3923916160129,175288.475313834,937,1.4151822916666668,8.0,2.0,39.48529411764706,0
31.424219392996747,175288.507141611,938,1.4088444010416667,8.0,2.0,39.48529411764706,0
31.460287335008616,175288.543209553,939,1.4111653645833333,14.0,2.0,39.48529411764706,0
31.49228916800348,175288.575211386,940,1.4144759114583334,15.0,2.0,39.48529411764706,0
31.52429170400137,175288.607213922,941,1.4083919270833334,12.0,2.0,39.48529411764706,0
31.560292740003206,175288.643214958,942,1.41716796875,9.0,2.0,39.48529411764706,0
31.592409952019807,175288.67533217,943,1.4076171875,6.0,2.0,39.48529411764706,0
31.624262053024722,175288.707184271,944,1.4073046875,8.0,2.0,39.48529411764706,0
31.660275214002468,175288.743197432,945,1.407470703125,8.0,2.0,39.48529411764706,0
31.69234301400138,175288.775265232,946,1.4121549479166666,10.0,2.0,39.48529411764706,0
31.728358018008294,175288.811280236,947,1.405859375,10.0,2.0,39.48529411764706,0
31.760277840017807,175288.843200058,948,1.411064453125,10.0,2.0,39.48529411764706,0
31.79232714601676,175288.875249364,949,1.4161555989583334,13.0,2.0,39.48529411764706,0
31.828293587022927,175288.911215805,950,1.4133854166666666,9.0,2.0,39.48529411764706,0
31.860313984012464,175288.943236202,951,1.4124153645833333,8.0,2.0,39.48529411764706,0
31.89228541799821,175288.975207636,952,1.410458984375,8.0,2.0,39.48529411764706,0
31.928298373997677,175289.011220592,953,1.407451171875,17.0,2.0,39.48529411764706,0
31.961470594018465,175289.044392812,954,1.41125,9.0,2.0,39.48529411764706,0
31.992320175020723,175289.075242393,955,1.40533203125,9.0,2.0,39.48529411764706,0
32.02828366900212,175289.111205887,956,1.41986328125,10.0,2.0,39.48529411764706,0
32.06026172701968,175289.143183945,957,1.41025390625,10.0,2.0,39.48529411764706,0
32.096233144024154,175289.179155362,958,1.4156510416666668,8.0,2.0,39.48529411764706,0
32.12832181801787,175289.211244036,959,1.4091796875,8.0,2.0,39.48529411764706,0
32.16021307001938,175289.243135288,960,1.410087890625,6.0,2.0,39.48529411764706,0
32.19622740801424,175289.279149626,961,1.410947265625,8.0,2.0,39.48529411764706,0
32.22825565500534,175289.311177873,962,1.4149055989583332,9.0,2.0,39.48529411764706,0
32.26078181801131,175289.343704036,963,1.4086165364583334,8.0,2.0,39.48529411764706,0
32.29636995200417,175289.37929217,964,1.4059602864583334,8.0,2.0,39.48529411764706,0
32.33129819799797,175289.414220416,965,1.4135286458333334,9.0,2.0,39.48529411764706,0
32.364257131004706,175289.447179349,966,1.410791015625,9.0,2.0,39.48529411764706,0
32.396284401009325,175289.479206619,967,1.4090852864583334,13.0,2.0,39.48529411764706,0
32.42823073500767,175289.511152953,968,2.478818359375,254.0,16.0,39.48529411764706,1
32.46418004302541,175289.547102261,969,1.47630859375,11.0,2.0,39.48529411764706,0
32.49626287200954,175289.57918509,970,1.416279296875,6.0,2.0,39.48529411764706,0
32.52828630901058,175289.611208527,971,1.4204947916666666,13.0,2.0,39.48529411764706,0
32.564211607008474,175289.647133825,972,1.41474609375,10.0,2.0,39.48529411764706,0
32.596369967010105,175289.679292185,973,1.4164322916666667,9.0,2.0,39.48529411764706,0
32.62833882501582,175289.711261043,974,1.409189453125,6.0,2.0,39.48529411764706,0
32.664217619021656,175289.747139837,975,1.4095149739583333,7.0,2.0,39.48529411764706,0
32.69619287701789,175289.779115095,976,1.4067545572916667,8.0,2.0,39.48529411764706,0
32.73220338401734,175289.815125602,977,1.423349609375,8.0,2.0,39.48529411764706,0
32.764209178014426,175289.847131396,978,1.4056608072916668,8.0,2.0,39.48529411764706,0
32.79617137601599,175289.879093594,979,1.411767578125,10.0,2.0,39.48529411764706,0
32.832246878999285,175289.915169097,980,1.4163671875,10.0,2.0,39.48529411764706,0
32.86419760901481,175289.947119827,981,1.408623046875,9.0,2.0,39.48529411764706,0
32.89623133200803,175289.97915355,982,1.4086197916666667,9.0,2.0,39.48529411764706,0
32.93233871401753,175290.015260932,983,1.409833984375,10.0,2.0,39.48529411764706,0
32.96422560000792,175290.047147818,984,1.4101139322916667,12.0,2.0,39.48529411764706,0
33.00028910601395,175290.083211324,985,1.40705078125,10.0,2.0,39.48529411764706,0
33.032290943025146,175290.115213161,986,1.40001953125,8.0,2.0,39.48529411764706,0
33.06420203100424,175290.147124249,987,1.407470703125,8.0,2.0,39.48529411764706,0
33.10018922100426,175290.183111439,988,1.4090852864583334,12.0,2.0,39.48529411764706,0
33.13226710402523,175290.215189322,989,1.410478515625,11.0,2.0,39.48529411764706,0
33.16425200601225,175290.247174224,990,1.4108333333333334,7.0,2.0,39.48529411764706,0
33.20033585099736,175290.283258069,991,1.415126953125,8.0,2.0,39.48529411764706,0
33.232257562020095,175290.31517978,992,1.4109602864583333,6.0,2.0,39.48529411764706,0
33.26419728001929,175290.347119498,993,1.407783203125,12.0,2.0,39.48529411764706,0
33.300246269005584,175290.383168487,994,1.4163509114583333,8.0,2.0,39.48529411764706,0
33.33224663202418,175290.41516885,995,1.4141471354166666,10.0,2.0,39.48529411764706,0
33.36820080599864,175290.451123024,996,1.4069368489583334,12.0,2.0,39.48529411764706,0
33.40036218301975,175290.483284401,997,1.4109895833333332,13.0,2.0,39.48529411764706,0
33.43217324800207,175290.515095466,998,1.41298828125,6.0,2.0,39.48529411764706,0
33.468132125010015,175290.551054343,999,1.414345703125,8.0,2.0,39.48529411764706,0
33.50018113601254,175290.583103354,1000,1.4173860677083334,9.0,2.0,39.48529411764706,0
33.53210836800281,175290.615030586,1001,1.4096744791666667,10.0,2.0,39.48529411764706,0
33.56821078300709,175290.651133001,1002,1.4105729166666667,6.0,2.0,39.48529411764706,0
33.60025268301251,175290.683174901,1003,1.4134375,7.0,2.0,39.48529411764706,0
33.636207110015675,175290.719129328,1004,1.41326171875,9.0,2.0,39.48529411764706,0
33.66829317199881,175290.75121539,1005,1.4098307291666667,7.0,2.0,39.48529411764706,0
33.700155466998694,175290.783077685,1006,1.410146484375,7.0,2.0,39.48529411764706,0
33.73616652801866,175290.819088746,1007,1.4112890625,9.0,2.0,39.48529411764706,0
33.76819154000259,175290.851113758,1008,1.4180598958333333,7.0,2.0,39.48529411764706,0
33.80015051201917,175290.88307273,1009,1.4068782552083334,11.0,2.0,39.48529411764706,0
33.83622669201577,175290.91914891,1010,1.4022819010416667,12.0,2.0,39.48529411764706,0
33.8682216090092,175290.951143827,1011,1.4069759114583333,9.0,2.0,39.48529411764706,0
33.90016406599898,175290.983086284,1012,1.4169270833333334,10.0,2.0,39.48529411764706,0
33.93627994201961,175291.01920216,1013,1.4089192708333333,8.0,2.0,39.48529411764706,0
33.96831912401831,175291.051241342,1014,1.409951171875,6.0,2.0,39.48529411764706,0
34.004238991008606,175291.087161209,1015,1.4048209635416666,11.0,2.0,39.48529411764706,0
34.03615614300361,175291.119078361,1016,1.4048177083333333,9.0,2.0,39.48529411764706,0
34.06820480202441,175291.15112702,1017,1.4116796875,7.0,2.0,39.48529411764706,0
34.10422513799858,175291.187147356,1018,1.4132552083333334,8.0,2.0,39.48529411764706,0
34.13619914802257,175291.219121366,1019,1.4146158854166666,8.0,2.0,39.48529411764706,0
34.16819346600096,175291.251115684,1020,1.4183528645833334,9.0,2.0,39.48529411764706,0
34.204226507019484,175291.287148725,1021,1.4134342447916666,11.0,2.0,39.48529411764706,0
34.23619781801244,175291.319120036,1022,1.4173502604166666,10.0,2.0,39.48529411764706,0
34.272190412011696,175291.35511263,1023,1.4078548177083334,8.0,2.0,39.48529411764706,0
34.30420312201022,175291.38712534,1024,1.4740885416666667,16.0,3.0,39.48529411764706,0
34.33616764500039,175291.419089863,1025,2.4422265625,254.0,16.0,39.48529411764706,1
34.37222902200301,175291.45515124,1026,1.4430045572916668,13.0,2.0,39.48529411764706,0
34.40418654601672,175291.487108764,1027,1.4137532552083334,13.0,2.0,39.48529411764706,0
34.43613937799819,175291.519061596,1028,1.4065690104166666,9.0,2.0,39.48529411764706,0
34.472190989006776,175291.555113207,1029,1.413046875,8.0,2.0,39.48529411764706,0
34.50422749601421,175291.587149714,1030,1.4062565104166667,10.0,2.0,39.48529411764706,0
34.53618005302269,175291.619102271,1031,1.4146712239583332,18.0,2.0,39.48529411764706,0
34.57225722001749,175291.655179438,1032,1.4083528645833334,11.0,2.0,39.48529411764706,0
34.60438297499786,175291.687305193,1033,1.4065625,9.0,2.0,39.48529411764706,0
34.640336503012804,175291.723258721,1034,1.418232421875,9.0,2.0,39.48529411764706,0
34.67227991099935,175291.755202129,1035,1.414755859375,8.0,2.0,39.48529411764706,0
34.70428599600564,175291.787208214,1036,1.40626953125,8.0,2.0,39.48529411764706,0
34.74026804001187,175291.823190258,1037,1.4044596354166667,7.0,2.0,39.48529411764706,0
34.77221670199651,175291.85513892,1038,1.4075,9.0,2.0,39.48529411764706,0
34.80418024800019,175291.887102466,1039,1.4057063802083334,9.0,2.0,39.48529411764706,0
34.84030578401871,175291.923228002,1040,1.4116276041666667,9.0,2.0,39.48529411764706,0
34.872174657997675,175291.955096876,1041,1.4027994791666667,11.0,2.0,39.48529411764706,0
34.90835810202407,175291.99128032,1042,1.4105631510416667,12.0,2.0,39.48529411764706,0
34.94057416601572,175292.023496384,1043,1.414501953125,10.0,2.0,39.48529411764706,0
34.97229819200584,175292.05522041,1044,1.4034700520833334,8.0,2.0,39.48529411764706,0
35.00912953601801,175292.092051754,1045,1.41181640625,10.0,2.0,39.48529411764706,0
35.04044607101241,175292.123368289,1046,1.4148209635416666,7.0,2.0,39.48529411764706,0
35.072192885010736,175292.155115103,1047,1.4062369791666667,10.0,2.0,39.48529411764706,0
35.10828375600977,175292.191205974,1048,1.4143815104166666,10.0,2.0,39.48529411764706,0
35.14031045002048,175292.223232668,1049,1.4103548177083334,10.0,2.0,39.48529411764706,0
35.172231118020136,175292.255153336,1050,1.41740234375,8.0,2.0,39.48529411764706,0
35.20849355100654,175292.291415769,1051,1.4093359375,6.0,2.0,39.48529411764706,0
35.24020525300875,175292.323127471,1052,1.4200390625,9.0,2.0,39.48529411764706,0
35.27630147500895,175292.359223693,1053,1.4069791666666667,6.0,2.0,39.48529411764706,0
35.3083097700146,175292.391231988,1054,1.4124544270833332,12.0,2.0,39.48529411764706,0
35.34017690800829,175292.423099126,1055,1.4098600260416667,7.0,2.0,39.48529411764706,0
35.37633538802038,175292.459257606,1056,1.41625,7.0,2.0,39.48529411764706,0
35.40833407500759,175292.491256293,1057,1.418955078125,12.0,2.0,39.48529411764706,0
35.466068476001965,175292.548990694,1058,1.4150065104166667,16.0,2.0,39.48529411764706,0
35.481954859016696,175292.564877077,1059,1.4077669270833333,9.0,2.0,39.48529411764706,0
35.50846544399974,175292.591387662,1060,1.4076432291666667,12.0,2.0,39.48529411764706,0
35.54440804000478,175292.627330258,1061,1.4081998697916667,8.0,2.0,39.48529411764706,0
35.57631106002373,175292.659233278,1062,1.4177376302083333,15.0,2.0,39.48529411764706,0
35.60890129901236,175292.691823517,1063,1.4093619791666667,10.0,2.0,39.48529411764706,0
35.64431766801863,175292.727239886,1064,1.41189453125,15.0,2.0,39.48529411764706,0
35.67632873900584,175292.759250957,1065,1.4170735677083333,6.0,2.0,39.48529411764706,0
35.70830173502327,175292.791223953,1066,1.414013671875,8.0,2.0,39.48529411764706,0
35.74430153600406,175292.827223754,1067,1.4189811197916666,6.0,2.0,39.48529411764706,0
35.776442080008565,175292.859364298,1068,1.4101790364583333,8.0,2.0,39.48529411764706,0
35.80832633099635,175292.891248549,1069,1.4253645833333333,8.0,2.0,39.48529411764706,0
35.84430638101185,175292.927228599,1070,1.4129915364583334,10.0,2.0,39.48529411764706,0
35.87626658601221,175292.959188804,1071,1.4133854166666666,10.0,2.0,39.48529411764706,0
35.91232163901441,175292.995243857,1072,1.4092154947916666,8.0,2.0,39.48529411764706,0
35.94445310899755,175293.027375327,1073,1.4147623697916667,6.0,2.0,39.48529411764706,0
35.976257721020374,175293.059179939,1074,1.407041015625,10.0,2.0,39.48529411764706,0
36.0123467570229,175293.095268975,1075,1.421142578125,10.0,2.0,39.48529411764706,0
36.04436105402419,175293.127283272,1076,1.4089388020833333,8.0,2.0,39.48529411764706,0
36.07631688201218,175293.1592391,1077,1.4038736979166666,7.0,2.0,39.48529411764706,0
36.112314603000414,175293.195236821,1078,1.407255859375,9.0,2.0,39.48529411764706,0
36.14430869501666,175293.227230913,1079,1.407197265625,12.0,2.0,39.48529411764706,0
36.18038222202449,175293.26330444,1080,1.417841796875,11.0,2.0,39.48529411764706,0
36.21224939500098,175293.295171613,1081,1.4051920572916667,8.0,2.0,39.48529411764706,0
36.244292732997565,175293.327214951,1082,1.4167252604166667,10.0,2.0,39.48529411764706,0
36.28030300300452,175293.363225221,1083,1.4101302083333334,13.0,2.0,39.48529411764706,0
36.312255297001684,175293.395177515,1084,1.4068294270833333,6.0,2.0,39.48529411764706,0
36.344259153003804,175293.427181371,1085,1.4047200520833334,9.0,2.0,39.48529411764706,0
36.38025721901795,175293.463179437,1086,1.4103352864583334,8.0,2.0,39.48529411764706,0
36.4123402700061,175293.495262488,1087,1.4113346354166667,6.0,2.0,39.48529411764706,0
36.444283335004,175293.527205553,1088,1.4191178385416667,8.0,2.0,39.48529411764706,0
36.48045970502426,175293.563381923,1089,1.481455078125,13.0,3.0,39.48529411764706,0
36.51229470901308,175293.595216927,1090,2.4904524739583334,254.0,16.0,39.48529411764706,1
36.54831029401976,175293.631232512,1091,1.4439485677083332,12.0,2.0,39.48529411764706,0
36.58033848501509,175293.663260703,1092,1.4185709635416666,12.0,2.0,39.48529411764706,0
36.612337683996884,175293.695259902,1093,1.4053743489583332,8.0,2.0,39.48529411764706,0
36.6495757260127,175293.732497944,1094,1.41458984375,16.0,2.0,39.48529411764706,0
36.687551475013606,175293.770473693,1095,1.40939453125,6.0,2.0,39.48529411764706,0
36.73502545701922,175293.817947675,1096,1.4101009114583334,14.0,2.0,39.48529411764706,0
36.753746283997316,175293.836668502,1097,1.40859375,7.0,2.0,39.48529411764706,0
36.78028548602015,175293.863207704,1098,1.4180045572916666,6.0,2.0,39.48529411764706,0
36.81642271002056,175293.899344928,1099,1.4131868489583332,12.0,2.0,39.48529411764706,0
36.84838031601976,175293.931302534,1100,1.4152766927083333,10.0,2.0,39.48529411764706,0
36.88032615900738,175293.963248377,1101,1.4086100260416667,10.0,2.0,39.48529411764706,0
36.9163506560144,175293.999272874,1102,1.413837890625,7.0,2.0,39.48529411764706,0
36.948373126011575,175294.031295344,1103,1.4119661458333332,8.0,2.0,39.48529411764706,0
36.98034623800777,175294.063268456,1104,1.4107421875,9.0,2.0,39.48529411764706,0
37.016281628020806,175294.099203846,1105,1.4030924479166667,9.0,2.0,39.48529411764706,0
37.04834731001756,175294.131269528,1106,1.4126822916666666,5.0,2.0,39.48529411764706,0
37.08021821200964,175294.16314043,1107,1.4174544270833334,8.0,2.0,39.48529411764706,0
37.11624577501789,175294.199167993,1108,1.4057845052083333,7.0,2.0,39.48529411764706,0
37.148255829000846,175294.231178047,1109,1.4069466145833334,9.0,2.0,39.48529411764706,0
37.18432689100155,175294.267249109,1110,1.4078743489583334,8.0,2.0,39.48529411764706,0
37.21626117400592,175294.299183392,1111,1.4087858072916666,7.0,2.0,39.48529411764706,0
37.24824407399865,175294.331166292,1112,1.4098860677083334,12.0,2.0,39.48529411764706,0
37.284256136015756,175294.367178354,1113,1.4058854166666668,7.0,2.0,39.48529411764706,0
37.31648037201376,175294.39940259,1114,1.4094368489583333,12.0,2.0,39.48529411764706,0
37.34822996600997,175294.431152184,1115,1.40591796875,12.0,2.0,39.48529411764706,0
37.38432576900232,175294.467247987,1116,1.4065201822916666,10.0,2.0,39.48529411764706,0
37.41626949101919,175294.499191709,1117,1.4149055989583332,12.0,2.0,39.48529411764706,0
37.45222021601512,175294.535142434,1118,1.414462890625,10.0,2.0,39.48529411764706,0
37.48422776901862,175294.567149987,1119,1.4116243489583333,8.0,2.0,39.48529411764706,0
37.51621146700927,175294.599133685,1120,1.41900390625,12.0,2.0,39.48529411764706,0
37.55222096701618,175294.635143185,1121,1.403095703125,8.0,2.0,39.48529411764706,0
37.58425684602116,175294.667179064,1122,1.4131640625,7.0,2.0,39.48529411764706,0
37.616193687019404,175294.699115905,1123,1.4113671875,7.0,2.0,39.48529411764706,0
37.65221489101532,175294.735137109,1124,1.4112858072916667,6.0,2.0,39.48529411764706,0
37.68429008501698,175294.767212303,1125,1.4135709635416667,10.0,2.0,39.48529411764706,0
37.71626239301986,175294.799184611,1126,1.4084342447916667,10.0,2.0,39.48529411764706,0
37.75221675701323,175294.835138975,1127,1.4044140625,12.0,2.0,39.48529411764706,0
37.78418794000754,175294.867110158,1128,1.4231380208333333,8.0,2.0,39.48529411764706,0
37.82024768300471,175294.903169901,1129,1.405078125,10.0,2.0,39.48529411764706,0
37.85224873601692,175294.935170954,1130,1.4106608072916667,6.0,2.0,39.48529411764706,0
37.88419706001878,175294.967119278,1131,1.4206998697916666,8.0,2.0,39.48529411764706,0
37.92036493300111,175295.003287151,1132,1.4004850260416666,10.0,2.0,39.48529411764706,0
37.95239158399636,175295.035313802,1133,1.4128385416666667,7.0,2.0,39.48529411764706,0
37.98426433801069,175295.067186556,1134,1.4141666666666666,15.0,2.0,39.48529411764706,0
38.02020931901643,175295.103131537,1135,1.4087337239583333,11.0,2.0,39.48529411764706,0
38.05219625000609,175295.135118468,1136,1.4088346354166668,17.0,2.0,39.48529411764706,0
38.08819017501082,175295.171112393,1137,1.4105143229166666,10.0,2.0,39.48529411764706,0
38.12019933402189,175295.203121552,1138,1.40443359375,14.0,2.0,39.48529411764706,0
38.15233155799797,175295.235253776,1139,1.4054231770833334,8.0,2.0,39.48529411764706,0
38.18834454700118,175295.271266765,1140,1.4068196614583333,11.0,2.0,39.48529411764706,0
38.22035292800865,175295.303275146,1141,1.418125,8.0,2.0,39.48529411764706,0
38.25217672099825,175295.335098939,1142,1.4095638020833334,7.0,2.0,39.48529411764706,0
38.2881888920092,175295.37111111,1143,1.4053841145833332,8.0,2.0,39.48529411764706,0
38.32017355700373,175295.403095775,1144,1.4122265625,7.0,2.0,39.48529411764706,0
38.35216350402334,175295.435085722,1145,1.414765625,10.0,2.0,39.48529411764706,0
38.38823417402455,175295.471156392,1146,1.5944401041666667,33.0,6.0,39.48529411764706,0
38.420239171013236,175295.503161389,1147,2.42591796875,254.0,16.0,39.48529411764706,1
38.456209569005296,175295.539131787,1148,1.4427473958333332,10.0,2.0,39.48529411764706,0
38.48820049801725,175295.571122716,1149,1.4097786458333332,8.0,2.0,39.48529411764706,0
38.52040485502221,175295.603327073,1150,1.414462890625,10.0,2.0,39.48529411764706,0
38.55633359402418,175295.639255812,1151,1.4160579427083333,15.0,2.0,39.48529411764706,0
38.58836889101076,175295.671291109,1152,1.4149544270833334,8.0,2.0,39.48529411764706,0
38.62024420200032,175295.70316642,1153,1.41373046875,10.0,2.0,39.48529411764706,0
38.65619659802178,175295.739118816,1154,1.4139811197916667,6.0,2.0,39.48529411764706,0
38.68822730402462,175295.771149522,1155,1.4259147135416668,8.0,2.0,39.48529411764706,0
38.72426601999905,175295.807188238,1156,1.41234375,13.0,2.0,39.48529411764706,0
38.75622908701189,175295.839151305,1157,1.4133333333333333,11.0,2.0,39.48529411764706,0
38.7882240920153,175295.87114631,1158,1.4094986979166666,8.0,2.0,39.48529411764706,0
38.824360840022564,175295.907283058,1159,1.416689453125,6.0,2.0,39.48529411764706,0
38.8562241900072,175295.939146408,1160,1.4162369791666667,7.0,2.0,39.48529411764706,0
38.888223849004135,175295.971146067,1161,1.4145865885416666,11.0,2.0,39.48529411764706,0
38.92432986301719,175296.007252081,1162,1.4035319010416667,10.0,2.0,39.48529411764706,0
38.95626432300196,175296.039186541,1163,1.418125,7.0,2.0,39.48529411764706,0
38.98828276799759,175296.071204986,1164,1.4106184895833334,9.0,2.0,39.48529411764706,0
39.02427519200137,175296.10719741,1165,1.4127799479166667,8.0,2.0,39.48529411764706,0
39.05620451600407,175296.139126734,1166,1.4076399739583334,8.0,2.0,39.48529411764706,0
39.09233057399979,175296.175252792,1167,1.4052473958333334,5.0,2.0,39.48529411764706,0
39.1242851470015,175296.207207365,1168,1.4185091145833333,10.0,2.0,39.48529411764706,0
39.15624205302447,175296.239164271,1169,1.402294921875,12.0,2.0,39.48529411764706,0
39.192414190009,175296.275336408,1170,1.4069108072916667,7.0,2.0,39.48529411764706,0
39.22425567000755,175296.307177888,1171,1.4134635416666668,8.0,2.0,39.48529411764706,0
39.25619729101891,175296.339119509,1172,1.409130859375,12.0,2.0,39.48529411764706,0
39.29234459402505,175296.375266812,1173,1.4046028645833333,10.0,2.0,39.48529411764706,0
39.324301715998445,175296.407223934,1174,1.41396484375,6.0,2.0,39.48529411764706,0
39.360404144012136,175296.443326362,1175,1.40650390625,10.0,2.0,39.48529411764706,0
39.39236217702273,175296.475284395,1176,1.4076790364583334,13.0,2.0,39.48529411764706,0
39.42431547099841,175296.507237689,1177,1.4059212239583334,13.0,2.0,39.48529411764706,0
39.46036157401977,175296.543283792,1178,1.4122428385416668,9.0,2.0,39.48529411764706,0
39.492338709998876,175296.575260928,1179,1.4185091145833333,14.0,2.0,39.48529411764706,0
39.52429347700672,175296.607215695,1180,1.4107454427083332,8.0,2.0,39.48529411764706,0
39.56032804900315,175296.643250267,1181,1.4110188802083334,8.0,2.0,39.48529411764706,0
39.59232701300061,175296.675249231,1182,1.4104427083333333,12.0,2.0,39.48529411764706,0
39.62421874201391,175296.70714096,1183,1.40673828125,6.0,2.0,39.48529411764706,0
39.66038802600815,175296.743310244,1184,1.4197298177083333,10.0,2.0,39.48529411764706,0
39.69378445102484,175296.776706669,1185,1.4066276041666668,9.0,2.0,39.48529411764706,0
39.72888001400861,175296.811802232,1186,1.4097233072916666,8.0,2.0,39.48529411764706,0
39.76035503001185,175296.843277248,1187,1.41443359375,8.0,2.0,39.48529411764706,0
39.79230717199971,175296.87522939,1188,1.4052897135416667,8.0,2.0,39.48529411764706,0
39.828425476007396,175296.911347694,1189,1.414697265625,12.0,2.0,39.48529411764706,0
39.86042693501804,175296.943349153,1190,1.41162109375,9.0,2.0,39.48529411764706,0
39.89240621600766,175296.975328434,1191,1.409931640625,15.0,2.0,39.48529411764706,0
39.9283926350181,175297.011314853,1192,1.4160188802083333,8.0,2.0,39.48529411764706,0
39.960454754007515,175297.043376972,1193,1.409716796875,10.0,2.0,39.48529411764706,0
39.996370722015854,175297.07929294,1194,1.4140657552083333,7.0,2.0,39.48529411764706,0
40.02841114002513,175297.111333358,1195,1.4167805989583333,8.0,2.0,39.48529411764706,0
40.06032597401645,175297.143248192,1196,1.4141764322916666,8.0,2.0,39.48529411764706,0
40.096342747012386,175297.179264965,1197,1.411630859375,9.0,2.0,39.48529411764706,0
40.12829173100181,175297.211213949,1198,1.4180208333333333,10.0,2.0,39.48529411764706,0
40.16032533699763,175297.243247555,1199,1.4018684895833333,10.0,2.0,39.48529411764706,0
40.19639073201688,175297.27931295,1200,1.41578125,13.0,2.0,39.48529411764706,0
40.22831278500962,175297.311235003,1201,1.4081705729166667,10.0,2.0,39.48529411764706,0
40.26037234600517,175297.343294564,1202,1.4089485677083333,12.0,2.0,39.48529411764706,0
40.29640200501308,175297.379324223,1203,1.4155078125,8.0,2.0,39.48529411764706,0
40.32828483200865,175297.41120705,1204,1.4183854166666667,8.0,2.0,39.48529411764706,0
40.36427314102184,175297.447195359,1205,1.405810546875,10.0,2.0,39.48529411764706,0
40.396318184997654,175297.479240403,1206,2.4726236979166667,254.0,17.0,39.48529411764706,1
40.428293568023946,175297.511215786,1207,1.4933658854166667,8.0,2.0,39.48529411764706,0
40.464274167024996,175297.547196385,1208,1.416494140625,14.0,2.0,39.48529411764706,0
40.49628557602409,175297.579207794,1209,1.4143326822916666,11.0,2.0,39.48529411764706,0
40.52827726199757,175297.61119948,1210,1.4097233072916666,11.0,2.0,39.48529411764706,0
40.564379832008854,175297.64730205,1211,1.4162467447916667,8.0,2.0,39.48529411764706,0
40.596341830008896,175297.679264048,1212,1.406171875,13.0,2.0,39.48529411764706,0
40.63235244501266,175297.715274663,1213,1.4206119791666667,12.0,2.0,39.48529411764706,0
40.66428046301007,175297.747202681,1214,1.4115266927083334,8.0,2.0,39.48529411764706,0
40.696331528015435,175297.779253746,1215,1.4116731770833333,9.0,2.0,39.48529411764706,0
40.732314805005444,175297.815237023,1216,1.4110188802083334,14.0,2.0,39.48529411764706,0
40.76426616800018,175297.847188386,1217,1.3997591145833332,10.0,2.0,39.48529411764706,0
40.79626732302131,175297.879189541,1218,1.4146647135416666,10.0,2.0,39.48529411764706,0
40.83223970502149,175297.915161923,1219,1.4120345052083334,10.0,2.0,39.48529411764706,0
40.86434265100979,175297.947264869,1220,1.4063509114583332,9.0,2.0,39.48529411764706,0
40.89629258602508,175297.979214804,1221,1.4042057291666667,10.0,2.0,39.48529411764706,0
40.93236382101895,175298.015286039,1222,1.4120963541666667,7.0,2.0,39.48529411764706,0
40.96425543600344,175298.047177654,1223,1.4176985677083334,7.0,2.0,39.48529411764706,0
41.00039845702122,175298.083320675,1224,1.41337890625,8.0,2.0,39.48529411764706,0
41.03230013200664,175298.11522235,1225,1.410908203125,6.0,2.0,39.48529411764706,0
41.06423839202034,175298.14716061,1226,1.4054622395833334,8.0,2.0,39.48529411764706,0
41.10033232602291,175298.183254544,1227,1.4166178385416666,9.0,2.0,39.48529411764706,0
41.1324283349968,175298.215350553,1228,1.4058951822916668,13.0,2.0,39.48529411764706,0
41.16434828401543,175298.247270502,1229,1.4040364583333333,8.0,2.0,39.48529411764706,0
41.20028258202365,175298.2832048,1230,1.4190852864583334,7.0,2.0,39.48529411764706,0
41.232270765001886,175298.315192983,1231,1.4073990885416667,17.0,2.0,39.48529411764706,0
41.26826000100118,175298.351182219,1232,1.4069563802083334,8.0,2.0,39.48529411764706,0
41.300360971014015,175298.383283189,1233,1.4102669270833332,14.0,2.0,39.48529411764706,0
41.33246349199908,175298.41538571,1234,1.4086555989583334,6.0,2.0,39.48529411764706,0
41.36824417600292,175298.451166394,1235,1.41673828125,8.0,2.0,39.48529411764706,0
41.40026385401143,175298.483186072,1236,1.4123893229166666,9.0,2.0,39.48529411764706,0
41.43473751001875,175298.517659728,1237,1.4124186197916666,10.0,2.0,39.48529411764706,0
41.46843519801041,175298.551357416,1238,1.4120377604166667,7.0,2.0,39.48529411764706,0
41.500644401006866,175298.583566619,1239,1.4165104166666667,10.0,2.0,39.48529411764706,0
41.532481722009834,175298.61540394,1240,1.4090625,9.0,2.0,39.48529411764706,0
41.56833777402062,175298.651259992,1241,1.411923828125,8.0,2.0,39.48529411764706,0
41.60020550500485,175298.683127723,1242,1.407333984375,8.0,2.0,39.48529411764706,0
41.63620876701316,175298.719130985,1243,1.4080338541666666,8.0,2.0,39.48529411764706,0
41.66827449502307,175298.751196713,1244,1.4119401041666666,6.0,2.0,39.48529411764706,0
41.70023161001154,175298.783153828,1245,1.4163020833333333,8.0,2.0,39.48529411764706,0
41.73636714799795,175298.819289366,1246,1.4068033854166666,9.0,2.0,39.48529411764706,0
41.76831071599736,175298.851232934,1247,1.4152018229166667,10.0,2.0,39.48529411764706,0
41.800183276005555,175298.883105494,1248,1.4040364583333333,15.0,2.0,39.48529411764706,0
41.836234583024634,175298.919156801,1249,1.4068977864583334,10.0,2.0,39.48529411764706,0
41.868212335015414,175298.951134553,1250,1.4038151041666667,7.0,2.0,39.48529411764706,0
41.90426575901802,175298.987187977,1251,1.4082259114583333,8.0,2.0,39.48529411764706,0
41.93637218500953,175299.019294403,1252,1.4091373697916667,6.0,2.0,39.48529411764706,0
41.96834580501309,175299.051268023,1253,1.4156087239583333,9.0,2.0,39.48529411764706,0
42.004305900016334,175299.087228118,1254,1.4113411458333334,13.0,2.0,39.48529411764706,0
42.03628195700003,175299.119204175,1255,1.411162109375,8.0,2.0,39.48529411764706,0
42.068256432015914,175299.15117865,1256,1.4094954427083333,7.0,2.0,39.48529411764706,0
42.10424844000954,175299.187170658,1257,1.416962890625,10.0,2.0,39.48529411764706,0
42.13625774299726,175299.219179961,1258,1.411953125,8.0,2.0,39.48529411764706,0
42.1683141310059,175299.251236349,1259,1.4055794270833333,10.0,2.0,39.48529411764706,0
42.2042541350238,175299.287176353,1260,1.4133170572916667,10.0,2.0,39.48529411764706,0
42.236262251011794,175299.319184469,1261,1.4106673177083333,10.0,2.0,39.48529411764706,0
42.27228284301236,175299.355205061,1262,1.412939453125,9.0,2.0,39.48529411764706,0
42.304462550004246,175299.387384768,1263,1.4130013020833334,10.0,2.0,39.48529411764706,0
42.33633507901686,175299.419257297,1264,1.4144661458333334,8.0,2.0,39.48529411764706,0
42.372670153010404,175299.455592371,1265,1.4123046875,13.0,2.0,39.48529411764706,0
42.404353023011936,175299.487275241,1266,2.4674055989583334,254.0,16.0,39.48529411764706,1
42.43627177900635,175299.519193997,1267,1.47859375,11.0,2.0,39.48529411764706,0
42.47232537600212,175299.555247594,1268,1.4140364583333334,9.0,2.0,39.48529411764706,0
42.50438949200907,175299.58731171,1269,1.4118717447916667,6.0,2.0,39.48529411764706,0
42.5402260190167,175299.623148237,1270,1.4057877604166666,8.0,2.0,39.48529411764706,0
42.572198339999886,175299.655120558,1271,1.4156998697916667,6.0,2.0,39.48529411764706,0
42.60416261001956,175299.687084828,1272,1.4063671875,9.0,2.0,39.48529411764706,0
42.6402005450218,175299.723122763,1273,1.4127604166666667,11.0,2.0,39.48529411764706,0
42.67217103301664,175299.755093251,1274,1.4199153645833333,10.0,2.0,39.48529411764706,0
42.70418580400292,175299.787108022,1275,1.4142252604166667,10.0,2.0,39.48529411764706,0
42.74026418701396,175299.823186405,1276,1.4061328125,8.0,2.0,39.48529411764706,0
42.77227682000375,175299.855199038,1277,1.4061783854166667,9.0,2.0,39.48529411764706,0
42.80427666302421,175299.887198881,1278,1.4076529947916667,10.0,2.0,39.48529411764706,0
42.84019954199903,175299.92312176,1279,1.4180110677083333,9.0,2.0,39.48529411764706,0
42.872185843996704,175299.955108062,1280,1.4095833333333334,8.0,2.0,39.48529411764706,0
42.90824707702268,175299.991169295,1281,1.4147298177083334,12.0,2.0,39.48529411764706,0
42.9402485449973,175300.023170763,1282,1.411279296875,9.0,2.0,39.48529411764706,0
42.97227991800173,175300.055202136,1283,1.4123209635416667,8.0,2.0,39.48529411764706,0
43.00823880700045,175300.091161025,1284,1.414541015625,6.0,2.0,39.48529411764706,0
43.04026661501848,175300.123188833,1285,1.4108951822916667,9.0,2.0,39.48529411764706,0
43.072242224996444,175300.155164443,1286,1.4180338541666666,8.0,2.0,39.48529411764706,0
43.10976477499935,175300.192686993,1287,1.4091438802083334,9.0,2.0,39.48529411764706,0
43.14168467701529,175300.224606895,1288,1.4106380208333333,10.0,2.0,39.48529411764706,0
43.17622790901805,175300.259150127,1289,1.4126790364583333,5.0,2.0,39.48529411764706,0
43.208200332999695,175300.291122551,1290,1.4157584635416667,6.0,2.0,39.48529411764706,0
43.240195387013955,175300.323117605,1291,1.4110807291666667,8.0,2.0,39.48529411764706,0
43.27621366002131,175300.359135878,1292,1.41365234375,8.0,2.0,39.48529411764706,0
43.308200928004226,175300.391123146,1293,1.4151497395833332,8.0,2.0,39.48529411764706,0
43.34016403800342,175300.423086256,1294,1.4072330729166667,10.0,2.0,39.48529411764706,0
43.37629429801018,175300.459216516,1295,1.4086881510416667,9.0,2.0,39.48529411764706,0
43.40823178400751,175300.491154002,1296,1.4140983072916666,16.0,2.0,39.48529411764706,0
43.44428225202137,175300.52720447,1297,1.4052018229166667,6.0,2.0,39.48529411764706,0
43.47622025600867,175300.559142474,1298,1.4202213541666666,6.0,2.0,39.48529411764706,0
43.50829088900355,175300.591213107,1299,1.4154134114583334,14.0,2.0,39.48529411764706,0
43.54423090300406,175300.627153121,1300,1.4130078125,11.0,2.0,39.48529411764706,0
43.57628795100027,175300.659210169,1301,1.4096744791666667,7.0,2.0,39.48529411764706,0
43.608187937003095,175300.691110155,1302,1.4098209635416667,11.0,2.0,39.48529411764706,0
43.64423221402103,175300.727154432,1303,1.4137369791666667,9.0,2.0,39.48529411764706,0
43.67623346002074,175300.759155678,1304,1.41353515625,8.0,2.0,39.48529411764706,0
43.70816710701911,175300.791089325,1305,1.4098079427083334,7.0,2.0,39.48529411764706,0
43.744245673005935,175300.827167891,1306,1.4051432291666666,8.0,2.0,39.48529411764706,0
43.77612870800658,175300.859050926,1307,1.4112272135416666,7.0,2.0,39.48529411764706,0
43.81217561502126,175300.895097833,1308,1.411923828125,8.0,2.0,39.48529411764706,0
43.84431488401606,175300.927237102,1309,1.4132552083333334,10.0,2.0,39.48529411764706,0
43.876138309016824,175300.959060527,1310,1.4163639322916666,9.0,2.0,39.48529411764706,0
43.912252470996464,175300.995174689,1311,1.412998046875,9.0,2.0,39.48529411764706,0
43.9442823069985,175301.027204525,1312,1.410810546875,7.0,2.0,39.48529411764706,0
43.97629110299749,175301.059213321,1313,1.419404296875,8.0,2.0,39.48529411764706,0
44.012212836998515,175301.095135055,1314,1.4066731770833334,11.0,2.0,39.48529411764706,0
44.04423571101506,175301.127157929,1315,1.4087532552083333,9.0,2.0,39.48529411764706,0
44.08017335602199,175301.163095574,1316,1.4117578125,10.0,2.0,39.48529411764706,0
44.11221841300721,175301.195140631,1317,1.4080305989583333,9.0,2.0,39.48529411764706,0
44.14423004401033,175301.227152262,1318,1.4155826822916666,13.0,2.0,39.48529411764706,0
44.1802752110234,175301.263197429,1319,1.4084244791666667,8.0,2.0,39.48529411764706,0
44.21226021600887,175301.295182434,1320,1.4089388020833333,9.0,2.0,39.48529411764706,0
44.244233785022516,175301.327156003,1321,1.4093033854166668,8.0,2.0,39.48529411764706,0
44.28024849999929,175301.363170718,1322,1.4147916666666667,9.0,2.0,39.48529411764706,0
44.31222842002171,175301.395150638,1323,1.4114518229166666,8.0,2.0,39.48529411764706,0
44.344158873020206,175301.427081091,1324,1.418603515625,7.0,2.0,39.48529411764706,0
44.38027464400511,175301.463196862,1325,1.4076497395833334,8.0,2.0,39.48529411764706,0
44.412154293997446,175301.495076512,1326,1.413564453125,8.0,2.0,39.48529411764706,0
44.44821932900231,175301.531141547,1327,1.4119401041666666,10.0,2.0,39.48529411764706,0
44.48024386700126,175301.563166085,1328,1.4092057291666666,10.0,2.0,39.48529411764706,0
44.5122395180224,175301.595161736,1329,1.5000358072916666,15.0,3.0,39.48529411764706,0
44.54830620501889,175301.631228423,1330,2.4396354166666665,254.0,16.0,39.48529411764706,1
44.58025171002373,175301.663173928,1331,1.4408821614583334,11.0,2.0,39.48529411764706,0
44.61224586502067,175301.695168083,1332,1.413271484375,7.0,2.0,39.48529411764706,0
44.64829475802253,175301.731216976,1333,1.4145475260416667,10.0,2.0,39.48529411764706,0
44.68024347600294,175301.763165694,1334,1.4056087239583333,12.0,2.0,39.48529411764706,0
44.71623938099947,175301.799161599,1335,1.4114290364583333,8.0,2.0,39.48529411764706,0
44.7482038300077,175301.831126048,1336,1.418330078125,9.0,2.0,39.48529411764706,0
44.78020465999725,175301.863126878,1337,1.4201920572916666,7.0,2.0,39.48529411764706,0
44.81621753901709,175301.899139757,1338,1.4106022135416667,10.0,2.0,39.48529411764706,0
44.84831360800308,175301.931235826,1339,1.4059244791666667,7.0,2.0,39.48529411764706,0
44.88022013800219,175301.963142356,1340,1.412373046875,16.0,2.0,39.48529411764706,0
44.91625753301196,175301.999179751,1341,1.4121321614583333,8.0,2.0,39.48529411764706,0
44.948320322000654,175302.03124254,1342,1.4158203125,8.0,2.0,39.48529411764706,0
44.980313213018235,175302.063235431,1343,1.4110026041666666,9.0,2.0,39.48529411764706,0
45.01624893699773,175302.099171155,1344,1.4120963541666667,14.0,2.0,39.48529411764706,0
45.04832890702528,175302.131251125,1345,1.4094661458333333,10.0,2.0,39.48529411764706,0
45.08418148601777,175302.167103704,1346,1.4133919270833333,8.0,2.0,39.48529411764706,0
45.11630818800768,175302.199230406,1347,1.4172786458333333,8.0,2.0,39.48529411764706,0
45.14823549101129,175302.231157709,1348,1.410458984375,10.0,2.0,39.48529411764706,0
45.18421859902446,175302.267140817,1349,1.4148014322916667,10.0,2.0,39.48529411764706,0
45.21622421700158,175302.299146435,1350,1.41130859375,12.0,2.0,39.48529411764706,0
45.248264727997594,175302.331186946,1351,1.4136751302083332,8.0,2.0,39.48529411764706,0
45.2841857180174,175302.367107936,1352,1.4098665364583334,6.0,2.0,39.48529411764706,0
45.316276688012294,175302.399198906,1353,1.416171875,8.0,2.0,39.48529411764706,0
45.352181563997874,175302.435103782,1354,1.4057877604166666,6.0,2.0,39.48529411764706,0
45.384210711024934,175302.467132929,1355,1.4203678385416667,8.0,2.0,39.48529411764706,0
45.41620063199662,175302.49912285,1356,1.4240787760416667,11.0,2.0,39.48529411764706,0
45.45222812000429,175302.535150338,1357,1.420908203125,7.0,2.0,39.48529411764706,0
45.48418969500926,175302.567111913,1358,1.4065592447916666,8.0,2.0,39.48529411764706,0
45.51614742100355,175302.599069639,1359,1.419501953125,7.0,2.0,39.48529411764706,0
45.55221139101195,175302.635133609,1360,1.4079557291666667,12.0,2.0,39.48529411764706,0
45.58422952902038,175302.667151747,1361,1.4069889322916667,8.0,2.0,39.48529411764706,0
45.616208364022896,175302.699130582,1362,1.4109407552083333,7.0,2.0,39.48529411764706,0
45.65224961101194,175302.735171829,1363,1.4133951822916666,8.0,2.0,39.48529411764706,0
45.6842367350182,175302.767158953,1364,1.4103483072916667,11.0,2.0,39.48529411764706,0
45.72020832201815,175302.80313054,1365,1.4074576822916667,7.0,2.0,39.48529411764706,0
45.752222455019364,175302.835144673,1366,1.4104720052083333,8.0,2.0,39.48529411764706,0
45.784204303025035,175302.867126521,1367,1.407666015625,10.0,2.0,39.48529411764706,0
45.82024596800329,175302.903168186,1368,1.414697265625,9.0,2.0,39.48529411764706,0
45.85226028400939,175302.935182502,1369,1.4034244791666666,10.0,2.0,39.48529411764706,0
45.8841905730078,175302.967112791,1370,1.4100813802083334,12.0,2.0,39.48529411764706,0
45.92022078001173,175303.003142998,1371,1.4048209635416666,12.0,2.0,39.48529411764706,0
45.952255080017494,175303.035177298,1372,1.4133919270833333,8.0,2.0,39.48529411764706,0
45.988234354008455,175303.071156572,1373,1.405888671875,8.0,2.0,39.48529411764706,0
46.02023756701965,175303.103159785,1374,1.4099772135416666,8.0,2.0,39.48529411764706,0
46.052344689000165,175303.135266907,1375,1.4094303385416667,10.0,2.0,39.48529411764706,0
46.08825171602075,175303.171173934,1376,1.4107291666666666,8.0,2.0,39.48529411764706,0
46.12022951702238,175303.203151735,1377,1.4093977864583334,10.0,2.0,39.48529411764706,0
46.15222286901553,175303.235145087,1378,1.4036360677083333,12.0,2.0,39.48529411764706,0
46.18823360800161,175303.271155826,1379,1.40841796875,8.0,2.0,39.48529411764706,0
46.220234951004386,175303.303157169,1380,1.4122591145833334,6.0,2.0,39.48529411764706,0
46.252192106010625,175303.335114324,1381,1.4144856770833334,7.0,2.0,39.48529411764706,0
46.288216839020606,175303.371139057,1382,1.4109244791666666,10.0,2.0,39.48529411764706,0
46.320193730003666,175303.403115948,1383,1.3971028645833334,12.0,2.0,39.48529411764706,0
46.35628293000627,175303.439205148,1384,1.4087434895833333,9.0,2.0,39.48529411764706,0
46.38827816900448,175303.471200387,1385,1.4160188802083333,11.0,2.0,39.48529411764706,0
46.420401235023746,175303.503323453,1386,2.454150390625,254.0,16.0,39.48529411764706,1
46.45759313501185,175303.540515353,1387,1.5199576822916667,12.0,2.0,39.48529411764706,0
46.492341542005306,175303.57526376,1388,1.424736328125,9.0,2.0,39.48529411764706,0
46.52033921601833,175303.603261434,1389,1.414287109375,7.0,2.0,39.48529411764706,0
46.556140029017115,175303.639062247,1390,1.4116796875,9.0,2.0,39.48529411764706,0
46.5882185450173,175303.671140763,1391,1.4124348958333333,9.0,2.0,39.48529411764706,0
46.62465033802437,175303.707572556,1392,1.411240234375,13.0,2.0,39.48529411764706,0
46.656189797009574,175303.739112015,1393,1.4059733072916667,10.0,2.0,39.48529411764706,0
46.688199566007825,175303.771121784,1394,1.4189518229166667,11.0,2.0,39.48529411764706,0
46.72458279901184,175303.807505017,1395,1.4212727864583334,8.0,2.0,39.48529411764706,0
46.75617693300592,175303.839099151,1396,1.4194270833333333,10.0,2.0,39.48529411764706,0
46.78817525500199,175303.871097473,1397,1.4107063802083333,8.0,2.0,39.48529411764706,0
46.824537625012454,175303.907459843,1398,1.4192838541666666,8.0,2.0,39.48529411764706,0
46.85623840900371,175303.939160627,1399,1.4100162760416666,13.0,2.0,39.48529411764706,0
46.88820266301627,175303.971124881,1400,1.408388671875,7.0,2.0,39.48529411764706,0
46.924237462022575,175304.00715968,1401,1.4158723958333332,7.0,2.0,39.48529411764706,0
46.95615824201377,175304.03908046,1402,1.4098014322916668,12.0,2.0,39.48529411764706,0
46.99221776399645,175304.075139982,1403,1.4108561197916667,12.0,2.0,39.48529411764706,0
47.02424855600111,175304.107170774,1404,1.4022395833333334,9.0,2.0,39.48529411764706,0
47.05621009299648,175304.139132311,1405,1.4073470052083332,8.0,2.0,39.48529411764706,0
47.092249957000604,175304.175172175,1406,1.4118131510416667,9.0,2.0,39.48529411764706,0
47.12460362102138,175304.207525839,1407,1.4117740885416667,9.0,2.0,39.48529411764706,0
47.156236398004694,175304.239158616,1408,1.4098600260416667,8.0,2.0,39.48529411764706,0
47.19221408301382,175304.275136301,1409,1.4173111979166666,8.0,2.0,39.48529411764706,0
47.225054430018645,175304.307976648,1410,1.40927734375,10.0,2.0,39.48529411764706,0
47.26023542700568,175304.343157645,1411,1.41623046875,14.0,2.0,39.48529411764706,0
47.29223844001535,175304.375160658,1412,1.403095703125,10.0,2.0,39.48529411764706,0
47.32423253799789,175304.407154756,1413,1.414521484375,8.0,2.0,39.48529411764706,0
47.36029921701993,175304.443221435,1414,1.415888671875,12.0,2.0,39.48529411764706,0
47.39222977802274,175304.475151996,1415,1.4095442708333332,7.0,2.0,39.48529411764706,0
47.42421588100842,175304.507138099,1416,1.4098567708333334,8.0,2.0,39.48529411764706,0
47.460245443013264,175304.543167661,1417,1.407939453125,6.0,2.0,39.48529411764706,0
47.49224914101069,175304.575171359,1418,1.405458984375,12.0,2.0,39.48529411764706,0
47.52419408102287,175304.607116299,1419,1.422177734375,8.0,2.0,39.48529411764706,0
47.56033238300006,175304.643254601,1420,1.4112272135416666,9.0,2.0,39.48529411764706,0
47.592210175003856,175304.675132393,1421,1.4138020833333333,10.0,2.0,39.48529411764706,0
47.62830628702068,175304.711228505,1422,1.4099772135416666,8.0,2.0,39.48529411764706,0
47.66028837201884,175304.74321059,1423,1.4263932291666668,10.0,2.0,39.48529411764706,0
47.692204274004325,175304.775126492,1424,1.4067708333333333,8.0,2.0,39.48529411764706,0
47.72826515501947,175304.811187373,1425,1.4189485677083333,8.0,2.0,39.48529411764706,0
47.76033082802314,175304.843253046,1426,1.4120930989583333,8.0,2.0,39.48529411764706,0
47.7922444200085,175304.875166638,1427,1.4150911458333333,10.0,2.0,39.48529411764706,0
47.82827609500964,175304.911198313,1428,1.4092903645833332,8.0,2.0,39.48529411764706,0
47.860484634002205,175304.943406852,1429,1.4037630208333334,10.0,2.0,39.48529411764706,0
47.896250814024825,175304.979173032,1430,1.4114127604166666,9.0,2.0,39.48529411764706,0
47.92826496702037,175305.011187185,1431,1.41140625,8.0,2.0,39.48529411764706,0
47.96023307502037,175305.043155293,1432,1.40701171875,10.0,2.0,39.48529411764706,0
47.99626471000374,175305.079186928,1433,1.4142643229166667,14.0,2.0,39.48529411764706,0
48.02832607901655,175305.111248297,1434,1.4089095052083334,12.0,2.0,39.48529411764706,0
48.060385128017515,175305.143307346,1435,1.410634765625,12.0,2.0,39.48529411764706,0
48.09626232701703,175305.179184545,1436,1.4110319010416668,8.0,2.0,39.48529411764706,0
48.128265046019806,175305.211187264,1437,1.4152604166666667,15.0,2.0,39.48529411764706,0
48.16034020599909,175305.243262424,1438,1.4037727864583334,7.0,2.0,39.48529411764706,0
48.19627580602537,175305.279198024,1439,1.417353515625,9.0,2.0,39.48529411764706,0
48.22822308502509,175305.311145303,1440,1.4152701822916667,7.0,2.0,39.48529411764706,0
48.26425038900925,175305.347172607,1441,1.4188313802083334,8.0,2.0,39.48529411764706,0
48.29624166400754,175305.379163882,1442,1.4112890625,15.0,2.0,39.48529411764706,0
48.328222344018286,175305.411144562,1443,1.4076920572916667,10.0,2.0,39.48529411764706,0
48.364270451013,175305.447192669,1444,1.4086002604166667,7.0,2.0,39.48529411764706,0
48.396271955018165,175305.479194173,1445,2.36572265625,254.0,16.0,39.48529411764706,1
48.42826661502477,175305.511188833,1446,2.404990234375,254.0,16.0,39.48529411764706,1
48.46428364500753,175305.547205863,1447,1.4337337239583334,8.0,2.0,39.48529411764706,0
48.49630875402363,175305.579230972,1448,1.41193359375,10.0,2.0,39.48529411764706,0
48.5322772860236,175305.615199504,1449,1.4105533854166667,8.0,2.0,39.48529411764706,0
48.56428959799814,175305.647211816,1450,1.4057161458333334,8.0,2.0,39.48529411764706,0
48.59624650600017,175305.679168724,1451,1.412626953125,6.0,2.0,39.48529411764706,0
48.632249128015246,175305.715171346,1452,1.4059440104166667,7.0,2.0,39.48529411764706,0
48.664199052000185,175305.74712127,1453,1.4059309895833334,10.0,2.0,39.48529411764706,0
48.69622045001597,175305.779142668,1454,1.4101725260416667,12.0,2.0,39.48529411764706,0
48.73223551700357,175305.815157735,1455,1.41017578125,8.0,2.0,39.48529411764706,0
48.764249644009396,175305.847171862,1456,1.4064420572916667,15.0,2.0,39.48529411764706,0
48.79622895500506,175305.879151173,1457,1.40998046875,13.0,2.0,39.48529411764706,0
48.832238723000046,175305.915160941,1458,1.4136490885416666,8.0,2.0,39.48529411764706,0
48.864222607022384,175305.947144825,1459,1.4187630208333333,8.0,2.0,39.48529411764706,0
48.900216730020475,175305.983138948,1460,1.41900390625,12.0,2.0,39.48529411764706,0
48.9322435890208,175306.015165807,1461,1.4215462239583334,10.0,2.0,39.48529411764706,0
48.96434130900889,175306.047263527,1462,1.4095084635416666,8.0,2.0,39.48529411764706,0
49.000198061025,175306.083120279,1463,1.410751953125,10.0,2.0,39.48529411764706,0
49.032238784013316,175306.115161002,1464,1.408427734375,10.0,2.0,39.48529411764706,0
49.06422508700052,175306.147147305,1465,1.4119596354166666,8.0,2.0,39.48529411764706,0
49.10024410299957,175306.183166321,1466,1.4205208333333332,8.0,2.0,39.48529411764706,0
49.1322405289975,175306.215162747,1467,1.4125325520833334,10.0,2.0,39.48529411764706,0
49.16824427200481,175306.25116649,1468,1.4029654947916668,11.0,2.0,39.48529411764706,0
49.20024360300158,175306.283165821,1469,1.4093196614583334,7.0,2.0,39.48529411764706,0
49.232195095013594,175306.315117313,1470,1.4113932291666667,10.0,2.0,39.48529411764706,0
49.26823740100372,175306.351159619,1471,1.41474609375,11.0,2.0,39.48529411764706,0
49.30040839102003,175306.383330609,1472,1.4127864583333334,9.0,2.0,39.48529411764706,0
49.332244393997826,175306.415166612,1473,1.4135709635416667,7.0,2.0,39.48529411764706,0
49.36822324802051,175306.451145466,1474,1.4097330729166666,8.0,2.0,39.48529411764706,0
49.40029048800352,175306.483212706,1475,1.411787109375,9.0,2.0,39.48529411764706,0
49.43218704700121,175306.515109265,1476,1.4097037760416666,7.0,2.0,39.48529411764706,0
49.46824694101815,175306.551169159,1477,1.4080013020833333,7.0,2.0,39.48529411764706,0
49.50020149201737,175306.58312371,1478,1.4098990885416667,12.0,2.0,39.48529411764706,0
49.5362653839984,175306.619187602,1479,1.4042805989583333,8.0,2.0,39.48529411764706,0
49.56829636800103,175306.651218586,1480,1.409384765625,8.0,2.0,39.48529411764706,0
49.60019771501538,175306.683119933,1481,1.410576171875,8.0,2.0,39.48529411764706,0
49.63626370602287,175306.719185924,1482,1.413818359375,9.0,2.0,39.48529411764706,0
49.668255769007374,175306.751177987,1483,1.4109765625,8.0,2.0,39.48529411764706,0
49.70021224100492,175306.783134459,1484,1.41283203125,10.0,2.0,39.48529411764706,0
49.73633885500021,175306.819261073,1485,1.4119498697916666,12.0,2.0,39.48529411764706,0
49.77002111001639,175306.852943328,1486,1.40978515625,6.0,2.0,39.48529411764706,0
49.804271497006994,175306.887193715,1487,1.4129264322916666,6.0,2.0,39.48529411764706,0
49.83628855200368,175306.91921077,1488,1.4117252604166666,10.0,2.0,39.48529411764706,0
49.86820940600592,175306.951131624,1489,1.4108756510416667,6.0,2.0,39.48529411764706,0
49.9042193100031,175306.987141528,1490,1.4065787760416666,11.0,2.0,39.48529411764706,0
49.93622446100926,175307.019146679,1491,1.41015625,10.0,2.0,39.48529411764706,0
49.9681828940229,175307.051105112,1492,1.4070572916666666,7.0,2.0,39.48529411764706,0
50.004245560005074,175307.087167778,1493,1.4181608072916667,8.0,2.0,39.48529411764706,0
50.03627609999967,175307.119198318,1494,1.42265625,9.0,2.0,39.48529411764706,0
50.068281734013,175307.151203952,1495,1.4025520833333334,13.0,2.0,39.48529411764706,0
50.10422588902293,175307.187148107,1496,1.408271484375,7.0,2.0,39.48529411764706,0
50.13619130299776,175307.219113521,1497,1.4173470052083332,9.0,2.0,39.48529411764706,0
50.17233061802108,175307.255252836,1498,1.4114680989583333,14.0,2.0,39.48529411764706,0
50.20425202001934,175307.287174238,1499,1.4106998697916666,8.0,2.0,39.48529411764706,0
50.23620343700168,175307.319125655,1500,1.4075618489583333,7.0,2.0,39.48529411764706,0
50.27222827001242,175307.355150488,1501,1.4114192708333333,10.0,2.0,39.48529411764706,0
50.30424768102239,175307.387169899,1502,1.3997688802083332,10.0,2.0,39.48529411764706,0
50.3362007230171,175307.419122941,1503,1.4184993489583333,9.0,2.0,39.48529411764706,0
50.372245310019935,175307.455167528,1504,1.4043977864583332,9.0,2.0,39.48529411764706,0
50.40425455200602,175307.48717677,1505,1.4206412760416667,8.0,2.0,39.48529411764706,0
50.44031423301203,175307.523236451,1506,1.4242350260416667,9.0,2.0,39.48529411764706,0
50.472225169010926,175307.555147387,1507,1.403408203125,8.0,2.0,39.48529411764706,0
50.50419773600879,175307.587119954,1508,1.411162109375,8.0,2.0,39.48529411764706,0
50.54021420099889,175307.623136419,1509,1.410185546875,6.0,2.0,39.48529411764706,0
50.572261140012415,175307.655183358,1510,2.3957421875,254.0,16.0,39.48529411764706,1
50.60425073801889,175307.687172956,1511,2.25658203125,254.0,13.0,39.48529411764706,1
50.64020860200981,175307.72313082,1512,1.4130110677083334,10.0,2.0,39.48529411764706,0
50.67226216499694,175307.755184383,1513,1.414345703125,8.0,2.0,39.48529411764706,0
50.70421704402543,175307.787139262,1514,1.4155338541666667,11.0,2.0,39.48529411764706,0
50.7402434280084,175307.823165646,1515,1.4151139322916666,6.0,2.0,39.48529411764706,0
50.772249710018514,175307.855171928,1516,1.414599609375,10.0,2.0,39.48529411764706,0
50.80826462802361,175307.891186846,1517,1.4163802083333332,9.0,2.0,39.48529411764706,0
50.840246667998144,175307.923168886,1518,1.40685546875,7.0,2.0,39.48529411764706,0
50.8722544379998,175307.955176656,1519,1.4220084635416668,10.0,2.0,39.48529411764706,0
50.908286375022726,175307.991208593,1520,1.4199641927083333,8.0,2.0,39.48529411764706,0
50.94025219001924,175308.023174408,1521,1.415322265625,6.0,2.0,39.48529411764706,0
50.972216938011115,175308.055139156,1522,1.4067350260416667,8.0,2.0,39.48529411764706,0
51.00826823699754,175308.091190455,1523,1.41548828125,15.0,2.0,39.48529411764706,0
51.0402565850236,175308.123178803,1524,1.4120638020833334,7.0,2.0,39.48529411764706,0
51.076359284023056,175308.159281502,1525,1.4152115885416667,10.0,2.0,39.48529411764706,0
51.10828335300903,175308.191205571,1526,1.4143424479166666,6.0,2.0,39.48529411764706,0
51.140202191018034,175308.223124409,1527,1.414560546875,8.0,2.0,39.48529411764706,0
51.17633442001534,175308.259256638,1528,1.4070247395833333,10.0,2.0,39.48529411764706,0
51.20826166399638,175308.291183882,1529,1.4117838541666667,10.0,2.0,39.48529411764706,0
51.240173404017696,175308.323095622,1530,1.41404296875,6.0,2.0,39.48529411764706,0
51.2763191970007,175308.359241415,1531,1.4119010416666666,8.0,2.0,39.48529411764706,0
51.308275094022974,175308.391197312,1532,1.4105826822916667,9.0,2.0,39.48529411764706,0
51.340260774013586,175308.423182992,1533,1.4158821614583332,12.0,2.0,39.48529411764706,0
51.37638756600791,175308.459309784,1534,1.4156803385416667,11.0,2.0,39.48529411764706,0
51.40823465201538,175308.49115687,1535,1.4165364583333333,8.0,2.0,39.48529411764706,0
51.444355000014184,175308.527277218,1536,1.4083528645833334,10.0,2.0,39.48529411764706,0
51.476320196001325,175308.559242414,1537,1.4137923177083334,11.0,2.0,39.48529411764706,0
51.50828313099919,175308.591205349,1538,1.41544921875,12.0,2.0,39.48529411764706,0
51.544357703009155,175308.627279921,1539,1.4111946614583333,12.0,2.0,39.48529411764706,0
51.57643311499851,175308.659355333,1540,1.4101497395833333,7.0,2.0,39.48529411764706,0
51.60825140500674,175308.691173623,1541,1.41189453125,7.0,2.0,39.48529411764706,0
51.64431090399739,175308.727233122,1542,1.40607421875,6.0,2.0,39.48529411764706,0
51.676323573017726,175308.759245791,1543,1.40978515625,8.0,2.0,39.48529411764706,0
51.712289390998194,175308.795211609,1544,1.405390625,8.0,2.0,39.48529411764706,0
51.74432970699854,175308.827251925,1545,1.4045442708333333,10.0,2.0,39.48529411764706,0
51.77628085602191,175308.859203074,1546,1.4187923177083333,8.0,2.0,39.48529411764706,0
51.812280039011966,175308.895202257,1547,1.414775390625,9.0,2.0,39.48529411764706,0
51.84434418100864,175308.927266399,1548,1.4210677083333334,7.0,2.0,39.48529411764706,0
51.87624506701832,175308.959167285,1549,1.4087337239583333,12.0,2.0,39.48529411764706,0
51.912339253001846,175308.995261471,1550,1.4143294270833333,10.0,2.0,39.48529411764706,0
51.94430729400483,175309.027229512,1551,1.4113248697916667,8.0,2.0,39.48529411764706,0
51.97625862201676,175309.05918084,1552,1.4133463541666667,7.0,2.0,39.48529411764706,0
52.01231071900111,175309.095232937,1553,1.4156087239583333,11.0,2.0,39.48529411764706,0
52.04435441401438,175309.127276632,1554,1.4179166666666667,9.0,2.0,39.48529411764706,0
52.08027643102105,175309.163198649,1555,1.4130208333333334,14.0,2.0,39.48529411764706,0
52.11241443300969,175309.195336651,1556,1.4193619791666667,12.0,2.0,39.48529411764706,0
52.144360027014045,175309.227282245,1557,1.4109993489583332,8.0,2.0,39.48529411764706,0
52.18037233900395,175309.263294557,1558,1.4135970052083333,11.0,2.0,39.48529411764706,0
52.21241628300049,175309.295338501,1559,1.4152376302083334,10.0,2.0,39.48529411764706,0
52.24445545001072,175309.327377668,1560,1.4138704427083333,10.0,2.0,39.48529411764706,0
52.28025171000627,175309.363173928,1561,1.418623046875,8.0,2.0,39.48529411764706,0
52.31236219400307,175309.395284412,1562,1.407822265625,14.0,2.0,39.48529411764706,0
52.348263880005106,175309.431186098,1563,1.41708984375,9.0,2.0,39.48529411764706,0
52.38028598102392,175309.463208199,1564,1.419677734375,8.0,2.0,39.48529411764706,0
52.412311399006285,175309.495233617,1565,1.4064192708333334,11.0,2.0,39.48529411764706,0
52.44829060899792,175309.531212827,1566,1.4047428385416667,8.0,2.0,39.48529411764706,0
52.48027646902483,175309.563198687,1567,2.3298307291666664,254.0,16.0,39.48529411764706,1
52.512223099998664,175309.595145318,1568,2.400559895833333,254.0,16.0,39.48529411764706,1
52.54827609201311,175309.63119831,1569,1.4373600260416666,12.0,2.0,39.48529411764706,0
52.580277886998374,175309.663200105,1570,1.4173990885416667,7.0,2.0,39.48529411764706,0
52.61227523800335,175309.695197456,1571,1.4090201822916666,8.0,2.0,39.48529411764706,0
52.64828130000387,175309.731203518,1572,1.4056901041666667,12.0,2.0,39.48529411764706,0
52.680245889001526,175309.763168107,1573,1.408486328125,9.0,2.0,39.48529411764706,0
52.7162655860011,175309.799187804,1574,1.409794921875,6.0,2.0,39.48529411764706,0
52.74827534801443,175309.831197566,1575,1.41033203125,8.0,2.0,39.48529411764706,0
52.78026443600538,175309.863186654,1576,1.4116959635416666,12.0,2.0,39.48529411764706,0
52.816308000998106,175309.899230219,1577,1.4096907552083333,8.0,2.0,39.48529411764706,0
52.84828178200405,175309.931204,1578,1.4190462239583332,10.0,2.0,39.48529411764706,0
52.88031228000182,175309.963234498,1579,1.41662109375,10.0,2.0,39.48529411764706,0
52.91628183200373,175309.99920405,1580,1.4173795572916668,10.0,2.0,39.48529411764706,0
52.94828279601643,175310.031205014,1581,1.4114290364583333,10.0,2.0,39.48529411764706,0
52.98423670700868,175310.067158925,1582,1.4133203125,8.0,2.0,39.48529411764706,0
53.01755375901121,175310.100475977,1583,1.4197298177083333,6.0,2.0,39.48529411764706,0
53.05056249300833,175310.133484711,1584,1.4168619791666666,12.0,2.0,39.48529411764706,0
53.08429813300609,175310.167220351,1585,1.4054622395833334,8.0,2.0,39.48529411764706,0
53.116340736014536,175310.199262954,1586,1.4127864583333334,9.0,2.0,39.48529411764706,0
53.14825797401136,175310.231180192,1587,1.41015625,6.0,2.0,39.48529411764706,0
53.18427077701199,175310.267192995,1588,1.4072721354166666,11.0,2.0,39.48529411764706,0
53.21625155801303,175310.299173776,1589,1.4093424479166667,7.0,2.0,39.48529411764706,0
53.24821927101584,175310.331141489,1590,1.41861328125,10.0,2.0,39.48529411764706,0
53.28431074001128,175310.367232958,1591,1.4198014322916668,10.0,2.0,39.48529411764706,0
53.31623260001652,175310.399154818,1592,1.4055045572916667,10.0,2.0,39.48529411764706,0
53.35225908801658,175310.435181306,1593,1.40681640625,10.0,2.0,39.48529411764706,0
53.384310111025115,175310.467232329,1594,1.4113053385416667,9.0,2.0,39.48529411764706,0
53.41626708701369,175310.499189305,1595,1.4110774739583334,8.0,2.0,39.48529411764706,0
53.45228162201238,175310.53520384,1596,1.40314453125,6.0,2.0,39.48529411764706,0
53.484265823004534,175310.567188041,1597,1.41400390625,8.0,2.0,39.48529411764706,0
53.516279093018966,175310.599201311,1598,1.4121744791666666,12.0,2.0,39.48529411764706,0
53.55229582102038,175310.635218039,1599,1.4120930989583333,7.0,2.0,39.48529411764706,0
53.58429228499881,175310.667214503,1600,1.413408203125,8.0,2.0,39.48529411764706,0
53.62028669202118,175310.70320891,1601,1.41552734375,8.0,2.0,39.48529411764706,0
53.652312217018334,175310.735234435,1602,1.4112662760416668,9.0,2.0,39.48529411764706,0
53.684304843016434,175310.767227061,1603,1.409482421875,8.0,2.0,39.48529411764706,0
53.72028059401782,175310.803202812,1604,1.4166471354166668,7.0,2.0,39.48529411764706,0
53.752256004023366,175310.835178222,1605,1.4089225260416667,8.0,2.0,39.48529411764706,0
53.784230626013596,175310.867152844,1606,1.4164420572916667,12.0,2.0,39.48529411764706,0
53.82024485099828,175310.903167069,1607,1.42041015625,7.0,2.0,39.48529411764706,0
53.852266435016645,175310.935188653,1608,1.4062044270833334,14.0,2.0,39.48529411764706,0
53.88430331001291,175310.967225528,1609,1.4124641927083332,8.0,2.0,39.48529411764706,0
53.92025247501442,175311.003174693,1610,1.4107584635416666,8.0,2.0,39.48529411764706,0
53.95222039302462,175311.035142611,1611,1.409794921875,8.0,2.0,39.48529411764706,0
53.98826675899909,175311.071188977,1612,1.419091796875,8.0,2.0,39.48529411764706,0
54.02031429001363,175311.103236508,1613,1.4135611979166667,11.0,2.0,39.48529411764706,0
54.052241694007535,175311.135163912,1614,1.4027701822916667,9.0,2.0,39.48529411764706,0
54.08827108301921,175311.171193301,1615,1.4132649739583334,8.0,2.0,39.48529411764706,0
54.1202458650223,175311.203168083,1616,1.4134733072916668,8.0,2.0,39.48529411764706,0
54.15223838001839,175311.235160598,1617,1.4195084635416666,15.0,2.0,39.48529411764706,0
54.18826407101005,175311.271186289,1618,1.40931640625,7.0,2.0,39.48529411764706,0
54.22026260802522,175311.303184826,1619,1.4095735677083334,13.0,2.0,39.48529411764706,0
54.25623727301718,175311.339159491,1620,1.4165625,9.0,2.0,39.48529411764706,0
54.28825730801327,175311.371179526,1621,1.4130045572916667,9.0,2.0,39.48529411764706,0
54.3202471260156,175311.403169344,1622,1.4076920572916667,7.0,2.0,39.48529411764706,0
54.35630421701353,175311.439226435,1623,1.4149088541666666,9.0,2.0,39.48529411764706,0
54.38835960402503,175311.471281822,1624,1.415107421875,10.0,2.0,39.48529411764706,0
54.42032975802431,175311.503251976,1625,1.413974609375,8.0,2.0,39.48529411764706,0
54.456320185010554,175311.539242403,1626,1.4196614583333333,6.0,2.0,39.48529411764706,0
54.488397448003525,175311.571319666,1627,2.434495442708333,254.0,16.0,39.48529411764706,1
54.52025186701212,175311.603174085,1628,1.5539095052083334,16.0,3.0,39.48529411764706,0
54.556255771021824,175311.639177989,1629,1.4186458333333334,11.0,2.0,39.48529411764706,0
54.5882512590033,175311.671173477,1630,1.416533203125,9.0,2.0,39.48529411764706,0
54.62431349902181,175311.707235717,1631,1.4072395833333333,6.0,2.0,39.48529411764706,0
54.65625803600415,175311.739180254,1632,1.4176432291666667,7.0,2.0,39.48529411764706,0
54.68822845100658,175311.771150669,1633,1.408486328125,13.0,2.0,39.48529411764706,0
54.724291414022446,175311.807213632,1634,1.4088899739583334,9.0,2.0,39.48529411764706,0
54.75630832402385,175311.839230542,1635,1.415380859375,8.0,2.0,39.48529411764706,0
54.78828073400655,175311.871202952,1636,1.405771484375,12.0,2.0,39.48529411764706,0
54.82426413500798,175311.907186353,1637,1.4165690104166666,10.0,2.0,39.48529411764706,0
54.85630947301979,175311.939231691,1638,1.4148046875,9.0,2.0,39.48529411764706,0
54.89229990899912,175311.975222127,1639,1.406982421875,7.0,2.0,39.48529411764706,0
54.92427819001023,175312.007200408,1640,1.40412109375,10.0,2.0,39.48529411764706,0
54.95624236902222,175312.039164587,1641,1.4074934895833333,9.0,2.0,39.48529411764706,0
54.992286609020084,175312.075208827,1642,1.4117415364583332,11.0,2.0,39.48529411764706,0
55.024563767015934,175312.107485985,1643,1.4064680989583334,11.0,2.0,39.48529411764706,0
55.056627985002706,175312.139550203,1644,1.4135384114583334,10.0,2.0,39.48529411764706,0
55.092301348020555,175312.175223566,1645,1.4149641927083334,6.0,2.0,39.48529411764706,0
55.124249455024255,175312.207171673,1646,1.411689453125,8.0,2.0,39.48529411764706,0
55.156332747021224,175312.239254965,1647,1.4068229166666666,10.0,2.0,39.48529411764706,0
55.19226572199841,175312.27518794,1648,1.4212434895833332,15.0,2.0,39.48529411764706,0
55.224250168015715,175312.307172386,1649,1.4136653645833333,8.0,2.0,39.48529411764706,0
55.260298155015334,175312.343220373,1650,1.4127669270833334,15.0,2.0,39.48529411764706,0
55.292262358998414,175312.375184577,1651,1.4123860677083333,9.0,2.0,39.48529411764706,0
55.32423665301758,175312.407158871,1652,1.4049739583333334,8.0,2.0,39.48529411764706,0
55.36030155600747,175312.443223774,1653,1.4165006510416667,9.0,2.0,39.48529411764706,0
55.39226019202033,175312.47518241,1654,1.4066243489583334,10.0,2.0,39.48529411764706,0
55.42421693800134,175312.507139156,1655,1.420927734375,9.0,2.0,39.48529411764706,0
55.46035230701091,175312.543274525,1656,1.4033854166666666,8.0,2.0,39.48529411764706,0
55.49223075300688,175312.575152971,1657,1.40728515625,10.0,2.0,39.48529411764706,0
55.52831934200367,175312.61124156,1658,1.4147916666666667,6.0,2.0,39.48529411764706,0
55.560302078025416,175312.643224296,1659,1.4061458333333334,10.0,2.0,39.48529411764706,0
55.592226889013546,175312.675149107,1660,1.411015625,7.0,2.0,39.48529411764706,0
55.62835081102094,175312.711273029,1661,1.420556640625,9.0,2.0,39.48529411764706,0
55.660686840012204,175312.743609058,1662,1.408271484375,6.0,2.0,39.48529411764706,0
55.69223706700723,175312.775159285,1663,1.4132259114583334,7.0,2.0,39.48529411764706,0
55.7283537320036,175312.81127595,1664,1.409375,15.0,2.0,39.48529411764706,0
55.76029751900933,175312.843219737,1665,1.4153548177083333,5.0,2.0,39.48529411764706,0
55.7922808380099,175312.875203056,1666,1.4066080729166666,9.0,2.0,39.48529411764706,0
55.828414412011625,175312.91133663,1667,1.4129264322916666,13.0,2.0,39.48529411764706,0
55.86031390502467,175312.943236123,1668,1.4099967447916666,8.0,2.0,39.48529411764706,0
55.896358836005675,175312.979281054,1669,1.415244140625,9.0,2.0,39.48529411764706,0
55.9286253680184,175313.011547586,1670,1.4172428385416667,16.0,2.0,39.48529411764706,0
55.96029153501149,175313.043213753,1671,1.418447265625,7.0,2.0,39.48529411764706,0
55.99637693501427,175313.079299153,1672,1.4204654947916666,8.0,2.0,39.48529411764706,0
56.0283380059991,175313.111260224,1673,1.4128938802083333,6.0,2.0,39.48529411764706,0
56.06066860500141,175313.143590823,1674,1.4113346354166667,8.0,2.0,39.48529411764706,0
56.09642023901688,175313.179342457,1675,1.404990234375,8.0,2.0,39.48529411764706,0
56.1283656010055,175313.211287819,1676,1.4224251302083333,8.0,2.0,39.48529411764706,0
56.16431997300242,175313.247242191,1677,1.41240234375,11.0,2.0,39.48529411764706,0
56.19635014800588,175313.279272366,1678,1.4154915364583334,8.0,2.0,39.48529411764706,0
56.228338781016646,175313.311260999,1679,1.4151529947916666,8.0,2.0,39.48529411764706,0
56.26429854001617,175313.347220758,1680,1.4116634114583333,11.0,2.0,39.48529411764706,0
56.29633191702305,175313.379254135,1681,1.4151302083333333,8.0,2.0,39.48529411764706,0
56.32831294101197,175313.411235159,1682,1.4104850260416666,8.0,2.0,39.48529411764706,0
56.36422826402122,175313.447150482,1683,1.4086360677083334,10.0,2.0,39.48529411764706,0
56.39634063001722,175313.479262848,1684,1.4081608072916667,10.0,2.0,39.48529411764706,0
56.42851378500927,175313.511436003,1685,1.4128190104166667,10.0,2.0,39.48529411764706,0
56.46432540900423,175313.547247627,1686,1.4158138020833333,7.0,2.0,39.48529411764706,0
56.496481842012145,175313.57940406,1687,1.4084765625,8.0,2.0,39.48529411764706,0
56.53251683502458,175313.615439053,1688,1.4193717447916667,8.0,2.0,39.48529411764706,0
56.56451417901553,175313.647436397,1689,1.410107421875,15.0,2.0,39.48529411764706,0
56.59635943901958,175313.679281657,1690,1.4089615885416666,11.0,2.0,39.48529411764706,0
56.632320030010305,175313.715242248,1691,1.3984049479166667,6.0,2.0,39.48529411764706,0
56.664304288016865,175313.747226506,1692,1.4191243489583334,8.0,2.0,39.48529411764706,0
56.69635477400152,175313.779276992,1693,2.4698600260416668,254.0,16.0,39.48529411764706,1
56.732242805999704,175313.815165024,1694,1.4813671875,10.0,2.0,39.48529411764706,0
56.76438775702263,175313.847309975,1695,1.4086848958333333,7.0,2.0,39.48529411764706,0
56.80027393400087,175313.883196152,1696,1.4139127604166666,8.0,2.0,39.48529411764706,0
56.83229633100564,175313.915218549,1697,1.41111328125,8.0,2.0,39.48529411764706,0
56.864281628018944,175313.947203846,1698,1.4189388020833333,8.0,2.0,39.48529411764706,0
56.90033652802231,175313.983258746,1699,1.4203873697916667,11.0,2.0,39.48529411764706,0
56.932360104023246,175314.015282322,1700,1.4158333333333333,9.0,2.0,39.48529411764706,0
56.964267303003,175314.047189521,1701,1.4186946614583333,8.0,2.0,39.48529411764706,0
57.00027894502273,175314.083201163,1702,1.4091080729166667,10.0,2.0,39.48529411764706,0
57.032275400997605,175314.115197619,1703,1.4107454427083332,14.0,2.0,39.48529411764706,0
57.06427483301377,175314.147197051,1704,1.4089811197916666,6.0,2.0,39.48529411764706,0
57.10027264402015,175314.183194862,1705,1.4137434895833334,10.0,2.0,39.48529411764706,0
57.13228891202016,175314.21521113,1706,1.4079947916666666,8.0,2.0,39.48529411764706,0
57.16829154701554,175314.251213765,1707,1.4188216145833332,9.0,2.0,39.48529411764706,0
57.20028842901229,175314.283210647,1708,1.4073111979166666,6.0,2.0,39.48529411764706,0
57.23232167601236,175314.315243894,1709,1.4124153645833333,6.0,2.0,39.48529411764706,0
57.268283355020685,175314.351205573,1710,1.4079752604166667,7.0,2.0,39.48529411764706,0
57.3003136680054,175314.383235886,1711,1.4067024739583334,10.0,2.0,39.48529411764706,0
57.33229728700826,175314.415219505,1712,1.4104427083333333,8.0,2.0,39.48529411764706,0
57.368313712009694,175314.45123593,1713,1.4110319010416668,12.0,2.0,39.48529411764706,0
57.40029057802167,175314.483212796,1714,1.4104264322916666,11.0,2.0,39.48529411764706,0
57.436292335012695,175314.519214553,1715,1.4069270833333334,6.0,2.0,39.48529411764706,0
57.46825683102361,175314.551179049,1716,1.4185481770833333,8.0,2.0,39.48529411764706,0
57.50026666501071,175314.583188883,1717,1.4138118489583333,7.0,2.0,39.48529411764706,0
57.5363365719968,175314.61925879,1718,1.4127180989583332,12.0,2.0,39.48529411764706,0
57.568316098011564,175314.651238316,1719,1.408896484375,8.0,2.0,39.48529411764706,0
57.6002562790236,175314.683178497,1720,1.4123209635416667,8.0,2.0,39.48529411764706,0
57.636320750025334,175314.719242968,1721,1.4145930989583333,10.0,2.0,39.48529411764706,0
57.66831672200351,175314.75123894,1722,1.41751953125,8.0,2.0,39.48529411764706,0
57.70033834601054,175314.783260564,1723,1.4142708333333334,7.0,2.0,39.48529411764706,0
57.73630573702394,175314.819227955,1724,1.4104915364583333,7.0,2.0,39.48529411764706,0
57.76827791999676,175314.851200138,1725,1.4127766927083334,8.0,2.0,39.48529411764706,0
57.80431078802212,175314.887233006,1726,1.4175716145833333,7.0,2.0,39.48529411764706,0
57.83633030002238,175314.919252518,1727,1.4090885416666667,8.0,2.0,39.48529411764706,0
57.86824204001459,175314.951164258,1728,1.4131640625,12.0,2.0,39.48529411764706,0
57.904302709008334,175314.987224927,1729,1.417724609375,8.0,2.0,39.48529411764706,0
57.936312577017816,175315.019234795,1730,1.421953125,6.0,2.0,39.48529411764706,0
57.96824774701963,175315.051169965,1731,1.4116015625,11.0,2.0,39.48529411764706,0
58.004330575000495,175315.087252793,1732,1.412373046875,10.0,2.0,39.48529411764706,0
58.036262023000745,175315.119184241,1733,1.4095084635416666,7.0,2.0,39.48529411764706,0
58.072296257014386,175315.155218475,1734,1.4138606770833333,5.0,2.0,39.48529411764706,0
58.10458126701997,175315.187503485,1735,1.420078125,9.0,2.0,39.48529411764706,0
58.13629707400105,175315.219219292,1736,1.4113606770833333,9.0,2.0,39.48529411764706,0
58.17227372000343,175315.255195938,1737,1.4132291666666668,8.0,2.0,39.48529411764706,0
58.20432440401055,175315.287246622,1738,1.4115494791666667,8.0,2.0,39.48529411764706,0
58.236263894999865,175315.319186113,1739,1.4128092447916667,7.0,2.0,39.48529411764706,0
58.27230029500788,175315.355222513,1740,1.4102115885416666,8.0,2.0,39.48529411764706,0
58.30427791099646,175315.387200129,1741,1.416298828125,10.0,2.0,39.48529411764706,0
58.33628192101605,175315.419204139,1742,1.4100846354166667,8.0,2.0,39.48529411764706,0
58.37228563500685,175315.455207853,1743,1.4156575520833334,10.0,2.0,39.48529411764706,0
58.404259758011904,175315.487181976,1744,1.4140397135416667,10.0,2.0,39.48529411764706,0
58.440246239013504,175315.523168457,1745,1.415009765625,8.0,2.0,39.48529411764706,0
58.47233460799907,175315.555256826,1746,1.4139973958333334,10.0,2.0,39.48529411764706,0
58.50429451800301,175315.587216736,1747,1.4139778645833334,8.0,2.0,39.48529411764706,0
58.54028035199735,175315.62320257,1748,1.4084765625,9.0,2.0,39.48529411764706,0
58.572351775015704,175315.655273993,1749,1.4140071614583334,10.0,2.0,39.48529411764706,0
58.60431488600443,175315.687237104,1750,1.4133919270833333,12.0,2.0,39.48529411764706,0
58.64032122801291,175315.723243446,1751,1.409541015625,8.0,2.0,39.48529411764706,0
58.67236397700617,175315.755286195,1752,1.4179557291666667,8.0,2.0,39.48529411764706,0
58.708295770018594,175315.791217988,1753,1.4148274739583333,6.0,2.0,39.48529411764706,0
58.74035336999805,175315.823275588,1754,2.0389615885416665,254.0,11.0,39.48529411764706,1
58.7722882280068,175315.855210446,1755,2.42708984375,254.0,16.0,39.48529411764706,1
58.80832828200073,175315.8912505,1756,1.4381380208333334,12.0,2.0,39.48529411764706,0
58.84030506599811,175315.923227284,1757,1.4179557291666667,6.0,2.0,39.48529411764706,0
58.87227121202159,175315.95519343,1758,1.4169401041666667,5.0,2.0,39.48529411764706,0
58.908341709000524,175315.991263927,1759,1.4131640625,10.0,2.0,39.48529411764706,0
58.94022676901659,175316.023148987,1760,1.4135026041666667,19.0,2.0,39.48529411764706,0
58.97231390600791,175316.055236124,1761,1.40732421875,8.0,2.0,39.48529411764706,0
59.008412029012106,175316.091334247,1762,1.41033203125,9.0,2.0,39.48529411764706,0
59.04028100601863,175316.123203224,1763,1.4104524739583333,8.0,2.0,39.48529411764706,0
59.076312603021506,175316.159234821,1764,1.4110872395833334,11.0,2.0,39.48529411764706,0
59.10832051001489,175316.191242728,1765,1.41107421875,8.0,2.0,39.48529411764706,0
59.14026923300116,175316.223191451,1766,1.4109375,9.0,2.0,39.48529411764706,0
59.17640548700001,175316.259327705,1767,1.4084733072916666,8.0,2.0,39.48529411764706,0
59.208325496001635,175316.291247714,1768,1.417021484375,7.0,2.0,39.48529411764706,0
59.24034798602224,175316.323270204,1769,1.4021516927083333,8.0,2.0,39.48529411764706,0
59.2763585630164,175316.359280781,1770,1.409814453125,10.0,2.0,39.48529411764706,0
59.308298629010096,175316.391220847,1771,1.4143619791666666,14.0,2.0,39.48529411764706,0
59.34428464100347,175316.427206859,1772,1.409345703125,8.0,2.0,39.48529411764706,0
59.37646392302122,175316.459386141,1773,1.4145377604166667,9.0,2.0,39.48529411764706,0
59.40829734300496,175316.491219561,1774,1.4070149739583333,12.0,2.0,39.48529411764706,0
59.4443904030195,175316.527312621,1775,1.411669921875,7.0,2.0,39.48529411764706,0
59.47644483699696,175316.559367055,1776,1.4146256510416666,11.0,2.0,39.48529411764706,0
59.50831428001402,175316.591236498,1777,1.419375,8.0,2.0,39.48529411764706,0
59.54433946500649,175316.627261683,1778,1.409228515625,11.0,2.0,39.48529411764706,0
59.576410987996496,175316.659333206,1779,1.4104915364583333,8.0,2.0,39.48529411764706,0
59.60832172402297,175316.691243942,1780,1.4079427083333333,5.0,2.0,39.48529411764706,0
59.64429484002176,175316.727217058,1781,1.4167838541666666,10.0,2.0,39.48529411764706,0
59.67630024001119,175316.759222458,1782,1.422607421875,10.0,2.0,39.48529411764706,0
59.712308839021716,175316.795231057,1783,1.4152571614583334,13.0,2.0,39.48529411764706,0
59.744391920015914,175316.827314138,1784,1.4148470052083333,9.0,2.0,39.48529411764706,0
59.77639005400124,175316.859312272,1785,1.4135091145833334,13.0,2.0,39.48529411764706,0
59.81227944200509,175316.89520166,1786,1.4162369791666667,8.0,2.0,39.48529411764706,0
59.84429239001474,175316.927214608,1787,1.41880859375,9.0,2.0,39.48529411764706,0
59.876327584002865,175316.959249802,1788,1.420556640625,9.0,2.0,39.48529411764706,0
59.912350059021264,175316.995272277,1789,1.4133626302083333,10.0,2.0,39.48529411764706,0
59.944268747000024,175317.027190965,1790,1.412529296875,11.0,2.0,39.48529411764706,0
59.980259454023326,175317.063181672,1791,1.4050358072916667,8.0,2.0,39.48529411764706,0
60.01232016601716,175317.095242384,1792,1.4072493489583333,9.0,2.0,39.48529411764706,0
60.04434310700162,175317.127265325,1793,1.413896484375,9.0,2.0,39.48529411764706,0
60.08035279600881,175317.163275014,1794,1.406728515625,10.0,2.0,39.48529411764706,0
60.112424416001886,175317.195346634,1795,1.415029296875,6.0,2.0,39.48529411764706,0
60.14428679901175,175317.227209017,1796,1.4175,5.0,2.0,39.48529411764706,0
60.18044217501301,175317.263364393,1797,1.3989973958333333,8.0,2.0,39.48529411764706,0
60.212379938020604,175317.295302156,1798,1.411259765625,9.0,2.0,39.48529411764706,0
60.24438730801921,175317.327309526,1799,1.4152734375,8.0,2.0,39.48529411764706,0
60.280313363997266,175317.363235582,1800,1.4130013020833334,8.0,2.0,39.48529411764706,0
60.31228712701704,175317.395209345,1801,1.4144466145833334,7.0,2.0,39.48529411764706,0
60.348342397017404,175317.431264615,1802,1.4123665364583333,8.0,2.0,39.48529411764706,0
60.38030646101106,175317.463228679,1803,1.405888671875,8.0,2.0,39.48529411764706,0
60.412303384015104,175317.495225602,1804,1.411474609375,7.0,2.0,39.48529411764706,0
60.44834295701003,175317.531265175,1805,1.41513671875,8.0,2.0,39.48529411764706,0
60.48034097100026,175317.563263189,1806,1.4143359375,6.0,2.0,39.48529411764706,0
60.51229683301062,175317.595219051,1807,1.409599609375,9.0,2.0,39.48529411764706,0
60.548321864014724,175317.631244082,1808,1.411650390625,16.0,2.0,39.48529411764706,0
60.58027624801616,175317.663198466,1809,1.411123046875,9.0,2.0,39.48529411764706,0
60.6162986990239,175317.699220917,1810,1.4119368489583333,8.0,2.0,39.48529411764706,0
60.64831334800692,175317.731235566,1811,1.4117252604166666,8.0,2.0,39.48529411764706,0
60.68025470201974,175317.76317692,1812,1.415029296875,9.0,2.0,39.48529411764706,0
60.716355835000286,175317.799278053,1813,1.417568359375,8.0,2.0,39.48529411764706,0
60.74831449100748,175317.831236709,1814,1.4207454427083333,9.0,2.0,39.48529411764706,0
60.780318773002364,175317.863240991,1815,2.394173177083333,254.0,16.0,39.48529411764706,1
60.81636328500463,175317.899285503,1816,2.3070279947916665,254.0,14.0,39.48529411764706,1
60.84830683801556,175317.931229056,1817,1.4212141927083333,9.0,2.0,39.48529411764706,0
60.884389900020324,175317.967312118,1818,1.4145638020833333,13.0,2.0,39.48529411764706,0
60.91636131002451,175317.999283528,1819,1.4153938802083332,14.0,2.0,39.48529411764706,0
60.94923309801379,175318.032155316,1820,1.4144791666666667,6.0,2.0,39.48529411764706,0
60.98513306901441,175318.068055287,1821,1.4106673177083333,8.0,2.0,39.48529411764706,0
61.01724387600552,175318.100166094,1822,1.4108854166666667,11.0,2.0,39.48529411764706,0
61.04837786301505,175318.131300081,1823,1.416171875,10.0,2.0,39.48529411764706,0
61.08457288501086,175318.167495103,1824,1.4049544270833334,9.0,2.0,39.48529411764706,0
61.116415368014714,175318.199337586,1825,1.40970703125,9.0,2.0,39.48529411764706,0
61.14832529402338,175318.231247512,1826,1.4084895833333333,13.0,2.0,39.48529411764706,0
61.184344659006456,175318.267266877,1827,1.4140625,9.0,2.0,39.48529411764706,0
61.21630441301386,175318.299226631,1828,1.406728515625,9.0,2.0,39.48529411764706,0
61.25230322201969,175318.33522544,1829,1.4055794270833333,8.0,2.0,39.48529411764706,0
61.284312974021304,175318.367235192,1830,1.4068326822916666,7.0,2.0,39.48529411764706,0
61.316322447004495,175318.399244665,1831,1.4147526041666667,10.0,2.0,39.48529411764706,0
61.35238399801892,175318.435306216,1832,1.4159049479166668,7.0,2.0,39.48529411764706,0
61.38431822200073,175318.46724044,1833,1.41291015625,9.0,2.0,39.48529411764706,0
61.41636330401525,175318.499285522,1834,1.4130729166666667,9.0,2.0,39.48529411764706,0
61.45236430800287,175318.535286526,1835,1.4231608072916666,10.0,2.0,39.48529411764706,0
61.484307422011625,175318.56722964,1836,1.4172493489583333,9.0,2.0,39.48529411764706,0
61.520323367003584,175318.603245585,1837,1.410888671875,8.0,2.0,39.48529411764706,0
61.55234845800442,175318.635270676,1838,1.4119921875,14.0,2.0,39.48529411764706,0
61.58427367001423,175318.667195888,1839,1.4153450520833333,10.0,2.0,39.48529411764706,0
61.62041221599793,175318.703334434,1840,1.4056217447916666,8.0,2.0,39.48529411764706,0
61.652365432004444,175318.73528765,1841,1.4110319010416668,9.0,2.0,39.48529411764706,0
61.684396799013484,175318.767319017,1842,1.4174348958333334,10.0,2.0,39.48529411764706,0
61.72037054700195,175318.803292765,1843,1.414140625,9.0,2.0,39.48529411764706,0
61.75233165200916,175318.83525387,1844,1.410146484375,11.0,2.0,39.48529411764706,0
61.784307167021325,175318.867229385,1845,1.4100716145833334,6.0,2.0,39.48529411764706,0
61.820366366999224,175318.903288585,1846,1.410419921875,8.0,2.0,39.48529411764706,0
61.85231539202505,175318.93523761,1847,1.4112565104166668,10.0,2.0,39.48529411764706,0
61.88834924501134,175318.971271463,1848,1.4225748697916667,12.0,2.0,39.48529411764706,0
61.92040879200795,175319.00333101,1849,1.41578125,9.0,2.0,39.48529411764706,0
61.95231784399948,175319.035240062,1850,1.4102311197916666,8.0,2.0,39.48529411764706,0
61.988414963008836,175319.071337181,1851,1.4099934895833333,12.0,2.0,39.48529411764706,0
62.020296207017964,175319.103218425,1852,1.4110709635416667,13.0,2.0,39.48529411764706,0
62.05226909799967,175319.135191316,1853,1.4185970052083334,8.0,2.0,39.48529411764706,0
62.08832181402249,175319.171244032,1854,1.4075358072916666,6.0,2.0,39.48529411764706,0
62.12033137900289,175319.203253597,1855,1.4134602864583334,8.0,2.0,39.48529411764706,0
62.156326451018685,175319.239248669,1856,1.4104069010416667,5.0,2.0,39.48529411764706,0
62.18836107599782,175319.271283294,1857,1.4152962239583333,8.0,2.0,39.48529411764706,0
62.2203216580092,175319.303243876,1858,1.4094563802083333,9.0,2.0,39.48529411764706,0
62.2564129710081,175319.339335189,1859,1.4142936197916667,8.0,2.0,39.48529411764706,0
62.28832506699837,175319.371247285,1860,1.4103190104166667,9.0,2.0,39.48529411764706,0
62.32053339801496,175319.403455616,1861,1.4143977864583333,9.0,2.0,39.48529411764706,0
62.35637979101739,175319.439302009,1862,1.4162630208333333,13.0,2.0,39.48529411764706,0
62.388391014013905,175319.471313232,1863,1.41634765625,7.0,2.0,39.48529411764706,0
62.42035476901219,175319.503276987,1864,1.4140852864583333,7.0,2.0,39.48529411764706,0
62.45635534601752,175319.539277564,1865,1.4201627604166667,10.0,2.0,39.48529411764706,0
62.488305107021006,175319.571227325,1866,1.4142545572916667,10.0,2.0,39.48529411764706,0
62.524354779015994,175319.607276997,1867,1.4135481770833334,8.0,2.0,39.48529411764706,0
62.55632400899776,175319.639246227,1868,1.408798828125,10.0,2.0,39.48529411764706,0
62.58827929099789,175319.671201509,1869,1.4181315104166667,10.0,2.0,39.48529411764706,0
62.62442342902068,175319.707345647,1870,1.4131477864583333,8.0,2.0,39.48529411764706,0
62.6563437290024,175319.739265947,1871,1.415458984375,8.0,2.0,39.48529411764706,0
62.688301525020506,175319.771223743,1872,1.4053678385416666,11.0,2.0,39.48529411764706,0
62.72435508502531,175319.807277303,1873,1.4745279947916667,15.0,3.0,39.48529411764706,0
62.7563626760093,175319.839284894,1874,2.485501302083333,254.0,16.0,39.48529411764706,1
62.79230817902135,175319.875230397,1875,1.4492154947916667,12.0,2.0,39.48529411764706,0
62.824301764019765,175319.907223982,1876,1.415380859375,5.0,2.0,39.48529411764706,0
62.856260265019955,175319.939182483,1877,1.4181477864583334,9.0,2.0,39.48529411764706,0
62.89228660601657,175319.975208824,1878,1.4163313802083333,8.0,2.0,39.48529411764706,0
62.9247012459964,175320.007623464,1879,1.4178059895833333,7.0,2.0,39.48529411764706,0
62.95647103400552,175320.039393252,1880,1.4167903645833333,13.0,2.0,39.48529411764706,0
62.99364303701441,175320.076565255,1881,1.4194368489583333,9.0,2.0,39.48529411764706,0
63.02450732301804,175320.107429541,1882,1.40958984375,15.0,2.0,39.48529411764706,0
63.056354694999754,175320.139276913,1883,1.41861328125,12.0,2.0,39.48529411764706,0
63.09230254800059,175320.175224766,1884,1.4102571614583332,12.0,2.0,39.48529411764706,0
63.12448967099772,175320.207411889,1885,1.4195279947916666,8.0,2.0,39.48529411764706,0
63.16036678501405,175320.243289003,1886,1.412236328125,8.0,2.0,39.48529411764706,0
63.19234877001145,175320.275270988,1887,1.4133951822916666,8.0,2.0,39.48529411764706,0
63.22426685600658,175320.307189074,1888,1.4128483072916667,13.0,2.0,39.48529411764706,0
63.26030574401375,175320.343227962,1889,1.4121907552083333,8.0,2.0,39.48529411764706,0
63.292331055999966,175320.375253274,1890,1.4046940104166667,9.0,2.0,39.48529411764706,0
63.32424235600047,175320.407164574,1891,1.4088639322916667,8.0,2.0,39.48529411764706,0
63.3603549170075,175320.443277135,1892,1.4117838541666667,10.0,2.0,39.48529411764706,0
63.3923658800195,175320.475288098,1893,1.4089583333333333,9.0,2.0,39.48529411764706,0
63.428353759023594,175320.511275977,1894,1.4138606770833333,9.0,2.0,39.48529411764706,0
63.46035077801207,175320.543272996,1895,1.4057454427083333,7.0,2.0,39.48529411764706,0
63.49231002302258,175320.575232241,1896,1.4180989583333334,6.0,2.0,39.48529411764706,0
63.52833419002127,175320.611256408,1897,1.4077506510416666,9.0,2.0,39.48529411764706,0
63.56031270802487,175320.643234926,1898,1.4135677083333333,10.0,2.0,39.48529411764706,0
63.59231119600008,175320.675233414,1899,1.41677734375,7.0,2.0,39.48529411764706,0
63.628356921020895,175320.711279139,1900,1.4133528645833333,9.0,2.0,39.48529411764706,0
63.66032260100474,175320.743244819,1901,1.4159798177083334,5.0,2.0,39.48529411764706,0
63.69233075901866,175320.775252977,1902,1.410556640625,7.0,2.0,39.48529411764706,0
63.73054666200187,175320.81346888,1903,1.4117708333333334,7.0,2.0,39.48529411764706,0
63.761704491014825,175320.844626709,1904,1.41521484375,14.0,2.0,39.48529411764706,0
63.79664829099784,175320.879570509,1905,1.4106022135416667,10.0,2.0,39.48529411764706,0
63.82843293901533,175320.911355157,1906,1.4157552083333333,6.0,2.0,39.48529411764706,0
63.86042399800499,175320.943346216,1907,1.4167708333333333,13.0,2.0,39.48529411764706,0
63.896428033011034,175320.979350251,1908,1.4096419270833334,8.0,2.0,39.48529411764706,0
63.92850591801107,175321.011428136,1909,1.4144010416666666,10.0,2.0,39.48529411764706,0
63.960287501016865,175321.043209719,1910,1.4137760416666667,10.0,2.0,39.48529411764706,0
63.99645869201049,175321.07938091,1911,1.4104036458333333,7.0,2.0,39.48529411764706,0
64.02832296601264,175321.111245184,1912,1.408564453125,8.0,2.0,39.48529411764706,0
64.06436166001367,175321.147283878,1913,1.4173860677083334,9.0,2.0,39.48529411764706,0
64.09641481502331,175321.179337033,1914,1.415556640625,8.0,2.0,39.48529411764706,0
64.1284352990042,175321.211357517,1915,1.4133170572916667,13.0,2.0,39.48529411764706,0
64.164330471016,175321.247252689,1916,1.4115234375,7.0,2.0,39.48529411764706,0
64.19640494399937,175321.279327162,1917,1.4180436197916666,7.0,2.0,39.48529411764706,0
64.22830070700729,175321.311222925,1918,1.413466796875,13.0,2.0,39.48529411764706,0
64.26438280800357,175321.347305026,1919,1.41470703125,8.0,2.0,39.48529411764706,0
64.29653553801472,175321.379457756,1920,1.4096809895833333,12.0,2.0,39.48529411764706,0
64.32833139802096,175321.411253616,1921,1.4116927083333333,11.0,2.0,39.48529411764706,0
64.36436263701762,175321.447284855,1922,1.41365234375,7.0,2.0,39.48529411764706,0
64.39638752501924,175321.479309743,1923,1.4155078125,9.0,2.0,39.48529411764706,0
64.43238679601927,175321.515309014,1924,1.4091536458333334,13.0,2.0,39.48529411764706,0
64.46442067000316,175321.547342888,1925,1.4228450520833333,8.0,2.0,39.48529411764706,0
64.49635901500005,175321.579281233,1926,1.4124283854166666,6.0,2.0,39.48529411764706,0
64.53243748800014,175321.615359706,1927,1.406865234375,12.0,2.0,39.48529411764706,0
64.56441106300917,175321.647333281,1928,1.4817415364583333,14.0,3.0,39.48529411764706,0
64.596440851019,175321.679363069,1929,2.48341796875,254.0,16.0,39.48529411764706,1
64.63233380002202,175321.715256018,1930,1.4523502604166667,10.0,2.0,39.48529411764706,0
64.66440004200558,175321.74732226,1931,1.4071907552083334,10.0,2.0,39.48529411764706,0
64.70035769802053,175321.783279916,1932,1.4016373697916666,7.0,2.0,39.48529411764706,0
64.73234883102123,175321.815271049,1933,1.42435546875,8.0,2.0,39.48529411764706,0
64.76444008402177,175321.847362302,1934,1.4068294270833333,9.0,2.0,39.48529411764706,0
64.80032591702184,175321.883248135,1935,1.4105208333333332,12.0,2.0,39.48529411764706,0
64.83233603401459,175321.915258252,1936,1.4168033854166666,9.0,2.0,39.48529411764706,0
64.86431484602508,175321.947237064,1937,1.4157421875,13.0,2.0,39.48529411764706,0
64.90030417701928,175321.983226395,1938,1.4093522135416667,7.0,2.0,39.48529411764706,0
64.93237108099856,175322.015293299,1939,1.4157421875,12.0,2.0,39.48529411764706,0
64.96430848000455,175322.047230698,1940,1.4155143229166667,7.0,2.0,39.48529411764706,0
65.00034618601785,175322.083268404,1941,1.4143359375,10.0,2.0,39.48529411764706,0
65.03230073701707,175322.115222955,1942,1.4143131510416667,12.0,2.0,39.48529411764706,0
65.06834580400027,175322.151268022,1943,1.4029947916666667,9.0,2.0,39.48529411764706,0
65.10035827601678,175322.183280494,1944,1.411318359375,7.0,2.0,39.48529411764706,0
65.13235351900221,175322.215275737,1945,1.4131380208333333,6.0,2.0,39.48529411764706,0
65.16839776199777,175322.25131998,1946,1.4052669270833333,14.0,2.0,39.48529411764706,0
65.2003659089969,175322.283288127,1947,1.40953125,9.0,2.0,39.48529411764706,0
65.23236943100346,175322.315291649,1948,1.41572265625,8.0,2.0,39.48529411764706,0
65.26835823000874,175322.351280448,1949,1.4153678385416666,12.0,2.0,39.48529411764706,0
65.30039240702172,175322.383314625,1950,1.4102604166666666,8.0,2.0,39.48529411764706,0
65.33634041500045,175322.419262633,1951,1.4158951822916668,8.0,2.0,39.48529411764706,0
65.3683039440075,175322.451226162,1952,1.417080078125,6.0,2.0,39.48529411764706,0
65.40029460101505,175322.483216819,1953,1.4163020833333333,9.0,2.0,39.48529411764706,0
65.4364743210026,175322.519396539,1954,1.41048828125,9.0,2.0,39.48529411764706,0
65.4683475799975,175322.551269798,1955,1.4072688802083333,8.0,2.0,39.48529411764706,0
65.50031550400308,175322.583237722,1956,1.4084342447916667,8.0,2.0,39.48529411764706,0
65.53636312900926,175322.619285347,1957,1.4138704427083333,9.0,2.0,39.48529411764706,0
65.56840285600629,175322.651325074,1958,1.409384765625,9.0,2.0,39.48529411764706,0
65.60035338901798,175322.683275607,1959,1.4031510416666666,7.0,2.0,39.48529411764706,0
65.63632104601129,175322.719243264,1960,1.4144791666666667,9.0,2.0,39.48529411764706,0
65.66828448200249,175322.7512067,1961,1.4162434895833333,13.0,2.0,39.48529411764706,0
65.70436466901447,175322.787286887,1962,1.414365234375,10.0,2.0,39.48529411764706,0
65.73629310700926,175322.819215325,1963,1.4017578125,8.0,2.0,39.48529411764706,0
65.76834367201081,175322.85126589,1964,1.4170638020833333,11.0,2.0,39.48529411764706,0
65.80447237100452,175322.887394589,1965,1.40611328125,11.0,2.0,39.48529411764706,0
65.83636667201063,175322.91928889,1966,1.4129329427083333,8.0,2.0,39.48529411764706,0
65.86865272102295,175322.951574939,1967,1.4131770833333333,7.0,2.0,39.48529411764706,0
65.90439786200295,175322.98732008,1968,1.4194108072916667,8.0,2.0,39.48529411764706,0
65.93637580500217,175323.019298023,1969,1.4146647135416666,8.0,2.0,39.48529411764706,0
65.972399100021,175323.055321318,1970,1.4176106770833334,11.0,2.0,39.48529411764706,0
66.00441285502166,175323.087335073,1971,1.408671875,8.0,2.0,39.48529411764706,0
66.03635859000497,175323.119280808,1972,1.4045182291666667,6.0,2.0,39.48529411764706,0
66.07236792801996,175323.155290146,1973,1.4156770833333334,9.0,2.0,39.48529411764706,0
66.10439281800063,175323.187315036,1974,1.4177604166666666,10.0,2.0,39.48529411764706,0
66.1363108610094,175323.219233079,1975,1.4182584635416666,6.0,2.0,39.48529411764706,0
66.17245405801805,175323.255376276,1976,1.4099869791666666,12.0,2.0,39.48529411764706,0
66.20435132502462,175323.287273543,1977,1.4182421875,8.0,2.0,39.48529411764706,0
66.23636625401559,175323.319288472,1978,1.41189453125,8.0,2.0,39.48529411764706,0
66.27251617601723,175323.355438394,1979,1.4099381510416666,9.0,2.0,39.48529411764706,0
66.30436930601718,175323.387291524,1980,1.4072884114583333,8.0,2.0,39.48529411764706,0
66.34032309101894,175323.423245309,1981,1.4150130208333334,9.0,2.0,39.48529411764706,0
66.37236177100567,175323.455283989,1982,1.403984375,6.0,2.0,39.48529411764706,0
66.40435239599901,175323.487274614,1983,1.4162662760416667,13.0,2.0,39.48529411764706,0
66.44039661801071,175323.523318836,1984,1.419892578125,8.0,2.0,39.48529411764706,0
66.47240094401059,175323.555323162,1985,1.423623046875,8.0,2.0,39.48529411764706,0
66.504398502002,175323.58732072,1986,1.4089615885416666,8.0,2.0,39.48529411764706,0
66.54040354301105,175323.623325761,1987,1.4148860677083333,7.0,2.0,39.48529411764706,0
66.5724505460239,175323.655372764,1988,1.4168587239583332,7.0,2.0,39.48529411764706,0
66.60836724401452,175323.691289462,1989,1.410947265625,8.0,2.0,39.48529411764706,0
66.64043576602126,175323.723357984,1990,1.408232421875,9.0,2.0,39.48529411764706,0
66.6724598770088,175323.755382095,1991,1.407958984375,8.0,2.0,39.48529411764706,0
66.70840189800947,175323.791324116,1992,1.4144694010416667,8.0,2.0,39.48529411764706,0
66.74046062299749,175323.823382841,1993,2.471025390625,254.0,16.0,39.48529411764706,1
66.7724559979979,175323.855378216,1994,2.430608723958333,254.0,16.0,39.48529411764706,1
66.8084279190225,175323.891350137,1995,1.4304166666666667,9.0,2.0,39.48529411764706,0
66.84037668502424,175323.923298903,1996,1.4147428385416667,8.0,2.0,39.48529411764706,0
66.87240135500906,175323.955323573,1997,1.41392578125,7.0,2.0,39.48529411764706,0
66.9085265629983,175323.991448781,1998,1.40818359375,11.0,2.0,39.48529411764706,0
66.94051176900393,175324.023433987,1999,1.416630859375,10.0,2.0,39.48529411764706,0
66.97652966799797,175324.059451886,2000,1.4121809895833333,8.0,2.0,39.48529411764706,0
67.00851317599881,175324.091435394,2001,1.4092610677083333,8.0,2.0,39.48529411764706,0
67.04049965602462,175324.123421874,2002,1.4148502604166666,10.0,2.0,39.48529411764706,0
67.07643646199722,175324.15935868,2003,1.4129850260416668,11.0,2.0,39.48529411764706,0
67.10840795101831,175324.191330169,2004,1.413291015625,10.0,2.0,39.48529411764706,0
67.1404203280108,175324.223342546,2005,1.4139095052083333,10.0,2.0,39.48529411764706,0
67.1765325400047,175324.259454758,2006,1.404853515625,13.0,2.0,39.48529411764706,0
67.20845033001387,175324.291372548,2007,1.4060026041666667,7.0,2.0,39.48529411764706,0
67.24445277301129,175324.327374991,2008,1.419697265625,11.0,2.0,39.48529411764706,0
67.27650748399901,175324.359429702,2009,1.4135904947916667,8.0,2.0,39.48529411764706,0
67.30840820501908,175324.391330423,2010,1.4069954427083333,10.0,2.0,39.48529411764706,0
67.3444570020074,175324.42737922,2011,1.4166536458333334,6.0,2.0,39.48529411764706,0
67.37648553901818,175324.459407757,2012,1.4230436197916667,12.0,2.0,39.48529411764706,0
67.40969258200494,175324.4926148,2013,1.4063151041666666,8.0,2.0,39.48529411764706,0
67.44524192501558,175324.528164143,2014,1.407060546875,15.0,2.0,39.48529411764706,0
67.47661513500498,175324.559537353,2015,1.4139680989583334,8.0,2.0,39.48529411764706,0
67.5086361390131,175324.591558357,2016,1.40900390625,12.0,2.0,39.48529411764706,0
67.54457067401381,175324.627492892,2017,1.4101725260416667,9.0,2.0,39.48529411764706,0
67.57646885700524,175324.659391075,2018,1.4123600260416667,10.0,2.0,39.48529411764706,0
67.6124905210163,175324.695412739,2019,1.4115299479166667,11.0,2.0,39.48529411764706,0
67.64443836201099,175324.72736058,2020,1.408203125,12.0,2.0,39.48529411764706,0
67.67639433601289,175324.759316554,2021,1.410771484375,9.0,2.0,39.48529411764706,0
67.71250300400425,175324.795425222,2022,1.411259765625,10.0,2.0,39.48529411764706,0
67.7444989560172,175324.827421174,2023,1.42107421875,7.0,2.0,39.48529411764706,0
67.77638500899775,175324.859307227,2024,1.4061751302083334,8.0,2.0,39.48529411764706,0
67.81245553400367,175324.895377752,2025,1.407392578125,10.0,2.0,39.48529411764706,0
67.84446278499672,175324.927385003,2026,1.4087662760416666,11.0,2.0,39.48529411764706,0
67.8805308790179,175324.963453097,2027,1.411494140625,10.0,2.0,39.48529411764706,0
67.91259910300141,175324.995521321,2028,1.4243001302083333,9.0,2.0,39.48529411764706,0
67.94453646501643,175325.027458683,2029,1.4138997395833333,14.0,2.0,39.48529411764706,0
67.98056898501818,175325.063491203,2030,1.4047981770833333,8.0,2.0,39.48529411764706,0
68.01270684000337,175325.095629058,2031,1.417001953125,7.0,2.0,39.48529411764706,0
68.04438991300412,175325.127312131,2032,1.409423828125,13.0,2.0,39.48529411764706,0
68.08054257501499,175325.163464793,2033,1.409072265625,7.0,2.0,39.48529411764706,0
68.11253420601133,175325.195456424,2034,1.41734375,9.0,2.0,39.48529411764706,0
68.14446239400422,175325.227384612,2035,1.4134114583333333,9.0,2.0,39.48529411764706,0
68.18070626500412,175325.263628483,2036,1.4135677083333333,11.0,2.0,39.48529411764706,0
68.21260840899777,175325.295530627,2037,1.4105533854166667,8.0,2.0,39.48529411764706,0
68.2485623670218,175325.331484585,2038,1.4097200520833333,10.0,2.0,39.48529411764706,0
68.280567342008,175325.36348956,2039,1.4113541666666667,8.0,2.0,39.48529411764706,0
68.31256019201828,175325.39548241,2040,1.4071451822916667,8.0,2.0,39.48529411764706,0
68.34848711799714,175325.431409336,2041,1.4136197916666666,8.0,2.0,39.48529411764706,0
68.38058894799906,175325.463511166,2042,1.4134700520833334,9.0,2.0,39.48529411764706,0
68.4125472450105,175325.495469463,2043,1.40935546875,9.0,2.0,39.48529411764706,0
68.44850843501627,175325.531430653,2044,1.4133984375,8.0,2.0,39.48529411764706,0
68.48060878601973,175325.563531004,2045,1.4076334635416667,15.0,2.0,39.48529411764706,0
68.51648075602134,175325.599402974,2046,1.416611328125,9.0,2.0,39.48529411764706,0
68.5485286040057,175325.631450822,2047,1.4047884114583333,19.0,2.0,39.48529411764706,0
68.58049165300326,175325.663413871,2048,1.4157779947916667,12.0,2.0,39.48529411764706,0
68.616440651007,175325.699362869,2049,1.542060546875,16.0,4.0,39.48529411764706,0
68.64850189600838,175325.731424114,2050,2.4316536458333333,254.0,16.0,39.48529411764706,1
68.68056282500038,175325.763485043,2051,1.4439518229166666,10.0,2.0,39.48529411764706,0
68.71644291601842,175325.799365134,2052,1.4102408854166666,10.0,2.0,39.48529411764706,0
68.74853334200452,175325.83145556,2053,1.414541015625,9.0,2.0,39.48529411764706,0
68.78060426100274,175325.863526479,2054,1.4128190104166667,8.0,2.0,39.48529411764706,0
68.81648096101708,175325.899403179,2055,1.4137923177083334,8.0,2.0,39.48529411764706,0
68.84851338301087,175325.931435601,2056,1.411875,10.0,2.0,39.48529411764706,0
68.88442750100512,175325.967349719,2057,1.4122884114583334,11.0,2.0,39.48529411764706,0
68.91659179000999,175325.999514008,2058,1.4107194010416666,6.0,2.0,39.48529411764706,0
68.94853011402301,175326.031452332,2059,1.4243522135416666,9.0,2.0,39.48529411764706,0
68.98443584900815,175326.067358067,2060,1.4104557291666666,9.0,2.0,39.48529411764706,0
69.01656487802393,175326.099487096,2061,1.4141666666666666,9.0,2.0,39.48529411764706,0
69.0491175360221,175326.132039754,2062,1.41443359375,8.0,2.0,39.48529411764706,0
69.08440591002,175326.167328128,2063,1.4151822916666668,7.0,2.0,39.48529411764706,0
69.1164689840225,175326.199391202,2064,1.41150390625,7.0,2.0,39.48529411764706,0
69.15251403601724,175326.235436254,2065,1.4161979166666667,7.0,2.0,39.48529411764706,0
69.18464632800897,175326.267568546,2066,1.413671875,8.0,2.0,39.48529411764706,0
69.21646991302259,175326.299392131,2067,1.41677734375,10.0,2.0,39.48529411764706,0
69.25244860100793,175326.335370819,2068,1.407451171875,7.0,2.0,39.48529411764706,0
69.28446322801756,175326.367385446,2069,1.406181640625,13.0,2.0,39.48529411764706,0
69.3165592130099,175326.399481431,2070,1.4071549479166667,9.0,2.0,39.48529411764706,0
69.35250575499958,175326.435427973,2071,1.409453125,9.0,2.0,39.48529411764706,0
69.38447891001124,175326.467401128,2072,1.4132877604166667,10.0,2.0,39.48529411764706,0
69.4164479750034,175326.499370193,2073,1.4094563802083333,8.0,2.0,39.48529411764706,0
69.45250863302499,175326.535430851,2074,1.41,11.0,2.0,39.48529411764706,0
69.48449482300202,175326.567417041,2075,1.404892578125,12.0,2.0,39.48529411764706,0
69.52042985599837,175326.603352074,2076,1.41091796875,10.0,2.0,39.48529411764706,0
69.55242828300106,175326.635350501,2077,1.4052506510416667,7.0,2.0,39.48529411764706,0
69.58440052199876,175326.66732274,2078,1.4153971354166666,8.0,2.0,39.48529411764706,0
69.62040429899935,175326.703326517,2079,1.4136360677083333,10.0,2.0,39.48529411764706,0
69.65249873499852,175326.735420953,2080,1.4105598958333334,11.0,2.0,39.48529411764706,0
69.6844596400042,175326.767381858,2081,1.412314453125,6.0,2.0,39.48529411764706,0
69.7205450850015,175326.803467303,2082,1.4173177083333333,14.0,2.0,39.48529411764706,0
69.75257331301691,175326.835495531,2083,1.4114876302083332,9.0,2.0,39.48529411764706,0
69.78859275599825,175326.871514974,2084,1.416162109375,6.0,2.0,39.48529411764706,0
69.82051240702276,175326.903434625,2085,1.415986328125,9.0,2.0,39.48529411764706,0
69.85248845300521,175326.935410671,2086,1.4110416666666667,8.0,2.0,39.48529411764706,0
69.88851162602077,175326.971433844,2087,1.412314453125,6.0,2.0,39.48529411764706,0
69.92054124301649,175327.003463461,2088,1.415927734375,8.0,2.0,39.48529411764706,0
69.95254693401512,175327.035469152,2089,1.4126692708333333,15.0,2.0,39.48529411764706,0
69.98854479202419,175327.07146701,2090,1.4123404947916667,5.0,2.0,39.48529411764706,0
70.02040177999879,175327.103323998,2091,1.4134505208333332,11.0,2.0,39.48529411764706,0
70.05243069599965,175327.135352914,2092,1.4161881510416667,7.0,2.0,39.48529411764706,0
70.08855999301886,175327.171482211,2093,1.411171875,10.0,2.0,39.48529411764706,0
70.1205461860227,175327.203468404,2094,1.4143587239583333,9.0,2.0,39.48529411764706,0
70.15653090999695,175327.239453128,2095,1.4149772135416667,8.0,2.0,39.48529411764706,0
70.18857801202103,175327.27150023,2096,1.4183951822916667,7.0,2.0,39.48529411764706,0
70.22051810001722,175327.303440318,2097,1.4130436197916667,10.0,2.0,39.48529411764706,0
70.25646218901966,175327.339384407,2098,1.4113118489583334,9.0,2.0,39.48529411764706,0
70.28845336101949,175327.371375579,2099,1.4154427083333334,5.0,2.0,39.48529411764706,0
70.32037546200445,175327.40329768,2100,1.4176139322916668,8.0,2.0,39.48529411764706,0
70.35646172100678,175327.439383939,2101,1.413583984375,12.0,2.0,39.48529411764706,0
70.38843373701093,175327.471355955,2102,1.4103385416666667,5.0,2.0,39.48529411764706,0
70.42443225800525,175327.507354476,2103,1.413310546875,10.0,2.0,39.48529411764706,0
70.4564387150167,175327.539360933,2104,1.4154231770833334,8.0,2.0,39.48529411764706,0
70.48844739599735,175327.571369614,2105,1.4112923177083334,8.0,2.0,39.48529411764706,0
70.52449066302506,175327.607412881,2106,1.4089778645833333,9.0,2.0,39.48529411764706,0
70.55644967901753,175327.639371897,2107,2.4230696614583334,254.0,16.0,39.48529411764706,1
70.58842884202022,175327.67135106,2108,2.067939453125,254.0,8.0,39.48529411764706,1
70.62442589600687,175327.707348114,2109,1.423349609375,10.0,2.0,39.48529411764706,0
70.65643245499814,175327.739354673,2110,1.419462890625,12.0,2.0,39.48529411764706,0
70.68852905501262,175327.771451273,2111,1.417568359375,11.0,2.0,39.48529411764706,0
70.72441786900163,175327.807340087,2112,1.4124674479166666,8.0,2.0,39.48529411764706,0
70.75648916402133,175327.839411382,2113,1.4259114583333334,9.0,2.0,39.48529411764706,0
70.7925727260008,175327.875494944,2114,1.4061002604166666,11.0,2.0,39.48529411764706,0
70.82434684599866,175327.907269064,2115,1.412509765625,7.0,2.0,39.48529411764706,0
70.85642138001276,175327.939343598,2116,1.4188671875,10.0,2.0,39.48529411764706,0
70.89238332500099,175327.975305543,2117,1.40810546875,8.0,2.0,39.48529411764706,0
70.92459429299925,175328.007516511,2118,1.4104361979166666,9.0,2.0,39.48529411764706,0
70.95810279701254,175328.041025015,2119,1.4137662760416667,13.0,2.0,39.48529411764706,0
70.99333242501598,175328.076254643,2120,1.4124251302083333,11.0,2.0,39.48529411764706,0
71.02457184100058,175328.107494059,2121,1.4064973958333333,11.0,2.0,39.48529411764706,0
71.06071490701288,175328.143637125,2122,1.414580078125,8.0,2.0,39.48529411764706,0
71.09254702102044,175328.175469239,2123,1.4087239583333333,10.0,2.0,39.48529411764706,0
71.124411960016,175328.207334178,2124,1.4112565104166668,7.0,2.0,39.48529411764706,0
71.16050965699833,175328.243431875,2125,1.4079915364583333,9.0,2.0,39.48529411764706,0
71.19250197699876,175328.275424195,2126,1.415859375,10.0,2.0,39.48529411764706,0
71.22439397400012,175328.307316192,2127,1.415888671875,7.0,2.0,39.48529411764706,0
71.26045898199663,175328.3433812,2128,1.40955078125,11.0,2.0,39.48529411764706,0
71.29240136302542,175328.375323581,2129,1.4053580729166666,7.0,2.0,39.48529411764706,0
71.32442121201893,175328.40734343,2130,1.4209537760416666,8.0,2.0,39.48529411764706,0
71.36087367602158,175328.443795894,2131,1.4134114583333333,8.0,2.0,39.48529411764706,0
71.39244587201392,175328.47536809,2132,1.416572265625,9.0,2.0,39.48529411764706,0
71.42844974301988,175328.511371961,2133,1.4126920572916666,6.0,2.0,39.48529411764706,0
71.4604543769965,175328.543376595,2134,1.4219401041666666,10.0,2.0,39.48529411764706,0
71.49239491199842,175328.57531713,2135,1.4070442708333333,8.0,2.0,39.48529411764706,0
71.52856161500677,175328.611483833,2136,1.4110188802083334,13.0,2.0,39.48529411764706,0
71.56049094701302,175328.643413165,2137,1.4139615885416668,8.0,2.0,39.48529411764706,0
71.5924268750241,175328.675349093,2138,1.4139518229166668,9.0,2.0,39.48529411764706,0
71.62861667701509,175328.711538895,2139,1.4119889322916668,10.0,2.0,39.48529411764706,0
71.66063149101683,175328.743553709,2140,1.4008138020833334,14.0,2.0,39.48529411764706,0
71.69649144401774,175328.779413662,2141,1.4115494791666667,6.0,2.0,39.48529411764706,0
71.72852215601597,175328.811444374,2142,1.4142447916666667,15.0,2.0,39.48529411764706,0
71.76045775102102,175328.843379969,2143,1.4099674479166666,8.0,2.0,39.48529411764706,0
71.79655286102206,175328.879475079,2144,1.4179459635416667,8.0,2.0,39.48529411764706,0
71.82854866201524,175328.91147088,2145,1.416357421875,6.0,2.0,39.48529411764706,0
71.86085657900549,175328.943778797,2146,1.4164811197916667,9.0,2.0,39.48529411764706,0
71.8965115059982,175328.979433724,2147,1.4139322916666666,9.0,2.0,39.48529411764706,0
71.92869563199929,175329.01161785,2148,1.4150162760416667,8.0,2.0,39.48529411764706,0
71.96104109700536,175329.043963315,2149,1.4151334635416666,9.0,2.0,39.48529411764706,0
71.99656864002463,175329.079490858,2150,1.404287109375,9.0,2.0,39.48529411764706,0
72.02855981700122,175329.111482035,2151,1.4172395833333333,8.0,2.0,39.48529411764706,0
72.06453224801226,175329.147454466,2152,1.4246028645833333,8.0,2.0,39.48529411764706,0
72.09661716400296,175329.179539382,2153,1.4078548177083334,9.0,2.0,39.48529411764706,0
72.12857988401083,175329.211502102,2154,1.40759765625,8.0,2.0,39.48529411764706,0
72.16470091202063,175329.24762313,2155,1.4165234375,17.0,2.0,39.48529411764706,0
72.19654699999955,175329.279469218,2156,1.412080078125,8.0,2.0,39.48529411764706,0
72.22847539902432,175329.311397617,2157,1.4101041666666667,11.0,2.0,39.48529411764706,0
72.26459516299656,175329.347517381,2158,1.415322265625,8.0,2.0,39.48529411764706,0
72.29659205701319,175329.379514275,2159,1.4243033854166667,14.0,2.0,39.48529411764706,0
72.33250328002032,175329.415425498,2160,1.4171419270833334,14.0,2.0,39.48529411764706,0
72.36460847800481,175329.447530696,2161,1.407265625,8.0,2.0,39.48529411764706,0
72.39651719800895,175329.479439416,2162,2.426139322916667,254.0,16.0,39.48529411764706,1
72.43252617900725,175329.515448397,2163,1.74123046875,243.0,5.0,39.48529411764706,1
72.46457347401883,175329.547495692,2164,1.4076529947916667,6.0,2.0,39.48529411764706,0
72.4964477350004,175329.579369953,2165,1.4179720052083333,10.0,2.0,39.48529411764706,0
72.53253271701396,175329.615454935,2166,1.4145345052083333,6.0,2.0,39.48529411764706,0
72.56456208700547,175329.647484305,2167,1.4134895833333334,7.0,2.0,39.48529411764706,0
72.59649956400972,175329.679421782,2168,1.4088346354166668,9.0,2.0,39.48529411764706,0
72.6325854989991,175329.715507717,2169,1.4148404947916666,8.0,2.0,39.48529411764706,0
72.66447917302139,175329.747401391,2170,1.4170703125,11.0,2.0,39.48529411764706,0
72.70049929901143,175329.783421517,2171,1.4091178385416667,9.0,2.0,39.48529411764706,0
72.73260411599767,175329.815526334,2172,1.4051171875,12.0,2.0,39.48529411764706,0
72.76454044500133,175329.847462663,2173,1.4177766927083333,10.0,2.0,39.48529411764706,0
72.80051272502169,175329.883434943,2174,1.4059375,10.0,2.0,39.48529411764706,0
72.8325210470066,175329.915443265,2175,1.4212467447916666,10.0,2.0,39.48529411764706,0
72.8645458810206,175329.947468099,2176,1.4144759114583334,8.0,2.0,39.48529411764706,0
72.90052366402233,175329.983445882,2177,1.4085286458333333,13.0,2.0,39.48529411764706,0
72.93255812602001,175330.015480344,2178,1.4104264322916666,8.0,2.0,39.48529411764706,0
72.96850678900955,175330.051429007,2179,1.413046875,13.0,2.0,39.48529411764706,0
73.00056204601424,175330.083484264,2180,1.4169303385416667,7.0,2.0,39.48529411764706,0
73.03252660101862,175330.115448819,2181,1.419755859375,7.0,2.0,39.48529411764706,0
73.0684616730141,175330.151383891,2182,1.4178873697916667,8.0,2.0,39.48529411764706,0
73.10049825700116,175330.183420475,2183,1.4082552083333333,8.0,2.0,39.48529411764706,0
73.13253244600492,175330.215454664,2184,1.4090690104166668,15.0,2.0,39.48529411764706,0
73.16870193602517,175330.251624154,2185,1.4108658854166667,13.0,2.0,39.48529411764706,0
73.20052646801923,175330.283448686,2186,1.4092578125,7.0,2.0,39.48529411764706,0
73.23255060301744,175330.315472821,2187,1.4168619791666666,10.0,2.0,39.48529411764706,0
73.26856681401841,175330.351489032,2188,1.4193196614583334,8.0,2.0,39.48529411764706,0
73.30066304502543,175330.383585263,2189,1.41314453125,12.0,2.0,39.48529411764706,0
73.33648267801618,175330.419404896,2190,1.4139615885416668,11.0,2.0,39.48529411764706,0
73.3685017300013,175330.451423948,2191,1.4139518229166668,8.0,2.0,39.48529411764706,0
73.40051759700873,175330.483439815,2192,1.4035807291666667,10.0,2.0,39.48529411764706,0
73.43667618601467,175330.519598404,2193,1.4203255208333334,10.0,2.0,39.48529411764706,0
73.4684886590112,175330.551410877,2194,1.4085514322916666,8.0,2.0,39.48529411764706,0
73.500516738015,175330.583438956,2195,1.4161328125,10.0,2.0,39.48529411764706,0
73.53647818000172,175330.619400398,2196,1.4149674479166667,10.0,2.0,39.48529411764706,0
73.56857821700396,175330.651500435,2197,1.4146712239583332,6.0,2.0,39.48529411764706,0
73.60449352901196,175330.687415747,2198,1.411337890625,14.0,2.0,39.48529411764706,0
73.63651883401326,175330.719441052,2199,1.41388671875,10.0,2.0,39.48529411764706,0
73.6685740170069,175330.751496235,2200,1.4110970052083334,9.0,2.0,39.48529411764706,0
73.70449232202373,175330.78741454,2201,1.4080338541666666,8.0,2.0,39.48529411764706,0
73.73651278301259,175330.819435001,2202,1.417373046875,14.0,2.0,39.48529411764706,0
73.7684744700091,175330.851396688,2203,1.41455078125,8.0,2.0,39.48529411764706,0
73.80447807200835,175330.88740029,2204,1.4119075520833333,11.0,2.0,39.48529411764706,0
73.8364407659974,175330.919362984,2205,1.4053450520833333,8.0,2.0,39.48529411764706,0
73.86860164802056,175330.951523866,2206,1.4092122395833333,8.0,2.0,39.48529411764706,0
73.90456462200382,175330.98748684,2207,1.4160221354166667,13.0,2.0,39.48529411764706,0
73.93658896599663,175331.019511184,2208,1.41416015625,10.0,2.0,39.48529411764706,0
73.97263434302295,175331.055556561,2209,1.4136328125,6.0,2.0,39.48529411764706,0
74.0046366690076,175331.087558887,2210,1.4128190104166667,7.0,2.0,39.48529411764706,0
74.03646999900229,175331.119392217,2211,1.4137858072916667,12.0,2.0,39.48529411764706,0
74.07242217601743,175331.155344394,2212,1.4092350260416666,8.0,2.0,39.48529411764706,0
74.10447349102469,175331.187395709,2213,1.4136067708333333,7.0,2.0,39.48529411764706,0
74.13646005099872,175331.219382269,2214,1.4089973958333333,10.0,2.0,39.48529411764706,0
74.1726105500129,175331.255532768,2215,1.410693359375,10.0,2.0,39.48529411764706,0
74.2044834230037,175331.287405641,2216,1.4214029947916667,9.0,2.0,39.48529411764706,0
74.24046298500616,175331.323385203,2217,1.4152083333333334,8.0,2.0,39.48529411764706,0
74.27250389702385,175331.355426115,2218,1.4177115885416667,13.0,2.0,39.48529411764706,0
74.3059018960048,175331.388824114,2219,1.4114127604166666,8.0,2.0,39.48529411764706,0
74.34740849601803,175331.430330714,2220,1.4673958333333332,14.0,3.0,39.48529411764706,0
74.37734728801297,175331.460269506,2221,2.4888932291666666,254.0,16.0,39.48529411764706,1
74.40460509099648,175331.487527309,2222,1.453076171875,9.0,2.0,39.48529411764706,0
74.44040093899821,175331.523323157,2223,1.413935546875,10.0,2.0,39.48529411764706,0
74.47249056200963,175331.55541278,2224,1.4129459635416666,11.0,2.0,39.48529411764706,0
74.50450162900961,175331.587423847,2225,1.4125162760416667,7.0,2.0,39.48529411764706,0
74.54045188700547,175331.623374105,2226,1.4102213541666666,8.0,2.0,39.48529411764706,0
74.57239337501233,175331.655315593,2227,1.410986328125,16.0,2.0,39.48529411764706,0
74.60846133701853,175331.691383555,2228,1.4144661458333334,9.0,2.0,39.48529411764706,0
74.64045412000269,175331.723376338,2229,1.4166829427083334,10.0,2.0,39.48529411764706,0
74.67251573700923,175331.755437955,2230,1.4218131510416667,9.0,2.0,39.48529411764706,0
74.70850127501762,175331.791423493,2231,1.4142513020833334,6.0,2.0,39.48529411764706,0
74.74053102300968,175331.823453241,2232,1.4170540364583333,9.0,2.0,39.48529411764706,0
74.77246306501911,175331.855385283,2233,1.4170149739583333,9.0,2.0,39.48529411764706,0
74.80846725101583,175331.891389469,2234,1.4113313802083334,8.0,2.0,39.48529411764706,0
74.8404210540175,175331.923343272,2235,1.4180305989583333,9.0,2.0,39.48529411764706,0
74.87647339201067,175331.95939561,2236,1.4184049479166667,10.0,2.0,39.48529411764706,0
74.90845422600978,175331.991376444,2237,1.41548828125,11.0,2.0,39.48529411764706,0
74.94054816800053,175332.023470386,2238,1.4242903645833334,8.0,2.0,39.48529411764706,0
74.97670923202531,175332.05963145,2239,1.4164908854166667,10.0,2.0,39.48529411764706,0
75.00858773602522,175332.091509954,2240,1.4187923177083333,8.0,2.0,39.48529411764706,0
75.04057132202433,175332.12349354,2241,1.4104915364583333,12.0,2.0,39.48529411764706,0
75.07642103399849,175332.159343252,2242,1.4054622395833334,11.0,2.0,39.48529411764706,0
75.10840777601697,175332.191329994,2243,1.4153352864583333,7.0,2.0,39.48529411764706,0
75.14056748300209,175332.223489701,2244,1.4136588541666666,8.0,2.0,39.48529411764706,0
75.1766176840174,175332.259539902,2245,1.4079915364583333,11.0,2.0,39.48529411764706,0
75.20847644901369,175332.291398667,2246,1.4087662760416666,10.0,2.0,39.48529411764706,0
75.24442665401148,175332.327348872,2247,1.407412109375,7.0,2.0,39.48529411764706,0
75.27657367201755,175332.35949589,2248,1.4103515625,12.0,2.0,39.48529411764706,0
75.30843300500419,175332.391355223,2249,1.4124283854166666,9.0,2.0,39.48529411764706,0
75.34446170201409,175332.42738392,2250,1.4102376302083333,6.0,2.0,39.48529411764706,0
75.37647004501196,175332.459392263,2251,1.416396484375,8.0,2.0,39.48529411764706,0
75.4084390180069,175332.491361236,2252,1.420361328125,13.0,2.0,39.48529411764706,0
75.44448494401877,175332.527407162,2253,1.414052734375,12.0,2.0,39.48529411764706,0
75.476462688006,175332.559384906,2254,1.409443359375,8.0,2.0,39.48529411764706,0
75.51259227501578,175332.595514493,2255,1.4186946614583333,8.0,2.0,39.48529411764706,0
75.54452268002206,175332.627444898,2256,1.408701171875,8.0,2.0,39.48529411764706,0
75.57643085101154,175332.659353069,2257,1.4228450520833333,8.0,2.0,39.48529411764706,0
75.61255640399759,175332.695478622,2258,1.4172916666666666,10.0,2.0,39.48529411764706,0
75.64449958500336,175332.727421803,2259,1.4143587239583333,6.0,2.0,39.48529411764706,0
75.67646866402356,175332.759390882,2260,1.4160188802083333,11.0,2.0,39.48529411764706,0
75.71251689302153,175332.795439111,2261,1.4081575520833334,7.0,2.0,39.48529411764706,0
75.7444109019998,175332.82733312,2262,1.414326171875,10.0,2.0,39.48529411764706,0
75.77646225399803,175332.859384472,2263,1.4188541666666667,8.0,2.0,39.48529411764706,0
75.81263642301201,175332.895558641,2264,1.4144140625,8.0,2.0,39.48529411764706,0
75.84456322801998,175332.927485446,2265,1.4148404947916666,8.0,2.0,39.48529411764706,0
75.88057968299836,175332.963501901,2266,1.414169921875,13.0,2.0,39.48529411764706,0
75.9126329520077,175332.99555517,2267,1.410185546875,10.0,2.0,39.48529411764706,0
75.9445801289985,175333.027502347,2268,1.41091796875,9.0,2.0,39.48529411764706,0
75.98058902801131,175333.063511246,2269,1.4191048177083334,10.0,2.0,39.48529411764706,0
76.01263059701887,175333.095552815,2270,1.4140234375,8.0,2.0,39.48529411764706,0
76.04446493001888,175333.127387148,2271,1.4158919270833332,14.0,2.0,39.48529411764706,0
76.08055679500103,175333.163479013,2272,1.428583984375,10.0,2.0,39.48529411764706,0
76.11250184400706,175333.195424062,2273,1.41513671875,11.0,2.0,39.48529411764706,0
76.1487338260049,175333.231656044,2274,1.4027864583333334,8.0,2.0,39.48529411764706,0
76.18069845999707,175333.263620678,2275,1.4104622395833333,8.0,2.0,39.48529411764706,0
76.21257401999901,175333.295496238,2276,1.4044791666666667,8.0,2.0,39.48529411764706,0
76.2485294820217,175333.3314517,2277,1.4068782552083334,9.0,2.0,39.48529411764706,0
76.28059001101064,175333.363512229,2278,1.4120638020833334,10.0,2.0,39.48529411764706,0
76.31251214499935,175333.395434363,2279,1.4119140625,11.0,2.0,39.48529411764706,0
76.34857660799753,175333.431498826,2280,1.4110481770833334,13.0,2.0,39.48529411764706,0
76.38055414101109,175333.463476359,2281,1.410126953125,7.0,2.0,39.48529411764706,0
76.41256985999644,175333.495492078,2282,1.4174251302083334,12.0,2.0,39.48529411764706,0
76.4485138010059,175333.531436019,2283,1.46568359375,13.0,3.0,39.48529411764706,0
76.48054463701556,175333.563466855,2284,2.485625,254.0,16.0,39.48529411764706,1
76.51657658600016,175333.599498804,2285,1.4613509114583334,9.0,2.0,39.48529411764706,0
76.54860002102214,175333.631522239,2286,1.407568359375,7.0,2.0,39.48529411764706,0
76.58051794100902,175333.663440159,2287,1.4154915364583334,13.0,2.0,39.48529411764706,0
76.61653713401756,175333.699459352,2288,1.4119075520833333,8.0,2.0,39.48529411764706,0
76.64861345500685,175333.731535673,2289,1.4108365885416667,10.0,2.0,39.48529411764706,0
76.68054641300114,175333.763468631,2290,1.4127408854166668,7.0,2.0,39.48529411764706,0
76.71661262601265,175333.799534844,2291,1.4127278645833334,14.0,2.0,39.48529411764706,0
76.74855320900679,175333.831475427,2292,1.4113997395833333,8.0,2.0,39.48529411764706,0
76.78466898199986,175333.8675912,2293,1.4115364583333334,12.0,2.0,39.48529411764706,0
76.81658497202443,175333.89950719,2294,1.40978515625,16.0,2.0,39.48529411764706,0
76.84852032602066,175333.931442544,2295,1.421904296875,8.0,2.0,39.48529411764706,0
76.88462600202183,175333.96754822,2296,1.4158170572916666,10.0,2.0,39.48529411764706,0
76.91673478399753,175333.999657002,2297,1.411181640625,13.0,2.0,39.48529411764706,0
76.94861076099914,175334.031532979,2298,1.409423828125,9.0,2.0,39.48529411764706,0
76.9845746330102,175334.067496851,2299,1.4045768229166666,8.0,2.0,39.48529411764706,0
77.01674416800961,175334.099666386,2300,1.40486328125,12.0,2.0,39.48529411764706,0
77.04858585100737,175334.131508069,2301,1.4127669270833334,9.0,2.0,39.48529411764706,0
77.08460852599819,175334.167530744,2302,1.4042154947916667,9.0,2.0,39.48529411764706,0
77.11653251401731,175334.199454732,2303,1.4146875,7.0,2.0,39.48529411764706,0
77.15260558199952,175334.2355278,2304,1.4157356770833334,8.0,2.0,39.48529411764706,0
77.1846847210254,175334.267606939,2305,1.4131119791666666,9.0,2.0,39.48529411764706,0
77.21650782600045,175334.299430044,2306,1.4153287760416666,8.0,2.0,39.48529411764706,0
77.25250590001815,175334.335428118,2307,1.4167936197916666,8.0,2.0,39.48529411764706,0
77.28455502699944,175334.367477245,2308,1.413837890625,8.0,2.0,39.48529411764706,0
77.3165526430239,175334.399474861,2309,1.417060546875,7.0,2.0,39.48529411764706,0
77.35253025300335,175334.435452471,2310,1.414560546875,10.0,2.0,39.48529411764706,0
77.38452882200363,175334.46745104,2311,1.4200390625,6.0,2.0,39.48529411764706,0
77.42054165899754,175334.503463877,2312,1.4173697916666668,7.0,2.0,39.48529411764706,0
77.4525425400061,175334.535464758,2313,1.412763671875,9.0,2.0,39.48529411764706,0
77.4848545800196,175334.567776798,2314,1.4127766927083334,8.0,2.0,39.48529411764706,0
77.52179846700164,175334.604720685,2315,1.4120442708333334,10.0,2.0,39.48529411764706,0
77.55375087499851,175334.636673093,2316,1.4105143229166666,17.0,2.0,39.48529411764706,0
77.58456066899817,175334.667482887,2317,1.418671875,10.0,2.0,39.48529411764706,0
77.62049967900384,175334.703421897,2318,1.423857421875,8.0,2.0,39.48529411764706,0
77.65250497401576,175334.735427192,2319,1.4161100260416666,7.0,2.0,39.48529411764706,0
77.68455337701016,175334.767475595,2320,1.410751953125,6.0,2.0,39.48529411764706,0
77.72049067102489,175334.803412889,2321,1.4113606770833333,9.0,2.0,39.48529411764706,0
77.75244942502468,175334.835371643,2322,1.4168522135416666,8.0,2.0,39.48529411764706,0
77.78844309001579,175334.871365308,2323,1.4145475260416667,12.0,2.0,39.48529411764706,0
77.82053269300377,175334.903454911,2324,1.4171419270833334,10.0,2.0,39.48529411764706,0
77.85252082400257,175334.935443042,2325,1.4113932291666667,10.0,2.0,39.48529411764706,0
77.88903069202206,175334.97195291,2326,1.4148795572916666,9.0,2.0,39.48529411764706,0
77.92062284902204,175335.003545067,2327,1.4172265625,9.0,2.0,39.48529411764706,0
77.95258310000645,175335.035505318,2328,1.415712890625,13.0,2.0,39.48529411764706,0
77.98866309699952,175335.071585315,2329,1.4089290364583333,10.0,2.0,39.48529411764706,0
78.0205543100019,175335.103476528,2330,1.4040104166666667,8.0,2.0,39.48529411764706,0
78.05667055601953,175335.139592774,2331,1.410576171875,14.0,2.0,39.48529411764706,0
78.08847813401371,175335.171400352,2332,1.4033430989583333,7.0,2.0,39.48529411764706,0
78.12060836001183,175335.203530578,2333,1.4127734375,8.0,2.0,39.48529411764706,0
78.15669138199883,175335.2396136,2334,1.4115462239583334,13.0,2.0,39.48529411764706,0
78.18862671000534,175335.271548928,2335,1.4062467447916667,10.0,2.0,39.48529411764706,0
78.22050721501,175335.303429433,2336,1.4158170572916666,9.0,2.0,39.48529411764706,0
78.25661796101485,175335.339540179,2337,1.4182421875,13.0,2.0,39.48529411764706,0
78.28859531800845,175335.371517536,2338,1.416904296875,8.0,2.0,39.48529411764706,0
78.32051144901197,175335.403433667,2339,1.4158658854166666,7.0,2.0,39.48529411764706,0
78.35654333300772,175335.439465551,2340,1.405908203125,8.0,2.0,39.48529411764706,0
78.38854521900066,175335.471467437,2341,1.4071809895833334,7.0,2.0,39.48529411764706,0
78.42453209601808,175335.507454314,2342,1.406552734375,9.0,2.0,39.48529411764706,0
78.45648433000315,175335.539406548,2343,1.414853515625,6.0,2.0,39.48529411764706,0
78.48850560901337,175335.571427827,2344,1.4162630208333333,8.0,2.0,39.48529411764706,0
78.52447541701258,175335.607397635,2345,1.4088932291666667,8.0,2.0,39.48529411764706,0
78.55652626400115,175335.639448482,2346,1.4081510416666667,7.0,2.0,39.48529411764706,0
78.58847542002331,175335.671397638,2347,1.409814453125,9.0,2.0,39.48529411764706,0
78.62454347399762,175335.707465692,2348,1.4182552083333333,9.0,2.0,39.48529411764706,0
78.65648041199893,175335.73940263,2349,1.5522526041666667,20.0,5.0,39.48529411764706,0
78.69248933100607,175335.775411549,2350,2.429111328125,254.0,16.0,39.48529411764706,1
78.72450246001245,175335.807424678,2351,1.44111328125,9.0,2.0,39.48529411764706,0
78.7564331300091,175335.839355348,2352,1.4161165364583332,6.0,2.0,39.48529411764706,0
78.79249369201716,175335.87541591,2353,1.4178678385416668,9.0,2.0,39.48529411764706,0
78.82441362700774,175335.907335845,2354,1.40826171875,9.0,2.0,39.48529411764706,0
78.85641772401868,175335.939339942,2355,1.3993294270833334,12.0,2.0,39.48529411764706,0
78.89248331601266,175335.975405534,2356,1.40455078125,13.0,2.0,39.48529411764706,0
78.92456047900487,175336.007482697,2357,1.4082845052083333,10.0,2.0,39.48529411764706,0
78.96043118002126,175336.043353398,2358,1.4119954427083334,9.0,2.0,39.48529411764706,0
78.99255231002462,175336.075474528,2359,1.4162630208333333,9.0,2.0,39.48529411764706,0
79.02454723900883,175336.107469457,2360,1.4108268229166667,8.0,2.0,39.48529411764706,0
79.06048147199908,175336.14340369,2361,1.4081803385416667,8.0,2.0,39.48529411764706,0
79.09255101101007,175336.175473229,2362,1.4078450520833334,7.0,2.0,39.48529411764706,0
79.12454268999863,175336.207464908,2363,1.4133951822916666,7.0,2.0,39.48529411764706,0
79.16061052901205,175336.243532747,2364,1.4193684895833334,7.0,2.0,39.48529411764706,0
79.19252814899664,175336.275450367,2365,1.4047884114583333,8.0,2.0,39.48529411764706,0
79.22455315402476,175336.307475372,2366,1.41041015625,7.0,2.0,39.48529411764706,0
79.2604134780122,175336.343335696,2367,1.4087630208333333,9.0,2.0,39.48529411764706,0
79.29240424302407,175336.375326461,2368,1.4095247395833332,7.0,2.0,39.48529411764706,0
79.32876654100255,175336.411688759,2369,1.4153743489583333,7.0,2.0,39.48529411764706,0
79.36044102101005,175336.443363239,2370,1.4131380208333333,10.0,2.0,39.48529411764706,0
79.39246556401486,175336.475387782,2371,1.4109733072916666,9.0,2.0,39.48529411764706,0
79.42844875101582,175336.511370969,2372,1.409501953125,10.0,2.0,39.48529411764706,0
79.46044061501743,175336.543362833,2373,1.4123111979166667,8.0,2.0,39.48529411764706,0
79.4924452730047,175336.575367491,2374,1.4219368489583333,8.0,2.0,39.48529411764706,0
79.52843176902388,175336.611353987,2375,1.4154361979166667,12.0,2.0,39.48529411764706,0
79.5604463260097,175336.643368544,2376,1.4083561197916667,8.0,2.0,39.48529411764706,0
79.59658393400605,175336.679506152,2377,1.4208333333333334,9.0,2.0,39.48529411764706,0
79.62855108099757,175336.711473299,2378,1.4179752604166667,10.0,2.0,39.48529411764706,0
79.6604480399983,175336.743370258,2379,1.4106705729166666,7.0,2.0,39.48529411764706,0
79.69662350800354,175336.779545726,2380,1.4125390625,7.0,2.0,39.48529411764706,0
79.72847696900135,175336.811399187,2381,1.4192610677083333,7.0,2.0,39.48529411764706,0
79.7604480140144,175336.843370232,2382,1.4148177083333333,6.0,2.0,39.48529411764706,0
79.79771720801364,175336.880639426,2383,1.4085677083333332,15.0,2.0,39.48529411764706,0
79.83174253100879,175336.914664749,2384,1.4134537760416668,9.0,2.0,39.48529411764706,0
79.86055122100515,175336.943473439,2385,1.4118522135416667,9.0,2.0,39.48529411764706,0
79.89661504101241,175336.979537259,2386,1.4128287760416667,8.0,2.0,39.48529411764706,0
79.92878030700376,175337.011702525,2387,1.408203125,8.0,2.0,39.48529411764706,0
79.96454120002454,175337.047463418,2388,1.4163639322916666,13.0,2.0,39.48529411764706,0
79.99682656000368,175337.079748778,2389,1.4059928385416667,12.0,2.0,39.48529411764706,0
80.02848346301471,175337.111405681,2390,1.4089615885416666,8.0,2.0,39.48529411764706,0
80.06461110099917,175337.147533319,2391,1.4144140625,6.0,2.0,39.48529411764706,0
80.09666848901543,175337.179590707,2392,1.41544921875,11.0,2.0,39.48529411764706,0
80.12849726100103,175337.211419479,2393,1.41861328125,10.0,2.0,39.48529411764706,0
80.16470427700551,175337.247626495,2394,1.41447265625,7.0,2.0,39.48529411764706,0
80.19664850900881,175337.279570727,2395,1.4161197916666666,8.0,2.0,39.48529411764706,0
80.23256455000956,175337.315486768,2396,1.4142740885416667,10.0,2.0,39.48529411764706,0
80.26462980301585,175337.347552021,2397,1.4112890625,8.0,2.0,39.48529411764706,0
80.29660155301099,175337.379523771,2398,1.4169563802083334,10.0,2.0,39.48529411764706,0
80.33249462401727,175337.415416842,2399,1.4145345052083333,9.0,2.0,39.48529411764706,0
80.36459087100229,175337.447513089,2400,1.4078548177083334,16.0,2.0,39.48529411764706,0
80.39652742902399,175337.479449647,2401,1.4117936197916667,8.0,2.0,39.48529411764706,0
80.43242400500458,175337.515346223,2402,1.4143815104166666,10.0,2.0,39.48529411764706,0
80.46457588899648,175337.547498107,2403,1.4116796875,10.0,2.0,39.48529411764706,0
80.49663914300618,175337.579561361,2404,1.4062044270833334,11.0,2.0,39.48529411764706,0
80.53242304001469,175337.615345258,2405,1.4172330729166667,6.0,2.0,39.48529411764706,0
80.56459452401032,175337.647516742,2406,1.4128580729166667,10.0,2.0,39.48529411764706,0
80.60039705201052,175337.68331927,2407,1.4712076822916667,14.0,3.0,39.48529411764706,0
80.63244324800326,175337.715365466,2408,2.4809049479166667,254.0,16.0,39.48529411764706,1
80.66450548599823,175337.747427704,2409,1.46203125,9.0,2.0,39.48529411764706,0
80.70038389100228,175337.783306109,2410,1.4118033854166667,12.0,2.0,39.48529411764706,0
80.73244912200607,175337.81537134,2411,1.4072591145833333,8.0,2.0,39.48529411764706,0
80.76455694600008,175337.847479164,2412,1.420146484375,7.0,2.0,39.48529411764706,0
80.80045722800423,175337.883379446,2413,1.4173828125,10.0,2.0,39.48529411764706,0
80.83243419602513,175337.915356414,2414,1.4101985677083333,10.0,2.0,39.48529411764706,0
80.86845575101324,175337.951377969,2415,1.4135091145833334,8.0,2.0,39.48529411764706,0
80.90047018500627,175337.983392403,2416,1.4062044270833334,10.0,2.0,39.48529411764706,0
80.93248657899676,175338.015408797,2417,1.4159602864583334,8.0,2.0,39.48529411764706,0
80.9684316230123,175338.051353841,2418,1.41146484375,14.0,2.0,39.48529411764706,0
81.00043231999734,175338.083354538,2419,1.4097330729166666,9.0,2.0,39.48529411764706,0
81.03247565001948,175338.115397868,2420,1.411875,8.0,2.0,39.48529411764706,0
81.06843207700877,175338.151354295,2421,1.41330078125,7.0,2.0,39.48529411764706,0
81.100447919016,175338.183370137,2422,1.4069303385416667,8.0,2.0,39.48529411764706,0
81.13247766901623,175338.215399887,2423,1.4134440104166666,7.0,2.0,39.48529411764706,0
81.16849907900905,175338.251421297,2424,1.4095279947916666,9.0,2.0,39.48529411764706,0
81.20037030801177,175338.283292526,2425,1.4116048177083333,8.0,2.0,39.48529411764706,0
81.23643157002516,175338.319353788,2426,1.412119140625,6.0,2.0,39.48529411764706,0
81.26855878901551,175338.351481007,2427,1.4143912760416666,9.0,2.0,39.48529411764706,0
81.30044428401743,175338.383366502,2428,1.4084537760416667,9.0,2.0,39.48529411764706,0
81.33648934299708,175338.419411561,2429,1.4075944010416668,8.0,2.0,39.48529411764706,0
81.36847492100787,175338.451397139,2430,1.4179329427083334,11.0,2.0,39.48529411764706,0
81.40041932402528,175338.483341542,2431,1.4083365885416668,14.0,2.0,39.48529411764706,0
81.43640555700404,175338.519327775,2432,1.4149446614583334,10.0,2.0,39.48529411764706,0
81.46845099702477,175338.551373215,2433,1.4154622395833334,7.0,2.0,39.48529411764706,0
81.50449657000718,175338.587418788,2434,1.4131608072916666,8.0,2.0,39.48529411764706,0
81.5364404420252,175338.61936266,2435,1.4083268229166668,8.0,2.0,39.48529411764706,0
81.56841839500703,175338.651340613,2436,1.414912109375,12.0,2.0,39.48529411764706,0
81.60446248401422,175338.687384702,2437,1.4086197916666667,8.0,2.0,39.48529411764706,0
81.63644099602243,175338.719363214,2438,1.4072819010416666,6.0,2.0,39.48529411764706,0
81.66842967702542,175338.751351895,2439,1.40916015625,9.0,2.0,39.48529411764706,0
81.704478286003,175338.787400504,2440,1.4052994791666666,13.0,2.0,39.48529411764706,0
81.73646398002165,175338.819386198,2441,1.4139680989583334,10.0,2.0,39.48529411764706,0
81.76843026900315,175338.851352487,2442,1.4103059895833334,11.0,2.0,39.48529411764706,0
81.80444155601435,175338.887363774,2443,1.4131575520833333,12.0,2.0,39.48529411764706,0
81.83641641100985,175338.919338629,2444,1.4168619791666666,14.0,2.0,39.48529411764706,0
81.87247338102316,175338.955395599,2445,1.411318359375,8.0,2.0,39.48529411764706,0
81.90446448500734,175338.987386703,2446,1.4147005208333334,6.0,2.0,39.48529411764706,0
81.93643093900755,175339.019353157,2447,1.4159147135416668,9.0,2.0,39.48529411764706,0
81.97245961902081,175339.055381837,2448,1.4125716145833334,10.0,2.0,39.48529411764706,0
82.00451133100432,175339.087433549,2449,1.4163509114583333,8.0,2.0,39.48529411764706,0
82.03644321102183,175339.119365429,2450,1.4090983072916667,6.0,2.0,39.48529411764706,0
82.0724170379981,175339.155339256,2451,1.40669921875,6.0,2.0,39.48529411764706,0
82.10447259800276,175339.187394816,2452,1.40615234375,9.0,2.0,39.48529411764706,0
82.1404795620183,175339.22340178,2453,1.40732421875,14.0,2.0,39.48529411764706,0
82.17246028702357,175339.255382505,2454,1.413212890625,10.0,2.0,39.48529411764706,0
82.20437901600963,175339.287301234,2455,1.4138313802083333,7.0,2.0,39.48529411764706,0
82.2404332900187,175339.323355508,2456,1.413759765625,8.0,2.0,39.48529411764706,0
82.27237914700527,175339.355301365,2457,1.4116080729166667,12.0,2.0,39.48529411764706,0
82.30444042899762,175339.387362647,2458,1.4100130208333332,12.0,2.0,39.48529411764706,0
82.34043158800341,175339.423353806,2459,1.4116731770833333,7.0,2.0,39.48529411764706,0
82.37243300300906,175339.455355221,2460,1.4097135416666666,12.0,2.0,39.48529411764706,0
82.4044103580236,175339.487332576,2461,1.41513671875,9.0,2.0,39.48529411764706,0
82.44050015101675,175339.523422369,2462,1.4178483072916668,9.0,2.0,39.48529411764706,0
82.47243612102466,175339.555358339,2463,1.40982421875,9.0,2.0,39.48529411764706,0
82.50846188000287,175339.591384098,2464,1.4108430989583334,7.0,2.0,39.48529411764706,0
82.54045461301575,175339.623376831,2465,2.16025390625,254.0,12.0,39.48529411764706,1
82.57245831302134,175339.655380531,2466,2.421015625,254.0,16.0,39.48529411764706,1
82.60849742800929,175339.691419646,2467,1.4410904947916667,13.0,2.0,39.48529411764706,0
82.64044472502428,175339.723366943,2468,1.4051725260416668,6.0,2.0,39.48529411764706,0
82.67241062800167,175339.755332846,2469,1.4201399739583334,11.0,2.0,39.48529411764706,0
82.70848016801756,175339.791402386,2470,1.40666015625,9.0,2.0,39.48529411764706,0
82.74052794300951,175339.823450161,2471,1.4142317708333334,10.0,2.0,39.48529411764706,0
82.7764831110253,175339.859405329,2472,1.4102669270833332,8.0,2.0,39.48529411764706,0
82.80848648300162,175339.891408701,2473,1.4066080729166666,7.0,2.0,39.48529411764706,0
82.84044644402456,175339.923368662,2474,1.4179231770833334,8.0,2.0,39.48529411764706,0
82.8764801530051,175339.959402371,2475,1.4149186197916668,8.0,2.0,39.48529411764706,0
82.90849252400221,175339.991414742,2476,1.4145540364583333,11.0,2.0,39.48529411764706,0
82.94045757301501,175340.023379791,2477,1.4211197916666667,9.0,2.0,39.48529411764706,0
82.97647459001746,175340.059396808,2478,1.4096321614583334,10.0,2.0,39.48529411764706,0
83.00842496199766,175340.09134718,2479,1.409267578125,11.0,2.0,39.48529411764706,0
83.04047605601954,175340.123398274,2480,1.4038444010416666,6.0,2.0,39.48529411764706,0
83.07649065001169,175340.159412868,2481,1.4086295572916667,7.0,2.0,39.48529411764706,0
83.10838661302114,175340.191308831,2482,1.406337890625,9.0,2.0,39.48529411764706,0
83.14449052899727,175340.227412747,2483,1.4151790364583334,10.0,2.0,39.48529411764706,0
83.17639970901655,175340.259321927,2484,1.4148893229166666,6.0,2.0,39.48529411764706,0
83.20845114902477,175340.291373367,2485,1.4148665364583333,10.0,2.0,39.48529411764706,0
83.24449722701684,175340.327419445,2486,1.4157389322916667,8.0,2.0,39.48529411764706,0
83.27647070999956,175340.359392928,2487,1.410029296875,11.0,2.0,39.48529411764706,0
83.30845092001255,175340.391373138,2488,1.407587890625,12.0,2.0,39.48529411764706,0
83.34451881202403,175340.42744103,2489,1.4159602864583334,7.0,2.0,39.48529411764706,0
83.3765307800204,175340.459452998,2490,1.4152864583333333,10.0,2.0,39.48529411764706,0
83.4125206550234,175340.495442873,2491,1.4089029947916667,8.0,2.0,39.48529411764706,0
83.44449230202008,175340.52741452,2492,1.4139973958333334,8.0,2.0,39.48529411764706,0
83.47641870001098,175340.559340918,2493,1.4141243489583333,8.0,2.0,39.48529411764706,0
83.51251849500113,175340.595440713,2494,1.4147526041666667,9.0,2.0,39.48529411764706,0
83.54448709700955,175340.627409315,2495,1.4048014322916667,12.0,2.0,39.48529411764706,0
83.5764750810049,175340.659397299,2496,1.4085546875,6.0,2.0,39.48529411764706,0
83.61261193201062,175340.69553415,2497,1.4152376302083334,8.0,2.0,39.48529411764706,0
83.64446729200426,175340.72738951,2498,1.40822265625,10.0,2.0,39.48529411764706,0
83.6764713890152,175340.759393607,2499,1.4098372395833334,14.0,2.0,39.48529411764706,0
83.71255513399956,175340.795477352,2500,1.4172005208333334,12.0,2.0,39.48529411764706,0
83.7444156690035,175340.827337887,2501,1.41380859375,6.0,2.0,39.48529411764706,0
83.7805802260118,175340.863502444,2502,1.4105208333333332,8.0,2.0,39.48529411764706,0
83.8125621220097,175340.89548434,2503,1.4128255208333333,13.0,2.0,39.48529411764706,0
83.84446809100336,175340.927390309,2504,1.4120149739583334,9.0,2.0,39.48529411764706,0
83.88049576600315,175340.963417984,2505,1.418681640625,12.0,2.0,39.48529411764706,0
83.91256637399783,175340.995488592,2506,1.4076692708333334,10.0,2.0,39.48529411764706,0
83.94442812001216,175341.027350338,2507,1.41142578125,7.0,2.0,39.48529411764706,0
83.98210057301912,175341.065022791,2508,1.4111881510416666,6.0,2.0,39.48529411764706,0
84.01595215802081,175341.098874376,2509,1.4202408854166666,9.0,2.0,39.48529411764706,0
84.04858718501055,175341.131509403,2510,1.409560546875,6.0,2.0,39.48529411764706,0
84.0805043830187,175341.163426601,2511,1.41755859375,13.0,2.0,39.48529411764706,0
84.11255979799898,175341.195482016,2512,1.4070670572916666,11.0,2.0,39.48529411764706,0
84.14853031301755,175341.231452531,2513,1.4092024739583333,11.0,2.0,39.48529411764706,0
84.18053698400036,175341.263459202,2514,1.414443359375,6.0,2.0,39.48529411764706,0
84.2125600730069,175341.295482291,2515,1.4131022135416667,8.0,2.0,39.48529411764706,0
84.24849899302353,175341.331421211,2516,1.4137858072916667,9.0,2.0,39.48529411764706,0
84.2805128750042,175341.363435093,2517,1.4193196614583334,6.0,2.0,39.48529411764706,0
84.31264372900478,175341.395565947,2518,1.4138899739583333,8.0,2.0,39.48529411764706,0
84.34853551600827,175341.431457734,2519,1.40734375,13.0,2.0,39.48529411764706,0
84.38049903901992,175341.463421257,2520,1.406806640625,10.0,2.0,39.48529411764706,0
84.41658218900557,175341.499504407,2521,1.41193359375,7.0,2.0,39.48529411764706,0
84.44861007601139,175341.531532294,2522,1.420283203125,12.0,2.0,39.48529411764706,0
84.4805326120113,175341.56345483,2523,1.4131705729166666,7.0,2.0,39.48529411764706,0
84.5164766460075,175341.599398864,2524,1.4055859375,9.0,2.0,39.48529411764706,0
84.54853237501811,175341.631454593,2525,2.443961588541667,254.0,16.0,39.48529411764706,1
84.5804700209992,175341.663392239,2526,2.438138020833333,254.0,16.0,39.48529411764706,1
84.61646226802259,175341.699384486,2527,1.43953125,11.0,2.0,39.48529411764706,0
84.64853124899673,175341.731453467,2528,1.4263444010416666,6.0,2.0,39.48529411764706,0
84.68452231201809,175341.76744453,2529,1.4114453125,15.0,2.0,39.48529411764706,0
84.71648603799986,175341.799408256,2530,1.4078092447916666,8.0,2.0,39.48529411764706,0
84.74848562700208,175341.831407845,2531,1.4180729166666666,12.0,2.0,39.48529411764706,0
84.78449818500667,175341.867420403,2532,1.423095703125,8.0,2.0,39.48529411764706,0
84.81651174800936,175341.899433966,2533,1.4176204427083334,8.0,2.0,39.48529411764706,0
84.84851493302267,175341.931437151,2534,1.4155729166666666,7.0,2.0,39.48529411764706,0
84.8845799890114,175341.967502207,2535,1.4158333333333333,12.0,2.0,39.48529411764706,0
84.91654873499647,175341.999470953,2536,1.4096614583333333,10.0,2.0,39.48529411764706,0
84.94860507501289,175342.031527293,2537,1.41392578125,8.0,2.0,39.48529411764706,0
84.98448817699682,175342.067410395,2538,1.4090234375,7.0,2.0,39.48529411764706,0
85.0165727249987,175342.099494943,2539,1.41279296875,6.0,2.0,39.48529411764706,0
85.0524822800071,175342.135404498,2540,1.4098209635416667,6.0,2.0,39.48529411764706,0
85.0844707369979,175342.167392955,2541,1.412783203125,12.0,2.0,39.48529411764706,0
85.11648167899693,175342.199403897,2542,1.4158561197916666,10.0,2.0,39.48529411764706,0
85.15252513901214,175342.235447357,2543,1.42125,12.0,2.0,39.48529411764706,0
85.18446263100486,175342.267384849,2544,1.423408203125,8.0,2.0,39.48529411764706,0
85.21646848501405,175342.299390703,2545,1.4117513020833334,15.0,2.0,39.48529411764706,0
85.25255558700883,175342.335477805,2546,1.4070703125,9.0,2.0,39.48529411764706,0
85.28450734700891,175342.367429565,2547,1.4197037760416666,7.0,2.0,39.48529411764706,0
85.32049119201838,175342.40341341,2548,1.405673828125,8.0,2.0,39.48529411764706,0
85.35248701900127,175342.435409237,2549,1.403544921875,11.0,2.0,39.48529411764706,0
85.38444354201783,175342.46736576,2550,1.4124381510416666,8.0,2.0,39.48529411764706,0
85.42048311702092,175342.503405335,2551,1.4111295572916667,10.0,2.0,39.48529411764706,0
85.45273286901647,175342.535655087,2552,1.4158333333333333,12.0,2.0,39.48529411764706,0
85.48529229601263,175342.568214514,2553,1.417548828125,6.0,2.0,39.48529411764706,0
85.5205016140244,175342.603423832,2554,1.4106868489583333,7.0,2.0,39.48529411764706,0
85.55253706901567,175342.635459287,2555,1.4182259114583333,12.0,2.0,39.48529411764706,0
85.58448406800744,175342.667406286,2556,1.4103776041666667,8.0,2.0,39.48529411764706,0
85.62049962600577,175342.703421844,2557,1.4148404947916666,8.0,2.0,39.48529411764706,0
85.65264559100615,175342.735567809,2558,1.4197265625,10.0,2.0,39.48529411764706,0
85.68849321702146,175342.771415435,2559,1.410517578125,8.0,2.0,39.48529411764706,0
85.7205536350084,175342.803475853,2560,1.4133463541666667,7.0,2.0,39.48529411764706,0
85.75245869002538,175342.835380908,2561,1.4142513020833334,13.0,2.0,39.48529411764706,0
85.78851358999964,175342.871435808,2562,1.41509765625,10.0,2.0,39.48529411764706,0
85.82052400801331,175342.903446226,2563,1.419736328125,10.0,2.0,39.48529411764706,0
85.85246511301375,175342.935387331,2564,1.4150716145833333,13.0,2.0,39.48529411764706,0
85.88851430901559,175342.971436527,2565,1.41482421875,8.0,2.0,39.48529411764706,0
85.92049739102367,175343.003419609,2566,1.4092708333333333,6.0,2.0,39.48529411764706,0
85.95647365800687,175343.039395876,2567,1.413125,6.0,2.0,39.48529411764706,0
85.9885346860101,175343.071456904,2568,1.4124283854166666,6.0,2.0,39.48529411764706,0
86.02047924901126,175343.103401467,2569,1.415185546875,8.0,2.0,39.48529411764706,0
86.05650440300815,175343.139426621,2570,1.4114615885416666,9.0,2.0,39.48529411764706,0
86.08850275402074,175343.171424972,2571,1.4071256510416668,8.0,2.0,39.48529411764706,0
86.12041429200326,175343.20333651,2572,1.4152506510416667,10.0,2.0,39.48529411764706,0
86.1564694760018,175343.239391694,2573,1.4143229166666667,8.0,2.0,39.48529411764706,0
86.18850201100577,175343.271424229,2574,1.4179069010416667,10.0,2.0,39.48529411764706,0
86.22050687100273,175343.303429089,2575,1.4091178385416667,12.0,2.0,39.48529411764706,0
86.25651326202205,175343.33943548,2576,1.4141471354166666,8.0,2.0,39.48529411764706,0
86.28844494200894,175343.37136716,2577,1.4098893229166667,15.0,2.0,39.48529411764706,0
86.32452496699989,175343.407447185,2578,1.4042610677083334,7.0,2.0,39.48529411764706,0
86.35649421002017,175343.439416428,2579,1.4133658854166666,6.0,2.0,39.48529411764706,0
86.38846418700996,175343.471386405,2580,1.415810546875,11.0,2.0,39.48529411764706,0
86.42451971702394,175343.507441935,2581,1.414990234375,8.0,2.0,39.48529411764706,0
86.45658638500026,175343.539508603,2582,1.418603515625,8.0,2.0,39.48529411764706,0
86.48888845002512,175343.571810668,2583,1.4120703125,9.0,2.0,39.48529411764706,0
86.52456266400986,175343.607484882,2584,1.4224934895833334,6.0,2.0,39.48529411764706,0
86.55663042000378,175343.639552638,2585,1.4085286458333333,7.0,2.0,39.48529411764706,0
86.59248152401415,175343.675403742,2586,1.4091080729166667,8.0,2.0,39.48529411764706,0
86.62454326602165,175343.707465484,2587,1.41978515625,8.0,2.0,39.48529411764706,0
86.65639995300444,175343.739322171,2588,1.4182779947916666,8.0,2.0,39.48529411764706,0
86.6924965030048,175343.775418721,2589,2.30099609375,254.0,15.0,39.48529411764706,1
86.72452608699678,175343.807448305,2590,2.414759114583333,254.0,16.0,39.48529411764706,1
86.75646018001135,175343.839382398,2591,1.4339518229166666,12.0,2.0,39.48529411764706,0
86.79253316301038,175343.875455381,2592,1.410107421875,8.0,2.0,39.48529411764706,0
86.82449066502159,175343.907412883,2593,1.4147330729166667,8.0,2.0,39.48529411764706,0
86.85656975102029,175343.939491969,2594,1.408583984375,7.0,2.0,39.48529411764706,0
86.89251554801012,175343.975437766,2595,1.4168717447916668,12.0,2.0,39.48529411764706,0
86.92445102499914,175344.007373243,2596,1.4128873697916666,9.0,2.0,39.48529411764706,0
86.96051151902066,175344.043433737,2597,1.4072819010416666,13.0,2.0,39.48529411764706,0
86.99245390100987,175344.075376119,2598,1.4171451822916667,10.0,2.0,39.48529411764706,0
87.0244389460131,175344.107361164,2599,1.4056966145833334,7.0,2.0,39.48529411764706,0
87.06050696401508,175344.143429182,2600,1.4130045572916667,11.0,2.0,39.48529411764706,0
87.09255730500445,175344.175479523,2601,1.405517578125,7.0,2.0,39.48529411764706,0
87.12452143602422,175344.207443654,2602,1.420107421875,7.0,2.0,39.48529411764706,0
87.16048791102367,175344.243410129,2603,1.4081315104166667,9.0,2.0,39.48529411764706,0
87.19253620901145,175344.275458427,2604,1.41912109375,8.0,2.0,39.48529411764706,0
87.22848254902055,175344.311404767,2605,1.4089453125,6.0,2.0,39.48529411764706,0
87.26046866099932,175344.343390879,2606,1.4101790364583333,10.0,2.0,39.48529411764706,0
87.29246268302086,175344.375384901,2607,1.4135611979166667,9.0,2.0,39.48529411764706,0
87.32851324201329,175344.41143546,2608,1.4121061197916667,17.0,2.0,39.48529411764706,0
87.36049051300506,175344.443412731,2609,1.4184928385416666,8.0,2.0,39.48529411764706,0
87.39240315899951,175344.475325377,2610,1.4112467447916666,9.0,2.0,39.48529411764706,0
87.42864113202086,175344.51156335,2611,1.4122298177083332,8.0,2.0,39.48529411764706,0
87.46053870100877,175344.543460919,2612,1.4099251302083333,10.0,2.0,39.48529411764706,0
87.49246638600016,175344.575388604,2613,1.4130436197916667,10.0,2.0,39.48529411764706,0
87.52852518300642,175344.611447401,2614,1.419599609375,7.0,2.0,39.48529411764706,0
87.5604916390148,175344.643413857,2615,1.4145475260416667,10.0,2.0,39.48529411764706,0
87.59653097501723,175344.679453193,2616,1.4118489583333333,9.0,2.0,39.48529411764706,0
87.62852724801633,175344.711449466,2617,1.4180305989583333,8.0,2.0,39.48529411764706,0
87.66043562800041,175344.743357846,2618,1.4089029947916667,6.0,2.0,39.48529411764706,0
87.69653882100829,175344.779461039,2619,1.4090755208333334,9.0,2.0,39.48529411764706,0
87.72851641100715,175344.811438629,2620,1.4227669270833334,7.0,2.0,39.48529411764706,0
87.76042786700418,175344.843350085,2621,1.415283203125,6.0,2.0,39.48529411764706,0
87.79663052302203,175344.879552741,2622,1.4170149739583333,10.0,2.0,39.48529411764706,0
87.82853513100417,175344.911457349,2623,1.4146126302083333,6.0,2.0,39.48529411764706,0
87.86462699002004,175344.947549208,2624,1.4093977864583334,8.0,2.0,39.48529411764706,0
87.89653051001369,175344.979452728,2625,1.4158528645833333,6.0,2.0,39.48529411764706,0
87.928482258023,175345.011404476,2626,1.4163704427083332,8.0,2.0,39.48529411764706,0
87.96455505900667,175345.047477277,2627,1.4183528645833334,7.0,2.0,39.48529411764706,0
87.99649553300696,175345.079417751,2628,1.4137955729166667,10.0,2.0,39.48529411764706,0
88.02846856199903,175345.11139078,2629,1.4166243489583332,7.0,2.0,39.48529411764706,0
88.06453616000363,175345.147458378,2630,1.4125065104166667,8.0,2.0,39.48529411764706,0
88.09657883201726,175345.17950105,2631,1.4041731770833332,8.0,2.0,39.48529411764706,0
88.12847439802135,175345.211396616,2632,1.4117154947916666,6.0,2.0,39.48529411764706,0
88.1645369650214,175345.247459183,2633,1.4149934895833334,21.0,2.0,39.48529411764706,0
88.19674156300607,175345.279663781,2634,1.40587890625,7.0,2.0,39.48529411764706,0
88.23256904500886,175345.315491263,2635,1.4136360677083333,10.0,2.0,39.48529411764706,0
88.26454235301935,175345.347464571,2636,1.4087076822916667,10.0,2.0,39.48529411764706,0
88.29643539700191,175345.379357615,2637,1.40978515625,8.0,2.0,39.48529411764706,0
88.33258250801009,175345.415504726,2638,1.412119140625,10.0,2.0,39.48529411764706,0
88.36455992702395,175345.447482145,2639,1.40990234375,10.0,2.0,39.48529411764706,0
88.39666265100823,175345.479584869,2640,1.4260091145833333,7.0,2.0,39.48529411764706,0
88.4325936610112,175345.515515879,2641,1.413837890625,7.0,2.0,39.48529411764706,0
88.46448379001231,175345.547406008,2642,1.4170638020833333,10.0,2.0,39.48529411764706,0
88.50060690901591,175345.583529127,2643,1.4209375,6.0,2.0,39.48529411764706,0
88.53258881601505,175345.615511034,2644,1.4173567708333332,8.0,2.0,39.48529411764706,0
88.5645661050221,175345.647488323,2645,1.4103678385416667,7.0,2.0,39.48529411764706,0
88.60061558900634,175345.683537807,2646,1.4090787760416668,9.0,2.0,39.48529411764706,0
88.63261770000099,175345.715539918,2647,1.4200227864583332,7.0,2.0,39.48529411764706,0
88.66445113401278,175345.747373352,2648,1.41853515625,12.0,2.0,39.48529411764706,0
88.70053670200286,175345.78345892,2649,1.4090462239583332,10.0,2.0,39.48529411764706,0
88.7325962940231,175345.815518512,2650,2.4792154947916667,254.0,16.0,39.48529411764706,1
88.76447919601924,175345.847401414,2651,1.4894921875,13.0,2.0,39.48529411764706,0
88.80060874100309,175345.883530959,2652,1.4144954427083334,8.0,2.0,39.48529411764706,0
88.83260801801225,175345.915530236,2653,1.417724609375,10.0,2.0,39.48529411764706,0
88.86847884900635,175345.951401067,2654,1.4097330729166666,8.0,2.0,39.48529411764706,0
88.90049820000422,175345.983420418,2655,1.4161100260416666,8.0,2.0,39.48529411764706,0
88.932904426998,175346.015826645,2656,1.4134375,8.0,2.0,39.48529411764706,0
88.96856818601373,175346.051490404,2657,1.414404296875,9.0,2.0,39.48529411764706,0
89.00051421602257,175346.083436434,2658,1.418359375,9.0,2.0,39.48529411764706,0
89.03253124601906,175346.115453464,2659,1.415263671875,7.0,2.0,39.48529411764706,0
89.06848922302015,175346.151411441,2660,1.4120345052083334,9.0,2.0,39.48529411764706,0
89.10059525401448,175346.183517472,2661,1.4096907552083333,10.0,2.0,39.48529411764706,0
89.13654942900757,175346.219471647,2662,1.4162239583333334,14.0,2.0,39.48529411764706,0
89.16852805801318,175346.251450276,2663,1.4122102864583332,8.0,2.0,39.48529411764706,0
89.20054721800261,175346.283469436,2664,1.415498046875,9.0,2.0,39.48529411764706,0
89.23688613501145,175346.319808353,2665,1.4202962239583334,9.0,2.0,39.48529411764706,0
89.26857045802171,175346.351492676,2666,1.4220572916666667,12.0,2.0,39.48529411764706,0
89.30054328902042,175346.383465507,2667,1.4135188802083334,8.0,2.0,39.48529411764706,0
89.33653535100166,175346.419457569,2668,1.409140625,6.0,2.0,39.48529411764706,0
89.36852045101114,175346.451442669,2669,1.4197721354166666,10.0,2.0,39.48529411764706,0
89.40046822401928,175346.483390442,2670,1.4168294270833333,8.0,2.0,39.48529411764706,0
89.43652877100976,175346.519450989,2671,1.421376953125,6.0,2.0,39.48529411764706,0
89.46846195901162,175346.551384177,2672,1.4195052083333333,9.0,2.0,39.48529411764706,0
89.50450694200117,175346.58742916,2673,1.4148046875,10.0,2.0,39.48529411764706,0
89.53651861302205,175346.619440831,2674,1.4145084635416667,10.0,2.0,39.48529411764706,0
89.56844376501977,175346.651365983,2675,1.41501953125,10.0,2.0,39.48529411764706,0
89.60450121801114,175346.687423436,2676,1.4094791666666666,8.0,2.0,39.48529411764706,0
89.63655816001119,175346.719480378,2677,1.4178190104166666,10.0,2.0,39.48529411764706,0
89.66852015402401,175346.751442372,2678,1.4132975260416667,10.0,2.0,39.48529411764706,0
89.70449798699701,175346.787420205,2679,1.4143880208333333,10.0,2.0,39.48529411764706,0
89.73655549201067,175346.81947771,2680,1.410478515625,12.0,2.0,39.48529411764706,0
89.7725206380128,175346.855442856,2681,1.413740234375,10.0,2.0,39.48529411764706,0
89.80451578501379,175346.887438003,2682,1.41462890625,11.0,2.0,39.48529411764706,0
89.83647097201901,175346.91939319,2683,1.4092220052083333,8.0,2.0,39.48529411764706,0
89.87253606301965,175346.955458281,2684,1.4121158854166667,9.0,2.0,39.48529411764706,0
89.90553013799945,175346.988452356,2685,1.4129427083333332,8.0,2.0,39.48529411764706,0
89.93661143700592,175347.019533655,2686,1.41544921875,12.0,2.0,39.48529411764706,0
89.97257775001344,175347.055499968,2687,1.4091829427083333,8.0,2.0,39.48529411764706,0
90.00457663502311,175347.087498853,2688,1.414228515625,6.0,2.0,39.48529411764706,0
90.03652720499667,175347.119449423,2689,1.4219401041666666,9.0,2.0,39.48529411764706,0
90.07245100400178,175347.155373222,2690,1.4123958333333333,9.0,2.0,39.48529411764706,0
90.10445694200462,175347.18737916,2691,1.4160546875,11.0,2.0,39.48529411764706,0
90.14054312399821,175347.223465342,2692,1.4098177083333334,11.0,2.0,39.48529411764706,0
90.17247629500343,175347.255398513,2693,1.4110123697916668,9.0,2.0,39.48529411764706,0
90.2044940010237,175347.287416219,2694,1.4174837239583333,10.0,2.0,39.48529411764706,0
90.24052065101569,175347.323442869,2695,1.4085514322916666,11.0,2.0,39.48529411764706,0
90.2725357900199,175347.355458008,2696,1.4102864583333334,8.0,2.0,39.48529411764706,0
90.30446550901979,175347.387387727,2697,1.4192805989583333,8.0,2.0,39.48529411764706,0
90.34052832302405,175347.423450541,2698,1.41841796875,10.0,2.0,39.48529411764706,0
90.37248877901584,175347.455410997,2699,1.41,10.0,2.0,39.48529411764706,0
90.40850070401211,175347.491422922,2700,1.4029752604166668,8.0,2.0,39.48529411764706,0
90.4405297320045,175347.52345195,2701,1.4150748697916666,9.0,2.0,39.48529411764706,0
90.47244319602032,175347.555365414,2702,1.4063606770833332,8.0,2.0,39.48529411764706,0
90.50850115102367,175347.591423369,2703,1.41248046875,6.0,2.0,39.48529411764706,0
90.54052828601561,175347.623450504,2704,1.4113313802083334,12.0,2.0,39.48529411764706,0
90.57249127200339,175347.65541349,2705,1.4133626302083333,8.0,2.0,39.48529411764706,0
90.60851225099759,175347.691434469,2706,2.480361328125,254.0,16.0,39.48529411764706,1
90.6405386190163,175347.723460837,2707,1.4712369791666666,9.0,2.0,39.48529411764706,0
90.67252060800092,175347.755442826,2708,1.4218131510416667,7.0,2.0,39.48529411764706,0
90.7085522050038,175347.791474423,2709,1.4171419270833334,9.0,2.0,39.48529411764706,0
90.74054069200065,175347.82346291,2710,1.4072395833333333,8.0,2.0,39.48529411764706,0
90.7765339470061,175347.859456165,2711,1.411376953125,8.0,2.0,39.48529411764706,0
90.8085553960118,175347.891477614,2712,1.413642578125,8.0,2.0,39.48529411764706,0
90.84048207101296,175347.923404289,2713,1.406767578125,14.0,2.0,39.48529411764706,0
90.87648467702093,175347.959406895,2714,1.415361328125,8.0,2.0,39.48529411764706,0
90.90850897700875,175347.991431195,2715,1.4094759114583333,13.0,2.0,39.48529411764706,0
90.94043972701184,175348.023361945,2716,1.4096842447916667,10.0,2.0,39.48529411764706,0
90.97650659200735,175348.05942881,2717,1.4211783854166666,9.0,2.0,39.48529411764706,0
91.00854797899956,175348.091470197,2718,1.4093522135416667,10.0,2.0,39.48529411764706,0
91.04458259799867,175348.127504816,2719,1.4073372395833332,10.0,2.0,39.48529411764706,0
91.07648758901632,175348.159409807,2720,1.4183333333333332,7.0,2.0,39.48529411764706,0
91.1085044509964,175348.191426669,2721,1.415224609375,6.0,2.0,39.48529411764706,0
91.14448342600372,175348.227405644,2722,1.408447265625,8.0,2.0,39.48529411764706,0
91.17655559201376,175348.25947781,2723,1.4178548177083334,8.0,2.0,39.48529411764706,0
91.20849478701712,175348.291417005,2724,1.4073893229166667,10.0,2.0,39.48529411764706,0
91.2445560519991,175348.32747827,2725,1.4148470052083333,10.0,2.0,39.48529411764706,0
91.27656362601556,175348.359485844,2726,1.409599609375,9.0,2.0,39.48529411764706,0
91.30849381099688,175348.391416029,2727,1.41314453125,10.0,2.0,39.48529411764706,0
91.34454752501915,175348.427469743,2728,1.42076171875,12.0,2.0,39.48529411764706,0
91.37647805802408,175348.459400276,2729,1.4104752604166666,8.0,2.0,39.48529411764706,0
91.41290540900081,175348.495827627,2730,1.4196875,9.0,2.0,39.48529411764706,0
91.44458536599996,175348.527507584,2731,1.4129361979166666,20.0,2.0,39.48529411764706,0
91.47651618401869,175348.559438402,2732,1.410947265625,7.0,2.0,39.48529411764706,0
91.51286449300824,175348.595786711,2733,1.4142903645833333,13.0,2.0,39.48529411764706,0
91.5445693070069,175348.627491525,2734,1.422763671875,14.0,2.0,39.48529411764706,0
91.57645894499728,175348.659381163,2735,1.4228483072916667,8.0,2.0,39.48529411764706,0
91.61293481901521,175348.695857037,2736,1.4143196614583333,10.0,2.0,39.48529411764706,0
91.6445429950254,175348.727465213,2737,1.4165299479166666,9.0,2.0,39.48529411764706,0
91.68057686300017,175348.763499081,2738,1.4165657552083333,15.0,2.0,39.48529411764706,0
91.7130294800154,175348.795951698,2739,1.417822265625,12.0,2.0,39.48529411764706,0
91.74455646600109,175348.827478684,2740,1.4186165364583334,7.0,2.0,39.48529411764706,0
91.78055444502388,175348.863476663,2741,1.420146484375,8.0,2.0,39.48529411764706,0
91.81291293201502,175348.89583515,2742,1.40615234375,8.0,2.0,39.48529411764706,0
91.84452160500223,175348.927443823,2743,1.4045865885416666,7.0,2.0,39.48529411764706,0
91.88055814302061,175348.963480361,2744,1.41578125,9.0,2.0,39.48529411764706,0
91.91294897100306,175348.995871189,2745,1.4188411458333334,6.0,2.0,39.48529411764706,0
91.94453711301321,175349.027459331,2746,1.4134765625,9.0,2.0,39.48529411764706,0
91.98057319200598,175349.06349541,2747,1.4235677083333333,10.0,2.0,39.48529411764706,0
92.01293325002189,175349.095855468,2748,1.4094108072916667,7.0,2.0,39.48529411764706,0
92.0485840360052,175349.131506254,2749,1.411708984375,9.0,2.0,39.48529411764706,0
92.08052335001412,175349.163445568,2750,1.405771484375,8.0,2.0,39.48529411764706,0
92.11252845500712,175349.195450673,2751,1.4170052083333333,9.0,2.0,39.48529411764706,0
92.1486763380235,175349.231598556,2752,1.4129524739583332,8.0,2.0,39.48529411764706,0
92.180624214001,175349.263546432,2753,1.4116243489583333,10.0,2.0,39.48529411764706,0
92.21261148201302,175349.2955337,2754,1.4115169270833334,7.0,2.0,39.48529411764706,0
92.24859528499655,175349.331517503,2755,1.4167057291666667,10.0,2.0,39.48529411764706,0
92.28053519502282,175349.363457413,2756,1.4101725260416667,16.0,2.0,39.48529411764706,0
92.31657910102513,175349.399501319,2757,1.4140950520833333,10.0,2.0,39.48529411764706,0
92.34860170501634,175349.431523923,2758,1.4143684895833333,10.0,2.0,39.48529411764706,0
92.38055513301515,175349.463477351,2759,1.4110384114583334,8.0,2.0,39.48529411764706,0
92.416572963004,175349.499495181,2760,1.4084147135416667,6.0,2.0,39.48529411764706,0
92.4485966420034,175349.53151886,2761,1.4112076822916666,8.0,2.0,39.48529411764706,0
92.48052006601938,175349.563442284,2762,1.4126236979166666,10.0,2.0,39.48529411764706,0
92.51656998801627,175349.599492206,2763,1.410673828125,9.0,2.0,39.48529411764706,0
92.5486013010086,175349.631523519,2764,1.4188932291666667,6.0,2.0,39.48529411764706,0
92.58054065800388,175349.663462876,2765,1.4164876302083333,8.0,2.0,39.48529411764706,0
92.61653816601029,175349.699460384,2766,1.4064973958333333,8.0,2.0,39.48529411764706,0
92.64854421900236,175349.731466437,2767,1.40693359375,12.0,2.0,39.48529411764706,0
92.6845369770017,175349.767459195,2768,1.4191178385416667,7.0,2.0,39.48529411764706,0
92.71654738200596,175349.7994696,2769,1.6624576822916666,86.0,7.0,39.48529411764706,1
92.7485421570018,175349.831464375,2770,2.4326888020833333,254.0,16.0,39.48529411764706,1
92.7845779650088,175349.867500183,2771,1.4393912760416667,12.0,2.0,39.48529411764706,0
92.81657771201571,175349.89949993,2772,1.4169759114583333,17.0,2.0,39.48529411764706,0
92.84855610600789,175349.931478324,2773,1.4098046875,10.0,2.0,39.48529411764706,0
92.88462775602238,175349.967549974,2774,1.4179361979166667,10.0,2.0,39.48529411764706,0
92.91664253600175,175349.999564754,2775,1.408095703125,10.0,2.0,39.48529411764706,0
92.95256414500182,175350.035486363,2776,1.406611328125,16.0,2.0,39.48529411764706,0
92.98455446702428,175350.067476685,2777,1.407890625,10.0,2.0,39.48529411764706,0
93.0164799230115,175350.099402141,2778,1.408984375,10.0,2.0,39.48529411764706,0
93.05260716701741,175350.135529385,2779,1.41697265625,7.0,2.0,39.48529411764706,0
93.08458476001397,175350.167506978,2780,1.411416015625,8.0,2.0,39.48529411764706,0
93.11670872502145,175350.199630943,2781,1.4145279947916667,11.0,2.0,39.48529411764706,0
93.15256553600193,175350.235487754,2782,1.4119661458333332,14.0,2.0,39.48529411764706,0
93.18456999101909,175350.267492209,2783,1.4171647135416667,6.0,2.0,39.48529411764706,0
93.21657359899837,175350.299495817,2784,1.4221549479166666,13.0,2.0,39.48529411764706,0
93.25260214300943,175350.335524361,2785,1.4156087239583333,10.0,2.0,39.48529411764706,0
93.28452829201706,175350.36745051,2786,1.4096614583333333,8.0,2.0,39.48529411764706,0
93.32056509901304,175350.403487317,2787,1.411240234375,9.0,2.0,39.48529411764706,0
93.35262689299998,175350.435549111,2788,1.415537109375,10.0,2.0,39.48529411764706,0
93.38811795299989,175350.471040171,2789,1.4129264322916666,10.0,2.0,39.48529411764706,0
93.4205525900179,175350.503474808,2790,1.4060970052083333,9.0,2.0,39.48529411764706,0
93.45253991201753,175350.53546213,2791,1.41720703125,9.0,2.0,39.48529411764706,0
93.48451750600361,175350.567439724,2792,1.4106282552083333,9.0,2.0,39.48529411764706,0
93.52053748202161,175350.6034597,2793,1.414609375,6.0,2.0,39.48529411764706,0
93.5525230760104,175350.635445294,2794,1.419375,8.0,2.0,39.48529411764706,0
93.5885468510096,175350.671469069,2795,1.4070670572916666,7.0,2.0,39.48529411764706,0
93.62057676599943,175350.703498984,2796,1.4081901041666667,10.0,2.0,39.48529411764706,0
93.65257631900022,175350.735498537,2797,1.41458984375,13.0,2.0,39.48529411764706,0
93.68853119300911,175350.771453411,2798,1.4104036458333333,10.0,2.0,39.48529411764706,0
93.72052651600097,175350.803448734,2799,1.41404296875,10.0,2.0,39.48529411764706,0
93.75253511502524,175350.835457333,2800,1.4158854166666666,11.0,2.0,39.48529411764706,0
93.78851746101282,175350.871439679,2801,1.4137825520833334,9.0,2.0,39.48529411764706,0
93.82058094500098,175350.903503163,2802,1.4130240885416667,14.0,2.0,39.48529411764706,0
93.85256184599712,175350.935484064,2803,1.403447265625,9.0,2.0,39.48529411764706,0
93.88853373500751,175350.971455953,2804,1.4119954427083334,8.0,2.0,39.48529411764706,0
93.92052569700172,175351.003447915,2805,1.41978515625,8.0,2.0,39.48529411764706,0
93.9565333610226,175351.039455579,2806,1.4156966145833334,8.0,2.0,39.48529411764706,0
93.98851635400206,175351.071438572,2807,1.413271484375,8.0,2.0,39.48529411764706,0
94.0205217449984,175351.103443963,2808,1.411376953125,8.0,2.0,39.48529411764706,0
94.05649845101289,175351.139420669,2809,1.41435546875,9.0,2.0,39.48529411764706,0
94.08849980900413,175351.171422027,2810,1.4180501302083333,10.0,2.0,39.48529411764706,0
94.12058026902378,175351.203502487,2811,1.413837890625,12.0,2.0,39.48529411764706,0
94.15654226200422,175351.23946448,2812,1.4077766927083333,8.0,2.0,39.48529411764706,0
94.18853260600008,175351.271454824,2813,1.4145052083333334,6.0,2.0,39.48529411764706,0
94.22452157500084,175351.307443793,2814,1.4087076822916667,16.0,2.0,39.48529411764706,0
94.25653818499995,175351.339460403,2815,1.4128971354166666,7.0,2.0,39.48529411764706,0
94.28852862800704,175351.371450846,2816,1.4130696614583333,7.0,2.0,39.48529411764706,0
94.32455513600144,175351.407477354,2817,1.4117708333333334,6.0,2.0,39.48529411764706,0
94.35660583002027,175351.439528048,2818,1.414208984375,9.0,2.0,39.48529411764706,0
94.38853785800165,175351.471460076,2819,1.4140364583333334,10.0,2.0,39.48529411764706,0
94.42456195200793,175351.50748417,2820,1.4210286458333334,9.0,2.0,39.48529411764706,0
94.45657003999804,175351.539492258,2821,1.4137955729166667,8.0,2.0,39.48529411764706,0
94.48858535999898,175351.571507578,2822,1.416669921875,12.0,2.0,39.48529411764706,0
94.52455987801659,175351.607482096,2823,1.4082063802083333,8.0,2.0,39.48529411764706,0
94.55653891901602,175351.639461137,2824,1.4175748697916666,9.0,2.0,39.48529411764706,0
94.59255992202088,175351.67548214,2825,1.4754134114583333,15.0,3.0,39.48529411764706,0
94.62457642500522,175351.707498643,2826,2.4926888020833333,254.0,16.0,39.48529411764706,1
94.65664285901585,175351.739565077,2827,1.5003059895833333,10.0,2.0,39.48529411764706,0
94.69254340400221,175351.775465622,2828,1.4245768229166667,6.0,2.0,39.48529411764706,0
94.72459824100952,175351.807520459,2829,1.4048502604166666,8.0,2.0,39.48529411764706,0
94.75651746601216,175351.839439684,2830,1.419443359375,10.0,2.0,39.48529411764706,0
94.79253886500373,175351.875461083,2831,1.4198307291666667,7.0,2.0,39.48529411764706,0
94.82450984499883,175351.907432063,2832,1.417294921875,8.0,2.0,39.48529411764706,0
94.86055446902174,175351.943476687,2833,1.4141959635416668,8.0,2.0,39.48529411764706,0
94.89253798002028,175351.975460198,2834,1.4154622395833334,9.0,2.0,39.48529411764706,0
94.92451542601339,175352.007437644,2835,1.4110384114583334,8.0,2.0,39.48529411764706,0
94.96052814999712,175352.043450368,2836,1.4089029947916667,9.0,2.0,39.48529411764706,0
94.99253412600956,175352.075456344,2837,1.4174186197916667,10.0,2.0,39.48529411764706,0
95.02446612800122,175352.107388346,2838,1.4181803385416667,10.0,2.0,39.48529411764706,0
95.06060128600802,175352.143523504,2839,1.4170084635416667,12.0,2.0,39.48529411764706,0
95.09256738002296,175352.175489598,2840,1.4166536458333334,13.0,2.0,39.48529411764706,0
95.12453427701257,175352.207456495,2841,1.4091829427083333,8.0,2.0,39.48529411764706,0
95.16057381400606,175352.243496032,2842,1.41517578125,7.0,2.0,39.48529411764706,0
95.19248522500857,175352.275407443,2843,1.4080631510416666,10.0,2.0,39.48529411764706,0
95.22853487200337,175352.31145709,2844,1.4133430989583333,8.0,2.0,39.48529411764706,0
95.26054344102158,175352.343465659,2845,1.4075390625,8.0,2.0,39.48529411764706,0
95.2925538860145,175352.375476104,2846,1.4141015625,7.0,2.0,39.48529411764706,0
95.3285568060237,175352.411479024,2847,1.4069303385416667,12.0,2.0,39.48529411764706,0
95.36059159800061,175352.443513816,2848,1.421015625,6.0,2.0,39.48529411764706,0
95.39245784000377,175352.475380058,2849,1.4130794270833333,8.0,2.0,39.48529411764706,0
95.42859646101715,175352.511518679,2850,1.4150618489583333,9.0,2.0,39.48529411764706,0
95.460545525013,175352.543467743,2851,1.4167317708333333,10.0,2.0,39.48529411764706,0
95.49652062699897,175352.579442845,2852,1.419033203125,7.0,2.0,39.48529411764706,0
95.5285460750165,175352.611468293,2853,1.4155989583333333,13.0,2.0,39.48529411764706,0
95.56052442602231,175352.643446644,2854,1.4057421875,8.0,2.0,39.48529411764706,0
95.59657386501203,175352.679496083,2855,1.4168326822916666,7.0,2.0,39.48529411764706,0
95.62856065502274,175352.711482873,2856,1.419345703125,10.0,2.0,39.48529411764706,0
95.66055806400254,175352.743480282,2857,1.4178841145833334,9.0,2.0,39.48529411764706,0
95.69657371501671,175352.779495933,2858,1.4145442708333333,10.0,2.0,39.48529411764706,0
95.72855392700876,175352.811476145,2859,1.421796875,12.0,2.0,39.48529411764706,0
95.76062526702299,175352.843547485,2860,1.4073893229166667,5.0,2.0,39.48529411764706,0
95.79665272400598,175352.879574942,2861,1.413466796875,7.0,2.0,39.48529411764706,0
95.82852343900595,175352.911445657,2862,1.413837890625,6.0,2.0,39.48529411764706,0
95.86468925100053,175352.947611469,2863,1.4126790364583333,11.0,2.0,39.48529411764706,0
95.89657530700788,175352.979497525,2864,1.415986328125,15.0,2.0,39.48529411764706,0
95.92850776101113,175353.011429979,2865,1.4111458333333333,9.0,2.0,39.48529411764706,0
95.96457799500786,175353.047500213,2866,1.4079817708333333,8.0,2.0,39.48529411764706,0
95.99660804599989,175353.079530264,2867,1.4171451822916667,10.0,2.0,39.48529411764706,0
96.0285252960166,175353.111447514,2868,1.4095670572916668,7.0,2.0,39.48529411764706,0
96.06451877200743,175353.14744099,2869,1.417294921875,5.0,2.0,39.48529411764706,0
96.09660345001612,175353.179525668,2870,1.4155013020833334,9.0,2.0,39.48529411764706,0
96.13260291900951,175353.215525137,2871,1.42232421875,9.0,2.0,39.48529411764706,0
96.16459738000412,175353.247519598,2872,1.418818359375,13.0,2.0,39.48529411764706,0
96.19658018500195,175353.279502403,2873,1.4087337239583333,8.0,2.0,39.48529411764706,0
96.23271303201909,175353.31563525,2874,1.4123014322916667,10.0,2.0,39.48529411764706,0
96.26463088701712,175353.347553105,2875,1.4128157552083334,10.0,2.0,39.48529411764706,0
96.29731496601016,175353.380237184,2876,1.4211490885416667,8.0,2.0,39.48529411764706,0
96.33265327700065,175353.415575495,2877,1.41044921875,11.0,2.0,39.48529411764706,0
96.3645922600117,175353.447514478,2878,1.4150748697916666,8.0,2.0,39.48529411764706,0
96.40059389499947,175353.483516113,2879,1.4116634114583333,7.0,2.0,39.48529411764706,0
96.43269896300626,175353.515621181,2880,1.4109765625,12.0,2.0,39.48529411764706,0
96.46460724101053,175353.547529459,2881,1.506142578125,16.0,3.0,39.48529411764706,0
96.50064375301008,175353.583565971,2882,2.4402571614583333,254.0,16.0,39.48529411764706,1
96.53264572200715,175353.61556794,2883,1.4466243489583333,12.0,2.0,39.48529411764706,0
96.5646424110164,175353.647564629,2884,1.4264420572916667,8.0,2.0,39.48529411764706,0
96.60055096499855,175353.683473183,2885,1.4202734375,8.0,2.0,39.48529411764706,0
96.63264749202062,175353.71556971,2886,1.41525390625,13.0,2.0,39.48529411764706,0
96.66461504800827,175353.747537266,2887,1.4169921875,7.0,2.0,39.48529411764706,0
96.70060816901969,175353.783530387,2888,1.4136490885416666,8.0,2.0,39.48529411764706,0
96.73260823902092,175353.815530457,2889,1.4092903645833332,13.0,2.0,39.48529411764706,0
96.76854520602501,175353.851467424,2890,1.40662109375,12.0,2.0,39.48529411764706,0
96.8005983440089,175353.883520562,2891,1.41892578125,10.0,2.0,39.48529411764706,0
96.83269402899896,175353.915616247,2892,1.412119140625,8.0,2.0,39.48529411764706,0
96.8685714220046,175353.95149364,2893,1.41623046875,10.0,2.0,39.48529411764706,0
96.90061881102156,175353.983541029,2894,1.412939453125,8.0,2.0,39.48529411764706,0
96.93264046800323,175354.015562686,2895,1.4102506510416666,7.0,2.0,39.48529411764706,0
96.9685862820188,175354.0515085,2896,1.4147298177083334,6.0,2.0,39.48529411764706,0
97.00064171201666,175354.08356393,2897,1.415576171875,12.0,2.0,39.48529411764706,0
97.03658892199746,175354.11951114,2898,1.4179166666666667,7.0,2.0,39.48529411764706,0
97.0685572650109,175354.151479483,2899,1.4146158854166666,8.0,2.0,39.48529411764706,0
97.10052220799844,175354.183444426,2900,1.4164518229166667,10.0,2.0,39.48529411764706,0
97.13659368400113,175354.219515902,2901,1.4228190104166667,12.0,2.0,39.48529411764706,0
97.16864968201844,175354.2515719,2902,1.404912109375,9.0,2.0,39.48529411764706,0
97.20058719502413,175354.283509413,2903,1.4153125,11.0,2.0,39.48529411764706,0
97.23659977401257,175354.319521992,2904,1.424765625,10.0,2.0,39.48529411764706,0
97.26866827101912,175354.351590489,2905,1.412861328125,10.0,2.0,39.48529411764706,0
97.30064389001927,175354.383566108,2906,1.41578125,10.0,2.0,39.48529411764706,0
97.33658983901842,175354.419512057,2907,1.4145572916666667,11.0,2.0,39.48529411764706,0
97.36855932700564,175354.451481545,2908,1.4189290364583333,7.0,2.0,39.48529411764706,0
97.40455266501522,175354.487474883,2909,1.40705078125,8.0,2.0,39.48529411764706,0
97.43657591301599,175354.519498131,2910,1.4138671875,11.0,2.0,39.48529411764706,0
97.4685398680158,175354.551462086,2911,1.411123046875,10.0,2.0,39.48529411764706,0
97.50458571899799,175354.587507937,2912,1.42001953125,7.0,2.0,39.48529411764706,0
97.53656061700894,175354.619482835,2913,1.41021484375,7.0,2.0,39.48529411764706,0
97.56855286000064,175354.651475078,2914,1.4086458333333334,10.0,2.0,39.48529411764706,0
97.60460508099641,175354.687527299,2915,1.4147005208333334,8.0,2.0,39.48529411764706,0
97.63655338101671,175354.719475599,2916,1.4081608072916667,12.0,2.0,39.48529411764706,0
97.67251073001535,175354.755432948,2917,1.4096419270833334,7.0,2.0,39.48529411764706,0
97.70455064700218,175354.787472865,2918,1.414052734375,8.0,2.0,39.48529411764706,0
97.73649576300522,175354.819417981,2919,1.405634765625,9.0,2.0,39.48529411764706,0
97.77255022001918,175354.855472438,2920,1.4104622395833333,8.0,2.0,39.48529411764706,0
97.80455916401115,175354.887481382,2921,1.4187727864583333,7.0,2.0,39.48529411764706,0
97.83656814400456,175354.919490362,2922,1.413232421875,8.0,2.0,39.48529411764706,0
97.87262638701941,175354.955548605,2923,1.4152766927083333,8.0,2.0,39.48529411764706,0
97.90460434902343,175354.987526567,2924,1.4206119791666667,10.0,2.0,39.48529411764706,0
97.9365973250242,175355.019519543,2925,1.411044921875,7.0,2.0,39.48529411764706,0
97.97261831202195,175355.05554053,2926,1.41775390625,12.0,2.0,39.48529411764706,0
98.00465891702333,175355.087581135,2927,1.4118033854166667,8.0,2.0,39.48529411764706,0
98.04058791801799,175355.123510136,2928,1.41521484375,7.0,2.0,39.48529411764706,0
98.07255566201638,175355.15547788,2929,1.416708984375,8.0,2.0,39.48529411764706,0
98.10454203301924,175355.187464251,2930,1.4149381510416668,10.0,2.0,39.48529411764706,0
98.14059975300916,175355.223521971,2931,1.4152701822916667,10.0,2.0,39.48529411764706,0
98.17262785101775,175355.255550069,2932,1.40419921875,8.0,2.0,39.48529411764706,0
98.20449482501135,175355.287417043,2933,1.41384765625,10.0,2.0,39.48529411764706,0
98.24059441802092,175355.323516636,2934,1.411357421875,6.0,2.0,39.48529411764706,0
98.27261367402389,175355.355535892,2935,1.411552734375,9.0,2.0,39.48529411764706,0
98.30852992201108,175355.39145214,2936,1.4109407552083333,9.0,2.0,39.48529411764706,0
98.3405630979978,175355.423485316,2937,1.413779296875,9.0,2.0,39.48529411764706,0
98.3725740800146,175355.455496298,2938,1.4866145833333333,18.0,3.0,39.48529411764706,0
98.40856551201432,175355.49148773,2939,2.4342838541666665,254.0,16.0,39.48529411764706,1
98.44057148799766,175355.523493706,2940,1.4440592447916667,14.0,2.0,39.48529411764706,0
98.47254093101947,175355.555463149,2941,1.4176953125,8.0,2.0,39.48529411764706,0
98.50856567101437,175355.591487889,2942,1.4133984375,9.0,2.0,39.48529411764706,0
98.54054933701991,175355.623471555,2943,1.42546875,5.0,2.0,39.48529411764706,0
98.57249323301949,175355.655415451,2944,1.42203125,16.0,2.0,39.48529411764706,0
98.608553373022,175355.691475591,2945,1.41265625,7.0,2.0,39.48529411764706,0
98.640532393998,175355.723454612,2946,1.4115657552083334,12.0,2.0,39.48529411764706,0
98.6765598130005,175355.759482031,2947,1.425595703125,16.0,2.0,39.48529411764706,0
98.70857242701459,175355.791494645,2948,1.41630859375,9.0,2.0,39.48529411764706,0
98.74055263301125,175355.823474851,2949,1.4162890625,7.0,2.0,39.48529411764706,0
98.77652966801543,175355.859451886,2950,1.4136458333333333,11.0,2.0,39.48529411764706,0
98.80869159899885,175355.891613817,2951,1.40982421875,12.0,2.0,39.48529411764706,0
98.84052848900319,175355.923450707,2952,1.42208984375,12.0,2.0,39.48529411764706,0
98.87657874100842,175355.959500959,2953,1.410859375,8.0,2.0,39.48529411764706,0
98.90862333599944,175355.991545554,2954,1.4121256510416667,11.0,2.0,39.48529411764706,0
98.94459369400283,175356.027515912,2955,1.4115755208333334,16.0,2.0,39.48529411764706,0
98.97659019200364,175356.05951241,2956,1.4106282552083333,7.0,2.0,39.48529411764706,0
99.00856683502207,175356.091489053,2957,1.418876953125,9.0,2.0,39.48529411764706,0
99.04459056002088,175356.127512778,2958,1.411572265625,8.0,2.0,39.48529411764706,0
99.07657334502437,175356.159495563,2959,1.4138997395833333,10.0,2.0,39.48529411764706,0
99.10857097400003,175356.191493192,2960,1.4123404947916667,11.0,2.0,39.48529411764706,0
99.14456277599675,175356.227484994,2961,1.4095149739583333,11.0,2.0,39.48529411764706,0
99.17657730600331,175356.259499524,2962,1.4164811197916667,7.0,2.0,39.48529411764706,0
99.2085293889977,175356.291451607,2963,1.4187858072916666,8.0,2.0,39.48529411764706,0
99.24458474901621,175356.327506967,2964,1.42080078125,9.0,2.0,39.48529411764706,0
99.27653122300399,175356.359453441,2965,1.4173958333333334,10.0,2.0,39.48529411764706,0
99.31260691100033,175356.395529129,2966,1.4118977864583333,11.0,2.0,39.48529411764706,0
99.3446175410063,175356.427539759,2967,1.412314453125,13.0,2.0,39.48529411764706,0
99.3766783340252,175356.459600552,2968,1.4080891927083334,9.0,2.0,39.48529411764706,0
99.4126005989965,175356.495522817,2969,1.4255729166666666,10.0,2.0,39.48529411764706,0
99.44460507199983,175356.52752729,2970,1.4185677083333332,10.0,2.0,39.48529411764706,0
99.47863536601653,175356.561557584,2971,1.4111002604166667,8.0,2.0,39.48529411764706,0
99.51252918801038,175356.595451406,2972,1.4170540364583333,13.0,2.0,39.48529411764706,0
99.5445962860249,175356.627518504,2973,1.4167838541666666,7.0,2.0,39.48529411764706,0
99.58061565001844,175356.663537868,2974,1.4097493489583333,8.0,2.0,39.48529411764706,0
99.61260385901551,175356.695526077,2975,1.4147493489583334,8.0,2.0,39.48529411764706,0
99.64454885601299,175356.727471074,2976,1.4148274739583333,8.0,2.0,39.48529411764706,0
99.68057607900118,175356.763498297,2977,1.41669921875,9.0,2.0,39.48529411764706,0
99.71256838800036,175356.795490606,2978,1.4107747395833334,13.0,2.0,39.48529411764706,0
99.74456529101008,175356.827487509,2979,1.4106998697916666,7.0,2.0,39.48529411764706,0
99.78057994702249,175356.863502165,2980,1.415634765625,8.0,2.0,39.48529411764706,0
99.81258111001807,175356.895503328,2981,1.4154361979166667,12.0,2.0,39.48529411764706,0
99.84454263601219,175356.927464854,2982,1.4087467447916666,8.0,2.0,39.48529411764706,0
99.88057364302222,175356.963495861,2983,1.410986328125,7.0,2.0,39.48529411764706,0
99.91252445199643,175356.99544667,2984,1.4099772135416666,8.0,2.0,39.48529411764706,0
99.94868295302149,175357.031605171,2985,1.4145377604166667,10.0,2.0,39.48529411764706,0
99.98058392200619,175357.06350614,2986,1.410458984375,13.0,2.0,39.48529411764706,0
100.0125528970093,175357.095475115,2987,1.4165006510416667,7.0,2.0,39.48529411764706,0
100.04864237600123,175357.131564594,2988,1.41271484375,11.0,2.0,39.48529411764706,0
100.0805719680211,175357.163494186,2989,1.4132161458333334,10.0,2.0,39.48529411764706,0
100.11256567901,175357.195487897,2990,1.4105110677083332,8.0,2.0,39.48529411764706,0
100.14895178400911,175357.231874002,2991,1.4128157552083334,8.0,2.0,39.48529411764706,0
100.18057054001838,175357.263492758,2992,1.4194303385416667,8.0,2.0,39.48529411764706,0
100.21672039001714,175357.299642608,2993,1.416923828125,8.0,2.0,39.48529411764706,0
100.24876303700148,175357.331685255,2994,1.40431640625,11.0,2.0,39.48529411764706,0
100.28052959401975,175357.363451812,2995,1.4167740885416666,8.0,2.0,39.48529411764706,0
100.3167037620151,175357.39962598,2996,1.4109147135416666,6.0,2.0,39.48529411764706,0
100.34873087101732,175357.431653089,2997,1.4167838541666666,8.0,2.0,39.48529411764706,0
100.38062199100386,175357.463544209,2998,1.4138704427083333,10.0,2.0,39.48529411764706,0
100.41671141699771,175357.499633635,2999,1.4169986979166667,9.0,2.0,39.48529411764706,0
100.44870696502039,175357.531629183,3000,1.4095768229166667,9.0,2.0,39.48529411764706,0
100.48057482900913,175357.563497047,3001,1.4120735677083334,8.0,2.0,39.48529411764706,0
100.5167503010016,175357.599672519,3002,1.4820572916666668,14.0,3.0,39.48529411764706,0
100.54866021501948,175357.631582433,3003,2.4747819010416667,254.0,16.0,39.48529411764706,1
100.5846256740042,175357.667547892,3004,1.4536588541666666,12.0,2.0,39.48529411764706,0
100.61666277999757,175357.699584998,3005,1.4142447916666667,13.0,2.0,39.48529411764706,0
100.64867899400997,175357.731601212,3006,1.407783203125,8.0,2.0,39.48529411764706,0
100.68472805302008,175357.767650271,3007,1.4103580729166667,7.0,2.0,39.48529411764706,0
100.71672109302017,175357.799643311,3008,1.41392578125,9.0,2.0,39.48529411764706,0
100.74866634901264,175357.831588567,3009,1.4191764322916667,9.0,2.0,39.48529411764706,0
100.78462367100292,175357.867545889,3010,1.4142805989583334,8.0,2.0,39.48529411764706,0
100.81670435200795,175357.89962657,3011,1.4101627604166667,10.0,2.0,39.48529411764706,0
100.85263936701813,175357.935561585,3012,1.413173828125,8.0,2.0,39.48529411764706,0
100.88471042801393,175357.967632646,3013,1.4112369791666666,8.0,2.0,39.48529411764706,0
100.9166383560223,175357.999560574,3014,1.41728515625,10.0,2.0,39.48529411764706,0
100.9526693780208,175358.035591596,3015,1.4098958333333333,11.0,2.0,39.48529411764706,0
100.9846297550248,175358.067551973,3016,1.4140299479166667,12.0,2.0,39.48529411764706,0
101.01670006502536,175358.099622283,3017,1.413193359375,8.0,2.0,39.48529411764706,0
101.05261251900811,175358.135534737,3018,1.41677734375,8.0,2.0,39.48529411764706,0
101.08469114502077,175358.167613363,3019,1.413134765625,8.0,2.0,39.48529411764706,0
101.11670095700538,175358.199623175,3020,1.4175,9.0,2.0,39.48529411764706,0
101.15261427502264,175358.235536493,3021,1.418212890625,8.0,2.0,39.48529411764706,0
101.18456739702378,175358.267489615,3022,1.417763671875,10.0,2.0,39.48529411764706,0
101.22055263700895,175358.303474855,3023,1.4129036458333333,7.0,2.0,39.48529411764706,0
101.25262176702381,175358.335543985,3024,1.41208984375,8.0,2.0,39.48529411764706,0
101.28458799401415,175358.367510212,3025,1.4170182291666666,10.0,2.0,39.48529411764706,0
101.32056674800697,175358.403488966,3026,1.410732421875,9.0,2.0,39.48529411764706,0
101.35262706602225,175358.435549284,3027,1.413779296875,5.0,2.0,39.48529411764706,0
101.38459961500484,175358.467521833,3028,1.41658203125,8.0,2.0,39.48529411764706,0
101.42061635499704,175358.503538573,3029,1.4201139322916667,11.0,2.0,39.48529411764706,0
101.45259582900326,175358.535518047,3030,1.413212890625,10.0,2.0,39.48529411764706,0
101.4885904090188,175358.571512627,3031,1.41609375,15.0,2.0,39.48529411764706,0
101.52058434300125,175358.603506561,3032,1.4164485677083334,9.0,2.0,39.48529411764706,0
101.55260708500282,175358.635529303,3033,1.4141959635416668,8.0,2.0,39.48529411764706,0
101.58861382602481,175358.671536044,3034,1.4121907552083333,13.0,2.0,39.48529411764706,0
101.62059241899988,175358.703514637,3035,1.4127799479166667,8.0,2.0,39.48529411764706,0
101.65267923200736,175358.73560145,3036,1.4115462239583334,8.0,2.0,39.48529411764706,0
101.6886199080036,175358.771542126,3037,1.4145084635416667,8.0,2.0,39.48529411764706,0
101.72060169701581,175358.803523915,3038,1.4105794270833334,10.0,2.0,39.48529411764706,0
101.75258830402163,175358.835510522,3039,1.4092122395833333,7.0,2.0,39.48529411764706,0
101.78862009002478,175358.871542308,3040,1.4093033854166668,14.0,2.0,39.48529411764706,0
101.82055238401517,175358.903474602,3041,1.4151790364583334,11.0,2.0,39.48529411764706,0
101.85657864902169,175358.939500867,3042,1.414296875,9.0,2.0,39.48529411764706,0
101.88860075801495,175358.971522976,3043,1.4138020833333333,9.0,2.0,39.48529411764706,0
101.92063427501125,175359.003556493,3044,1.4071061197916668,11.0,2.0,39.48529411764706,0
101.95657544001006,175359.039497658,3045,1.415341796875,10.0,2.0,39.48529411764706,0
101.9886067690095,175359.071528987,3046,1.4075390625,12.0,2.0,39.48529411764706,0
102.02060971900937,175359.103531937,3047,1.4188899739583334,8.0,2.0,39.48529411764706,0
102.0566301990184,175359.139552417,3048,1.4149641927083334,8.0,2.0,39.48529411764706,0
102.08912165701622,175359.172043875,3049,1.41353515625,8.0,2.0,39.48529411764706,0
102.12464686101885,175359.207569079,3050,1.4079427083333333,10.0,2.0,39.48529411764706,0
102.15668820601422,175359.239610424,3051,1.4110221354166668,8.0,2.0,39.48529411764706,0
102.18901784601621,175359.271940064,3052,1.417724609375,11.0,2.0,39.48529411764706,0
102.22657327301567,175359.309495491,3053,1.4128125,8.0,2.0,39.48529411764706,0
102.25688043399714,175359.339802652,3054,1.4096419270833334,10.0,2.0,39.48529411764706,0
102.29050739199738,175359.37342961,3055,1.4097428385416666,6.0,2.0,39.48529411764706,0
102.32464584099944,175359.407568059,3056,1.4251985677083334,9.0,2.0,39.48529411764706,0
102.35662960802438,175359.439551826,3057,1.4167447916666667,8.0,2.0,39.48529411764706,0
102.38855737799895,175359.471479596,3058,1.4181705729166667,8.0,2.0,39.48529411764706,0
102.42460306899738,175359.507525287,3059,1.41232421875,6.0,2.0,39.48529411764706,0
102.45654406101676,175359.539466279,3060,2.4021256510416666,254.0,16.0,39.48529411764706,1
102.4925668190117,175359.575489037,3061,2.3550455729166666,254.0,16.0,39.48529411764706,1
102.52469846099848,175359.607620679,3062,1.435126953125,12.0,2.0,39.48529411764706,0
102.55658129701624,175359.639503515,3063,1.40794921875,12.0,2.0,39.48529411764706,0
102.5926454460132,175359.675567664,3064,1.41490234375,9.0,2.0,39.48529411764706,0
102.62460372899659,175359.707525947,3065,1.4132063802083332,10.0,2.0,39.48529411764706,0
102.65658612499828,175359.739508343,3066,1.4074674479166667,8.0,2.0,39.48529411764706,0
102.69258731600712,175359.775509534,3067,1.4134895833333334,9.0,2.0,39.48529411764706,0
102.72464153400506,175359.807563752,3068,1.407578125,10.0,2.0,39.48529411764706,0
102.76058109500445,175359.843503313,3069,1.4046061197916666,7.0,2.0,39.48529411764706,0
102.79264817902003,175359.875570397,3070,1.4153580729166666,8.0,2.0,39.48529411764706,0
102.82452707600896,175359.907449294,3071,1.412685546875,7.0,2.0,39.48529411764706,0
102.86057984700892,175359.943502065,3072,1.413525390625,9.0,2.0,39.48529411764706,0
102.89271403700695,175359.975636255,3073,1.4168294270833333,8.0,2.0,39.48529411764706,0
102.92468179602292,175360.007604014,3074,1.4198404947916667,6.0,2.0,39.48529411764706,0
102.96059275901644,175360.043514977,3075,1.4117415364583332,7.0,2.0,39.48529411764706,0
102.9926281980006,175360.075550416,3076,1.4176139322916668,10.0,2.0,39.48529411764706,0
103.02459006401477,175360.107512282,3077,1.4200032552083333,12.0,2.0,39.48529411764706,0
103.0606867550232,175360.143608973,3078,1.415244140625,6.0,2.0,39.48529411764706,0
103.09257996201632,175360.17550218,3079,1.412705078125,11.0,2.0,39.48529411764706,0
103.12864371101023,175360.211565929,3080,1.414619140625,8.0,2.0,39.48529411764706,0
103.16061251002247,175360.243534728,3081,1.4164029947916668,7.0,2.0,39.48529411764706,0
103.19259645001148,175360.275518668,3082,1.4235416666666667,8.0,2.0,39.48529411764706,0
103.22862140601501,175360.311543624,3083,1.410048828125,7.0,2.0,39.48529411764706,0
103.26060714101186,175360.343529359,3084,1.415263671875,9.0,2.0,39.48529411764706,0
103.29256904200884,175360.37549126,3085,1.4101822916666666,14.0,2.0,39.48529411764706,0
103.32860090202303,175360.41152312,3086,1.4129622395833332,9.0,2.0,39.48529411764706,0
103.36061902702204,175360.443541245,3087,1.4155598958333333,9.0,2.0,39.48529411764706,0
103.39666459700675,175360.479586815,3088,1.4076204427083334,14.0,2.0,39.48529411764706,0
103.42862947500544,175360.511551693,3089,1.410830078125,10.0,2.0,39.48529411764706,0
103.46055789900129,175360.543480117,3090,1.4176041666666668,5.0,2.0,39.48529411764706,0
103.49658188901958,175360.579504107,3091,1.4090397135416666,6.0,2.0,39.48529411764706,0
103.52863934301422,175360.611561561,3092,1.4144954427083334,8.0,2.0,39.48529411764706,0
103.56058364600176,175360.643505864,3093,1.4055305989583333,8.0,2.0,39.48529411764706,0
103.59660535800504,175360.679527576,3094,1.4160807291666666,9.0,2.0,39.48529411764706,0
103.62871932602138,175360.711641544,3095,1.412587890625,7.0,2.0,39.48529411764706,0
103.66055885801325,175360.743481076,3096,1.4176953125,9.0,2.0,39.48529411764706,0
103.69663681401289,175360.779559032,3097,1.4135319010416667,7.0,2.0,39.48529411764706,0
103.72856265201699,175360.81148487,3098,1.4146484375,12.0,2.0,39.48529411764706,0
103.76472574600484,175360.847647964,3099,1.4072102864583333,7.0,2.0,39.48529411764706,0
103.79666297501535,175360.879585193,3100,1.41306640625,6.0,2.0,39.48529411764706,0
103.8286238470173,175360.911546065,3101,1.41025390625,12.0,2.0,39.48529411764706,0
103.86472388502443,175360.947646103,3102,1.412568359375,6.0,2.0,39.48529411764706,0
103.89664879301563,175360.979571011,3103,1.4060221354166667,7.0,2.0,39.48529411764706,0
103.9285919770191,175361.011514195,3104,1.4211393229166667,12.0,2.0,39.48529411764706,0
103.96475566501613,175361.047677883,3105,1.415673828125,12.0,2.0,39.48529411764706,0
103.99662374000764,175361.079545958,3106,1.418671875,10.0,2.0,39.48529411764706,0
104.03269288101001,175361.115615099,3107,1.4156803385416667,8.0,2.0,39.48529411764706,0
104.06473519699648,175361.147657415,3108,1.4169921875,15.0,2.0,39.48529411764706,0
104.09657381600118,175361.179496034,3109,1.410263671875,12.0,2.0,39.48529411764706,0
104.13266853900859,175361.215590757,3110,1.4132291666666668,10.0,2.0,39.48529411764706,0
104.16467142000329,175361.247593638,3111,1.417314453125,10.0,2.0,39.48529411764706,0
104.19668272600393,175361.279604944,3112,1.41005859375,6.0,2.0,39.48529411764706,0
104.23268005001592,175361.315602268,3113,1.4121061197916667,8.0,2.0,39.48529411764706,0
104.26475832102005,175361.347680539,3114,1.4145833333333333,10.0,2.0,39.48529411764706,0
104.2965704780072,175361.379492696,3115,1.408037109375,11.0,2.0,39.48529411764706,0
104.33264596402296,175361.415568182,3116,1.482421875,13.0,3.0,39.48529411764706,0
104.36483886800124,175361.447761086,3117,2.4711490885416665,254.0,16.0,39.48529411764706,1
104.4009517430095,175361.483873961,3118,1.4437727864583334,13.0,2.0,39.48529411764706,0
104.43277666601352,175361.515698884,3119,1.421201171875,8.0,2.0,39.48529411764706,0
104.4646319510066,175361.547554169,3120,1.41662109375,9.0,2.0,39.48529411764706,0
104.50092030200176,175361.58384252,3121,1.4173079427083333,10.0,2.0,39.48529411764706,0
104.53286319901235,175361.615785417,3122,1.4131770833333333,7.0,2.0,39.48529411764706,0
104.56470910701319,175361.647631325,3123,1.4146028645833333,8.0,2.0,39.48529411764706,0
104.60082030901685,175361.683742527,3124,1.4173111979166666,6.0,2.0,39.48529411764706,0
104.63282196200453,175361.71574418,3125,1.4226171875,6.0,2.0,39.48529411764706,0
104.66879462401266,175361.751716842,3126,1.410634765625,7.0,2.0,39.48529411764706,0
104.70083288400201,175361.783755102,3127,1.41205078125,8.0,2.0,39.48529411764706,0
104.73278656002367,175361.815708778,3128,1.4227506510416668,8.0,2.0,39.48529411764706,0
104.76873778001755,175361.851659998,3129,1.4132486979166667,12.0,2.0,39.48529411764706,0
104.80087198500405,175361.883794203,3130,1.4106412760416667,15.0,2.0,39.48529411764706,0
104.83269039200968,175361.91561261,3131,1.41556640625,8.0,2.0,39.48529411764706,0
104.86870143402484,175361.951623652,3132,1.42064453125,9.0,2.0,39.48529411764706,0
104.90079800001695,175361.983720218,3133,1.4202604166666666,13.0,2.0,39.48529411764706,0
104.93282659602119,175362.015748814,3134,1.4168326822916666,6.0,2.0,39.48529411764706,0
104.96876282102312,175362.051685039,3135,1.4201236979166667,8.0,2.0,39.48529411764706,0
105.00080272901687,175362.083724947,3136,1.4122395833333334,8.0,2.0,39.48529411764706,0
105.03680701900157,175362.119729237,3137,1.413515625,8.0,2.0,39.48529411764706,0
105.06880665602512,175362.151728874,3138,1.40955078125,9.0,2.0,39.48529411764706,0
105.10075861299993,175362.183680831,3139,1.4127376302083334,7.0,2.0,39.48529411764706,0
105.1367814130208,175362.219703631,3140,1.4178971354166667,7.0,2.0,39.48529411764706,0
105.16873896901961,175362.251661187,3141,1.4110904947916667,13.0,2.0,39.48529411764706,0
105.20079263701336,175362.283714855,3142,1.4081380208333334,8.0,2.0,39.48529411764706,0
105.23685423500137,175362.319776453,3143,1.4153938802083332,8.0,2.0,39.48529411764706,0
105.268759108003,175362.351681326,3144,1.4188639322916667,6.0,2.0,39.48529411764706,0
105.30475143602234,175362.387673654,3145,1.4086328125,12.0,2.0,39.48529411764706,0
105.33674234201317,175362.41966456,3146,1.4142350260416667,10.0,2.0,39.48529411764706,0
105.36874848199659,175362.4516707,3147,1.414677734375,9.0,2.0,39.48529411764706,0
105.40471979201538,175362.48764201,3148,1.4032649739583334,11.0,2.0,39.48529411764706,0
105.43674415201531,175362.51966637,3149,1.4199609375,9.0,2.0,39.48529411764706,0
105.46871273900615,175362.551634957,3150,1.415634765625,12.0,2.0,39.48529411764706,0
105.50467667300836,175362.587598891,3151,1.4220865885416667,9.0,2.0,39.48529411764706,0
105.53677294802037,175362.619695166,3152,1.4160123697916667,8.0,2.0,39.48529411764706,0
105.56880649700179,175362.651728715,3153,1.4145442708333333,13.0,2.0,39.48529411764706,0
105.6076488190156,175362.690571037,3154,1.41369140625,9.0,2.0,39.48529411764706,0
105.64045330800582,175362.723375526,3155,1.4144010416666666,9.0,2.0,39.48529411764706,0
105.67280528400443,175362.755727502,3156,1.4083235677083332,9.0,2.0,39.48529411764706,0
105.7047723190044,175362.787694537,3157,1.406982421875,8.0,2.0,39.48529411764706,0
105.73669772100402,175362.819619939,3158,1.4021061197916667,14.0,2.0,39.48529411764706,0
105.77271999500226,175362.855642213,3159,1.4136165364583333,8.0,2.0,39.48529411764706,0
105.80471947000478,175362.887641688,3160,1.4078841145833334,6.0,2.0,39.48529411764706,0
105.83679873801884,175362.919720956,3161,1.41724609375,9.0,2.0,39.48529411764706,0
105.87273227699916,175362.955654495,3162,1.4139518229166668,10.0,2.0,39.48529411764706,0
105.90474930300843,175362.987671521,3163,1.4140885416666666,13.0,2.0,39.48529411764706,0
105.94087224901887,175363.023794467,3164,1.4077018229166667,10.0,2.0,39.48529411764706,0
105.97288484801538,175363.055807066,3165,1.4097526041666666,6.0,2.0,39.48529411764706,0
106.00492364601814,175363.087845864,3166,1.416572265625,15.0,2.0,39.48529411764706,0
106.04088643699652,175363.123808655,3167,1.411708984375,8.0,2.0,39.48529411764706,0
106.0727542390232,175363.155676457,3168,1.4161783854166667,10.0,2.0,39.48529411764706,0
106.10484814300435,175363.187770361,3169,1.4151888020833334,8.0,2.0,39.48529411764706,0
106.14083506300813,175363.223757281,3170,1.4094108072916667,16.0,2.0,39.48529411764706,0
106.17295884201303,175363.25588106,3171,2.463056640625,254.0,16.0,39.48529411764706,1
106.20477092301007,175363.287693141,3172,2.38083984375,254.0,16.0,39.48529411764706,1
106.24086854001507,175363.323790758,3173,1.4265169270833333,10.0,2.0,39.48529411764706,0
106.27273859499837,175363.355660813,3174,1.4236751302083333,5.0,2.0,39.48529411764706,0
106.3087948160246,175363.391717034,3175,1.41583984375,5.0,2.0,39.48529411764706,0
106.34083226299845,175363.423754481,3176,1.407978515625,10.0,2.0,39.48529411764706,0
106.37271742802113,175363.455639646,3177,1.4032096354166668,10.0,2.0,39.48529411764706,0
106.4087781390117,175363.491700357,3178,1.416376953125,8.0,2.0,39.48529411764706,0
106.44084252600442,175363.523764744,3179,1.4109765625,7.0,2.0,39.48529411764706,0
106.4726780350029,175363.555600253,3180,1.420029296875,11.0,2.0,39.48529411764706,0
106.50869006299763,175363.591612281,3181,1.4203125,8.0,2.0,39.48529411764706,0
106.54074258601759,175363.623664804,3182,1.4102604166666666,8.0,2.0,39.48529411764706,0
106.57672764299787,175363.659649861,3183,1.42037109375,9.0,2.0,39.48529411764706,0
106.60870158701437,175363.691623805,3184,1.4173209635416666,11.0,2.0,39.48529411764706,0
106.64080508300685,175363.723727301,3185,1.4109407552083333,14.0,2.0,39.48529411764706,0
106.67686488499749,175363.759787103,3186,1.4149641927083334,10.0,2.0,39.48529411764706,0
106.70873631801805,175363.791658536,3187,1.410146484375,7.0,2.0,39.48529411764706,0
106.74079255000106,175363.823714768,3188,1.421376953125,12.0,2.0,39.48529411764706,0
106.77670391401625,175363.859626132,3189,1.40939453125,10.0,2.0,39.48529411764706,0
106.80875139002455,175363.891673608,3190,1.4140364583333334,7.0,2.0,39.48529411764706,0
106.8407082640042,175363.923630482,3191,1.4130436197916667,12.0,2.0,39.48529411764706,0
106.87673920299858,175363.959661421,3192,1.4079947916666666,6.0,2.0,39.48529411764706,0
106.90866525401361,175363.991587472,3193,1.41384765625,13.0,2.0,39.48529411764706,0
106.94480225999723,175364.027724478,3194,1.4136002604166666,7.0,2.0,39.48529411764706,0
106.97679056902416,175364.059712787,3195,1.4160384114583333,10.0,2.0,39.48529411764706,0
107.00876996302395,175364.091692181,3196,1.4141080729166666,12.0,2.0,39.48529411764706,0
107.04465461999644,175364.127576838,3197,1.4173795572916668,8.0,2.0,39.48529411764706,0
107.07674139301525,175364.159663611,3198,1.4126171875,13.0,2.0,39.48529411764706,0
107.1087066240143,175364.191628842,3199,1.4060611979166666,10.0,2.0,39.48529411764706,0
107.14481429301668,175364.227736511,3200,1.4166373697916668,8.0,2.0,39.48529411764706,0
107.17680331302108,175364.259725531,3201,1.4172298177083333,8.0,2.0,39.48529411764706,0
107.21276812101132,175364.295690339,3202,1.42177734375,9.0,2.0,39.48529411764706,0
107.24482732900651,175364.327749547,3203,1.4078287760416666,8.0,2.0,39.48529411764706,0
107.27678964700317,175364.359711865,3204,1.410712890625,7.0,2.0,39.48529411764706,0
107.31275123101659,175364.395673449,3205,1.4161328125,10.0,2.0,39.48529411764706,0
107.34482024901081,175364.427742467,3206,1.4117708333333334,8.0,2.0,39.48529411764706,0
107.3766680760018,175364.459590294,3207,1.412841796875,10.0,2.0,39.48529411764706,0
107.41267938099918,175364.495601599,3208,1.4136393229166666,10.0,2.0,39.48529411764706,0
107.4448386200238,175364.527760838,3209,1.41828125,6.0,2.0,39.48529411764706,0
107.47690818400588,175364.559830402,3210,1.406669921875,8.0,2.0,39.48529411764706,0
107.5126967690012,175364.595618987,3211,1.4093294270833334,8.0,2.0,39.48529411764706,0
107.54467185901012,175364.627594077,3212,1.4165104166666667,12.0,2.0,39.48529411764706,0
107.58069539902499,175364.663617617,3213,1.419482421875,8.0,2.0,39.48529411764706,0
107.61274864099687,175364.695670859,3214,1.4205891927083334,9.0,2.0,39.48529411764706,0
107.64729962599813,175364.730221844,3215,1.4217838541666667,7.0,2.0,39.48529411764706,0
107.6834928530152,175364.766415071,3216,1.4125911458333333,8.0,2.0,39.48529411764706,0
107.71291460702196,175364.795836825,3217,1.412578125,8.0,2.0,39.48529411764706,0
107.74544991500443,175364.828372133,3218,1.4202897135416668,10.0,2.0,39.48529411764706,0
107.78094296500785,175364.863865183,3219,1.4101888020833333,8.0,2.0,39.48529411764706,0
107.8127973540104,175364.895719572,3220,1.42248046875,10.0,2.0,39.48529411764706,0
107.84876989299664,175364.931692111,3221,1.4145930989583333,8.0,2.0,39.48529411764706,0
107.88066339501529,175364.963585613,3222,1.4136002604166666,10.0,2.0,39.48529411764706,0
107.91268284100806,175364.995605059,3223,1.4174609375,9.0,2.0,39.48529411764706,0
107.94881322199944,175365.03173544,3224,1.4070377604166666,12.0,2.0,39.48529411764706,0
107.98077870201087,175365.06370092,3225,1.4162662760416667,10.0,2.0,39.48529411764706,0
108.01273730801768,175365.095659526,3226,1.4095670572916668,8.0,2.0,39.48529411764706,0
108.0487015870167,175365.131623805,3227,1.41474609375,10.0,2.0,39.48529411764706,0
108.08065324902418,175365.163575467,3228,1.4150618489583333,8.0,2.0,39.48529411764706,0
108.11271278001368,175365.195634998,3229,1.4076432291666667,8.0,2.0,39.48529411764706,0
108.14878258600947,175365.231704804,3230,1.4138671875,8.0,2.0,39.48529411764706,0
108.18082362701534,175365.263745845,3231,1.4067545572916667,9.0,2.0,39.48529411764706,0
108.21677735101548,175365.299699569,3232,1.4200846354166667,10.0,2.0,39.48529411764706,0
108.2486910810112,175365.331613299,3233,2.2381022135416666,254.0,13.0,39.48529411764706,1
108.28079878701828,175365.363721005,3234,2.493502604166667,254.0,16.0,39.48529411764706,1
108.31681988399941,175365.399742102,3235,1.4532584635416668,8.0,2.0,39.48529411764706,0
108.34869218801032,175365.431614406,3236,1.4138411458333333,8.0,2.0,39.48529411764706,0
108.380681242008,175365.46360346,3237,1.421259765625,12.0,2.0,39.48529411764706,0
108.41683347101207,175365.499755689,3238,1.4182096354166667,7.0,2.0,39.48529411764706,0
108.4487379080092,175365.531660126,3239,1.4157356770833334,10.0,2.0,39.48529411764706,0
108.48484016902512,175365.567762387,3240,1.413388671875,9.0,2.0,39.48529411764706,0
108.51678430801257,175365.599706526,3241,1.4152180989583334,10.0,2.0,39.48529411764706,0
108.54866179902456,175365.631584017,3242,1.4104557291666666,7.0,2.0,39.48529411764706,0
108.58481224402203,175365.667734462,3243,1.4177376302083333,9.0,2.0,39.48529411764706,0
108.6168320249999,175365.699754243,3244,1.4139388020833332,12.0,2.0,39.48529411764706,0
108.64868425801978,175365.731606476,3245,1.4194140625,6.0,2.0,39.48529411764706,0
108.68485234302352,175365.767774561,3246,1.4162239583333334,11.0,2.0,39.48529411764706,0
108.71678002300905,175365.799702241,3247,1.4152278645833334,13.0,2.0,39.48529411764706,0
108.74870558900875,175365.831627807,3248,1.4095442708333332,9.0,2.0,39.48529411764706,0
108.78485266800271,175365.867774886,3249,1.4123763020833333,7.0,2.0,39.48529411764706,0
108.81680273401435,175365.899724952,3250,1.4068131510416666,6.0,2.0,39.48529411764706,0
108.85305259100278,175365.935974809,3251,1.4180989583333334,12.0,2.0,39.48529411764706,0
108.88484202700783,175365.967764245,3252,1.4096158854166667,8.0,2.0,39.48529411764706,0
108.91872794702067,175366.001650165,3253,1.4052994791666666,8.0,2.0,39.48529411764706,0
108.95289171201875,175366.03581393,3254,1.4217220052083333,12.0,2.0,39.48529411764706,0
108.98501896302332,175366.067941181,3255,1.419853515625,8.0,2.0,39.48529411764706,0
109.0167885190167,175366.099710737,3256,1.4159309895833334,15.0,2.0,39.48529411764706,0
109.05472565101809,175366.137647869,3257,1.421435546875,10.0,2.0,39.48529411764706,0
109.08679764100816,175366.169719859,3258,1.41298828125,6.0,2.0,39.48529411764706,0
109.12083751001046,175366.203759728,3259,1.4129069010416666,11.0,2.0,39.48529411764706,0
109.15293627601932,175366.235858494,3260,1.4162532552083333,12.0,2.0,39.48529411764706,0
109.18480813602218,175366.267730354,3261,1.4142513020833334,12.0,2.0,39.48529411764706,0
109.22081406900543,175366.303736287,3262,1.40890625,10.0,2.0,39.48529411764706,0
109.25278602301842,175366.335708241,3263,1.4138509114583333,10.0,2.0,39.48529411764706,0
109.28483606001828,175366.367758278,3264,1.414921875,10.0,2.0,39.48529411764706,0
109.32090432700352,175366.403826545,3265,1.4209375,12.0,2.0,39.48529411764706,0
109.3528078320087,175366.43573005,3266,1.4161393229166668,12.0,2.0,39.48529411764706,0
109.3848302870174,175366.467752505,3267,1.4154296875,8.0,2.0,39.48529411764706,0
109.42081747401971,175366.503739692,3268,1.4103385416666667,9.0,2.0,39.48529411764706,0
109.45276932400884,175366.535691542,3269,1.4098014322916668,9.0,2.0,39.48529411764706,0
109.48877546499716,175366.571697683,3270,1.408828125,8.0,2.0,39.48529411764706,0
109.52082454101765,175366.603746759,3271,1.4124348958333333,8.0,2.0,39.48529411764706,0
109.55275225301739,175366.635674471,3272,1.4130924479166667,9.0,2.0,39.48529411764706,0
109.58876909399987,175366.671691312,3273,1.4113802083333333,9.0,2.0,39.48529411764706,0
109.62084655000945,175366.703768768,3274,1.4122233072916666,10.0,2.0,39.48529411764706,0
109.65274916301132,175366.735671381,3275,1.4084635416666667,9.0,2.0,39.48529411764706,0
109.68876742801513,175366.771689646,3276,1.419091796875,13.0,2.0,39.48529411764706,0
109.72074779801187,175366.803670016,3277,1.4167122395833334,9.0,2.0,39.48529411764706,0
109.75678459100891,175366.839706809,3278,1.4090950520833334,8.0,2.0,39.48529411764706,0
109.78877749000094,175366.871699708,3279,1.41708984375,9.0,2.0,39.48529411764706,0
109.82074967000517,175366.903671888,3280,1.4077766927083333,9.0,2.0,39.48529411764706,0
109.85678337700665,175366.939705595,3281,1.4142220052083334,11.0,2.0,39.48529411764706,0
109.88877773302374,175366.971699951,3282,1.4098958333333333,8.0,2.0,39.48529411764706,0
109.92077756702201,175367.003699785,3283,1.4165950520833333,6.0,2.0,39.48529411764706,0
109.95682964500156,175367.039751863,3284,1.4239615885416668,8.0,2.0,39.48529411764706,0
109.98876133101294,175367.071683549,3285,1.4082682291666666,8.0,2.0,39.48529411764706,0
110.02077551401453,175367.103697732,3286,1.4092936197916666,17.0,2.0,39.48529411764706,0
110.05681675500819,175367.139738973,3287,1.4193912760416667,9.0,2.0,39.48529411764706,0
110.0887945300201,175367.171716748,3288,1.4154069010416668,9.0,2.0,39.48529411764706,0
110.12474980900879,175367.207672027,3289,1.4137141927083334,8.0,2.0,39.48529411764706,0
110.1568244950031,175367.239746713,3290,1.4275846354166666,9.0,2.0,39.48529411764706,0
110.18879354200908,175367.27171576,3291,1.4107779947916668,8.0,2.0,39.48529411764706,0
110.22471745702205,175367.307639675,3292,1.410791015625,12.0,2.0,39.48529411764706,0
110.25676493401988,175367.339687152,3293,1.419541015625,9.0,2.0,39.48529411764706,0
110.28870354901301,175367.371625767,3294,1.4133919270833333,11.0,2.0,39.48529411764706,0
110.32490239202161,175367.40782461,3295,2.401930338541667,254.0,16.0,39.48529411764706,1
110.35675701801665,175367.439679236,3296,2.293343098958333,254.0,14.0,39.48529411764706,1
110.39274999100599,175367.475672209,3297,1.4272819010416666,9.0,2.0,39.48529411764706,0
110.42475919000572,175367.507681408,3298,1.4140071614583334,9.0,2.0,39.48529411764706,0
110.45671321402187,175367.539635432,3299,1.4114192708333333,10.0,2.0,39.48529411764706,0
110.49269757201546,175367.57561979,3300,1.4148990885416666,12.0,2.0,39.48529411764706,0
110.52475082100136,175367.607673039,3301,1.413837890625,8.0,2.0,39.48529411764706,0
110.55673328301054,175367.639655501,3302,1.4097200520833333,10.0,2.0,39.48529411764706,0
110.59271791702486,175367.675640135,3303,1.41431640625,8.0,2.0,39.48529411764706,0
110.62479038300808,175367.707712601,3304,1.4143131510416667,8.0,2.0,39.48529411764706,0
110.65678515800391,175367.739707376,3305,1.404794921875,14.0,2.0,39.48529411764706,0
110.69271134401788,175367.775633562,3306,1.4099576822916666,12.0,2.0,39.48529411764706,0
110.72471215302357,175367.807634371,3307,1.4131477864583333,11.0,2.0,39.48529411764706,0
110.76068836500053,175367.843610583,3308,1.414931640625,11.0,2.0,39.48529411764706,0
110.79274001100566,175367.875662229,3309,1.4102278645833333,15.0,2.0,39.48529411764706,0
110.82479432501714,175367.907716543,3310,1.40892578125,8.0,2.0,39.48529411764706,0
110.86086347899982,175367.943785697,3311,1.42494140625,8.0,2.0,39.48529411764706,0
110.89277108100941,175367.975693299,3312,1.4171907552083334,8.0,2.0,39.48529411764706,0
110.9247840270109,175368.007706245,3313,1.4100162760416666,8.0,2.0,39.48529411764706,0
110.96079283201834,175368.04371505,3314,1.4173372395833332,12.0,2.0,39.48529411764706,0
110.99282359000063,175368.075745808,3315,1.4183072916666666,8.0,2.0,39.48529411764706,0
111.02878897101618,175368.111711189,3316,1.4158203125,16.0,2.0,39.48529411764706,0
111.06073930399725,175368.143661522,3317,1.413427734375,9.0,2.0,39.48529411764706,0
111.09267401200486,175368.17559623,3318,1.4115852864583334,6.0,2.0,39.48529411764706,0
111.12878794400604,175368.211710162,3319,1.4143424479166666,7.0,2.0,39.48529411764706,0
111.1608659720223,175368.24378819,3320,1.4054654947916667,12.0,2.0,39.48529411764706,0
111.19281670902274,175368.275738927,3321,1.4202701822916666,6.0,2.0,39.48529411764706,0
111.22868919500615,175368.311611413,3322,1.4144075520833332,12.0,2.0,39.48529411764706,0
111.26068308000686,175368.343605298,3323,1.4128776041666666,9.0,2.0,39.48529411764706,0
111.2928544410097,175368.375776659,3324,1.4115690104166667,6.0,2.0,39.48529411764706,0
111.32869158600806,175368.411613804,3325,1.4188509114583334,9.0,2.0,39.48529411764706,0
111.36067247000756,175368.443594688,3326,1.4151041666666666,9.0,2.0,39.48529411764706,0
111.39677806801046,175368.479700286,3327,1.41376953125,10.0,2.0,39.48529411764706,0
111.42877240999951,175368.511694628,3328,1.4133528645833333,8.0,2.0,39.48529411764706,0
111.4606930570153,175368.543615275,3329,1.4147493489583334,10.0,2.0,39.48529411764706,0
111.4966817710083,175368.579603989,3330,1.419208984375,10.0,2.0,39.48529411764706,0
111.52871296502417,175368.611635183,3331,1.418486328125,12.0,2.0,39.48529411764706,0
111.56068438800867,175368.643606606,3332,1.4100944010416667,10.0,2.0,39.48529411764706,0
111.59669373300858,175368.679615951,3333,1.4145703125,8.0,2.0,39.48529411764706,0
111.62871977000032,175368.711641988,3334,1.412138671875,9.0,2.0,39.48529411764706,0
111.66473952701199,175368.747661745,3335,1.415078125,14.0,2.0,39.48529411764706,0
111.69673393599805,175368.779656154,3336,1.4164518229166667,10.0,2.0,39.48529411764706,0
111.72866778000025,175368.811589998,3337,1.4136848958333332,16.0,2.0,39.48529411764706,0
111.76474308699835,175368.847665305,3338,1.4099153645833333,8.0,2.0,39.48529411764706,0
111.79676078399643,175368.879683002,3339,1.4101953125,10.0,2.0,39.48529411764706,0
111.82878775900463,175368.911709977,3340,1.4181575520833334,15.0,2.0,39.48529411764706,0
111.86480674700579,175368.947728965,3341,1.4115690104166667,9.0,2.0,39.48529411764706,0
111.89682354201796,175368.97974576,3342,1.4140234375,7.0,2.0,39.48529411764706,0
111.9288452680048,175369.011767486,3343,1.4114485677083333,8.0,2.0,39.48529411764706,0
111.96483675402123,175369.047758972,3344,1.409697265625,11.0,2.0,39.48529411764706,0
111.99702537202393,175369.07994759,3345,1.4201236979166667,8.0,2.0,39.48529411764706,0
112.03282879301696,175369.115751011,3346,1.40923828125,9.0,2.0,39.48529411764706,0
112.0648635130201,175369.147785731,3347,1.4103125,7.0,2.0,39.48529411764706,0
112.09694516702439,175369.179867385,3348,1.4108430989583334,9.0,2.0,39.48529411764706,0
112.13283252200927,175369.21575474,3349,1.4154947916666667,11.0,2.0,39.48529411764706,0
112.16871943301521,175369.251641651,3350,1.4013411458333334,10.0,2.0,39.48529411764706,0
112.20507699501468,175369.287999213,3351,1.4146451822916666,8.0,2.0,39.48529411764706,0
112.2334669480042,175369.316389166,3352,1.4106022135416667,8.0,2.0,39.48529411764706,0
112.2659859660198,175369.348908184,3353,1.4136002604166666,6.0,2.0,39.48529411764706,0
112.30090449401177,175369.383826712,3354,2.4136979166666666,254.0,16.0,39.48529411764706,1
112.33277732299757,175369.415699541,3355,2.1851302083333333,254.0,11.0,39.48529411764706,1
112.36472776302253,175369.447649981,3356,1.4267903645833333,6.0,2.0,39.48529411764706,0
112.40083642600803,175369.483758644,3357,1.4147200520833334,12.0,2.0,39.48529411764706,0
112.43276943700039,175369.515691655,3358,1.4140625,8.0,2.0,39.48529411764706,0
112.46469398000045,175369.547616198,3359,1.413671875,11.0,2.0,39.48529411764706,0
112.50085825502174,175369.583780473,3360,1.409072265625,8.0,2.0,39.48529411764706,0
112.5328742970014,175369.615796515,3361,1.4175,16.0,2.0,39.48529411764706,0
112.56476239400217,175369.647684612,3362,1.415048828125,9.0,2.0,39.48529411764706,0
112.60080849801307,175369.683730716,3363,1.3992643229166666,9.0,2.0,39.48529411764706,0
112.63275674800389,175369.715678966,3364,1.4039192708333332,9.0,2.0,39.48529411764706,0
112.66888516201288,175369.75180738,3365,1.41666015625,6.0,2.0,39.48529411764706,0
112.70077794001554,175369.783700158,3366,1.4197200520833333,10.0,2.0,39.48529411764706,0
112.73270001201308,175369.81562223,3367,1.4168229166666666,8.0,2.0,39.48529411764706,0
112.76882974500768,175369.851751963,3368,1.416552734375,13.0,2.0,39.48529411764706,0
112.80085901002167,175369.883781228,3369,1.4129720052083334,8.0,2.0,39.48529411764706,0
112.8327146890224,175369.915636907,3370,1.4031673177083333,10.0,2.0,39.48529411764706,0
112.86881790301413,175369.951740121,3371,1.417158203125,7.0,2.0,39.48529411764706,0
112.9007881419966,175369.98371036,3372,1.4147721354166667,11.0,2.0,39.48529411764706,0
112.93689466299838,175370.019816881,3373,1.4066243489583334,9.0,2.0,39.48529411764706,0
112.96884274401236,175370.051764962,3374,1.4120084635416668,8.0,2.0,39.48529411764706,0
113.0009512490069,175370.083873467,3375,1.4191471354166667,7.0,2.0,39.48529411764706,0
113.03682741700322,175370.119749635,3376,1.4134700520833334,13.0,2.0,39.48529411764706,0
113.0688716690056,175370.151793887,3377,1.4153483072916666,12.0,2.0,39.48529411764706,0
113.10088351901504,175370.183805737,3378,1.4160546875,12.0,2.0,39.48529411764706,0
113.13685108002392,175370.219773298,3379,1.4134537760416668,8.0,2.0,39.48529411764706,0
113.16895142302383,175370.251873641,3380,1.4113411458333334,12.0,2.0,39.48529411764706,0
113.20084366301307,175370.283765881,3381,1.415947265625,9.0,2.0,39.48529411764706,0
113.23688517001574,175370.319807388,3382,1.416396484375,12.0,2.0,39.48529411764706,0
113.26894933200674,175370.35187155,3383,1.41755859375,11.0,2.0,39.48529411764706,0
113.30482766299974,175370.387749881,3384,1.4210579427083334,10.0,2.0,39.48529411764706,0
113.3369075730152,175370.419829791,3385,1.4176204427083334,20.0,2.0,39.48529411764706,0
113.36885642001289,175370.451778638,3386,1.4136881510416666,6.0,2.0,39.48529411764706,0
113.40481662101229,175370.487738839,3387,1.4086979166666667,10.0,2.0,39.48529411764706,0
113.43693938100478,175370.519861599,3388,1.415322265625,7.0,2.0,39.48529411764706,0
113.46884846300236,175370.551770681,3389,1.4134309895833332,9.0,2.0,39.48529411764706,0
113.50478877301794,175370.587710991,3390,1.4058756510416666,8.0,2.0,39.48529411764706,0
113.53678828000557,175370.619710498,3391,1.4130794270833333,6.0,2.0,39.48529411764706,0
113.57280400500167,175370.655726223,3392,1.40990234375,12.0,2.0,39.48529411764706,0
113.60477441400872,175370.687696632,3393,1.4138151041666667,13.0,2.0,39.48529411764706,0
113.63685839201207,175370.71978061,3394,1.4156087239583333,14.0,2.0,39.48529411764706,0
113.67285631000414,175370.755778528,3395,1.410693359375,10.0,2.0,39.48529411764706,0
113.7048059880035,175370.787728206,3396,1.409677734375,8.0,2.0,39.48529411764706,0
113.73687237201375,175370.81979459,3397,1.4122200520833332,7.0,2.0,39.48529411764706,0
113.77281767199747,175370.85573989,3398,1.4134635416666668,10.0,2.0,39.48529411764706,0
113.80477905500447,175370.887701273,3399,1.4138639322916666,13.0,2.0,39.48529411764706,0
113.84077487001196,175370.923697088,3400,1.4202799479166666,11.0,2.0,39.48529411764706,0
113.8727489230223,175370.955671141,3401,1.412939453125,10.0,2.0,39.48529411764706,0
113.90473058100906,175370.987652799,3402,1.4122102864583332,10.0,2.0,39.48529411764706,0
113.94095993202063,175371.02388215,3403,1.4062630208333333,16.0,2.0,39.48529411764706,0
113.97283752501244,175371.055759743,3404,1.4092024739583333,11.0,2.0,39.48529411764706,0
114.00487578200409,175371.087798,3405,1.4202604166666666,12.0,2.0,39.48529411764706,0
114.04076718000579,175371.123689398,3406,1.4137272135416667,9.0,2.0,39.48529411764706,0
114.07276539201848,175371.15568761,3407,1.4157845052083333,7.0,2.0,39.48529411764706,0
114.10475087500527,175371.187673093,3408,1.40982421875,12.0,2.0,39.48529411764706,0
114.14085115800845,175371.223773376,3409,1.4217447916666666,8.0,2.0,39.48529411764706,0
114.1729179280228,175371.255840146,3410,1.41759765625,9.0,2.0,39.48529411764706,0
114.20876848700573,175371.291690705,3411,1.47095703125,14.0,3.0,39.48529411764706,0
114.24082190802437,175371.323744126,3412,2.475927734375,254.0,16.0,39.48529411764706,1
114.27282356302021,175371.355745781,3413,1.4663053385416667,14.0,2.0,39.48529411764706,0
114.30872776301112,175371.391649981,3414,1.41732421875,8.0,2.0,39.48529411764706,0
114.34085843301727,175371.423780651,3415,1.4121028645833333,7.0,2.0,39.48529411764706,0
114.37279102401226,175371.455713242,3416,1.410322265625,7.0,2.0,39.48529411764706,0
114.40881091100164,175371.491733129,3417,1.4120052083333334,7.0,2.0,39.48529411764706,0
114.44083793100435,175371.523760149,3418,1.4213899739583333,8.0,2.0,39.48529411764706,0
114.47687219199724,175371.55979441,3419,1.4181640625,14.0,2.0,39.48529411764706,0
114.50888454800588,175371.591806766,3420,1.4170735677083333,8.0,2.0,39.48529411764706,0
114.54075150500285,175371.623673723,3421,1.4169498697916667,13.0,2.0,39.48529411764706,0
114.57668582600309,175371.659608044,3422,1.4163736979166666,9.0,2.0,39.48529411764706,0
114.60875512802158,175371.691677346,3423,1.4174348958333334,8.0,2.0,39.48529411764706,0
114.64069431801909,175371.723616536,3424,1.4080924479166668,6.0,2.0,39.48529411764706,0
114.67690215600305,175371.759824374,3425,1.4156608072916668,12.0,2.0,39.48529411764706,0
114.7088031170133,175371.791725335,3426,1.4213444010416667,10.0,2.0,39.48529411764706,0
114.74080183601473,175371.823724054,3427,1.4185709635416666,8.0,2.0,39.48529411764706,0
114.77675395199913,175371.85967617,3428,1.42173828125,10.0,2.0,39.48529411764706,0
114.80870094001875,175371.891623158,3429,1.4078352864583332,9.0,2.0,39.48529411764706,0
114.84471453301376,175371.927636751,3430,1.4137337239583334,8.0,2.0,39.48529411764706,0
114.87674257199978,175371.95966479,3431,1.4214420572916666,9.0,2.0,39.48529411764706,0
114.90876535701682,175371.991687575,3432,1.41671875,8.0,2.0,39.48529411764706,0
114.94489462501951,175372.027816843,3433,1.414462890625,12.0,2.0,39.48529411764706,0
114.97680014700745,175372.059722365,3434,1.4182845052083333,10.0,2.0,39.48529411764706,0
115.00888856302481,175372.091810781,3435,1.4165397135416666,12.0,2.0,39.48529411764706,0
115.04486336800619,175372.127785586,3436,1.4191959635416667,10.0,2.0,39.48529411764706,0
115.07688447402325,175372.159806692,3437,1.4180240885416666,14.0,2.0,39.48529411764706,0
115.11272861700854,175372.195650835,3438,1.4141471354166666,6.0,2.0,39.48529411764706,0
115.14480915901368,175372.227731377,3439,1.4105533854166667,6.0,2.0,39.48529411764706,0
115.1767391320027,175372.25966135,3440,1.4115690104166667,6.0,2.0,39.48529411764706,0
115.21273736702278,175372.295659585,3441,1.417119140625,13.0,2.0,39.48529411764706,0
115.2447324420209,175372.32765466,3442,1.414306640625,14.0,2.0,39.48529411764706,0
115.2767026440124,175372.359624862,3443,1.41609375,7.0,2.0,39.48529411764706,0
115.31277173600392,175372.395693954,3444,1.42224609375,10.0,2.0,39.48529411764706,0
115.34478857999784,175372.427710798,3445,1.416494140625,6.0,2.0,39.48529411764706,0
115.38066317501944,175372.463585393,3446,1.412001953125,8.0,2.0,39.48529411764706,0
115.4395454180194,175372.522467636,3447,1.4125065104166667,8.0,2.0,39.48529411764706,0
115.45271627701004,175372.535638495,3448,1.4148567708333333,12.0,2.0,39.48529411764706,0
115.48084372701123,175372.563765945,3449,1.4212923177083334,7.0,2.0,39.48529411764706,0
115.51282180601265,175372.595744024,3450,1.413115234375,8.0,2.0,39.48529411764706,0
115.54473180300556,175372.627654021,3451,1.4219010416666666,15.0,2.0,39.48529411764706,0
115.58074766001664,175372.663669878,3452,1.417958984375,7.0,2.0,39.48529411764706,0
115.6127687219996,175372.69569094,3453,1.4115950520833334,8.0,2.0,39.48529411764706,0
115.6447678580007,175372.727690076,3454,1.4137337239583334,13.0,2.0,39.48529411764706,0
115.68072830600431,175372.763650524,3455,1.4118815104166667,9.0,2.0,39.48529411764706,0
115.71273391600698,175372.795656134,3456,1.4096940104166666,9.0,2.0,39.48529411764706,0
115.7487343820103,175372.8316566,3457,1.4128515625,9.0,2.0,39.48529411764706,0
115.78073614300229,175372.863658361,3458,1.4134700520833334,8.0,2.0,39.48529411764706,0
115.81267808302073,175372.895600301,3459,1.41177734375,9.0,2.0,39.48529411764706,0
115.84872188000008,175372.931644098,3460,1.418125,8.0,2.0,39.48529411764706,0
115.88072613099939,175372.963648349,3461,1.4187174479166667,8.0,2.0,39.48529411764706,0
115.91274474799866,175372.995666966,3462,1.4147037760416667,15.0,2.0,39.48529411764706,0
115.94888255701517,175373.031804775,3463,1.4109244791666666,10.0,2.0,39.48529411764706,0
115.98073393202503,175373.06365615,3464,1.418916015625,12.0,2.0,39.48529411764706,0
116.01280698701157,175373.095729205,3465,1.4126171875,12.0,2.0,39.48529411764706,0
116.04892991401721,175373.131852132,3466,1.7842513020833333,243.0,8.0,39.48529411764706,1
116.08072032002383,175373.163642538,3467,2.497145182291667,254.0,16.0,39.48529411764706,1
116.1168288589979,175373.199751077,3468,1.4598307291666666,11.0,2.0,39.48529411764706,0
116.14880572102265,175373.231727939,3469,1.4183951822916667,8.0,2.0,39.48529411764706,0
116.18113638099749,175373.264058599,3470,1.4168131510416666,8.0,2.0,39.48529411764706,0
116.21674889902351,175373.299671117,3471,1.4171028645833332,12.0,2.0,39.48529411764706,0
116.24877129701781,175373.331693515,3472,1.418291015625,9.0,2.0,39.48529411764706,0
116.28067688300507,175373.363599101,3473,1.4179720052083333,6.0,2.0,39.48529411764706,0
116.31682075501885,175373.399742973,3474,1.416181640625,9.0,2.0,39.48529411764706,0
116.348811044998,175373.431733263,3475,1.4141080729166666,8.0,2.0,39.48529411764706,0
116.38483236002503,175373.467754578,3476,1.409619140625,6.0,2.0,39.48529411764706,0
116.41693899899838,175373.499861217,3477,1.4114876302083332,6.0,2.0,39.48529411764706,0
116.44878895400325,175373.531711172,3478,1.4139029947916666,10.0,2.0,39.48529411764706,0
116.48485852201702,175373.56778074,3479,1.4165592447916666,8.0,2.0,39.48529411764706,0
116.51678203101619,175373.599704249,3480,1.4192024739583333,10.0,2.0,39.48529411764706,0
116.54938734401367,175373.632309562,3481,1.41583984375,8.0,2.0,39.48529411764706,0
116.58490636301576,175373.667828581,3482,1.4168001302083333,15.0,2.0,39.48529411764706,0
116.61679573301808,175373.699717951,3483,1.4092122395833333,7.0,2.0,39.48529411764706,0
116.64879198902054,175373.731714207,3484,1.4075130208333333,11.0,2.0,39.48529411764706,0
116.68479857602506,175373.767720794,3485,1.4060026041666667,7.0,2.0,39.48529411764706,0
116.7167051610013,175373.799627379,3486,1.4206640625,8.0,2.0,39.48529411764706,0
116.7528534239973,175373.835775642,3487,1.41013671875,8.0,2.0,39.48529411764706,0
116.7848082560231,175373.867730474,3488,1.4167317708333333,9.0,2.0,39.48529411764706,0
116.81678583999746,175373.899708058,3489,1.4112076822916666,11.0,2.0,39.48529411764706,0
116.85293806801201,175373.935860286,3490,1.415966796875,8.0,2.0,39.48529411764706,0
116.88484811701346,175373.967770335,3491,1.4107194010416666,9.0,2.0,39.48529411764706,0
116.91686778102303,175373.999789999,3492,1.4163541666666666,7.0,2.0,39.48529411764706,0
116.95302243900369,175374.035944657,3493,1.4171484375,8.0,2.0,39.48529411764706,0
116.98502088201349,175374.0679431,3494,1.4104947916666666,15.0,2.0,39.48529411764706,0
117.02092365600402,175374.103845874,3495,1.4157845052083333,7.0,2.0,39.48529411764706,0
117.0529487330059,175374.135870951,3496,1.4191080729166667,12.0,2.0,39.48529411764706,0
117.0847941430111,175374.167716361,3497,1.425556640625,13.0,2.0,39.48529411764706,0
117.12085957100498,175374.203781789,3498,1.414326171875,11.0,2.0,39.48529411764706,0
117.15293730000849,175374.235859518,3499,1.4114680989583333,14.0,2.0,39.48529411764706,0
117.18496472699917,175374.267886945,3500,1.4108984375,10.0,2.0,39.48529411764706,0
117.2208220680186,175374.303744286,3501,1.41201171875,10.0,2.0,39.48529411764706,0
117.25282125899685,175374.335743477,3502,1.4138118489583333,9.0,2.0,39.48529411764706,0
117.28480851900531,175374.367730737,3503,1.4165592447916666,12.0,2.0,39.48529411764706,0
117.32081645101425,175374.403738669,3504,1.4094368489583333,6.0,2.0,39.48529411764706,0
117.35286272701342,175374.435784945,3505,1.4170182291666666,8.0,2.0,39.48529411764706,0
117.38884559701546,175374.471767815,3506,1.4179134114583334,11.0,2.0,39.48529411764706,0
117.42088050500024,175374.503802723,3507,1.4152018229166667,10.0,2.0,39.48529411764706,0
117.45295377200819,175374.53587599,3508,1.4192838541666666,8.0,2.0,39.48529411764706,0
117.4888388630061,175374.571761081,3509,1.412724609375,8.0,2.0,39.48529411764706,0
117.52086816701922,175374.603790385,3510,1.4200065104166666,10.0,2.0,39.48529411764706,0
117.55287845301791,175374.635800671,3511,1.417333984375,10.0,2.0,39.48529411764706,0
117.58893608400831,175374.671858302,3512,1.409794921875,12.0,2.0,39.48529411764706,0
117.62092005601153,175374.703842274,3513,1.415947265625,8.0,2.0,39.48529411764706,0
117.65686400001869,175374.739786218,3514,1.4186328125,8.0,2.0,39.48529411764706,0
117.68876209200243,175374.77168431,3515,1.4150520833333333,10.0,2.0,39.48529411764706,0
117.72087309299968,175374.803795311,3516,1.4181640625,8.0,2.0,39.48529411764706,0
117.75689109700033,175374.839813315,3517,1.4085611979166666,9.0,2.0,39.48529411764706,0
117.78886791301193,175374.871790131,3518,1.4198665364583334,8.0,2.0,39.48529411764706,0
117.82083330702153,175374.903755525,3519,1.4132877604166667,9.0,2.0,39.48529411764706,0
117.85676717400202,175374.939689392,3520,1.408603515625,8.0,2.0,39.48529411764706,0
117.88883517202339,175374.97175739,3521,1.4167154947916667,7.0,2.0,39.48529411764706,0
117.92085463201511,175375.00377685,3522,1.4149088541666666,8.0,2.0,39.48529411764706,0
117.95692976901773,175375.039851987,3523,1.420419921875,9.0,2.0,39.48529411764706,0
117.99004746001447,175375.072969678,3524,1.4133919270833333,10.0,2.0,39.48529411764706,0
118.02629630299634,175375.109218521,3525,1.4161360677083332,12.0,2.0,39.48529411764706,0
118.05683735801722,175375.139759576,3526,1.4101171875,15.0,2.0,39.48529411764706,0
118.0888578070153,175375.171780025,3527,1.4106380208333333,8.0,2.0,39.48529411764706,0
118.12483336302103,175375.207755581,3528,1.4121712239583333,8.0,2.0,39.48529411764706,0
118.15683020101278,175375.239752419,3529,1.4171419270833334,6.0,2.0,39.48529411764706,0
118.18883431600989,175375.271756534,3530,1.4826595052083333,14.0,3.0,39.48529411764706,0
118.22482282001874,175375.307745038,3531,2.496904296875,254.0,16.0,39.48529411764706,1
118.25684532400919,175375.339767542,3532,1.4431673177083333,9.0,2.0,39.48529411764706,0
118.2927666780015,175375.375688896,3533,1.4119954427083334,12.0,2.0,39.48529411764706,0
118.32478350101155,175375.407705719,3534,1.4147591145833334,8.0,2.0,39.48529411764706,0
118.3568168390193,175375.439739057,3535,1.4107877604166668,6.0,2.0,39.48529411764706,0
118.39270755602047,175375.475629774,3536,1.4203483072916667,10.0,2.0,39.48529411764706,0
118.42473331899964,175375.507655537,3537,1.4171256510416668,9.0,2.0,39.48529411764706,0
118.4567024029966,175375.539624621,3538,1.415615234375,8.0,2.0,39.48529411764706,0
118.49275941299857,175375.575681631,3539,1.41458984375,6.0,2.0,39.48529411764706,0
118.52472404000582,175375.607646258,3540,1.4226204427083333,8.0,2.0,39.48529411764706,0
118.55670476501109,175375.639626983,3541,1.4165494791666666,10.0,2.0,39.48529411764706,0
118.59276386001147,175375.675686078,3542,1.4169270833333334,10.0,2.0,39.48529411764706,0
118.62463836799725,175375.707560586,3543,1.417236328125,9.0,2.0,39.48529411764706,0
118.66074469999876,175375.743666918,3544,1.409658203125,16.0,2.0,39.48529411764706,0
118.69280054600677,175375.775722764,3545,1.418134765625,9.0,2.0,39.48529411764706,0
118.72470036201412,175375.80762258,3546,1.413544921875,8.0,2.0,39.48529411764706,0
118.76074469799642,175375.843666916,3547,1.4141569010416666,8.0,2.0,39.48529411764706,0
118.79270411402103,175375.875626332,3548,1.4161946614583334,10.0,2.0,39.48529411764706,0
118.82468826501281,175375.907610483,3549,1.419091796875,12.0,2.0,39.48529411764706,0
118.8607435960148,175375.943665814,3550,1.412607421875,9.0,2.0,39.48529411764706,0
118.8927362410177,175375.975658459,3551,1.407939453125,6.0,2.0,39.48529411764706,0
118.92872049601283,175376.011642714,3552,1.417138671875,7.0,2.0,39.48529411764706,0
118.96075119602028,175376.043673414,3553,1.4129264322916666,14.0,2.0,39.48529411764706,0
118.99265318500693,175376.075575403,3554,1.4070768229166666,6.0,2.0,39.48529411764706,0
119.02885475501535,175376.111776973,3555,1.4113411458333334,7.0,2.0,39.48529411764706,0
119.06078937402344,175376.143711592,3556,1.4087141927083333,8.0,2.0,39.48529411764706,0
119.0927514390205,175376.175673657,3557,1.412646484375,7.0,2.0,39.48529411764706,0
119.1286930119968,175376.21161523,3558,1.41859375,10.0,2.0,39.48529411764706,0
119.16075504900073,175376.243677267,3559,1.4159212239583334,8.0,2.0,39.48529411764706,0
119.19272596301744,175376.275648181,3560,1.4179427083333334,9.0,2.0,39.48529411764706,0
119.22875493901665,175376.311677157,3561,1.4085091145833333,14.0,2.0,39.48529411764706,0
119.26071023600525,175376.343632454,3562,1.420498046875,9.0,2.0,39.48529411764706,0
119.29668184701586,175376.379604065,3563,1.40845703125,9.0,2.0,39.48529411764706,0
119.32870074201492,175376.41162296,3564,1.4135709635416667,6.0,2.0,39.48529411764706,0
119.36064979599905,175376.443572014,3565,1.4150748697916666,6.0,2.0,39.48529411764706,0
119.39672423401498,175376.479646452,3566,1.4100162760416666,8.0,2.0,39.48529411764706,0
119.42872699201689,175376.51164921,3567,1.4114485677083333,9.0,2.0,39.48529411764706,0
119.46072160301264,175376.543643821,3568,1.416875,8.0,2.0,39.48529411764706,0
119.49673339302535,175376.579655611,3569,1.4128125,12.0,2.0,39.48529411764706,0
119.52874793700175,175376.611670155,3570,1.4059407552083334,6.0,2.0,39.48529411764706,0
119.56473465502495,175376.647656873,3571,1.4134765625,9.0,2.0,39.48529411764706,0
119.59673441702034,175376.679656635,3572,1.4163899739583334,7.0,2.0,39.48529411764706,0
119.62872052800958,175376.711642746,3573,1.4198111979166668,12.0,2.0,39.48529411764706,0
119.66472331000841,175376.747645528,3574,1.4108756510416667,8.0,2.0,39.48529411764706,0
119.69675258602365,175376.779674804,3575,1.4213248697916667,8.0,2.0,39.48529411764706,0
119.72868727199966,175376.81160949,3576,1.4105013020833332,6.0,2.0,39.48529411764706,0
119.76477941501071,175376.847701633,3577,1.41400390625,8.0,2.0,39.48529411764706,0
119.79678019200219,175376.87970241,3578,1.4161360677083332,8.0,2.0,39.48529411764706,0
119.82871628500288,175376.911638503,3579,1.4197981770833332,5.0,2.0,39.48529411764706,0
119.8647363470227,175376.947658565,3580,1.419931640625,12.0,2.0,39.48529411764706,0
119.89671644501504,175376.979638663,3581,1.4165266927083333,11.0,2.0,39.48529411764706,0
119.93279196199728,175377.01571418,3582,1.418427734375,12.0,2.0,39.48529411764706,0
119.964732035005,175377.047654253,3583,1.4135091145833334,6.0,2.0,39.48529411764706,0
119.99670351701207,175377.079625735,3584,1.4090592447916668,13.0,2.0,39.48529411764706,0
120.03273496200563,175377.11565718,3585,1.4215364583333334,11.0,2.0,39.48529411764706,0
120.06471641300595,175377.147638631,3586,1.4012434895833332,10.0,2.0,39.48529411764706,0
120.09668474300997,175377.179606961,3587,1.416201171875,9.0,2.0,39.48529411764706,0
120.13271408900619,175377.215636307,3588,1.4081119791666667,14.0,2.0,39.48529411764706,0
120.1647269250243,175377.247649143,3589,1.421337890625,10.0,2.0,39.48529411764706,0
120.20080782999867,175377.283730048,3590,1.4130110677083334,10.0,2.0,39.48529411764706,0
120.23271070601186,175377.315632924,3591,1.416357421875,8.0,2.0,39.48529411764706,0
120.26470572000835,175377.347627938,3592,1.535703125,16.0,4.0,39.48529411764706,0
120.30077670500032,175377.383698923,3593,2.4467057291666667,254.0,16.0,39.48529411764706,1
120.33271919100662,175377.415641409,3594,1.4427115885416666,10.0,2.0,39.48529411764706,0
120.36467346199788,175377.44759568,3595,1.415576171875,8.0,2.0,39.48529411764706,0
120.40072368399706,175377.483645902,3596,1.410966796875,7.0,2.0,39.48529411764706,0
120.43272056701244,175377.515642785,3597,1.4203385416666667,12.0,2.0,39.48529411764706,0
120.46472962302505,175377.547651841,3598,1.4143098958333333,11.0,2.0,39.48529411764706,0
120.50080763502046,175377.583729853,3599,1.4152604166666667,8.0,2.0,39.48529411764706,0
120.53270448400872,175377.615626702,3600,1.421904296875,7.0,2.0,39.48529411764706,0
120.56880778601044,175377.651730004,3601,1.4198209635416668,7.0,2.0,39.48529411764706,0
120.60084156799712,175377.683763786,3602,1.4187044270833333,9.0,2.0,39.48529411764706,0
120.63271248401725,175377.715634702,3603,1.4015494791666667,7.0,2.0,39.48529411764706,0
120.66873561000102,175377.751657828,3604,1.411259765625,10.0,2.0,39.48529411764706,0
120.70077977800975,175377.783701996,3605,1.4173795572916668,12.0,2.0,39.48529411764706,0
120.73269512801198,175377.815617346,3606,1.4165006510416667,8.0,2.0,39.48529411764706,0
120.76882301300066,175377.851745231,3607,1.422001953125,8.0,2.0,39.48529411764706,0
120.80080578199704,175377.883728,3608,1.4195279947916666,9.0,2.0,39.48529411764706,0
120.83676920100697,175377.919691419,3609,1.4175748697916666,6.0,2.0,39.48529411764706,0
120.86879381301696,175377.951716031,3610,1.4208430989583334,9.0,2.0,39.48529411764706,0
120.90076517002308,175377.983687388,3611,1.4179264322916667,6.0,2.0,39.48529411764706,0
120.93677521101199,175378.019697429,3612,1.41431640625,8.0,2.0,39.48529411764706,0
120.96876136399806,175378.051683582,3613,1.406806640625,8.0,2.0,39.48529411764706,0
121.00073787200381,175378.08366009,3614,1.4171549479166667,10.0,2.0,39.48529411764706,0
121.03675124701113,175378.119673465,3615,1.410185546875,9.0,2.0,39.48529411764706,0
121.06881628802512,175378.151738506,3616,1.422431640625,12.0,2.0,39.48529411764706,0
121.10183970999788,175378.184761928,3617,1.4231510416666666,10.0,2.0,39.48529411764706,0
121.14071575301932,175378.223637971,3618,1.4112955729166667,12.0,2.0,39.48529411764706,0
121.16988640101044,175378.252808619,3619,1.4146321614583333,8.0,2.0,39.48529411764706,0
121.20491266599856,175378.287834884,3620,1.4143489583333333,8.0,2.0,39.48529411764706,0
121.23687254200922,175378.31979476,3621,1.4160481770833333,7.0,2.0,39.48529411764706,0
121.2687719410169,175378.351694159,3622,1.411748046875,10.0,2.0,39.48529411764706,0
121.30483887600712,175378.387761094,3623,1.4120052083333334,8.0,2.0,39.48529411764706,0
121.33680679500685,175378.419729013,3624,1.4144759114583334,8.0,2.0,39.48529411764706,0
121.36880973301595,175378.451731951,3625,1.416357421875,8.0,2.0,39.48529411764706,0
121.40482775701093,175378.487749975,3626,1.419404296875,6.0,2.0,39.48529411764706,0
121.43677999201464,175378.51970221,3627,1.4120768229166667,7.0,2.0,39.48529411764706,0
121.47279424400767,175378.555716462,3628,1.4122005208333333,15.0,2.0,39.48529411764706,0
121.50483457400696,175378.587756792,3629,1.4180826822916666,12.0,2.0,39.48529411764706,0
121.53672160001588,175378.619643818,3630,1.4082747395833333,8.0,2.0,39.48529411764706,0
121.57287497201469,175378.65579719,3631,1.4145475260416667,12.0,2.0,39.48529411764706,0
121.60486636002315,175378.687788578,3632,1.4097200520833333,8.0,2.0,39.48529411764706,0
121.63687411299907,175378.719796331,3633,1.4109049479166667,14.0,2.0,39.48529411764706,0
121.67281690202071,175378.75573912,3634,1.4127571614583334,9.0,2.0,39.48529411764706,0
121.70475742401322,175378.787679642,3635,1.4112532552083332,9.0,2.0,39.48529411764706,0
121.73675234999973,175378.819674568,3636,1.41099609375,8.0,2.0,39.48529411764706,0
121.77277543401578,175378.855697652,3637,1.42955078125,10.0,2.0,39.48529411764706,0
121.80471242801286,175378.887634646,3638,1.4154524739583334,8.0,2.0,39.48529411764706,0
121.84078095501172,175378.923703173,3639,1.4065234375,8.0,2.0,39.48529411764706,0
121.87273218799965,175378.955654406,3640,1.4131510416666666,8.0,2.0,39.48529411764706,0
121.904713558004,175378.987635776,3641,1.4121223958333333,8.0,2.0,39.48529411764706,0
121.94085961801466,175379.023781836,3642,1.4175065104166666,7.0,2.0,39.48529411764706,0
121.97280774000683,175379.055729958,3643,1.4227571614583334,8.0,2.0,39.48529411764706,0
122.00471449701581,175379.087636715,3644,1.4138541666666666,7.0,2.0,39.48529411764706,0
122.04075551001006,175379.123677728,3645,1.4218098958333334,6.0,2.0,39.48529411764706,0
122.07279468901106,175379.155716907,3646,1.413701171875,8.0,2.0,39.48529411764706,0
122.10872558300616,175379.191647801,3647,1.4242838541666667,7.0,2.0,39.48529411764706,0
122.14073091401951,175379.223653132,3648,1.4166471354166668,12.0,2.0,39.48529411764706,0
122.17271757300477,175379.255639791,3649,1.4211555989583333,10.0,2.0,39.48529411764706,0
122.20876590002445,175379.291688118,3650,1.4259407552083334,9.0,2.0,39.48529411764706,0
122.2407585940091,175379.323680812,3651,1.420703125,7.0,2.0,39.48529411764706,0
122.27275434500189,175379.355676563,3652,1.4100423177083334,10.0,2.0,39.48529411764706,0
122.30877124101971,175379.391693459,3653,1.4069010416666667,11.0,2.0,39.48529411764706,0
122.34077128401259,175379.423693502,3654,1.4170247395833333,10.0,2.0,39.48529411764706,0
122.37276413201471,175379.45568635,3655,1.4142838541666667,8.0,2.0,39.48529411764706,0
122.40877690401976,175379.491699122,3656,1.4114388020833333,8.0,2.0,39.48529411764706,0
122.44073937399662,175379.523661592,3657,1.4147135416666667,12.0,2.0,39.48529411764706,0
122.47677685102099,175379.559699069,3658,1.412294921875,10.0,2.0,39.48529411764706,0
122.50872589202481,175379.59164811,3659,1.4149479166666667,8.0,2.0,39.48529411764706,0
122.54074869301985,175379.623670911,3660,1.4115983072916667,7.0,2.0,39.48529411764706,0
122.57680105601321,175379.659723274,3661,1.4188899739583334,12.0,2.0,39.48529411764706,0
122.60873700299999,175379.691659221,3662,1.415087890625,10.0,2.0,39.48529411764706,0
122.64072990001296,175379.723652118,3663,1.4120638020833334,6.0,2.0,39.48529411764706,0
122.67677509802161,175379.759697316,3664,1.4092057291666666,9.0,2.0,39.48529411764706,0
122.70884545700392,175379.791767675,3665,1.4164029947916668,8.0,2.0,39.48529411764706,0
122.74471018702025,175379.827632405,3666,1.4108723958333333,10.0,2.0,39.48529411764706,0
122.77673163902364,175379.859653857,3667,1.417509765625,12.0,2.0,39.48529411764706,0
122.80865814501885,175379.891580363,3668,1.4115983072916667,9.0,2.0,39.48529411764706,0
122.84477892701398,175379.927701145,3669,1.4194596354166666,9.0,2.0,39.48529411764706,0
122.87676657101838,175379.959688789,3670,1.4128873697916666,8.0,2.0,39.48529411764706,0
122.9087366629974,175379.991658881,3671,1.4241178385416666,8.0,2.0,39.48529411764706,0
122.95339869201416,175380.03632091,3672,1.4234440104166666,6.0,2.0,39.48529411764706,0
122.97866782700294,175380.061590045,3673,1.411845703125,8.0,2.0,39.48529411764706,0
123.0095348530158,175380.092457071,3674,1.4087565104166666,11.0,2.0,39.48529411764706,0
123.04485853001825,175380.127780748,3675,1.4021321614583333,9.0,2.0,39.48529411764706,0
123.07669803602039,175380.159620254,3676,1.4097102864583333,8.0,2.0,39.48529411764706,0
123.11274955701083,175380.195671775,3677,1.416611328125,8.0,2.0,39.48529411764706,0
123.14479699500953,175380.227719213,3678,1.4137565104166667,10.0,2.0,39.48529411764706,0
123.1767325430119,175380.259654761,3679,1.4106770833333333,16.0,2.0,39.48529411764706,0
123.21279054001207,175380.295712758,3680,1.4149479166666667,9.0,2.0,39.48529411764706,0
123.24486209900351,175380.327784317,3681,1.4096842447916667,7.0,2.0,39.48529411764706,0
123.2767313660006,175380.359653584,3682,1.411181640625,8.0,2.0,39.48529411764706,0
123.31271901901346,175380.395641237,3683,1.4059147135416667,12.0,2.0,39.48529411764706,0
123.3447218540241,175380.427644072,3684,1.4105891927083334,8.0,2.0,39.48529411764706,0
123.38082011402003,175380.463742332,3685,1.431962890625,14.0,2.0,39.48529411764706,0
123.41276958602248,175380.495691804,3686,1.4138997395833333,8.0,2.0,39.48529411764706,0
123.44475257900194,175380.527674797,3687,1.411083984375,8.0,2.0,39.48529411764706,0
123.48074052101583,175380.563662739,3688,1.4177018229166667,8.0,2.0,39.48529411764706,0
123.51273984301952,175380.595662061,3689,1.419130859375,10.0,2.0,39.48529411764706,0
123.54469731700374,175380.627619535,3690,1.4118684895833333,5.0,2.0,39.48529411764706,0
123.58076004701434,175380.663682265,3691,1.406396484375,6.0,2.0,39.48529411764706,0
123.61271406902233,175380.695636287,3692,1.4117317708333332,10.0,2.0,39.48529411764706,0
123.64471226700698,175380.727634485,3693,1.4178873697916667,9.0,2.0,39.48529411764706,0
123.68075303200749,175380.76367525,3694,1.4163736979166666,13.0,2.0,39.48529411764706,0
123.71367016399745,175380.796592382,3695,1.4038997395833333,12.0,2.0,39.48529411764706,0
123.74874774101772,175380.831669959,3696,1.4102408854166666,10.0,2.0,39.48529411764706,0
123.78079434100073,175380.863716559,3697,1.4119140625,7.0,2.0,39.48529411764706,0
123.81272956400062,175380.895651782,3698,1.410146484375,10.0,2.0,39.48529411764706,0
123.84873214401887,175380.931654362,3699,1.4072688802083333,7.0,2.0,39.48529411764706,0
123.8807339220075,175380.96365614,3700,1.4180533854166666,7.0,2.0,39.48529411764706,0
123.91270212701056,175380.995624345,3701,1.4101627604166667,7.0,2.0,39.48529411764706,0
123.94875968902488,175381.031681907,3702,1.4139453125,8.0,2.0,39.48529411764706,0
123.98073801602004,175381.063660234,3703,1.4178743489583334,9.0,2.0,39.48529411764706,0
124.01688146300148,175381.099803681,3704,1.414736328125,11.0,2.0,39.48529411764706,0
124.04878892999841,175381.131711148,3705,1.411708984375,8.0,2.0,39.48529411764706,0
124.08068964901031,175381.163611867,3706,1.418271484375,8.0,2.0,39.48529411764706,0
124.1168396200228,175381.199761838,3707,1.4163248697916666,8.0,2.0,39.48529411764706,0
124.14877082500607,175381.231693043,3708,1.4102408854166666,10.0,2.0,39.48529411764706,0
124.18077365402132,175381.263695872,3709,1.4091243489583334,8.0,2.0,39.48529411764706,0
124.21765202202369,175381.30057424,3710,1.41609375,14.0,2.0,39.48529411764706,0
124.24872882800992,175381.331651046,3711,1.419619140625,8.0,2.0,39.48529411764706,0
124.28068615900702,175381.363608377,3712,1.4153678385416666,9.0,2.0,39.48529411764706,0
124.31693813001039,175381.399860348,3713,1.4082421875,9.0,2.0,39.48529411764706,0
124.34869858701131,175381.431620805,3714,1.42134765625,10.0,2.0,39.48529411764706,0
124.38480523100588,175381.467727449,3715,1.4129622395833332,8.0,2.0,39.48529411764706,0
124.41682055802085,175381.499742776,3716,1.4125846354166667,11.0,2.0,39.48529411764706,0
124.4487090879993,175381.531631306,3717,1.40908203125,7.0,2.0,39.48529411764706,0
124.48477856299723,175381.567700781,3718,1.409306640625,11.0,2.0,39.48529411764706,0
124.51694368501194,175381.599865903,3719,1.4194466145833333,15.0,2.0,39.48529411764706,0
124.54874298602226,175381.631665204,3720,1.4163541666666666,6.0,2.0,39.48529411764706,0
124.58477033101371,175381.667692549,3721,1.4105045572916666,6.0,2.0,39.48529411764706,0
124.61742994800443,175381.700352166,3722,1.4199837239583333,10.0,2.0,39.48529411764706,0
124.65281478399993,175381.735737002,3723,1.414765625,8.0,2.0,39.48529411764706,0
124.68478547502309,175381.767707693,3724,1.4170638020833333,7.0,2.0,39.48529411764706,0
124.7167028360127,175381.799625054,3725,1.412138671875,13.0,2.0,39.48529411764706,0
124.75301938102348,175381.835941599,3726,1.417880859375,13.0,2.0,39.48529411764706,0
124.78481669301982,175381.867738911,3727,1.4161686197916667,9.0,2.0,39.48529411764706,0
124.81674450400169,175381.899666722,3728,1.4132877604166667,10.0,2.0,39.48529411764706,0
124.85291815301753,175381.935840371,3729,1.4162923177083333,10.0,2.0,39.48529411764706,0
124.88482486500288,175381.967747083,3730,1.4125911458333333,8.0,2.0,39.48529411764706,0
124.91680712800007,175381.999729346,3731,1.41169921875,8.0,2.0,39.48529411764706,0
124.9528412730142,175382.035763491,3732,1.4182161458333333,10.0,2.0,39.48529411764706,0
124.98477070400259,175382.067692922,3733,1.4113736979166667,10.0,2.0,39.48529411764706,0
125.02077360701514,175382.103695825,3734,1.41595703125,8.0,2.0,39.48529411764706,0
125.0528417340247,175382.135763952,3735,1.4180891927083332,9.0,2.0,39.48529411764706,0
125.08474976601428,175382.167671984,3736,1.4176920572916667,9.0,2.0,39.48529411764706,0
125.12076212000102,175382.203684338,3737,1.4127473958333334,11.0,2.0,39.48529411764706,0
125.15284547201009,175382.23576769,3738,1.4076106770833334,9.0,2.0,39.48529411764706,0
125.18484712901409,175382.267769347,3739,1.4168717447916668,6.0,2.0,39.48529411764706,0
125.22078636600054,175382.303708584,3740,1.41404296875,10.0,2.0,39.48529411764706,0
125.25281763001112,175382.335739848,3741,1.4232584635416667,8.0,2.0,39.48529411764706,0
125.2887417919992,175382.37166401,3742,1.4169140625,10.0,2.0,39.48529411764706,0
125.32077479801956,175382.403697016,3743,1.416669921875,9.0,2.0,39.48529411764706,0
125.35279119902407,175382.435713417,3744,1.4134407552083332,6.0,2.0,39.48529411764706,0
125.38877784600481,175382.471700064,3745,1.4200618489583334,8.0,2.0,39.48529411764706,0
125.42085614800453,175382.503778366,3746,1.4195670572916668,14.0,2.0,39.48529411764706,0
125.4528173150029,175382.535739533,3747,1.4129622395833332,9.0,2.0,39.48529411764706,0
125.48876368900528,175382.571685907,3748,1.4123697916666667,9.0,2.0,39.48529411764706,0
125.52079496000079,175382.603717178,3749,1.417421875,9.0,2.0,39.48529411764706,0
125.55282616399927,175382.635748382,3750,1.4145540364583333,9.0,2.0,39.48529411764706,0
125.58884932400542,175382.671771542,3751,1.4081510416666667,15.0,2.0,39.48529411764706,0
125.62077204501838,175382.703694263,3752,1.4106705729166666,11.0,2.0,39.48529411764706,0
125.65686462901067,175382.739786847,3753,1.4203059895833334,11.0,2.0,39.48529411764706,0
125.6887951590179,175382.771717377,3754,1.4090625,8.0,2.0,39.48529411764706,0
125.7207544100238,175382.803676628,3755,1.4138346354166667,13.0,2.0,39.48529411764706,0
125.75683747901348,175382.839759697,3756,1.4223470052083333,13.0,2.0,39.48529411764706,0
125.7887493360031,175382.871671554,3757,1.4233821614583333,13.0,2.0,39.48529411764706,0
125.82071846001782,175382.903640678,3758,1.4165852864583333,15.0,2.0,39.48529411764706,0
125.85680814701482,175382.939730365,3759,1.4202278645833333,8.0,2.0,39.48529411764706,0
125.88875606301008,175382.971678281,3760,1.40802734375,8.0,2.0,39.48529411764706,0
125.92480285299825,175383.007725071,3761,1.4097265625,9.0,2.0,39.48529411764706,0
125.95695163801429,175383.039873856,3762,1.419599609375,6.0,2.0,39.48529411764706,0
125.98943852100638,175383.072360739,3763,1.4163346354166666,8.0,2.0,39.48529411764706,0
126.02475048101041,175383.107672699,3764,1.4110774739583334,8.0,2.0,39.48529411764706,0
126.0568103340047,175383.139732552,3765,1.4137141927083334,12.0,2.0,39.48529411764706,0
126.08877000299981,175383.171692221,3766,1.4159635416666667,9.0,2.0,39.48529411764706,0
126.12474260901217,175383.207664827,3767,1.4132194010416668,8.0,2.0,39.48529411764706,0
126.15676961900317,175383.239691837,3768,1.40966796875,9.0,2.0,39.48529411764706,0
126.18876486900263,175383.271687087,3769,1.4122721354166667,13.0,2.0,39.48529411764706,0
126.22476275102235,175383.307684969,3770,1.4094368489583333,10.0,2.0,39.48529411764706,0
126.25668690801831,175383.339609126,3771,1.4189876302083333,10.0,2.0,39.48529411764706,0
126.29278380502365,175383.375706023,3772,1.4129557291666666,10.0,2.0,39.48529411764706,0
126.32477871101582,175383.407700929,3773,1.4051236979166666,9.0,2.0,39.48529411764706,0
126.35679743500077,175383.439719653,3774,1.4249609375,5.0,2.0,39.48529411764706,0
126.39277841500007,175383.475700633,3775,1.4095930989583334,13.0,2.0,39.48529411764706,0
126.42475037401891,175383.507672592,3776,1.4179654947916667,7.0,2.0,39.48529411764706,0
126.45673425402492,175383.539656472,3777,1.4102962239583334,9.0,2.0,39.48529411764706,0
126.492764627008,175383.575686845,3778,1.4197591145833333,7.0,2.0,39.48529411764706,0
126.52474481600802,175383.607667034,3779,1.4126953125,10.0,2.0,39.48529411764706,0
126.56083705602214,175383.643759274,3780,1.4195247395833333,7.0,2.0,39.48529411764706,0
126.59276188199874,175383.6756841,3781,1.4117545572916668,8.0,2.0,39.48529411764706,0
126.62469975900603,175383.707621977,3782,1.4104915364583333,8.0,2.0,39.48529411764706,0
126.6607948380115,175383.743717056,3783,1.41263671875,17.0,2.0,39.48529411764706,0
126.69277376201353,175383.77569598,3784,1.4140983072916666,9.0,2.0,39.48529411764706,0
126.72474254801637,175383.807664766,3785,1.4141764322916666,7.0,2.0,39.48529411764706,0
126.76072314000339,175383.843645358,3786,1.4198274739583334,8.0,2.0,39.48529411764706,0
126.7927462910011,175383.875668509,3787,1.4102083333333333,8.0,2.0,39.48529411764706,0
126.8248047369998,175383.907726955,3788,1.411376953125,8.0,2.0,39.48529411764706,0
126.86079248200986,175383.9437147,3789,1.4191634114583334,6.0,2.0,39.48529411764706,0
126.8927548880165,175383.975677106,3790,1.4126529947916666,14.0,2.0,39.48529411764706,0
126.92877629300347,175384.011698511,3791,1.4076399739583334,13.0,2.0,39.48529411764706,0
126.96073517602053,175384.043657394,3792,1.4168001302083333,10.0,2.0,39.48529411764706,0
126.99275943101384,175384.075681649,3793,1.4155403645833333,14.0,2.0,39.48529411764706,0
127.02882399401278,175384.111746212,3794,1.4111783854166666,9.0,2.0,39.48529411764706,0
127.06078867701581,175384.143710895,3795,1.4136100260416666,9.0,2.0,39.48529411764706,0
127.09319172400865,175384.176113942,3796,1.4213346354166667,9.0,2.0,39.48529411764706,0
127.1307675060234,175384.213689724,3797,1.4091536458333334,9.0,2.0,39.48529411764706,0
127.16078273701714,175384.243704955,3798,1.4209602864583333,8.0,2.0,39.48529411764706,0
127.19675866002217,175384.279680878,3799,1.4092024739583333,8.0,2.0,39.48529411764706,0
127.23023739500786,175384.313159613,3800,1.4155501302083333,10.0,2.0,39.48529411764706,0
127.26074347100803,175384.343665689,3801,1.414345703125,7.0,2.0,39.48529411764706,0
127.29682539802161,175384.379747616,3802,1.41421875,9.0,2.0,39.48529411764706,0
127.32876956902328,175384.411691787,3803,1.4167024739583334,10.0,2.0,39.48529411764706,0
127.36073563201353,175384.44365785,3804,1.4094661458333333,6.0,2.0,39.48529411764706,0
127.39680794300511,175384.479730161,3805,1.4150520833333333,15.0,2.0,39.48529411764706,0
127.4287606900034,175384.511682908,3806,1.4175911458333332,6.0,2.0,39.48529411764706,0
127.46080367499962,175384.543725893,3807,1.41138671875,12.0,2.0,39.48529411764706,0
127.49676628501038,175384.579688503,3808,1.4199186197916667,8.0,2.0,39.48529411764706,0
127.5287260330224,175384.611648251,3809,1.4095377604166666,12.0,2.0,39.48529411764706,0
127.5647753480007,175384.647697566,3810,1.4085677083333332,6.0,2.0,39.48529411764706,0
127.59676658399985,175384.679688802,3811,1.4146028645833333,15.0,2.0,39.48529411764706,0
127.62874734701472,175384.711669565,3812,1.421748046875,10.0,2.0,39.48529411764706,0
127.66481701200246,175384.74773923,3813,1.4095475260416668,7.0,2.0,39.48529411764706,0
127.69676751201041,175384.77968973,3814,1.4256803385416668,7.0,2.0,39.48529411764706,0
127.72877685300773,175384.811699071,3815,1.4140950520833333,8.0,2.0,39.48529411764706,0
127.76489620900247,175384.847818427,3816,1.4151497395833332,7.0,2.0,39.48529411764706,0
127.79678918400896,175384.879711402,3817,1.4131640625,15.0,2.0,39.48529411764706,0
127.83280192001257,175384.915724138,3818,1.4160026041666667,9.0,2.0,39.48529411764706,0
127.864792494016,175384.947714712,3819,1.417236328125,8.0,2.0,39.48529411764706,0
127.89673039800255,175384.979652616,3820,1.4103059895833334,16.0,2.0,39.48529411764706,0
127.93279272899963,175385.015714947,3821,1.4138736979166666,8.0,2.0,39.48529411764706,0
127.96479233400896,175385.047714552,3822,1.4125618489583334,6.0,2.0,39.48529411764706,0
127.99676309002098,175385.079685308,3823,1.42193359375,10.0,2.0,39.48529411764706,0
128.03280700801406,175385.115729226,3824,1.4169694010416667,10.0,2.0,39.48529411764706,0
128.06479121602024,175385.147713434,3825,1.4163313802083333,14.0,2.0,39.48529411764706,0
128.0967876939976,175385.179709912,3826,1.4095182291666666,16.0,2.0,39.48529411764706,0
128.13279895001324,175385.215721168,3827,1.4109830729166666,6.0,2.0,39.48529411764706,0
128.16490255499957,175385.247824773,3828,1.4176888020833334,8.0,2.0,39.48529411764706,0
128.20083419900038,175385.283756417,3829,1.41125,9.0,2.0,39.48529411764706,0
128.23284341601538,175385.315765634,3830,1.415244140625,8.0,2.0,39.48529411764706,0
128.26472734901472,175385.347649567,3831,1.413115234375,8.0,2.0,39.48529411764706,0
128.30082568302169,175385.383747901,3832,1.4209049479166667,9.0,2.0,39.48529411764706,0
128.33276542800013,175385.415687646,3833,1.414052734375,6.0,2.0,39.48529411764706,0
128.3647374190041,175385.447659637,3834,1.415537109375,9.0,2.0,39.48529411764706,0
128.40083896700526,175385.483761185,3835,1.4121907552083333,9.0,2.0,39.48529411764706,0
128.4327573410119,175385.515679559,3836,1.4204231770833333,8.0,2.0,39.48529411764706,0
128.46887213402078,175385.551794352,3837,1.4168359375,8.0,2.0,39.48529411764706,0
128.50089278700761,175385.583815005,3838,1.41900390625,11.0,2.0,39.48529411764706,0
128.5328374740202,175385.615759692,3839,1.4111979166666666,10.0,2.0,39.48529411764706,0
128.56881972402334,175385.651741942,3840,1.4109212239583333,11.0,2.0,39.48529411764706,0
128.60086148401024,175385.683783702,3841,1.4146028645833333,11.0,2.0,39.48529411764706,0
128.6327543320076,175385.71567655,3842,1.4180826822916666,8.0,2.0,39.48529411764706,0
128.66880664101336,175385.751728859,3843,1.4265462239583333,9.0,2.0,39.48529411764706,0
128.70086169600836,175385.783783914,3844,1.4133268229166667,9.0,2.0,39.48529411764706,0
128.73277519500698,175385.815697413,3845,1.4106412760416667,11.0,2.0,39.48529411764706,0
128.76883544100565,175385.851757659,3846,1.42015625,9.0,2.0,39.48529411764706,0
128.80083333799848,175385.883755556,3847,1.4142415364583334,11.0,2.0,39.48529411764706,0
128.83684439200442,175385.91976661,3848,1.4053255208333333,9.0,2.0,39.48529411764706,0
128.86884215200553,175385.95176437,3849,1.4229654947916666,8.0,2.0,39.48529411764706,0
128.9009064520069,175385.98382867,3850,1.4144791666666667,7.0,2.0,39.48529411764706,0
128.93689404200995,175386.01981626,3851,1.4169303385416667,6.0,2.0,39.48529411764706,0
128.96883218100993,175386.051754399,3852,1.4101432291666667,8.0,2.0,39.48529411764706,0
129.00080386101035,175386.083726079,3853,1.4103645833333334,10.0,2.0,39.48529411764706,0
129.03691376300412,175386.119835981,3854,1.419091796875,12.0,2.0,39.48529411764706,0
129.06889659402077,175386.151818812,3855,1.4102799479166668,9.0,2.0,39.48529411764706,0
129.10480209600064,175386.187724314,3856,1.41923828125,7.0,2.0,39.48529411764706,0
129.1368946150178,175386.219816833,3857,1.425810546875,8.0,2.0,39.48529411764706,0
129.16885548102437,175386.251777699,3858,1.4238704427083333,11.0,2.0,39.48529411764706,0
129.2048467110144,175386.287768929,3859,1.4060123697916667,8.0,2.0,39.48529411764706,0
129.23689450501115,175386.319816723,3860,1.4152962239583333,7.0,2.0,39.48529411764706,0
129.2691120490199,175386.352034267,3861,1.4100911458333334,10.0,2.0,39.48529411764706,0
129.30480703202193,175386.38772925,3862,1.410078125,12.0,2.0,39.48529411764706,0
129.33684430702124,175386.419766525,3863,1.4112662760416668,10.0,2.0,39.48529411764706,0
129.36885425401852,175386.451776472,3864,1.418798828125,8.0,2.0,39.48529411764706,0
129.40477116699913,175386.487693385,3865,1.4108756510416667,9.0,2.0,39.48529411764706,0
129.43683435302228,175386.519756571,3866,1.4202083333333333,10.0,2.0,39.48529411764706,0
129.47279978101142,175386.555721999,3867,1.407431640625,8.0,2.0,39.48529411764706,0
129.50482006100356,175386.587742279,3868,1.4148600260416666,6.0,2.0,39.48529411764706,0
129.53684934301418,175386.619771561,3869,1.4169205729166667,8.0,2.0,39.48529411764706,0
129.5727943800157,175386.655716598,3870,1.4154654947916667,9.0,2.0,39.48529411764706,0
129.6048386740149,175386.687760892,3871,1.4218880208333333,7.0,2.0,39.48529411764706,0
129.63685484000598,175386.719777058,3872,1.41798828125,8.0,2.0,39.48529411764706,0
129.67343732502195,175386.756359543,3873,1.417353515625,13.0,2.0,39.48529411764706,0
129.70483008702286,175386.787752305,3874,1.407802734375,12.0,2.0,39.48529411764706,0
129.7408046790224,175386.823726897,3875,1.4148990885416666,7.0,2.0,39.48529411764706,0
129.77278423702228,175386.855706455,3876,1.4173893229166667,9.0,2.0,39.48529411764706,0
129.80482556502102,175386.887747783,3877,1.40935546875,11.0,2.0,39.48529411764706,0
129.84075638401555,175386.923678602,3878,1.41861328125,7.0,2.0,39.48529411764706,0
129.872809966997,175386.955732185,3879,1.4100260416666666,9.0,2.0,39.48529411764706,0
129.90477204302442,175386.987694261,3880,1.4247884114583333,11.0,2.0,39.48529411764706,0
129.9407681520097,175387.02369037,3881,1.409697265625,8.0,2.0,39.48529411764706,0
129.97287519302336,175387.055797411,3882,1.417724609375,10.0,2.0,39.48529411764706,0
130.0048561170115,175387.087778335,3883,1.4133072916666667,8.0,2.0,39.48529411764706,0
130.04083286802052,175387.123755086,3884,1.414267578125,7.0,2.0,39.48529411764706,0
130.07276317401556,175387.155685392,3885,1.4120768229166667,7.0,2.0,39.48529411764706,0
130.10884993101354,175387.191772149,3886,1.415322265625,7.0,2.0,39.48529411764706,0
130.14081574202282,175387.22373796,3887,1.4173177083333333,7.0,2.0,39.48529411764706,0
130.17279343502014,175387.255715653,3888,1.4132291666666668,6.0,2.0,39.48529411764706,0
130.20880436900188,175387.291726587,3889,1.408720703125,10.0,2.0,39.48529411764706,0
130.24082458700286,175387.323746805,3890,1.4094563802083333,9.0,2.0,39.48529411764706,0
130.27280159600195,175387.355723814,3891,1.4102864583333334,8.0,2.0,39.48529411764706,0
130.30878144400776,175387.391703662,3892,1.417958984375,8.0,2.0,39.48529411764706,0
130.34075536200544,175387.42367758,3893,1.4174055989583334,7.0,2.0,39.48529411764706,0
130.37679801500053,175387.459720233,3894,1.4065006510416667,10.0,2.0,39.48529411764706,0
130.40882073002285,175387.491742948,3895,1.419033203125,10.0,2.0,39.48529411764706,0
130.44080379902152,175387.523726017,3896,1.413359375,9.0,2.0,39.48529411764706,0
130.476794651011,175387.559716869,3897,1.4162825520833333,10.0,2.0,39.48529411764706,0
130.50879370499752,175387.591715923,3898,1.4106673177083333,8.0,2.0,39.48529411764706,0
130.54076015701867,175387.623682375,3899,1.4152994791666667,8.0,2.0,39.48529411764706,0
130.57674604002386,175387.659668258,3900,1.4128776041666666,10.0,2.0,39.48529411764706,0
130.6088046010118,175387.691726819,3901,1.419619140625,12.0,2.0,39.48529411764706,0
130.6407858050079,175387.723708023,3902,1.412275390625,9.0,2.0,39.48529411764706,0
130.67682766300277,175387.759749881,3903,1.4159505208333334,10.0,2.0,39.48529411764706,0
130.70873495101114,175387.791657169,3904,1.4148470052083333,8.0,2.0,39.48529411764706,0
130.74477006599773,175387.827692284,3905,1.4194498697916667,8.0,2.0,39.48529411764706,0
130.77679869602434,175387.859720914,3906,1.414033203125,15.0,2.0,39.48529411764706,0
130.80872534000082,175387.891647558,3907,1.4118684895833333,11.0,2.0,39.48529411764706,0
130.84472523501609,175387.927647453,3908,1.4133072916666667,8.0,2.0,39.48529411764706,0
130.87676093302434,175387.959683151,3909,1.4174609375,9.0,2.0,39.48529411764706,0
130.90874441200867,175387.99166663,3910,1.4122916666666667,8.0,2.0,39.48529411764706,0
130.94477195301442,175388.027694171,3911,1.416181640625,9.0,2.0,39.48529411764706,0
130.97676270100055,175388.059684919,3912,1.412861328125,7.0,2.0,39.48529411764706,0
131.01279035702464,175388.095712575,3913,1.422861328125,8.0,2.0,39.48529411764706,0
131.0447626230016,175388.127684841,3914,1.4122493489583334,10.0,2.0,39.48529411764706,0
131.07672305501183,175388.159645273,3915,1.4123763020833333,8.0,2.0,39.48529411764706,0
131.1127777880174,175388.195700006,3916,1.417412109375,9.0,2.0,39.48529411764706,0
131.14474722501473,175388.227669443,3917,1.4130631510416667,10.0,2.0,39.48529411764706,0
131.17674679800984,175388.259669016,3918,1.4180436197916666,8.0,2.0,39.48529411764706,0
131.21277173000271,175388.295693948,3919,1.414453125,6.0,2.0,39.48529411764706,0
131.24475527301547,175388.327677491,3920,1.4186686197916667,8.0,2.0,39.48529411764706,0
131.2807854040002,175388.363707622,3921,1.4074609375,9.0,2.0,39.48529411764706,0
131.31275352701778,175388.395675745,3922,1.4138704427083333,9.0,2.0,39.48529411764706,0
131.34476502600592,175388.427687244,3923,1.42123046875,6.0,2.0,39.48529411764706,0
131.38081064500147,175388.463732863,3924,1.413974609375,14.0,2.0,39.48529411764706,0
131.41285904101096,175388.495781259,3925,1.4102864583333334,13.0,2.0,39.48529411764706,0
131.4447784050135,175388.527700623,3926,1.416806640625,10.0,2.0,39.48529411764706,0
131.48080229002517,175388.563724508,3927,1.4070052083333333,10.0,2.0,39.48529411764706,0
131.5127930600138,175388.595715278,3928,1.4192936197916666,8.0,2.0,39.48529411764706,0
131.5447225609969,175388.627644779,3929,1.4115397135416667,9.0,2.0,39.48529411764706,0
131.58078455601935,175388.663706774,3930,1.41556640625,7.0,2.0,39.48529411764706,0
131.61277367401635,175388.695695892,3931,1.4090852864583334,8.0,2.0,39.48529411764706,0
131.64878091201535,175388.73170313,3932,1.4248795572916666,10.0,2.0,39.48529411764706,0
131.68079724701238,175388.763719465,3933,1.4071028645833332,8.0,2.0,39.48529411764706,0
131.71270603200537,175388.79562825,3934,1.4147591145833334,8.0,2.0,39.48529411764706,0
131.74876764899818,175388.831689867,3935,1.413583984375,10.0,2.0,39.48529411764706,0
131.78079815700767,175388.863720375,3936,1.41681640625,12.0,2.0,39.48529411764706,0
131.8127697550226,175388.895691973,3937,1.4152701822916667,8.0,2.0,39.48529411764706,0
131.84881929701078,175388.931741515,3938,1.4180045572916666,9.0,2.0,39.48529411764706,0
131.8807951900235,175388.963717408,3939,1.411435546875,16.0,2.0,39.48529411764706,0
131.9167976200115,175388.999719838,3940,1.4109212239583333,6.0,2.0,39.48529411764706,0
131.94879596601822,175389.031718184,3941,1.4115885416666667,8.0,2.0,39.48529411764706,0
131.9807393310184,175389.063661549,3942,1.4169694010416667,8.0,2.0,39.48529411764706,0
132.0167969080212,175389.099719126,3943,1.405322265625,10.0,2.0,39.48529411764706,0
132.04882003201055,175389.13174225,3944,1.4197688802083333,8.0,2.0,39.48529411764706,0
132.0807276770065,175389.163649895,3945,1.4190559895833332,7.0,2.0,39.48529411764706,0
132.11675626202486,175389.19967848,3946,1.4084765625,9.0,2.0,39.48529411764706,0
132.14883730199654,175389.23175952,3947,1.414267578125,8.0,2.0,39.48529411764706,0
132.18077497300692,175389.263697191,3948,1.4123014322916667,7.0,2.0,39.48529411764706,0
132.21681637701113,175389.299738595,3949,1.4140071614583334,6.0,2.0,39.48529411764706,0
132.2487609439995,175389.331683162,3950,1.4199381510416667,14.0,2.0,39.48529411764706,0
132.28476569399936,175389.367687912,3951,1.4118033854166667,7.0,2.0,39.48529411764706,0
132.3167637140141,175389.399685932,3952,1.422587890625,8.0,2.0,39.48529411764706,0
132.3487238950038,175389.431646113,3953,1.4191178385416667,8.0,2.0,39.48529411764706,0
132.3848357560055,175389.467757974,3954,1.4182975260416666,10.0,2.0,39.48529411764706,0
132.41684590201476,175389.49976812,3955,1.416044921875,8.0,2.0,39.48529411764706,0
132.44872633900377,175389.531648557,3956,1.4096712239583333,10.0,2.0,39.48529411764706,0
132.48482214700198,175389.567744365,3957,1.4120768229166667,6.0,2.0,39.48529411764706,0
132.51678884300054,175389.599711061,3958,1.4047591145833334,9.0,2.0,39.48529411764706,0
132.55279762201826,175389.63571984,3959,1.4130436197916667,10.0,2.0,39.48529411764706,0
132.58483735402115,175389.667759572,3960,1.4191764322916667,10.0,2.0,39.48529411764706,0
132.61676757302484,175389.699689791,3961,1.414970703125,9.0,2.0,39.48529411764706,0
132.65278630601824,175389.735708524,3962,1.4122428385416668,10.0,2.0,39.48529411764706,0
132.68488033799804,175389.767802556,3963,1.417548828125,9.0,2.0,39.48529411764706,0
132.71676472801482,175389.799686946,3964,1.4051204427083333,8.0,2.0,39.48529411764706,0
132.7528548320115,175389.83577705,3965,1.4215364583333334,8.0,2.0,39.48529411764706,0
132.78483732399764,175389.867759542,3966,1.4208072916666667,10.0,2.0,39.48529411764706,0
132.81672401700052,175389.899646235,3967,1.4196354166666667,8.0,2.0,39.48529411764706,0
132.85284372401657,175389.935765942,3968,1.413466796875,13.0,2.0,39.48529411764706,0
132.89709192200098,175389.98001414,3969,1.4218684895833333,9.0,2.0,39.48529411764706,0
132.92089152801782,175390.003813746,3970,1.42548828125,9.0,2.0,39.48529411764706,0
132.9528220500215,175390.035744268,3971,1.4200748697916667,8.0,2.0,39.48529411764706,0
132.9848436320026,175390.06776585,3972,1.414404296875,10.0,2.0,39.48529411764706,0
133.02082407701528,175390.103746295,3973,1.4162825520833333,9.0,2.0,39.48529411764706,0
133.052884188015,175390.135806406,3974,1.4136588541666666,6.0,2.0,39.48529411764706,0
133.0848440020054,175390.16776622,3975,1.408095703125,12.0,2.0,39.48529411764706,0
133.1208742200106,175390.203796438,3976,1.4256673177083334,11.0,2.0,39.48529411764706,0
133.1528600010206,175390.235782219,3977,1.4125944010416667,10.0,2.0,39.48529411764706,0
133.1888217710075,175390.271743989,3978,1.4186458333333334,14.0,2.0,39.48529411764706,0
133.22085115301888,175390.303773371,3979,1.417861328125,8.0,2.0,39.48529411764706,0
133.25281715401798,175390.335739372,3980,1.4155208333333333,5.0,2.0,39.48529411764706,0
133.28880896102055,175390.371731179,3981,1.4188834635416667,7.0,2.0,39.48529411764706,0
133.3208638030046,175390.403786021,3982,1.4126595052083333,13.0,2.0,39.48529411764706,0
133.35278907802422,175390.435711296,3983,1.41861328125,11.0,2.0,39.48529411764706,0
133.38891013900866,175390.471832357,3984,1.412099609375,8.0,2.0,39.48529411764706,0
133.42086196801392,175390.503784186,3985,1.40794921875,8.0,2.0,39.48529411764706,0
133.45280893400195,175390.535731152,3986,1.4090885416666667,7.0,2.0,39.48529411764706,0
133.48889348801458,175390.571815706,3987,1.4130045572916667,9.0,2.0,39.48529411764706,0
133.5208885660104,175390.603810784,3988,1.4199837239583333,10.0,2.0,39.48529411764706,0
133.55750393201015,175390.64042615,3989,1.4192578125,8.0,2.0,39.48529411764706,0
133.5888990200183,175390.671821238,3990,1.4182096354166667,8.0,2.0,39.48529411764706,0
133.62090416401043,175390.703826382,3991,1.419931640625,7.0,2.0,39.48529411764706,0
133.65685060800752,175390.739772826,3992,1.4129557291666666,12.0,2.0,39.48529411764706,0
133.68885158302146,175390.771773801,3993,1.4117708333333334,8.0,2.0,39.48529411764706,0
133.72086297601345,175390.803785194,3994,1.4141178385416666,16.0,2.0,39.48529411764706,0
133.75683670901344,175390.839758927,3995,1.4210286458333334,8.0,2.0,39.48529411764706,0
133.78891965400544,175390.871841872,3996,1.4210416666666668,12.0,2.0,39.48529411764706,0
133.824815881002,175390.907738099,3997,1.4228580729166667,9.0,2.0,39.48529411764706,0
133.8568540670094,175390.939776285,3998,1.40529296875,6.0,2.0,39.48529411764706,0
133.8888054380077,175390.971727656,3999,1.4175162760416666,9.0,2.0,39.48529411764706,0
133.92484834001516,175391.007770558,4000,1.4185481770833333,8.0,2.0,39.48529411764706,0
133.95681084500393,175391.039733063,4001,1.4181477864583334,10.0,2.0,39.48529411764706,0
133.9888564950088,175391.071778713,4002,1.4183854166666667,12.0,2.0,39.48529411764706,0
134.02482388800127,175391.107746106,4003,1.4188020833333332,8.0,2.0,39.48529411764706,0
134.05681657601963,175391.139738794,4004,1.4092708333333333,8.0,2.0,39.48529411764706,0
134.08876564601087,175391.171687864,4005,1.4112272135416666,8.0,2.0,39.48529411764706,0
134.12483012801385,175391.207752346,4006,1.414892578125,8.0,2.0,39.48529411764706,0
134.15679235302377,175391.239714571,4007,1.4103580729166667,10.0,2.0,39.48529411764706,0
134.19286693100003,175391.275789149,4008,1.4083626302083334,12.0,2.0,39.48529411764706,0
134.2248574940022,175391.307779712,4009,1.4103450520833334,8.0,2.0,39.48529411764706,0
134.25679032501648,175391.339712543,4010,1.4210677083333334,12.0,2.0,39.48529411764706,0
134.29283092200058,175391.37575314,4011,1.41138671875,10.0,2.0,39.48529411764706,0
134.32490601501195,175391.407828233,4012,1.407998046875,9.0,2.0,39.48529411764706,0
134.35688299502362,175391.439805213,4013,1.4231575520833333,7.0,2.0,39.48529411764706,0
134.39283233802416,175391.475754556,4014,1.4152701822916667,7.0,2.0,39.48529411764706,0
134.42487035802333,175391.507792576,4015,1.4183723958333334,11.0,2.0,39.48529411764706,0
134.46085997202317,175391.54378219,4016,1.4138411458333333,9.0,2.0,39.48529411764706,0
134.4928563160065,175391.575778534,4017,1.41341796875,8.0,2.0,39.48529411764706,0
134.52478192400304,175391.607704142,4018,1.4135774739583333,10.0,2.0,39.48529411764706,0
134.56088037902373,175391.643802597,4019,1.4170279947916666,10.0,2.0,39.48529411764706,0
134.5928002660221,175391.675722484,4020,1.4069986979166667,11.0,2.0,39.48529411764706,0
134.62474783501239,175391.707670053,4021,1.4200911458333334,10.0,2.0,39.48529411764706,0
134.66092022802331,175391.743842446,4022,1.4124348958333333,8.0,2.0,39.48529411764706,0
134.69285663301707,175391.775778851,4023,1.4077604166666666,6.0,2.0,39.48529411764706,0
134.72481090499787,175391.807733123,4024,1.422314453125,8.0,2.0,39.48529411764706,0
134.76082512602443,175391.843747344,4025,1.414931640625,10.0,2.0,39.48529411764706,0
134.79282805201365,175391.87575027,4026,1.40484375,8.0,2.0,39.48529411764706,0
134.82889835099922,175391.911820569,4027,1.4211197916666667,9.0,2.0,39.48529411764706,0
134.8608518600231,175391.943774078,4028,1.4074934895833333,8.0,2.0,39.48529411764706,0
134.89280358501128,175391.975725803,4029,1.4150813802083333,11.0,2.0,39.48529411764706,0
134.9292582810158,175392.012180499,4030,1.4097005208333333,10.0,2.0,39.48529411764706,0
134.9613623309997,175392.044284549,4031,1.408671875,10.0,2.0,39.48529411764706,0
134.99862490801024,175392.081547126,4032,1.407412109375,12.0,2.0,39.48529411764706,0
135.02897178201238,175392.111894,4033,1.4116796875,10.0,2.0,39.48529411764706,0
135.06090480802231,175392.143827026,4034,1.413525390625,8.0,2.0,39.48529411764706,0
135.09685522899963,175392.179777447,4035,1.415087890625,15.0,2.0,39.48529411764706,0
135.1289087080222,175392.211830926,4036,1.416875,9.0,2.0,39.48529411764706,0
135.1608337390062,175392.243755957,4037,1.4193391927083334,10.0,2.0,39.48529411764706,0
135.1967580030032,175392.279680221,4038,1.4073014322916666,8.0,2.0,39.48529411764706,0
135.2288432730129,175392.311765491,4039,1.41615234375,6.0,2.0,39.48529411764706,0
135.26081063700258,175392.343732855,4040,1.421640625,7.0,2.0,39.48529411764706,0
135.29681301000528,175392.379735228,4041,1.414853515625,12.0,2.0,39.48529411764706,0
135.32885853599873,175392.411780754,4042,1.414541015625,8.0,2.0,39.48529411764706,0
135.3608822110109,175392.443804429,4043,1.4083170572916666,11.0,2.0,39.48529411764706,0
135.39680166100152,175392.479723879,4044,1.4179427083333334,7.0,2.0,39.48529411764706,0
135.42876195901772,175392.511684177,4045,1.4109537760416666,9.0,2.0,39.48529411764706,0
135.46478776301956,175392.547709981,4046,1.4183626302083334,9.0,2.0,39.48529411764706,0
135.49721907702042,175392.580141295,4047,1.416669921875,9.0,2.0,39.48529411764706,0
135.5291498930019,175392.612072111,4048,1.4098600260416667,8.0,2.0,39.48529411764706,0
135.5666367750091,175392.649558993,4049,1.4136653645833333,6.0,2.0,39.48529411764706,0
135.59688938700128,175392.679811605,4050,1.4161490885416668,8.0,2.0,39.48529411764706,0
135.62887558800867,175392.711797806,4051,1.415009765625,5.0,2.0,39.48529411764706,0
135.6649201120017,175392.74784233,4052,1.4175455729166666,9.0,2.0,39.48529411764706,0
135.6975151890074,175392.780437407,4053,1.41619140625,9.0,2.0,39.48529411764706,0
135.73294515401358,175392.815867372,4054,1.4131868489583332,8.0,2.0,39.48529411764706,0
135.76493787101936,175392.847860089,4055,1.4152180989583334,8.0,2.0,39.48529411764706,0
135.7969468490046,175392.879869067,4056,1.414228515625,13.0,2.0,39.48529411764706,0
135.83299288901617,175392.915915107,4057,1.4166959635416667,8.0,2.0,39.48529411764706,0
135.8655050219968,175392.94842724,4058,1.4121451822916666,13.0,2.0,39.48529411764706,0
135.89739850600017,175392.980320724,4059,1.4126920572916666,7.0,2.0,39.48529411764706,0
135.93309788001352,175393.016020098,4060,1.4103841145833333,13.0,2.0,39.48529411764706,0
135.96484701702138,175393.047769235,4061,1.410810546875,8.0,2.0,39.48529411764706,0
135.99743435901473,175393.080356577,4062,1.419736328125,8.0,2.0,39.48529411764706,0
136.03347498501535,175393.116397203,4063,1.412568359375,8.0,2.0,39.48529411764706,0
136.06487500702497,175393.147797225,4064,1.417646484375,7.0,2.0,39.48529411764706,0
136.1015700630087,175393.184492281,4065,1.4149837239583334,12.0,2.0,39.48529411764706,0
136.13294281202252,175393.21586503,4066,1.4239388020833332,7.0,2.0,39.48529411764706,0
136.16501643002266,175393.247938648,4067,1.418955078125,9.0,2.0,39.48529411764706,0
136.20105079302448,175393.283973011,4068,1.416669921875,8.0,2.0,39.48529411764706,0
136.23337713899673,175393.316299357,4069,1.4214485677083333,13.0,2.0,39.48529411764706,0
136.26490911201108,175393.34783133,4070,1.4156868489583334,12.0,2.0,39.48529411764706,0
136.30092591801076,175393.383848136,4071,1.4065104166666667,6.0,2.0,39.48529411764706,0
136.33282856000005,175393.415750778,4072,1.414765625,9.0,2.0,39.48529411764706,0
136.3693122100085,175393.452234428,4073,1.413408203125,10.0,2.0,39.48529411764706,0
136.40101248800056,175393.483934706,4074,1.4105859375,9.0,2.0,39.48529411764706,0
136.43284012802178,175393.515762346,4075,1.4231119791666667,8.0,2.0,39.48529411764706,0
136.46981984801823,175393.552742066,4076,1.414072265625,6.0,2.0,39.48529411764706,0
136.50242947699735,175393.585351695,4077,1.407119140625,9.0,2.0,39.48529411764706,0
136.53295975801302,175393.615881976,4078,1.4143131510416667,12.0,2.0,39.48529411764706,0
136.5689412119973,175393.65186343,4079,1.4164029947916668,7.0,2.0,39.48529411764706,0
136.60155182500603,175393.684474043,4080,1.4147526041666667,10.0,2.0,39.48529411764706,0
136.63405475200852,175393.71697697,4081,1.410283203125,9.0,2.0,39.48529411764706,0
136.66917809299775,175393.752100311,4082,1.4170930989583332,9.0,2.0,39.48529411764706,0
136.70103690802353,175393.783959126,4083,1.4274837239583333,8.0,2.0,39.48529411764706,0
136.73698665501433,175393.819908873,4084,1.421298828125,10.0,2.0,39.48529411764706,0
136.77013250402524,175393.853054722,4085,1.4156315104166666,10.0,2.0,39.48529411764706,0
136.8007932290202,175393.883715447,4086,1.4132975260416667,5.0,2.0,39.48529411764706,0
136.83732243801933,175393.920244656,4087,1.4066438802083334,8.0,2.0,39.48529411764706,0
136.86961817200063,175393.95254039,4088,1.420068359375,8.0,2.0,39.48529411764706,0
136.9021378130128,175393.985060031,4089,1.4046614583333332,13.0,2.0,39.48529411764706,0
136.93746449201717,175394.02038671,4090,1.4149544270833334,6.0,2.0,39.48529411764706,0
136.97089757601498,175394.053819794,4091,1.414736328125,8.0,2.0,39.48529411764706,0
137.00566953001544,175394.088591748,4092,1.4145279947916667,8.0,2.0,39.48529411764706,0
