timestamp_s,perf_counter_s,frame_index,mean,max,p99,threshold,detected
0.030596266995416954,177320.90858996,0,1.387451171875,8.0,2.0,39.19117647058823,0
0.06297802101471461,177320.940971714,1,1.39515625,13.0,2.0,39.19117647058823,0
0.09453893199679442,177320.972532625,2,1.3978157552083332,8.0,2.0,39.19117647058823,0
0.13068592501804233,177321.008679618,3,1.3964973958333333,5.0,2.0,39.19117647058823,0
0.16254057100741193,177321.040534264,4,1.3880403645833332,8.0,2.0,39.19117647058823,0
0.19449542299844325,177321.072489116,5,1.3992936197916668,10.0,2.0,39.19117647058823,0
0.23052225401625037,177321.108515947,6,1.3951236979166666,8.0,2.0,39.19117647058823,0
0.2625485030002892,177321.140542196,7,1.3930436197916667,9.0,2.0,39.19117647058823,0
0.2985642660059966,177321.176557959,8,1.3908821614583333,9.0,2.0,39.19117647058823,0
0.3305370029993355,177321.208530696,9,1.3926139322916666,15.0,2.0,39.19117647058823,0
0.3625853859994095,177321.240579079,10,1.3829622395833334,8.0,2.0,39.19117647058823,0
0.39858249700046144,177321.27657619,11,1.3792057291666666,10.0,2.0,39.19117647058823,0
0.4305316040117759,177321.308525297,12,1.3878743489583334,8.0,2.0,39.19117647058823,0
0.46249891599291004,177321.340492609,13,1.3922005208333332,9.0,2.0,39.19117647058823,0
0.4985498540045228,177321.376543547,14,1.4002408854166666,9.0,2.0,39.19117647058823,0
0.5305225880001672,177321.408516281,15,1.393759765625,10.0,2.0,39.19117647058823,0
0.5625381949939765,177321.440531888,16,1.3939485677083334,12.0,2.0,39.19117647058823,0
0.5986070510116406,177321.476600744,17,1.382275390625,8.0,2.0,39.19117647058823,0
0.6304780229984317,177321.508471716,18,1.397822265625,8.0,2.0,39.19117647058823,0
0.6667565070092678,177321.5447502,19,1.3871809895833334,11.0,2.0,39.19117647058823,0
0.6985416109964717,177321.576535304,20,1.3994694010416666,9.0,2.0,39.19117647058823,0
0.7305141419928987,177321.608507835,21,1.4015657552083334,15.0,2.0,39.19117647058823,0
0.7665620479965582,177321.644555741,22,1.4034505208333334,10.0,2.0,39.19117647058823,0
0.7985574839985929,177321.676551177,23,1.3930826822916667,8.0,2.0,39.19117647058823,0
0.8305466129968408,177321.708540306,24,1.3961295572916668,8.0,2.0,39.19117647058823,0
0.8665558290085755,177321.744549522,25,1.3858463541666666,7.0,2.0,39.19117647058823,0
0.8985484750010073,177321.776542168,26,1.3892057291666666,10.0,2.0,39.19117647058823,0
0.9345215290086344,177321.812515222,27,1.38994140625,8.0,2.0,39.19117647058823,0
0.9665884739952162,177321.844582167,28,1.3989973958333333,9.0,2.0,39.19117647058823,0
0.9985552480211481,177321.876548941,29,1.39373046875,8.0,2.0,39.19117647058823,0
1.0345655459968839,177321.912559239,30,1.3956803385416667,8.0,2.0,39.19117647058823,0
1.066566691006301,177321.944560384,31,1.3969466145833334,13.0,2.0,39.19117647058823,0
1.0985065959976055,177321.976500289,32,1.3928125,7.0,2.0,39.19117647058823,0
1.134554485004628,177322.012548178,33,1.38994140625,6.0,2.0,39.19117647058823,0
1.1665529830206651,177322.044546676,34,1.3889615885416666,8.0,2.0,39.19117647058823,0
1.1985364410211332,177322.076530134,35,1.3961946614583334,9.0,2.0,39.19117647058823,0
1.2345489330182318,177322.112542626,36,1.4013802083333333,14.0,2.0,39.19117647058823,0
1.2665055830148049,177322.144499276,37,1.3919075520833333,5.0,2.0,39.19117647058823,0
1.3026782920060214,177322.180671985,38,1.3942154947916667,10.0,2.0,39.19117647058823,0
1.3345136519928928,177322.212507345,39,1.393740234375,10.0,2.0,39.19117647058823,0
1.366543031996116,177322.244536725,40,1.3940559895833333,8.0,2.0,39.19117647058823,0
1.4026171379955485,177322.280610831,41,1.396591796875,9.0,2.0,39.19117647058823,0
1.434517281013541,177322.312510974,42,1.3994563802083333,13.0,2.0,39.19117647058823,0
1.4665146360057406,177322.344508329,43,1.3931575520833333,8.0,2.0,39.19117647058823,0
1.502585745009128,177322.380579438,44,1.3944889322916667,9.0,2.0,39.19117647058823,0
1.5345516320085153,177322.412545325,45,1.3917447916666668,8.0,2.0,39.19117647058823,0
1.5705974440206774,177322.448591137,46,1.3907356770833332,8.0,2.0,39.19117647058823,0
1.6026160590117797,177322.480609752,47,1.3908561197916667,12.0,2.0,39.19117647058823,0
1.6345217940106522,177322.512515487,48,1.3902701822916668,10.0,2.0,39.19117647058823,0
1.6705837750050705,177322.548577468,49,1.397587890625,12.0,2.0,39.19117647058823,0
1.7025611080171075,177322.580554801,50,1.3935579427083333,6.0,2.0,39.19117647058823,0
1.7345082990068477,177322.612501992,51,1.3891178385416667,8.0,2.0,39.19117647058823,0
1.7706536570040043,177322.64864735,52,1.385654296875,10.0,2.0,39.19117647058823,0
1.8025967680150643,177322.680590461,53,1.3962760416666666,10.0,2.0,39.19117647058823,0
1.8345282250083983,177322.712521918,54,1.3859993489583333,11.0,2.0,39.19117647058823,0
1.8706009180168621,177322.748594611,55,1.391494140625,6.0,2.0,39.19117647058823,0
1.9025601470202673,177322.78055384,56,1.3891373697916667,9.0,2.0,39.19117647058823,0
1.9386367190163583,177322.816630412,57,1.3886295572916667,9.0,2.0,39.19117647058823,0
1.9706446180061903,177322.848638311,58,1.3937109375,7.0,2.0,39.19117647058823,0
2.0025158880162053,177322.880509581,59,1.3883528645833334,15.0,2.0,39.19117647058823,0
2.0387103730172385,177322.916704066,60,1.396689453125,8.0,2.0,39.19117647058823,0
2.070613668009173,177322.948607361,61,1.3954264322916667,8.0,2.0,39.19117647058823,0
2.1025712090195157,177322.980564902,62,1.395576171875,9.0,2.0,39.19117647058823,0
2.1386682979937177,177323.016661991,63,1.3876822916666667,10.0,2.0,39.19117647058823,0
2.17061536500114,177323.048609058,64,1.394423828125,8.0,2.0,39.19117647058823,0
2.206541127001401,177323.08453482,65,1.5477604166666667,22.0,5.0,39.19117647058823,0
2.2386534709949046,177323.116647164,66,2.4186295572916667,254.0,16.0,39.19117647058823,1
2.2705434810195584,177323.148537174,67,1.4183333333333332,10.0,2.0,39.19117647058823,0
2.306560647994047,177323.184554341,68,1.3940201822916667,9.0,2.0,39.19117647058823,0
2.3387777720054146,177323.216771465,69,1.3928450520833333,8.0,2.0,39.19117647058823,0
2.370813949004514,177323.248807642,70,1.389619140625,15.0,2.0,39.19117647058823,0
2.4066367789928336,177323.284630472,71,1.392001953125,14.0,2.0,39.19117647058823,0
2.438674520002678,177323.316668213,72,1.3949348958333334,8.0,2.0,39.19117647058823,0
2.470841669011861,177323.348835362,73,1.3915625,6.0,2.0,39.19117647058823,0
2.5066139720147476,177323.384607665,74,1.4003548177083334,10.0,2.0,39.19117647058823,0
2.5386664690158796,177323.416660162,75,1.390087890625,7.0,2.0,39.19117647058823,0
2.574569804011844,177323.452563497,76,1.3916959635416666,13.0,2.0,39.19117647058823,0
2.6066347130108625,177323.484628406,77,1.3857063802083334,10.0,2.0,39.19117647058823,0
2.638674374000402,177323.516668067,78,1.4023958333333333,6.0,2.0,39.19117647058823,0
2.674605528009124,177323.552599221,79,1.3923014322916667,10.0,2.0,39.19117647058823,0
2.706646175996866,177323.584639869,80,1.4002473958333332,8.0,2.0,39.19117647058823,0
2.738686961005442,177323.616680654,81,1.3926497395833333,10.0,2.0,39.19117647058823,0
2.7745645529939793,177323.652558246,82,1.3906868489583333,8.0,2.0,39.19117647058823,0
2.8066103309975006,177323.684604024,83,1.4009700520833333,10.0,2.0,39.19117647058823,0
2.8425702640088275,177323.720563957,84,1.3956315104166668,11.0,2.0,39.19117647058823,0
2.874635047017364,177323.75262874,85,1.39365234375,9.0,2.0,39.19117647058823,0
2.9065531640080735,177323.784546857,86,1.3916438802083333,10.0,2.0,39.19117647058823,0
2.94255597400479,177323.820549667,87,1.39306640625,11.0,2.0,39.19117647058823,0
2.974612984020496,177323.852606677,88,1.3972916666666666,15.0,2.0,39.19117647058823,0
3.0065675179939717,177323.884561211,89,1.3960546875,10.0,2.0,39.19117647058823,0
3.0425490970083047,177323.92054279,90,1.39576171875,10.0,2.0,39.19117647058823,0
3.0746125540172216,177323.952606247,91,1.3948860677083332,8.0,2.0,39.19117647058823,0
3.1065495329967234,177323.984543226,92,1.3990169270833333,7.0,2.0,39.19117647058823,0
3.142547554016346,177324.020541247,93,1.3941341145833333,6.0,2.0,39.19117647058823,0
3.1745157960103825,177324.052509489,94,1.3900227864583334,7.0,2.0,39.19117647058823,0
3.2105431400123052,177324.088536833,95,1.3966861979166667,7.0,2.0,39.19117647058823,0
3.242592288996093,177324.120585982,96,1.394306640625,15.0,2.0,39.19117647058823,0
3.2745902340102475,177324.152583927,97,1.3993587239583334,13.0,2.0,39.19117647058823,0
3.310547597007826,177324.18854129,98,1.3968684895833334,8.0,2.0,39.19117647058823,0
3.3426080030039884,177324.220601696,99,1.39490234375,8.0,2.0,39.19117647058823,0
3.3746449690079316,177324.252638662,100,1.4014453125,10.0,2.0,39.19117647058823,0
3.410575351008447,177324.288569044,101,1.393720703125,9.0,2.0,39.19117647058823,0
3.4425975299964193,177324.320591223,102,1.3900944010416667,7.0,2.0,39.19117647058823,0
3.4785683139925823,177324.356562007,103,1.3975651041666666,8.0,2.0,39.19117647058823,0
3.510552966996329,177324.38854666,104,1.3902864583333334,9.0,2.0,39.19117647058823,0
3.5425827050057705,177324.420576398,105,1.393125,10.0,2.0,39.19117647058823,0
3.578582993010059,177324.456576686,106,1.387607421875,7.0,2.0,39.19117647058823,0
3.6105717759928666,177324.488565469,107,1.3829654947916667,6.0,2.0,39.19117647058823,0
3.6425644970149733,177324.52055819,108,1.39357421875,8.0,2.0,39.19117647058823,0
3.6785454170021694,177324.55653911,109,1.4045865885416666,9.0,2.0,39.19117647058823,0
3.7105675929924473,177324.588561286,110,1.396640625,9.0,2.0,39.19117647058823,0
3.7425299390160944,177324.620523632,111,1.3993587239583334,7.0,2.0,39.19117647058823,0
3.778540282015456,177324.656533975,112,1.3980533854166666,9.0,2.0,39.19117647058823,0
3.810497761995066,177324.688491455,113,1.3912109375,7.0,2.0,39.19117647058823,0
3.846542175015202,177324.724535868,114,1.3975423177083333,11.0,2.0,39.19117647058823,0
3.8785577210073825,177324.756551414,115,1.3938736979166666,11.0,2.0,39.19117647058823,0
3.910522068006685,177324.788515761,116,1.397802734375,12.0,2.0,39.19117647058823,0
3.946574538014829,177324.824568231,117,1.3934733072916667,9.0,2.0,39.19117647058823,0
3.978633532009553,177324.856627225,118,1.392197265625,10.0,2.0,39.19117647058823,0
4.010549301019637,177324.888542994,119,1.3831315104166666,18.0,2.0,39.19117647058823,0
4.04661441600183,177324.924608109,120,1.460615234375,14.0,3.0,39.19117647058823,0
4.078573478007456,177324.956567171,121,2.453313802083333,254.0,16.0,39.19117647058823,1
4.1145939429989085,177324.992587636,122,1.4278059895833333,10.0,2.0,39.19117647058823,0
4.146552268997766,177325.024545962,123,1.3972102864583333,9.0,2.0,39.19117647058823,0
4.178544737020275,177325.05653843,124,1.3986946614583333,10.0,2.0,39.19117647058823,0
4.214555116021074,177325.092548809,125,1.399169921875,8.0,2.0,39.19117647058823,0
4.246590518014273,177325.124584211,126,1.3901399739583333,9.0,2.0,39.19117647058823,0
4.278525350993732,177325.156519044,127,1.3876236979166667,8.0,2.0,39.19117647058823,0
4.3145673779945355,177325.192561071,128,1.3925520833333334,12.0,2.0,39.19117647058823,0
4.346607270999812,177325.224600964,129,1.3913216145833334,5.0,2.0,39.19117647058823,0
4.37853240800905,177325.256526101,130,1.40123046875,12.0,2.0,39.19117647058823,0
4.414532004011562,177325.292525697,131,1.3975911458333334,8.0,2.0,39.19117647058823,0
4.446518323005876,177325.324512016,132,1.3968131510416666,8.0,2.0,39.19117647058823,0
4.482557748997351,177325.360551442,133,1.392958984375,8.0,2.0,39.19117647058823,0
4.51459981399239,177325.392593507,134,1.4018391927083333,10.0,2.0,39.19117647058823,0
4.546542040014174,177325.424535733,135,1.3975358072916666,6.0,2.0,39.19117647058823,0
4.582574050000403,177325.460567743,136,1.39345703125,8.0,2.0,39.19117647058823,0
4.614548076002393,177325.492541769,137,1.3946484375,6.0,2.0,39.19117647058823,0
4.6464892420044634,177325.524482935,138,1.395087890625,9.0,2.0,39.19117647058823,0
4.682525892014382,177325.560519585,139,1.402626953125,12.0,2.0,39.19117647058823,0
4.71452849401976,177325.592522187,140,1.386513671875,6.0,2.0,39.19117647058823,0
4.750521178008057,177325.628514871,141,1.3906770833333333,9.0,2.0,39.19117647058823,0
4.782631016016239,177325.660624709,142,1.3936295572916666,12.0,2.0,39.19117647058823,0
4.814525868016062,177325.692519561,143,1.3917545572916667,14.0,2.0,39.19117647058823,0
4.850540462997742,177325.728534156,144,1.3915755208333334,7.0,2.0,39.19117647058823,0
4.88257789000636,177325.760571583,145,1.3968033854166666,6.0,2.0,39.19117647058823,0
4.91456066200044,177325.792554355,146,1.3931608072916666,9.0,2.0,39.19117647058823,0
4.950599467993015,177325.828593161,147,1.394052734375,9.0,2.0,39.19117647058823,0
4.982541992998449,177325.860535686,148,1.3964615885416667,8.0,2.0,39.19117647058823,0
5.014598386012949,177325.892592079,149,1.39009765625,6.0,2.0,39.19117647058823,0
5.050556078000227,177325.928549771,150,1.3896940104166666,8.0,2.0,39.19117647058823,0
5.082538548012963,177325.960532241,151,1.39251953125,7.0,2.0,39.19117647058823,0
5.118565398995997,177325.996559092,152,1.3996549479166667,8.0,2.0,39.19117647058823,0
5.150588062999304,177326.028581756,153,1.3858463541666666,8.0,2.0,39.19117647058823,0
5.182500897994032,177326.060494591,154,1.4031412760416666,7.0,2.0,39.19117647058823,0
5.218568682001205,177326.096562375,155,1.3985384114583332,6.0,2.0,39.19117647058823,0
5.2505736440070905,177326.128567337,156,1.3927864583333334,8.0,2.0,39.19117647058823,0
5.282536298997002,177326.160529992,157,1.3915950520833333,9.0,2.0,39.19117647058823,0
5.318679046002217,177326.196672739,158,1.393994140625,9.0,2.0,39.19117647058823,0
5.350615750008728,177326.228609443,159,1.384716796875,7.0,2.0,39.19117647058823,0
5.386654114001431,177326.264647807,160,1.3966080729166668,7.0,2.0,39.19117647058823,0
5.418580777011812,177326.29657447,161,1.3929654947916668,8.0,2.0,39.19117647058823,0
5.450526871019974,177326.328520564,162,1.398447265625,8.0,2.0,39.19117647058823,0
5.4865992779959925,177326.364592971,163,1.3930143229166667,8.0,2.0,39.19117647058823,0
5.518577084993012,177326.396570778,164,1.396025390625,9.0,2.0,39.19117647058823,0
5.5505282480153255,177326.428521941,165,1.3926106770833333,6.0,2.0,39.19117647058823,0
5.586655574996257,177326.464649268,166,1.3912858072916667,10.0,2.0,39.19117647058823,0
5.618533296015812,177326.496526989,167,1.3905598958333334,10.0,2.0,39.19117647058823,0
5.650504576013191,177326.528498269,168,1.3896842447916666,12.0,2.0,39.19117647058823,0
5.6867057390045375,177326.564699432,169,1.39607421875,10.0,2.0,39.19117647058823,0
5.7185210100142285,177326.596514703,170,1.40587890625,8.0,2.0,39.19117647058823,0
5.754559066001093,177326.632552759,171,1.39015625,7.0,2.0,39.19117647058823,0
5.786759936017916,177326.664753629,172,1.3988541666666667,13.0,2.0,39.19117647058823,0
5.818505650997395,177326.696499344,173,1.395693359375,14.0,2.0,39.19117647058823,0
5.854540329019073,177326.732534022,174,1.39240234375,11.0,2.0,39.19117647058823,0
5.886637740011793,177326.764631433,175,1.3939583333333334,10.0,2.0,39.19117647058823,0
5.9185420839930885,177326.796535777,176,1.3907552083333334,7.0,2.0,39.19117647058823,0
5.954601124016335,177326.832594817,177,1.3934895833333334,6.0,2.0,39.19117647058823,0
5.986661011003889,177326.864654704,178,1.4013509114583333,7.0,2.0,39.19117647058823,0
6.022597514995141,177326.900591208,179,2.465257161458333,254.0,16.0,39.19117647058823,1
6.054626728000585,177326.932620421,180,1.4587923177083333,10.0,2.0,39.19117647058823,0
6.086611990001984,177326.964605683,181,1.3946321614583332,7.0,2.0,39.19117647058823,0
6.122618324006908,177327.000612017,182,1.3959440104166667,7.0,2.0,39.19117647058823,0
6.15460780999274,177327.032601503,183,1.397490234375,12.0,2.0,39.19117647058823,0
6.186685743014095,177327.064679436,184,1.3911197916666667,7.0,2.0,39.19117647058823,0
6.222642342996551,177327.100636036,185,1.3929036458333333,8.0,2.0,39.19117647058823,0
6.2546433770039584,177327.13263707,186,1.4018033854166667,10.0,2.0,39.19117647058823,0
6.286524638009723,177327.164518331,187,1.3958138020833333,9.0,2.0,39.19117647058823,0
6.322650996007724,177327.200644689,188,1.3946484375,9.0,2.0,39.19117647058823,0
6.354630112007726,177327.232623805,189,1.3961979166666667,8.0,2.0,39.19117647058823,0
6.3906721050152555,177327.268665798,190,1.3975065104166666,6.0,2.0,39.19117647058823,0
6.422637839015806,177327.300631532,191,1.386484375,8.0,2.0,39.19117647058823,0
6.454545335000148,177327.332539028,192,1.4001985677083333,7.0,2.0,39.19117647058823,0
6.490610200999072,177327.368603894,193,1.39509765625,14.0,2.0,39.19117647058823,0
6.522662288014544,177327.400655981,194,1.3884440104166667,10.0,2.0,39.19117647058823,0
6.554562991019338,177327.432556684,195,1.398896484375,11.0,2.0,39.19117647058823,0
6.590604344004532,177327.468598037,196,1.395966796875,10.0,2.0,39.19117647058823,0
6.622841888020048,177327.500835581,197,1.392421875,8.0,2.0,39.19117647058823,0
6.658596388006117,177327.536590081,198,1.4010481770833334,9.0,2.0,39.19117647058823,0
6.690663171000779,177327.568656864,199,1.3918977864583333,11.0,2.0,39.19117647058823,0
6.722620306012686,177327.600613999,200,1.3930143229166667,8.0,2.0,39.19117647058823,0
6.758542104013031,177327.636535797,201,1.39177734375,8.0,2.0,39.19117647058823,0
6.790636492019985,177327.668630185,202,1.3980924479166668,8.0,2.0,39.19117647058823,0
6.822611808020156,177327.700605501,203,1.4003873697916667,7.0,2.0,39.19117647058823,0
6.858593387005385,177327.73658708,204,1.3932584635416667,6.0,2.0,39.19117647058823,0
6.890596026001731,177327.768589719,205,1.391259765625,8.0,2.0,39.19117647058823,0
6.922656075010309,177327.800649768,206,1.4001009114583334,9.0,2.0,39.19117647058823,0
6.958600123994984,177327.836593817,207,1.393056640625,10.0,2.0,39.19117647058823,0
6.9906123370165005,177327.86860603,208,1.4006477864583333,8.0,2.0,39.19117647058823,0
7.026578863995383,177327.904572557,209,1.3993131510416668,10.0,2.0,39.19117647058823,0
7.058617941016564,177327.936611634,210,1.3989192708333333,12.0,2.0,39.19117647058823,0
7.090596174995881,177327.968589868,211,1.3921809895833333,12.0,2.0,39.19117647058823,0
7.126688923017355,177328.004682616,212,1.39564453125,10.0,2.0,39.19117647058823,0
7.159149253013311,177328.037142946,213,1.3863444010416666,13.0,2.0,39.19117647058823,0
7.192375903017819,177328.070369596,214,1.399755859375,7.0,2.0,39.19117647058823,0
7.22660939200432,177328.104603085,215,1.3960123697916667,10.0,2.0,39.19117647058823,0
7.25860061700223,177328.13659431,216,1.39275390625,9.0,2.0,39.19117647058823,0
7.294593188009458,177328.172586881,217,1.3987565104166666,8.0,2.0,39.19117647058823,0
7.326587306015426,177328.204580999,218,1.401376953125,9.0,2.0,39.19117647058823,0
7.358607140020467,177328.236600833,219,1.3997330729166666,11.0,2.0,39.19117647058823,0
7.394616408011643,177328.272610101,220,1.4009309895833333,10.0,2.0,39.19117647058823,0
7.4266403990041,177328.304634092,221,1.3960774739583333,6.0,2.0,39.19117647058823,0
7.458594291005284,177328.336587984,222,1.3883203125,12.0,2.0,39.19117647058823,0
7.49462070199661,177328.372614395,223,1.3966243489583334,8.0,2.0,39.19117647058823,0
7.526646915997844,177328.404640609,224,1.4026953125,8.0,2.0,39.19117647058823,0
7.558618311013561,177328.436612004,225,1.388935546875,9.0,2.0,39.19117647058823,0
7.5945814970182255,177328.47257519,226,1.3990983072916667,7.0,2.0,39.19117647058823,0
7.626521350000985,177328.504515043,227,1.394677734375,9.0,2.0,39.19117647058823,0
7.662560677999863,177328.540554371,228,1.402998046875,6.0,2.0,39.19117647058823,0
7.694574568013195,177328.572568261,229,1.3978287760416668,7.0,2.0,39.19117647058823,0
7.7265374200069346,177328.604531113,230,1.3946647135416668,6.0,2.0,39.19117647058823,0
7.76267832602025,177328.640672019,231,1.3914095052083333,10.0,2.0,39.19117647058823,0
7.7945576420170255,177328.672551335,232,1.4027734375,13.0,2.0,39.19117647058823,0
7.826541200018255,177328.704534893,233,1.4812337239583333,13.0,3.0,39.19117647058823,0
7.86255295900628,177328.740546652,234,2.420732421875,254.0,16.0,39.19117647058823,1
7.894631738017779,177328.772625431,235,1.418193359375,8.0,2.0,39.19117647058823,0
7.930581541993888,177328.808575235,236,1.3969466145833334,8.0,2.0,39.19117647058823,0
7.962582920998102,177328.840576614,237,1.4027766927083334,10.0,2.0,39.19117647058823,0
7.994548920018133,177328.872542613,238,1.3883561197916667,7.0,2.0,39.19117647058823,0
8.030593322007917,177328.908587015,239,1.39560546875,8.0,2.0,39.19117647058823,0
8.062595046008937,177328.940588739,240,1.3853645833333332,11.0,2.0,39.19117647058823,0
8.094560271012597,177328.972553964,241,1.393125,9.0,2.0,39.19117647058823,0
8.130553046008572,177329.008546739,242,1.3901725260416666,10.0,2.0,39.19117647058823,0
8.162603937002132,177329.04059763,243,1.3928841145833333,8.0,2.0,39.19117647058823,0
8.194592297018971,177329.07258599,244,1.4002571614583332,9.0,2.0,39.19117647058823,0
8.23058361801668,177329.108577311,245,1.3964095052083334,8.0,2.0,39.19117647058823,0
8.262575859000208,177329.140569552,246,1.3975390625,6.0,2.0,39.19117647058823,0
8.298625839001033,177329.176619532,247,1.3968359375,6.0,2.0,39.19117647058823,0
8.330564089003019,177329.208557782,248,1.40423828125,12.0,2.0,39.19117647058823,0
8.362585357011994,177329.24057905,249,1.397431640625,13.0,2.0,39.19117647058823,0
8.398627629998373,177329.276621323,250,1.3933072916666667,8.0,2.0,39.19117647058823,0
8.430588123010239,177329.308581816,251,1.3984212239583333,8.0,2.0,39.19117647058823,0
8.462564863002626,177329.340558556,252,1.391220703125,7.0,2.0,39.19117647058823,0
8.498612388008041,177329.376606081,253,1.3955859375,10.0,2.0,39.19117647058823,0
8.530583846993977,177329.40857754,254,1.3949088541666668,8.0,2.0,39.19117647058823,0
8.566563922009664,177329.444557615,255,1.3951985677083334,10.0,2.0,39.19117647058823,0
8.59861768601695,177329.476611379,256,1.3980729166666668,8.0,2.0,39.19117647058823,0
8.630555206997087,177329.5085489,257,1.3944694010416667,8.0,2.0,39.19117647058823,0
8.666596282011596,177329.544589975,258,1.4032682291666667,12.0,2.0,39.19117647058823,0
8.69861389201833,177329.576607585,259,1.3948697916666666,8.0,2.0,39.19117647058823,0
8.730527566018282,177329.608521259,260,1.3928678385416666,7.0,2.0,39.19117647058823,0
8.766558381001232,177329.644552074,261,1.3952115885416667,9.0,2.0,39.19117647058823,0
8.7985782570031,177329.67657195,262,1.3893326822916667,8.0,2.0,39.19117647058823,0
8.830543446994852,177329.70853714,263,1.3946875,11.0,2.0,39.19117647058823,0
8.866633374011144,177329.744627067,264,1.3923209635416667,10.0,2.0,39.19117647058823,0
8.898584216018207,177329.776577909,265,1.4008268229166667,14.0,2.0,39.19117647058823,0
8.934550542006036,177329.812544235,266,1.3993717447916667,6.0,2.0,39.19117647058823,0
8.966556899016723,177329.844550592,267,1.392685546875,8.0,2.0,39.19117647058823,0
8.998573968012352,177329.876567661,268,1.386240234375,8.0,2.0,39.19117647058823,0
9.034611867013155,177329.91260556,269,1.3907389322916666,15.0,2.0,39.19117647058823,0
9.066671495995251,177329.944665189,270,1.3905338541666667,8.0,2.0,39.19117647058823,0
9.098590784007683,177329.976584477,271,1.397822265625,13.0,2.0,39.19117647058823,0
9.134647027007304,177330.01264072,272,1.4014615885416666,14.0,2.0,39.19117647058823,0
9.166674770007376,177330.044668463,273,1.399111328125,10.0,2.0,39.19117647058823,0
9.202731619006954,177330.080725312,274,1.3944173177083334,16.0,2.0,39.19117647058823,0
9.234638191992417,177330.112631885,275,1.3872428385416666,12.0,2.0,39.19117647058823,0
9.2667259350128,177330.144719628,276,1.391640625,8.0,2.0,39.19117647058823,0
9.302691517019412,177330.18068521,277,1.3945670572916666,10.0,2.0,39.19117647058823,0
9.33475272799842,177330.212746421,278,1.3984049479166667,12.0,2.0,39.19117647058823,0
9.366743395017693,177330.244737088,279,1.3965364583333333,11.0,2.0,39.19117647058823,0
9.402794890018413,177330.280788583,280,1.396845703125,9.0,2.0,39.19117647058823,0
9.434757943003206,177330.312751636,281,1.3947981770833333,8.0,2.0,39.19117647058823,0
9.466649161011446,177330.344642854,282,1.3967317708333333,9.0,2.0,39.19117647058823,0
9.502681906014914,177330.380675599,283,1.39513671875,5.0,2.0,39.19117647058823,0
9.534639795019757,177330.412633488,284,1.4000813802083334,9.0,2.0,39.19117647058823,0
9.570785075018648,177330.448778768,285,1.3900944010416667,16.0,2.0,39.19117647058823,0
9.602647777006496,177330.48064147,286,1.392431640625,8.0,2.0,39.19117647058823,0
9.634622732002754,177330.512616425,287,1.3949544270833334,10.0,2.0,39.19117647058823,0
9.670765478018438,177330.548759171,288,1.3968196614583333,10.0,2.0,39.19117647058823,0
9.702614951995201,177330.580608645,289,1.3961653645833334,12.0,2.0,39.19117647058823,0
9.734615332010435,177330.612609025,290,1.3894661458333333,14.0,2.0,39.19117647058823,0
9.770739594008774,177330.648733287,291,1.39169921875,6.0,2.0,39.19117647058823,0
9.802619969996158,177330.680613663,292,1.3967024739583334,7.0,2.0,39.19117647058823,0
9.838790202018572,177330.716783895,293,1.3945279947916667,8.0,2.0,39.19117647058823,0
9.870808374020271,177330.748802067,294,1.3924153645833333,7.0,2.0,39.19117647058823,0
9.902589853998506,177330.780583547,295,2.4341471354166666,254.0,16.0,39.19117647058823,1
9.938896687992383,177330.816890381,296,1.5145475260416668,10.0,2.0,39.19117647058823,0
9.97074278499349,177330.848736478,297,1.4028385416666667,9.0,2.0,39.19117647058823,0
10.002605311019579,177330.880599004,298,1.398798828125,10.0,2.0,39.19117647058823,0
10.03881333701429,177330.91680703,299,1.3910514322916667,10.0,2.0,39.19117647058823,0
10.070806344010634,177330.948800037,300,1.39638671875,12.0,2.0,39.19117647058823,0
10.102642986021237,177330.980636679,301,1.391533203125,8.0,2.0,39.19117647058823,0
10.138812759018037,177331.016806452,302,1.394921875,12.0,2.0,39.19117647058823,0
10.170763021014864,177331.048756714,303,1.3945670572916666,10.0,2.0,39.19117647058823,0
10.206790694996016,177331.084784388,304,1.3879524739583333,10.0,2.0,39.19117647058823,0
10.23876609900617,177331.116759792,305,1.3958430989583333,8.0,2.0,39.19117647058823,0
10.270744267007103,177331.14873796,306,1.39212890625,8.0,2.0,39.19117647058823,0
10.30675517799682,177331.184748871,307,1.3906705729166666,8.0,2.0,39.19117647058823,0
10.33870857601869,177331.216702269,308,1.389150390625,10.0,2.0,39.19117647058823,0
10.371255737001775,177331.24924943,309,1.39796875,8.0,2.0,39.19117647058823,0
10.406845568999415,177331.284839262,310,1.384423828125,12.0,2.0,39.19117647058823,0
10.438683468993986,177331.316677162,311,1.3995247395833332,7.0,2.0,39.19117647058823,0
10.474734735995298,177331.352728429,312,1.3979166666666667,8.0,2.0,39.19117647058823,0
10.506781614996726,177331.384775308,313,1.3978873697916667,10.0,2.0,39.19117647058823,0
10.538903947017388,177331.41689764,314,1.3882389322916666,15.0,2.0,39.19117647058823,0
10.574757713999134,177331.452751407,315,1.397939453125,10.0,2.0,39.19117647058823,0
10.606772026018007,177331.484765719,316,1.402744140625,8.0,2.0,39.19117647058823,0
10.63870875001885,177331.516702443,317,1.3928873697916666,17.0,2.0,39.19117647058823,0
10.674766740004998,177331.552760433,318,1.39466796875,6.0,2.0,39.19117647058823,0
10.70680135602015,177331.584795049,319,1.3887630208333333,10.0,2.0,39.19117647058823,0
10.738744710019091,177331.616738403,320,1.3938411458333333,8.0,2.0,39.19117647058823,0
10.77470183299738,177331.652695526,321,1.3910188802083334,20.0,2.0,39.19117647058823,0
10.806796117016347,177331.68478981,322,1.4009016927083333,9.0,2.0,39.19117647058823,0
10.842796859011287,177331.720790552,323,1.3942415364583334,7.0,2.0,39.19117647058823,0
10.874908674013568,177331.752902367,324,1.38857421875,11.0,2.0,39.19117647058823,0
10.906834627006901,177331.78482832,325,1.396630859375,12.0,2.0,39.19117647058823,0
10.942710945004364,177331.820704638,326,1.3971256510416667,6.0,2.0,39.19117647058823,0
10.97474743600469,177331.852741129,327,1.4076334635416667,15.0,2.0,39.19117647058823,0
11.006819842994446,177331.884813536,328,1.395390625,10.0,2.0,39.19117647058823,0
11.04274245700799,177331.92073615,329,1.393330078125,8.0,2.0,39.19117647058823,0
11.074745832011104,177331.952739525,330,1.400087890625,9.0,2.0,39.19117647058823,0
11.110711364017334,177331.988705057,331,1.39599609375,11.0,2.0,39.19117647058823,0
11.1428127590043,177332.020806452,332,1.3949088541666668,6.0,2.0,39.19117647058823,0
11.174737527995603,177332.052731221,333,1.3932421875,13.0,2.0,39.19117647058823,0
11.210735778993694,177332.088729472,334,1.3916438802083333,12.0,2.0,39.19117647058823,0
11.242771392018767,177332.120765085,335,1.3912239583333332,8.0,2.0,39.19117647058823,0
11.274728624004638,177332.152722317,336,1.3879166666666667,10.0,2.0,39.19117647058823,0
11.310687770019285,177332.188681463,337,1.4008203125,8.0,2.0,39.19117647058823,0
11.342819662997499,177332.220813356,338,1.3952701822916667,7.0,2.0,39.19117647058823,0
11.374908561003394,177332.252902254,339,1.3945182291666667,6.0,2.0,39.19117647058823,0
11.41169800699572,177332.2896917,340,1.39591796875,10.0,2.0,39.19117647058823,0
11.44279063201975,177332.320784325,341,1.4009212239583333,12.0,2.0,39.19117647058823,0
11.478697350015864,177332.356691043,342,1.3965364583333333,5.0,2.0,39.19117647058823,0
11.51073330800864,177332.388727001,343,1.3958658854166666,8.0,2.0,39.19117647058823,0
11.542748817999382,177332.420742511,344,1.3935384114583333,8.0,2.0,39.19117647058823,0
11.57882497101673,177332.456818664,345,1.395888671875,7.0,2.0,39.19117647058823,0
11.610742663993733,177332.488736357,346,1.3952571614583333,9.0,2.0,39.19117647058823,0
11.642711658001645,177332.520705351,347,1.3979459635416667,8.0,2.0,39.19117647058823,0
11.678746957011754,177332.55674065,348,1.394638671875,10.0,2.0,39.19117647058823,0
11.710715674009407,177332.588709367,349,2.393479817708333,254.0,16.0,39.19117647058823,1
11.746642526995856,177332.62463622,350,1.628662109375,90.0,4.0,39.19117647058823,1
11.778726339020068,177332.656720032,351,1.4068359375,9.0,2.0,39.19117647058823,0
11.810763957008021,177332.68875765,352,1.3902213541666666,10.0,2.0,39.19117647058823,0
11.846755580016179,177332.724749273,353,1.3880338541666666,9.0,2.0,39.19117647058823,0
11.878810452006292,177332.756804145,354,1.3912174479166666,9.0,2.0,39.19117647058823,0
11.910704742011148,177332.788698435,355,1.3927604166666667,9.0,2.0,39.19117647058823,0
11.946724528010236,177332.824718221,356,1.3961848958333334,7.0,2.0,39.19117647058823,0
11.978721196996048,177332.85671489,357,1.393603515625,6.0,2.0,39.19117647058823,0
12.0107881409931,177332.888781834,358,1.3885579427083334,7.0,2.0,39.19117647058823,0
12.046728824003367,177332.924722517,359,1.3890234375,8.0,2.0,39.19117647058823,0
12.078688672016142,177332.956682365,360,1.3945833333333333,10.0,2.0,39.19117647058823,0
12.114756235998357,177332.992749929,361,1.3963932291666667,8.0,2.0,39.19117647058823,0
12.146726389997639,177333.024720083,362,1.401005859375,9.0,2.0,39.19117647058823,0
12.17866279601003,177333.056656489,363,1.390048828125,8.0,2.0,39.19117647058823,0
12.214681990008103,177333.092675683,364,1.3954427083333334,11.0,2.0,39.19117647058823,0
12.246732752013486,177333.124726445,365,1.4031640625,13.0,2.0,39.19117647058823,0
12.278705689008348,177333.156699382,366,1.39794921875,10.0,2.0,39.19117647058823,0
12.314712442021118,177333.192706135,367,1.3990885416666667,8.0,2.0,39.19117647058823,0
12.34670992899919,177333.224703622,368,1.396162109375,9.0,2.0,39.19117647058823,0
12.382764490001136,177333.260758183,369,1.3975911458333334,10.0,2.0,39.19117647058823,0
12.414801715000067,177333.292795408,370,1.4034505208333334,10.0,2.0,39.19117647058823,0
12.446715918020345,177333.324709611,371,1.4018391927083333,8.0,2.0,39.19117647058823,0
12.482764404005138,177333.360758097,372,1.3981803385416667,8.0,2.0,39.19117647058823,0
12.514674562000437,177333.392668255,373,1.4011588541666666,11.0,2.0,39.19117647058823,0
12.546682709013112,177333.424676402,374,1.3959830729166667,10.0,2.0,39.19117647058823,0
12.582627297000727,177333.46062099,375,1.3951432291666668,6.0,2.0,39.19117647058823,0
12.614695373020368,177333.492689066,376,1.3905598958333334,11.0,2.0,39.19117647058823,0
12.646689832006814,177333.524683525,377,1.3948795572916666,9.0,2.0,39.19117647058823,0
12.682684197992785,177333.560677891,378,1.3955078125,8.0,2.0,39.19117647058823,0
12.714673219015822,177333.592666912,379,1.4002604166666666,9.0,2.0,39.19117647058823,0
12.750657402997604,177333.628651096,380,1.3886263020833334,8.0,2.0,39.19117647058823,0
12.782659562013578,177333.660653255,381,1.3900716145833334,13.0,2.0,39.19117647058823,0
12.814623709011357,177333.692617402,382,1.3926041666666666,7.0,2.0,39.19117647058823,0
12.850658600014867,177333.728652293,383,1.3905989583333334,6.0,2.0,39.19117647058823,0
12.882668723992538,177333.760662417,384,1.3897623697916666,11.0,2.0,39.19117647058823,0
12.914675789012108,177333.792669482,385,1.3969563802083333,10.0,2.0,39.19117647058823,0
12.950654582993593,177333.828648276,386,1.395830078125,8.0,2.0,39.19117647058823,0
12.982623335003154,177333.860617028,387,1.391484375,8.0,2.0,39.19117647058823,0
13.018683617003262,177333.89667731,388,1.4002571614583332,6.0,2.0,39.19117647058823,0
13.050753804011038,177333.928747497,389,1.401953125,10.0,2.0,39.19117647058823,0
13.082716031000018,177333.960709724,390,1.3955859375,14.0,2.0,39.19117647058823,0
13.118752131005749,177333.996745824,391,1.4044010416666666,8.0,2.0,39.19117647058823,0
13.150769038998988,177334.028762732,392,1.4015169270833334,7.0,2.0,39.19117647058823,0
13.18274350700085,177334.0607372,393,1.4006510416666667,9.0,2.0,39.19117647058823,0
13.218807972996728,177334.096801666,394,1.3996484375,8.0,2.0,39.19117647058823,0
13.250789803016232,177334.128783496,395,1.3952018229166667,10.0,2.0,39.19117647058823,0
13.28675535300863,177334.164749046,396,1.3993489583333334,7.0,2.0,39.19117647058823,0
13.318824509013211,177334.196818202,397,1.389892578125,15.0,2.0,39.19117647058823,0
13.3507590740046,177334.228752767,398,1.4022265625,9.0,2.0,39.19117647058823,0
13.386812343000202,177334.264806036,399,1.3956803385416667,10.0,2.0,39.19117647058823,0
13.418795731005957,177334.296789424,400,1.4000716145833334,8.0,2.0,39.19117647058823,0
13.450719515007222,177334.328713208,401,1.3876334635416667,7.0,2.0,39.19117647058823,0
13.486851293011568,177334.364844986,402,1.4001106770833334,10.0,2.0,39.19117647058823,0
13.51875873201061,177334.396752425,403,1.405068359375,14.0,2.0,39.19117647058823,0
13.5507563840074,177334.428750077,404,1.3910221354166667,8.0,2.0,39.19117647058823,0
13.586803301994223,177334.464796995,405,1.3956380208333334,6.0,2.0,39.19117647058823,0
13.618598194996594,177334.496591888,406,1.399267578125,7.0,2.0,39.19117647058823,0
13.65476830501575,177334.532761998,407,1.3991080729166667,13.0,2.0,39.19117647058823,0
13.686671180010308,177334.564664873,408,1.3998893229166667,8.0,2.0,39.19117647058823,0
13.718637848010985,177334.596631541,409,2.4024772135416668,254.0,16.0,39.19117647058823,1
13.75605433099554,177334.634048024,410,2.0768782552083334,254.0,8.0,39.19117647058823,1
13.786644156993134,177334.66463785,411,1.405673828125,13.0,2.0,39.19117647058823,0
13.818567665992305,177334.696561359,412,1.396201171875,10.0,2.0,39.19117647058823,0
13.854728692007484,177334.732722385,413,1.3941178385416666,9.0,2.0,39.19117647058823,0
13.887289172009332,177334.765282865,414,1.398525390625,12.0,2.0,39.19117647058823,0
13.926803556998493,177334.80479725,415,1.3964973958333333,10.0,2.0,39.19117647058823,0
13.955778263014508,177334.833771956,416,1.3958138020833333,18.0,2.0,39.19117647058823,0
13.986775326018687,177334.864769019,417,1.40232421875,8.0,2.0,39.19117647058823,0
14.022836757008918,177334.90083045,418,1.3927506510416667,7.0,2.0,39.19117647058823,0
14.054746576002799,177334.932740269,419,1.3990364583333332,9.0,2.0,39.19117647058823,0
14.086596086999634,177334.96458978,420,1.396396484375,8.0,2.0,39.19117647058823,0
14.122891600010917,177335.000885293,421,1.3940169270833334,9.0,2.0,39.19117647058823,0
14.15484883802128,177335.032842531,422,1.3986295572916667,6.0,2.0,39.19117647058823,0
14.186680821003392,177335.064674514,423,1.3940169270833334,12.0,2.0,39.19117647058823,0
14.22286350801005,177335.100857201,424,1.3983430989583334,10.0,2.0,39.19117647058823,0
14.254836297011934,177335.13282999,425,1.3975260416666666,9.0,2.0,39.19117647058823,0
14.290746973012574,177335.168740666,426,1.3883365885416667,10.0,2.0,39.19117647058823,0
14.322769232996507,177335.200762926,427,1.3962369791666667,9.0,2.0,39.19117647058823,0
14.354887318011606,177335.232881011,428,1.4028938802083333,8.0,2.0,39.19117647058823,0
14.390835480997339,177335.268829174,429,1.4014322916666666,11.0,2.0,39.19117647058823,0
14.422906699008308,177335.300900392,430,1.399560546875,13.0,2.0,39.19117647058823,0
14.45479829600663,177335.332791989,431,1.3879036458333334,8.0,2.0,39.19117647058823,0
14.490784830006305,177335.368778523,432,1.3986946614583333,10.0,2.0,39.19117647058823,0
14.522799438011134,177335.400793131,433,1.3958528645833332,6.0,2.0,39.19117647058823,0
14.558770867006388,177335.43676456,434,1.390986328125,8.0,2.0,39.19117647058823,0
14.590806171996519,177335.468799865,435,1.39875,11.0,2.0,39.19117647058823,0
14.622863813012373,177335.500857506,436,1.3925260416666667,7.0,2.0,39.19117647058823,0
14.65887148102047,177335.536865174,437,1.397255859375,14.0,2.0,39.19117647058823,0
14.69086494599469,177335.568858639,438,1.3940201822916667,9.0,2.0,39.19117647058823,0
14.722801479016198,177335.600795172,439,1.3953092447916666,8.0,2.0,39.19117647058823,0
14.75879515701672,177335.63678885,440,1.3898046875,10.0,2.0,39.19117647058823,0
14.79083298399928,177335.668826677,441,1.400244140625,6.0,2.0,39.19117647058823,0
14.822811574995285,177335.700805268,442,1.3868619791666668,10.0,2.0,39.19117647058823,0
14.858773648011265,177335.736767341,443,1.3995442708333334,15.0,2.0,39.19117647058823,0
14.890763820993016,177335.768757514,444,1.396884765625,10.0,2.0,39.19117647058823,0
14.926767352008028,177335.804761045,445,1.3986881510416667,9.0,2.0,39.19117647058823,0
14.958803909015842,177335.836797602,446,1.4020638020833334,12.0,2.0,39.19117647058823,0
14.99079816500307,177335.868791858,447,1.394892578125,8.0,2.0,39.19117647058823,0
15.026755058992421,177335.904748752,448,1.3959440104166667,8.0,2.0,39.19117647058823,0
15.058836088021053,177335.936829781,449,1.3982161458333333,6.0,2.0,39.19117647058823,0
15.090793726994889,177335.96878742,450,1.3912760416666667,6.0,2.0,39.19117647058823,0
15.126821656012908,177336.004815349,451,1.395966796875,8.0,2.0,39.19117647058823,0
15.158831492008176,177336.036825185,452,1.3955240885416667,13.0,2.0,39.19117647058823,0
15.194716244004667,177336.072709937,453,1.392900390625,15.0,2.0,39.19117647058823,0
15.226839155016933,177336.104832848,454,1.399736328125,11.0,2.0,39.19117647058823,0
15.258756585011724,177336.136750278,455,1.3956966145833334,8.0,2.0,39.19117647058823,0
15.294785366015276,177336.172779059,456,1.3951139322916666,12.0,2.0,39.19117647058823,0
15.32675218899385,177336.204745882,457,1.3960514322916666,8.0,2.0,39.19117647058823,0
15.358807576005347,177336.236801269,458,1.3926432291666666,10.0,2.0,39.19117647058823,0
15.394778813002631,177336.272772506,459,1.3965787760416666,8.0,2.0,39.19117647058823,0
15.42684468801599,177336.304838381,460,1.3862337239583333,12.0,2.0,39.19117647058823,0
15.45888108300278,177336.336874776,461,1.3919889322916668,11.0,2.0,39.19117647058823,0
15.494730634003645,177336.372724327,462,1.4007584635416668,10.0,2.0,39.19117647058823,0
15.526761718007037,177336.404755411,463,1.3948014322916666,9.0,2.0,39.19117647058823,0
15.562709359015571,177336.440703052,464,1.4046809895833334,9.0,2.0,39.19117647058823,0
15.59473943701596,177336.47273313,465,2.4287174479166667,254.0,16.0,39.19117647058823,1
15.62672812101664,177336.504721814,466,1.5120247395833333,14.0,2.0,39.19117647058823,0
15.662736961996416,177336.540730655,467,1.4097916666666668,10.0,2.0,39.19117647058823,0
15.69474525001715,177336.572738943,468,1.39681640625,8.0,2.0,39.19117647058823,0
15.726716717996169,177336.604710411,469,1.38896484375,8.0,2.0,39.19117647058823,0
15.762719791004201,177336.640713484,470,1.3998046875,8.0,2.0,39.19117647058823,0
15.794796342001064,177336.672790035,471,1.395283203125,12.0,2.0,39.19117647058823,0
15.830730048008263,177336.708723741,472,1.3955403645833333,9.0,2.0,39.19117647058823,0
15.862765488011064,177336.740759181,473,1.39400390625,8.0,2.0,39.19117647058823,0
15.894689119013492,177336.772682812,474,1.3981640625,10.0,2.0,39.19117647058823,0
15.930725787009578,177336.80871948,475,1.3922395833333334,8.0,2.0,39.19117647058823,0
15.962804275011877,177336.840797968,476,1.4036002604166666,9.0,2.0,39.19117647058823,0
15.994802225992316,177336.872795919,477,1.3974772135416667,8.0,2.0,39.19117647058823,0
16.03079973900458,177336.908793432,478,1.39361328125,8.0,2.0,39.19117647058823,0
16.062851624999894,177336.940845318,479,1.3924348958333332,6.0,2.0,39.19117647058823,0
16.094726384995738,177336.972720078,480,1.397666015625,9.0,2.0,39.19117647058823,0
16.13093871701858,177337.00893241,481,1.3868619791666668,8.0,2.0,39.19117647058823,0
16.162797388999024,177337.040791082,482,1.4006575520833333,8.0,2.0,39.19117647058823,0
16.198808196000755,177337.076801889,483,1.3950130208333333,10.0,2.0,39.19117647058823,0
16.23081572999945,177337.108809423,484,1.3889322916666667,11.0,2.0,39.19117647058823,0
16.262718982994556,177337.140712676,485,1.397939453125,12.0,2.0,39.19117647058823,0
16.29874896100955,177337.176742654,486,1.3927506510416667,8.0,2.0,39.19117647058823,0
16.330808136000996,177337.208801829,487,1.3933365885416666,12.0,2.0,39.19117647058823,0
16.362783988006413,177337.240777681,488,1.39369140625,5.0,2.0,39.19117647058823,0
16.399436295992928,177337.277429989,489,1.3953873697916668,7.0,2.0,39.19117647058823,0
16.430868171009934,177337.308861864,490,1.3925716145833333,10.0,2.0,39.19117647058823,0
16.466739844996482,177337.344733538,491,1.4133626302083333,9.0,2.0,39.19117647058823,0
16.498671149020083,177337.376664842,492,1.391240234375,8.0,2.0,39.19117647058823,0
16.530684816010762,177337.408678509,493,1.4023079427083334,8.0,2.0,39.19117647058823,0
16.56676213099854,177337.444755824,494,1.3953645833333332,10.0,2.0,39.19117647058823,0
16.598796128993854,177337.476789822,495,1.3970865885416666,8.0,2.0,39.19117647058823,0
16.630653988017002,177337.508647681,496,1.3989485677083333,8.0,2.0,39.19117647058823,0
16.666713190992596,177337.544706884,497,1.404033203125,8.0,2.0,39.19117647058823,0
16.69870082801208,177337.576694521,498,1.3923470052083333,7.0,2.0,39.19117647058823,0
16.730707837006776,177337.60870153,499,1.401181640625,15.0,2.0,39.19117647058823,0
16.766746806009905,177337.644740499,500,1.401142578125,8.0,2.0,39.19117647058823,0
16.798629532015184,177337.676623225,501,1.397255859375,11.0,2.0,39.19117647058823,0
16.83475621501566,177337.712749908,502,1.395771484375,9.0,2.0,39.19117647058823,0
16.86669770500157,177337.744691398,503,1.3976171875,7.0,2.0,39.19117647058823,0
16.898640286002774,177337.776633979,504,1.3983756510416667,8.0,2.0,39.19117647058823,0
16.934694865019992,177337.812688558,505,1.39609375,10.0,2.0,39.19117647058823,0
16.966729131992906,177337.844722825,506,1.3932649739583334,10.0,2.0,39.19117647058823,0
16.99863277701661,177337.87662647,507,1.39837890625,10.0,2.0,39.19117647058823,0
17.034701958997175,177337.912695652,508,1.4023860677083333,11.0,2.0,39.19117647058823,0
17.066716413013637,177337.944710106,509,1.3920963541666667,10.0,2.0,39.19117647058823,0
17.102712908003014,177337.980706601,510,1.3965755208333333,10.0,2.0,39.19117647058823,0
17.134702690003905,177338.012696383,511,1.3993033854166668,8.0,2.0,39.19117647058823,0
17.166700925008627,177338.044694618,512,1.40439453125,9.0,2.0,39.19117647058823,0
17.202795660996344,177338.080789354,513,1.3912760416666667,17.0,2.0,39.19117647058823,0
17.234707943018293,177338.112701636,514,1.3970084635416666,9.0,2.0,39.19117647058823,0
17.266746005014284,177338.144739698,515,1.3954069010416668,8.0,2.0,39.19117647058823,0
17.302731225005118,177338.180724918,516,1.39220703125,6.0,2.0,39.19117647058823,0
17.33468818999245,177338.212681883,517,1.401806640625,10.0,2.0,39.19117647058823,0
17.366806848003762,177338.244800541,518,1.39662109375,7.0,2.0,39.19117647058823,0
17.402744465012802,177338.280738158,519,1.401865234375,9.0,2.0,39.19117647058823,0
17.434729586995672,177338.31272328,520,1.3913248697916667,8.0,2.0,39.19117647058823,0
17.471557721000863,177338.349551414,521,1.39447265625,7.0,2.0,39.19117647058823,0
17.502700241020648,177338.380693934,522,1.3921061197916667,11.0,2.0,39.19117647058823,0
17.534687069011852,177338.412680762,523,1.4025618489583334,7.0,2.0,39.19117647058823,0
17.571274893998634,177338.449268587,524,1.39892578125,8.0,2.0,39.19117647058823,0
17.602671880013077,177338.480665573,525,1.3896614583333333,8.0,2.0,39.19117647058823,0
17.634686966019217,177338.512680659,526,1.4001790364583333,9.0,2.0,39.19117647058823,0
17.67113909102045,177338.549132784,527,1.3972493489583333,7.0,2.0,39.19117647058823,0
17.702714228013065,177338.580707921,528,2.17994140625,254.0,13.0,39.19117647058823,1
17.73872287501581,177338.616716568,529,2.4118977864583333,254.0,16.0,39.19117647058823,1
17.771157559007406,177338.649151252,530,1.4177213541666667,10.0,2.0,39.19117647058823,0
17.802667323005153,177338.680661016,531,1.4063313802083333,8.0,2.0,39.19117647058823,0
17.838790706999134,177338.7167844,532,1.3905891927083334,11.0,2.0,39.19117647058823,0
17.871180587011622,177338.74917428,533,1.399501953125,9.0,2.0,39.19117647058823,0
17.90267788199708,177338.780671575,534,1.3929459635416668,9.0,2.0,39.19117647058823,0
17.938764279009774,177338.816757972,535,1.3901334635416667,8.0,2.0,39.19117647058823,0
17.970845402014675,177338.848839095,536,1.3945930989583333,8.0,2.0,39.19117647058823,0
18.00262998501421,177338.880623678,537,1.3966731770833334,10.0,2.0,39.19117647058823,0
18.038775657012593,177338.91676935,538,1.39365234375,8.0,2.0,39.19117647058823,0
18.070644802006427,177338.948638495,539,1.3940266927083333,8.0,2.0,39.19117647058823,0
18.106823201000225,177338.984816894,540,1.3982584635416666,7.0,2.0,39.19117647058823,0
18.13882593001472,177339.016819623,541,1.4021907552083333,7.0,2.0,39.19117647058823,0
18.171338587009814,177339.04933228,542,1.3937272135416667,9.0,2.0,39.19117647058823,0
18.20679199800361,177339.084785691,543,1.3951953125,8.0,2.0,39.19117647058823,0
18.23869884101441,177339.116692534,544,1.3928190104166667,8.0,2.0,39.19117647058823,0
18.271281291003106,177339.149274984,545,1.3976009114583334,9.0,2.0,39.19117647058823,0
18.306832079018932,177339.184825772,546,1.3941341145833333,10.0,2.0,39.19117647058823,0
18.338799327000743,177339.21679302,547,1.387783203125,13.0,2.0,39.19117647058823,0
18.374925764015643,177339.252919457,548,1.393818359375,7.0,2.0,39.19117647058823,0
18.406802234007046,177339.284795927,549,1.3948795572916666,16.0,2.0,39.19117647058823,0
18.43872766001732,177339.316721353,550,1.400146484375,9.0,2.0,39.19117647058823,0
18.474828500999138,177339.352822194,551,1.393955078125,8.0,2.0,39.19117647058823,0
18.506793216016376,177339.384786909,552,1.38966796875,9.0,2.0,39.19117647058823,0
18.538788203004515,177339.416781896,553,1.4039811197916667,10.0,2.0,39.19117647058823,0
18.57491202300298,177339.452905716,554,1.399951171875,7.0,2.0,39.19117647058823,0
18.606778173998464,177339.484771867,555,1.398271484375,14.0,2.0,39.19117647058823,0
18.638694085006136,177339.516687778,556,1.399296875,15.0,2.0,39.19117647058823,0
18.67481161301839,177339.552805306,557,1.39958984375,8.0,2.0,39.19117647058823,0
18.706721266993554,177339.58471496,558,1.3955403645833333,7.0,2.0,39.19117647058823,0
18.742775260994677,177339.620768954,559,1.393828125,8.0,2.0,39.19117647058823,0
18.77491538200411,177339.652909075,560,1.3964713541666667,7.0,2.0,39.19117647058823,0
18.806792849005433,177339.684786542,561,1.392021484375,9.0,2.0,39.19117647058823,0
18.842838718002895,177339.720832411,562,1.4025846354166667,17.0,2.0,39.19117647058823,0
18.875235479004914,177339.753229172,563,1.3960416666666666,10.0,2.0,39.19117647058823,0
18.90685403801035,177339.784847731,564,1.4003580729166667,8.0,2.0,39.19117647058823,0
18.942880489019444,177339.820874182,565,1.400869140625,8.0,2.0,39.19117647058823,0
18.974800391006283,177339.852794084,566,1.4058626302083332,8.0,2.0,39.19117647058823,0
19.01076697302051,177339.888760666,567,1.3962434895833333,13.0,2.0,39.19117647058823,0
19.04278745802003,177339.920781151,568,1.4005436197916667,14.0,2.0,39.19117647058823,0
19.074795521999476,177339.952789215,569,1.3985319010416666,8.0,2.0,39.19117647058823,0
19.110780759016052,177339.988774452,570,1.4058333333333333,12.0,2.0,39.19117647058823,0
19.14287096800399,177340.020864661,571,1.39310546875,8.0,2.0,39.19117647058823,0
19.174778561020503,177340.052772254,572,1.403779296875,7.0,2.0,39.19117647058823,0
19.210763928014785,177340.088757621,573,1.39099609375,14.0,2.0,39.19117647058823,0
19.242780657019466,177340.12077435,574,1.3988216145833334,12.0,2.0,39.19117647058823,0
19.274817688012263,177340.152811381,575,1.3994303385416667,9.0,2.0,39.19117647058823,0
19.310775316000218,177340.188769009,576,1.3928938802083333,8.0,2.0,39.19117647058823,0
19.342854651011294,177340.220848344,577,1.4031575520833333,8.0,2.0,39.19117647058823,0
19.378845083003398,177340.256838776,578,1.4019303385416666,8.0,2.0,39.19117647058823,0
19.411116878007306,177340.289110571,579,1.395546875,6.0,2.0,39.19117647058823,0
19.442764606006676,177340.320758299,580,1.400068359375,11.0,2.0,39.19117647058823,0
19.47873274900485,177340.356726442,581,1.3930208333333334,10.0,2.0,39.19117647058823,0
19.51074845000403,177340.388742143,582,1.394892578125,13.0,2.0,39.19117647058823,0
19.542797383997822,177340.420791077,583,1.3979264322916667,9.0,2.0,39.19117647058823,0
19.57876528799534,177340.456758981,584,1.3958463541666666,8.0,2.0,39.19117647058823,0
19.6107940840011,177340.488787777,585,2.410514322916667,254.0,16.0,39.19117647058823,1
19.646751766995294,177340.52474546,586,1.584716796875,32.0,3.0,39.19117647058823,0
19.678811507998034,177340.556805201,587,1.41107421875,11.0,2.0,39.19117647058823,0
19.710755127016455,177340.58874882,588,1.390498046875,12.0,2.0,39.19117647058823,0
19.746780126995873,177340.62477382,589,1.3953971354166668,9.0,2.0,39.19117647058823,0
19.778770891018212,177340.656764584,590,1.395966796875,9.0,2.0,39.19117647058823,0
19.810815692995675,177340.688809386,591,1.394921875,15.0,2.0,39.19117647058823,0
19.84686823299853,177340.724861926,592,1.4013216145833334,9.0,2.0,39.19117647058823,0
19.878838635020657,177340.756832328,593,1.399150390625,12.0,2.0,39.19117647058823,0
19.910739293001825,177340.788732986,594,1.3976595052083334,7.0,2.0,39.19117647058823,0
19.946765024011256,177340.824758717,595,1.3963020833333333,11.0,2.0,39.19117647058823,0
19.978757369011873,177340.856751062,596,1.397197265625,10.0,2.0,39.19117647058823,0
20.014743918000022,177340.892737611,597,1.395498046875,10.0,2.0,39.19117647058823,0
20.046796983020613,177340.924790676,598,1.408193359375,5.0,2.0,39.19117647058823,0
20.07878287200583,177340.956776565,599,1.3955794270833333,7.0,2.0,39.19117647058823,0
20.114783796016127,177340.992777489,600,1.40345703125,10.0,2.0,39.19117647058823,0
20.146791160019347,177341.024784853,601,1.39896484375,8.0,2.0,39.19117647058823,0
20.178709867002908,177341.05670356,602,1.39498046875,10.0,2.0,39.19117647058823,0
20.21471355902031,177341.092707252,603,1.3954134114583334,12.0,2.0,39.19117647058823,0
20.24676348999492,177341.124757183,604,1.3951399739583332,6.0,2.0,39.19117647058823,0
20.28280183201423,177341.160795525,605,1.4018684895833333,11.0,2.0,39.19117647058823,0
20.314704863005318,177341.192698556,606,1.3957552083333333,10.0,2.0,39.19117647058823,0
20.346825701999478,177341.224819395,607,1.38806640625,11.0,2.0,39.19117647058823,0
20.382788640999934,177341.260782334,608,1.3912272135416666,10.0,2.0,39.19117647058823,0
20.414808454021113,177341.292802147,609,1.3974772135416667,8.0,2.0,39.19117647058823,0
20.446802506019594,177341.324796199,610,1.399130859375,13.0,2.0,39.19117647058823,0
20.482728250004584,177341.360721943,611,1.39703125,8.0,2.0,39.19117647058823,0
20.514761241007363,177341.392754934,612,1.4017643229166667,10.0,2.0,39.19117647058823,0
20.54675998800667,177341.424753681,613,1.3955501302083333,10.0,2.0,39.19117647058823,0
20.582733638002537,177341.460727331,614,1.3998274739583334,13.0,2.0,39.19117647058823,0
20.6146957410092,177341.492689434,615,1.39953125,14.0,2.0,39.19117647058823,0
20.650713715003803,177341.528707408,616,1.396162109375,10.0,2.0,39.19117647058823,0
20.682675390009535,177341.560669083,617,1.3932747395833334,9.0,2.0,39.19117647058823,0
20.714674467017176,177341.59266816,618,1.405146484375,8.0,2.0,39.19117647058823,0
20.75088481401326,177341.628878507,619,1.3909114583333333,8.0,2.0,39.19117647058823,0
20.782889435999095,177341.660883129,620,1.4053776041666666,15.0,2.0,39.19117647058823,0
20.814774005993968,177341.692767699,621,1.4020963541666667,12.0,2.0,39.19117647058823,0
20.850748410011875,177341.728742103,622,1.3943033854166667,11.0,2.0,39.19117647058823,0
20.882778488012264,177341.760772181,623,1.3940299479166667,9.0,2.0,39.19117647058823,0
20.918715438019717,177341.796709131,624,1.3908528645833333,10.0,2.0,39.19117647058823,0
20.950707495008828,177341.828701188,625,1.4040559895833333,14.0,2.0,39.19117647058823,0
20.982652372011216,177341.860646065,626,1.3922591145833334,9.0,2.0,39.19117647058823,0
21.018707103008637,177341.896700796,627,1.3943391927083333,11.0,2.0,39.19117647058823,0
21.050730246992316,177341.92872394,628,1.3988313802083334,12.0,2.0,39.19117647058823,0
21.082688121008687,177341.960681814,629,1.4023502604166667,14.0,2.0,39.19117647058823,0
21.118743849016028,177341.996737542,630,1.3903255208333334,12.0,2.0,39.19117647058823,0
21.150859735003905,177342.028853428,631,1.3956184895833332,6.0,2.0,39.19117647058823,0
21.182793445012067,177342.060787138,632,1.394736328125,13.0,2.0,39.19117647058823,0
21.21870927402051,177342.096702967,633,1.398125,10.0,2.0,39.19117647058823,0
21.250729229999706,177342.128722923,634,1.3931087239583333,7.0,2.0,39.19117647058823,0
21.28673363701091,177342.16472733,635,1.3957747395833333,6.0,2.0,39.19117647058823,0
21.318680649012094,177342.196674342,636,1.4032063802083334,12.0,2.0,39.19117647058823,0
21.35077916001319,177342.228772853,637,1.397890625,10.0,2.0,39.19117647058823,0
21.386876648000907,177342.264870341,638,1.3988802083333334,8.0,2.0,39.19117647058823,0
21.419139117002487,177342.29713281,639,1.4000162760416666,8.0,2.0,39.19117647058823,0
21.450899499002844,177342.328893192,640,1.4459993489583334,14.0,3.0,39.19117647058823,0
21.486839963006787,177342.364833656,641,2.4556510416666666,254.0,16.0,39.19117647058823,1
21.519882672000676,177342.397876365,642,1.442744140625,10.0,2.0,39.19117647058823,0
21.55722123099258,177342.435214924,643,1.4010221354166668,8.0,2.0,39.19117647058823,0
21.587155731016537,177342.465149424,644,1.3999153645833333,11.0,2.0,39.19117647058823,0
21.61920655501308,177342.497200248,645,1.3993522135416667,10.0,2.0,39.19117647058823,0
21.654893955012085,177342.532887648,646,1.3963899739583334,8.0,2.0,39.19117647058823,0
21.686928689014167,177342.564922382,647,1.392294921875,8.0,2.0,39.19117647058823,0
21.719025275000604,177342.597018968,648,1.4015364583333334,14.0,2.0,39.19117647058823,0
21.754751271015266,177342.632744964,649,1.394423828125,9.0,2.0,39.19117647058823,0
21.786710902000777,177342.664704595,650,1.4043131510416667,8.0,2.0,39.19117647058823,0
21.81874535101815,177342.696739044,651,1.3860579427083333,11.0,2.0,39.19117647058823,0
21.854805203009164,177342.732798896,652,1.3932584635416667,8.0,2.0,39.19117647058823,0
21.886703049007338,177342.764696742,653,1.394189453125,10.0,2.0,39.19117647058823,0
21.922832490992732,177342.800826184,654,1.4001985677083333,14.0,2.0,39.19117647058823,0
21.954782971995883,177342.832776665,655,1.391171875,10.0,2.0,39.19117647058823,0
21.986839273013175,177342.864832966,656,1.3964225260416667,9.0,2.0,39.19117647058823,0
22.022919751005247,177342.900913444,657,1.3973665364583334,8.0,2.0,39.19117647058823,0
22.05481603401131,177342.932809727,658,1.397822265625,8.0,2.0,39.19117647058823,0
22.08678559801774,177342.964779291,659,1.3926822916666666,7.0,2.0,39.19117647058823,0
22.122858992021065,177343.000852685,660,1.394208984375,10.0,2.0,39.19117647058823,0
22.15471452701604,177343.03270822,661,1.3942447916666667,10.0,2.0,39.19117647058823,0
22.19082814399735,177343.068821837,662,1.3949283854166667,7.0,2.0,39.19117647058823,0
22.22276076101116,177343.100754454,663,1.3989876302083333,7.0,2.0,39.19117647058823,0
22.254765143006807,177343.132758836,664,1.3969856770833333,8.0,2.0,39.19117647058823,0
22.29081803400186,177343.168811727,665,1.4012174479166666,10.0,2.0,39.19117647058823,0
22.322787162003806,177343.200780855,666,1.396806640625,10.0,2.0,39.19117647058823,0
22.35476564601413,177343.232759339,667,1.3924153645833333,7.0,2.0,39.19117647058823,0
22.39089001499815,177343.268883708,668,1.4039680989583334,8.0,2.0,39.19117647058823,0
22.42288752499735,177343.300881218,669,1.3948567708333333,13.0,2.0,39.19117647058823,0
22.454745365015697,177343.332739058,670,1.3977408854166666,12.0,2.0,39.19117647058823,0
22.49087442900054,177343.368868122,671,1.39412109375,7.0,2.0,39.19117647058823,0
22.522696500993334,177343.400690194,672,1.400751953125,14.0,2.0,39.19117647058823,0
22.55886260000989,177343.436856293,673,1.3988444010416667,8.0,2.0,39.19117647058823,0
22.590848660998745,177343.468842354,674,1.397177734375,6.0,2.0,39.19117647058823,0
22.622707061003894,177343.500700754,675,1.3864225260416667,7.0,2.0,39.19117647058823,0
22.658827539999038,177343.536821233,676,1.4044303385416668,10.0,2.0,39.19117647058823,0
22.6908854090143,177343.568879102,677,1.4076888020833334,8.0,2.0,39.19117647058823,0
22.722742087004008,177343.60073578,678,1.3915104166666667,8.0,2.0,39.19117647058823,0
22.758865215000696,177343.636858908,679,1.40189453125,6.0,2.0,39.19117647058823,0
22.790874919010093,177343.668868612,680,1.4006998697916666,5.0,2.0,39.19117647058823,0
22.826836696011014,177343.704830389,681,1.3960286458333333,9.0,2.0,39.19117647058823,0
22.858840458007762,177343.736834151,682,1.3964615885416667,12.0,2.0,39.19117647058823,0
22.890796327992575,177343.768790021,683,1.3947005208333334,8.0,2.0,39.19117647058823,0
22.926800520013785,177343.804794213,684,1.3955533854166666,8.0,2.0,39.19117647058823,0
22.9587398180156,177343.836733511,685,1.3930891927083333,10.0,2.0,39.19117647058823,0
22.990734071994666,177343.868727765,686,1.3946223958333333,8.0,2.0,39.19117647058823,0
23.02674620601465,177343.904739899,687,1.3953743489583332,14.0,2.0,39.19117647058823,0
23.058698375010863,177343.936692068,688,1.4027408854166667,8.0,2.0,39.19117647058823,0
23.090754542994546,177343.968748236,689,1.39552734375,7.0,2.0,39.19117647058823,0
23.126742541004205,177344.004736234,690,1.40615234375,6.0,2.0,39.19117647058823,0
23.158770022011595,177344.036763715,691,1.3925065104166667,14.0,2.0,39.19117647058823,0
23.194749529997353,177344.072743223,692,1.3993326822916667,10.0,2.0,39.19117647058823,0
23.226719130994752,177344.104712824,693,1.3963541666666666,15.0,2.0,39.19117647058823,0
23.258758865995333,177344.136752559,694,1.3982942708333332,8.0,2.0,39.19117647058823,0
23.294702055020025,177344.172695748,695,1.3991569010416667,11.0,2.0,39.19117647058823,0
23.32672869801172,177344.204722391,696,1.40384765625,8.0,2.0,39.19117647058823,0
23.358708084997488,177344.236701778,697,1.3956087239583332,10.0,2.0,39.19117647058823,0
23.39470071301912,177344.272694406,698,2.446181640625,254.0,16.0,39.19117647058823,1
23.426711117994273,177344.304704811,699,1.4940690104166667,11.0,2.0,39.19117647058823,0
23.462723703007214,177344.340717396,700,1.4017024739583333,8.0,2.0,39.19117647058823,0
23.49472846800927,177344.372722161,701,1.3911490885416666,7.0,2.0,39.19117647058823,0
23.526646637008525,177344.40464033,702,1.4060677083333333,7.0,2.0,39.19117647058823,0
23.562708672019653,177344.440702365,703,1.4020865885416667,9.0,2.0,39.19117647058823,0
23.594703575014137,177344.472697268,704,1.3854557291666667,12.0,2.0,39.19117647058823,0
23.62667845201213,177344.504672145,705,1.3929654947916668,8.0,2.0,39.19117647058823,0
23.662711870012572,177344.540705563,706,1.3957454427083333,13.0,2.0,39.19117647058823,0
23.694708265014924,177344.572701958,707,1.3957194010416667,6.0,2.0,39.19117647058823,0
23.72667246000492,177344.604666153,708,1.391650390625,16.0,2.0,39.19117647058823,0
23.762727390014334,177344.640721083,709,1.3905013020833332,10.0,2.0,39.19117647058823,0
23.794671351992292,177344.672665045,710,1.398232421875,11.0,2.0,39.19117647058823,0
23.83068642701255,177344.70868012,711,1.4053580729166666,7.0,2.0,39.19117647058823,0
23.86272474101861,177344.740718434,712,1.39423828125,10.0,2.0,39.19117647058823,0
23.894697167008417,177344.77269086,713,1.3979036458333334,7.0,2.0,39.19117647058823,0
23.930703440011712,177344.808697133,714,1.40359375,13.0,2.0,39.19117647058823,0
23.96273134200601,177344.840725035,715,1.3985709635416668,10.0,2.0,39.19117647058823,0
23.994697461021133,177344.872691154,716,1.3963020833333333,13.0,2.0,39.19117647058823,0
24.03070346202003,177344.908697155,717,1.38859375,12.0,2.0,39.19117647058823,0
24.06267785601085,177344.940671549,718,1.3994856770833333,8.0,2.0,39.19117647058823,0
24.098672293010168,177344.976665986,719,1.39318359375,7.0,2.0,39.19117647058823,0
24.13072743799421,177345.008721131,720,1.3937239583333334,9.0,2.0,39.19117647058823,0
24.16267069199239,177345.040664385,721,1.391474609375,8.0,2.0,39.19117647058823,0
24.19870240901946,177345.076696102,722,1.3961295572916668,7.0,2.0,39.19117647058823,0
24.230690302007133,177345.108683995,723,1.4031477864583333,8.0,2.0,39.19117647058823,0
24.2626765530149,177345.140670246,724,1.39046875,14.0,2.0,39.19117647058823,0
24.298700956016546,177345.176694649,725,1.4026627604166666,9.0,2.0,39.19117647058823,0
24.33072658602032,177345.208720279,726,1.3942805989583333,7.0,2.0,39.19117647058823,0
24.362738441996044,177345.240732135,727,1.402568359375,8.0,2.0,39.19117647058823,0
24.39866940199863,177345.276663095,728,1.4020475260416667,10.0,2.0,39.19117647058823,0
24.430645387008553,177345.30863908,729,1.3971419270833334,6.0,2.0,39.19117647058823,0
24.46669277199544,177345.344686465,730,1.396982421875,8.0,2.0,39.19117647058823,0
24.498710029001813,177345.376703722,731,1.3959830729166667,9.0,2.0,39.19117647058823,0
24.530645046004793,177345.408638739,732,1.3979036458333334,7.0,2.0,39.19117647058823,0
24.56667709100293,177345.444670784,733,1.3997721354166666,11.0,2.0,39.19117647058823,0
24.598689225997077,177345.476682919,734,1.398134765625,8.0,2.0,39.19117647058823,0
24.630678498011548,177345.508672191,735,1.40103515625,8.0,2.0,39.19117647058823,0
24.66671211499488,177345.544705808,736,1.4003190104166667,10.0,2.0,39.19117647058823,0
24.698645424999995,177345.576639118,737,1.4012565104166668,11.0,2.0,39.19117647058823,0
24.734712959994795,177345.612706653,738,1.40115234375,10.0,2.0,39.19117647058823,0
24.766732246993342,177345.64472594,739,1.3974641927083333,8.0,2.0,39.19117647058823,0
24.798605096002575,177345.676598789,740,1.4045052083333334,6.0,2.0,39.19117647058823,0
24.834655220998684,177345.712648914,741,1.4006640625,14.0,2.0,39.19117647058823,0
24.866734045004705,177345.744727738,742,1.405244140625,7.0,2.0,39.19117647058823,0
24.898631518008187,177345.776625211,743,1.393251953125,6.0,2.0,39.19117647058823,0
24.934701640013373,177345.812695333,744,1.3997623697916666,11.0,2.0,39.19117647058823,0
24.9667043480149,177345.844698041,745,1.398466796875,14.0,2.0,39.19117647058823,0
24.99868105299538,177345.876674746,746,1.4001139322916667,8.0,2.0,39.19117647058823,0
25.034711448010057,177345.912705141,747,1.3987044270833333,8.0,2.0,39.19117647058823,0
25.066683762997855,177345.944677456,748,1.3913834635416666,7.0,2.0,39.19117647058823,0
25.102703464013757,177345.980697157,749,1.403515625,9.0,2.0,39.19117647058823,0
25.134718511020765,177346.012712204,750,1.400419921875,7.0,2.0,39.19117647058823,0
25.16664294700604,177346.04463664,751,1.4009830729166666,17.0,2.0,39.19117647058823,0
25.20265743500204,177346.080651128,752,1.4009244791666666,9.0,2.0,39.19117647058823,0
25.23468835800304,177346.112682051,753,2.41318359375,254.0,16.0,39.19117647058823,1
25.266651634010486,177346.144645327,754,1.6069889322916666,90.0,4.0,39.19117647058823,1
25.302705934009282,177346.180699627,755,1.4042415364583334,7.0,2.0,39.19117647058823,0
25.33470903901616,177346.212702732,756,1.4031087239583333,8.0,2.0,39.19117647058823,0
25.370703538006637,177346.248697231,757,1.4078873697916667,11.0,2.0,39.19117647058823,0
25.402818678994663,177346.280812372,758,1.398662109375,13.0,2.0,39.19117647058823,0
25.43464311902062,177346.312636812,759,1.3999837239583333,10.0,2.0,39.19117647058823,0
25.470699507015524,177346.3486932,760,1.39373046875,9.0,2.0,39.19117647058823,0
25.502731915999902,177346.380725609,761,1.4045572916666667,8.0,2.0,39.19117647058823,0
25.53466092099552,177346.412654614,762,1.393408203125,9.0,2.0,39.19117647058823,0
25.570679708005628,177346.448673401,763,1.3943359375,7.0,2.0,39.19117647058823,0
25.60273308600881,177346.480726779,764,1.4018196614583334,12.0,2.0,39.19117647058823,0
25.6346629030013,177346.512656596,765,1.3934537760416668,6.0,2.0,39.19117647058823,0
25.670709354017163,177346.548703047,766,1.3996614583333333,8.0,2.0,39.19117647058823,0
25.702682813018328,177346.580676506,767,1.4040397135416667,10.0,2.0,39.19117647058823,0
25.73905212301179,177346.617045816,768,1.3950846354166666,8.0,2.0,39.19117647058823,0
25.770729067007778,177346.64872276,769,1.39841796875,12.0,2.0,39.19117647058823,0
25.802639186993474,177346.68063288,770,1.405478515625,8.0,2.0,39.19117647058823,0
25.838969108008314,177346.716962801,771,1.4008235677083334,10.0,2.0,39.19117647058823,0
25.87071877301787,177346.748712466,772,1.3892805989583332,8.0,2.0,39.19117647058823,0
25.902681901992764,177346.780675595,773,1.4002408854166666,8.0,2.0,39.19117647058823,0
25.9388047720131,177346.816798465,774,1.39107421875,9.0,2.0,39.19117647058823,0
25.97072604400455,177346.848719737,775,1.396669921875,8.0,2.0,39.19117647058823,0
26.006779135001125,177346.884772828,776,1.3951692708333334,9.0,2.0,39.19117647058823,0
26.038755009009037,177346.916748702,777,1.3957845052083333,8.0,2.0,39.19117647058823,0
26.070697345014196,177346.948691038,778,1.394560546875,14.0,2.0,39.19117647058823,0
26.10681944299722,177346.984813136,779,1.4001139322916667,9.0,2.0,39.19117647058823,0
26.138779861998046,177347.016773555,780,1.3909895833333332,7.0,2.0,39.19117647058823,0
26.170681415998843,177347.048675109,781,1.4061979166666667,8.0,2.0,39.19117647058823,0
26.20684237201931,177347.084836065,782,1.4001236979166667,9.0,2.0,39.19117647058823,0
26.238726105017122,177347.116719798,783,1.3920475260416667,6.0,2.0,39.19117647058823,0
26.270677996013546,177347.148671689,784,1.4056608072916668,12.0,2.0,39.19117647058823,0
26.30683706200216,177347.184830755,785,1.3887923177083332,14.0,2.0,39.19117647058823,0
26.338744170003338,177347.216737863,786,1.3973079427083333,8.0,2.0,39.19117647058823,0
26.37493388200528,177347.252927575,787,1.3912890625,8.0,2.0,39.19117647058823,0
26.40676334599266,177347.284757039,788,1.3913736979166667,9.0,2.0,39.19117647058823,0
26.438690098002553,177347.316683791,789,1.3950846354166666,9.0,2.0,39.19117647058823,0
26.47478062499431,177347.352774318,790,1.4018587239583333,10.0,2.0,39.19117647058823,0
26.506774430017686,177347.384768123,791,1.395966796875,9.0,2.0,39.19117647058823,0
26.53866744201514,177347.416661135,792,1.3946126302083333,9.0,2.0,39.19117647058823,0
26.574814957013587,177347.45280865,793,1.3982291666666666,12.0,2.0,39.19117647058823,0
26.60674285001005,177347.484736543,794,1.4018619791666667,13.0,2.0,39.19117647058823,0
26.642776046996005,177347.52076974,795,1.3948372395833333,7.0,2.0,39.19117647058823,0
26.674892091017682,177347.552885784,796,1.3968684895833334,10.0,2.0,39.19117647058823,0
26.70685738499742,177347.584851078,797,1.39828125,8.0,2.0,39.19117647058823,0
26.742770041018957,177347.620763734,798,1.3970638020833333,6.0,2.0,39.19117647058823,0
26.77482283199788,177347.652816525,799,1.3978776041666667,15.0,2.0,39.19117647058823,0
26.80681416700827,177347.68480786,800,1.3909505208333333,8.0,2.0,39.19117647058823,0
26.842757497011917,177347.72075119,801,1.3975846354166668,8.0,2.0,39.19117647058823,0
26.874920380010735,177347.752914073,802,1.3982649739583333,6.0,2.0,39.19117647058823,0
26.906910446996335,177347.78490414,803,1.3997037760416666,5.0,2.0,39.19117647058823,0
26.94276897099917,177347.820762664,804,1.3967545572916666,8.0,2.0,39.19117647058823,0
26.974761846999172,177347.85275554,805,1.3960514322916666,10.0,2.0,39.19117647058823,0
27.01073865001672,177347.888732343,806,1.401484375,8.0,2.0,39.19117647058823,0
27.04275748200598,177347.920751175,807,1.3968619791666668,11.0,2.0,39.19117647058823,0
27.074808535020566,177347.952802228,808,1.3924186197916666,14.0,2.0,39.19117647058823,0
27.110764314013068,177347.988758007,809,2.4624609375,254.0,16.0,39.19117647058823,1
27.14273476001108,177348.020728453,810,1.4620963541666667,12.0,2.0,39.19117647058823,0
27.174810768017778,177348.052804461,811,1.4023567708333333,10.0,2.0,39.19117647058823,0
27.210768339020433,177348.088762032,812,1.4049283854166668,8.0,2.0,39.19117647058823,0
27.24273589401855,177348.120729587,813,1.4052766927083333,6.0,2.0,39.19117647058823,0
27.278709278005408,177348.156702971,814,1.4032845052083334,10.0,2.0,39.19117647058823,0
27.31069770900649,177348.188691402,815,1.39955078125,7.0,2.0,39.19117647058823,0
27.34281525600818,177348.220808949,816,1.404150390625,8.0,2.0,39.19117647058823,0
27.37877482600743,177348.256768519,817,1.4004264322916666,8.0,2.0,39.19117647058823,0
27.410720140993362,177348.288713834,818,1.3995963541666667,8.0,2.0,39.19117647058823,0
27.442726072011283,177348.320719765,819,1.4022200520833332,9.0,2.0,39.19117647058823,0
27.478819200012367,177348.356812893,820,1.4029231770833333,9.0,2.0,39.19117647058823,0
27.510764239006676,177348.388757932,821,1.3976041666666668,10.0,2.0,39.19117647058823,0
27.54281686700415,177348.42081056,822,1.3885709635416668,11.0,2.0,39.19117647058823,0
27.578781574004097,177348.456775267,823,1.39650390625,12.0,2.0,39.19117647058823,0
27.61068924801657,177348.488682941,824,1.3999088541666667,9.0,2.0,39.19117647058823,0
27.646736427006545,177348.52473012,825,1.398447265625,8.0,2.0,39.19117647058823,0
27.67885043201386,177348.556844125,826,1.4007942708333334,10.0,2.0,39.19117647058823,0
27.710707034013467,177348.588700727,827,1.3987337239583333,8.0,2.0,39.19117647058823,0
27.746717289992375,177348.624710983,828,1.3893782552083334,6.0,2.0,39.19117647058823,0
27.77868973801378,177348.656683431,829,1.393583984375,10.0,2.0,39.19117647058823,0
27.81074069501483,177348.688734388,830,1.3941276041666666,8.0,2.0,39.19117647058823,0
27.84675044400501,177348.724744137,831,1.396201171875,10.0,2.0,39.19117647058823,0
27.878709729004186,177348.756703422,832,1.3961328125,9.0,2.0,39.19117647058823,0
27.914725184993586,177348.792718878,833,1.4001888020833333,12.0,2.0,39.19117647058823,0
27.946866704995045,177348.824860398,834,1.4000423177083334,10.0,2.0,39.19117647058823,0
27.97870655101724,177348.856700244,835,1.3909309895833333,8.0,2.0,39.19117647058823,0
28.014727896021213,177348.892721589,836,1.3991080729166667,8.0,2.0,39.19117647058823,0
28.046750978013733,177348.924744671,837,1.3998665364583334,8.0,2.0,39.19117647058823,0
28.07874732199707,177348.956741015,838,1.3968815104166667,8.0,2.0,39.19117647058823,0
28.114757203002227,177348.992750896,839,1.4042936197916667,7.0,2.0,39.19117647058823,0
28.146760052011814,177349.024753745,840,1.3996647135416667,9.0,2.0,39.19117647058823,0
28.17877402700833,177349.05676772,841,1.4003125,8.0,2.0,39.19117647058823,0
28.214722320000874,177349.092716013,842,1.4013704427083333,11.0,2.0,39.19117647058823,0
28.24666661201627,177349.124660305,843,1.39232421875,10.0,2.0,39.19117647058823,0
28.282720421004342,177349.160714114,844,1.3954459635416667,12.0,2.0,39.19117647058823,0
28.314827302005142,177349.192820995,845,1.4016927083333333,8.0,2.0,39.19117647058823,0
28.34673335199477,177349.224727045,846,1.3995377604166668,7.0,2.0,39.19117647058823,0
28.38275731902104,177349.260751012,847,1.4084114583333334,9.0,2.0,39.19117647058823,0
28.414754169993103,177349.292747863,848,1.3963248697916666,15.0,2.0,39.19117647058823,0
28.44672712200554,177349.324720815,849,1.4032552083333334,10.0,2.0,39.19117647058823,0
28.482781605009222,177349.360775298,850,1.40265625,10.0,2.0,39.19117647058823,0
28.51471649299492,177349.392710186,851,1.3985904947916667,10.0,2.0,39.19117647058823,0
28.55074315299862,177349.428736846,852,1.3961686197916667,13.0,2.0,39.19117647058823,0
28.582757082011085,177349.460750775,853,1.3962662760416666,8.0,2.0,39.19117647058823,0
28.614688303001458,177349.492681996,854,1.3931640625,7.0,2.0,39.19117647058823,0
28.650728515000083,177349.528722208,855,1.3944889322916667,8.0,2.0,39.19117647058823,0
28.682759679009905,177349.560753372,856,1.3975813802083332,10.0,2.0,39.19117647058823,0
28.714668505999725,177349.592662199,857,1.4000846354166667,8.0,2.0,39.19117647058823,0
28.750702721008565,177349.628696414,858,1.398603515625,10.0,2.0,39.19117647058823,0
28.782767680007964,177349.660761373,859,1.3953255208333333,6.0,2.0,39.19117647058823,0
28.814765306015033,177349.692758999,860,1.3938411458333333,12.0,2.0,39.19117647058823,0
28.850737383007072,177349.728731076,861,1.390166015625,7.0,2.0,39.19117647058823,0
28.88289072801126,177349.760884421,862,1.4031608072916666,8.0,2.0,39.19117647058823,0
28.918730617006076,177349.79672431,863,1.3984407552083333,8.0,2.0,39.19117647058823,0
28.950721328001237,177349.828715021,864,1.3938151041666667,8.0,2.0,39.19117647058823,0
28.982699593994766,177349.860693287,865,1.3999446614583333,12.0,2.0,39.19117647058823,0
29.01867528099683,177349.896668974,866,1.3884147135416667,6.0,2.0,39.19117647058823,0
29.050725372013403,177349.928719065,867,1.3981770833333333,7.0,2.0,39.19117647058823,0
29.082700046012178,177349.960693739,868,1.40587890625,7.0,2.0,39.19117647058823,0
29.11872234600014,177349.996716039,869,1.3990852864583334,5.0,2.0,39.19117647058823,0
29.150686773005873,177350.028680466,870,1.3909049479166666,8.0,2.0,39.19117647058823,0
29.18672450701706,177350.0647182,871,1.4019205729166666,8.0,2.0,39.19117647058823,0
29.218723230995238,177350.096716924,872,1.545205078125,21.0,5.0,39.19117647058823,0
29.250712620996637,177350.128706314,873,2.4243684895833333,254.0,16.0,39.19117647058823,1
29.286729392013513,177350.164723085,874,1.4212825520833334,10.0,2.0,39.19117647058823,0
29.318737930996576,177350.196731624,875,1.4030436197916667,8.0,2.0,39.19117647058823,0
29.350704703014344,177350.228698396,876,1.3985514322916666,7.0,2.0,39.19117647058823,0
29.3867182660033,177350.264711959,877,1.3895149739583332,9.0,2.0,39.19117647058823,0
29.41872139199404,177350.296715085,878,1.392685546875,6.0,2.0,39.19117647058823,0
29.45081375501468,177350.328807448,879,1.390224609375,16.0,2.0,39.19117647058823,0
29.486746544018388,177350.364740237,880,1.3987141927083333,8.0,2.0,39.19117647058823,0
29.518689829012146,177350.396683522,881,1.3937825520833333,7.0,2.0,39.19117647058823,0
29.554694100021152,177350.432687793,882,1.3880436197916666,9.0,2.0,39.19117647058823,0
29.586729703005403,177350.464723396,883,1.4037109375,8.0,2.0,39.19117647058823,0
29.6187162839924,177350.496709977,884,1.40056640625,7.0,2.0,39.19117647058823,0
29.654749003995676,177350.532742697,885,1.400810546875,8.0,2.0,39.19117647058823,0
29.68674100699718,177350.5647347,886,1.4061263020833332,7.0,2.0,39.19117647058823,0
29.71870532500907,177350.596699018,887,1.4045703125,11.0,2.0,39.19117647058823,0
29.7547399890027,177350.632733682,888,1.3949772135416667,10.0,2.0,39.19117647058823,0
29.78670130899991,177350.664695002,889,1.4035970052083333,10.0,2.0,39.19117647058823,0
29.822899167018477,177350.70089286,890,1.3991048177083334,7.0,2.0,39.19117647058823,0
29.854722501011565,177350.732716194,891,1.4079134114583334,8.0,2.0,39.19117647058823,0
29.88670162600465,177350.764695319,892,1.395732421875,8.0,2.0,39.19117647058823,0
29.92287563101854,177350.800869324,893,1.39994140625,8.0,2.0,39.19117647058823,0
29.95470544201089,177350.832699135,894,1.3968489583333332,6.0,2.0,39.19117647058823,0
29.986704676004592,177350.864698369,895,1.3996061197916667,8.0,2.0,39.19117647058823,0
30.0228771000111,177350.900870793,896,1.4002994791666667,8.0,2.0,39.19117647058823,0
30.054702649009414,177350.932696342,897,1.3988899739583334,7.0,2.0,39.19117647058823,0
30.086718763021054,177350.964712456,898,1.3965169270833333,7.0,2.0,39.19117647058823,0
30.12320669501787,177351.001200388,899,1.3938834635416666,12.0,2.0,39.19117647058823,0
30.154699527018238,177351.03269322,900,1.401259765625,8.0,2.0,39.19117647058823,0
30.19079485000111,177351.068788543,901,1.39978515625,8.0,2.0,39.19117647058823,0
30.22294627901283,177351.100939972,902,1.3951790364583334,9.0,2.0,39.19117647058823,0
30.254691467998782,177351.132685161,903,1.395830078125,11.0,2.0,39.19117647058823,0
30.29079726000782,177351.168790953,904,1.3911295572916667,7.0,2.0,39.19117647058823,0
30.322891338000773,177351.200885031,905,1.4045930989583333,8.0,2.0,39.19117647058823,0
30.354735752014676,177351.232729445,906,1.4062369791666667,10.0,2.0,39.19117647058823,0
30.390825088019483,177351.268818781,907,1.4011881510416666,9.0,2.0,39.19117647058823,0
30.422825723013375,177351.300819416,908,1.39796875,8.0,2.0,39.19117647058823,0
30.45881971399649,177351.336813407,909,1.3935807291666666,8.0,2.0,39.19117647058823,0
30.490777349012205,177351.368771042,910,1.40232421875,13.0,2.0,39.19117647058823,0
30.522835112002213,177351.400828805,911,1.3982389322916666,10.0,2.0,39.19117647058823,0
30.558980511996197,177351.436974205,912,1.3967936197916666,8.0,2.0,39.19117647058823,0
30.590743205015315,177351.468736898,913,1.3980110677083333,6.0,2.0,39.19117647058823,0
30.622745736007346,177351.500739429,914,1.3955110677083333,8.0,2.0,39.19117647058823,0
30.65883471700363,177351.53682841,915,1.40208984375,8.0,2.0,39.19117647058823,0
30.690822197007947,177351.56881589,916,1.3972428385416666,10.0,2.0,39.19117647058823,0
30.72674314500182,177351.604736838,917,1.3978385416666668,9.0,2.0,39.19117647058823,0
30.758861700014677,177351.636855393,918,1.404384765625,9.0,2.0,39.19117647058823,0
30.790749816020252,177351.668743509,919,1.3957486979166667,7.0,2.0,39.19117647058823,0
30.826785145007307,177351.704778838,920,1.3967350260416667,8.0,2.0,39.19117647058823,0
30.858813661005115,177351.736807354,921,1.40169921875,9.0,2.0,39.19117647058823,0
30.89075332900393,177351.768747022,922,1.4017122395833332,8.0,2.0,39.19117647058823,0
30.926784692012006,177351.804778385,923,1.39224609375,13.0,2.0,39.19117647058823,0
30.958834791003028,177351.836828484,924,1.4018098958333334,7.0,2.0,39.19117647058823,0
30.990746832016157,177351.868740525,925,1.396640625,12.0,2.0,39.19117647058823,0
31.02673296802095,177351.904726661,926,1.3995930989583334,8.0,2.0,39.19117647058823,0
31.0587856300117,177351.936779323,927,1.392060546875,6.0,2.0,39.19117647058823,0
31.094875120994402,177351.972868814,928,1.3973046875,7.0,2.0,39.19117647058823,0
31.126822621008614,177352.004816314,929,1.3971451822916667,12.0,2.0,39.19117647058823,0
31.158849814004498,177352.036843507,930,1.39751953125,9.0,2.0,39.19117647058823,0
31.194777141994564,177352.072770835,931,1.3990104166666666,14.0,2.0,39.19117647058823,0
31.22676191001665,177352.104755603,932,1.394150390625,11.0,2.0,39.19117647058823,0
31.258783465018496,177352.136777158,933,1.3951953125,10.0,2.0,39.19117647058823,0
31.294780711992644,177352.172774405,934,1.3975390625,12.0,2.0,39.19117647058823,0
31.326842069014674,177352.204835762,935,1.3966731770833334,7.0,2.0,39.19117647058823,0
31.36275903900969,177352.240752732,936,1.3951595052083334,9.0,2.0,39.19117647058823,0
31.39472811599262,177352.272721809,937,1.398408203125,9.0,2.0,39.19117647058823,0
31.42671707100817,177352.304710764,938,2.4659016927083335,254.0,16.0,39.19117647058823,1
31.462806914001703,177352.340800607,939,1.4864876302083334,10.0,2.0,39.19117647058823,0
31.494742800015956,177352.372736493,940,1.4060091145833333,11.0,2.0,39.19117647058823,0
31.52676504800911,177352.404758741,941,1.40173828125,8.0,2.0,39.19117647058823,0
31.562731214013183,177352.440724907,942,1.393134765625,10.0,2.0,39.19117647058823,0
31.59475506801391,177352.472748761,943,1.40064453125,8.0,2.0,39.19117647058823,0
31.626724567002384,177352.50471826,944,1.402138671875,15.0,2.0,39.19117647058823,0
31.66273315899889,177352.540726852,945,1.4015690104166667,8.0,2.0,39.19117647058823,0
31.694763762992807,177352.572757456,946,1.4060123697916667,8.0,2.0,39.19117647058823,0
31.73070892400574,177352.608702617,947,1.3969498697916667,9.0,2.0,39.19117647058823,0
31.76275793800596,177352.640751631,948,1.394140625,12.0,2.0,39.19117647058823,0
31.794701890001306,177352.672695583,949,1.3982649739583333,8.0,2.0,39.19117647058823,0
31.83089865601505,177352.708892349,950,1.4049186197916668,9.0,2.0,39.19117647058823,0
31.862749690015335,177352.740743383,951,1.3972493489583333,12.0,2.0,39.19117647058823,0
31.894771109014982,177352.772764802,952,1.397255859375,8.0,2.0,39.19117647058823,0
31.930771251994884,177352.808764945,953,1.402275390625,6.0,2.0,39.19117647058823,0
31.962798298016423,177352.840791991,954,1.4035416666666667,8.0,2.0,39.19117647058823,0
31.99875634800992,177352.876750041,955,1.386767578125,16.0,2.0,39.19117647058823,0
32.030782178015215,177352.908775871,956,1.3918489583333333,10.0,2.0,39.19117647058823,0
32.06273056200007,177352.940724255,957,1.3973860677083334,7.0,2.0,39.19117647058823,0
32.09874128899537,177352.976734982,958,1.4064388020833334,7.0,2.0,39.19117647058823,0
32.130787850008346,177353.008781543,959,1.404951171875,17.0,2.0,39.19117647058823,0
32.16275253001368,177353.040746223,960,1.39990234375,10.0,2.0,39.19117647058823,0
32.198786027001915,177353.07677972,961,1.3959733072916667,9.0,2.0,39.19117647058823,0
32.23076612400473,177353.108759817,962,1.399384765625,15.0,2.0,39.19117647058823,0
32.262849220016506,177353.140842913,963,1.393515625,7.0,2.0,39.19117647058823,0
32.29877678101184,177353.176770474,964,1.3940201822916667,10.0,2.0,39.19117647058823,0
32.33072190001258,177353.208715593,965,1.3876204427083334,8.0,2.0,39.19117647058823,0
32.366790660016704,177353.244784353,966,1.390166015625,12.0,2.0,39.19117647058823,0
32.39879120601108,177353.276784899,967,1.3923828125,16.0,2.0,39.19117647058823,0
32.43072562201996,177353.308719315,968,1.398681640625,10.0,2.0,39.19117647058823,0
32.46674048801651,177353.344734181,969,1.3963509114583332,6.0,2.0,39.19117647058823,0
32.49877207400277,177353.376765767,970,1.40994140625,14.0,2.0,39.19117647058823,0
32.530748165008845,177353.408741858,971,1.3975911458333334,11.0,2.0,39.19117647058823,0
32.56677083601244,177353.444764529,972,1.4011263020833333,9.0,2.0,39.19117647058823,0
32.59878457299783,177353.476778266,973,1.4014290364583333,6.0,2.0,39.19117647058823,0
32.63475361399469,177353.512747307,974,1.39861328125,7.0,2.0,39.19117647058823,0
32.66677016302128,177353.544763856,975,1.3997330729166666,7.0,2.0,39.19117647058823,0
32.69872414399288,177353.576717837,976,1.398271484375,9.0,2.0,39.19117647058823,0
32.734749600000214,177353.612743293,977,1.4044563802083334,10.0,2.0,39.19117647058823,0
32.76676866700291,177353.64476236,978,1.4015885416666667,10.0,2.0,39.19117647058823,0
32.798725877015386,177353.67671957,979,1.4071126302083334,9.0,2.0,39.19117647058823,0
32.834800142009044,177353.712793835,980,1.395439453125,10.0,2.0,39.19117647058823,0
32.866744358994765,177353.744738052,981,1.399658203125,12.0,2.0,39.19117647058823,0
32.89869168199948,177353.776685375,982,1.39953125,7.0,2.0,39.19117647058823,0
32.934756089001894,177353.812749782,983,1.39525390625,8.0,2.0,39.19117647058823,0
32.966719574003946,177353.844713267,984,1.3979231770833334,8.0,2.0,39.19117647058823,0
33.00273158401251,177353.880725277,985,1.3984049479166667,8.0,2.0,39.19117647058823,0
33.03475799399894,177353.912751687,986,1.3995703125,8.0,2.0,39.19117647058823,0
33.06668670201907,177353.944680395,987,1.394501953125,8.0,2.0,39.19117647058823,0
33.10271324799396,177353.980706941,988,1.4026106770833333,8.0,2.0,39.19117647058823,0
33.13475902000209,177354.012752713,989,1.4030826822916667,12.0,2.0,39.19117647058823,0
33.166730388998985,177354.044724082,990,1.3936067708333333,8.0,2.0,39.19117647058823,0
33.20270789199276,177354.080701585,991,1.402900390625,12.0,2.0,39.19117647058823,0
33.234777608013246,177354.112771301,992,1.4050358072916667,6.0,2.0,39.19117647058823,0
33.27075265199528,177354.148746345,993,1.4008430989583334,13.0,2.0,39.19117647058823,0
33.30278727199766,177354.180780965,994,1.39376953125,8.0,2.0,39.19117647058823,0
33.334720148006454,177354.212713841,995,1.4026171875,6.0,2.0,39.19117647058823,0
33.37078866301454,177354.248782356,996,1.3896028645833334,10.0,2.0,39.19117647058823,0
33.402743607002776,177354.2807373,997,1.394189453125,12.0,2.0,39.19117647058823,0
33.43473474099301,177354.312728434,998,1.4020703125,9.0,2.0,39.19117647058823,0
33.47076526901219,177354.348758962,999,1.3977180989583333,11.0,2.0,39.19117647058823,0
33.50469268701272,177354.38268638,1000,1.3917936197916667,7.0,2.0,39.19117647058823,0
33.53708630101755,177354.415079994,1001,1.3904915364583332,6.0,2.0,39.19117647058823,0
33.5715279809956,177354.449521674,1002,2.420690104166667,254.0,16.0,39.19117647058823,1
33.602718728012405,177354.480712421,1003,1.8666471354166667,253.0,7.0,39.19117647058823,1
33.63878171300166,177354.516775406,1004,1.3971354166666667,6.0,2.0,39.19117647058823,0
33.67079354100861,177354.548787234,1005,1.3975911458333334,6.0,2.0,39.19117647058823,0
33.70276250000461,177354.580756193,1006,1.401943359375,12.0,2.0,39.19117647058823,0
33.738748233998194,177354.616741927,1007,1.39162109375,9.0,2.0,39.19117647058823,0
33.77078805101337,177354.648781744,1008,1.4036263020833333,5.0,2.0,39.19117647058823,0
33.802772524999455,177354.680766218,1009,1.39970703125,8.0,2.0,39.19117647058823,0
33.83875462299329,177354.716748316,1010,1.3993684895833334,12.0,2.0,39.19117647058823,0
33.870809921994805,177354.748803615,1011,1.399619140625,7.0,2.0,39.19117647058823,0
33.9068895370001,177354.78488323,1012,1.3974837239583333,13.0,2.0,39.19117647058823,0
33.93879724200815,177354.816790935,1013,1.397509765625,7.0,2.0,39.19117647058823,0
33.97071847700863,177354.84871217,1014,1.39583984375,12.0,2.0,39.19117647058823,0
34.006859799992526,177354.884853493,1015,1.4067903645833333,8.0,2.0,39.19117647058823,0
34.03880989502068,177354.916803588,1016,1.3976920572916667,8.0,2.0,39.19117647058823,0
34.07069078000495,177354.948684473,1017,1.402900390625,12.0,2.0,39.19117647058823,0
34.106849975010846,177354.984843668,1018,1.3852278645833334,10.0,2.0,39.19117647058823,0
34.13876187099959,177355.016755564,1019,1.4013671875,10.0,2.0,39.19117647058823,0
34.17075911600841,177355.048752809,1020,1.401953125,10.0,2.0,39.19117647058823,0
34.2068784860021,177355.084872179,1021,1.3913639322916667,8.0,2.0,39.19117647058823,0
34.238736831001006,177355.116730524,1022,1.3926106770833333,8.0,2.0,39.19117647058823,0
34.274765053996816,177355.152758747,1023,1.4000227864583332,13.0,2.0,39.19117647058823,0
34.3069390229939,177355.184932716,1024,1.4000455729166668,14.0,2.0,39.19117647058823,0
34.33873488701647,177355.21672858,1025,1.3935514322916667,7.0,2.0,39.19117647058823,0
34.37480200000573,177355.252795693,1026,1.407529296875,9.0,2.0,39.19117647058823,0
34.40696644000127,177355.284960133,1027,1.3999479166666666,8.0,2.0,39.19117647058823,0
34.43876993199228,177355.316763625,1028,1.3995149739583332,9.0,2.0,39.19117647058823,0
34.47484167301445,177355.352835366,1029,1.39541015625,15.0,2.0,39.19117647058823,0
34.50690268800827,177355.384896381,1030,1.39615234375,8.0,2.0,39.19117647058823,0
34.542831702012336,177355.420825395,1031,1.3920572916666667,6.0,2.0,39.19117647058823,0
34.574766093021026,177355.452759786,1032,1.3970865885416666,8.0,2.0,39.19117647058823,0
34.606875925994245,177355.484869619,1033,1.3933984375,11.0,2.0,39.19117647058823,0
34.64286995201837,177355.520863645,1034,1.3973079427083333,6.0,2.0,39.19117647058823,0
34.6748424039979,177355.552836097,1035,1.4043424479166666,11.0,2.0,39.19117647058823,0
34.70688856500783,177355.584882258,1036,1.400068359375,16.0,2.0,39.19117647058823,0
34.7427869940002,177355.620780687,1037,1.39734375,9.0,2.0,39.19117647058823,0
34.77478902699659,177355.65278272,1038,1.4056640625,10.0,2.0,39.19117647058823,0
34.80686455301475,177355.684858246,1039,1.4046256510416666,8.0,2.0,39.19117647058823,0
34.84285984601593,177355.720853539,1040,1.4043359375,14.0,2.0,39.19117647058823,0
34.87488076201407,177355.752874455,1041,1.3977604166666666,8.0,2.0,39.19117647058823,0
34.910854806017596,177355.788848499,1042,1.39716796875,6.0,2.0,39.19117647058823,0
34.94282798000495,177355.820821673,1043,1.4026139322916666,7.0,2.0,39.19117647058823,0
34.9747804950166,177355.852774188,1044,1.4017317708333332,9.0,2.0,39.19117647058823,0
35.01087213002029,177355.888865823,1045,1.3979524739583333,14.0,2.0,39.19117647058823,0
35.04286475799745,177355.920858451,1046,1.4007421875,8.0,2.0,39.19117647058823,0
35.074732756998856,177355.95272645,1047,1.4012890625,9.0,2.0,39.19117647058823,0
35.11090385299758,177355.988897546,1048,1.4069010416666667,10.0,2.0,39.19117647058823,0
35.1428907510126,177356.020884444,1049,1.383994140625,12.0,2.0,39.19117647058823,0
35.17881057201885,177356.056804265,1050,1.39904296875,13.0,2.0,39.19117647058823,0
35.21085068199318,177356.088844375,1051,1.4001953125,10.0,2.0,39.19117647058823,0
35.242827425012365,177356.120821118,1052,1.3996321614583334,10.0,2.0,39.19117647058823,0
35.278817668993725,177356.156811362,1053,1.392685546875,13.0,2.0,39.19117647058823,0
35.31087242101785,177356.188866114,1054,1.4045279947916667,9.0,2.0,39.19117647058823,0
35.342783372994745,177356.220777066,1055,1.39890625,8.0,2.0,39.19117647058823,0
35.37879358200007,177356.256787275,1056,1.3930533854166667,7.0,2.0,39.19117647058823,0
35.410823601006996,177356.288817294,1057,1.4537760416666667,14.0,3.0,39.19117647058823,0
35.4428354120173,177356.320829105,1058,2.4672526041666667,254.0,16.0,39.19117647058823,1
35.47884222000721,177356.356835913,1059,1.4462141927083334,13.0,2.0,39.19117647058823,0
35.51080906300922,177356.388802756,1060,1.4010546875,8.0,2.0,39.19117647058823,0
35.546756254014326,177356.424749947,1061,1.395751953125,10.0,2.0,39.19117647058823,0
35.578831559018,177356.456825252,1062,1.3953678385416666,8.0,2.0,39.19117647058823,0
35.610801753005944,177356.488795446,1063,1.393408203125,8.0,2.0,39.19117647058823,0
35.64678262601956,177356.524776319,1064,1.401982421875,10.0,2.0,39.19117647058823,0
35.67879564300529,177356.556789336,1065,1.393408203125,11.0,2.0,39.19117647058823,0
35.71076632599579,177356.588760019,1066,1.4025618489583334,9.0,2.0,39.19117647058823,0
35.74683881501551,177356.624832508,1067,1.3954557291666667,6.0,2.0,39.19117647058823,0
35.77884480799548,177356.656838501,1068,1.403671875,15.0,2.0,39.19117647058823,0
35.814818646002095,177356.692812339,1069,1.3984928385416666,10.0,2.0,39.19117647058823,0
35.84679273801157,177356.724786431,1070,1.3980729166666668,8.0,2.0,39.19117647058823,0
35.87876269299886,177356.756756386,1071,1.4032649739583334,12.0,2.0,39.19117647058823,0
35.9147586869949,177356.79275238,1072,1.397978515625,8.0,2.0,39.19117647058823,0
35.946821863006335,177356.824815556,1073,1.397578125,10.0,2.0,39.19117647058823,0
35.978769295994425,177356.856762989,1074,1.4032063802083334,12.0,2.0,39.19117647058823,0
36.0148209159961,177356.892814609,1075,1.390595703125,9.0,2.0,39.19117647058823,0
36.04679042799398,177356.924784121,1076,1.3958203125,5.0,2.0,39.19117647058823,0
36.07880680801463,177356.956800501,1077,1.3949055989583334,8.0,2.0,39.19117647058823,0
36.11480870799278,177356.992802401,1078,1.39958984375,10.0,2.0,39.19117647058823,0
36.146774836000986,177357.024768529,1079,1.397783203125,8.0,2.0,39.19117647058823,0
36.18280566501198,177357.060799358,1080,1.3985514322916666,8.0,2.0,39.19117647058823,0
36.21481403399957,177357.092807727,1081,1.397568359375,10.0,2.0,39.19117647058823,0
36.24736117600696,177357.125354869,1082,1.41279296875,8.0,2.0,39.19117647058823,0
36.28278685500845,177357.160780548,1083,1.405546875,9.0,2.0,39.19117647058823,0
36.31476030801423,177357.192754001,1084,1.3969498697916667,12.0,2.0,39.19117647058823,0
36.34676091201254,177357.224754605,1085,1.3929427083333332,8.0,2.0,39.19117647058823,0
36.382787016016664,177357.260780709,1086,1.3973111979166666,6.0,2.0,39.19117647058823,0
36.41479740801151,177357.292791101,1087,1.3966959635416667,6.0,2.0,39.19117647058823,0
36.45081458700588,177357.32880828,1088,1.4006868489583333,18.0,2.0,39.19117647058823,0
36.482797138014575,177357.360790831,1089,1.4015104166666668,10.0,2.0,39.19117647058823,0
36.51476764201652,177357.392761335,1090,1.39681640625,10.0,2.0,39.19117647058823,0
36.550774180010194,177357.428767873,1091,1.38849609375,7.0,2.0,39.19117647058823,0
36.58282773802057,177357.460821431,1092,1.4010611979166667,15.0,2.0,39.19117647058823,0
36.614777889015386,177357.492771582,1093,1.4025390625,11.0,2.0,39.19117647058823,0
36.65078683901811,177357.528780532,1094,1.4010904947916667,10.0,2.0,39.19117647058823,0
36.68278120999457,177357.560774903,1095,1.3966959635416667,8.0,2.0,39.19117647058823,0
36.71475189499324,177357.592745588,1096,1.3953743489583332,10.0,2.0,39.19117647058823,0
36.75084344801144,177357.628837141,1097,1.39392578125,9.0,2.0,39.19117647058823,0
36.782750215003034,177357.660743908,1098,1.3916959635416666,8.0,2.0,39.19117647058823,0
36.818770380021306,177357.696764073,1099,1.3981184895833334,6.0,2.0,39.19117647058823,0
36.850803503009956,177357.728797196,1100,1.3984798177083333,12.0,2.0,39.19117647058823,0
36.88274467701558,177357.76073837,1101,1.4010286458333334,8.0,2.0,39.19117647058823,0
36.91885205201106,177357.796845745,1102,1.3997623697916666,8.0,2.0,39.19117647058823,0
36.95085482901777,177357.828848522,1103,1.387919921875,12.0,2.0,39.19117647058823,0
36.982790848996956,177357.860784542,1104,1.3958203125,7.0,2.0,39.19117647058823,0
37.01882552000461,177357.896819213,1105,1.3974739583333333,10.0,2.0,39.19117647058823,0
37.050873500993475,177357.928867194,1106,1.3930078125,7.0,2.0,39.19117647058823,0
37.08685637501185,177357.964850068,1107,1.395419921875,9.0,2.0,39.19117647058823,0
37.11884934801492,177357.996843041,1108,1.3948860677083332,8.0,2.0,39.19117647058823,0
37.1508104710083,177358.028804164,1109,1.3922526041666667,9.0,2.0,39.19117647058823,0
37.186823519004975,177358.064817212,1110,1.404541015625,7.0,2.0,39.19117647058823,0
37.21888640100951,177358.096880094,1111,1.3987434895833333,8.0,2.0,39.19117647058823,0
37.250775184016675,177358.128768877,1112,1.4488639322916668,13.0,3.0,39.19117647058823,0
37.28679699701024,177358.16479069,1113,2.4630110677083334,254.0,16.0,39.19117647058823,1
37.31884882799932,177358.196842521,1114,1.4489518229166667,11.0,2.0,39.19117647058823,0
37.35091787899728,177358.228911572,1115,1.4021875,8.0,2.0,39.19117647058823,0
37.38696676201653,177358.264960455,1116,1.3964583333333334,7.0,2.0,39.19117647058823,0
37.41889707100927,177358.296890764,1117,1.401708984375,8.0,2.0,39.19117647058823,0
37.454863276012475,177358.332856969,1118,1.3984765625,7.0,2.0,39.19117647058823,0
37.48688725399552,177358.364880947,1119,1.3997330729166666,10.0,2.0,39.19117647058823,0
37.51878029099316,177358.396773984,1120,1.3983756510416667,9.0,2.0,39.19117647058823,0
37.55493190701236,177358.4329256,1121,1.3975130208333333,10.0,2.0,39.19117647058823,0
37.586991198011674,177358.464984891,1122,1.40162109375,12.0,2.0,39.19117647058823,0
37.61884944399935,177358.496843137,1123,1.3999837239583333,10.0,2.0,39.19117647058823,0
37.65487898801803,177358.532872681,1124,1.399326171875,8.0,2.0,39.19117647058823,0
37.68690173100913,177358.564895424,1125,1.393515625,10.0,2.0,39.19117647058823,0
37.723503354995046,177358.601497048,1126,1.3932682291666667,10.0,2.0,39.19117647058823,0
37.754853217018535,177358.63284691,1127,1.3932454427083334,7.0,2.0,39.19117647058823,0
37.7868033980194,177358.664797091,1128,1.3980045572916666,14.0,2.0,39.19117647058823,0
37.82287204201566,177358.700865735,1129,1.3967122395833333,6.0,2.0,39.19117647058823,0
37.854851173993666,177358.732844867,1130,1.3954720052083334,10.0,2.0,39.19117647058823,0
37.88685482100118,177358.764848514,1131,1.3962337239583333,8.0,2.0,39.19117647058823,0
37.92286819900619,177358.800861892,1132,1.398955078125,9.0,2.0,39.19117647058823,0
37.95489468201413,177358.832888375,1133,1.3981217447916667,11.0,2.0,39.19117647058823,0
37.9868611379934,177358.864854831,1134,1.3950260416666667,8.0,2.0,39.19117647058823,0
38.02282152301632,177358.900815216,1135,1.391943359375,8.0,2.0,39.19117647058823,0
38.05482595801004,177358.932819651,1136,1.3991861979166667,11.0,2.0,39.19117647058823,0
38.091357401019195,177358.969351094,1137,1.4011751302083333,8.0,2.0,39.19117647058823,0
38.12297186400974,177359.000965557,1138,1.39076171875,13.0,2.0,39.19117647058823,0
38.1548346359923,177359.032828329,1139,1.39759765625,8.0,2.0,39.19117647058823,0
38.19094160100212,177359.068935294,1140,1.3918522135416667,8.0,2.0,39.19117647058823,0
38.223702895018505,177359.101696588,1141,1.4007063802083333,6.0,2.0,39.19117647058823,0
38.25484831901849,177359.132842012,1142,1.3969173177083334,6.0,2.0,39.19117647058823,0
38.29087936601718,177359.168873059,1143,1.3947916666666667,8.0,2.0,39.19117647058823,0
38.3229192130093,177359.200912906,1144,1.390595703125,9.0,2.0,39.19117647058823,0
38.359131239994895,177359.237124933,1145,1.3922526041666667,10.0,2.0,39.19117647058823,0
38.391542496014154,177359.269536189,1146,1.3979427083333333,9.0,2.0,39.19117647058823,0
38.42283399502048,177359.300827688,1147,1.3990852864583334,12.0,2.0,39.19117647058823,0
38.45903600199381,177359.337029695,1148,1.40541015625,10.0,2.0,39.19117647058823,0
38.49107088401797,177359.369064577,1149,1.4054557291666667,10.0,2.0,39.19117647058823,0
38.522895293019246,177359.400888986,1150,1.3966796875,8.0,2.0,39.19117647058823,0
38.559179680014495,177359.437173373,1151,1.3972819010416666,10.0,2.0,39.19117647058823,0
38.59091395800351,177359.468907651,1152,1.4005501302083334,9.0,2.0,39.19117647058823,0
38.62278672301909,177359.500780416,1153,1.3994694010416666,12.0,2.0,39.19117647058823,0
38.65894310499425,177359.536936798,1154,1.3949609375,8.0,2.0,39.19117647058823,0
38.690820857998915,177359.568814551,1155,1.404541015625,8.0,2.0,39.19117647058823,0
38.72702422601287,177359.605017919,1156,1.396982421875,15.0,2.0,39.19117647058823,0
38.75907159500639,177359.637065288,1157,1.39955078125,7.0,2.0,39.19117647058823,0
38.79083639400778,177359.668830087,1158,1.3949674479166667,9.0,2.0,39.19117647058823,0
38.827050035004504,177359.705043728,1159,1.40083984375,9.0,2.0,39.19117647058823,0
38.858914280019235,177359.736907973,1160,1.3995442708333334,6.0,2.0,39.19117647058823,0
38.890876246005064,177359.768869939,1161,1.4032649739583334,8.0,2.0,39.19117647058823,0
38.92696443400928,177359.804958127,1162,1.39185546875,6.0,2.0,39.19117647058823,0
38.9590220710088,177359.837015764,1163,1.3983040364583332,6.0,2.0,39.19117647058823,0
38.99490587701439,177359.87289957,1164,1.3936686197916666,11.0,2.0,39.19117647058823,0
39.0270411070087,177359.9050348,1165,1.3991178385416667,7.0,2.0,39.19117647058823,0
39.05890048100264,177359.936894174,1166,1.4036848958333332,12.0,2.0,39.19117647058823,0
39.09576914701029,177359.97376284,1167,1.3959602864583334,10.0,2.0,39.19117647058823,0
39.12764145701658,177360.00563515,1168,1.4104166666666667,12.0,2.0,39.19117647058823,0
39.16019993199734,177360.038193625,1169,1.4037890625,5.0,2.0,39.19117647058823,0
39.19555360300001,177360.073547296,1170,1.400498046875,9.0,2.0,39.19117647058823,0
39.22724003600888,177360.105233729,1171,2.380221354166667,254.0,16.0,39.19117647058823,1
39.25897160501336,177360.136965298,1172,2.320830078125,254.0,15.0,39.19117647058823,1
39.29497423299472,177360.172967926,1173,1.4074772135416667,12.0,2.0,39.19117647058823,0
39.326995836017886,177360.204989529,1174,1.393515625,11.0,2.0,39.19117647058823,0
39.36302717399667,177360.241020867,1175,1.4031315104166666,9.0,2.0,39.19117647058823,0
39.395035866997205,177360.27302956,1176,1.3967838541666666,8.0,2.0,39.19117647058823,0
39.42699333099881,177360.304987024,1177,1.392900390625,11.0,2.0,39.19117647058823,0
39.463004399993224,177360.340998093,1178,1.3977213541666667,9.0,2.0,39.19117647058823,0
39.49499755099532,177360.372991244,1179,1.3961295572916668,11.0,2.0,39.19117647058823,0
39.52693826201721,177360.404931955,1180,1.4060319010416666,8.0,2.0,39.19117647058823,0
39.56295078800758,177360.440944481,1181,1.3962890625,6.0,2.0,39.19117647058823,0
39.5949722439982,177360.472965937,1182,1.4078255208333332,9.0,2.0,39.19117647058823,0
39.63093803400989,177360.508931727,1183,1.3998209635416667,10.0,2.0,39.19117647058823,0
39.66295403501135,177360.540947728,1184,1.3949446614583334,5.0,2.0,39.19117647058823,0
39.69492859899765,177360.572922292,1185,1.4003190104166667,7.0,2.0,39.19117647058823,0
39.730987268005265,177360.608980961,1186,1.3970768229166666,13.0,2.0,39.19117647058823,0
39.76294044702081,177360.64093414,1187,1.3973307291666666,8.0,2.0,39.19117647058823,0
39.79490823901142,177360.672901932,1188,1.4059114583333334,8.0,2.0,39.19117647058823,0
39.830972423020285,177360.708966116,1189,1.4014322916666666,7.0,2.0,39.19117647058823,0
39.8629379030026,177360.740931596,1190,1.4038509114583333,8.0,2.0,39.19117647058823,0
39.89495717099635,177360.772950864,1191,1.39416015625,14.0,2.0,39.19117647058823,0
39.930936415999895,177360.808930109,1192,1.3953515625,6.0,2.0,39.19117647058823,0
39.962879305006936,177360.840872998,1193,1.3980045572916666,7.0,2.0,39.19117647058823,0
39.99892423101119,177360.876917924,1194,1.3974544270833333,9.0,2.0,39.19117647058823,0
40.0402205910068,177360.918214284,1195,1.40208984375,10.0,2.0,39.19117647058823,0
40.06302014700486,177360.94101384,1196,1.4031868489583332,10.0,2.0,39.19117647058823,0
40.09900174799259,177360.976995441,1197,1.3973372395833332,10.0,2.0,39.19117647058823,0
40.13093447100255,177361.008928164,1198,1.4041438802083333,17.0,2.0,39.19117647058823,0
40.162887397018494,177361.04088109,1199,1.3948470052083333,7.0,2.0,39.19117647058823,0
40.19893179801875,177361.076925491,1200,1.4009440104166666,8.0,2.0,39.19117647058823,0
40.230899037007475,177361.10889273,1201,1.39884765625,9.0,2.0,39.19117647058823,0
40.26695010100957,177361.144943794,1202,1.39990234375,10.0,2.0,39.19117647058823,0
40.298982606007485,177361.176976299,1203,1.4022330729166668,7.0,2.0,39.19117647058823,0
40.33095699999831,177361.208950693,1204,1.4015494791666667,14.0,2.0,39.19117647058823,0
40.36704438601737,177361.245038079,1205,1.3952766927083333,13.0,2.0,39.19117647058823,0
40.39892105900799,177361.276914752,1206,1.3976106770833334,12.0,2.0,39.19117647058823,0
40.430987503001234,177361.308981196,1207,1.39767578125,8.0,2.0,39.19117647058823,0
40.466885040019406,177361.344878733,1208,1.3924967447916667,10.0,2.0,39.19117647058823,0
40.498949949018424,177361.376943642,1209,1.395263671875,9.0,2.0,39.19117647058823,0
40.53089538399945,177361.408889077,1210,1.39708984375,8.0,2.0,39.19117647058823,0
40.566849547001766,177361.44484324,1211,1.3967708333333333,8.0,2.0,39.19117647058823,0
40.59881931901327,177361.476813012,1212,1.393779296875,11.0,2.0,39.19117647058823,0
40.63486954200198,177361.512863235,1213,1.3994694010416666,7.0,2.0,39.19117647058823,0
40.666951046994654,177361.54494474,1214,1.3956901041666667,7.0,2.0,39.19117647058823,0
40.69893191900337,177361.576925612,1215,1.4043359375,10.0,2.0,39.19117647058823,0
40.73491130801267,177361.612905001,1216,1.3982421875,11.0,2.0,39.19117647058823,0
40.76690671601682,177361.644900409,1217,1.4028352864583333,10.0,2.0,39.19117647058823,0
40.79887332601356,177361.676867019,1218,1.3949251302083334,8.0,2.0,39.19117647058823,0
40.834908720018575,177361.712902413,1219,1.3972102864583333,12.0,2.0,39.19117647058823,0
40.866918390005594,177361.744912083,1220,1.4042610677083334,8.0,2.0,39.19117647058823,0
40.902882763999514,177361.780876457,1221,1.3942513020833334,8.0,2.0,39.19117647058823,0
40.9348787520139,177361.812872445,1222,1.4052962239583333,10.0,2.0,39.19117647058823,0
40.96690753402072,177361.844901227,1223,1.3968815104166667,9.0,2.0,39.19117647058823,0
41.00287048899918,177361.880864182,1224,1.3998502604166667,14.0,2.0,39.19117647058823,0
41.03485687301145,177361.912850566,1225,1.4068619791666668,7.0,2.0,39.19117647058823,0
41.066894009010866,177361.944887702,1226,1.3984602864583333,8.0,2.0,39.19117647058823,0
41.10287067401805,177361.980864367,1227,1.396259765625,15.0,2.0,39.19117647058823,0
41.13492404401768,177362.012917737,1228,1.4014876302083332,12.0,2.0,39.19117647058823,0
41.1669175279967,177362.044911221,1229,1.490048828125,16.0,3.0,39.19117647058823,0
41.20297134001157,177362.080965033,1230,2.4187858072916666,254.0,16.0,39.19117647058823,1
41.23494689600193,177362.112940589,1231,1.4312630208333332,9.0,2.0,39.19117647058823,0
41.27088252399699,177362.148876217,1232,1.4100911458333334,12.0,2.0,39.19117647058823,0
41.30287625401979,177362.180869947,1233,1.39958984375,7.0,2.0,39.19117647058823,0
41.334846711019054,177362.212840404,1234,1.400966796875,9.0,2.0,39.19117647058823,0
41.370990808005445,177362.248984501,1235,1.394765625,9.0,2.0,39.19117647058823,0
41.40295999101363,177362.280953684,1236,1.390693359375,8.0,2.0,39.19117647058823,0
41.43492662999779,177362.312920323,1237,1.3942805989583333,11.0,2.0,39.19117647058823,0
41.47089004001464,177362.348883733,1238,1.3976627604166667,8.0,2.0,39.19117647058823,0
41.502862888999516,177362.380856582,1239,1.40177734375,9.0,2.0,39.19117647058823,0
41.53886051100562,177362.416854204,1240,1.3988020833333332,12.0,2.0,39.19117647058823,0
41.57102761999704,177362.449021313,1241,1.3924674479166668,13.0,2.0,39.19117647058823,0
41.6029617000022,177362.480955393,1242,1.40365234375,8.0,2.0,39.19117647058823,0
41.63889799700701,177362.51689169,1243,1.3915104166666667,7.0,2.0,39.19117647058823,0
41.670918035000795,177362.548911728,1244,1.4030696614583333,13.0,2.0,39.19117647058823,0
41.70295185301802,177362.580945546,1245,1.3994954427083333,10.0,2.0,39.19117647058823,0
41.73886908500572,177362.616862778,1246,1.399736328125,8.0,2.0,39.19117647058823,0
41.770861963013886,177362.648855656,1247,1.39732421875,9.0,2.0,39.19117647058823,0
41.80285875801928,177362.680852451,1248,1.4013541666666667,8.0,2.0,39.19117647058823,0
41.83904333101236,177362.717037024,1249,1.3998111979166667,12.0,2.0,39.19117647058823,0
41.87089464601013,177362.748888339,1250,1.398251953125,6.0,2.0,39.19117647058823,0
41.90688784600934,177362.784881539,1251,1.4078125,10.0,2.0,39.19117647058823,0
41.93893284301157,177362.816926536,1252,1.393828125,10.0,2.0,39.19117647058823,0
41.9708806980052,177362.848874391,1253,1.40107421875,7.0,2.0,39.19117647058823,0
42.006988289009314,177362.884981982,1254,1.405009765625,8.0,2.0,39.19117647058823,0
42.03889044400421,177362.916884137,1255,1.4078678385416667,12.0,2.0,39.19117647058823,0
42.07084582699463,177362.94883952,1256,1.387001953125,9.0,2.0,39.19117647058823,0
42.106892392999725,177362.984886086,1257,1.3966015625,7.0,2.0,39.19117647058823,0
42.13884150001104,177363.016835193,1258,1.3999088541666667,6.0,2.0,39.19117647058823,0
42.17487620000611,177363.052869893,1259,1.4029166666666666,11.0,2.0,39.19117647058823,0
42.20724602101836,177363.085239714,1260,1.3981640625,12.0,2.0,39.19117647058823,0
42.23883347399533,177363.116827167,1261,1.3962369791666667,6.0,2.0,39.19117647058823,0
42.27485718400567,177363.152850877,1262,1.3977506510416666,10.0,2.0,39.19117647058823,0
42.30690842799959,177363.184902121,1263,1.4058528645833333,8.0,2.0,39.19117647058823,0
42.33887460900587,177363.216868302,1264,1.3945703125,13.0,2.0,39.19117647058823,0
42.37515744101256,177363.253151134,1265,1.4031901041666666,8.0,2.0,39.19117647058823,0
42.40696689300239,177363.284960586,1266,1.4001041666666667,9.0,2.0,39.19117647058823,0
42.44124264799757,177363.319236341,1267,1.3886100260416667,9.0,2.0,39.19117647058823,0
42.48645277399919,177363.364446467,1268,1.392236328125,7.0,2.0,39.19117647058823,0
42.50865473499289,177363.386648428,1269,1.396875,13.0,2.0,39.19117647058823,0
42.544020658999216,177363.422014352,1270,1.3992805989583332,10.0,2.0,39.19117647058823,0
42.57508787201368,177363.453081565,1271,1.4005403645833334,12.0,2.0,39.19117647058823,0
42.60688549501356,177363.484879188,1272,1.3970377604166666,10.0,2.0,39.19117647058823,0
42.6429983600101,177363.520992053,1273,1.3934602864583334,9.0,2.0,39.19117647058823,0
42.67492829100229,177363.552921984,1274,1.3992643229166666,9.0,2.0,39.19117647058823,0
42.70750081000733,177363.585494503,1275,1.392705078125,9.0,2.0,39.19117647058823,0
42.743029063014546,177363.621022756,1276,1.4005533854166667,9.0,2.0,39.19117647058823,0
42.77489909500582,177363.652892788,1277,1.398017578125,9.0,2.0,39.19117647058823,0
42.81094047499937,177363.688934168,1278,1.4047135416666667,7.0,2.0,39.19117647058823,0
42.84290018200409,177363.720893875,1279,1.4006608072916666,11.0,2.0,39.19117647058823,0
42.87505292400601,177363.753046617,1280,1.3994368489583333,8.0,2.0,39.19117647058823,0
42.91095392900752,177363.788947622,1281,1.391611328125,15.0,2.0,39.19117647058823,0
42.94309703601175,177363.821090729,1282,1.393271484375,12.0,2.0,39.19117647058823,0
42.97487536200788,177363.852869055,1283,1.3976302083333334,8.0,2.0,39.19117647058823,0
43.010983404004946,177363.888977097,1284,1.3961588541666667,6.0,2.0,39.19117647058823,0
43.04301911802031,177363.921012811,1285,1.4049934895833334,10.0,2.0,39.19117647058823,0
43.074945499014575,177363.952939192,1286,1.3945345052083333,9.0,2.0,39.19117647058823,0
43.110935203003464,177363.988928896,1287,1.400703125,9.0,2.0,39.19117647058823,0
43.142963812017115,177364.020957505,1288,1.3998404947916667,10.0,2.0,39.19117647058823,0
43.178963929007296,177364.056957622,1289,1.399345703125,14.0,2.0,39.19117647058823,0
43.210973102017306,177364.088966795,1290,1.450751953125,13.0,3.0,39.19117647058823,0
43.242922964011086,177364.120916657,1291,2.4608561197916665,254.0,16.0,39.19117647058823,1
43.279029049008386,177364.157022742,1292,1.435380859375,12.0,2.0,39.19117647058823,0
43.31097989299451,177364.188973586,1293,1.40265625,9.0,2.0,39.19117647058823,0
43.34297512000194,177364.220968813,1294,1.39724609375,8.0,2.0,39.19117647058823,0
43.37905029000831,177364.257043983,1295,1.4021451822916666,8.0,2.0,39.19117647058823,0
43.4109789399954,177364.288972633,1296,1.40259765625,8.0,2.0,39.19117647058823,0
43.44695845499518,177364.324952148,1297,1.3948372395833333,14.0,2.0,39.19117647058823,0
43.47901844599983,177364.357012139,1298,1.4009375,8.0,2.0,39.19117647058823,0
43.510941673011985,177364.388935366,1299,1.3987727864583333,11.0,2.0,39.19117647058823,0
43.546892568003386,177364.424886261,1300,1.3997786458333332,16.0,2.0,39.19117647058823,0
43.57906996100792,177364.457063654,1301,1.4038444010416666,10.0,2.0,39.19117647058823,0
43.61098070500884,177364.488974398,1302,1.406748046875,9.0,2.0,39.19117647058823,0
43.64693727300619,177364.524930966,1303,1.402744140625,9.0,2.0,39.19117647058823,0
43.679028732993174,177364.557022426,1304,1.3979134114583334,6.0,2.0,39.19117647058823,0
43.710982075019274,177364.588975768,1305,1.395517578125,14.0,2.0,39.19117647058823,0
43.746950522996485,177364.624944216,1306,1.389482421875,13.0,2.0,39.19117647058823,0
43.77906542702112,177364.65705912,1307,1.404169921875,13.0,2.0,39.19117647058823,0
43.814970186009305,177364.692963879,1308,1.3932747395833334,10.0,2.0,39.19117647058823,0
43.84697375699761,177364.72496745,1309,1.39857421875,7.0,2.0,39.19117647058823,0
43.87906452600146,177364.757058219,1310,1.394697265625,7.0,2.0,39.19117647058823,0
43.91497695201542,177364.792970645,1311,1.4017610677083334,8.0,2.0,39.19117647058823,0
43.94696041001589,177364.824954103,1312,1.4013639322916667,8.0,2.0,39.19117647058823,0
43.978965967020486,177364.85695966,1313,1.395361328125,7.0,2.0,39.19117647058823,0
44.01490992799518,177364.892903621,1314,1.3990462239583332,7.0,2.0,39.19117647058823,0
44.046941900014644,177364.924935593,1315,1.40328125,8.0,2.0,39.19117647058823,0
44.082906193012604,177364.960899886,1316,1.3944954427083334,7.0,2.0,39.19117647058823,0
44.114970818016445,177364.992964511,1317,1.397314453125,9.0,2.0,39.19117647058823,0
44.1469663210155,177365.024960014,1318,1.400537109375,8.0,2.0,39.19117647058823,0
44.182996880001156,177365.060990573,1319,1.4018619791666667,9.0,2.0,39.19117647058823,0
44.21497195700067,177365.09296565,1320,1.4045540364583333,9.0,2.0,39.19117647058823,0
44.24689909699373,177365.12489279,1321,1.3970182291666666,8.0,2.0,39.19117647058823,0
44.28295000400976,177365.160943697,1322,1.3960286458333333,10.0,2.0,39.19117647058823,0
44.314924155012704,177365.192917848,1323,1.3983756510416667,10.0,2.0,39.19117647058823,0
44.34706873001414,177365.225062423,1324,1.4062760416666666,15.0,2.0,39.19117647058823,0
44.38311029001488,177365.261103983,1325,1.4003255208333334,6.0,2.0,39.19117647058823,0
44.41504819600959,177365.293041889,1326,1.4012174479166666,11.0,2.0,39.19117647058823,0
44.451107674016384,177365.329101367,1327,1.3981184895833334,5.0,2.0,39.19117647058823,0
44.48297871701652,177365.36097241,1328,1.4003450520833334,10.0,2.0,39.19117647058823,0
44.51488073600922,177365.392874429,1329,1.4010970052083334,14.0,2.0,39.19117647058823,0
44.55087839401676,177365.428872087,1330,1.405126953125,9.0,2.0,39.19117647058823,0
44.58293079599389,177365.460924489,1331,1.3970670572916666,8.0,2.0,39.19117647058823,0
44.614934133016504,177365.492927826,1332,1.394111328125,15.0,2.0,39.19117647058823,0
44.650991026021075,177365.528984719,1333,1.39861328125,9.0,2.0,39.19117647058823,0
44.682914784993045,177365.560908478,1334,1.3982389322916666,7.0,2.0,39.19117647058823,0
44.71886621401063,177365.596859907,1335,1.401630859375,8.0,2.0,39.19117647058823,0
44.75096987199504,177365.628963565,1336,1.4075162760416666,10.0,2.0,39.19117647058823,0
44.782961781020276,177365.660955474,1337,1.3942805989583333,5.0,2.0,39.19117647058823,0
44.81891058399924,177365.696904277,1338,1.3941666666666668,16.0,2.0,39.19117647058823,0
44.85104537999723,177365.729039073,1339,1.4042513020833334,8.0,2.0,39.19117647058823,0
44.88305781199597,177365.761051505,1340,1.3994075520833333,9.0,2.0,39.19117647058823,0
44.91893888200866,177365.796932575,1341,1.406474609375,11.0,2.0,39.19117647058823,0
44.95090909700957,177365.82890279,1342,1.4016536458333333,12.0,2.0,39.19117647058823,0
44.98295077099465,177365.860944464,1343,1.398359375,16.0,2.0,39.19117647058823,0
45.018910008016974,177365.896903701,1344,1.400078125,11.0,2.0,39.19117647058823,0
45.05087560400716,177365.928869297,1345,1.395400390625,8.0,2.0,39.19117647058823,0
45.0869182870083,177365.96491198,1346,1.40154296875,7.0,2.0,39.19117647058823,0
45.118911986995954,177365.99690568,1347,1.4060319010416666,8.0,2.0,39.19117647058823,0
45.150901184999384,177366.028894878,1348,1.4011393229166667,7.0,2.0,39.19117647058823,0
45.18692783199367,177366.064921525,1349,1.3998470052083334,10.0,2.0,39.19117647058823,0
45.21890112699475,177366.09689482,1350,1.4011165364583333,10.0,2.0,39.19117647058823,0
45.250893164018635,177366.128886857,1351,1.3981608072916667,6.0,2.0,39.19117647058823,0
45.286904295004206,177366.164897988,1352,1.403798828125,6.0,2.0,39.19117647058823,0
45.31885760999285,177366.196851303,1353,1.4024055989583333,8.0,2.0,39.19117647058823,0
45.35494194799685,177366.232935641,1354,2.336819661458333,254.0,16.0,39.19117647058823,1
45.387089588999515,177366.265083282,1355,2.375029296875,254.0,16.0,39.19117647058823,1
45.41896441101562,177366.296958104,1356,1.4128125,12.0,2.0,39.19117647058823,0
45.45490761901601,177366.332901312,1357,1.4049609375,10.0,2.0,39.19117647058823,0
45.48691871500341,177366.364912408,1358,1.3965299479166666,8.0,2.0,39.19117647058823,0
45.518905118020484,177366.396898811,1359,1.398994140625,13.0,2.0,39.19117647058823,0
45.55502252400038,177366.433016217,1360,1.3937955729166667,10.0,2.0,39.19117647058823,0
45.5869324170053,177366.46492611,1361,1.3976204427083334,8.0,2.0,39.19117647058823,0
45.61898359301267,177366.496977286,1362,1.3951497395833334,10.0,2.0,39.19117647058823,0
45.65490881400183,177366.532902507,1363,1.4019270833333333,6.0,2.0,39.19117647058823,0
45.686859478999395,177366.564853172,1364,1.398779296875,8.0,2.0,39.19117647058823,0
45.72294995901757,177366.600943652,1365,1.3919791666666668,10.0,2.0,39.19117647058823,0
45.754942552011926,177366.632936245,1366,1.3940169270833334,10.0,2.0,39.19117647058823,0
45.78682939801365,177366.664823091,1367,1.3880143229166666,7.0,2.0,39.19117647058823,0
45.82290887500858,177366.700902568,1368,1.3979752604166666,9.0,2.0,39.19117647058823,0
45.85488198400708,177366.732875677,1369,1.3975325520833333,10.0,2.0,39.19117647058823,0
45.886842962994706,177366.764836656,1370,1.4005208333333334,7.0,2.0,39.19117647058823,0
45.92292134001036,177366.800915033,1371,1.4016276041666667,6.0,2.0,39.19117647058823,0
45.954905955994036,177366.832899649,1372,1.4000813802083334,16.0,2.0,39.19117647058823,0
45.990937233000295,177366.868930926,1373,1.4037369791666667,9.0,2.0,39.19117647058823,0
46.02295654301997,177366.900950236,1374,1.4035416666666667,8.0,2.0,39.19117647058823,0
46.05485391599359,177366.932847609,1375,1.3973209635416666,8.0,2.0,39.19117647058823,0
46.09094995399937,177366.968943647,1376,1.402548828125,8.0,2.0,39.19117647058823,0
46.12295922200428,177367.000952915,1377,1.4013216145833334,10.0,2.0,39.19117647058823,0
46.154996925994055,177367.032990619,1378,1.4018815104166666,10.0,2.0,39.19117647058823,0
46.19097670199699,177367.068970395,1379,1.3970572916666666,13.0,2.0,39.19117647058823,0
46.22297569201328,177367.100969385,1380,1.40333984375,10.0,2.0,39.19117647058823,0
46.25489929600735,177367.132892989,1381,1.3945638020833333,9.0,2.0,39.19117647058823,0
46.291003777005244,177367.16899747,1382,1.404296875,14.0,2.0,39.19117647058823,0
46.322875614016084,177367.200869307,1383,1.4005533854166667,10.0,2.0,39.19117647058823,0
46.35905481799273,177367.237048511,1384,1.4022037760416666,9.0,2.0,39.19117647058823,0
46.39126138901338,177367.269255082,1385,1.4009505208333333,8.0,2.0,39.19117647058823,0
46.42287008900894,177367.300863782,1386,1.400478515625,15.0,2.0,39.19117647058823,0
46.458961905998876,177367.336955599,1387,1.39544921875,11.0,2.0,39.19117647058823,0
46.490921651013196,177367.368915344,1388,1.3986360677083334,8.0,2.0,39.19117647058823,0
46.522864249011036,177367.400857942,1389,1.3970930989583332,5.0,2.0,39.19117647058823,0
46.55916200001957,177367.437155693,1390,1.40052734375,11.0,2.0,39.19117647058823,0
46.590975361003075,177367.468969054,1391,1.4048404947916666,8.0,2.0,39.19117647058823,0
46.62700513500022,177367.504998828,1392,1.3987955729166666,7.0,2.0,39.19117647058823,0
46.65889635999338,177367.536890053,1393,1.4090494791666666,8.0,2.0,39.19117647058823,0
46.69086771199363,177367.568861405,1394,1.3984602864583333,6.0,2.0,39.19117647058823,0
46.72693823900772,177367.604931932,1395,1.4015494791666667,8.0,2.0,39.19117647058823,0
46.7589982089994,177367.636991902,1396,1.3985677083333334,8.0,2.0,39.19117647058823,0
46.79088809300447,177367.668881786,1397,1.3976302083333334,6.0,2.0,39.19117647058823,0
46.82703929199488,177367.705032985,1398,1.4068912760416667,9.0,2.0,39.19117647058823,0
46.8589878140192,177367.736981507,1399,1.4014713541666666,8.0,2.0,39.19117647058823,0
46.89091426300001,177367.768907956,1400,1.4025748697916667,7.0,2.0,39.19117647058823,0
46.92707455100026,177367.805068244,1401,1.3983821614583334,9.0,2.0,39.19117647058823,0
46.958877547003794,177367.83687124,1402,1.3958658854166666,7.0,2.0,39.19117647058823,0
46.99497171500116,177367.872965408,1403,1.4042415364583334,10.0,2.0,39.19117647058823,0
47.027004141011275,177367.904997834,1404,1.3991829427083333,8.0,2.0,39.19117647058823,0
47.058916878013406,177367.936910571,1405,1.401328125,11.0,2.0,39.19117647058823,0
47.094947542995214,177367.972941236,1406,1.3929915364583334,7.0,2.0,39.19117647058823,0
47.12700522399973,177368.004998917,1407,1.394462890625,11.0,2.0,39.19117647058823,0
47.15896034499747,177368.036954038,1408,1.3955338541666666,7.0,2.0,39.19117647058823,0
47.195026950998,177368.073020644,1409,1.39568359375,6.0,2.0,39.19117647058823,0
47.22702630699496,177368.10502,1410,1.39798828125,8.0,2.0,39.19117647058823,0
47.26304125000024,177368.141034943,1411,1.3913346354166667,7.0,2.0,39.19117647058823,0
47.29496212900267,177368.172955822,1412,1.3988834635416667,9.0,2.0,39.19117647058823,0
47.3269302000117,177368.204923893,1413,1.397802734375,8.0,2.0,39.19117647058823,0
47.363103718002094,177368.241097411,1414,1.40380859375,8.0,2.0,39.19117647058823,0
47.39510917899315,177368.273102872,1415,2.4375032552083336,254.0,16.0,39.19117647058823,1
47.42703685601009,177368.305030549,1416,1.4981705729166668,13.0,2.0,39.19117647058823,0
47.46303950200672,177368.341033195,1417,1.404658203125,8.0,2.0,39.19117647058823,0
47.49497384100687,177368.372967534,1418,1.40279296875,6.0,2.0,39.19117647058823,0
47.526980730996,177368.404974424,1419,1.4028125,15.0,2.0,39.19117647058823,0
47.56313191601657,177368.441125609,1420,1.4004720052083333,8.0,2.0,39.19117647058823,0
47.59495725700981,177368.47295095,1421,1.395859375,10.0,2.0,39.19117647058823,0
47.63098657500814,177368.508980268,1422,1.3975846354166668,7.0,2.0,39.19117647058823,0
47.66298572899541,177368.540979422,1423,1.39283203125,8.0,2.0,39.19117647058823,0
47.69496456801426,177368.572958261,1424,1.39923828125,9.0,2.0,39.19117647058823,0
47.73095858600573,177368.608952279,1425,1.3966373697916667,8.0,2.0,39.19117647058823,0
47.76299675600603,177368.640990449,1426,1.393720703125,15.0,2.0,39.19117647058823,0
47.79492947901599,177368.672923172,1427,1.3964485677083334,7.0,2.0,39.19117647058823,0
47.830989034002414,177368.708982727,1428,1.3986002604166667,8.0,2.0,39.19117647058823,0
47.86297625899897,177368.740969952,1429,1.396396484375,9.0,2.0,39.19117647058823,0
47.89897897501942,177368.776972668,1430,1.404677734375,16.0,2.0,39.19117647058823,0
47.93098038199241,177368.808974075,1431,1.3984798177083333,7.0,2.0,39.19117647058823,0
47.96296387800248,177368.840957571,1432,1.4100455729166668,9.0,2.0,39.19117647058823,0
47.99904253799468,177368.877036231,1433,1.40294921875,8.0,2.0,39.19117647058823,0
48.03095962799853,177368.908953321,1434,1.3986165364583334,9.0,2.0,39.19117647058823,0
48.06294188799802,177368.940935581,1435,1.40125,6.0,2.0,39.19117647058823,0
48.09894782002084,177368.976941513,1436,1.4095703125,8.0,2.0,39.19117647058823,0
48.13094372401247,177369.008937417,1437,1.3965852864583332,8.0,2.0,39.19117647058823,0
48.16691109101521,177369.044904784,1438,1.4019694010416666,8.0,2.0,39.19117647058823,0
48.199096049007494,177369.077089742,1439,1.3990397135416666,9.0,2.0,39.19117647058823,0
48.230900765018305,177369.108894458,1440,1.4004296875,7.0,2.0,39.19117647058823,0
48.26694834200316,177369.144942035,1441,1.3994075520833333,6.0,2.0,39.19117647058823,0
48.298951802018564,177369.176945495,1442,1.4039876302083334,8.0,2.0,39.19117647058823,0
48.330965402012225,177369.208959095,1443,1.3876888020833333,8.0,2.0,39.19117647058823,0
48.367045331018744,177369.245039024,1444,1.3958528645833332,7.0,2.0,39.19117647058823,0
48.399048518011114,177369.277042211,1445,1.3969856770833333,10.0,2.0,39.19117647058823,0
48.43106914800592,177369.309062841,1446,1.3885123697916666,8.0,2.0,39.19117647058823,0
48.46714197401889,177369.345135667,1447,1.3916569010416666,7.0,2.0,39.19117647058823,0
48.498925598018104,177369.376919291,1448,1.4053743489583332,10.0,2.0,39.19117647058823,0
48.53493180000805,177369.412925493,1449,1.3952083333333334,14.0,2.0,39.19117647058823,0
48.56704910501139,177369.445042798,1450,1.400224609375,12.0,2.0,39.19117647058823,0
48.59900321101304,177369.476996904,1451,1.3987141927083333,8.0,2.0,39.19117647058823,0
48.63492211099947,177369.512915804,1452,1.4011002604166667,9.0,2.0,39.19117647058823,0
48.66693176102126,177369.544925454,1453,1.3988248697916668,7.0,2.0,39.19117647058823,0
48.698930843005655,177369.576924536,1454,1.394326171875,7.0,2.0,39.19117647058823,0
48.73487787100021,177369.612871564,1455,1.3984016927083334,8.0,2.0,39.19117647058823,0
48.766924184019445,177369.644917877,1456,1.4000423177083334,8.0,2.0,39.19117647058823,0
48.802915259002475,177369.680908952,1457,1.4018587239583333,7.0,2.0,39.19117647058823,0
48.834978568018414,177369.712972261,1458,1.406162109375,6.0,2.0,39.19117647058823,0
48.86695127101848,177369.744944964,1459,1.4053483072916666,12.0,2.0,39.19117647058823,0
48.90292861801572,177369.780922311,1460,1.397509765625,8.0,2.0,39.19117647058823,0
48.934881010995014,177369.812874704,1461,1.3947298177083334,8.0,2.0,39.19117647058823,0
48.966877764003584,177369.844871457,1462,1.3996516927083333,10.0,2.0,39.19117647058823,0
49.00292090300354,177369.880914596,1463,1.3954069010416668,6.0,2.0,39.19117647058823,0
49.03491816300084,177369.912911856,1464,1.3956998697916667,8.0,2.0,39.19117647058823,0
49.06693508301396,177369.944928776,1465,1.3932161458333334,8.0,2.0,39.19117647058823,0
49.10291888701613,177369.98091258,1466,1.3967220052083333,15.0,2.0,39.19117647058823,0
49.134936976013705,177370.012930669,1467,1.3939778645833334,9.0,2.0,39.19117647058823,0
49.17091556399828,177370.048909257,1468,1.4106966145833333,10.0,2.0,39.19117647058823,0
49.202943575015524,177370.080937268,1469,1.3953190104166666,12.0,2.0,39.19117647058823,0
49.23490760099958,177370.112901294,1470,1.3984049479166667,10.0,2.0,39.19117647058823,0
49.27088417901541,177370.148877872,1471,1.40544921875,8.0,2.0,39.19117647058823,0
49.30292531001032,177370.180919003,1472,1.3988802083333334,10.0,2.0,39.19117647058823,0
49.334879424015526,177370.212873117,1473,1.4008040364583334,10.0,2.0,39.19117647058823,0
49.37109850201523,177370.249092195,1474,1.4707454427083333,16.0,3.0,39.19117647058823,0
49.40298186201835,177370.280975555,1475,2.456552734375,254.0,16.0,39.19117647058823,1
49.43900600800407,177370.316999701,1476,1.4333072916666667,13.0,2.0,39.19117647058823,0
49.47090218399535,177370.348895877,1477,1.3964518229166667,8.0,2.0,39.19117647058823,0
49.50284650901449,177370.380840202,1478,1.3957845052083333,14.0,2.0,39.19117647058823,0
49.53888855999685,177370.416882253,1479,1.3962337239583333,12.0,2.0,39.19117647058823,0
49.57100088801235,177370.448994581,1480,1.4104654947916666,6.0,2.0,39.19117647058823,0
49.602987791993655,177370.480981485,1481,1.4030240885416667,17.0,2.0,39.19117647058823,0
49.6389441860083,177370.516937879,1482,1.40388671875,15.0,2.0,39.19117647058823,0
49.671057507017395,177370.5490512,1483,1.4012532552083334,12.0,2.0,39.19117647058823,0
49.702938016998814,177370.58093171,1484,1.39556640625,8.0,2.0,39.19117647058823,0
49.73893843201222,177370.616932125,1485,1.3970279947916666,14.0,2.0,39.19117647058823,0
49.77088633002131,177370.648880023,1486,1.4040852864583333,10.0,2.0,39.19117647058823,0
49.80689925001934,177370.684892943,1487,1.39458984375,6.0,2.0,39.19117647058823,0
49.83895772599499,177370.716951419,1488,1.4075260416666666,9.0,2.0,39.19117647058823,0
49.870857228001114,177370.748850921,1489,1.394111328125,12.0,2.0,39.19117647058823,0
49.906904025003314,177370.784897718,1490,1.3943587239583333,10.0,2.0,39.19117647058823,0
49.93890371301677,177370.816897406,1491,1.3997330729166666,8.0,2.0,39.19117647058823,0
49.97090162700624,177370.84889532,1492,1.3986881510416667,11.0,2.0,39.19117647058823,0
50.00692174700089,177370.88491544,1493,1.4007942708333334,9.0,2.0,39.19117647058823,0
50.03895363700576,177370.91694733,1494,1.3944596354166667,14.0,2.0,39.19117647058823,0
50.07507811600226,177370.953071809,1495,1.3967252604166667,5.0,2.0,39.19117647058823,0
50.10693033100688,177370.984924024,1496,1.3978125,8.0,2.0,39.19117647058823,0
50.13890665801591,177371.016900351,1497,1.4043098958333333,6.0,2.0,39.19117647058823,0
50.175193216011394,177371.053186909,1498,1.3952376302083334,8.0,2.0,39.19117647058823,0
50.206955819012364,177371.084949512,1499,1.4059440104166667,8.0,2.0,39.19117647058823,0
50.23901638100506,177371.117010074,1500,1.4010872395833334,9.0,2.0,39.19117647058823,0
50.27519624301931,177371.153189936,1501,1.4004069010416667,13.0,2.0,39.19117647058823,0
50.30692634501611,177371.184920038,1502,1.4054296875,13.0,2.0,39.19117647058823,0
50.33890218401211,177371.216895877,1503,1.4107421875,8.0,2.0,39.19117647058823,0
50.3752541700087,177371.253247863,1504,1.40107421875,8.0,2.0,39.19117647058823,0
50.40700488301809,177371.284998576,1505,1.3960970052083332,9.0,2.0,39.19117647058823,0
50.44306662099552,177371.321060314,1506,1.4022526041666667,12.0,2.0,39.19117647058823,0
50.4750546500145,177371.353048343,1507,1.400234375,12.0,2.0,39.19117647058823,0
50.50690114000463,177371.384894833,1508,1.4036555989583333,10.0,2.0,39.19117647058823,0
50.54307596400031,177371.421069657,1509,1.400712890625,10.0,2.0,39.19117647058823,0
50.575122737005586,177371.45311643,1510,1.4067903645833333,12.0,2.0,39.19117647058823,0
50.606898572004866,177371.484892265,1511,1.400458984375,11.0,2.0,39.19117647058823,0
50.64313263699296,177371.52112633,1512,1.3936588541666666,10.0,2.0,39.19117647058823,0
50.67500209901482,177371.552995792,1513,1.3934700520833334,13.0,2.0,39.19117647058823,0
50.71106244600378,177371.589056139,1514,1.395146484375,11.0,2.0,39.19117647058823,0
50.74319114899845,177371.621184842,1515,1.3974479166666667,7.0,2.0,39.19117647058823,0
50.77494341501733,177371.652937108,1516,1.3963932291666667,9.0,2.0,39.19117647058823,0
50.811054857011186,177371.68904855,1517,1.4017578125,7.0,2.0,39.19117647058823,0
50.843052595009794,177371.721046288,1518,1.3996712239583333,11.0,2.0,39.19117647058823,0
50.87509348001913,177371.753087173,1519,1.3953059895833333,6.0,2.0,39.19117647058823,0
50.911095204995945,177371.789088898,1520,1.4020475260416667,11.0,2.0,39.19117647058823,0
50.943237182014855,177371.821230875,1521,1.4071321614583334,9.0,2.0,39.19117647058823,0
50.975019600999076,177371.853013294,1522,1.3956380208333334,8.0,2.0,39.19117647058823,0
51.01096827001311,177371.888961963,1523,1.4010709635416667,12.0,2.0,39.19117647058823,0
51.043045579019235,177371.921039272,1524,1.405458984375,10.0,2.0,39.19117647058823,0
51.07903144901502,177371.957025142,1525,1.4056510416666668,8.0,2.0,39.19117647058823,0
51.111054281005636,177371.989047974,1526,1.3975846354166668,8.0,2.0,39.19117647058823,0
51.14299623199622,177372.020989925,1527,1.396796875,11.0,2.0,39.19117647058823,0
51.17898904700996,177372.05698274,1528,1.40044921875,11.0,2.0,39.19117647058823,0
51.21104623799329,177372.089039931,1529,1.4036100260416666,11.0,2.0,39.19117647058823,0
51.2430238960078,177372.121017589,1530,1.398623046875,10.0,2.0,39.19117647058823,0
51.278994304011576,177372.156987997,1531,1.4032194010416668,8.0,2.0,39.19117647058823,0
51.31099062500289,177372.188984318,1532,1.4090234375,10.0,2.0,39.19117647058823,0
51.34710262299632,177372.225096316,1533,1.4069466145833334,10.0,2.0,39.19117647058823,0
51.37906152001233,177372.257055213,1534,1.3970865885416666,10.0,2.0,39.19117647058823,0
51.411045417014975,177372.28903911,1535,1.401474609375,9.0,2.0,39.19117647058823,0
51.447132425993914,177372.325126119,1536,1.4013151041666667,12.0,2.0,39.19117647058823,0
51.479046618012944,177372.357040311,1537,1.3988151041666668,8.0,2.0,39.19117647058823,0
51.51104311001836,177372.389036803,1538,1.3998404947916667,12.0,2.0,39.19117647058823,0
51.546969033021014,177372.424962726,1539,2.4046516927083332,254.0,16.0,39.19117647058823,1
51.579066823003814,177372.457060516,1540,2.206334635416667,254.0,12.0,39.19117647058823,1
51.61107379401801,177372.489067487,1541,1.4159602864583334,7.0,2.0,39.19117647058823,0
51.646987770014675,177372.524981463,1542,1.4070735677083333,6.0,2.0,39.19117647058823,0
51.678990665008314,177372.556984358,1543,1.4055598958333333,16.0,2.0,39.19117647058823,0
51.715327170997625,177372.593320864,1544,1.4004069010416667,10.0,2.0,39.19117647058823,0
51.74868166001397,177372.626675353,1545,1.4046028645833333,10.0,2.0,39.19117647058823,0
51.77944742899854,177372.657441122,1546,1.393974609375,10.0,2.0,39.19117647058823,0
51.815301312017255,177372.693295005,1547,1.4030501302083334,9.0,2.0,39.19117647058823,0
51.847090218012454,177372.725083911,1548,1.401884765625,5.0,2.0,39.19117647058823,0
51.87907795701176,177372.75707165,1549,1.3951334635416666,9.0,2.0,39.19117647058823,0
51.91490804901696,177372.792901742,1550,1.3978743489583334,13.0,2.0,39.19117647058823,0
51.94688563601812,177372.824879329,1551,1.3970052083333333,8.0,2.0,39.19117647058823,0
51.982893903012155,177372.860887596,1552,1.3967838541666666,8.0,2.0,39.19117647058823,0
52.01491634300328,177372.892910036,1553,1.404658203125,6.0,2.0,39.19117647058823,0
52.046914716018364,177372.924908409,1554,1.403466796875,9.0,2.0,39.19117647058823,0
52.08291953499429,177372.960913228,1555,1.3890071614583333,8.0,2.0,39.19117647058823,0
52.1148540500144,177372.992847743,1556,1.3970247395833333,10.0,2.0,39.19117647058823,0
52.146865117014386,177373.02485881,1557,1.39771484375,7.0,2.0,39.19117647058823,0
52.18292852601735,177373.060922219,1558,1.4007259114583333,8.0,2.0,39.19117647058823,0
52.21487360302126,177373.092867296,1559,1.397587890625,11.0,2.0,39.19117647058823,0
52.246820232016034,177373.124813925,1560,1.396806640625,12.0,2.0,39.19117647058823,0
52.28288782000891,177373.160881513,1561,1.4072395833333333,7.0,2.0,39.19117647058823,0
52.31486563599901,177373.192859329,1562,1.400283203125,8.0,2.0,39.19117647058823,0
52.352521410008194,177373.230515103,1563,1.3951529947916668,9.0,2.0,39.19117647058823,0
52.38290409601177,177373.260897789,1564,1.4004720052083333,9.0,2.0,39.19117647058823,0
52.41481680999277,177373.292810503,1565,1.4050846354166666,11.0,2.0,39.19117647058823,0
52.450920639996184,177373.328914333,1566,1.3928678385416666,8.0,2.0,39.19117647058823,0
52.48289715201827,177373.360890845,1567,1.3959895833333333,10.0,2.0,39.19117647058823,0
52.51488404700649,177373.39287774,1568,1.3978287760416668,8.0,2.0,39.19117647058823,0
52.550866830017185,177373.428860523,1569,1.3903352864583334,14.0,2.0,39.19117647058823,0
52.58297964200028,177373.460973335,1570,1.4073763020833334,8.0,2.0,39.19117647058823,0
52.61888235699735,177373.49687605,1571,1.4081770833333334,11.0,2.0,39.19117647058823,0
52.65091327801929,177373.528906971,1572,1.3980989583333334,9.0,2.0,39.19117647058823,0
52.68287937200512,177373.560873065,1573,1.3964095052083334,10.0,2.0,39.19117647058823,0
52.71889234200353,177373.596886035,1574,1.40138671875,15.0,2.0,39.19117647058823,0
52.75088058001711,177373.628874273,1575,1.397001953125,9.0,2.0,39.19117647058823,0
52.78286693501286,177373.660860628,1576,1.3999967447916666,8.0,2.0,39.19117647058823,0
52.818916035001166,177373.696909728,1577,1.405009765625,7.0,2.0,39.19117647058823,0
52.85085379201337,177373.728847485,1578,1.4092154947916666,9.0,2.0,39.19117647058823,0
52.882831888011424,177373.760825581,1579,1.4020833333333333,10.0,2.0,39.19117647058823,0
52.91893142001936,177373.796925113,1580,1.398681640625,12.0,2.0,39.19117647058823,0
52.9508711330127,177373.828864826,1581,1.40748046875,10.0,2.0,39.19117647058823,0
52.98685608600499,177373.864849779,1582,1.40837890625,12.0,2.0,39.19117647058823,0
53.018887506012106,177373.896881199,1583,1.3983984375,8.0,2.0,39.19117647058823,0
53.05085722601507,177373.928850919,1584,1.4032063802083334,8.0,2.0,39.19117647058823,0
53.08691732599982,177373.964911019,1585,1.396005859375,9.0,2.0,39.19117647058823,0
53.11887824500445,177373.996871938,1586,1.4017805989583334,9.0,2.0,39.19117647058823,0
53.15086273601628,177374.028856429,1587,1.4031119791666666,12.0,2.0,39.19117647058823,0
53.186880719003966,177374.064874412,1588,1.40548828125,8.0,2.0,39.19117647058823,0
53.218881854001665,177374.096875547,1589,1.4023958333333333,10.0,2.0,39.19117647058823,0
53.25485899602063,177374.132852689,1590,1.4065234375,8.0,2.0,39.19117647058823,0
53.286863097018795,177374.16485679,1591,1.407275390625,10.0,2.0,39.19117647058823,0
53.31882972101448,177374.196823414,1592,1.4019596354166666,10.0,2.0,39.19117647058823,0
53.35489025601419,177374.232883949,1593,1.3865657552083333,7.0,2.0,39.19117647058823,0
53.38689399100258,177374.264887684,1594,1.395869140625,8.0,2.0,39.19117647058823,0
53.418859411001904,177374.296853104,1595,1.4017643229166667,8.0,2.0,39.19117647058823,0
53.45489006701973,177374.33288376,1596,1.4094368489583333,15.0,2.0,39.19117647058823,0
53.48691625401261,177374.364909947,1597,1.3989388020833333,11.0,2.0,39.19117647058823,0
53.51888654701179,177374.39688024,1598,1.4001334635416667,8.0,2.0,39.19117647058823,0
53.55490313601331,177374.432896829,1599,1.39779296875,8.0,2.0,39.19117647058823,0
53.586860197014175,177374.46485389,1600,1.392666015625,12.0,2.0,39.19117647058823,0
53.62289328200859,177374.500886975,1601,1.403359375,9.0,2.0,39.19117647058823,0
53.65487353102071,177374.532867224,1602,2.4430338541666665,254.0,16.0,39.19117647058823,1
53.68687900301302,177374.564872696,1603,1.5088313802083333,13.0,2.0,39.19117647058823,0
53.72286110901041,177374.600854802,1604,1.4031184895833333,11.0,2.0,39.19117647058823,0
53.75485026900424,177374.632843962,1605,1.4025260416666667,6.0,2.0,39.19117647058823,0
53.78689269500319,177374.664886388,1606,1.4013932291666666,10.0,2.0,39.19117647058823,0
53.82291345199337,177374.700907145,1607,1.3918782552083333,10.0,2.0,39.19117647058823,0
53.85491310499492,177374.732906798,1608,1.40416015625,8.0,2.0,39.19117647058823,0
53.89088669701596,177374.76888039,1609,1.4013216145833334,9.0,2.0,39.19117647058823,0
53.92292108401307,177374.800914777,1610,1.3991861979166667,9.0,2.0,39.19117647058823,0
53.954855442018015,177374.832849135,1611,1.3945377604166667,9.0,2.0,39.19117647058823,0
53.99089804201503,177374.868891735,1612,1.397431640625,10.0,2.0,39.19117647058823,0
54.02289990501595,177374.900893598,1613,1.401376953125,8.0,2.0,39.19117647058823,0
54.05483588899369,177374.932829582,1614,1.4004524739583333,8.0,2.0,39.19117647058823,0
54.090893495013006,177374.968887188,1615,1.4065559895833333,8.0,2.0,39.19117647058823,0
54.12289202801185,177375.000885721,1616,1.3965071614583333,10.0,2.0,39.19117647058823,0
54.154871848004404,177375.032865541,1617,1.3971614583333334,9.0,2.0,39.19117647058823,0
54.19090094100102,177375.068894634,1618,1.4004069010416667,8.0,2.0,39.19117647058823,0
54.22286750600324,177375.100861199,1619,1.4003092447916667,9.0,2.0,39.19117647058823,0
54.25901655200869,177375.137010245,1620,1.3917578125,8.0,2.0,39.19117647058823,0
54.29091967700515,177375.16891337,1621,1.4082161458333333,12.0,2.0,39.19117647058823,0
54.32286830601515,177375.200861999,1622,1.3951302083333332,8.0,2.0,39.19117647058823,0
54.359103206021246,177375.237096899,1623,1.4007291666666666,8.0,2.0,39.19117647058823,0
54.39089117900585,177375.268884872,1624,1.3941666666666668,8.0,2.0,39.19117647058823,0
54.42285884800367,177375.300852541,1625,1.3970768229166666,9.0,2.0,39.19117647058823,0
54.4590559900098,177375.337049683,1626,1.398994140625,7.0,2.0,39.19117647058823,0
54.49092637299327,177375.368920066,1627,1.3911360677083333,9.0,2.0,39.19117647058823,0
54.52688941199449,177375.404883105,1628,1.4010774739583334,8.0,2.0,39.19117647058823,0
54.55904622399248,177375.437039917,1629,1.39677734375,8.0,2.0,39.19117647058823,0
54.59091697700205,177375.46891067,1630,1.4000325520833334,12.0,2.0,39.19117647058823,0
54.62689001200488,177375.504883705,1631,1.3974088541666667,8.0,2.0,39.19117647058823,0
54.659089224995114,177375.537082918,1632,1.4001790364583333,12.0,2.0,39.19117647058823,0
54.69084402002045,177375.568837713,1633,1.3929654947916668,12.0,2.0,39.19117647058823,0
54.72686369201983,177375.604857385,1634,1.3915201822916667,13.0,2.0,39.19117647058823,0
54.75908485800028,177375.637078551,1635,1.4011197916666667,8.0,2.0,39.19117647058823,0
54.79087024801993,177375.668863941,1636,1.391337890625,8.0,2.0,39.19117647058823,0
54.82692142500309,177375.704915118,1637,1.39939453125,15.0,2.0,39.19117647058823,0
54.8590695640014,177375.737063257,1638,1.4060026041666667,13.0,2.0,39.19117647058823,0
54.89491472800728,177375.772908421,1639,1.40052734375,9.0,2.0,39.19117647058823,0
54.92696913899272,177375.804962832,1640,1.400673828125,8.0,2.0,39.19117647058823,0
54.95929348102072,177375.837287174,1641,1.3981673177083334,13.0,2.0,39.19117647058823,0
54.99494755701744,177375.87294125,1642,1.4000748697916667,10.0,2.0,39.19117647058823,0
55.02691925902036,177375.904912952,1643,1.401767578125,10.0,2.0,39.19117647058823,0
55.059036935010226,177375.937030628,1644,1.402783203125,10.0,2.0,39.19117647058823,0
55.09496918000514,177375.972962873,1645,1.3986588541666667,8.0,2.0,39.19117647058823,0
55.12689935701201,177376.00489305,1646,1.404931640625,10.0,2.0,39.19117647058823,0
55.162892771011684,177376.040886464,1647,1.398759765625,12.0,2.0,39.19117647058823,0
55.194970437994925,177376.072964131,1648,1.4083235677083332,8.0,2.0,39.19117647058823,0
55.226863032992696,177376.104856726,1649,1.3881608072916667,10.0,2.0,39.19117647058823,0
55.26288816699525,177376.14088186,1650,1.40435546875,12.0,2.0,39.19117647058823,0
55.294889470009366,177376.172883163,1651,1.3977701822916666,9.0,2.0,39.19117647058823,0
55.32686155301053,177376.204855246,1652,1.4003125,9.0,2.0,39.19117647058823,0
55.36297030100832,177376.240963994,1653,1.4023014322916667,15.0,2.0,39.19117647058823,0
55.39497640301124,177376.272970096,1654,1.4076822916666667,11.0,2.0,39.19117647058823,0
55.42690009699436,177376.30489379,1655,1.3994563802083333,10.0,2.0,39.19117647058823,0
55.46291210199706,177376.340905795,1656,1.3985319010416666,10.0,2.0,39.19117647058823,0
55.494929042994045,177376.372922736,1657,1.4088444010416667,8.0,2.0,39.19117647058823,0
55.53093489501043,177376.408928588,1658,1.403505859375,8.0,2.0,39.19117647058823,0
55.56295767301344,177376.440951366,1659,1.405419921875,7.0,2.0,39.19117647058823,0
55.59495414199773,177376.472947835,1660,1.405205078125,10.0,2.0,39.19117647058823,0
55.63089901901549,177376.508892712,1661,1.3949381510416667,10.0,2.0,39.19117647058823,0
55.66292373900069,177376.540917432,1662,1.4020345052083334,8.0,2.0,39.19117647058823,0
55.69488830101909,177376.572881994,1663,2.3661588541666667,254.0,16.0,39.19117647058823,1
55.73096523300046,177376.608958926,1664,2.30306640625,254.0,14.0,39.19117647058823,1
55.76290373201482,177376.640897425,1665,1.4226692708333333,9.0,2.0,39.19117647058823,0
55.79894185901503,177376.676935552,1666,1.401630859375,9.0,2.0,39.19117647058823,0
55.83090276599978,177376.708896459,1667,1.4032194010416668,10.0,2.0,39.19117647058823,0
55.86304269399261,177376.741036387,1668,1.39306640625,10.0,2.0,39.19117647058823,0
55.89891528501175,177376.776908978,1669,1.394033203125,9.0,2.0,39.19117647058823,0
55.93091630100389,177376.808909994,1670,1.3941634114583332,9.0,2.0,39.19117647058823,0
55.96298085100716,177376.840974544,1671,1.40564453125,9.0,2.0,39.19117647058823,0
55.99892897400423,177376.876922667,1672,1.3960221354166666,8.0,2.0,39.19117647058823,0
56.031036144995596,177376.909029838,1673,1.4018131510416667,11.0,2.0,39.19117647058823,0
56.06287106501986,177376.940864758,1674,1.40599609375,9.0,2.0,39.19117647058823,0
56.09889205900254,177376.976885752,1675,1.3903580729166667,10.0,2.0,39.19117647058823,0
56.130929399019806,177377.008923092,1676,1.4023111979166667,15.0,2.0,39.19117647058823,0
56.16688816001988,177377.044881853,1677,1.4043489583333333,13.0,2.0,39.19117647058823,0
56.19890658400254,177377.076900277,1678,1.4043684895833333,8.0,2.0,39.19117647058823,0
56.23113884599297,177377.109132539,1679,1.399541015625,8.0,2.0,39.19117647058823,0
56.266957286017714,177377.144950979,1680,1.405673828125,11.0,2.0,39.19117647058823,0
56.29893842301681,177377.176932116,1681,1.39763671875,9.0,2.0,39.19117647058823,0
56.33089117900818,177377.208884872,1682,1.4071712239583334,8.0,2.0,39.19117647058823,0
56.36691351002082,177377.244907203,1683,1.3963802083333334,9.0,2.0,39.19117647058823,0
56.39895332799642,177377.276947021,1684,1.3964322916666667,11.0,2.0,39.19117647058823,0
56.43487665700377,177377.31287035,1685,1.39986328125,9.0,2.0,39.19117647058823,0
56.466868827003054,177377.34486252,1686,1.3943326822916666,6.0,2.0,39.19117647058823,0
56.49887069300166,177377.376864386,1687,1.4073470052083332,9.0,2.0,39.19117647058823,0
56.53493285999866,177377.412926553,1688,1.397138671875,12.0,2.0,39.19117647058823,0
56.56689239302068,177377.444886086,1689,1.394560546875,10.0,2.0,39.19117647058823,0
56.5989498590061,177377.476943552,1690,1.3995572916666668,8.0,2.0,39.19117647058823,0
56.63487055301084,177377.512864246,1691,1.3968326822916666,10.0,2.0,39.19117647058823,0
56.66695289500058,177377.544946588,1692,1.3983951822916667,8.0,2.0,39.19117647058823,0
56.69891779101454,177377.576911484,1693,1.4109016927083333,13.0,2.0,39.19117647058823,0
56.73488618299598,177377.612879876,1694,1.3987760416666666,6.0,2.0,39.19117647058823,0
56.76687507200404,177377.644868765,1695,1.399931640625,9.0,2.0,39.19117647058823,0
56.802899224014254,177377.680892917,1696,1.3946907552083334,10.0,2.0,39.19117647058823,0
56.83492456600652,177377.712918259,1697,1.3935384114583333,8.0,2.0,39.19117647058823,0
56.86686510799336,177377.744858801,1698,1.3953287760416666,9.0,2.0,39.19117647058823,0
56.90292864799267,177377.780922341,1699,1.40322265625,6.0,2.0,39.19117647058823,0
56.93488028799766,177377.812873981,1700,1.3999837239583333,7.0,2.0,39.19117647058823,0
56.966869602008956,177377.844863295,1701,1.4042936197916667,9.0,2.0,39.19117647058823,0
57.00295490800636,177377.880948601,1702,1.3969759114583333,9.0,2.0,39.19117647058823,0
57.034851467004046,177377.91284516,1703,1.3955859375,10.0,2.0,39.19117647058823,0
57.07089697601623,177377.948890669,1704,1.405537109375,8.0,2.0,39.19117647058823,0
57.102934576018015,177377.980928269,1705,1.4012174479166666,10.0,2.0,39.19117647058823,0
57.134877495002,177378.012871188,1706,1.4008723958333333,12.0,2.0,39.19117647058823,0
57.17093279500841,177378.048926488,1707,1.405087890625,9.0,2.0,39.19117647058823,0
57.20295032201102,177378.080944015,1708,1.4043522135416666,12.0,2.0,39.19117647058823,0
57.23488830801216,177378.112882001,1709,1.3970540364583333,8.0,2.0,39.19117647058823,0
57.27093841700116,177378.14893211,1710,1.3988053385416668,9.0,2.0,39.19117647058823,0
57.30291694699554,177378.18091064,1711,1.4050130208333333,9.0,2.0,39.19117647058823,0
57.334885623015,177378.212879316,1712,1.4004329427083333,7.0,2.0,39.19117647058823,0
57.37093406301574,177378.248927756,1713,1.403408203125,7.0,2.0,39.19117647058823,0
57.40288086401415,177378.280874557,1714,1.4068912760416667,8.0,2.0,39.19117647058823,0
57.438920296001015,177378.316913989,1715,1.4000390625,8.0,2.0,39.19117647058823,0
57.470929344010074,177378.348923037,1716,1.3959830729166667,8.0,2.0,39.19117647058823,0
57.50289929501014,177378.380892988,1717,1.3987727864583333,10.0,2.0,39.19117647058823,0
57.538906293018954,177378.416899986,1718,1.4020247395833334,7.0,2.0,39.19117647058823,0
57.57092802700936,177378.44892172,1719,1.3934765625,10.0,2.0,39.19117647058823,0
57.6028795390157,177378.480873232,1720,1.39890625,9.0,2.0,39.19117647058823,0
57.638982917007525,177378.51697661,1721,1.3951009114583333,8.0,2.0,39.19117647058823,0
57.6709398929961,177378.548933586,1722,1.3946061197916666,10.0,2.0,39.19117647058823,0
57.706927204009844,177378.584920897,1723,2.467509765625,254.0,16.0,39.19117647058823,1
57.7389495279931,177378.616943221,1724,1.4534114583333333,10.0,2.0,39.19117647058823,0
57.77087939501507,177378.648873088,1725,1.4039876302083334,7.0,2.0,39.19117647058823,0
57.80688490901957,177378.684878602,1726,1.40056640625,7.0,2.0,39.19117647058823,0
57.83893116301624,177378.716924856,1727,1.4019270833333333,9.0,2.0,39.19117647058823,0
57.87087840901222,177378.748872102,1728,1.4055110677083333,6.0,2.0,39.19117647058823,0
57.90693962399382,177378.784933317,1729,1.397275390625,10.0,2.0,39.19117647058823,0
57.93889591100742,177378.816889604,1730,1.3987825520833332,11.0,2.0,39.19117647058823,0
57.9708824440022,177378.848876137,1731,1.4085481770833332,8.0,2.0,39.19117647058823,0
58.00697239500005,177378.884966088,1732,1.4033333333333333,8.0,2.0,39.19117647058823,0
58.038853211997775,177378.916846905,1733,1.399560546875,8.0,2.0,39.19117647058823,0
58.074923745996784,177378.952917439,1734,1.3998111979166667,9.0,2.0,39.19117647058823,0
58.106946331012296,177378.984940024,1735,1.4051953125,8.0,2.0,39.19117647058823,0
58.138886914006434,177379.016880607,1736,1.4055794270833333,9.0,2.0,39.19117647058823,0
58.17493178200675,177379.052925475,1737,1.394755859375,8.0,2.0,39.19117647058823,0
58.206935596012045,177379.084929289,1738,1.4027897135416667,8.0,2.0,39.19117647058823,0
58.23898884400842,177379.116982537,1739,1.4020703125,7.0,2.0,39.19117647058823,0
58.274895681999624,177379.152889375,1740,1.3954947916666667,7.0,2.0,39.19117647058823,0
58.306917784007965,177379.184911477,1741,1.4112369791666666,8.0,2.0,39.19117647058823,0
58.34296651399927,177379.220960207,1742,1.404853515625,8.0,2.0,39.19117647058823,0
58.37494366301689,177379.252937356,1743,1.4089876302083333,9.0,2.0,39.19117647058823,0
58.406889335019514,177379.284883028,1744,1.3960904947916666,16.0,2.0,39.19117647058823,0
58.44304662401555,177379.321040317,1745,1.4035774739583333,8.0,2.0,39.19117647058823,0
58.4749082410126,177379.352901934,1746,1.39080078125,7.0,2.0,39.19117647058823,0
58.506904670008225,177379.384898363,1747,1.4020149739583334,8.0,2.0,39.19117647058823,0
58.54321701201843,177379.421210705,1748,1.391064453125,8.0,2.0,39.19117647058823,0
58.57492973000626,177379.452923423,1749,1.4058170572916666,7.0,2.0,39.19117647058823,0
58.6069089010125,177379.484902594,1750,1.40068359375,9.0,2.0,39.19117647058823,0
58.64307655900484,177379.521070252,1751,1.39931640625,9.0,2.0,39.19117647058823,0
58.67487613100093,177379.552869824,1752,1.4030110677083334,9.0,2.0,39.19117647058823,0
58.7110484620207,177379.589042155,1753,1.391982421875,10.0,2.0,39.19117647058823,0
58.7429762929969,177379.620969986,1754,1.3996256510416667,10.0,2.0,39.19117647058823,0
58.77485269101453,177379.652846384,1755,1.4073828125,12.0,2.0,39.19117647058823,0
58.81093823199626,177379.688931925,1756,1.4017610677083334,8.0,2.0,39.19117647058823,0
58.843077802011976,177379.721071495,1757,1.4067154947916667,8.0,2.0,39.19117647058823,0
58.8749158460123,177379.752909539,1758,1.4022233072916668,8.0,2.0,39.19117647058823,0
58.91109104899806,177379.789084742,1759,1.400546875,9.0,2.0,39.19117647058823,0
58.943035780015634,177379.821029473,1760,1.4024641927083332,12.0,2.0,39.19117647058823,0
58.97897782700602,177379.85697152,1761,1.40029296875,8.0,2.0,39.19117647058823,0
59.011117987014586,177379.88911168,1762,1.4043619791666666,9.0,2.0,39.19117647058823,0
59.04298891199869,177379.920982605,1763,1.3958072916666666,9.0,2.0,39.19117647058823,0
59.07892006399925,177379.956913757,1764,1.401171875,9.0,2.0,39.19117647058823,0
59.1110691470094,177379.98906284,1765,1.4035026041666667,10.0,2.0,39.19117647058823,0
59.14296016099979,177380.020953854,1766,1.4027083333333332,8.0,2.0,39.19117647058823,0
59.17899067199323,177380.056984365,1767,1.4098046875,10.0,2.0,39.19117647058823,0
59.21112076900317,177380.089114462,1768,1.3964583333333334,9.0,2.0,39.19117647058823,0
59.24302735901438,177380.121021052,1769,1.3977897135416666,15.0,2.0,39.19117647058823,0
59.278963823016966,177380.156957516,1770,1.4033333333333333,8.0,2.0,39.19117647058823,0
59.31089329000679,177380.188886983,1771,1.3994140625,9.0,2.0,39.19117647058823,0
59.34695689199725,177380.224950585,1772,1.393212890625,10.0,2.0,39.19117647058823,0
59.3789649780083,177380.256958671,1773,1.399150390625,10.0,2.0,39.19117647058823,0
59.41113586301799,177380.289129556,1774,1.3987272135416666,15.0,2.0,39.19117647058823,0
59.446956869011046,177380.324950562,1775,1.4026595052083333,7.0,2.0,39.19117647058823,0
59.47898035400431,177380.356974047,1776,1.4003450520833334,12.0,2.0,39.19117647058823,0
59.511042807018384,177380.3890365,1777,1.3985123697916666,8.0,2.0,39.19117647058823,0
59.54699031802011,177380.424984011,1778,1.4045703125,9.0,2.0,39.19117647058823,0
59.57893901699572,177380.45693271,1779,1.3932356770833334,12.0,2.0,39.19117647058823,0
59.614985054999124,177380.492978748,1780,1.4000423177083334,14.0,2.0,39.19117647058823,0
59.64696150299278,177380.524955196,1781,2.4343294270833336,254.0,16.0,39.19117647058823,1
59.67888986499747,177380.556883558,1782,1.5216666666666667,16.0,2.0,39.19117647058823,0
59.7149572680064,177380.592950961,1783,1.4101888020833333,8.0,2.0,39.19117647058823,0
59.747203917009756,177380.62519761,1784,1.4008658854166667,14.0,2.0,39.19117647058823,0
59.77893994899932,177380.656933642,1785,1.3965755208333333,10.0,2.0,39.19117647058823,0
59.81497158500133,177380.692965278,1786,1.3941341145833333,12.0,2.0,39.19117647058823,0
59.84705540499999,177380.725049098,1787,1.4040592447916667,10.0,2.0,39.19117647058823,0
59.87902344201575,177380.757017135,1788,1.4034375,7.0,2.0,39.19117647058823,0
59.91497506000451,177380.792968753,1789,1.3967643229166666,8.0,2.0,39.19117647058823,0
59.94698406200041,177380.824977755,1790,1.3938639322916666,12.0,2.0,39.19117647058823,0
59.98291864100611,177380.860912334,1791,1.404189453125,12.0,2.0,39.19117647058823,0
60.01494957800605,177380.892943271,1792,1.3946158854166666,11.0,2.0,39.19117647058823,0
60.046957365993876,177380.924951059,1793,1.40455078125,9.0,2.0,39.19117647058823,0
60.08297721200506,177380.960970905,1794,1.39521484375,8.0,2.0,39.19117647058823,0
60.11494910399779,177380.992942797,1795,1.39751953125,10.0,2.0,39.19117647058823,0
60.14693521801382,177381.024928911,1796,1.4038932291666666,8.0,2.0,39.19117647058823,0
60.18611758999759,177381.064111283,1797,1.396103515625,11.0,2.0,39.19117647058823,0
60.21544084601919,177381.093434539,1798,1.4006510416666667,9.0,2.0,39.19117647058823,0
60.25260213401634,177381.130595827,1799,1.3949446614583334,11.0,2.0,39.19117647058823,0
60.282930612011114,177381.160924305,1800,1.391572265625,6.0,2.0,39.19117647058823,0
60.314938657014864,177381.19293235,1801,1.3946419270833332,8.0,2.0,39.19117647058823,0
60.350920986995334,177381.22891468,1802,1.4071744791666667,12.0,2.0,39.19117647058823,0
60.38291294701048,177381.26090664,1803,1.4060579427083333,7.0,2.0,39.19117647058823,0
60.41492811200442,177381.292921805,1804,1.404921875,6.0,2.0,39.19117647058823,0
60.450942171009956,177381.328935864,1805,1.3969303385416667,8.0,2.0,39.19117647058823,0
60.483003702014685,177381.360997395,1806,1.3997102864583333,12.0,2.0,39.19117647058823,0
60.51493839500472,177381.392932088,1807,1.3980989583333334,7.0,2.0,39.19117647058823,0
60.55099599401001,177381.428989687,1808,1.3984440104166667,8.0,2.0,39.19117647058823,0
60.5829174919927,177381.460911185,1809,1.3960774739583333,13.0,2.0,39.19117647058823,0
60.61892492100014,177381.496918614,1810,1.4052408854166667,7.0,2.0,39.19117647058823,0
60.65093968101428,177381.528933374,1811,1.400556640625,7.0,2.0,39.19117647058823,0
60.68291832800605,177381.560912021,1812,1.4091927083333333,13.0,2.0,39.19117647058823,0
60.71896568100783,177381.596959374,1813,1.39994140625,6.0,2.0,39.19117647058823,0
60.75102264501038,177381.629016338,1814,1.4059049479166668,8.0,2.0,39.19117647058823,0
60.782916483003646,177381.660910176,1815,1.3991276041666667,10.0,2.0,39.19117647058823,0
60.81894049301627,177381.696934186,1816,1.395576171875,15.0,2.0,39.19117647058823,0
60.850930481014075,177381.728924174,1817,1.4074348958333334,8.0,2.0,39.19117647058823,0
60.88696800201433,177381.764961695,1818,1.3981119791666667,7.0,2.0,39.19117647058823,0
60.91891418301384,177381.796907876,1819,1.4065462239583333,9.0,2.0,39.19117647058823,0
60.95088307300466,177381.828876766,1820,1.4037565104166667,6.0,2.0,39.19117647058823,0
60.98695880701416,177381.8649525,1821,1.390517578125,9.0,2.0,39.19117647058823,0
61.01896847499302,177381.896962168,1822,1.4116927083333333,13.0,2.0,39.19117647058823,0
61.05091360901133,177381.928907302,1823,1.400107421875,9.0,2.0,39.19117647058823,0
61.08693903000676,177381.964932723,1824,1.3993684895833334,9.0,2.0,39.19117647058823,0
61.118927878997056,177381.996921572,1825,1.3966861979166667,10.0,2.0,39.19117647058823,0
61.15097357201739,177382.028967265,1826,1.3997200520833333,10.0,2.0,39.19117647058823,0
61.1869062250189,177382.064899918,1827,1.3954329427083334,10.0,2.0,39.19117647058823,0
61.218885089998366,177382.096878783,1828,1.38890625,14.0,2.0,39.19117647058823,0
61.254946015018504,177382.132939708,1829,1.4070377604166666,10.0,2.0,39.19117647058823,0
61.28690772000118,177382.164901413,1830,1.3963932291666667,8.0,2.0,39.19117647058823,0
61.318910963018425,177382.196904656,1831,1.39650390625,7.0,2.0,39.19117647058823,0
61.35502024501329,177382.233013938,1832,1.401630859375,10.0,2.0,39.19117647058823,0
61.38690764500643,177382.264901338,1833,1.3986393229166667,10.0,2.0,39.19117647058823,0
61.418886029015994,177382.296879722,1834,1.40115234375,9.0,2.0,39.19117647058823,0
61.454912610992324,177382.332906304,1835,1.3991731770833333,12.0,2.0,39.19117647058823,0
61.48692457401194,177382.364918267,1836,1.4024934895833334,13.0,2.0,39.19117647058823,0
61.52293653500965,177382.400930228,1837,1.402265625,9.0,2.0,39.19117647058823,0
61.55494785300107,177382.432941546,1838,1.4070084635416666,10.0,2.0,39.19117647058823,0
61.586916225001914,177382.464909918,1839,1.4049283854166668,16.0,2.0,39.19117647058823,0
61.62297483399743,177382.500968527,1840,1.397607421875,8.0,2.0,39.19117647058823,0
61.65495047601871,177382.532944169,1841,1.3988346354166667,15.0,2.0,39.19117647058823,0
61.68701730700559,177382.565011,1842,1.3933919270833333,9.0,2.0,39.19117647058823,0
61.72291654301807,177382.600910236,1843,1.4026497395833333,7.0,2.0,39.19117647058823,0
61.754935460019624,177382.632929153,1844,1.4068587239583332,12.0,2.0,39.19117647058823,0
61.7869127090089,177382.664906402,1845,1.4008854166666667,8.0,2.0,39.19117647058823,0
61.822930712020025,177382.700924405,1846,1.4029524739583332,12.0,2.0,39.19117647058823,0
61.85491928100237,177382.732912974,1847,2.4643815104166666,254.0,16.0,39.19117647058823,1
61.890940851008054,177382.768934544,1848,1.4612760416666666,13.0,2.0,39.19117647058823,0
61.922952051012544,177382.800945744,1849,1.410107421875,9.0,2.0,39.19117647058823,0
61.95491802500328,177382.832911718,1850,1.4046875,10.0,2.0,39.19117647058823,0
61.99095598899294,177382.868949682,1851,1.4033984375,9.0,2.0,39.19117647058823,0
62.02294773401809,177382.900941427,1852,1.4019759114583332,8.0,2.0,39.19117647058823,0
62.05503731101635,177382.933031004,1853,1.4014876302083332,11.0,2.0,39.19117647058823,0
62.09094492500299,177382.968938618,1854,1.3954654947916667,9.0,2.0,39.19117647058823,0
62.12289251000038,177383.000886203,1855,1.4018098958333334,9.0,2.0,39.19117647058823,0
62.159021265018964,177383.037014958,1856,1.3889420572916666,15.0,2.0,39.19117647058823,0
62.19094621899421,177383.068939912,1857,1.3963671875,12.0,2.0,39.19117647058823,0
62.22288817699882,177383.10088187,1858,1.401806640625,8.0,2.0,39.19117647058823,0
62.25912692400743,177383.137120617,1859,1.40740234375,7.0,2.0,39.19117647058823,0
62.29091154100024,177383.168905234,1860,1.3962044270833334,8.0,2.0,39.19117647058823,0
62.32292573901941,177383.200919432,1861,1.404912109375,10.0,2.0,39.19117647058823,0
62.3590411710029,177383.237034864,1862,1.4037630208333334,9.0,2.0,39.19117647058823,0
62.390917351003736,177383.268911044,1863,1.4050911458333333,14.0,2.0,39.19117647058823,0
62.42293722499744,177383.300930918,1864,1.3943391927083333,8.0,2.0,39.19117647058823,0
62.45907644301769,177383.337070136,1865,1.4123665364583333,10.0,2.0,39.19117647058823,0
62.4908899400034,177383.368883633,1866,1.399384765625,7.0,2.0,39.19117647058823,0
62.52699010501965,177383.404983798,1867,1.400615234375,9.0,2.0,39.19117647058823,0
62.55905333100236,177383.437047024,1868,1.4009928385416666,17.0,2.0,39.19117647058823,0
62.590851864020806,177383.468845557,1869,1.3975032552083333,7.0,2.0,39.19117647058823,0
62.62694253202062,177383.504936225,1870,1.4082421875,6.0,2.0,39.19117647058823,0
62.65904322999995,177383.537036923,1871,1.3990787760416667,8.0,2.0,39.19117647058823,0
62.69088341901079,177383.568877112,1872,1.3951953125,8.0,2.0,39.19117647058823,0
62.72699220001232,177383.604985893,1873,1.3931477864583333,9.0,2.0,39.19117647058823,0
62.75895060499897,177383.636944298,1874,1.3968294270833332,9.0,2.0,39.19117647058823,0
62.79495596099878,177383.672949654,1875,1.3952571614583333,8.0,2.0,39.19117647058823,0
62.82701593200909,177383.705009625,1876,1.3998046875,12.0,2.0,39.19117647058823,0
62.858916383003816,177383.736910076,1877,1.4094954427083333,7.0,2.0,39.19117647058823,0
62.895064506999915,177383.7730582,1878,1.3974055989583334,9.0,2.0,39.19117647058823,0
62.92702643899247,177383.805020132,1879,1.3978515625,6.0,2.0,39.19117647058823,0
62.95915445199353,177383.837148145,1880,1.40619140625,7.0,2.0,39.19117647058823,0
62.995034224004485,177383.873027917,1881,1.400078125,10.0,2.0,39.19117647058823,0
63.02702037701965,177383.90501407,1882,1.396953125,12.0,2.0,39.19117647058823,0
63.058983832015656,177383.936977525,1883,1.3993815104166667,8.0,2.0,39.19117647058823,0
63.09507983402,177383.973073527,1884,1.3977766927083333,13.0,2.0,39.19117647058823,0
63.12697121402016,177384.004964907,1885,1.3944173177083334,9.0,2.0,39.19117647058823,0
63.16303746201447,177384.041031155,1886,1.39685546875,9.0,2.0,39.19117647058823,0
63.195211801998084,177384.073205495,1887,1.3967122395833333,7.0,2.0,39.19117647058823,0
63.22692774000461,177384.104921433,1888,1.3935807291666666,9.0,2.0,39.19117647058823,0
63.26306838399614,177384.141062077,1889,1.3959895833333333,14.0,2.0,39.19117647058823,0
63.29505374000291,177384.173047433,1890,1.4030729166666667,12.0,2.0,39.19117647058823,0
63.326924009015784,177384.204917702,1891,1.4045963541666666,13.0,2.0,39.19117647058823,0
63.36299176400644,177384.240985457,1892,1.3985026041666666,15.0,2.0,39.19117647058823,0
63.394959237019066,177384.27295293,1893,1.4047786458333333,8.0,2.0,39.19117647058823,0
63.43094872700749,177384.30894242,1894,1.4072526041666666,12.0,2.0,39.19117647058823,0
63.46303211399936,177384.341025807,1895,1.4005078125,6.0,2.0,39.19117647058823,0
63.495039225992514,177384.373032919,1896,1.400087890625,15.0,2.0,39.19117647058823,0
63.53104220199748,177384.409035895,1897,1.4012467447916668,7.0,2.0,39.19117647058823,0
63.56307218200527,177384.441065875,1898,1.3959928385416667,8.0,2.0,39.19117647058823,0
63.59499628201593,177384.472989975,1899,1.4039127604166666,9.0,2.0,39.19117647058823,0
63.63099542600685,177384.508989119,1900,1.4060481770833333,8.0,2.0,39.19117647058823,0
63.66302685000119,177384.541020543,1901,1.403271484375,8.0,2.0,39.19117647058823,0
63.69504728302127,177384.573040976,1902,1.4044661458333334,11.0,2.0,39.19117647058823,0
63.73097952999524,177384.608973223,1903,1.4074055989583334,6.0,2.0,39.19117647058823,0
63.76297094099573,177384.640964634,1904,1.3936783854166668,8.0,2.0,39.19117647058823,0
63.798990216018865,177384.676983909,1905,1.4033984375,6.0,2.0,39.19117647058823,0
63.83104121501674,177384.709034908,1906,1.3891438802083333,6.0,2.0,39.19117647058823,0
63.86295404899283,177384.740947742,1907,1.3930403645833334,12.0,2.0,39.19117647058823,0
63.89896027499344,177384.776953968,1908,1.3980696614583332,16.0,2.0,39.19117647058823,0
63.930953347997274,177384.808947041,1909,1.4080436197916666,8.0,2.0,39.19117647058823,0
63.96296399401035,177384.840957687,1910,1.3935286458333334,15.0,2.0,39.19117647058823,0
63.99897259499994,177384.876966288,1911,1.3953352864583333,9.0,2.0,39.19117647058823,0
64.0309818520036,177384.908975545,1912,2.458177083333333,254.0,16.0,39.19117647058823,1
64.06699299099273,177384.944986684,1913,1.472802734375,8.0,2.0,39.19117647058823,0
64.09895531801158,177384.976949011,1914,1.412626953125,10.0,2.0,39.19117647058823,0
64.1309650829935,177385.008958776,1915,1.405703125,11.0,2.0,39.19117647058823,0
64.16695389000233,177385.044947583,1916,1.407060546875,10.0,2.0,39.19117647058823,0
64.19899832402007,177385.076992017,1917,1.3985481770833332,6.0,2.0,39.19117647058823,0
64.23090101502021,177385.108894708,1918,1.405693359375,8.0,2.0,39.19117647058823,0
64.26693909801543,177385.144932791,1919,1.3969563802083333,15.0,2.0,39.19117647058823,0
64.2990393039945,177385.177032997,1920,1.4060807291666666,12.0,2.0,39.19117647058823,0
64.33095549000427,177385.208949183,1921,1.3981966145833333,12.0,2.0,39.19117647058823,0
64.3670254710014,177385.245019164,1922,1.403916015625,10.0,2.0,39.19117647058823,0
64.39892583299661,177385.276919526,1923,1.396650390625,8.0,2.0,39.19117647058823,0
64.43493818200659,177385.312931875,1924,1.3981803385416667,9.0,2.0,39.19117647058823,0
64.4669417150144,177385.344935408,1925,1.4053190104166666,10.0,2.0,39.19117647058823,0
64.49891527101863,177385.376908964,1926,1.404296875,12.0,2.0,39.19117647058823,0
64.53495387602015,177385.412947569,1927,1.4055859375,10.0,2.0,39.19117647058823,0
64.56695926800603,177385.444952961,1928,1.4019270833333333,7.0,2.0,39.19117647058823,0
64.59892415301874,177385.476917846,1929,1.39951171875,8.0,2.0,39.19117647058823,0
64.6349670609925,177385.512960754,1930,1.4089615885416666,13.0,2.0,39.19117647058823,0
64.66693150100764,177385.544925194,1931,1.3970279947916666,9.0,2.0,39.19117647058823,0
64.70297711499734,177385.580970808,1932,1.4025358072916667,10.0,2.0,39.19117647058823,0
64.73494804601069,177385.612941739,1933,1.3993587239583334,10.0,2.0,39.19117647058823,0
64.76693904201966,177385.644932735,1934,1.4033528645833333,9.0,2.0,39.19117647058823,0
64.80293223401532,177385.680925927,1935,1.399140625,12.0,2.0,39.19117647058823,0
64.83498715501628,177385.712980848,1936,1.4075944010416668,10.0,2.0,39.19117647058823,0
64.86694619301124,177385.744939886,1937,1.39986328125,10.0,2.0,39.19117647058823,0
64.90295794399572,177385.780951637,1938,1.403505859375,13.0,2.0,39.19117647058823,0
64.93501457801904,177385.813008271,1939,1.4056412760416668,11.0,2.0,39.19117647058823,0
64.96712640399346,177385.845120097,1940,1.4018294270833334,11.0,2.0,39.19117647058823,0
65.00295407499652,177385.880947768,1941,1.3914290364583333,9.0,2.0,39.19117647058823,0
65.03490540201892,177385.912899095,1942,1.406923828125,8.0,2.0,39.19117647058823,0
65.07095287801349,177385.948946571,1943,1.3962174479166667,10.0,2.0,39.19117647058823,0
65.10296902401024,177385.980962717,1944,1.3962760416666666,14.0,2.0,39.19117647058823,0
65.13490796700353,177386.01290166,1945,1.3992578125,11.0,2.0,39.19117647058823,0
65.17095457401592,177386.048948267,1946,1.398388671875,7.0,2.0,39.19117647058823,0
65.20292636600789,177386.080920059,1947,1.401240234375,8.0,2.0,39.19117647058823,0
65.23493364200112,177386.112927335,1948,1.4054296875,9.0,2.0,39.19117647058823,0
65.27099400400766,177386.148987697,1949,1.4055533854166666,5.0,2.0,39.19117647058823,0
65.30292857802124,177386.180922271,1950,1.3986751302083333,9.0,2.0,39.19117647058823,0
65.33898764799233,177386.216981341,1951,1.3978971354166667,12.0,2.0,39.19117647058823,0
65.3709625750198,177386.248956268,1952,1.402861328125,8.0,2.0,39.19117647058823,0
65.40291072099353,177386.280904414,1953,1.3983821614583334,8.0,2.0,39.19117647058823,0
65.43898219501716,177386.316975888,1954,1.389853515625,11.0,2.0,39.19117647058823,0
65.47093672299525,177386.348930416,1955,1.4031640625,10.0,2.0,39.19117647058823,0
65.50290666200453,177386.380900355,1956,1.4033821614583333,9.0,2.0,39.19117647058823,0
65.53901870700065,177386.4170124,1957,1.3940104166666667,8.0,2.0,39.19117647058823,0
65.57096724200528,177386.448960935,1958,1.4048502604166666,13.0,2.0,39.19117647058823,0
65.60696477000602,177386.484958463,1959,1.3962434895833333,10.0,2.0,39.19117647058823,0
65.63896774701425,177386.51696144,1960,1.4017936197916667,9.0,2.0,39.19117647058823,0
65.67094028700376,177386.54893398,1961,1.3942936197916667,6.0,2.0,39.19117647058823,0
65.70698182901833,177386.584975522,1962,1.39958984375,6.0,2.0,39.19117647058823,0
65.73897610799759,177386.616969801,1963,1.395078125,8.0,2.0,39.19117647058823,0
65.7709306400211,177386.648924333,1964,1.3959928385416667,8.0,2.0,39.19117647058823,0
65.8069970330107,177386.684990726,1965,1.3983365885416668,5.0,2.0,39.19117647058823,0
65.83903569701943,177386.71702939,1966,1.401494140625,7.0,2.0,39.19117647058823,0
65.87100228501367,177386.748995978,1967,1.39029296875,12.0,2.0,39.19117647058823,0
65.90704998502042,177386.785043678,1968,1.4042740885416667,7.0,2.0,39.19117647058823,0
65.9389945580042,177386.816988251,1969,1.4082063802083333,6.0,2.0,39.19117647058823,0
65.9750568800082,177386.853050573,1970,1.4094368489583333,12.0,2.0,39.19117647058823,0
66.00698328900035,177386.884976982,1971,1.3994303385416667,8.0,2.0,39.19117647058823,0
66.03903291400638,177386.917026607,1972,1.4050162760416667,9.0,2.0,39.19117647058823,0
66.07503623899538,177386.953029932,1973,1.3986783854166667,8.0,2.0,39.19117647058823,0
66.1070221879927,177386.985015881,1974,1.4090266927083333,8.0,2.0,39.19117647058823,0
66.14091380001628,177387.018907493,1975,1.44642578125,15.0,3.0,39.19117647058823,0
66.17512678701314,177387.05312048,1976,2.4716796875,254.0,16.0,39.19117647058823,1
66.20714925101493,177387.085142944,1977,1.454658203125,10.0,2.0,39.19117647058823,0
66.24300247599604,177387.120996169,1978,1.4069140625,7.0,2.0,39.19117647058823,0
66.27499599099974,177387.152989684,1979,1.4080924479166668,7.0,2.0,39.19117647058823,0
66.30695995900896,177387.184953652,1980,1.4016666666666666,9.0,2.0,39.19117647058823,0
66.3430643210013,177387.221058014,1981,1.406318359375,6.0,2.0,39.19117647058823,0
66.37514267701772,177387.25313637,1982,1.398896484375,9.0,2.0,39.19117647058823,0
66.40706516301725,177387.285058856,1983,1.397822265625,11.0,2.0,39.19117647058823,0
66.44310959600261,177387.321103289,1984,1.3975162760416666,10.0,2.0,39.19117647058823,0
66.4749583619996,177387.352952055,1985,1.3985677083333334,11.0,2.0,39.19117647058823,0
66.50699846699717,177387.38499216,1986,1.3980240885416666,10.0,2.0,39.19117647058823,0
66.54304455200327,177387.421038245,1987,1.395263671875,12.0,2.0,39.19117647058823,0
66.57507639500545,177387.453070088,1988,1.401650390625,8.0,2.0,39.19117647058823,0
66.6111782460066,177387.489171939,1989,1.4044173177083332,8.0,2.0,39.19117647058823,0
66.64299141301308,177387.520985106,1990,1.3956412760416668,6.0,2.0,39.19117647058823,0
66.67495512301684,177387.552948816,1991,1.39927734375,9.0,2.0,39.19117647058823,0
66.71106023699394,177387.58905393,1992,1.4010481770833334,8.0,2.0,39.19117647058823,0
66.7430968680128,177387.621090561,1993,1.3965006510416667,8.0,2.0,39.19117647058823,0
66.77497147201211,177387.652965165,1994,1.405263671875,10.0,2.0,39.19117647058823,0
66.8111849570123,177387.68917865,1995,1.4002213541666666,9.0,2.0,39.19117647058823,0
66.84316832601326,177387.721162019,1996,1.397998046875,12.0,2.0,39.19117647058823,0
66.87920291200862,177387.757196605,1997,1.4024837239583334,12.0,2.0,39.19117647058823,0
66.91110414199647,177387.789097835,1998,1.4048404947916666,8.0,2.0,39.19117647058823,0
66.94297502201516,177387.820968715,1999,1.40283203125,11.0,2.0,39.19117647058823,0
66.97912472800817,177387.857118421,2000,1.4032389322916667,7.0,2.0,39.19117647058823,0
67.01111192899407,177387.889105622,2001,1.4057063802083334,8.0,2.0,39.19117647058823,0
67.04301839802065,177387.921012091,2002,1.3958138020833333,10.0,2.0,39.19117647058823,0
67.079260900995,177387.957254594,2003,1.3999186197916667,7.0,2.0,39.19117647058823,0
67.1111425110139,177387.989136204,2004,1.4071256510416668,13.0,2.0,39.19117647058823,0
67.14369153100415,177388.021685224,2005,1.4094889322916666,7.0,2.0,39.19117647058823,0
67.17917240201496,177388.057166095,2006,1.3973111979166666,13.0,2.0,39.19117647058823,0
67.2110482059943,177388.089041899,2007,1.4028450520833333,8.0,2.0,39.19117647058823,0
67.2471586689935,177388.125152362,2008,1.3965104166666666,10.0,2.0,39.19117647058823,0
67.27914115300518,177388.157134846,2009,1.4017643229166667,8.0,2.0,39.19117647058823,0
67.31104541500099,177388.189039108,2010,1.409833984375,7.0,2.0,39.19117647058823,0
67.34716788399965,177388.225161577,2011,1.3939388020833334,12.0,2.0,39.19117647058823,0
67.37998976602103,177388.257983459,2012,1.399326171875,8.0,2.0,39.19117647058823,0
67.41110148301232,177388.289095176,2013,1.41009765625,8.0,2.0,39.19117647058823,0
67.44714647301589,177388.325140166,2014,1.4034993489583334,10.0,2.0,39.19117647058823,0
67.47924744701595,177388.35724114,2015,1.4039583333333334,12.0,2.0,39.19117647058823,0
67.51514735401724,177388.393141047,2016,1.4027962239583334,9.0,2.0,39.19117647058823,0
67.54716073101736,177388.425154424,2017,1.4009440104166666,8.0,2.0,39.19117647058823,0
67.57911910000257,177388.457112793,2018,1.4002669270833332,7.0,2.0,39.19117647058823,0
67.61511963501107,177388.493113328,2019,1.4015494791666667,9.0,2.0,39.19117647058823,0
67.64714262500638,177388.525136318,2020,1.3971451822916667,6.0,2.0,39.19117647058823,0
67.67914600201766,177388.557139695,2021,1.4023209635416667,8.0,2.0,39.19117647058823,0
67.71515164099401,177388.593145334,2022,1.4012565104166668,9.0,2.0,39.19117647058823,0
67.74727781501133,177388.625271508,2023,1.3978938802083334,6.0,2.0,39.19117647058823,0
67.77912807199755,177388.657121765,2024,1.3989192708333333,14.0,2.0,39.19117647058823,0
67.81510815501679,177388.693101848,2025,1.4026725260416666,10.0,2.0,39.19117647058823,0
67.84711378900101,177388.725107482,2026,1.40013671875,9.0,2.0,39.19117647058823,0
67.88313532300526,177388.761129016,2027,1.4041927083333334,9.0,2.0,39.19117647058823,0
67.91516111101373,177388.793154804,2028,1.4001399739583333,10.0,2.0,39.19117647058823,0
67.94709380401764,177388.825087497,2029,1.3953548177083333,8.0,2.0,39.19117647058823,0
67.98310428200057,177388.861097975,2030,1.4026790364583333,13.0,2.0,39.19117647058823,0
68.01514492399292,177388.893138617,2031,1.396298828125,8.0,2.0,39.19117647058823,0
68.04711970500648,177388.925113398,2032,1.40490234375,6.0,2.0,39.19117647058823,0
68.08314093100489,177388.961134624,2033,1.3897005208333333,12.0,2.0,39.19117647058823,0
68.11520971401478,177388.993203407,2034,2.454703776041667,254.0,16.0,39.19117647058823,1
68.15106626402121,177389.029059957,2035,1.47462890625,9.0,2.0,39.19117647058823,0
68.18311020999681,177389.061103903,2036,1.4068391927083332,6.0,2.0,39.19117647058823,0
68.21504639301565,177389.093040086,2037,1.4071842447916667,9.0,2.0,39.19117647058823,0
68.2512529680098,177389.129246661,2038,1.4055989583333333,9.0,2.0,39.19117647058823,0
68.2831172820006,177389.161110975,2039,1.39365234375,10.0,2.0,39.19117647058823,0
68.31518649501959,177389.193180188,2040,1.4042350260416667,13.0,2.0,39.19117647058823,0
68.35118797700852,177389.22918167,2041,1.4026171875,8.0,2.0,39.19117647058823,0
68.38318574600271,177389.261179439,2042,1.4006640625,12.0,2.0,39.19117647058823,0
68.41535429999931,177389.293347993,2043,1.4086295572916667,8.0,2.0,39.19117647058823,0
68.45106948801549,177389.329063181,2044,1.406962890625,10.0,2.0,39.19117647058823,0
68.48307227701298,177389.36106597,2045,1.3999869791666666,7.0,2.0,39.19117647058823,0
68.51909449801315,177389.397088191,2046,1.3976595052083334,8.0,2.0,39.19117647058823,0
68.55108216402004,177389.429075857,2047,1.3976627604166667,5.0,2.0,39.19117647058823,0
68.5831459860201,177389.461139679,2048,1.3974186197916667,7.0,2.0,39.19117647058823,0
68.61908429901814,177389.497077992,2049,1.4029231770833333,7.0,2.0,39.19117647058823,0
68.65109753800789,177389.529091231,2050,1.3964453125,9.0,2.0,39.19117647058823,0
68.68306746301823,177389.561061156,2051,1.3993131510416668,11.0,2.0,39.19117647058823,0
68.71909606500412,177389.597089758,2052,1.400263671875,10.0,2.0,39.19117647058823,0
68.75164925301215,177389.629642946,2053,1.40982421875,8.0,2.0,39.19117647058823,0
68.78844903601566,177389.666442729,2054,1.4003580729166667,9.0,2.0,39.19117647058823,0
68.81911726002,177389.697110953,2055,1.4014908854166668,10.0,2.0,39.19117647058823,0
68.851191594993,177389.729185288,2056,1.4005729166666667,10.0,2.0,39.19117647058823,0
68.88713174901204,177389.765125442,2057,1.4054134114583334,5.0,2.0,39.19117647058823,0
68.91906077400199,177389.797054467,2058,1.4018880208333333,12.0,2.0,39.19117647058823,0
68.95102782201138,177389.829021515,2059,1.4055989583333333,9.0,2.0,39.19117647058823,0
68.98702810599934,177389.865021799,2060,1.40306640625,10.0,2.0,39.19117647058823,0
69.01915058199666,177389.897144275,2061,1.3953125,8.0,2.0,39.19117647058823,0
69.05113014602102,177389.929123839,2062,1.403291015625,8.0,2.0,39.19117647058823,0
69.087074776995,177389.96506847,2063,1.3968782552083334,6.0,2.0,39.19117647058823,0
69.11905823799316,177389.997051931,2064,1.4094759114583333,8.0,2.0,39.19117647058823,0
69.1550687669951,177390.03306246,2065,1.4050390625,8.0,2.0,39.19117647058823,0
69.18705444200896,177390.065048135,2066,1.4001920572916666,9.0,2.0,39.19117647058823,0
69.21909199599759,177390.097085689,2067,1.3964127604166667,10.0,2.0,39.19117647058823,0
69.25507175101666,177390.133065444,2068,1.399287109375,8.0,2.0,39.19117647058823,0
69.2870666370145,177390.16506033,2069,1.3996647135416667,9.0,2.0,39.19117647058823,0
69.31902391000767,177390.197017603,2070,1.4023209635416667,9.0,2.0,39.19117647058823,0
69.35518228702131,177390.23317598,2071,1.4022493489583334,12.0,2.0,39.19117647058823,0
69.38716847801697,177390.265162171,2072,1.3981705729166667,10.0,2.0,39.19117647058823,0
69.42310385100427,177390.301097544,2073,1.4091829427083333,11.0,2.0,39.19117647058823,0
69.45507422601804,177390.333067919,2074,1.4009765625,8.0,2.0,39.19117647058823,0
69.48704661501688,177390.365040308,2075,1.4044075520833332,6.0,2.0,39.19117647058823,0
69.52307113900315,177390.401064832,2076,1.39677734375,9.0,2.0,39.19117647058823,0
69.5550848270068,177390.43307852,2077,1.40005859375,8.0,2.0,39.19117647058823,0
69.58709026299766,177390.465083956,2078,1.4028092447916667,6.0,2.0,39.19117647058823,0
69.62303353601601,177390.501027229,2079,1.3961458333333334,8.0,2.0,39.19117647058823,0
69.65508940099971,177390.533083094,2080,1.3980859375,8.0,2.0,39.19117647058823,0
69.68706424001721,177390.565057933,2081,1.4049934895833334,8.0,2.0,39.19117647058823,0
69.7231191979954,177390.601112891,2082,1.4030436197916667,10.0,2.0,39.19117647058823,0
69.7550590870087,177390.63305278,2083,1.3958723958333332,10.0,2.0,39.19117647058823,0
69.79111345301499,177390.669107146,2084,1.40099609375,8.0,2.0,39.19117647058823,0
69.82305459101917,177390.701048284,2085,1.4005403645833334,6.0,2.0,39.19117647058823,0
69.85504386399407,177390.733037557,2086,1.4012630208333334,8.0,2.0,39.19117647058823,0
69.89105772101902,177390.769051414,2087,1.4012955729166667,10.0,2.0,39.19117647058823,0
69.92305860601482,177390.801052299,2088,1.4081705729166667,7.0,2.0,39.19117647058823,0
69.95502983199549,177390.833023525,2089,1.3980013020833333,12.0,2.0,39.19117647058823,0
69.99104718500166,177390.869040878,2090,1.4097591145833333,8.0,2.0,39.19117647058823,0
70.02306234801654,177390.901056041,2091,1.39984375,13.0,2.0,39.19117647058823,0
70.05909066900495,177390.937084362,2092,1.4057682291666667,10.0,2.0,39.19117647058823,0
70.09108394800569,177390.969077641,2093,2.36826171875,254.0,16.0,39.19117647058823,1
70.12307231299928,177391.001066006,2094,2.3480794270833334,254.0,16.0,39.19117647058823,1
70.1591418980097,177391.037135591,2095,1.4177311197916667,10.0,2.0,39.19117647058823,0
70.19106464801007,177391.069058341,2096,1.4036165364583333,7.0,2.0,39.19117647058823,0
70.22301377699478,177391.10100747,2097,1.4008072916666667,8.0,2.0,39.19117647058823,0
70.25908668199554,177391.137080375,2098,1.4049055989583332,8.0,2.0,39.19117647058823,0
70.2910774560005,177391.169071149,2099,1.39384765625,11.0,2.0,39.19117647058823,0
70.32306979800342,177391.201063491,2100,1.40216796875,8.0,2.0,39.19117647058823,0
70.35913067602087,177391.237124369,2101,1.3995475260416668,9.0,2.0,39.19117647058823,0
70.39109317501425,177391.269086868,2102,1.40212890625,9.0,2.0,39.19117647058823,0
70.42720156500582,177391.305195258,2103,1.402978515625,9.0,2.0,39.19117647058823,0
70.45910457600257,177391.337098269,2104,1.401171875,7.0,2.0,39.19117647058823,0
70.49108036901453,177391.369074062,2105,1.4035026041666667,10.0,2.0,39.19117647058823,0
70.5271052379976,177391.405098931,2106,1.39572265625,7.0,2.0,39.19117647058823,0
70.55907916501747,177391.437072858,2107,1.4029850260416667,8.0,2.0,39.19117647058823,0
70.5910330810002,177391.469026774,2108,1.3987630208333333,7.0,2.0,39.19117647058823,0
70.62709779600846,177391.505091489,2109,1.405234375,12.0,2.0,39.19117647058823,0
70.65913307000301,177391.537126763,2110,1.4073600260416668,8.0,2.0,39.19117647058823,0
70.69516014601686,177391.573153839,2111,1.4095638020833334,8.0,2.0,39.19117647058823,0
70.7270621250209,177391.605055818,2112,1.3928255208333333,9.0,2.0,39.19117647058823,0
70.75906847900478,177391.637062172,2113,1.4093326822916667,10.0,2.0,39.19117647058823,0
70.79510812001536,177391.673101813,2114,1.3975944010416668,11.0,2.0,39.19117647058823,0
70.82707579201087,177391.705069485,2115,1.4026985677083332,12.0,2.0,39.19117647058823,0
70.8590576290153,177391.737051322,2116,1.4012239583333332,15.0,2.0,39.19117647058823,0
70.89517951800372,177391.773173211,2117,1.4008203125,9.0,2.0,39.19117647058823,0
70.92705722601386,177391.805050919,2118,1.3930859375,8.0,2.0,39.19117647058823,0
70.95907624199754,177391.837069935,2119,1.3962141927083334,9.0,2.0,39.19117647058823,0
70.99517505601398,177391.873168749,2120,1.4012532552083334,8.0,2.0,39.19117647058823,0
71.02705445099855,177391.905048144,2121,1.4040234375,11.0,2.0,39.19117647058823,0
71.06326693799929,177391.941260631,2122,1.41240234375,10.0,2.0,39.19117647058823,0
71.09518308201223,177391.973176775,2123,1.4050455729166667,7.0,2.0,39.19117647058823,0
71.1269794490072,177392.004973142,2124,1.4018391927083333,10.0,2.0,39.19117647058823,0
71.16325126501033,177392.041244958,2125,1.4040494791666667,7.0,2.0,39.19117647058823,0
71.19513808301417,177392.073131776,2126,1.3946484375,15.0,2.0,39.19117647058823,0
71.22704489500029,177392.105038588,2127,1.4037044270833334,9.0,2.0,39.19117647058823,0
71.26324887300143,177392.141242566,2128,1.3976595052083334,6.0,2.0,39.19117647058823,0
71.29520931301522,177392.173203006,2129,1.4007779947916668,10.0,2.0,39.19117647058823,0
71.33118806302082,177392.209181756,2130,1.40248046875,10.0,2.0,39.19117647058823,0
71.36327341600554,177392.241267109,2131,1.3961100260416666,8.0,2.0,39.19117647058823,0
71.39522212999873,177392.273215823,2132,1.3975651041666666,9.0,2.0,39.19117647058823,0
71.431242621009,177392.309236314,2133,1.3968391927083332,8.0,2.0,39.19117647058823,0
71.46325136901578,177392.341245062,2134,1.404423828125,12.0,2.0,39.19117647058823,0
71.49519782501739,177392.373191518,2135,1.3972916666666666,8.0,2.0,39.19117647058823,0
71.53121046800516,177392.409204161,2136,1.4041829427083334,7.0,2.0,39.19117647058823,0
71.56321485800436,177392.441208551,2137,1.3939420572916668,10.0,2.0,39.19117647058823,0
71.59522841201397,177392.473222105,2138,1.4088020833333332,10.0,2.0,39.19117647058823,0
71.63116586001706,177392.509159553,2139,1.4042513020833334,9.0,2.0,39.19117647058823,0
71.66323085001204,177392.541224543,2140,1.4068977864583334,10.0,2.0,39.19117647058823,0
71.69917643800727,177392.577170131,2141,1.3995865885416667,8.0,2.0,39.19117647058823,0
71.73115819701343,177392.60915189,2142,1.3972526041666666,9.0,2.0,39.19117647058823,0
71.76321510001435,177392.641208793,2143,1.3993880208333334,12.0,2.0,39.19117647058823,0
71.79918535501929,177392.677179048,2144,1.4083626302083334,7.0,2.0,39.19117647058823,0
71.83126650901977,177392.709260202,2145,1.4022981770833334,12.0,2.0,39.19117647058823,0
71.86323800301761,177392.741231696,2146,1.3934114583333332,8.0,2.0,39.19117647058823,0
71.89925665300689,177392.777250346,2147,1.4016959635416666,11.0,2.0,39.19117647058823,0
71.9312056649942,177392.809199358,2148,1.4067903645833333,9.0,2.0,39.19117647058823,0
71.96719836100237,177392.845192054,2149,1.40576171875,9.0,2.0,39.19117647058823,0
71.99921678000828,177392.877210473,2150,1.4067252604166667,8.0,2.0,39.19117647058823,0
72.03123124499689,177392.909224938,2151,2.0973209635416667,254.0,11.0,39.19117647058823,1
72.06717364900396,177392.945167342,2152,2.4061458333333334,254.0,16.0,39.19117647058823,1
72.09915923202061,177392.977152925,2153,1.4197916666666666,9.0,2.0,39.19117647058823,0
72.13127088799956,177393.009264581,2154,1.4003483072916667,11.0,2.0,39.19117647058823,0
72.16719927600934,177393.045192969,2155,1.396044921875,12.0,2.0,39.19117647058823,0
72.19916293802089,177393.077156631,2156,1.4005631510416667,9.0,2.0,39.19117647058823,0
72.2311990680173,177393.109192761,2157,1.4046028645833333,9.0,2.0,39.19117647058823,0
72.26717323699268,177393.14516693,2158,1.3995084635416666,12.0,2.0,39.19117647058823,0
72.29913075399236,177393.177124447,2159,1.403603515625,10.0,2.0,39.19117647058823,0
72.33513570501236,177393.213129398,2160,1.4095540364583334,9.0,2.0,39.19117647058823,0
72.36722375501995,177393.245217448,2161,1.395322265625,13.0,2.0,39.19117647058823,0
72.39915677701356,177393.27715047,2162,1.40431640625,11.0,2.0,39.19117647058823,0
72.4351977329934,177393.313191426,2163,1.401396484375,8.0,2.0,39.19117647058823,0
72.4671706139925,177393.345164307,2164,1.4076334635416667,12.0,2.0,39.19117647058823,0
72.49911927100038,177393.377112964,2165,1.399013671875,8.0,2.0,39.19117647058823,0
72.5351111649943,177393.413104858,2166,1.400654296875,9.0,2.0,39.19117647058823,0
72.56722972600255,177393.445223419,2167,1.4060026041666667,13.0,2.0,39.19117647058823,0
72.60311542000272,177393.481109113,2168,1.4028092447916667,7.0,2.0,39.19117647058823,0
72.63512946199626,177393.513123155,2169,1.39373046875,8.0,2.0,39.19117647058823,0
72.66705778101459,177393.545051474,2170,1.4005208333333334,8.0,2.0,39.19117647058823,0
72.70310027501546,177393.581093968,2171,1.3949186197916668,8.0,2.0,39.19117647058823,0
72.73513028799789,177393.613123981,2172,1.4023372395833333,10.0,2.0,39.19117647058823,0
72.76710838300642,177393.645102076,2173,1.3914290364583333,11.0,2.0,39.19117647058823,0
72.80315708200214,177393.681150775,2174,1.3944466145833334,9.0,2.0,39.19117647058823,0
72.83523029199569,177393.713223985,2175,1.3909928385416668,9.0,2.0,39.19117647058823,0
72.86710906299413,177393.745102756,2176,1.3994791666666666,8.0,2.0,39.19117647058823,0
72.90304704700247,177393.78104074,2177,1.3992415364583333,8.0,2.0,39.19117647058823,0
72.93508520000614,177393.813078893,2178,1.40376953125,7.0,2.0,39.19117647058823,0
72.97105641500093,177393.849050108,2179,1.3998763020833334,10.0,2.0,39.19117647058823,0
73.00310417200672,177393.881097865,2180,1.4073111979166666,9.0,2.0,39.19117647058823,0
73.03509898702032,177393.91309268,2181,1.4080696614583332,7.0,2.0,39.19117647058823,0
73.07107845900464,177393.949072152,2182,1.3972200520833333,8.0,2.0,39.19117647058823,0
73.10313901602058,177393.981132709,2183,1.4023014322916667,7.0,2.0,39.19117647058823,0
73.13517821999267,177394.013171913,2184,1.40615234375,7.0,2.0,39.19117647058823,0
73.17111519200262,177394.049108885,2185,1.4004427083333333,7.0,2.0,39.19117647058823,0
73.203180935001,177394.081174628,2186,1.4056022135416666,8.0,2.0,39.19117647058823,0
73.23915730501176,177394.117150998,2187,1.4103580729166667,10.0,2.0,39.19117647058823,0
73.27109073800966,177394.149084431,2188,1.4036002604166666,10.0,2.0,39.19117647058823,0
73.30312127800426,177394.181114971,2189,1.4004134114583333,8.0,2.0,39.19117647058823,0
73.33909213001607,177394.217085823,2190,1.3982584635416666,11.0,2.0,39.19117647058823,0
73.37131027100259,177394.249303964,2191,1.396064453125,8.0,2.0,39.19117647058823,0
73.4031869280152,177394.281180621,2192,1.408681640625,10.0,2.0,39.19117647058823,0
73.43918956100242,177394.317183254,2193,1.4099446614583333,10.0,2.0,39.19117647058823,0
73.47112406100496,177394.349117754,2194,1.4018424479166667,6.0,2.0,39.19117647058823,0
73.5031325960008,177394.381126289,2195,1.4066764322916667,11.0,2.0,39.19117647058823,0
73.53909342299448,177394.417087116,2196,1.4004915364583332,9.0,2.0,39.19117647058823,0
73.57113712499267,177394.449130818,2197,1.40591796875,10.0,2.0,39.19117647058823,0
73.60708070301916,177394.485074396,2198,1.4052473958333334,10.0,2.0,39.19117647058823,0
73.63908981799614,177394.517083511,2199,1.406123046875,8.0,2.0,39.19117647058823,0
73.67105100202025,177394.549044695,2200,1.4050260416666667,10.0,2.0,39.19117647058823,0
73.70707398201921,177394.585067675,2201,1.39994140625,12.0,2.0,39.19117647058823,0
73.73913107899716,177394.617124772,2202,1.3994270833333333,6.0,2.0,39.19117647058823,0
73.77111363600125,177394.649107329,2203,1.4017447916666668,9.0,2.0,39.19117647058823,0
73.80706497901701,177394.685058672,2204,1.3945052083333334,8.0,2.0,39.19117647058823,0
73.83922501301276,177394.717218706,2205,1.3926790364583332,7.0,2.0,39.19117647058823,0
73.87520178200793,177394.753195475,2206,1.39181640625,6.0,2.0,39.19117647058823,0
73.90708157100016,177394.785075264,2207,1.4088639322916667,14.0,2.0,39.19117647058823,0
73.9390763870033,177394.81707008,2208,1.4000716145833334,6.0,2.0,39.19117647058823,0
73.97512190800626,177394.853115601,2209,1.406201171875,14.0,2.0,39.19117647058823,0
74.00710571900709,177394.885099412,2210,1.404453125,16.0,2.0,39.19117647058823,0
74.03906077999272,177394.917054473,2211,2.4235188802083334,254.0,16.0,39.19117647058823,1
74.07512042601593,177394.953114119,2212,1.5971842447916667,65.0,3.0,39.19117647058823,1
74.10712825300288,177394.985121946,2213,1.411845703125,11.0,2.0,39.19117647058823,0
74.13913779900759,177395.017131492,2214,1.4010611979166667,15.0,2.0,39.19117647058823,0
74.17511674101115,177395.053110434,2215,1.397890625,7.0,2.0,39.19117647058823,0
74.20716355499462,177395.085157248,2216,1.3998502604166667,12.0,2.0,39.19117647058823,0
74.24311200602097,177395.121105699,2217,1.40859375,9.0,2.0,39.19117647058823,0
74.27511196999694,177395.153105663,2218,1.406533203125,10.0,2.0,39.19117647058823,0
74.30711344699375,177395.18510714,2219,1.4077408854166666,8.0,2.0,39.19117647058823,0
74.34311095500016,177395.221104648,2220,1.41119140625,8.0,2.0,39.19117647058823,0
74.3752083920117,177395.253202085,2221,1.40451171875,8.0,2.0,39.19117647058823,0
74.4072673600167,177395.285261053,2222,1.40083984375,12.0,2.0,39.19117647058823,0
74.44312550700852,177395.3211192,2223,1.4018359375,12.0,2.0,39.19117647058823,0
74.47511145999306,177395.353105153,2224,1.4077701822916666,9.0,2.0,39.19117647058823,0
74.51120203299797,177395.389195726,2225,1.4066080729166666,9.0,2.0,39.19117647058823,0
74.54318387899548,177395.421177572,2226,1.4025911458333333,9.0,2.0,39.19117647058823,0
74.57508449300076,177395.453078186,2227,1.4014420572916666,8.0,2.0,39.19117647058823,0
74.61119135399349,177395.489185047,2228,1.409404296875,6.0,2.0,39.19117647058823,0
74.64313104900066,177395.521124742,2229,1.4044563802083334,9.0,2.0,39.19117647058823,0
74.67502762700315,177395.55302132,2230,1.4079720052083333,8.0,2.0,39.19117647058823,0
74.71117350200075,177395.589167195,2231,1.40095703125,12.0,2.0,39.19117647058823,0
74.74312795200967,177395.621121645,2232,1.393818359375,7.0,2.0,39.19117647058823,0
74.77509667800041,177395.653090371,2233,1.402568359375,7.0,2.0,39.19117647058823,0
74.81117898999946,177395.689172683,2234,1.3925455729166667,7.0,2.0,39.19117647058823,0
74.84310738000204,177395.721101073,2235,1.3978385416666668,13.0,2.0,39.19117647058823,0
74.87927321202005,177395.757266905,2236,1.3974934895833333,13.0,2.0,39.19117647058823,0
74.91123347301618,177395.789227166,2237,1.3990397135416666,13.0,2.0,39.19117647058823,0
74.9430808390025,177395.821074532,2238,1.3963932291666667,6.0,2.0,39.19117647058823,0
74.97918488099822,177395.857178574,2239,1.396806640625,8.0,2.0,39.19117647058823,0
75.01129009100259,177395.889283784,2240,1.4043001302083333,6.0,2.0,39.19117647058823,0
75.04304729201249,177395.921040985,2241,1.4022884114583334,10.0,2.0,39.19117647058823,0
75.07920826101326,177395.957201954,2242,1.3971419270833334,12.0,2.0,39.19117647058823,0
75.11122955600149,177395.989223249,2243,1.3977180989583333,9.0,2.0,39.19117647058823,0
75.14722514600726,177396.025218839,2244,1.4031412760416666,7.0,2.0,39.19117647058823,0
75.17918317700969,177396.05717687,2245,1.39994140625,8.0,2.0,39.19117647058823,0
75.21229434901034,177396.090288042,2246,1.394462890625,9.0,2.0,39.19117647058823,0
75.24721704600961,177396.125210739,2247,1.4073177083333333,10.0,2.0,39.19117647058823,0
75.27918087501894,177396.157174568,2248,1.3982942708333332,7.0,2.0,39.19117647058823,0
75.3139112170029,177396.19190491,2249,1.3979850260416666,9.0,2.0,39.19117647058823,0
75.34738808000111,177396.225381773,2250,1.4052278645833334,10.0,2.0,39.19117647058823,0
75.37938196700998,177396.25737566,2251,1.4000716145833334,17.0,2.0,39.19117647058823,0
75.41119815802085,177396.289191851,2252,1.3980436197916666,6.0,2.0,39.19117647058823,0
75.44718920899322,177396.325182902,2253,1.40994140625,8.0,2.0,39.19117647058823,0
75.47914334700909,177396.35713704,2254,1.403408203125,9.0,2.0,39.19117647058823,0
75.51517707901075,177396.393170772,2255,1.402880859375,6.0,2.0,39.19117647058823,0
75.54723341501085,177396.425227108,2256,1.398037109375,11.0,2.0,39.19117647058823,0
75.57944072800456,177396.457434421,2257,1.40236328125,7.0,2.0,39.19117647058823,0
75.61517976701725,177396.49317346,2258,1.4001953125,9.0,2.0,39.19117647058823,0
75.64732428401476,177396.525317977,2259,1.4006087239583334,6.0,2.0,39.19117647058823,0
75.679221547005,177396.55721524,2260,1.3940755208333333,10.0,2.0,39.19117647058823,0
75.71523975601303,177396.593233449,2261,1.40080078125,10.0,2.0,39.19117647058823,0
75.74722220702097,177396.6252159,2262,1.4036653645833332,10.0,2.0,39.19117647058823,0
75.78317195401178,177396.661165647,2263,1.404453125,11.0,2.0,39.19117647058823,0
75.81524723701295,177396.69324093,2264,1.3985872395833334,8.0,2.0,39.19117647058823,0
75.84718993701972,177396.72518363,2265,1.3996419270833333,10.0,2.0,39.19117647058823,0
75.88324539700989,177396.76123909,2266,1.3958528645833332,7.0,2.0,39.19117647058823,0
75.9151278520003,177396.793121545,2267,1.3992643229166666,10.0,2.0,39.19117647058823,0
75.94719036400784,177396.825184057,2268,1.3932356770833334,10.0,2.0,39.19117647058823,0
75.98323326700483,177396.86122696,2269,1.46517578125,15.0,3.0,39.19117647058823,0
76.01520248199813,177396.893196175,2270,2.477451171875,254.0,16.0,39.19117647058823,1
76.04720413201721,177396.925197825,2271,1.441630859375,13.0,2.0,39.19117647058823,0
76.08316861902131,177396.961162312,2272,1.4017708333333334,6.0,2.0,39.19117647058823,0
76.11515005599358,177396.993143749,2273,1.4012141927083333,13.0,2.0,39.19117647058823,0
76.1513624440122,177397.029356137,2274,1.3927018229166668,13.0,2.0,39.19117647058823,0
76.18321748301969,177397.061211176,2275,1.4011490885416666,14.0,2.0,39.19117647058823,0
76.21516852302011,177397.093162216,2276,1.4060709635416666,10.0,2.0,39.19117647058823,0
76.25122853301582,177397.129222226,2277,1.402431640625,6.0,2.0,39.19117647058823,0
76.2832690080104,177397.161262701,2278,1.3979752604166666,8.0,2.0,39.19117647058823,0
76.3151928820007,177397.193186575,2279,1.3960384114583333,7.0,2.0,39.19117647058823,0
76.35125659001642,177397.229250283,2280,1.3998404947916667,8.0,2.0,39.19117647058823,0
76.38327676500194,177397.261270458,2281,1.4031119791666666,12.0,2.0,39.19117647058823,0
76.41924776000087,177397.297241453,2282,1.4038151041666667,7.0,2.0,39.19117647058823,0
76.45117203399423,177397.329165727,2283,1.4079361979166667,10.0,2.0,39.19117647058823,0
76.48314046600717,177397.361134159,2284,1.3974641927083333,10.0,2.0,39.19117647058823,0
76.51916027400875,177397.397153967,2285,1.3973567708333334,7.0,2.0,39.19117647058823,0
76.55119160501636,177397.429185298,2286,1.393291015625,9.0,2.0,39.19117647058823,0
76.58328337100102,177397.461277064,2287,1.4063736979166668,12.0,2.0,39.19117647058823,0
76.61943152701133,177397.49742522,2288,1.402802734375,8.0,2.0,39.19117647058823,0
76.65189698600443,177397.529890679,2289,1.4072265625,12.0,2.0,39.19117647058823,0
76.68318957899464,177397.561183272,2290,1.4088997395833334,12.0,2.0,39.19117647058823,0
76.71933616901515,177397.597329862,2291,1.398974609375,8.0,2.0,39.19117647058823,0
76.75114631600445,177397.629140009,2292,1.4053385416666666,7.0,2.0,39.19117647058823,0
76.78710494900588,177397.665098642,2293,1.3991048177083334,12.0,2.0,39.19117647058823,0
76.81919781499892,177397.697191508,2294,1.3966796875,9.0,2.0,39.19117647058823,0
76.85112223200849,177397.729115925,2295,1.4029036458333333,10.0,2.0,39.19117647058823,0
76.88713103102054,177397.765124724,2296,1.4021354166666666,8.0,2.0,39.19117647058823,0
76.91922193401842,177397.797215627,2297,1.403642578125,10.0,2.0,39.19117647058823,0
76.95111077901674,177397.829104472,2298,1.3988736979166667,8.0,2.0,39.19117647058823,0
76.98714018400642,177397.865133877,2299,1.4061458333333334,9.0,2.0,39.19117647058823,0
77.0192758149933,177397.897269508,2300,1.4035286458333334,7.0,2.0,39.19117647058823,0
77.05514562799362,177397.933139321,2301,1.4048014322916667,9.0,2.0,39.19117647058823,0
77.08724726000219,177397.965240953,2302,1.398447265625,8.0,2.0,39.19117647058823,0
77.11926277499879,177397.997256468,2303,1.4014290364583333,10.0,2.0,39.19117647058823,0
77.1550955910061,177398.033089284,2304,1.4035872395833333,10.0,2.0,39.19117647058823,0
77.1871386890125,177398.065132382,2305,1.4114713541666666,9.0,2.0,39.19117647058823,0
77.2192187680048,177398.097212461,2306,1.3973470052083334,8.0,2.0,39.19117647058823,0
77.25516070600133,177398.133154399,2307,1.4084375,8.0,2.0,39.19117647058823,0
77.28717784199398,177398.165171535,2308,1.404462890625,7.0,2.0,39.19117647058823,0
77.31914312602021,177398.197136819,2309,1.39767578125,9.0,2.0,39.19117647058823,0
77.35524704901036,177398.233240742,2310,1.3997981770833334,8.0,2.0,39.19117647058823,0
77.38729614799377,177398.265289841,2311,1.4049479166666667,10.0,2.0,39.19117647058823,0
77.42325315601192,177398.301246849,2312,1.3993717447916667,10.0,2.0,39.19117647058823,0
77.45514263299992,177398.333136326,2313,1.3953580729166666,9.0,2.0,39.19117647058823,0
77.48715486002038,177398.365148553,2314,1.3999088541666667,9.0,2.0,39.19117647058823,0
77.52305239601992,177398.401046089,2315,1.4056282552083332,8.0,2.0,39.19117647058823,0
77.55522330099484,177398.433216994,2316,1.402353515625,14.0,2.0,39.19117647058823,0
77.58710513499682,177398.465098828,2317,1.3960384114583333,14.0,2.0,39.19117647058823,0
77.62314274199889,177398.501136435,2318,1.4024283854166666,10.0,2.0,39.19117647058823,0
77.65511816801154,177398.533111861,2319,1.404853515625,8.0,2.0,39.19117647058823,0
77.69111952302046,177398.569113216,2320,1.3989973958333333,7.0,2.0,39.19117647058823,0
77.7231166450074,177398.601110338,2321,1.3981184895833334,16.0,2.0,39.19117647058823,0
77.7551087840111,177398.633102477,2322,1.4016373697916666,8.0,2.0,39.19117647058823,0
77.7911092180002,177398.669102911,2323,1.400634765625,9.0,2.0,39.19117647058823,0
77.8230900579947,177398.701083751,2324,1.4067936197916666,10.0,2.0,39.19117647058823,0
77.85507593301008,177398.733069626,2325,1.3952864583333333,8.0,2.0,39.19117647058823,0
77.8911320269981,177398.76912572,2326,1.4056087239583333,8.0,2.0,39.19117647058823,0
77.92318674401031,177398.801180437,2327,1.4076041666666668,12.0,2.0,39.19117647058823,0
77.9551445459947,177398.833138239,2328,1.4104850260416666,9.0,2.0,39.19117647058823,0
77.99112683400745,177398.869120527,2329,1.4496940104166667,15.0,3.0,39.19117647058823,0
78.02309215901187,177398.901085852,2330,2.398756510416667,254.0,16.0,39.19117647058823,1
78.0591243620147,177398.937118055,2331,1.4315169270833332,10.0,2.0,39.19117647058823,0
78.09117107000202,177398.969164763,2332,1.4112532552083332,9.0,2.0,39.19117647058823,0
78.12309225701028,177399.00108595,2333,1.403359375,11.0,2.0,39.19117647058823,0
78.15916484300396,177399.037158536,2334,1.4011263020833333,14.0,2.0,39.19117647058823,0
78.191144248005,177399.069137941,2335,1.4044075520833332,13.0,2.0,39.19117647058823,0
78.22310105600627,177399.101094749,2336,1.4103873697916667,10.0,2.0,39.19117647058823,0
78.25915697400342,177399.137150667,2337,1.4056998697916667,8.0,2.0,39.19117647058823,0
78.29110494599445,177399.169098639,2338,1.40330078125,10.0,2.0,39.19117647058823,0
78.32708783299313,177399.205081526,2339,1.401376953125,8.0,2.0,39.19117647058823,0
78.35917250299826,177399.237166196,2340,1.4017024739583333,7.0,2.0,39.19117647058823,0
78.39153314501164,177399.269526838,2341,1.3979427083333333,12.0,2.0,39.19117647058823,0
78.42724612299935,177399.305239816,2342,1.40140625,8.0,2.0,39.19117647058823,0
78.4591685780033,177399.337162271,2343,1.4018717447916667,8.0,2.0,39.19117647058823,0
78.49105782900006,177399.369051522,2344,1.4047233072916667,8.0,2.0,39.19117647058823,0
78.5271485550038,177399.405142248,2345,1.4054296875,5.0,2.0,39.19117647058823,0
78.55924706099904,177399.437240754,2346,1.4047330729166667,9.0,2.0,39.19117647058823,0
78.59113685399643,177399.469130547,2347,1.3978743489583334,6.0,2.0,39.19117647058823,0
78.62713126701419,177399.50512496,2348,1.3986067708333334,8.0,2.0,39.19117647058823,0
78.65908333699917,177399.53707703,2349,1.4040494791666667,10.0,2.0,39.19117647058823,0
78.69524578601704,177399.573239479,2350,1.4098046875,9.0,2.0,39.19117647058823,0
78.72718576801708,177399.605179461,2351,1.39640625,8.0,2.0,39.19117647058823,0
78.7590794150019,177399.637073108,2352,1.4069759114583333,6.0,2.0,39.19117647058823,0
78.795200869994,177399.673194563,2353,1.4100455729166668,7.0,2.0,39.19117647058823,0
78.82710733500426,177399.705101028,2354,1.402197265625,9.0,2.0,39.19117647058823,0
78.85922827399918,177399.737221967,2355,1.40974609375,8.0,2.0,39.19117647058823,0
78.89536562401918,177399.773359317,2356,1.4006282552083333,10.0,2.0,39.19117647058823,0
78.92719645501347,177399.805190148,2357,1.39765625,9.0,2.0,39.19117647058823,0
78.9633552840096,177399.841348977,2358,1.40275390625,13.0,2.0,39.19117647058823,0
78.99524421800743,177399.873237911,2359,1.4058203125,12.0,2.0,39.19117647058823,0
79.0270774270175,177399.90507112,2360,1.3997428385416666,11.0,2.0,39.19117647058823,0
79.06333847000496,177399.941332163,2361,1.4082486979166666,9.0,2.0,39.19117647058823,0
79.09529852299602,177399.973292216,2362,1.402353515625,12.0,2.0,39.19117647058823,0
79.127096798009,177400.005090491,2363,1.405185546875,12.0,2.0,39.19117647058823,0
79.16339273701306,177400.04138643,2364,1.4040885416666666,10.0,2.0,39.19117647058823,0
79.19529138001963,177400.073285073,2365,1.3930533854166667,7.0,2.0,39.19117647058823,0
79.22713924400159,177400.105132937,2366,1.396328125,7.0,2.0,39.19117647058823,0
79.263261701999,177400.141255395,2367,1.40580078125,8.0,2.0,39.19117647058823,0
79.29510434099939,177400.173098034,2368,1.401435546875,14.0,2.0,39.19117647058823,0
79.33123150499887,177400.209225198,2369,1.40935546875,10.0,2.0,39.19117647058823,0
79.36335980001604,177400.241353493,2370,1.4001139322916667,8.0,2.0,39.19117647058823,0
79.39538775701658,177400.27338145,2371,1.4053125,6.0,2.0,39.19117647058823,0
79.43132884599618,177400.309322539,2372,1.40396484375,7.0,2.0,39.19117647058823,0
79.46321606999845,177400.341209763,2373,1.3981901041666667,8.0,2.0,39.19117647058823,0
79.49517738202121,177400.373171075,2374,1.3979557291666667,9.0,2.0,39.19117647058823,0
79.53134403401054,177400.409337727,2375,1.4027473958333334,13.0,2.0,39.19117647058823,0
79.56317782899714,177400.441171522,2376,1.4080338541666666,10.0,2.0,39.19117647058823,0
79.599247517006,177400.47724121,2377,1.3974934895833333,9.0,2.0,39.19117647058823,0
79.63117280299775,177400.509166496,2378,1.4029720052083334,10.0,2.0,39.19117647058823,0
79.6631915270118,177400.54118522,2379,1.39298828125,13.0,2.0,39.19117647058823,0
79.69923463099985,177400.577228324,2380,1.4046809895833334,13.0,2.0,39.19117647058823,0
79.73126217201934,177400.609255865,2381,1.397255859375,15.0,2.0,39.19117647058823,0
79.76314667300903,177400.641140366,2382,1.3966080729166668,9.0,2.0,39.19117647058823,0
79.79912120199879,177400.677114895,2383,1.4055924479166666,9.0,2.0,39.19117647058823,0
79.8311399630038,177400.709133656,2384,1.4024479166666666,9.0,2.0,39.19117647058823,0
79.86306165199494,177400.741055345,2385,1.4063639322916666,8.0,2.0,39.19117647058823,0
79.89918360800948,177400.777177301,2386,1.4001302083333333,12.0,2.0,39.19117647058823,0
79.9311023770133,177400.80909607,2387,1.39685546875,8.0,2.0,39.19117647058823,0
79.96708801100613,177400.845081704,2388,1.4009895833333332,7.0,2.0,39.19117647058823,0
79.9991364320158,177400.877130125,2389,1.40162109375,15.0,2.0,39.19117647058823,0
80.0311077160004,177400.909101409,2390,1.39810546875,10.0,2.0,39.19117647058823,0
80.06710304701119,177400.94509674,2391,2.36072265625,254.0,16.0,39.19117647058823,1
80.09911323399865,177400.977106927,2392,2.3888248697916667,254.0,16.0,39.19117647058823,1
80.13117455501924,177401.009168248,2393,1.424296875,8.0,2.0,39.19117647058823,0
80.16717279399745,177401.045166487,2394,1.4137825520833334,12.0,2.0,39.19117647058823,0
80.19908859801944,177401.077082291,2395,1.40498046875,8.0,2.0,39.19117647058823,0
80.2350866140041,177401.113080307,2396,1.3996712239583333,14.0,2.0,39.19117647058823,0
80.26710199701483,177401.14509569,2397,1.3980826822916668,10.0,2.0,39.19117647058823,0
80.29908257399802,177401.177076267,2398,1.403408203125,12.0,2.0,39.19117647058823,0
80.33510370901786,177401.213097402,2399,1.4053255208333333,12.0,2.0,39.19117647058823,0
80.36717384000076,177401.245167533,2400,1.401962890625,8.0,2.0,39.19117647058823,0
80.3991615200066,177401.277155213,2401,1.403916015625,10.0,2.0,39.19117647058823,0
80.4350714670145,177401.31306516,2402,1.40380859375,7.0,2.0,39.19117647058823,0
80.46711665199837,177401.345110345,2403,1.4073828125,12.0,2.0,39.19117647058823,0
80.49910076599917,177401.377094459,2404,1.4060611979166666,7.0,2.0,39.19117647058823,0
80.53523316801875,177401.413226861,2405,1.3941015625,11.0,2.0,39.19117647058823,0
80.56706009301706,177401.445053786,2406,1.4005533854166667,14.0,2.0,39.19117647058823,0
80.60308324699872,177401.48107694,2407,1.39794921875,8.0,2.0,39.19117647058823,0
80.63510776101612,177401.513101454,2408,1.4040559895833333,9.0,2.0,39.19117647058823,0
80.66704117099289,177401.545034864,2409,1.3992350260416666,7.0,2.0,39.19117647058823,0
80.70311443900573,177401.581108132,2410,1.4018391927083333,6.0,2.0,39.19117647058823,0
80.73511816500104,177401.613111858,2411,1.399951171875,10.0,2.0,39.19117647058823,0
80.76707457800512,177401.645068271,2412,1.39830078125,14.0,2.0,39.19117647058823,0
80.80310287099564,177401.681096564,2413,1.4084733072916666,15.0,2.0,39.19117647058823,0
80.83508991400595,177401.713083607,2414,1.4004947916666666,9.0,2.0,39.19117647058823,0
80.87110649599344,177401.749100189,2415,1.39642578125,8.0,2.0,39.19117647058823,0
80.9031302590156,177401.781123952,2416,1.400634765625,8.0,2.0,39.19117647058823,0
80.93505069302046,177401.813044386,2417,1.3983528645833334,8.0,2.0,39.19117647058823,0
80.97108755400404,177401.849081247,2418,1.3986979166666667,8.0,2.0,39.19117647058823,0
81.00308408300043,177401.881077776,2419,1.4022005208333332,15.0,2.0,39.19117647058823,0
81.03505519899772,177401.913048892,2420,1.4026595052083333,7.0,2.0,39.19117647058823,0
81.07108781201532,177401.949081505,2421,1.4024088541666666,6.0,2.0,39.19117647058823,0
81.10308616200928,177401.981079855,2422,1.40552734375,6.0,2.0,39.19117647058823,0
81.13509442700888,177402.01308812,2423,1.3886751302083333,6.0,2.0,39.19117647058823,0
81.17107797900098,177402.049071672,2424,1.4050390625,10.0,2.0,39.19117647058823,0
81.20302268999512,177402.081016383,2425,1.39375,11.0,2.0,39.19117647058823,0
81.23908449101145,177402.117078184,2426,1.411884765625,12.0,2.0,39.19117647058823,0
81.27108535001753,177402.149079043,2427,1.3997102864583333,13.0,2.0,39.19117647058823,0
81.30306833400391,177402.181062027,2428,1.4059928385416667,7.0,2.0,39.19117647058823,0
81.33911084500141,177402.217104538,2429,1.3994921875,8.0,2.0,39.19117647058823,0
81.37115958001232,177402.249153273,2430,1.3972102864583333,8.0,2.0,39.19117647058823,0
81.40309704100946,177402.281090734,2431,1.39599609375,7.0,2.0,39.19117647058823,0
81.43920846501715,177402.317202158,2432,1.4021451822916666,6.0,2.0,39.19117647058823,0
81.47107503502048,177402.349068728,2433,1.4065006510416667,8.0,2.0,39.19117647058823,0
81.50702710400219,177402.385020797,2434,1.4014225260416666,7.0,2.0,39.19117647058823,0
81.53909229300916,177402.417085986,2435,1.39880859375,7.0,2.0,39.19117647058823,0
81.57107871200424,177402.449072405,2436,1.4089420572916667,8.0,2.0,39.19117647058823,0
81.607081441005,177402.485075134,2437,1.399091796875,8.0,2.0,39.19117647058823,0
81.63911627201014,177402.517109965,2438,1.40404296875,8.0,2.0,39.19117647058823,0
81.67108462000033,177402.549078313,2439,1.4025651041666667,7.0,2.0,39.19117647058823,0
81.70709818199975,177402.585091875,2440,1.4090462239583332,8.0,2.0,39.19117647058823,0
81.73911480102106,177402.617108494,2441,1.4002408854166666,10.0,2.0,39.19117647058823,0
81.77113463400747,177402.649128327,2442,1.3978450520833334,7.0,2.0,39.19117647058823,0
81.80708268901799,177402.685076382,2443,1.4012923177083334,12.0,2.0,39.19117647058823,0
81.83906990999822,177402.717063603,2444,1.39798828125,9.0,2.0,39.19117647058823,0
81.8751244849991,177402.753118178,2445,1.394423828125,11.0,2.0,39.19117647058823,0
81.90711202000966,177402.785105713,2446,1.40619140625,10.0,2.0,39.19117647058823,0
81.93905355400057,177402.817047247,2447,1.3947265625,13.0,2.0,39.19117647058823,0
81.97511746699456,177402.85311116,2448,1.4794368489583334,17.0,3.0,39.19117647058823,0
82.00709650601493,177402.885090199,2449,2.458828125,254.0,16.0,39.19117647058823,1
82.03908071300248,177402.917074406,2450,1.4327180989583332,10.0,2.0,39.19117647058823,0
82.0750821440015,177402.953075837,2451,1.3949055989583334,8.0,2.0,39.19117647058823,0
82.1070865970105,177402.98508029,2452,1.3973893229166667,13.0,2.0,39.19117647058823,0
82.14310884301085,177403.021102536,2453,1.40830078125,12.0,2.0,39.19117647058823,0
82.17510330700316,177403.053097,2454,1.4088020833333332,7.0,2.0,39.19117647058823,0
82.20707266501267,177403.085066358,2455,1.3980729166666668,9.0,2.0,39.19117647058823,0
82.24308836401906,177403.121082057,2456,1.4036490885416666,10.0,2.0,39.19117647058823,0
82.27509362401906,177403.153087317,2457,1.39638671875,7.0,2.0,39.19117647058823,0
82.30708115099696,177403.185074844,2458,1.4111588541666666,7.0,2.0,39.19117647058823,0
82.34311720900587,177403.221110902,2459,1.39677734375,14.0,2.0,39.19117647058823,0
82.37518702002126,177403.253180713,2460,1.4030208333333334,8.0,2.0,39.19117647058823,0
82.40711473100237,177403.285108424,2461,1.4162141927083334,7.0,2.0,39.19117647058823,0
82.44308268101304,177403.321076374,2462,1.4036100260416666,10.0,2.0,39.19117647058823,0
82.47504609101452,177403.353039784,2463,1.4051725260416668,11.0,2.0,39.19117647058823,0
82.51150216499809,177403.389495858,2464,1.4018098958333334,11.0,2.0,39.19117647058823,0
82.54307843299466,177403.421072126,2465,1.3963020833333333,9.0,2.0,39.19117647058823,0
82.57505855301861,177403.453052246,2466,1.3991731770833333,15.0,2.0,39.19117647058823,0
82.61117535200901,177403.489169045,2467,1.3955729166666666,10.0,2.0,39.19117647058823,0
82.64312395700836,177403.52111765,2468,1.3985872395833334,9.0,2.0,39.19117647058823,0
82.67511106800521,177403.553104761,2469,1.401220703125,7.0,2.0,39.19117647058823,0
82.71118941300665,177403.589183106,2470,1.398154296875,10.0,2.0,39.19117647058823,0
82.7430956629978,177403.621089356,2471,1.3950162760416667,8.0,2.0,39.19117647058823,0
82.77911548499833,177403.657109178,2472,1.4038151041666667,7.0,2.0,39.19117647058823,0
82.81115705001866,177403.689150743,2473,1.3948828125,8.0,2.0,39.19117647058823,0
82.84305675601354,177403.721050449,2474,1.3953287760416666,11.0,2.0,39.19117647058823,0
82.87915091001196,177403.757144603,2475,1.402626953125,8.0,2.0,39.19117647058823,0
82.9111639560142,177403.789157649,2476,1.4064420572916667,13.0,2.0,39.19117647058823,0
82.94304336700588,177403.82103706,2477,1.4021028645833333,8.0,2.0,39.19117647058823,0
82.97909854599857,177403.857092239,2478,1.4059147135416667,6.0,2.0,39.19117647058823,0
83.01146902199253,177403.889462715,2479,1.4003125,8.0,2.0,39.19117647058823,0
83.04716544001712,177403.925159133,2480,1.3968815104166667,10.0,2.0,39.19117647058823,0
83.07911543900263,177403.957109132,2481,1.400830078125,8.0,2.0,39.19117647058823,0
83.11106217000633,177403.989055863,2482,1.4053515625,17.0,2.0,39.19117647058823,0
83.14718367601745,177404.025177369,2483,1.4039518229166668,8.0,2.0,39.19117647058823,0
83.17938610599958,177404.057379799,2484,1.3968229166666666,7.0,2.0,39.19117647058823,0
83.21105838101357,177404.089052074,2485,1.4063606770833332,6.0,2.0,39.19117647058823,0
83.24711021300755,177404.125103906,2486,1.3990266927083332,8.0,2.0,39.19117647058823,0
83.27916100001312,177404.157154693,2487,1.404130859375,10.0,2.0,39.19117647058823,0
83.31109144201037,177404.189085135,2488,1.3945703125,12.0,2.0,39.19117647058823,0
83.34715711601893,177404.225150809,2489,1.3962662760416666,8.0,2.0,39.19117647058823,0
83.37912450701697,177404.2571182,2490,1.4037109375,8.0,2.0,39.19117647058823,0
83.41519385101856,177404.293187544,2491,1.3868489583333334,12.0,2.0,39.19117647058823,0
83.4471229930059,177404.325116686,2492,1.4004947916666666,9.0,2.0,39.19117647058823,0
83.47910609800601,177404.357099791,2493,1.4014485677083333,7.0,2.0,39.19117647058823,0
83.51520149700809,177404.39319519,2494,1.4075130208333333,8.0,2.0,39.19117647058823,0
83.54714435801725,177404.425138051,2495,1.403642578125,15.0,2.0,39.19117647058823,0
83.57908303299337,177404.457076726,2496,1.40775390625,6.0,2.0,39.19117647058823,0
83.61512150199269,177404.493115195,2497,1.3920442708333334,8.0,2.0,39.19117647058823,0
83.64711280699703,177404.5251065,2498,1.4039811197916667,8.0,2.0,39.19117647058823,0
83.68314923200523,177404.561142925,2499,1.4107356770833333,15.0,2.0,39.19117647058823,0
83.71518987501622,177404.593183568,2500,1.405625,10.0,2.0,39.19117647058823,0
83.74717316799797,177404.625166861,2501,1.39783203125,11.0,2.0,39.19117647058823,0
83.78316374699352,177404.66115744,2502,1.3953873697916668,7.0,2.0,39.19117647058823,0
83.81516974899569,177404.693163442,2503,1.4027571614583334,8.0,2.0,39.19117647058823,0
83.84712978699827,177404.72512348,2504,1.4883268229166666,16.0,3.0,39.19117647058823,0
83.88315209699795,177404.76114579,2505,2.414013671875,254.0,16.0,39.19117647058823,1
83.91517937701428,177404.79317307,2506,1.434775390625,10.0,2.0,39.19117647058823,0
83.94715299500967,177404.825146688,2507,1.4018098958333334,10.0,2.0,39.19117647058823,0
83.98314766201656,177404.861141355,2508,1.4084928385416666,7.0,2.0,39.19117647058823,0
84.01511478199973,177404.893108475,2509,1.3953580729166666,13.0,2.0,39.19117647058823,0
84.05115881800884,177404.929152511,2510,1.4093033854166668,12.0,2.0,39.19117647058823,0
84.08314852201147,177404.961142215,2511,1.3985286458333333,10.0,2.0,39.19117647058823,0
84.1151190160017,177404.993112709,2512,1.4006998697916666,11.0,2.0,39.19117647058823,0
84.15117168999859,177405.029165383,2513,1.403017578125,15.0,2.0,39.19117647058823,0
84.18316938800854,177405.061163081,2514,1.3959993489583333,12.0,2.0,39.19117647058823,0
84.21507186599774,177405.093065559,2515,1.3949837239583334,12.0,2.0,39.19117647058823,0
84.25114758001291,177405.129141273,2516,1.4040071614583334,11.0,2.0,39.19117647058823,0
84.28315070399549,177405.161144397,2517,1.40947265625,12.0,2.0,39.19117647058823,0
84.31909139300114,177405.197085086,2518,1.4043880208333333,8.0,2.0,39.19117647058823,0
84.35117138101486,177405.229165074,2519,1.399443359375,9.0,2.0,39.19117647058823,0
84.38312791500357,177405.261121608,2520,1.4046712239583334,11.0,2.0,39.19117647058823,0
84.41911587901996,177405.297109572,2521,1.403994140625,8.0,2.0,39.19117647058823,0
84.45111962000374,177405.329113313,2522,1.3989811197916666,6.0,2.0,39.19117647058823,0
84.48313924801187,177405.361132941,2523,1.4013834635416667,12.0,2.0,39.19117647058823,0
84.51912442100001,177405.397118114,2524,1.3990885416666667,6.0,2.0,39.19117647058823,0
84.55111974501051,177405.429113438,2525,1.4000553385416667,9.0,2.0,39.19117647058823,0
84.58309678101796,177405.461090474,2526,1.4004654947916666,7.0,2.0,39.19117647058823,0
84.61914672300918,177405.497140416,2527,1.4022591145833334,10.0,2.0,39.19117647058823,0
84.6511015620199,177405.529095255,2528,1.4030240885416667,6.0,2.0,39.19117647058823,0
84.68714721899596,177405.565140912,2529,1.402158203125,8.0,2.0,39.19117647058823,0
84.71910781401675,177405.597101507,2530,1.3950390625,6.0,2.0,39.19117647058823,0
84.75112209800864,177405.629115791,2531,1.4026595052083333,7.0,2.0,39.19117647058823,0
84.78707516699797,177405.66506886,2532,1.403857421875,8.0,2.0,39.19117647058823,0
84.81908157499856,177405.697075268,2533,1.4030403645833334,7.0,2.0,39.19117647058823,0
84.85111237599631,177405.729106069,2534,1.40080078125,9.0,2.0,39.19117647058823,0
84.8871421609947,177405.765135854,2535,1.4006608072916666,10.0,2.0,39.19117647058823,0
84.91912219999358,177405.797115893,2536,1.4030631510416667,8.0,2.0,39.19117647058823,0
84.95510628199554,177405.833099975,2537,1.3988997395833334,7.0,2.0,39.19117647058823,0
84.98711044501397,177405.865104138,2538,1.4003873697916667,7.0,2.0,39.19117647058823,0
85.01911067200126,177405.897104365,2539,1.403671875,8.0,2.0,39.19117647058823,0
85.05513642399455,177405.933130117,2540,1.39662109375,12.0,2.0,39.19117647058823,0
85.08708521601511,177405.965078909,2541,1.40283203125,14.0,2.0,39.19117647058823,0
85.1191458569956,177405.99713955,2542,1.4041666666666666,14.0,2.0,39.19117647058823,0
85.15517512700171,177406.03316882,2543,1.399287109375,5.0,2.0,39.19117647058823,0
85.1871289430128,177406.065122636,2544,1.402529296875,14.0,2.0,39.19117647058823,0
85.21914340299554,177406.097137096,2545,1.4061002604166666,8.0,2.0,39.19117647058823,0
85.25513821101049,177406.133131904,2546,1.401875,12.0,2.0,39.19117647058823,0
85.28707687399583,177406.165070567,2547,1.4039127604166666,8.0,2.0,39.19117647058823,0
85.32310522001353,177406.201098913,2548,1.4042447916666667,13.0,2.0,39.19117647058823,0
85.35514954701648,177406.23314324,2549,1.4018229166666667,7.0,2.0,39.19117647058823,0
85.38713498800644,177406.265128681,2550,1.3955208333333333,15.0,2.0,39.19117647058823,0
85.42311332302052,177406.301107016,2551,1.3994205729166667,8.0,2.0,39.19117647058823,0
85.45515318299294,177406.333146876,2552,1.404267578125,7.0,2.0,39.19117647058823,0
85.48708148300648,177406.365075176,2553,1.4010970052083334,8.0,2.0,39.19117647058823,0
85.52310118300375,177406.401094876,2554,1.4059244791666667,9.0,2.0,39.19117647058823,0
85.5551176580193,177406.433111351,2555,1.3964713541666667,5.0,2.0,39.19117647058823,0
85.59111968200887,177406.469113375,2556,1.3907584635416668,9.0,2.0,39.19117647058823,0
85.62312923301943,177406.501122926,2557,1.4000325520833334,9.0,2.0,39.19117647058823,0
85.65507862501545,177406.533072318,2558,1.3986555989583334,12.0,2.0,39.19117647058823,0
85.69118186002015,177406.569175553,2559,1.405810546875,10.0,2.0,39.19117647058823,0
85.7231089300185,177406.601102623,2560,1.4050748697916666,6.0,2.0,39.19117647058823,0
85.75510924699483,177406.63310294,2561,1.401357421875,12.0,2.0,39.19117647058823,0
85.79113637001137,177406.669130063,2562,1.3877897135416666,9.0,2.0,39.19117647058823,0
85.82314278799458,177406.701136481,2563,1.3938834635416666,12.0,2.0,39.19117647058823,0
85.85511088301428,177406.733104576,2564,1.4036360677083333,9.0,2.0,39.19117647058823,0
85.89114477200201,177406.769138465,2565,1.4015397135416667,8.0,2.0,39.19117647058823,0
85.92308217100799,177406.801075864,2566,2.317926432291667,254.0,15.0,39.19117647058823,1
85.9591469320003,177406.837140625,2567,2.41021484375,254.0,16.0,39.19117647058823,1
85.99115718301618,177406.869150876,2568,1.426337890625,8.0,2.0,39.19117647058823,0
86.0230832270172,177406.90107692,2569,1.4047330729166667,7.0,2.0,39.19117647058823,0
86.05917775499984,177406.937171448,2570,1.4068880208333334,7.0,2.0,39.19117647058823,0
86.09116094000638,177406.969154633,2571,1.4008365885416667,10.0,2.0,39.19117647058823,0
86.12305332301185,177407.001047016,2572,1.4051529947916668,7.0,2.0,39.19117647058823,0
86.15913894001278,177407.037132633,2573,1.4096614583333333,9.0,2.0,39.19117647058823,0
86.19114885799354,177407.069142551,2574,1.412939453125,8.0,2.0,39.19117647058823,0
86.22711726999842,177407.105110963,2575,1.40349609375,14.0,2.0,39.19117647058823,0
86.25915395101765,177407.137147644,2576,1.3979524739583333,13.0,2.0,39.19117647058823,0
86.2910733630124,177407.169067056,2577,1.3980696614583332,8.0,2.0,39.19117647058823,0
86.32714024299639,177407.205133936,2578,1.4027799479166667,10.0,2.0,39.19117647058823,0
86.3591220350063,177407.237115728,2579,1.4001334635416667,12.0,2.0,39.19117647058823,0
86.3910272050125,177407.269020898,2580,1.39462890625,7.0,2.0,39.19117647058823,0
86.42711137799779,177407.305105071,2581,1.4003483072916667,9.0,2.0,39.19117647058823,0
86.45915429200977,177407.337147985,2582,1.4040494791666667,10.0,2.0,39.19117647058823,0
86.49109220100217,177407.369085894,2583,1.4027701822916667,12.0,2.0,39.19117647058823,0
86.52715776400873,177407.405151457,2584,1.4070247395833333,10.0,2.0,39.19117647058823,0
86.55908012899454,177407.437073822,2585,1.399755859375,11.0,2.0,39.19117647058823,0
86.59514230000786,177407.473135993,2586,1.396533203125,8.0,2.0,39.19117647058823,0
86.62710789401899,177407.505101587,2587,1.4099186197916667,9.0,2.0,39.19117647058823,0
86.6590929790109,177407.537086672,2588,1.4078938802083334,13.0,2.0,39.19117647058823,0
86.69514010701096,177407.5731338,2589,1.398095703125,8.0,2.0,39.19117647058823,0
86.72710615300457,177407.605099846,2590,1.4057845052083333,9.0,2.0,39.19117647058823,0
86.75908372699632,177407.63707742,2591,1.398291015625,6.0,2.0,39.19117647058823,0
86.79515594200348,177407.673149635,2592,1.4070930989583332,10.0,2.0,39.19117647058823,0
86.82714196300367,177407.705135656,2593,1.400029296875,6.0,2.0,39.19117647058823,0
86.86325818201294,177407.741251875,2594,1.4031608072916666,12.0,2.0,39.19117647058823,0
86.89513935899595,177407.773133052,2595,1.4091471354166667,9.0,2.0,39.19117647058823,0
86.92708838899853,177407.805082082,2596,1.3965494791666666,7.0,2.0,39.19117647058823,0
86.9631547589961,177407.841148452,2597,1.3960546875,11.0,2.0,39.19117647058823,0
86.99515486499877,177407.873148558,2598,1.399599609375,8.0,2.0,39.19117647058823,0
87.02702792402124,177407.905021617,2599,1.4018977864583333,14.0,2.0,39.19117647058823,0
87.06319679599255,177407.941190489,2600,1.404228515625,8.0,2.0,39.19117647058823,0
87.09515347500565,177407.973147168,2601,1.398828125,11.0,2.0,39.19117647058823,0
87.12708456700784,177408.00507826,2602,1.400419921875,14.0,2.0,39.19117647058823,0
87.16325566300657,177408.041249356,2603,1.4005501302083334,7.0,2.0,39.19117647058823,0
87.19516149201081,177408.073155185,2604,1.4113248697916667,11.0,2.0,39.19117647058823,0
87.23133449000306,177408.109328183,2605,1.4032942708333334,8.0,2.0,39.19117647058823,0
87.26313592802035,177408.141129621,2606,1.3944173177083334,10.0,2.0,39.19117647058823,0
87.29516440202133,177408.173158095,2607,1.404423828125,12.0,2.0,39.19117647058823,0
87.33127397601493,177408.209267669,2608,1.4031901041666666,11.0,2.0,39.19117647058823,0
87.36314957099967,177408.241143264,2609,1.4073665364583334,10.0,2.0,39.19117647058823,0
87.3954255169956,177408.27341921,2610,1.4057779947916667,12.0,2.0,39.19117647058823,0
87.431281408004,177408.309275101,2611,1.3941178385416666,10.0,2.0,39.19117647058823,0
87.46316978899995,177408.341163482,2612,1.400791015625,8.0,2.0,39.19117647058823,0
87.49917954200646,177408.377173235,2613,1.4094466145833333,14.0,2.0,39.19117647058823,0
87.53118420799728,177408.409177901,2614,1.40130859375,7.0,2.0,39.19117647058823,0
87.56306505700923,177408.44105875,2615,1.4026985677083332,8.0,2.0,39.19117647058823,0
87.59921513000154,177408.477208823,2616,1.4002864583333334,12.0,2.0,39.19117647058823,0
87.63129464400117,177408.509288337,2617,1.4005045572916666,11.0,2.0,39.19117647058823,0
87.66314652899746,177408.541140222,2618,1.4029069010416666,9.0,2.0,39.19117647058823,0
87.69921390799573,177408.577207601,2619,1.4056217447916666,9.0,2.0,39.19117647058823,0
87.73127361800289,177408.609267311,2620,1.3957194010416667,9.0,2.0,39.19117647058823,0
87.76315321799484,177408.641146911,2621,1.3990006510416666,12.0,2.0,39.19117647058823,0
87.79913674501586,177408.677130438,2622,1.4025553385416667,7.0,2.0,39.19117647058823,0
87.83121754799504,177408.709211241,2623,1.3969889322916667,7.0,2.0,39.19117647058823,0
87.867161467002,177408.74515516,2624,1.401201171875,10.0,2.0,39.19117647058823,0
87.89915171300527,177408.777145406,2625,1.3990983072916667,10.0,2.0,39.19117647058823,0
87.93122363099246,177408.809217324,2626,1.4079720052083333,10.0,2.0,39.19117647058823,0
87.96717259401339,177408.845166287,2627,1.39916015625,9.0,2.0,39.19117647058823,0
87.99912177500664,177408.877115468,2628,1.4019759114583332,8.0,2.0,39.19117647058823,0
88.03128088000813,177408.909274573,2629,1.4060872395833333,9.0,2.0,39.19117647058823,0
88.06715189601528,177408.945145589,2630,2.36958984375,254.0,16.0,39.19117647058823,1
88.09922414101311,177408.977217834,2631,2.35521484375,254.0,16.0,39.19117647058823,1
88.13517224800307,177409.013165941,2632,1.4086979166666667,13.0,2.0,39.19117647058823,0
88.16715403299895,177409.045147726,2633,1.4081901041666667,12.0,2.0,39.19117647058823,0
88.19914387399331,177409.077137567,2634,1.4028287760416667,8.0,2.0,39.19117647058823,0
88.2351662540168,177409.113159947,2635,1.4031477864583333,13.0,2.0,39.19117647058823,0
88.26712744499673,177409.145121138,2636,1.4058919270833334,9.0,2.0,39.19117647058823,0
88.29913109901827,177409.177124792,2637,1.412587890625,8.0,2.0,39.19117647058823,0
88.33521403101622,177409.213207724,2638,1.4043880208333333,8.0,2.0,39.19117647058823,0
88.36718118999852,177409.245174883,2639,1.405966796875,8.0,2.0,39.19117647058823,0
88.39912241601269,177409.277116109,2640,1.4016829427083333,8.0,2.0,39.19117647058823,0
88.43533244801802,177409.313326141,2641,1.398271484375,9.0,2.0,39.19117647058823,0
88.46711889101425,177409.345112584,2642,1.4085481770833332,12.0,2.0,39.19117647058823,0
88.50318839700776,177409.38118209,2643,1.404560546875,8.0,2.0,39.19117647058823,0
88.53517037001438,177409.413164063,2644,1.4020442708333334,12.0,2.0,39.19117647058823,0
88.56711200901191,177409.445105702,2645,1.4004915364583332,12.0,2.0,39.19117647058823,0
88.60314582599676,177409.481139519,2646,1.4013509114583333,10.0,2.0,39.19117647058823,0
88.63513947001775,177409.513133163,2647,1.4000618489583334,9.0,2.0,39.19117647058823,0
88.66714464401593,177409.545138337,2648,1.4089095052083334,13.0,2.0,39.19117647058823,0
88.70321064299787,177409.581204336,2649,1.396767578125,8.0,2.0,39.19117647058823,0
88.73519603800378,177409.613189731,2650,1.3972688802083333,7.0,2.0,39.19117647058823,0
88.77115033901646,177409.649144032,2651,1.4041959635416668,12.0,2.0,39.19117647058823,0
88.80312804901041,177409.681121742,2652,1.3979134114583334,15.0,2.0,39.19117647058823,0
88.83515946101397,177409.713153154,2653,1.4019661458333332,9.0,2.0,39.19117647058823,0
88.87110749899875,177409.749101192,2654,1.399423828125,15.0,2.0,39.19117647058823,0
88.90312578700832,177409.78111948,2655,1.396826171875,7.0,2.0,39.19117647058823,0
88.93514588900143,177409.813139582,2656,1.4048665364583333,8.0,2.0,39.19117647058823,0
88.97115854400909,177409.849152237,2657,1.4053092447916666,15.0,2.0,39.19117647058823,0
89.00315846901503,177409.881152162,2658,1.4013118489583334,6.0,2.0,39.19117647058823,0
89.03516940001282,177409.913163093,2659,1.412158203125,13.0,2.0,39.19117647058823,0
89.07110324501991,177409.949096938,2660,1.4011686197916666,9.0,2.0,39.19117647058823,0
89.1030919040204,177409.981085597,2661,1.4081022135416668,7.0,2.0,39.19117647058823,0
89.13911606400507,177410.017109757,2662,1.405458984375,10.0,2.0,39.19117647058823,0
89.17286146600964,177410.050855159,2663,1.4057454427083333,11.0,2.0,39.19117647058823,0
89.20627810500446,177410.084271798,2664,1.403486328125,15.0,2.0,39.19117647058823,0
89.24223819401232,177410.120231887,2665,1.4046223958333333,10.0,2.0,39.19117647058823,0
89.2711220960191,177410.149115789,2666,1.4014290364583333,12.0,2.0,39.19117647058823,0
89.30310810200172,177410.181101795,2667,1.39857421875,8.0,2.0,39.19117647058823,0
89.33915646802052,177410.217150161,2668,1.399345703125,8.0,2.0,39.19117647058823,0
89.3711641280097,177410.249157821,2669,1.401728515625,8.0,2.0,39.19117647058823,0
89.40716264100047,177410.285156334,2670,1.398701171875,7.0,2.0,39.19117647058823,0
89.43915382100386,177410.317147514,2671,1.3984407552083333,8.0,2.0,39.19117647058823,0
89.47111873200629,177410.349112425,2672,1.3918359375,8.0,2.0,39.19117647058823,0
89.50710700801574,177410.385100701,2673,1.3967220052083333,8.0,2.0,39.19117647058823,0
89.53914104201249,177410.417134735,2674,1.3960481770833333,6.0,2.0,39.19117647058823,0
89.57111851699301,177410.44911221,2675,1.405361328125,12.0,2.0,39.19117647058823,0
89.60713431000477,177410.485128003,2676,1.402265625,13.0,2.0,39.19117647058823,0
89.63913265900919,177410.517126352,2677,1.40158203125,6.0,2.0,39.19117647058823,0
89.67109287300264,177410.549086566,2678,1.4022819010416667,10.0,2.0,39.19117647058823,0
89.70716164199985,177410.585155335,2679,1.4038020833333333,10.0,2.0,39.19117647058823,0
89.739121059014,177410.617114752,2680,1.3963736979166668,6.0,2.0,39.19117647058823,0
89.77512879599817,177410.653122489,2681,1.4098828125,8.0,2.0,39.19117647058823,0
89.8071727839997,177410.685166477,2682,1.398212890625,6.0,2.0,39.19117647058823,0
89.83909983499325,177410.717093528,2683,1.4023372395833333,15.0,2.0,39.19117647058823,0
89.87515997199807,177410.753153665,2684,1.3988932291666667,6.0,2.0,39.19117647058823,0
89.90715761602041,177410.785151309,2685,1.3937272135416667,10.0,2.0,39.19117647058823,0
89.93912835800438,177410.817122051,2686,1.4068424479166666,10.0,2.0,39.19117647058823,0
89.97513578101643,177410.853129474,2687,1.4067643229166666,8.0,2.0,39.19117647058823,0
90.00716772099258,177410.885161414,2688,1.4014680989583332,15.0,2.0,39.19117647058823,0
90.04318380000768,177410.921177493,2689,1.4077115885416667,12.0,2.0,39.19117647058823,0
90.07511432300089,177410.953108016,2690,1.4067740885416666,11.0,2.0,39.19117647058823,0
90.10711785400053,177410.985111547,2691,1.404990234375,10.0,2.0,39.19117647058823,0
90.14317235600902,177411.021166049,2692,1.403486328125,8.0,2.0,39.19117647058823,0
90.1751610210049,177411.053154714,2693,1.6527278645833334,87.0,7.0,39.19117647058823,1
90.20712907501729,177411.085122768,2694,2.423111979166667,254.0,16.0,39.19117647058823,1
90.24316660800832,177411.121160301,2695,1.43234375,6.0,2.0,39.19117647058823,0
90.27514649400837,177411.153140187,2696,1.4022819010416667,9.0,2.0,39.19117647058823,0
90.30711250801687,177411.185106201,2697,1.399658203125,9.0,2.0,39.19117647058823,0
90.34314763901057,177411.221141332,2698,1.4135546875,12.0,2.0,39.19117647058823,0
90.37515895301476,177411.253152646,2699,1.3979134114583334,8.0,2.0,39.19117647058823,0
90.41110048000701,177411.289094173,2700,1.4041829427083334,12.0,2.0,39.19117647058823,0
90.44310958700953,177411.32110328,2701,1.4129361979166666,7.0,2.0,39.19117647058823,0
90.47512463800376,177411.353118331,2702,1.4037076822916668,8.0,2.0,39.19117647058823,0
90.51116128999274,177411.389154983,2703,1.4016373697916666,12.0,2.0,39.19117647058823,0
90.54310800001258,177411.421101693,2704,1.405859375,9.0,2.0,39.19117647058823,0
90.57507600600366,177411.453069699,2705,1.4029036458333333,7.0,2.0,39.19117647058823,0
90.61114504700527,177411.48913874,2706,1.3980631510416666,10.0,2.0,39.19117647058823,0
90.64316408900777,177411.521157782,2707,1.4052213541666667,10.0,2.0,39.19117647058823,0
90.67912663001334,177411.557120323,2708,1.3973828125,8.0,2.0,39.19117647058823,0
90.71114140300779,177411.589135096,2709,1.4059700520833334,7.0,2.0,39.19117647058823,0
90.7430713250069,177411.621065018,2710,1.4165755208333333,12.0,2.0,39.19117647058823,0
90.77915935500641,177411.657153048,2711,1.401533203125,8.0,2.0,39.19117647058823,0
90.81113651001942,177411.689130203,2712,1.397353515625,8.0,2.0,39.19117647058823,0
90.84307900001295,177411.721072693,2713,1.4031119791666666,8.0,2.0,39.19117647058823,0
90.87915007499396,177411.757143768,2714,1.4003385416666667,12.0,2.0,39.19117647058823,0
90.9111741759989,177411.789167869,2715,1.4052766927083333,9.0,2.0,39.19117647058823,0
90.94311052601552,177411.821104219,2716,1.391728515625,10.0,2.0,39.19117647058823,0
90.9791452579957,177411.857138951,2717,1.4051009114583333,9.0,2.0,39.19117647058823,0
91.01111591100926,177411.889109604,2718,1.3928743489583333,10.0,2.0,39.19117647058823,0
91.0472095060104,177411.925203199,2719,1.397109375,7.0,2.0,39.19117647058823,0
91.0791369540093,177411.957130647,2720,1.4038151041666667,10.0,2.0,39.19117647058823,0
91.1111165760085,177411.989110269,2721,1.4017057291666666,7.0,2.0,39.19117647058823,0
91.14716846001102,177412.025162153,2722,1.4024088541666666,10.0,2.0,39.19117647058823,0
91.17918614900555,177412.057179842,2723,1.3981640625,7.0,2.0,39.19117647058823,0
91.21113141500973,177412.089125108,2724,1.4048372395833333,13.0,2.0,39.19117647058823,0
91.24722648601164,177412.125220179,2725,1.408271484375,5.0,2.0,39.19117647058823,0
91.27913671699935,177412.15713041,2726,1.40154296875,7.0,2.0,39.19117647058823,0
91.31521183199948,177412.193205525,2727,1.4028515625,7.0,2.0,39.19117647058823,0
91.34720293999999,177412.225196633,2728,1.4041731770833332,9.0,2.0,39.19117647058823,0
91.37909023201792,177412.257083925,2729,1.3998372395833334,13.0,2.0,39.19117647058823,0
91.4152609409939,177412.293254634,2730,1.401396484375,5.0,2.0,39.19117647058823,0
91.44715320301475,177412.325146896,2731,1.3973958333333334,9.0,2.0,39.19117647058823,0
91.4790829840058,177412.357076677,2732,1.4009537760416666,9.0,2.0,39.19117647058823,0
91.51520720901317,177412.393200902,2733,1.39822265625,10.0,2.0,39.19117647058823,0
91.54722778502037,177412.425221478,2734,1.4042415364583334,8.0,2.0,39.19117647058823,0
91.57913382601691,177412.457127519,2735,1.4023567708333333,10.0,2.0,39.19117647058823,0
91.61529314800282,177412.493286841,2736,1.4035579427083333,6.0,2.0,39.19117647058823,0
91.6476530280197,177412.525646721,2737,1.407802734375,8.0,2.0,39.19117647058823,0
91.68318235399784,177412.561176047,2738,1.4013932291666666,8.0,2.0,39.19117647058823,0
91.71525117600686,177412.593244869,2739,1.3929459635416668,7.0,2.0,39.19117647058823,0
91.74712507601362,177412.625118769,2740,1.3990104166666666,11.0,2.0,39.19117647058823,0
91.78320373201859,177412.661197425,2741,1.3955013020833333,6.0,2.0,39.19117647058823,0
91.81530669200583,177412.693300385,2742,1.4062565104166667,8.0,2.0,39.19117647058823,0
91.84711237601005,177412.725106069,2743,1.3990690104166668,15.0,2.0,39.19117647058823,0
91.88320333999582,177412.761197033,2744,1.4069889322916667,8.0,2.0,39.19117647058823,0
91.91531281999778,177412.793306513,2745,1.403544921875,8.0,2.0,39.19117647058823,0
91.95118864800315,177412.829182341,2746,1.3980794270833334,12.0,2.0,39.19117647058823,0
91.98319246500614,177412.861186158,2747,1.4030403645833334,9.0,2.0,39.19117647058823,0
92.01518216801924,177412.893175861,2748,1.4113346354166667,7.0,2.0,39.19117647058823,0
92.05119969299994,177412.929193386,2749,1.4114778645833332,10.0,2.0,39.19117647058823,0
92.08325446301023,177412.961248156,2750,1.4599674479166667,14.0,3.0,39.19117647058823,0
92.115263271,177412.993256964,2751,2.472975260416667,254.0,16.0,39.19117647058823,1
92.15121518500382,177413.029208878,2752,1.4373014322916666,12.0,2.0,39.19117647058823,0
92.18609371600905,177413.064087409,2753,1.3984147135416667,5.0,2.0,39.19117647058823,0
92.21518818600453,177413.093181879,2754,1.4059895833333333,11.0,2.0,39.19117647058823,0
92.25119498299318,177413.129188676,2755,1.4016471354166666,6.0,2.0,39.19117647058823,0
92.28313803099445,177413.161131724,2756,1.397236328125,12.0,2.0,39.19117647058823,0
92.31925284099998,177413.197246534,2757,1.4013834635416667,9.0,2.0,39.19117647058823,0
92.3512072750018,177413.229200968,2758,1.393984375,12.0,2.0,39.19117647058823,0
92.38312162901275,177413.261115322,2759,1.403173828125,8.0,2.0,39.19117647058823,0
92.41921740199905,177413.297211095,2760,1.400546875,7.0,2.0,39.19117647058823,0
92.45117823701003,177413.32917193,2761,1.403291015625,9.0,2.0,39.19117647058823,0
92.48318540101172,177413.361179094,2762,1.4067220052083333,11.0,2.0,39.19117647058823,0
92.51918958101305,177413.397183274,2763,1.4051692708333334,13.0,2.0,39.19117647058823,0
92.55120088899275,177413.429194582,2764,1.4065755208333333,8.0,2.0,39.19117647058823,0
92.58713774499483,177413.465131438,2765,1.402880859375,8.0,2.0,39.19117647058823,0
92.61914183801855,177413.497135531,2766,1.403564453125,8.0,2.0,39.19117647058823,0
92.6511506200186,177413.529144313,2767,1.3982096354166667,10.0,2.0,39.19117647058823,0
92.68717142101377,177413.565165114,2768,1.4038444010416666,8.0,2.0,39.19117647058823,0
92.7191294330114,177413.597123126,2769,1.401357421875,8.0,2.0,39.19117647058823,0
92.75113625699305,177413.62912995,2770,1.4020735677083334,10.0,2.0,39.19117647058823,0
92.78722107299836,177413.665214766,2771,1.40236328125,9.0,2.0,39.19117647058823,0
92.81924454201362,177413.697238235,2772,1.4061002604166666,8.0,2.0,39.19117647058823,0
92.85123432599357,177413.729228019,2773,1.3987369791666666,10.0,2.0,39.19117647058823,0
92.88724251202075,177413.765236205,2774,1.4064029947916667,11.0,2.0,39.19117647058823,0
92.91922058499767,177413.797214278,2775,1.4022981770833334,16.0,2.0,39.19117647058823,0
92.95529061401612,177413.833284307,2776,1.40369140625,8.0,2.0,39.19117647058823,0
92.98720831301762,177413.865202006,2777,1.4015592447916667,7.0,2.0,39.19117647058823,0
93.01927602701471,177413.89726972,2778,1.4039811197916667,7.0,2.0,39.19117647058823,0
93.05524066599901,177413.933234359,2779,1.4003125,7.0,2.0,39.19117647058823,0
93.0872465140128,177413.965240207,2780,1.40669921875,8.0,2.0,39.19117647058823,0
93.11926596201374,177413.997259655,2781,1.3973372395833332,7.0,2.0,39.19117647058823,0
93.1552760710183,177414.033269764,2782,1.400625,8.0,2.0,39.19117647058823,0
93.18726854000124,177414.065262233,2783,1.4079915364583333,8.0,2.0,39.19117647058823,0
93.22322937799618,177414.101223071,2784,1.4018359375,10.0,2.0,39.19117647058823,0
93.25527062901529,177414.133264322,2785,1.4014290364583333,13.0,2.0,39.19117647058823,0
93.28718703999766,177414.165180733,2786,1.40416015625,9.0,2.0,39.19117647058823,0
93.32322030400974,177414.201213997,2787,1.4029557291666668,12.0,2.0,39.19117647058823,0
93.35533717501676,177414.233330868,2788,1.4083723958333334,8.0,2.0,39.19117647058823,0
93.38735837701824,177414.26535207,2789,1.4047298177083334,12.0,2.0,39.19117647058823,0
93.4233679070021,177414.3013616,2790,1.4009928385416666,8.0,2.0,39.19117647058823,0
93.45536498801084,177414.333358681,2791,1.39978515625,6.0,2.0,39.19117647058823,0
93.4872793990071,177414.365273092,2792,1.4000651041666667,6.0,2.0,39.19117647058823,0
93.52327304700157,177414.40126674,2793,1.402939453125,10.0,2.0,39.19117647058823,0
93.55523406300927,177414.433227756,2794,1.3977311197916666,10.0,2.0,39.19117647058823,0
93.59128637300455,177414.469280066,2795,1.40130859375,8.0,2.0,39.19117647058823,0
93.62320555301267,177414.501199246,2796,1.403212890625,6.0,2.0,39.19117647058823,0
93.65520800100057,177414.533201694,2797,1.3990201822916666,8.0,2.0,39.19117647058823,0
93.6912165429967,177414.569210236,2798,1.4067057291666667,8.0,2.0,39.19117647058823,0
93.7232482440013,177414.601241937,2799,1.40267578125,10.0,2.0,39.19117647058823,0
93.75527695700293,177414.63327065,2800,1.3979915364583333,6.0,2.0,39.19117647058823,0
93.79120034800144,177414.669194041,2801,1.39880859375,8.0,2.0,39.19117647058823,0
93.82319463099702,177414.701188324,2802,1.4032259114583334,10.0,2.0,39.19117647058823,0
93.85921592501109,177414.737209618,2803,1.408212890625,9.0,2.0,39.19117647058823,0
93.89124770901981,177414.769241402,2804,1.397177734375,8.0,2.0,39.19117647058823,0
93.92319827401661,177414.801191967,2805,1.392490234375,10.0,2.0,39.19117647058823,0
93.95918197301216,177414.837175666,2806,1.3960709635416666,10.0,2.0,39.19117647058823,0
93.99120408701128,177414.86919778,2807,1.40232421875,9.0,2.0,39.19117647058823,0
94.02319731700118,177414.90119101,2808,1.4002506510416666,10.0,2.0,39.19117647058823,0
94.05926704301964,177414.937260736,2809,1.3963346354166666,8.0,2.0,39.19117647058823,0
94.0912106950127,177414.969204388,2810,1.4077018229166667,13.0,2.0,39.19117647058823,0
94.12317366999923,177415.001167363,2811,1.4563997395833332,13.0,3.0,39.19117647058823,0
94.15923760901205,177415.037231302,2812,2.473128255208333,254.0,16.0,39.19117647058823,1
94.19118950600387,177415.069183199,2813,1.4666178385416666,10.0,2.0,39.19117647058823,0
94.22728712600656,177415.105280819,2814,1.4053255208333333,7.0,2.0,39.19117647058823,0
94.25934007699834,177415.13733377,2815,1.4039908854166667,9.0,2.0,39.19117647058823,0
94.29131494701141,177415.16930864,2816,1.3998990885416667,10.0,2.0,39.19117647058823,0
94.3273122550163,177415.205305948,2817,1.401650390625,8.0,2.0,39.19117647058823,0
94.359334570996,177415.237328264,2818,1.402314453125,15.0,2.0,39.19117647058823,0
94.39135774600436,177415.269351439,2819,1.4042122395833334,8.0,2.0,39.19117647058823,0
94.42722905799747,177415.305222751,2820,1.3986686197916667,12.0,2.0,39.19117647058823,0
94.45931660901988,177415.337310302,2821,1.40755859375,9.0,2.0,39.19117647058823,0
94.49522767600138,177415.373221369,2822,1.3964973958333333,8.0,2.0,39.19117647058823,0
94.52721611599554,177415.405209809,2823,1.4132421875,10.0,2.0,39.19117647058823,0
94.559214798006,177415.437208491,2824,1.3928971354166666,8.0,2.0,39.19117647058823,0
94.595254379994,177415.473248073,2825,1.40029296875,9.0,2.0,39.19117647058823,0
94.62722338599269,177415.505217079,2826,1.4047233072916667,17.0,2.0,39.19117647058823,0
94.6592042639968,177415.537197957,2827,1.403564453125,7.0,2.0,39.19117647058823,0
94.69518907699967,177415.57318277,2828,1.4035872395833333,8.0,2.0,39.19117647058823,0
94.7272284720093,177415.605222165,2829,1.3964811197916667,8.0,2.0,39.19117647058823,0
94.75918668700615,177415.63718038,2830,1.404296875,6.0,2.0,39.19117647058823,0
94.79522656899644,177415.673220262,2831,1.4033854166666666,5.0,2.0,39.19117647058823,0
94.82713996301754,177415.705133656,2832,1.4054817708333334,9.0,2.0,39.19117647058823,0
94.8633157889999,177415.741309482,2833,1.4021744791666666,6.0,2.0,39.19117647058823,0
94.89521350100404,177415.773207194,2834,1.4094368489583333,8.0,2.0,39.19117647058823,0
94.92718857899308,177415.805182272,2835,1.406240234375,9.0,2.0,39.19117647058823,0
94.96331634899252,177415.841310042,2836,1.405439453125,8.0,2.0,39.19117647058823,0
94.99521793899476,177415.873211632,2837,1.4061946614583334,15.0,2.0,39.19117647058823,0
95.02716734301066,177415.905161036,2838,1.3993098958333334,6.0,2.0,39.19117647058823,0
95.06336027299403,177415.941353966,2839,1.4086490885416667,13.0,2.0,39.19117647058823,0
95.09523471500142,177415.973228408,2840,1.4048990885416666,8.0,2.0,39.19117647058823,0
95.1313249230152,177416.009318616,2841,1.4037532552083334,9.0,2.0,39.19117647058823,0
95.16333451599348,177416.041328209,2842,1.40912109375,7.0,2.0,39.19117647058823,0
95.19517497401102,177416.073168667,2843,1.3955891927083333,9.0,2.0,39.19117647058823,0
95.23129586601863,177416.109289559,2844,1.4033658854166666,9.0,2.0,39.19117647058823,0
95.26336893401458,177416.141362627,2845,1.3918717447916666,10.0,2.0,39.19117647058823,0
95.29522195400205,177416.173215647,2846,1.4068001302083333,10.0,2.0,39.19117647058823,0
95.33134261201485,177416.209336305,2847,1.4042317708333334,8.0,2.0,39.19117647058823,0
95.36341743601952,177416.241411129,2848,1.4122721354166667,7.0,2.0,39.19117647058823,0
95.39531149101094,177416.273305184,2849,1.3993880208333334,7.0,2.0,39.19117647058823,0
95.431291365996,177416.309285059,2850,1.4046321614583333,6.0,2.0,39.19117647058823,0
95.46330642700195,177416.34130012,2851,1.40306640625,10.0,2.0,39.19117647058823,0
95.49939059000462,177416.377384283,2852,1.4034342447916666,13.0,2.0,39.19117647058823,0
95.53130995400716,177416.409303647,2853,1.4013313802083334,12.0,2.0,39.19117647058823,0
95.5633411029994,177416.441334796,2854,1.3974934895833333,8.0,2.0,39.19117647058823,0
95.59938155100099,177416.477375244,2855,1.4024869791666668,9.0,2.0,39.19117647058823,0
95.63133675599238,177416.509330449,2856,1.39751953125,12.0,2.0,39.19117647058823,0
95.66324796900153,177416.541241662,2857,1.4018880208333333,7.0,2.0,39.19117647058823,0
95.69932765100384,177416.577321344,2858,1.408974609375,8.0,2.0,39.19117647058823,0
95.73132577500655,177416.609319468,2859,1.4017154947916666,10.0,2.0,39.19117647058823,0
95.76740625599632,177416.645399949,2860,1.404326171875,7.0,2.0,39.19117647058823,0
95.7993808920146,177416.677374585,2861,1.4056966145833334,13.0,2.0,39.19117647058823,0
95.83137491799425,177416.709368611,2862,1.4018294270833334,11.0,2.0,39.19117647058823,0
95.86729974500486,177416.745293438,2863,1.4089713541666666,15.0,2.0,39.19117647058823,0
95.89937048801221,177416.777364181,2864,1.3984309895833333,8.0,2.0,39.19117647058823,0
95.93124700401677,177416.809240697,2865,1.4030078125,10.0,2.0,39.19117647058823,0
95.9673086120165,177416.845302305,2866,1.4000911458333334,8.0,2.0,39.19117647058823,0
95.99935275499593,177416.877346448,2867,1.4040299479166667,9.0,2.0,39.19117647058823,0
96.03135590499733,177416.909349598,2868,1.4088151041666668,8.0,2.0,39.19117647058823,0
96.06736549802008,177416.945359191,2869,1.39771484375,6.0,2.0,39.19117647058823,0
96.09940711600939,177416.977400809,2870,1.4006315104166667,12.0,2.0,39.19117647058823,0
96.1353257370065,177417.01331943,2871,1.4050553385416666,8.0,2.0,39.19117647058823,0
96.16753961401992,177417.045533307,2872,1.3981380208333334,12.0,2.0,39.19117647058823,0
96.19932934801909,177417.077323041,2873,1.40375,9.0,2.0,39.19117647058823,0
96.23534205299802,177417.113335746,2874,2.2923177083333335,254.0,15.0,39.19117647058823,1
96.267355331016,177417.145349024,2875,2.3580143229166666,254.0,16.0,39.19117647058823,1
96.29931248901994,177417.177306182,2876,1.410703125,15.0,2.0,39.19117647058823,0
96.33529464501771,177417.213288338,2877,1.4156282552083332,9.0,2.0,39.19117647058823,0
96.36739458100055,177417.245388274,2878,1.404853515625,8.0,2.0,39.19117647058823,0
96.40337758100941,177417.281371274,2879,1.4130013020833334,8.0,2.0,39.19117647058823,0
96.43530613000621,177417.313299823,2880,1.4112467447916666,11.0,2.0,39.19117647058823,0
96.46729358899756,177417.345287282,2881,1.40845703125,5.0,2.0,39.19117647058823,0
96.50332821600023,177417.381321909,2882,1.40125,7.0,2.0,39.19117647058823,0
96.53527723500156,177417.413270928,2883,1.4049576822916667,8.0,2.0,39.19117647058823,0
96.56741923099617,177417.445412924,2884,1.403056640625,13.0,2.0,39.19117647058823,0
96.603305430006,177417.481299123,2885,1.4075390625,8.0,2.0,39.19117647058823,0
96.63527731600334,177417.513271009,2886,1.40083984375,8.0,2.0,39.19117647058823,0
96.66733083300642,177417.545324526,2887,1.40083984375,8.0,2.0,39.19117647058823,0
96.70326737701544,177417.58126107,2888,1.3997916666666668,8.0,2.0,39.19117647058823,0
96.73539747000905,177417.613391163,2889,1.4103190104166667,12.0,2.0,39.19117647058823,0
96.77125257099397,177417.649246264,2890,1.4001106770833334,16.0,2.0,39.19117647058823,0
96.80329879501369,177417.681292488,2891,1.3969791666666667,12.0,2.0,39.19117647058823,0
96.8354026240122,177417.713396317,2892,1.404921875,10.0,2.0,39.19117647058823,0
96.87128374000895,177417.749277433,2893,1.4043391927083333,7.0,2.0,39.19117647058823,0
96.90329364899662,177417.781287342,2894,1.4037141927083334,15.0,2.0,39.19117647058823,0
96.93527771500521,177417.813271408,2895,1.39921875,8.0,2.0,39.19117647058823,0
96.97135807899758,177417.849351772,2896,1.4067513020833333,12.0,2.0,39.19117647058823,0
97.00331903801998,177417.881312731,2897,1.4080696614583332,6.0,2.0,39.19117647058823,0
97.03924510400975,177417.917238797,2898,1.39751953125,8.0,2.0,39.19117647058823,0
97.07127867802046,177417.949272371,2899,1.3983821614583334,7.0,2.0,39.19117647058823,0
97.10331041002064,177417.981304103,2900,1.3940690104166666,9.0,2.0,39.19117647058823,0
97.13938449101988,177418.017378184,2901,1.3974348958333334,6.0,2.0,39.19117647058823,0
97.17133961099898,177418.049333304,2902,1.4017740885416667,8.0,2.0,39.19117647058823,0
97.20330659500905,177418.081300288,2903,1.405029296875,8.0,2.0,39.19117647058823,0
97.23936082300497,177418.117354516,2904,1.3968880208333334,15.0,2.0,39.19117647058823,0
97.27156344000832,177418.149557133,2905,1.3991178385416667,9.0,2.0,39.19117647058823,0
97.30332006100798,177418.181313754,2906,1.3953190104166666,6.0,2.0,39.19117647058823,0
97.3392963889928,177418.217290082,2907,1.4026497395833333,15.0,2.0,39.19117647058823,0
97.37143585801823,177418.249429551,2908,1.401630859375,13.0,2.0,39.19117647058823,0
97.4073302950128,177418.285323988,2909,1.3973209635416666,8.0,2.0,39.19117647058823,0
97.43932700899313,177418.317320702,2910,1.4056087239583333,9.0,2.0,39.19117647058823,0
97.47124856401933,177418.349242257,2911,1.3950618489583333,10.0,2.0,39.19117647058823,0
97.50730018899776,177418.385293882,2912,1.3994140625,12.0,2.0,39.19117647058823,0
97.53932574400096,177418.417319437,2913,1.408115234375,10.0,2.0,39.19117647058823,0
97.57139565300895,177418.449389346,2914,1.403447265625,8.0,2.0,39.19117647058823,0
97.60725851199823,177418.485252205,2915,1.404326171875,9.0,2.0,39.19117647058823,0
97.63927944400348,177418.517273137,2916,1.3973046875,6.0,2.0,39.19117647058823,0
97.67524228501134,177418.553235978,2917,1.40548828125,10.0,2.0,39.19117647058823,0
97.70724112002063,177418.585234813,2918,1.4047591145833334,9.0,2.0,39.19117647058823,0
97.73924110201187,177418.617234795,2919,1.4007356770833332,8.0,2.0,39.19117647058823,0
97.77522972799488,177418.653223421,2920,1.405185546875,12.0,2.0,39.19117647058823,0
97.80730754500837,177418.685301238,2921,1.4079036458333334,9.0,2.0,39.19117647058823,0
97.83929159402032,177418.717285287,2922,1.39708984375,12.0,2.0,39.19117647058823,0
97.87528324901359,177418.753276942,2923,1.4024934895833334,10.0,2.0,39.19117647058823,0
97.90726393699879,177418.78525763,2924,1.399755859375,13.0,2.0,39.19117647058823,0
97.93928113600123,177418.817274829,2925,1.4044889322916667,11.0,2.0,39.19117647058823,0
97.97522362502059,177418.853217318,2926,1.39923828125,8.0,2.0,39.19117647058823,0
98.00722288599354,177418.885216579,2927,1.4040625,9.0,2.0,39.19117647058823,0
98.04322039501858,177418.921214088,2928,1.3905533854166667,10.0,2.0,39.19117647058823,0
98.0752459600044,177418.953239653,2929,1.4100455729166668,10.0,2.0,39.19117647058823,0
98.10722617100691,177418.985219864,2930,1.3979720052083333,8.0,2.0,39.19117647058823,0
98.14320877499995,177419.021202468,2931,1.4002506510416666,12.0,2.0,39.19117647058823,0
98.17525452200789,177419.053248215,2932,2.444736328125,254.0,16.0,39.19117647058823,1
98.20722332500736,177419.085217018,2933,1.50134765625,10.0,2.0,39.19117647058823,0
98.24322725899401,177419.121220952,2934,1.4103776041666667,12.0,2.0,39.19117647058823,0
98.2796266740188,177419.157620367,2935,1.4012825520833334,7.0,2.0,39.19117647058823,0
98.34425422700588,177419.22224792,2936,1.407265625,8.0,2.0,39.19117647058823,0
98.36709627101664,177419.245089964,2937,1.3981966145833333,8.0,2.0,39.19117647058823,0
98.38569481199374,177419.263688505,2938,1.4022623697916667,8.0,2.0,39.19117647058823,0
98.41214314501849,177419.290136838,2939,1.402841796875,8.0,2.0,39.19117647058823,0
98.44333740900038,177419.321331102,2940,1.397734375,10.0,2.0,39.19117647058823,0
98.47532888699789,177419.35332258,2941,1.40302734375,12.0,2.0,39.19117647058823,0
98.51132863099338,177419.389322324,2942,1.402265625,10.0,2.0,39.19117647058823,0
98.54360745800659,177419.421601151,2943,1.4059244791666667,7.0,2.0,39.19117647058823,0
98.5757658710063,177419.453759564,2944,1.406494140625,10.0,2.0,39.19117647058823,0
98.6113660580013,177419.489359751,2945,1.4010514322916667,8.0,2.0,39.19117647058823,0
98.6434699880192,177419.521463681,2946,1.4019856770833334,7.0,2.0,39.19117647058823,0
98.67934681399493,177419.557340507,2947,1.3990755208333334,10.0,2.0,39.19117647058823,0
98.71147595401271,177419.589469647,2948,1.399638671875,7.0,2.0,39.19117647058823,0
98.74333815599675,177419.621331849,2949,1.4044173177083332,14.0,2.0,39.19117647058823,0
98.77940739601036,177419.657401089,2950,1.41025390625,7.0,2.0,39.19117647058823,0
98.81145537400153,177419.689449067,2951,1.4033723958333333,9.0,2.0,39.19117647058823,0
98.84337958501419,177419.721373278,2952,1.4051888020833334,9.0,2.0,39.19117647058823,0
98.87963001601747,177419.757623709,2953,1.3940462239583333,9.0,2.0,39.19117647058823,0
98.91136826001457,177419.789361953,2954,1.404658203125,10.0,2.0,39.19117647058823,0
98.9484381910006,177419.826431884,2955,1.4075325520833333,7.0,2.0,39.19117647058823,0
98.98035732199787,177419.858351015,2956,1.410947265625,10.0,2.0,39.19117647058823,0
99.01135806000093,177419.889351753,2957,1.4035221354166667,8.0,2.0,39.19117647058823,0
99.04738069200539,177419.925374385,2958,1.4058235677083333,12.0,2.0,39.19117647058823,0
99.07943766200333,177419.957431355,2959,1.3993880208333334,7.0,2.0,39.19117647058823,0
99.1113713280065,177419.989365021,2960,1.3935904947916666,9.0,2.0,39.19117647058823,0
99.14797993199318,177420.025973625,2961,1.4108463541666667,9.0,2.0,39.19117647058823,0
99.17997898699832,177420.05797268,2962,1.4101822916666666,8.0,2.0,39.19117647058823,0
99.22730016201967,177420.105293855,2963,1.3990885416666667,7.0,2.0,39.19117647058823,0
99.24786241300171,177420.125856106,2964,1.4068587239583332,9.0,2.0,39.19117647058823,0
99.27969705199939,177420.157690745,2965,1.406923828125,8.0,2.0,39.19117647058823,0
99.31560531500145,177420.193599008,2966,1.3994791666666666,8.0,2.0,39.19117647058823,0
99.35117732500657,177420.229171018,2967,1.397333984375,9.0,2.0,39.19117647058823,0
99.38256048699259,177420.26055418,2968,1.40314453125,10.0,2.0,39.19117647058823,0
99.41598034501658,177420.293974038,2969,1.3965299479166666,12.0,2.0,39.19117647058823,0
99.44774520301144,177420.325738896,2970,1.401572265625,7.0,2.0,39.19117647058823,0
99.479383479018,177420.357377172,2971,1.4078352864583332,12.0,2.0,39.19117647058823,0
99.51571994001279,177420.393713633,2972,1.3954850260416667,13.0,2.0,39.19117647058823,0
99.54772346300888,177420.425717156,2973,1.39626953125,10.0,2.0,39.19117647058823,0
99.58351538699935,177420.46150908,2974,1.4032779947916667,12.0,2.0,39.19117647058823,0
99.61542760499287,177420.493421298,2975,1.407724609375,6.0,2.0,39.19117647058823,0
99.64755576301832,177420.525549456,2976,1.3977994791666666,7.0,2.0,39.19117647058823,0
99.68343778600683,177420.561431479,2977,1.3923046875,8.0,2.0,39.19117647058823,0
99.71547168699908,177420.59346538,2978,1.409208984375,9.0,2.0,39.19117647058823,0
99.74751904502045,177420.625512738,2979,1.398388671875,8.0,2.0,39.19117647058823,0
99.78342797799269,177420.661421671,2980,1.4020377604166667,10.0,2.0,39.19117647058823,0
99.81543672800763,177420.693430421,2981,1.40537109375,13.0,2.0,39.19117647058823,0
99.84790028000134,177420.725893973,2982,1.3884147135416667,10.0,2.0,39.19117647058823,0
99.8840500160004,177420.762043709,2983,1.4053450520833333,9.0,2.0,39.19117647058823,0
99.91547187999822,177420.793465573,2984,1.4072102864583333,11.0,2.0,39.19117647058823,0
99.95136929801083,177420.829362991,2985,1.405498046875,12.0,2.0,39.19117647058823,0
99.98341470799642,177420.861408401,2986,1.4058626302083332,7.0,2.0,39.19117647058823,0
100.01539595701615,177420.89338965,2987,1.40146484375,8.0,2.0,39.19117647058823,0
100.0514244910155,177420.929418184,2988,1.4118098958333334,8.0,2.0,39.19117647058823,0
100.08355547199608,177420.961549165,2989,1.3973795572916667,10.0,2.0,39.19117647058823,0
100.1154141020088,177420.993407795,2990,1.4081868489583333,12.0,2.0,39.19117647058823,0
100.15136584200081,177421.029359535,2991,1.4018782552083333,10.0,2.0,39.19117647058823,0
100.18350523000117,177421.061498923,2992,2.333515625,254.0,16.0,39.19117647058823,1
100.21943762499723,177421.097431318,2993,2.474104817708333,254.0,16.0,39.19117647058823,1
100.2514172049996,177421.129410898,2994,1.4401041666666667,8.0,2.0,39.19117647058823,0
100.28336992202094,177421.161363615,2995,1.4024641927083332,8.0,2.0,39.19117647058823,0
100.3194398790074,177421.197433572,2996,1.4006966145833333,9.0,2.0,39.19117647058823,0
100.35146272400743,177421.229456417,2997,1.410791015625,7.0,2.0,39.19117647058823,0
100.38343867400545,177421.261432367,2998,1.4059993489583333,12.0,2.0,39.19117647058823,0
100.41945355301141,177421.297447246,2999,1.4052473958333334,9.0,2.0,39.19117647058823,0
100.45151943599922,177421.329513129,3000,1.3928971354166666,10.0,2.0,39.19117647058823,0
100.48360930100898,177421.361602994,3001,1.4009928385416666,9.0,2.0,39.19117647058823,0
100.51942574899294,177421.397419442,3002,1.3971484375,8.0,2.0,39.19117647058823,0
100.55134822500986,177421.429341918,3003,1.410810546875,10.0,2.0,39.19117647058823,0
100.58742069400614,177421.465414387,3004,1.4012076822916666,10.0,2.0,39.19117647058823,0
100.61942938200082,177421.497423075,3005,1.4080045572916666,8.0,2.0,39.19117647058823,0
100.65140747799887,177421.529401171,3006,1.40318359375,11.0,2.0,39.19117647058823,0
100.68743645999348,177421.565430153,3007,1.40630859375,7.0,2.0,39.19117647058823,0
100.71997451700736,177421.59796821,3008,1.4069173177083334,7.0,2.0,39.19117647058823,0
100.75142742600292,177421.629421119,3009,1.4010807291666667,7.0,2.0,39.19117647058823,0
100.78765171201667,177421.665645405,3010,1.3928645833333333,8.0,2.0,39.19117647058823,0
100.81942264799727,177421.697416341,3011,1.4036653645833332,12.0,2.0,39.19117647058823,0
100.85536132002017,177421.733355013,3012,1.4030045572916667,8.0,2.0,39.19117647058823,0
100.88747838701238,177421.76547208,3013,1.403720703125,8.0,2.0,39.19117647058823,0
100.91944795599557,177421.797441649,3014,1.3905305989583334,7.0,2.0,39.19117647058823,0
100.95547927700682,177421.83347297,3015,1.4090006510416666,9.0,2.0,39.19117647058823,0
100.98738975901506,177421.865383452,3016,1.4010677083333334,8.0,2.0,39.19117647058823,0
101.01945765301934,177421.897451346,3017,1.40439453125,16.0,2.0,39.19117647058823,0
101.05543047899846,177421.933424172,3018,1.4021061197916667,12.0,2.0,39.19117647058823,0
101.08786698599579,177421.965860679,3019,1.3951302083333332,10.0,2.0,39.19117647058823,0
101.124450436997,177422.00244413,3020,1.4047916666666667,10.0,2.0,39.19117647058823,0
101.15535267800442,177422.033346371,3021,1.4039225260416666,8.0,2.0,39.19117647058823,0
101.18743401599932,177422.065427709,3022,1.4074381510416667,7.0,2.0,39.19117647058823,0
101.22348959601368,177422.101483289,3023,1.397744140625,9.0,2.0,39.19117647058823,0
101.25540796900168,177422.133401662,3024,1.4077278645833333,7.0,2.0,39.19117647058823,0
101.28746695900918,177422.165460652,3025,1.4085872395833334,10.0,2.0,39.19117647058823,0
101.32342973302002,177422.201423426,3026,1.395283203125,10.0,2.0,39.19117647058823,0
101.35543926601531,177422.233432959,3027,1.4052115885416667,8.0,2.0,39.19117647058823,0
101.38742136600194,177422.265415059,3028,1.4060026041666667,10.0,2.0,39.19117647058823,0
101.42344736302039,177422.301441056,3029,1.39259765625,7.0,2.0,39.19117647058823,0
101.45530506799696,177422.333298761,3030,1.3991927083333333,9.0,2.0,39.19117647058823,0
101.491440961021,177422.369434654,3031,1.400537109375,8.0,2.0,39.19117647058823,0
101.52345457300544,177422.401448266,3032,1.4006282552083333,8.0,2.0,39.19117647058823,0
101.55541158799315,177422.433405281,3033,1.40470703125,8.0,2.0,39.19117647058823,0
101.5915394470212,177422.46953314,3034,1.4011067708333333,8.0,2.0,39.19117647058823,0
101.62345800499315,177422.501451698,3035,1.3963704427083334,6.0,2.0,39.19117647058823,0
101.65551791299367,177422.533511606,3036,1.4077376302083333,8.0,2.0,39.19117647058823,0
101.6915214949986,177422.569515188,3037,1.4021028645833333,11.0,2.0,39.19117647058823,0
101.72344995001913,177422.601443643,3038,1.4104036458333333,10.0,2.0,39.19117647058823,0
101.75933449601871,177422.637328189,3039,1.4122591145833334,10.0,2.0,39.19117647058823,0
101.79135905799922,177422.669352751,3040,1.40244140625,12.0,2.0,39.19117647058823,0
101.82335467301891,177422.701348366,3041,1.404931640625,9.0,2.0,39.19117647058823,0
101.85945074801566,177422.737444441,3042,1.4050520833333333,8.0,2.0,39.19117647058823,0
101.89138583600288,177422.769379529,3043,1.39771484375,13.0,2.0,39.19117647058823,0
101.92342616899987,177422.801419862,3044,1.4071321614583334,10.0,2.0,39.19117647058823,0
101.9593748160114,177422.837368509,3045,1.4016927083333333,8.0,2.0,39.19117647058823,0
101.99140885300585,177422.869402546,3046,1.397236328125,9.0,2.0,39.19117647058823,0
102.02427256800001,177422.902266261,3047,1.40166015625,7.0,2.0,39.19117647058823,0
102.05941315300879,177422.937406846,3048,1.4010872395833334,9.0,2.0,39.19117647058823,0
102.09135602801689,177422.969349721,3049,1.4026334635416666,9.0,2.0,39.19117647058823,0
102.12738565000473,177423.005379343,3050,1.4079720052083333,7.0,2.0,39.19117647058823,0
102.15951403800864,177423.037507731,3051,1.4063802083333334,9.0,2.0,39.19117647058823,0
102.19149530900177,177423.069489002,3052,1.3982779947916666,10.0,2.0,39.19117647058823,0
102.22743834499852,177423.105432038,3053,2.37966796875,254.0,16.0,39.19117647058823,1
102.25952429301105,177423.137517986,3054,2.340302734375,254.0,16.0,39.19117647058823,1
102.29139888501959,177423.169392578,3055,1.4135709635416667,8.0,2.0,39.19117647058823,0
102.32757359501556,177423.205567288,3056,1.411005859375,11.0,2.0,39.19117647058823,0
102.35948485400877,177423.237478547,3057,1.4014127604166666,5.0,2.0,39.19117647058823,0
102.39546099299332,177423.273454686,3058,1.40150390625,12.0,2.0,39.19117647058823,0
102.42751975299325,177423.305513446,3059,1.3976334635416667,9.0,2.0,39.19117647058823,0
102.45940681901993,177423.337400512,3060,1.4049609375,8.0,2.0,39.19117647058823,0
102.49549164800555,177423.373485341,3061,1.3963834635416668,7.0,2.0,39.19117647058823,0
102.52748866801267,177423.405482361,3062,1.3987141927083333,10.0,2.0,39.19117647058823,0
102.55942426199908,177423.437417955,3063,1.4064973958333333,12.0,2.0,39.19117647058823,0
102.60879960999591,177423.486793303,3064,1.4018196614583334,9.0,2.0,39.19117647058823,0
102.66122218899545,177423.539215882,3065,1.3971451822916667,8.0,2.0,39.19117647058823,0
102.73540148601751,177423.613395179,3066,1.3924283854166666,13.0,2.0,39.19117647058823,0
102.75818007800262,177423.636173771,3067,1.4063997395833334,9.0,2.0,39.19117647058823,0
102.77994307299377,177423.657936766,3068,1.404814453125,9.0,2.0,39.19117647058823,0
102.8046244950092,177423.682618188,3069,1.412763671875,12.0,2.0,39.19117647058823,0
102.82565713100485,177423.703650824,3070,1.4043294270833333,10.0,2.0,39.19117647058823,0
102.85013656501542,177423.728130258,3071,1.4012955729166667,8.0,2.0,39.19117647058823,0
102.88851243100362,177423.766506124,3072,1.3991764322916667,7.0,2.0,39.19117647058823,0
102.90910013800021,177423.787093831,3073,1.4044173177083332,6.0,2.0,39.19117647058823,0
102.93096191299264,177423.808955606,3074,1.403583984375,8.0,2.0,39.19117647058823,0
102.96367300199927,177423.841666695,3075,1.4148600260416666,9.0,2.0,39.19117647058823,0
102.99555124199833,177423.873544935,3076,1.397109375,12.0,2.0,39.19117647058823,0
103.03183326401631,177423.909826957,3077,1.4071940104166667,7.0,2.0,39.19117647058823,0
103.06371231301455,177423.941706006,3078,1.3986067708333334,8.0,2.0,39.19117647058823,0
103.09561750100693,177423.973611194,3079,1.402978515625,6.0,2.0,39.19117647058823,0
103.13278180800262,177424.010775501,3080,1.4059765625,13.0,2.0,39.19117647058823,0
103.17227829401963,177424.050271987,3081,1.4034407552083332,8.0,2.0,39.19117647058823,0
103.19900447601685,177424.076998169,3082,1.4085709635416668,7.0,2.0,39.19117647058823,0
103.23252374702133,177424.11051744,3083,1.404345703125,10.0,2.0,39.19117647058823,0
103.26366958199651,177424.141663275,3084,1.4040983072916666,18.0,2.0,39.19117647058823,0
103.29561364499386,177424.173607338,3085,1.4030305989583334,8.0,2.0,39.19117647058823,0
103.33181975199841,177424.209813445,3086,1.401474609375,11.0,2.0,39.19117647058823,0
103.36373558800551,177424.241729281,3087,1.4087239583333333,8.0,2.0,39.19117647058823,0
103.40923133600154,177424.287225029,3088,1.4010904947916667,8.0,2.0,39.19117647058823,0
103.43223872699309,177424.31023242,3089,1.400087890625,9.0,2.0,39.19117647058823,0
103.46375677801552,177424.341750471,3090,1.4029134114583333,8.0,2.0,39.19117647058823,0
103.4997506130021,177424.377744306,3091,1.3998893229166667,11.0,2.0,39.19117647058823,0
103.53261054801987,177424.410604241,3092,1.4073079427083333,10.0,2.0,39.19117647058823,0
103.56367611401947,177424.441669807,3093,1.4048763020833333,9.0,2.0,39.19117647058823,0
103.60017313601566,177424.478166829,3094,1.4005631510416667,15.0,2.0,39.19117647058823,0
103.63231228699442,177424.51030598,3095,1.39888671875,8.0,2.0,39.19117647058823,0
103.6679446019989,177424.545938295,3096,1.3985677083333334,7.0,2.0,39.19117647058823,0
103.69995285701589,177424.57794655,3097,1.4011653645833333,9.0,2.0,39.19117647058823,0
103.73366137701669,177424.61165507,3098,1.4107259114583333,8.0,2.0,39.19117647058823,0
103.76787073301966,177424.645864426,3099,1.3983235677083334,8.0,2.0,39.19117647058823,0
103.79972982301842,177424.677723516,3100,1.40826171875,9.0,2.0,39.19117647058823,0
103.83223210801953,177424.710225801,3101,1.4067154947916667,8.0,2.0,39.19117647058823,0
103.86788534800871,177424.745879041,3102,1.40412109375,12.0,2.0,39.19117647058823,0
103.90156218400807,177424.779555877,3103,1.4126692708333333,9.0,2.0,39.19117647058823,0
103.93218184099533,177424.810175534,3104,1.4054915364583334,6.0,2.0,39.19117647058823,0
103.9677680080058,177424.845761701,3105,1.4059505208333334,8.0,2.0,39.19117647058823,0
103.99970901300549,177424.877702706,3106,1.4026497395833333,8.0,2.0,39.19117647058823,0
104.03585578899947,177424.913849482,3107,1.4024934895833334,8.0,2.0,39.19117647058823,0
104.06776646099752,177424.945760154,3108,1.4072981770833333,8.0,2.0,39.19117647058823,0
104.10054103200673,177424.978534725,3109,1.406240234375,12.0,2.0,39.19117647058823,0
104.14197004801827,177425.019963741,3110,1.40140625,9.0,2.0,39.19117647058823,0
104.16788002001704,177425.045873713,3111,1.3965983072916666,6.0,2.0,39.19117647058823,0
104.19991168900742,177425.077905382,3112,1.4034895833333334,12.0,2.0,39.19117647058823,0
104.23581083200406,177425.113804525,3113,1.4031705729166666,8.0,2.0,39.19117647058823,0
104.26786033401731,177425.145854027,3114,2.4492447916666666,254.0,16.0,39.19117647058823,1
104.30576580000343,177425.183759493,3115,1.4693326822916666,11.0,2.0,39.19117647058823,0
104.3357172870019,177425.21371098,3116,1.4040462239583333,8.0,2.0,39.19117647058823,0
104.36766760400496,177425.245661297,3117,1.4069010416666667,18.0,2.0,39.19117647058823,0
104.40419180001481,177425.282185493,3118,1.407822265625,8.0,2.0,39.19117647058823,0
104.43590004500584,177425.313893738,3119,1.4096321614583334,7.0,2.0,39.19117647058823,0
104.46829318400705,177425.346286877,3120,1.402177734375,8.0,2.0,39.19117647058823,0
104.50427202999708,177425.382265723,3121,1.3985188802083333,8.0,2.0,39.19117647058823,0
104.53572770900792,177425.413721402,3122,1.4026822916666666,10.0,2.0,39.19117647058823,0
104.5686723300023,177425.446666023,3123,1.4051302083333332,13.0,2.0,39.19117647058823,0
104.60380002099555,177425.481793714,3124,1.4005338541666668,14.0,2.0,39.19117647058823,0
104.63575582500198,177425.513749518,3125,1.3989583333333333,8.0,2.0,39.19117647058823,0
104.67164758499712,177425.549641278,3126,1.3955989583333333,8.0,2.0,39.19117647058823,0
104.70388929999899,177425.581882993,3127,1.394921875,8.0,2.0,39.19117647058823,0
104.73560649799765,177425.613600191,3128,1.3934147135416666,7.0,2.0,39.19117647058823,0
104.7717048409977,177425.649698534,3129,1.4095084635416666,9.0,2.0,39.19117647058823,0
104.80392361001577,177425.681917303,3130,1.4023209635416667,6.0,2.0,39.19117647058823,0
104.83590994300903,177425.713903636,3131,1.3976692708333334,11.0,2.0,39.19117647058823,0
104.87174849500298,177425.749742188,3132,1.4031608072916666,9.0,2.0,39.19117647058823,0
104.90391829100554,177425.781911984,3133,1.400439453125,10.0,2.0,39.19117647058823,0
104.93977066900698,177425.817764362,3134,1.4140169270833334,9.0,2.0,39.19117647058823,0
104.97181970599922,177425.849813399,3135,1.40845703125,12.0,2.0,39.19117647058823,0
105.00399988199933,177425.881993575,3136,1.4028580729166666,9.0,2.0,39.19117647058823,0
105.03972190801869,177425.917715601,3137,1.3996549479166667,11.0,2.0,39.19117647058823,0
105.07257252300042,177425.950566216,3138,1.402587890625,8.0,2.0,39.19117647058823,0
105.10378192699864,177425.98177562,3139,1.4083203125,8.0,2.0,39.19117647058823,0
105.1397205980029,177426.017714291,3140,1.404609375,11.0,2.0,39.19117647058823,0
105.17171630100347,177426.049709994,3141,1.4021614583333333,5.0,2.0,39.19117647058823,0
105.20376658299938,177426.081760276,3142,1.4063704427083332,11.0,2.0,39.19117647058823,0
105.23971109799459,177426.117704791,3143,1.4036295572916666,13.0,2.0,39.19117647058823,0
105.27193451300263,177426.149928206,3144,1.405146484375,8.0,2.0,39.19117647058823,0
105.30773821999901,177426.185731913,3145,1.4081510416666667,10.0,2.0,39.19117647058823,0
105.33997873502085,177426.217972428,3146,1.4025618489583334,8.0,2.0,39.19117647058823,0
105.3732096189924,177426.251203312,3147,1.4042708333333334,8.0,2.0,39.19117647058823,0
105.40790769201703,177426.285901385,3148,1.40640625,6.0,2.0,39.19117647058823,0
105.44194218100165,177426.319935874,3149,1.3990462239583332,8.0,2.0,39.19117647058823,0
105.47186237099231,177426.349856064,3150,1.402587890625,5.0,2.0,39.19117647058823,0
105.50787179500912,177426.385865488,3151,1.40013671875,15.0,2.0,39.19117647058823,0
105.54006518400274,177426.418058877,3152,1.4026822916666666,8.0,2.0,39.19117647058823,0
105.57582833699416,177426.45382203,3153,1.4031119791666666,8.0,2.0,39.19117647058823,0
105.60768245501094,177426.485676148,3154,1.397734375,15.0,2.0,39.19117647058823,0
105.64006084500579,177426.518054538,3155,1.4048502604166666,14.0,2.0,39.19117647058823,0
105.68130499499966,177426.559298688,3156,1.3974609375,10.0,2.0,39.19117647058823,0
105.70769644799293,177426.585690141,3157,1.4008561197916667,7.0,2.0,39.19117647058823,0
105.74010809001629,177426.618101783,3158,1.4049153645833334,10.0,2.0,39.19117647058823,0
105.77672305100714,177426.654716744,3159,1.40587890625,10.0,2.0,39.19117647058823,0
105.80765989900101,177426.685653592,3160,1.4056803385416667,8.0,2.0,39.19117647058823,0
105.8397764970141,177426.71777019,3161,1.4011197916666667,10.0,2.0,39.19117647058823,0
105.87651553101023,177426.754509224,3162,1.4023209635416667,7.0,2.0,39.19117647058823,0
105.91763404500671,177426.795627738,3163,1.3978450520833334,7.0,2.0,39.19117647058823,0
105.94378986401716,177426.821783557,3164,1.4028352864583333,8.0,2.0,39.19117647058823,0
105.97573127600481,177426.853724969,3165,1.4048893229166666,13.0,2.0,39.19117647058823,0
106.00793845599401,177426.885932149,3166,1.4024153645833333,10.0,2.0,39.19117647058823,0
106.04373470501741,177426.921728398,3167,1.4053841145833332,8.0,2.0,39.19117647058823,0
106.07596479001222,177426.953958483,3168,1.4051302083333332,6.0,2.0,39.19117647058823,0
106.11097958899336,177426.988973282,3169,1.4058040364583333,7.0,2.0,39.19117647058823,0
106.16076092401636,177427.038754617,3170,1.4097916666666668,8.0,2.0,39.19117647058823,0
106.2027286440134,177427.080722337,3171,1.3997721354166666,11.0,2.0,39.19117647058823,0
106.24009574699448,177427.11808944,3172,1.4000748697916667,8.0,2.0,39.19117647058823,0
106.2691687369952,177427.14716243,3173,1.4028450520833333,8.0,2.0,39.19117647058823,0
106.29174471599981,177427.169738409,3174,1.4010514322916667,6.0,2.0,39.19117647058823,0
106.3135951590084,177427.191588852,3175,1.4008072916666667,10.0,2.0,39.19117647058823,0
106.34539924401906,177427.223392937,3176,1.4127766927083334,8.0,2.0,39.19117647058823,0
106.37618292099796,177427.254176614,3177,1.489052734375,15.0,3.0,39.19117647058823,0
106.44632662201184,177427.324320315,3178,2.43169921875,254.0,16.0,39.19117647058823,1
106.47088670299854,177427.348880396,3179,1.4260091145833333,10.0,2.0,39.19117647058823,0
106.5064881569997,177427.38448185,3180,1.4033365885416667,12.0,2.0,39.19117647058823,0
106.53380851700786,177427.41180221,3181,1.39853515625,8.0,2.0,39.19117647058823,0
106.5507713429979,177427.428765036,3182,1.405146484375,14.0,2.0,39.19117647058823,0
106.57997639500536,177427.457970088,3183,1.4097233072916666,8.0,2.0,39.19117647058823,0
106.61229552401346,177427.490289217,3184,1.3997428385416666,10.0,2.0,39.19117647058823,0
106.64346262201434,177427.521456315,3185,1.4064485677083334,11.0,2.0,39.19117647058823,0
106.68016127901501,177427.558154972,3186,1.40384765625,8.0,2.0,39.19117647058823,0
106.71140560999629,177427.589399303,3187,1.40326171875,11.0,2.0,39.19117647058823,0
106.74338188100955,177427.621375574,3188,1.3942024739583334,7.0,2.0,39.19117647058823,0
106.77943942201091,177427.657433115,3189,1.4074153645833334,8.0,2.0,39.19117647058823,0
106.81143208302092,177427.689425776,3190,1.401181640625,6.0,2.0,39.19117647058823,0
106.84795118001057,177427.725944873,3191,1.3954817708333334,6.0,2.0,39.19117647058823,0
106.87941276901984,177427.757406462,3192,1.3991438802083334,8.0,2.0,39.19117647058823,0
106.91130325899576,177427.789296952,3193,1.410400390625,11.0,2.0,39.19117647058823,0
106.94782463900628,177427.825818332,3194,1.40119140625,10.0,2.0,39.19117647058823,0
106.97956974900444,177427.857563442,3195,1.405654296875,7.0,2.0,39.19117647058823,0
107.0112680500024,177427.889261743,3196,1.3978255208333332,13.0,2.0,39.19117647058823,0
107.04739386000438,177427.925387553,3197,1.402470703125,10.0,2.0,39.19117647058823,0
107.07938384701265,177427.95737754,3198,1.4043001302083333,7.0,2.0,39.19117647058823,0
107.11128597400966,177427.989279667,3199,1.3981477864583334,10.0,2.0,39.19117647058823,0
107.14809753399459,177428.026091227,3200,1.3971549479166667,7.0,2.0,39.19117647058823,0
107.17931600500015,177428.057309698,3201,1.4024251302083333,10.0,2.0,39.19117647058823,0
107.21610077901278,177428.094094472,3202,1.4058756510416666,16.0,2.0,39.19117647058823,0
107.24748628100497,177428.125479974,3203,1.4068131510416666,8.0,2.0,39.19117647058823,0
107.27927534200717,177428.157269035,3204,1.4053776041666666,10.0,2.0,39.19117647058823,0
107.31533973300247,177428.193333426,3205,1.4021614583333333,8.0,2.0,39.19117647058823,0
107.34809099399718,177428.226084687,3206,1.4107356770833333,8.0,2.0,39.19117647058823,0
107.37929971201811,177428.257293405,3207,1.407939453125,9.0,2.0,39.19117647058823,0
107.41533797999728,177428.293331673,3208,1.4018033854166667,19.0,2.0,39.19117647058823,0
107.44783559499774,177428.325829288,3209,1.397529296875,13.0,2.0,39.19117647058823,0
107.48332820701762,177428.3613219,3210,1.3977213541666667,8.0,2.0,39.19117647058823,0
107.51583518899861,177428.393828882,3211,1.3958138020833333,13.0,2.0,39.19117647058823,0
107.54779521701857,177428.42578891,3212,1.4064029947916667,9.0,2.0,39.19117647058823,0
107.58331441300106,177428.461308106,3213,1.4018977864583333,9.0,2.0,39.19117647058823,0
107.61542356200516,177428.493417255,3214,1.4026822916666666,8.0,2.0,39.19117647058823,0
107.6478136270016,177428.52580732,3215,1.3973828125,6.0,2.0,39.19117647058823,0
107.68336989899399,177428.561363592,3216,1.40171875,13.0,2.0,39.19117647058823,0
107.71763311701943,177428.59562681,3217,1.3970345052083333,15.0,2.0,39.19117647058823,0
107.76532508601667,177428.643318779,3218,1.4018001302083334,11.0,2.0,39.19117647058823,0
107.81481987799634,177428.692813571,3219,1.3977766927083333,7.0,2.0,39.19117647058823,0
107.82808294301503,177428.706076636,3220,1.4013020833333334,9.0,2.0,39.19117647058823,0
107.85130725399358,177428.729300947,3221,1.4001432291666667,6.0,2.0,39.19117647058823,0
107.88332295199507,177428.761316645,3222,1.4026399739583333,14.0,2.0,39.19117647058823,0
107.91556640100316,177428.793560094,3223,1.4063802083333334,9.0,2.0,39.19117647058823,0
107.95134081301512,177428.829334506,3224,1.3966569010416667,13.0,2.0,39.19117647058823,0
107.98330099301529,177428.861294686,3225,1.4062858072916666,8.0,2.0,39.19117647058823,0
108.01540572999511,177428.893399423,3226,1.3970345052083333,9.0,2.0,39.19117647058823,0
108.05139230401255,177428.929385997,3227,1.4013541666666667,12.0,2.0,39.19117647058823,0
108.08331579799415,177428.961309491,3228,1.405,15.0,2.0,39.19117647058823,0
108.11940948001575,177428.997403173,3229,1.4013802083333333,6.0,2.0,39.19117647058823,0
108.15186642599292,177429.029860119,3230,1.39673828125,6.0,2.0,39.19117647058823,0
108.18332300899783,177429.061316702,3231,1.411025390625,7.0,2.0,39.19117647058823,0
108.21944024300319,177429.097433936,3232,1.3994921875,8.0,2.0,39.19117647058823,0
108.25134451201302,177429.129338205,3233,1.401630859375,8.0,2.0,39.19117647058823,0
108.28325322800083,177429.161246921,3234,1.40111328125,10.0,2.0,39.19117647058823,0
108.31932152502122,177429.197315218,3235,1.4073111979166666,7.0,2.0,39.19117647058823,0
108.35142732399981,177429.229421017,3236,1.402451171875,8.0,2.0,39.19117647058823,0
108.38331464701332,177429.26130834,3237,2.3754557291666667,254.0,16.0,39.19117647058823,1
108.41942111801472,177429.297414811,3238,2.378310546875,254.0,16.0,39.19117647058823,1
108.45132903399644,177429.329322727,3239,1.414658203125,8.0,2.0,39.19117647058823,0
108.48727025699918,177429.36526395,3240,1.400546875,7.0,2.0,39.19117647058823,0
108.51932089199545,177429.397314585,3241,1.3966536458333334,8.0,2.0,39.19117647058823,0
108.55133031401783,177429.429324007,3242,1.40169921875,13.0,2.0,39.19117647058823,0
108.58746526500909,177429.465458958,3243,1.40447265625,12.0,2.0,39.19117647058823,0
108.61931471902062,177429.497308412,3244,1.39927734375,16.0,2.0,39.19117647058823,0
108.65139535200433,177429.529389045,3245,1.39951171875,8.0,2.0,39.19117647058823,0
108.6873394389986,177429.565333132,3246,1.4014192708333333,10.0,2.0,39.19117647058823,0
108.71938112200587,177429.597374815,3247,1.3966015625,11.0,2.0,39.19117647058823,0
108.75535786600085,177429.633351559,3248,1.4022591145833334,12.0,2.0,39.19117647058823,0
108.7873309290153,177429.665324622,3249,1.3961555989583334,10.0,2.0,39.19117647058823,0
108.8195706520055,177429.697564345,3250,1.403369140625,10.0,2.0,39.19117647058823,0
108.8554747220187,177429.733468415,3251,1.4036751302083332,9.0,2.0,39.19117647058823,0
108.88735725200968,177429.765350945,3252,1.3982194010416666,10.0,2.0,39.19117647058823,0
108.91924640600337,177429.797240099,3253,1.4084602864583333,7.0,2.0,39.19117647058823,0
108.95535480501712,177429.833348498,3254,1.394609375,8.0,2.0,39.19117647058823,0
108.98731969701475,177429.86531339,3255,1.4008919270833333,7.0,2.0,39.19117647058823,0
109.01931346501806,177429.897307158,3256,1.40283203125,14.0,2.0,39.19117647058823,0
109.05532989700441,177429.93332359,3257,1.407548828125,8.0,2.0,39.19117647058823,0
109.08733722401666,177429.965330917,3258,1.4052994791666666,8.0,2.0,39.19117647058823,0
109.12340290402062,177430.001396597,3259,1.405859375,8.0,2.0,39.19117647058823,0
109.15537499799393,177430.033368691,3260,1.4006803385416666,13.0,2.0,39.19117647058823,0
109.18726845999481,177430.065262153,3261,1.3977180989583333,6.0,2.0,39.19117647058823,0
109.22332848701626,177430.10132218,3262,1.3944498697916667,7.0,2.0,39.19117647058823,0
109.25536345000728,177430.133357143,3263,1.406923828125,8.0,2.0,39.19117647058823,0
109.28730383500806,177430.165297528,3264,1.4060970052083333,12.0,2.0,39.19117647058823,0
109.32335800901637,177430.201351702,3265,1.4007194010416666,7.0,2.0,39.19117647058823,0
109.35535568499472,177430.233349378,3266,1.3986067708333334,11.0,2.0,39.19117647058823,0
109.39133445499465,177430.269328148,3267,1.398701171875,10.0,2.0,39.19117647058823,0
109.42337186299847,177430.301365556,3268,1.4027897135416667,11.0,2.0,39.19117647058823,0
109.45532766499673,177430.333321358,3269,1.3983756510416667,10.0,2.0,39.19117647058823,0
109.49136445499607,177430.369358148,3270,1.3971223958333334,8.0,2.0,39.19117647058823,0
109.52341562800575,177430.401409321,3271,1.402392578125,8.0,2.0,39.19117647058823,0
109.55528271402,177430.433276407,3272,1.4066080729166666,11.0,2.0,39.19117647058823,0
109.5912702360074,177430.469263929,3273,1.406767578125,12.0,2.0,39.19117647058823,0
109.62337532200036,177430.501369015,3274,1.4025553385416667,10.0,2.0,39.19117647058823,0
109.65537344801123,177430.533367141,3275,1.4055143229166667,7.0,2.0,39.19117647058823,0
109.69125902099768,177430.569252714,3276,1.4037890625,11.0,2.0,39.19117647058823,0
109.72336473601172,177430.601358429,3277,1.4074153645833334,10.0,2.0,39.19117647058823,0
109.75929309101775,177430.637286784,3278,1.40044921875,10.0,2.0,39.19117647058823,0
109.791390547005,177430.66938424,3279,1.405810546875,14.0,2.0,39.19117647058823,0
109.82326226800797,177430.701255961,3280,1.4013736979166667,8.0,2.0,39.19117647058823,0
109.86036422601319,177430.738357919,3281,1.4083756510416667,8.0,2.0,39.19117647058823,0
109.89145741399261,177430.769451107,3282,1.4130891927083333,8.0,2.0,39.19117647058823,0
109.92326671999763,177430.801260413,3283,1.40724609375,8.0,2.0,39.19117647058823,0
109.95928462801385,177430.837278321,3284,1.39642578125,8.0,2.0,39.19117647058823,0
109.99131086000125,177430.869304553,3285,1.404033203125,9.0,2.0,39.19117647058823,0
110.02731443700031,177430.90530813,3286,1.3980891927083334,5.0,2.0,39.19117647058823,0
110.05931063601747,177430.937304329,3287,1.396376953125,12.0,2.0,39.19117647058823,0
110.09130974402069,177430.969303437,3288,1.40783203125,7.0,2.0,39.19117647058823,0
110.12729861700791,177431.00529231,3289,1.3942252604166667,10.0,2.0,39.19117647058823,0
110.15930636101984,177431.037300054,3290,1.3985774739583334,12.0,2.0,39.19117647058823,0
110.1912949620164,177431.069288655,3291,1.4051985677083334,10.0,2.0,39.19117647058823,0
110.22735709900735,177431.105350792,3292,1.4037760416666667,7.0,2.0,39.19117647058823,0
110.25929217299563,177431.137285866,3293,1.3964453125,10.0,2.0,39.19117647058823,0
110.29128064902034,177431.169274342,3294,1.3983723958333334,15.0,2.0,39.19117647058823,0
110.32733662400278,177431.205330317,3295,1.406611328125,7.0,2.0,39.19117647058823,0
110.35927656199783,177431.237270255,3296,1.4532161458333333,14.0,3.0,39.19117647058823,0
110.39530959099648,177431.273303284,3297,2.468147786458333,254.0,16.0,39.19117647058823,1
110.42734182500863,177431.305335518,3298,1.44767578125,10.0,2.0,39.19117647058823,0
110.45926131200395,177431.337255005,3299,1.4033854166666666,11.0,2.0,39.19117647058823,0
110.49532942500082,177431.373323118,3300,1.4076790364583334,10.0,2.0,39.19117647058823,0
110.52731069902075,177431.405304392,3301,1.4044108072916666,14.0,2.0,39.19117647058823,0
110.55930789301055,177431.437301586,3302,1.4049251302083334,8.0,2.0,39.19117647058823,0
110.5952756619954,177431.473269355,3303,1.4064518229166667,10.0,2.0,39.19117647058823,0
110.62731461200747,177431.505308305,3304,1.405966796875,7.0,2.0,39.19117647058823,0
110.66381009700126,177431.54180379,3305,1.40591796875,10.0,2.0,39.19117647058823,0
110.69535873501445,177431.573352428,3306,1.4127278645833334,10.0,2.0,39.19117647058823,0
110.72730266102008,177431.605296354,3307,1.40216796875,8.0,2.0,39.19117647058823,0
110.76334164501168,177431.641335338,3308,1.4090983072916667,10.0,2.0,39.19117647058823,0
110.79531397501705,177431.673307668,3309,1.3988639322916667,6.0,2.0,39.19117647058823,0
110.82730304301367,177431.705296736,3310,1.4043131510416667,8.0,2.0,39.19117647058823,0
110.86332277400652,177431.741316467,3311,1.4051432291666666,10.0,2.0,39.19117647058823,0
110.89521180200973,177431.773205495,3312,1.411416015625,6.0,2.0,39.19117647058823,0
110.92728799799806,177431.805281691,3313,1.398837890625,9.0,2.0,39.19117647058823,0
110.9633228360035,177431.841316529,3314,1.402607421875,7.0,2.0,39.19117647058823,0
110.99519451402011,177431.873188207,3315,1.3959212239583334,8.0,2.0,39.19117647058823,0
111.0312927729974,177431.909286466,3316,1.4041764322916668,13.0,2.0,39.19117647058823,0
111.06333631702,177431.94133001,3317,1.4061881510416667,9.0,2.0,39.19117647058823,0
111.0952941380092,177431.973287831,3318,1.3985677083333334,7.0,2.0,39.19117647058823,0
111.1313502569974,177432.00934395,3319,1.4090690104166668,8.0,2.0,39.19117647058823,0
111.16333634400507,177432.041330037,3320,1.4049381510416667,6.0,2.0,39.19117647058823,0
111.19519437500276,177432.073188068,3321,1.4046223958333333,8.0,2.0,39.19117647058823,0
111.23131405402091,177432.109307747,3322,1.4114322916666666,8.0,2.0,39.19117647058823,0
111.2633519800147,177432.141345673,3323,1.402568359375,7.0,2.0,39.19117647058823,0
111.29929617699236,177432.17728987,3324,1.4000553385416667,10.0,2.0,39.19117647058823,0
111.3312788369949,177432.20927253,3325,1.3972330729166667,9.0,2.0,39.19117647058823,0
111.36329171500984,177432.241285408,3326,1.4018326822916667,7.0,2.0,39.19117647058823,0
111.3992608099943,177432.277254503,3327,1.4133138020833333,8.0,2.0,39.19117647058823,0
111.43128034000983,177432.309274033,3328,1.4004427083333333,8.0,2.0,39.19117647058823,0
111.46324858700973,177432.34124228,3329,1.4083170572916666,9.0,2.0,39.19117647058823,0
111.49943259501015,177432.377426288,3330,1.40265625,9.0,2.0,39.19117647058823,0
111.53129862999776,177432.409292323,3331,1.3982779947916666,15.0,2.0,39.19117647058823,0
111.56326851100312,177432.441262204,3332,1.4060384114583333,9.0,2.0,39.19117647058823,0
111.59939461099566,177432.477388304,3333,1.4082975260416666,8.0,2.0,39.19117647058823,0
111.6312444070063,177432.5092381,3334,1.3987337239583333,14.0,2.0,39.19117647058823,0
111.66743249900173,177432.545426192,3335,1.3941471354166666,9.0,2.0,39.19117647058823,0
111.69928043501568,177432.577274128,3336,1.4013216145833334,10.0,2.0,39.19117647058823,0
111.73130629400839,177432.609299987,3337,1.4095475260416668,8.0,2.0,39.19117647058823,0
111.76742409801227,177432.645417791,3338,1.396962890625,10.0,2.0,39.19117647058823,0
111.79930741499993,177432.677301108,3339,1.4045345052083333,8.0,2.0,39.19117647058823,0
111.8312553249998,177432.709249018,3340,1.4010091145833334,10.0,2.0,39.19117647058823,0
111.86732501699589,177432.74531871,3341,1.408525390625,8.0,2.0,39.19117647058823,0
111.8993124809931,177432.777306174,3342,1.396767578125,11.0,2.0,39.19117647058823,0
111.93539755401434,177432.813391247,3343,1.402158203125,10.0,2.0,39.19117647058823,0
111.9674623820174,177432.845456075,3344,1.393896484375,8.0,2.0,39.19117647058823,0
111.99926985701313,177432.87726355,3345,1.4057584635416667,11.0,2.0,39.19117647058823,0
112.03534865300753,177432.913342346,3346,1.4026725260416666,7.0,2.0,39.19117647058823,0
112.06737695701304,177432.94537065,3347,1.410791015625,12.0,2.0,39.19117647058823,0
112.09927482099738,177432.977268514,3348,1.4061295572916668,15.0,2.0,39.19117647058823,0
112.13542885999777,177433.013422553,3349,1.398828125,7.0,2.0,39.19117647058823,0
112.16747895200388,177433.045472645,3350,1.39513671875,11.0,2.0,39.19117647058823,0
112.19930607400602,177433.077299767,3351,1.40056640625,6.0,2.0,39.19117647058823,0
112.23533266500453,177433.113326358,3352,1.396220703125,9.0,2.0,39.19117647058823,0
112.26730440999381,177433.145298103,3353,1.40544921875,11.0,2.0,39.19117647058823,0
112.30336795700714,177433.18136165,3354,1.394755859375,10.0,2.0,39.19117647058823,0
112.335410788015,177433.213404481,3355,1.4077473958333333,10.0,2.0,39.19117647058823,0
112.36733837699285,177433.24533207,3356,1.3985546875,6.0,2.0,39.19117647058823,0
112.4033222150174,177433.281315908,3357,1.400830078125,8.0,2.0,39.19117647058823,0
112.43538464501034,177433.313378338,3358,1.4932356770833333,16.0,3.0,39.19117647058823,0
112.46742481100955,177433.345418504,3359,2.4459602864583334,254.0,16.0,39.19117647058823,1
112.50329636601964,177433.381290059,3360,1.43171875,14.0,2.0,39.19117647058823,0
112.53532360700774,177433.4133173,3361,1.407890625,9.0,2.0,39.19117647058823,0
112.57125334301963,177433.449247036,3362,1.402841796875,6.0,2.0,39.19117647058823,0
112.60334610400605,177433.481339797,3363,1.4094759114583333,9.0,2.0,39.19117647058823,0
112.63526893200469,177433.513262625,3364,1.3982161458333333,9.0,2.0,39.19117647058823,0
112.671339507011,177433.5493332,3365,1.3965494791666666,7.0,2.0,39.19117647058823,0
112.70338619902031,177433.581379892,3366,1.4043977864583332,6.0,2.0,39.19117647058823,0
112.73530905501684,177433.613302748,3367,1.4124837239583334,11.0,2.0,39.19117647058823,0
112.77133913600119,177433.649332829,3368,1.3937565104166667,8.0,2.0,39.19117647058823,0
112.80330460099503,177433.681298294,3369,1.397861328125,8.0,2.0,39.19117647058823,0
112.83539154799655,177433.713385241,3370,1.3972786458333333,14.0,2.0,39.19117647058823,0
112.87138227099786,177433.749375964,3371,1.406474609375,12.0,2.0,39.19117647058823,0
112.90364593299455,177433.781639626,3372,1.4126790364583333,7.0,2.0,39.19117647058823,0
112.93940942300833,177433.817403116,3373,1.4060026041666667,7.0,2.0,39.19117647058823,0
112.97136274300283,177433.849356436,3374,1.4078483072916668,9.0,2.0,39.19117647058823,0
113.00325601399527,177433.881249707,3375,1.4051334635416666,7.0,2.0,39.19117647058823,0
113.03929092199542,177433.917284615,3376,1.3981575520833334,13.0,2.0,39.19117647058823,0
113.07135171399568,177433.949345407,3377,1.4060188802083333,7.0,2.0,39.19117647058823,0
113.10331802300061,177433.981311716,3378,1.4021907552083333,10.0,2.0,39.19117647058823,0
113.13940170500427,177434.017395398,3379,1.4082877604166666,10.0,2.0,39.19117647058823,0
113.1713193070027,177434.049313,3380,1.4044173177083332,10.0,2.0,39.19117647058823,0
113.2072726690094,177434.085266362,3381,1.3990885416666667,9.0,2.0,39.19117647058823,0
113.23929904500255,177434.117292738,3382,1.3990169270833333,7.0,2.0,39.19117647058823,0
113.27129035099642,177434.149284044,3383,1.4061328125,8.0,2.0,39.19117647058823,0
113.30734858801588,177434.185342281,3384,1.39798828125,9.0,2.0,39.19117647058823,0
113.33937525900546,177434.217368952,3385,1.403916015625,12.0,2.0,39.19117647058823,0
113.3713117360021,177434.249305429,3386,1.3942903645833333,10.0,2.0,39.19117647058823,0
113.40727436201996,177434.285268055,3387,1.4030110677083334,9.0,2.0,39.19117647058823,0
113.43929411499994,177434.317287808,3388,1.4034895833333334,9.0,2.0,39.19117647058823,0
113.47133213901543,177434.349325832,3389,1.40548828125,12.0,2.0,39.19117647058823,0
113.50732379601686,177434.385317489,3390,1.3996549479166667,13.0,2.0,39.19117647058823,0
113.53928061400075,177434.417274307,3391,1.3999576822916666,7.0,2.0,39.19117647058823,0
113.57529038802022,177434.453284081,3392,1.4067252604166667,9.0,2.0,39.19117647058823,0
113.60729071500828,177434.485284408,3393,1.4052278645833334,7.0,2.0,39.19117647058823,0
113.6393402889953,177434.517333982,3394,1.3985026041666666,6.0,2.0,39.19117647058823,0
113.67530231599812,177434.553296009,3395,1.406015625,9.0,2.0,39.19117647058823,0
113.70724117901409,177434.585234872,3396,1.4031868489583332,9.0,2.0,39.19117647058823,0
113.73929212600342,177434.617285819,3397,1.39830078125,7.0,2.0,39.19117647058823,0
113.77528438900481,177434.653278082,3398,1.40765625,14.0,2.0,39.19117647058823,0
113.8072891329939,177434.685282826,3399,1.3996061197916667,8.0,2.0,39.19117647058823,0
113.84329307000735,177434.721286763,3400,1.4056380208333332,6.0,2.0,39.19117647058823,0
113.8752991000074,177434.753292793,3401,1.391201171875,8.0,2.0,39.19117647058823,0
113.90725022400147,177434.785243917,3402,1.4033040364583333,9.0,2.0,39.19117647058823,0
113.94332614599261,177434.821319839,3403,1.3996712239583333,8.0,2.0,39.19117647058823,0
113.97535130701726,177434.853345,3404,1.41072265625,8.0,2.0,39.19117647058823,0
114.00728940599947,177434.885283099,3405,1.39810546875,8.0,2.0,39.19117647058823,0
114.043351033004,177434.921344726,3406,1.3964322916666667,11.0,2.0,39.19117647058823,0
114.07529924699338,177434.95329294,3407,1.3889583333333333,9.0,2.0,39.19117647058823,0
114.1072258510103,177434.985219544,3408,1.397734375,8.0,2.0,39.19117647058823,0
114.14330029400298,177435.021293987,3409,1.3937565104166667,10.0,2.0,39.19117647058823,0
114.1752879449923,177435.053281638,3410,1.40466796875,8.0,2.0,39.19117647058823,0
114.2113382370153,177435.08933193,3411,1.41189453125,9.0,2.0,39.19117647058823,0
114.24327236099634,177435.121266054,3412,1.4064290364583334,12.0,2.0,39.19117647058823,0
114.27534383599414,177435.153337529,3413,1.400947265625,11.0,2.0,39.19117647058823,0
114.31130944701727,177435.18930314,3414,1.4568196614583333,13.0,3.0,39.19117647058823,0
114.34336814601556,177435.221361839,3415,2.4739192708333335,254.0,16.0,39.19117647058823,1
114.37534545801464,177435.253339151,3416,1.4434147135416666,9.0,2.0,39.19117647058823,0
114.41128415800631,177435.289277851,3417,1.4045475260416667,9.0,2.0,39.19117647058823,0
114.44335332201445,177435.321347015,3418,1.391728515625,8.0,2.0,39.19117647058823,0
114.47937556001125,177435.357369253,3419,1.3967350260416667,10.0,2.0,39.19117647058823,0
114.5113553040137,177435.389348997,3420,1.4045377604166667,12.0,2.0,39.19117647058823,0
114.54325991900987,177435.421253612,3421,1.4012662760416668,7.0,2.0,39.19117647058823,0
114.57937340799253,177435.457367101,3422,1.404423828125,8.0,2.0,39.19117647058823,0
114.61143183600507,177435.489425529,3423,1.409990234375,6.0,2.0,39.19117647058823,0
114.64343222099706,177435.521425914,3424,1.40083984375,7.0,2.0,39.19117647058823,0
114.67938864699681,177435.55738234,3425,1.4066178385416668,10.0,2.0,39.19117647058823,0
114.71172284102067,177435.589716534,3426,1.4086360677083334,6.0,2.0,39.19117647058823,0
114.74342919100309,177435.621422884,3427,1.403544921875,9.0,2.0,39.19117647058823,0
114.77938601301867,177435.657379706,3428,1.3993359375,6.0,2.0,39.19117647058823,0
114.8113524359942,177435.689346129,3429,1.4016634114583333,7.0,2.0,39.19117647058823,0
114.8473804660025,177435.725374159,3430,1.4089420572916667,9.0,2.0,39.19117647058823,0
114.87936259101843,177435.757356284,3431,1.3985416666666666,8.0,2.0,39.19117647058823,0
114.91129268400255,177435.789286377,3432,1.4027408854166667,11.0,2.0,39.19117647058823,0
114.94852332101436,177435.826517014,3433,1.3989485677083333,11.0,2.0,39.19117647058823,0
114.97936143100378,177435.857355124,3434,1.4033984375,9.0,2.0,39.19117647058823,0
115.01136650200351,177435.889360195,3435,1.402255859375,7.0,2.0,39.19117647058823,0
115.04738504000125,177435.925378733,3436,1.403671875,8.0,2.0,39.19117647058823,0
115.07933293501264,177435.957326628,3437,1.3996744791666667,9.0,2.0,39.19117647058823,0
115.11538702700636,177435.99338072,3438,1.3973567708333334,8.0,2.0,39.19117647058823,0
115.14741673099343,177436.025410424,3439,1.4000520833333334,10.0,2.0,39.19117647058823,0
115.17935068401857,177436.057344377,3440,1.3958463541666666,8.0,2.0,39.19117647058823,0
115.21555628799251,177436.093549981,3441,1.4051334635416666,8.0,2.0,39.19117647058823,0
115.24736275500618,177436.125356448,3442,1.395458984375,8.0,2.0,39.19117647058823,0
115.27934111299692,177436.157334806,3443,1.4100944010416667,7.0,2.0,39.19117647058823,0
115.31667857102002,177436.194672264,3444,1.4054264322916667,8.0,2.0,39.19117647058823,0
115.34734623701661,177436.22533993,3445,1.4053645833333333,8.0,2.0,39.19117647058823,0
115.37937928599422,177436.257372979,3446,1.40861328125,6.0,2.0,39.19117647058823,0
115.41555570799392,177436.293549401,3447,1.4020638020833334,8.0,2.0,39.19117647058823,0
115.44730302001699,177436.325296713,3448,1.4094498697916666,12.0,2.0,39.19117647058823,0
115.4840912700165,177436.362084963,3449,1.405439453125,8.0,2.0,39.19117647058823,0
115.51539397900342,177436.393387672,3450,1.4019694010416666,9.0,2.0,39.19117647058823,0
115.54723837602069,177436.425232069,3451,1.4071809895833334,7.0,2.0,39.19117647058823,0
115.58343272001366,177436.461426413,3452,1.404716796875,11.0,2.0,39.19117647058823,0
115.61532883200562,177436.493322525,3453,1.404990234375,12.0,2.0,39.19117647058823,0
115.64786520201596,177436.525858895,3454,1.4009798177083332,8.0,2.0,39.19117647058823,0
115.68380354301189,177436.561797236,3455,1.40357421875,10.0,2.0,39.19117647058823,0
115.7154218320211,177436.593415525,3456,1.4037727864583334,12.0,2.0,39.19117647058823,0
115.75145820100443,177436.629451894,3457,1.40701171875,8.0,2.0,39.19117647058823,0
115.78347024502,177436.661463938,3458,1.397099609375,7.0,2.0,39.19117647058823,0
115.81537052101339,177436.693364214,3459,1.405849609375,10.0,2.0,39.19117647058823,0
115.8524508200062,177436.730444513,3460,1.4017350260416668,10.0,2.0,39.19117647058823,0
115.88342081700102,177436.76141451,3461,1.4037890625,8.0,2.0,39.19117647058823,0
115.91550631599966,177436.793500009,3462,1.4023600260416667,10.0,2.0,39.19117647058823,0
115.95147229701979,177436.82946599,3463,1.4096516927083333,8.0,2.0,39.19117647058823,0
115.98346873102128,177436.861462424,3464,1.40236328125,7.0,2.0,39.19117647058823,0
116.01555674400879,177436.893550437,3465,1.4046516927083332,11.0,2.0,39.19117647058823,0
116.05145429700497,177436.92944799,3466,1.402021484375,10.0,2.0,39.19117647058823,0
116.08339224199881,177436.961385935,3467,1.3999348958333333,8.0,2.0,39.19117647058823,0
116.11941822100198,177436.997411914,3468,1.4029524739583332,13.0,2.0,39.19117647058823,0
116.15150198701303,177437.02949568,3469,1.4025846354166667,8.0,2.0,39.19117647058823,0
116.18371564999688,177437.061709343,3470,1.407138671875,9.0,2.0,39.19117647058823,0
116.2194656440115,177437.097459337,3471,1.411826171875,9.0,2.0,39.19117647058823,0
116.25152917800006,177437.129522871,3472,1.4077734375,11.0,2.0,39.19117647058823,0
116.28338501701364,177437.16137871,3473,1.4080891927083334,8.0,2.0,39.19117647058823,0
116.31939055101248,177437.197384244,3474,1.4032877604166667,9.0,2.0,39.19117647058823,0
116.35144967300585,177437.229443366,3475,1.4101953125,7.0,2.0,39.19117647058823,0
116.38741399001447,177437.265407683,3476,1.4032421875,10.0,2.0,39.19117647058823,0
116.41940707099275,177437.297400764,3477,1.3979264322916667,9.0,2.0,39.19117647058823,0
116.45152394799516,177437.329517641,3478,1.4019173177083333,20.0,2.0,39.19117647058823,0
116.48740393100888,177437.365397624,3479,1.4672819010416667,16.0,3.0,39.19117647058823,0
116.51940339599969,177437.397397089,3480,2.4746484375,254.0,16.0,39.19117647058823,1
116.55144416500116,177437.429437858,3481,1.4411881510416666,12.0,2.0,39.19117647058823,0
116.58872188301757,177437.466715576,3482,1.4064420572916667,6.0,2.0,39.19117647058823,0
116.61937065600068,177437.497364349,3483,1.4044791666666667,11.0,2.0,39.19117647058823,0
116.65174673000001,177437.529740423,3484,1.4129329427083333,12.0,2.0,39.19117647058823,0
116.68744300401886,177437.565436697,3485,1.4072265625,13.0,2.0,39.19117647058823,0
116.71939919999568,177437.597392893,3486,1.40609375,8.0,2.0,39.19117647058823,0
116.75570886101923,177437.633702554,3487,1.3989420572916667,10.0,2.0,39.19117647058823,0
116.78743720302009,177437.665430896,3488,1.4046126302083333,10.0,2.0,39.19117647058823,0
116.81940881101764,177437.697402504,3489,1.4001595052083333,6.0,2.0,39.19117647058823,0
116.8554668900033,177437.733460583,3490,1.4031510416666666,8.0,2.0,39.19117647058823,0
116.8874356590095,177437.765429352,3491,1.4045865885416666,10.0,2.0,39.19117647058823,0
116.91938048999873,177437.797374183,3492,1.4071809895833334,9.0,2.0,39.19117647058823,0
116.95539190599811,177437.833385599,3493,1.4042578125,8.0,2.0,39.19117647058823,0
116.98735219199443,177437.865345885,3494,1.4077766927083333,13.0,2.0,39.19117647058823,0
117.02442184701795,177437.90241554,3495,1.4145442708333333,10.0,2.0,39.19117647058823,0
117.05540467202081,177437.933398365,3496,1.4019954427083334,9.0,2.0,39.19117647058823,0
117.08739623101428,177437.965389924,3497,1.4029231770833333,10.0,2.0,39.19117647058823,0
117.12573590499233,177438.003729598,3498,1.4087630208333333,7.0,2.0,39.19117647058823,0
117.15575259699835,177438.03374629,3499,1.4004296875,9.0,2.0,39.19117647058823,0
117.18746791200829,177438.065461605,3500,1.4044986979166667,11.0,2.0,39.19117647058823,0
117.22366791201057,177438.101661605,3501,1.3987955729166666,10.0,2.0,39.19117647058823,0
117.25545406600577,177438.133447759,3502,1.403994140625,10.0,2.0,39.19117647058823,0
117.28744573800941,177438.165439431,3503,1.39890625,10.0,2.0,39.19117647058823,0
117.32336308000959,177438.201356773,3504,1.4084928385416666,10.0,2.0,39.19117647058823,0
117.35536314101773,177438.233356834,3505,1.4062272135416667,8.0,2.0,39.19117647058823,0
117.39141453799675,177438.269408231,3506,1.4146223958333333,10.0,2.0,39.19117647058823,0
117.42342035000911,177438.301414043,3507,1.394853515625,12.0,2.0,39.19117647058823,0
117.45535952900536,177438.333353222,3508,1.40828125,10.0,2.0,39.19117647058823,0
117.49133771800552,177438.369331411,3509,1.4042903645833333,8.0,2.0,39.19117647058823,0
117.52351394700236,177438.40150764,3510,1.4082584635416666,8.0,2.0,39.19117647058823,0
117.55535376799526,177438.433347461,3511,1.400791015625,10.0,2.0,39.19117647058823,0
117.5913344900182,177438.469328183,3512,1.4030403645833334,10.0,2.0,39.19117647058823,0
117.62334006401943,177438.501333757,3513,1.4030924479166667,8.0,2.0,39.19117647058823,0
117.65943077899283,177438.537424472,3514,1.4097819010416666,7.0,2.0,39.19117647058823,0
117.6913882640074,177438.569381957,3515,1.4002278645833333,7.0,2.0,39.19117647058823,0
117.72335129301064,177438.601344986,3516,1.4031608072916666,12.0,2.0,39.19117647058823,0
117.75935104599921,177438.637344739,3517,1.406328125,8.0,2.0,39.19117647058823,0
117.79153375100577,177438.669527444,3518,1.4047623697916667,10.0,2.0,39.19117647058823,0
117.82352250500116,177438.701516198,3519,1.4019368489583333,7.0,2.0,39.19117647058823,0
117.8595660669962,177438.73755976,3520,1.4061881510416667,11.0,2.0,39.19117647058823,0
117.89162683900213,177438.769620532,3521,1.405263671875,9.0,2.0,39.19117647058823,0
117.92341031000251,177438.801404003,3522,1.4060514322916666,10.0,2.0,39.19117647058823,0
117.95936523601995,177438.837358929,3523,1.4024739583333334,9.0,2.0,39.19117647058823,0
117.9915436200099,177438.869537313,3524,1.4060872395833333,6.0,2.0,39.19117647058823,0
118.02787590399384,177438.905869597,3525,1.40228515625,5.0,2.0,39.19117647058823,0
118.05940745101543,177438.937401144,3526,1.397216796875,8.0,2.0,39.19117647058823,0
118.09137478799676,177438.969368481,3527,1.4032552083333334,10.0,2.0,39.19117647058823,0
118.12730997201288,177439.005303665,3528,1.406328125,9.0,2.0,39.19117647058823,0
118.15936097200029,177439.037354665,3529,1.4031770833333332,6.0,2.0,39.19117647058823,0
118.19138341301004,177439.069377106,3530,1.4055598958333333,14.0,2.0,39.19117647058823,0
118.22738627099898,177439.105379964,3531,1.399541015625,14.0,2.0,39.19117647058823,0
118.25936390800052,177439.137357601,3532,1.4116666666666666,7.0,2.0,39.19117647058823,0
118.29537065900513,177439.173364352,3533,1.4133430989583333,6.0,2.0,39.19117647058823,0
118.32735891299671,177439.205352606,3534,1.408505859375,6.0,2.0,39.19117647058823,0
118.35930517199449,177439.237298865,3535,1.4010188802083334,12.0,2.0,39.19117647058823,0
118.3953853760031,177439.273379069,3536,1.401025390625,7.0,2.0,39.19117647058823,0
118.4286921590101,177439.306685852,3537,1.40251953125,7.0,2.0,39.19117647058823,0
118.4597907650168,177439.337784458,3538,1.403671875,9.0,2.0,39.19117647058823,0
118.49538227499579,177439.373375968,3539,1.4039615885416667,10.0,2.0,39.19117647058823,0
118.52851739799371,177439.406511091,3540,2.2635611979166668,254.0,14.0,39.19117647058823,1
118.56341135100229,177439.441405044,3541,2.3955045572916664,254.0,16.0,39.19117647058823,1
118.59536893101176,177439.473362624,3542,1.4184212239583334,8.0,2.0,39.19117647058823,0
118.62730748800095,177439.505301181,3543,1.4115885416666667,8.0,2.0,39.19117647058823,0
118.66337155399378,177439.541365247,3544,1.412099609375,9.0,2.0,39.19117647058823,0
118.69535991401062,177439.573353607,3545,1.411103515625,8.0,2.0,39.19117647058823,0
118.72734268000931,177439.605336373,3546,1.4030501302083334,8.0,2.0,39.19117647058823,0
118.7633752830152,177439.641368976,3547,1.407880859375,11.0,2.0,39.19117647058823,0
118.79535792901879,177439.673351622,3548,1.4035319010416667,8.0,2.0,39.19117647058823,0
118.82734249701025,177439.70533619,3549,1.4054134114583334,7.0,2.0,39.19117647058823,0
118.86332628200762,177439.741319975,3550,1.40130859375,9.0,2.0,39.19117647058823,0
118.89588900501258,177439.773882698,3551,1.4013899739583333,9.0,2.0,39.19117647058823,0
118.93131838101544,177439.809312074,3552,1.3950390625,8.0,2.0,39.19117647058823,0
118.96336092799902,177439.841354621,3553,1.3998600260416667,12.0,2.0,39.19117647058823,0
118.99530545499874,177439.873299148,3554,1.40900390625,11.0,2.0,39.19117647058823,0
119.03130998200504,177439.909303675,3555,1.3966048177083332,10.0,2.0,39.19117647058823,0
119.06334691200755,177439.941340605,3556,1.4005338541666668,8.0,2.0,39.19117647058823,0
119.09529403300257,177439.973287726,3557,1.4018977864583333,12.0,2.0,39.19117647058823,0
119.13133712700801,177440.00933082,3558,1.4066145833333332,12.0,2.0,39.19117647058823,0
119.16334749999805,177440.041341193,3559,1.4013541666666667,10.0,2.0,39.19117647058823,0
119.19935348202125,177440.077347175,3560,1.4010677083333334,15.0,2.0,39.19117647058823,0
119.23132627099403,177440.109319964,3561,1.41537109375,11.0,2.0,39.19117647058823,0
119.2633570379985,177440.141350731,3562,1.3993391927083334,6.0,2.0,39.19117647058823,0
119.29952780500753,177440.177521498,3563,1.4113834635416667,14.0,2.0,39.19117647058823,0
119.33140637201723,177440.209400065,3564,1.3955436197916666,6.0,2.0,39.19117647058823,0
119.36338883001008,177440.241382523,3565,1.4006119791666667,8.0,2.0,39.19117647058823,0
119.3994305730157,177440.277424266,3566,1.4041536458333332,9.0,2.0,39.19117647058823,0
119.43138379100128,177440.309377484,3567,1.4000065104166666,9.0,2.0,39.19117647058823,0
119.46336767802131,177440.341361371,3568,1.4030013020833334,8.0,2.0,39.19117647058823,0
119.49940816001617,177440.377401853,3569,1.4049609375,6.0,2.0,39.19117647058823,0
119.53129913000157,177440.409292823,3570,1.4053971354166668,8.0,2.0,39.19117647058823,0
119.567985702015,177440.445979395,3571,1.410556640625,10.0,2.0,39.19117647058823,0
119.59946368899546,177440.477457382,3572,1.3995182291666666,5.0,2.0,39.19117647058823,0
119.6312828430091,177440.509276536,3573,1.4041666666666666,8.0,2.0,39.19117647058823,0
119.66757706200588,177440.545570755,3574,1.4052799479166667,6.0,2.0,39.19117647058823,0
119.69939021399477,177440.577383907,3575,1.4053938802083332,7.0,2.0,39.19117647058823,0
119.73131477701827,177440.60930847,3576,1.4044010416666666,8.0,2.0,39.19117647058823,0
119.76768508099485,177440.645678774,3577,1.405888671875,7.0,2.0,39.19117647058823,0
119.79938904201845,177440.677382735,3578,1.4004947916666666,8.0,2.0,39.19117647058823,0
119.83725071500521,177440.715244408,3579,1.3938802083333333,7.0,2.0,39.19117647058823,0
119.8729717360111,177440.750965429,3580,1.399140625,10.0,2.0,39.19117647058823,0
119.90127964300336,177440.779273336,3581,1.394892578125,9.0,2.0,39.19117647058823,0
119.93679114500992,177440.814784838,3582,1.4028580729166666,9.0,2.0,39.19117647058823,0
119.96746818401152,177440.845461877,3583,1.4017610677083334,9.0,2.0,39.19117647058823,0
119.99955964501714,177440.877553338,3584,1.400947265625,11.0,2.0,39.19117647058823,0
120.03565508700558,177440.91364878,3585,1.4110026041666666,10.0,2.0,39.19117647058823,0
120.06752012501238,177440.945513818,3586,1.3994921875,11.0,2.0,39.19117647058823,0
120.0993020409951,177440.977295734,3587,1.4103776041666667,10.0,2.0,39.19117647058823,0
120.13556216700817,177441.01355586,3588,1.4095638020833334,9.0,2.0,39.19117647058823,0
120.16740055399714,177441.045394247,3589,1.400830078125,7.0,2.0,39.19117647058823,0
120.20334350000485,177441.081337193,3590,1.4046451822916666,6.0,2.0,39.19117647058823,0
120.23551528999815,177441.113508983,3591,1.401669921875,8.0,2.0,39.19117647058823,0
120.26787972301827,177441.145873416,3592,1.3955013020833333,8.0,2.0,39.19117647058823,0
120.30344794000848,177441.181441633,3593,1.3967024739583334,8.0,2.0,39.19117647058823,0
120.33544602800976,177441.213439721,3594,1.40314453125,7.0,2.0,39.19117647058823,0
120.3674847560178,177441.245478449,3595,1.40623046875,8.0,2.0,39.19117647058823,0
120.40339038800448,177441.281384081,3596,1.3979459635416667,8.0,2.0,39.19117647058823,0
120.43541664400254,177441.313410337,3597,1.4124772135416668,9.0,2.0,39.19117647058823,0
120.4714084250154,177441.349402118,3598,2.4171744791666665,254.0,16.0,39.19117647058823,1
120.50338528401335,177441.381378977,3599,1.7609928385416667,247.0,6.0,39.19117647058823,1
120.53552154000499,177441.413515233,3600,1.4048795572916666,8.0,2.0,39.19117647058823,0
120.57142108300468,177441.449414776,3601,1.40947265625,8.0,2.0,39.19117647058823,0
120.60340924302,177441.481402936,3602,1.4044694010416667,8.0,2.0,39.19117647058823,0
120.63657496499945,177441.514568658,3603,1.4061946614583334,8.0,2.0,39.19117647058823,0
120.67195266901399,177441.549946362,3604,1.40861328125,9.0,2.0,39.19117647058823,0
120.70399462900241,177441.581988322,3605,1.4020865885416667,8.0,2.0,39.19117647058823,0
120.73560656001791,177441.613600253,3606,1.39685546875,12.0,2.0,39.19117647058823,0
120.77246480400208,177441.650458497,3607,1.3974251302083334,7.0,2.0,39.19117647058823,0
120.80347667599563,177441.681470369,3608,1.400791015625,8.0,2.0,39.19117647058823,0
120.84047910300433,177441.718472796,3609,1.3923990885416666,9.0,2.0,39.19117647058823,0
120.87528437899891,177441.753278072,3610,1.4037044270833334,10.0,2.0,39.19117647058823,0
120.90345788400737,177441.781451577,3611,1.4066373697916668,11.0,2.0,39.19117647058823,0
120.93957355100429,177441.817567244,3612,1.4022526041666667,8.0,2.0,39.19117647058823,0
120.9731469929975,177441.851140686,3613,1.4013216145833334,10.0,2.0,39.19117647058823,0
121.0056719710119,177441.883665664,3614,1.4046907552083334,7.0,2.0,39.19117647058823,0
121.04186209299951,177441.919855786,3615,1.4105436197916668,11.0,2.0,39.19117647058823,0
121.07146593299694,177441.949459626,3616,1.4076790364583334,13.0,2.0,39.19117647058823,0
121.10781232800218,177441.985806021,3617,1.395712890625,7.0,2.0,39.19117647058823,0
121.13949658902129,177442.017490282,3618,1.4017154947916666,10.0,2.0,39.19117647058823,0
121.17148731800262,177442.049481011,3619,1.400048828125,11.0,2.0,39.19117647058823,0
121.20758256301633,177442.085576256,3620,1.4047428385416667,9.0,2.0,39.19117647058823,0
121.23938330099918,177442.117376994,3621,1.3940364583333333,10.0,2.0,39.19117647058823,0
121.27159397100331,177442.149587664,3622,1.402919921875,6.0,2.0,39.19117647058823,0
121.3074461829965,177442.185439876,3623,1.4102994791666668,8.0,2.0,39.19117647058823,0
121.3398772230139,177442.217870916,3624,1.3960774739583333,8.0,2.0,39.19117647058823,0
121.37137637901469,177442.249370072,3625,1.3986295572916667,7.0,2.0,39.19117647058823,0
121.40748773200903,177442.285481425,3626,1.3997298177083333,10.0,2.0,39.19117647058823,0
121.43937747101882,177442.317371164,3627,1.4052180989583334,8.0,2.0,39.19117647058823,0
121.47544899201603,177442.353442685,3628,1.3987955729166666,8.0,2.0,39.19117647058823,0
121.50741173699498,177442.38540543,3629,1.4025325520833334,10.0,2.0,39.19117647058823,0
121.53937455799314,177442.417368251,3630,1.4078678385416667,8.0,2.0,39.19117647058823,0
121.57572288601659,177442.453716579,3631,1.4025423177083334,10.0,2.0,39.19117647058823,0
121.60744845299632,177442.485442146,3632,1.39935546875,7.0,2.0,39.19117647058823,0
121.64064179599518,177442.518635489,3633,1.4004069010416667,10.0,2.0,39.19117647058823,0
121.67539579901495,177442.553389492,3634,1.403994140625,7.0,2.0,39.19117647058823,0
121.70741850600461,177442.585412199,3635,1.4000846354166667,15.0,2.0,39.19117647058823,0
121.74349844100652,177442.621492134,3636,1.4006966145833333,7.0,2.0,39.19117647058823,0
121.77546738399542,177442.653461077,3637,1.407822265625,7.0,2.0,39.19117647058823,0
121.80776156301727,177442.685755256,3638,1.39498046875,10.0,2.0,39.19117647058823,0
121.84348604700062,177442.72147974,3639,1.39083984375,6.0,2.0,39.19117647058823,0
121.87588144899928,177442.753875142,3640,1.40111328125,13.0,2.0,39.19117647058823,0
121.90751072901185,177442.785504422,3641,1.4009342447916666,10.0,2.0,39.19117647058823,0
121.94340881999233,177442.821402513,3642,1.4045149739583334,10.0,2.0,39.19117647058823,0
121.97540283302078,177442.853396526,3643,1.3981315104166667,7.0,2.0,39.19117647058823,0
122.00736391200917,177442.885357605,3644,1.4069661458333333,6.0,2.0,39.19117647058823,0
122.04337415800546,177442.921367851,3645,1.4087532552083333,8.0,2.0,39.19117647058823,0
122.07552949301316,177442.953523186,3646,1.4002115885416666,11.0,2.0,39.19117647058823,0
122.11144045100082,177442.989434144,3647,1.398359375,8.0,2.0,39.19117647058823,0
122.14338601901545,177443.021379712,3648,1.394072265625,9.0,2.0,39.19117647058823,0
122.17537325600279,177443.053366949,3649,1.40701171875,8.0,2.0,39.19117647058823,0
122.21145206000074,177443.089445753,3650,1.4039127604166666,8.0,2.0,39.19117647058823,0
122.24337693399866,177443.121370627,3651,1.40306640625,8.0,2.0,39.19117647058823,0
122.27549569300027,177443.153489386,3652,1.4087532552083333,10.0,2.0,39.19117647058823,0
122.31153252199874,177443.189526215,3653,1.4052506510416667,7.0,2.0,39.19117647058823,0
122.34342039900366,177443.221414092,3654,1.402939453125,10.0,2.0,39.19117647058823,0
122.37947700399673,177443.257470697,3655,1.3995052083333333,9.0,2.0,39.19117647058823,0
122.41338551801164,177443.291379211,3656,1.4017057291666666,8.0,2.0,39.19117647058823,0
122.44440349101205,177443.322397184,3657,1.40822265625,13.0,2.0,39.19117647058823,0
122.47945779899601,177443.357451492,3658,1.403544921875,8.0,2.0,39.19117647058823,0
122.51139413399505,177443.389387827,3659,1.39974609375,8.0,2.0,39.19117647058823,0
122.54339121401426,177443.421384907,3660,1.40259765625,12.0,2.0,39.19117647058823,0
122.57948497700272,177443.45747867,3661,1.4002701822916668,7.0,2.0,39.19117647058823,0
122.61146542799543,177443.489459121,3662,1.4025455729166667,8.0,2.0,39.19117647058823,0
122.64336303100572,177443.521356724,3663,1.399541015625,8.0,2.0,39.19117647058823,0
122.67941283699474,177443.55740653,3664,1.4029459635416666,8.0,2.0,39.19117647058823,0
122.71135073201731,177443.589344425,3665,1.406748046875,8.0,2.0,39.19117647058823,0
122.74741386499954,177443.625407558,3666,1.4042610677083334,12.0,2.0,39.19117647058823,0
122.77939216600498,177443.657385859,3667,1.403935546875,7.0,2.0,39.19117647058823,0
122.81133357799263,177443.689327271,3668,1.3920572916666667,8.0,2.0,39.19117647058823,0
122.8473564950109,177443.725350188,3669,1.40642578125,11.0,2.0,39.19117647058823,0
122.87944718101062,177443.757440874,3670,1.399033203125,9.0,2.0,39.19117647058823,0
122.91135140601546,177443.789345099,3671,1.4039388020833334,8.0,2.0,39.19117647058823,0
122.94737600401277,177443.825369697,3672,1.4041634114583332,11.0,2.0,39.19117647058823,0
122.97940692200791,177443.857400615,3673,1.4043001302083333,10.0,2.0,39.19117647058823,0
123.01539536000928,177443.893389053,3674,1.40171875,15.0,2.0,39.19117647058823,0
123.04740825601039,177443.925401949,3675,1.40115234375,9.0,2.0,39.19117647058823,0
123.07942896999884,177443.957422663,3676,1.4012532552083334,10.0,2.0,39.19117647058823,0
123.11548419401515,177443.993477887,3677,1.4083203125,12.0,2.0,39.19117647058823,0
123.14740124801756,177444.025394941,3678,1.4035677083333333,10.0,2.0,39.19117647058823,0
123.17946075100917,177444.057454444,3679,1.40447265625,8.0,2.0,39.19117647058823,0
123.21549669699743,177444.09349039,3680,1.4021028645833333,10.0,2.0,39.19117647058823,0
123.24737883501803,177444.125372528,3681,1.4033268229166667,9.0,2.0,39.19117647058823,0
123.27943502299604,177444.157428716,3682,1.4002604166666666,9.0,2.0,39.19117647058823,0
123.31674807000672,177444.194741763,3683,1.4022298177083334,10.0,2.0,39.19117647058823,0
123.34740322901052,177444.225396922,3684,1.4032747395833334,12.0,2.0,39.19117647058823,0
123.38379319000524,177444.261786883,3685,1.4016178385416667,7.0,2.0,39.19117647058823,0
123.4154364640126,177444.293430157,3686,1.405068359375,10.0,2.0,39.19117647058823,0
123.44749602401862,177444.325489717,3687,1.4101009114583334,10.0,2.0,39.19117647058823,0
123.4838685170107,177444.36186221,3688,1.4033268229166667,12.0,2.0,39.19117647058823,0
123.51541713901679,177444.393410832,3689,1.4051302083333332,8.0,2.0,39.19117647058823,0
123.54744582099374,177444.425439514,3690,1.404248046875,10.0,2.0,39.19117647058823,0
123.58442464499967,177444.462418338,3691,1.412177734375,7.0,2.0,39.19117647058823,0
123.61549345799722,177444.493487151,3692,1.4054361979166667,12.0,2.0,39.19117647058823,0
123.65400349101401,177444.531997184,3693,1.406875,7.0,2.0,39.19117647058823,0
123.68363131801016,177444.561625011,3694,1.4066438802083334,10.0,2.0,39.19117647058823,0
123.72027184301987,177444.598265536,3695,1.4053873697916666,5.0,2.0,39.19117647058823,0
123.7603453110205,177444.638339004,3696,1.40134765625,18.0,2.0,39.19117647058823,0
123.79245163701125,177444.67044533,3697,1.4079947916666666,12.0,2.0,39.19117647058823,0
123.81537829400622,177444.693371987,3698,1.3982421875,8.0,2.0,39.19117647058823,0
123.85154350599623,177444.729537199,3699,1.4070377604166666,8.0,2.0,39.19117647058823,0
123.88354833400808,177444.761542027,3700,1.40517578125,7.0,2.0,39.19117647058823,0
123.91533769099624,177444.793331384,3701,1.40455078125,6.0,2.0,39.19117647058823,0
123.95141508601955,177444.829408779,3702,1.4090950520833334,7.0,2.0,39.19117647058823,0
123.98373766499572,177444.861731358,3703,1.4146516927083332,9.0,2.0,39.19117647058823,0
124.0196785730077,177444.897672266,3704,1.403720703125,9.0,2.0,39.19117647058823,0
124.0515221490059,177444.929515842,3705,1.403603515625,10.0,2.0,39.19117647058823,0
124.08342011799687,177444.961413811,3706,1.3969694010416667,8.0,2.0,39.19117647058823,0
124.11950830399292,177444.997501997,3707,1.4041471354166666,17.0,2.0,39.19117647058823,0
124.15144380301354,177445.029437496,3708,1.4024934895833334,14.0,2.0,39.19117647058823,0
124.18388800899265,177445.061881702,3709,1.3985026041666666,8.0,2.0,39.19117647058823,0
124.21953814200242,177445.097531835,3710,1.4052571614583333,10.0,2.0,39.19117647058823,0
124.25149907401646,177445.129492767,3711,1.4072493489583333,6.0,2.0,39.19117647058823,0
124.28739667800255,177445.165390371,3712,1.4039127604166666,9.0,2.0,39.19117647058823,0
124.31953197901021,177445.197525672,3713,1.4014095052083333,7.0,2.0,39.19117647058823,0
124.35145670201746,177445.229450395,3714,1.4039713541666667,7.0,2.0,39.19117647058823,0
124.38773204499739,177445.265725738,3715,1.39546875,10.0,2.0,39.19117647058823,0
124.41947096999502,177445.297464663,3716,1.410810546875,8.0,2.0,39.19117647058823,0
124.45139920699876,177445.3293929,3717,1.4042903645833333,10.0,2.0,39.19117647058823,0
124.48742916199262,177445.365422855,3718,1.4055826822916666,6.0,2.0,39.19117647058823,0
124.51945090401568,177445.397444597,3719,1.4008138020833334,5.0,2.0,39.19117647058823,0
124.55137125600595,177445.429364949,3720,1.4025813802083333,8.0,2.0,39.19117647058823,0
124.58747720799875,177445.465470901,3721,1.403828125,9.0,2.0,39.19117647058823,0
124.61947309100651,177445.497466784,3722,1.3998404947916667,8.0,2.0,39.19117647058823,0
124.65537869199761,177445.533372385,3723,1.4008235677083334,10.0,2.0,39.19117647058823,0
124.68750101499609,177445.565494708,3724,1.4061165364583332,9.0,2.0,39.19117647058823,0
124.71944746901863,177445.597441162,3725,1.4091243489583334,10.0,2.0,39.19117647058823,0
124.75559722000617,177445.633590913,3726,1.4024381510416666,8.0,2.0,39.19117647058823,0
124.78739659499843,177445.665390288,3727,1.3998111979166667,8.0,2.0,39.19117647058823,0
124.8194231140078,177445.697416807,3728,1.3946614583333334,8.0,2.0,39.19117647058823,0
124.85547670599772,177445.733470399,3729,1.4036165364583333,8.0,2.0,39.19117647058823,0
124.88744827301707,177445.765441966,3730,1.4089029947916667,7.0,2.0,39.19117647058823,0
124.92335632801405,177445.801350021,3731,1.4049446614583334,8.0,2.0,39.19117647058823,0
124.95543202100089,177445.833425714,3732,1.4108235677083334,9.0,2.0,39.19117647058823,0
124.98744101199554,177445.865434705,3733,1.4032552083333334,8.0,2.0,39.19117647058823,0
125.0233485790086,177445.901342272,3734,1.4049837239583334,8.0,2.0,39.19117647058823,0
125.05541030300083,177445.933403996,3735,1.4121842447916666,8.0,2.0,39.19117647058823,0
125.08739949500887,177445.965393188,3736,1.403251953125,10.0,2.0,39.19117647058823,0
125.12332566801342,177446.001319361,3737,1.404638671875,8.0,2.0,39.19117647058823,0
125.15546412701951,177446.03345782,3738,1.395283203125,5.0,2.0,39.19117647058823,0
125.1873651810165,177446.065358874,3739,1.4014973958333334,12.0,2.0,39.19117647058823,0
125.22338247401058,177446.101376167,3740,1.4012174479166666,8.0,2.0,39.19117647058823,0
125.255345062993,177446.133338756,3741,1.401533203125,8.0,2.0,39.19117647058823,0
125.29133942502085,177446.169333118,3742,1.4090201822916666,8.0,2.0,39.19117647058823,0
125.32337654801086,177446.201370241,3743,1.40244140625,7.0,2.0,39.19117647058823,0
125.35536088599474,177446.233354579,3744,1.39533203125,9.0,2.0,39.19117647058823,0
125.39138323700172,177446.26937693,3745,1.4049772135416667,8.0,2.0,39.19117647058823,0
125.42340420500841,177446.301397898,3746,1.4103255208333334,8.0,2.0,39.19117647058823,0
125.4553248170123,177446.33331851,3747,1.402880859375,12.0,2.0,39.19117647058823,0
125.49138471201877,177446.369378405,3748,1.4000455729166668,7.0,2.0,39.19117647058823,0
125.52337875001831,177446.401372443,3749,1.408095703125,8.0,2.0,39.19117647058823,0
125.55937567399815,177446.437369367,3750,1.404375,9.0,2.0,39.19117647058823,0
125.59132308702101,177446.46931678,3751,1.4125846354166667,8.0,2.0,39.19117647058823,0
125.62336705101188,177446.501360744,3752,1.3994498697916666,8.0,2.0,39.19117647058823,0
125.65936068200972,177446.537354375,3753,1.40146484375,12.0,2.0,39.19117647058823,0
125.69140704101301,177446.569400734,3754,1.4026627604166666,10.0,2.0,39.19117647058823,0
125.72335820499575,177446.601351898,3755,1.3968196614583333,10.0,2.0,39.19117647058823,0
125.75933656000416,177446.637330253,3756,1.40681640625,7.0,2.0,39.19117647058823,0
125.7913757589995,177446.669369452,3757,1.4064485677083334,8.0,2.0,39.19117647058823,0
125.82336343999486,177446.701357133,3758,1.3923307291666667,12.0,2.0,39.19117647058823,0
125.85935942700598,177446.73735312,3759,1.4024446614583332,8.0,2.0,39.19117647058823,0
125.89135526600876,177446.769348959,3760,1.4036002604166666,13.0,2.0,39.19117647058823,0
125.92736994300503,177446.805363636,3761,1.397900390625,13.0,2.0,39.19117647058823,0
125.95939643500606,177446.837390128,3762,1.397041015625,13.0,2.0,39.19117647058823,0
125.99139265500708,177446.869386348,3763,1.4079264322916667,8.0,2.0,39.19117647058823,0
126.0273175110051,177446.905311204,3764,1.4006282552083333,7.0,2.0,39.19117647058823,0
126.05938926900853,177446.937382962,3765,1.4022721354166667,8.0,2.0,39.19117647058823,0
126.0913488730148,177446.969342566,3766,1.4096061197916667,8.0,2.0,39.19117647058823,0
126.1273234320106,177447.005317125,3767,1.3916764322916666,8.0,2.0,39.19117647058823,0
126.15946757301572,177447.037461266,3768,1.4075846354166666,9.0,2.0,39.19117647058823,0
126.19550899800379,177447.073502691,3769,1.4037076822916668,9.0,2.0,39.19117647058823,0
126.2274353360117,177447.105429029,3770,1.4101725260416667,10.0,2.0,39.19117647058823,0
126.2593911520089,177447.137384845,3771,1.4014420572916666,10.0,2.0,39.19117647058823,0
126.29540452800575,177447.173398221,3772,1.4042447916666667,7.0,2.0,39.19117647058823,0
126.3273636350059,177447.205357328,3773,1.4104036458333333,7.0,2.0,39.19117647058823,0
126.35930536600063,177447.237299059,3774,1.4035872395833333,10.0,2.0,39.19117647058823,0
126.39536594599485,177447.273359639,3775,1.3989192708333333,8.0,2.0,39.19117647058823,0
126.42739707801957,177447.305390771,3776,1.4067578125,7.0,2.0,39.19117647058823,0
126.45935494801961,177447.337348641,3777,1.4058072916666666,12.0,2.0,39.19117647058823,0
126.49536966800224,177447.373363361,3778,1.40537109375,15.0,2.0,39.19117647058823,0
126.52732454802026,177447.405318241,3779,1.4089583333333333,11.0,2.0,39.19117647058823,0
126.56336655199993,177447.441360245,3780,1.4033430989583333,12.0,2.0,39.19117647058823,0
126.5953650510055,177447.473358744,3781,1.3991927083333333,10.0,2.0,39.19117647058823,0
126.6273158120166,177447.505309505,3782,1.399423828125,11.0,2.0,39.19117647058823,0
126.66339812800288,177447.541391821,3783,1.408193359375,16.0,2.0,39.19117647058823,0
126.69540064700413,177447.57339434,3784,1.40021484375,15.0,2.0,39.19117647058823,0
126.72732786700362,177447.60532156,3785,1.4031868489583332,8.0,2.0,39.19117647058823,0
126.76335691401619,177447.641350607,3786,1.3970703125,7.0,2.0,39.19117647058823,0
126.79540513799293,177447.673398831,3787,1.4034375,7.0,2.0,39.19117647058823,0
126.83139540001866,177447.709389093,3788,1.4013997395833333,7.0,2.0,39.19117647058823,0
126.86337769200327,177447.741371385,3789,1.4090950520833334,8.0,2.0,39.19117647058823,0
126.89531260501826,177447.773306298,3790,1.4071158854166668,8.0,2.0,39.19117647058823,0
126.93138294201344,177447.809376635,3791,1.4090983072916667,12.0,2.0,39.19117647058823,0
126.96341511799255,177447.841408811,3792,1.40095703125,5.0,2.0,39.19117647058823,0
126.99531962099718,177447.873313314,3793,1.4005826822916667,13.0,2.0,39.19117647058823,0
127.03136795700993,177447.90936165,3794,1.4034993489583334,8.0,2.0,39.19117647058823,0
127.06337549499585,177447.941369188,3795,1.4121451822916666,11.0,2.0,39.19117647058823,0
127.09537912200904,177447.973372815,3796,1.4043424479166666,10.0,2.0,39.19117647058823,0
127.13140918200952,177448.009402875,3797,1.39978515625,6.0,2.0,39.19117647058823,0
127.1633154010051,177448.041309094,3798,1.3993977864583333,9.0,2.0,39.19117647058823,0
127.19983258499997,177448.077826278,3799,1.399599609375,8.0,2.0,39.19117647058823,0
127.23135139999795,177448.109345093,3800,1.405068359375,12.0,2.0,39.19117647058823,0
127.2633178679971,177448.141311561,3801,1.4075748697916666,13.0,2.0,39.19117647058823,0
127.29945909001981,177448.177452783,3802,1.40466796875,17.0,2.0,39.19117647058823,0
127.33139463400585,177448.209388327,3803,1.3968587239583334,8.0,2.0,39.19117647058823,0
127.36335255400627,177448.241346247,3804,1.4060319010416666,8.0,2.0,39.19117647058823,0
127.39938616901054,177448.277379862,3805,1.3980696614583332,7.0,2.0,39.19117647058823,0
127.43137990499963,177448.309373598,3806,1.4065885416666666,9.0,2.0,39.19117647058823,0
127.46743573300773,177448.345429426,3807,1.4054524739583334,10.0,2.0,39.19117647058823,0
127.49937875501928,177448.377372448,3808,1.4044466145833334,8.0,2.0,39.19117647058823,0
127.5313242150005,177448.409317908,3809,1.404775390625,8.0,2.0,39.19117647058823,0
127.56742991899955,177448.445423612,3810,1.3985026041666666,6.0,2.0,39.19117647058823,0
127.5997799730103,177448.477773666,3811,1.4098990885416667,13.0,2.0,39.19117647058823,0
127.63136009001755,177448.509353783,3812,1.404443359375,11.0,2.0,39.19117647058823,0
127.66743697601487,177448.545430669,3813,1.4059342447916667,10.0,2.0,39.19117647058823,0
127.69941430201288,177448.577407995,3814,1.4101171875,5.0,2.0,39.19117647058823,0
127.73131818202091,177448.609311875,3815,1.4065071614583333,16.0,2.0,39.19117647058823,0
127.76744143301039,177448.645435126,3816,1.3966731770833334,7.0,2.0,39.19117647058823,0
127.79931908199796,177448.677312775,3817,1.400576171875,8.0,2.0,39.19117647058823,0
127.83544907101896,177448.713442764,3818,1.4065494791666666,10.0,2.0,39.19117647058823,0
127.86749448699993,177448.74548818,3819,1.4045475260416667,9.0,2.0,39.19117647058823,0
127.89973715500673,177448.777730848,3820,1.4035319010416667,9.0,2.0,39.19117647058823,0
127.93558320001466,177448.813576893,3821,1.401728515625,10.0,2.0,39.19117647058823,0
127.96741219901014,177448.845405892,3822,1.3995279947916666,9.0,2.0,39.19117647058823,0
127.99936640300439,177448.877360096,3823,1.4061686197916667,14.0,2.0,39.19117647058823,0
128.03545643601683,177448.913450129,3824,1.401494140625,8.0,2.0,39.19117647058823,0
128.0673761780199,177448.945369871,3825,1.407236328125,8.0,2.0,39.19117647058823,0
128.1033893910062,177448.981383084,3826,1.4036555989583333,7.0,2.0,39.19117647058823,0
128.13542124000378,177449.013414933,3827,1.402158203125,6.0,2.0,39.19117647058823,0
128.16749639299815,177449.045490086,3828,1.4077962239583333,6.0,2.0,39.19117647058823,0
128.2034818670072,177449.08147556,3829,1.408759765625,8.0,2.0,39.19117647058823,0
128.23546475800686,177449.113458451,3830,1.406142578125,13.0,2.0,39.19117647058823,0
128.26740629100823,177449.145399984,3831,1.405625,8.0,2.0,39.19117647058823,0
128.30342852300964,177449.181422216,3832,1.4025032552083334,10.0,2.0,39.19117647058823,0
128.33545836101985,177449.213452054,3833,1.3999641927083333,7.0,2.0,39.19117647058823,0
128.36744609600282,177449.245439789,3834,1.4047591145833334,7.0,2.0,39.19117647058823,0
128.40348518601968,177449.281478879,3835,1.40474609375,10.0,2.0,39.19117647058823,0
128.43543654301902,177449.313430236,3836,1.4080143229166666,11.0,2.0,39.19117647058823,0
128.47135314001935,177449.349346833,3837,1.4000455729166668,8.0,2.0,39.19117647058823,0
128.50346876800177,177449.381462461,3838,1.401650390625,10.0,2.0,39.19117647058823,0
128.5354222720198,177449.413415965,3839,1.4081087239583334,8.0,2.0,39.19117647058823,0
128.571445744019,177449.449439437,3840,1.4106477864583333,9.0,2.0,39.19117647058823,0
128.60344821499893,177449.481441908,3841,1.4025944010416667,8.0,2.0,39.19117647058823,0
128.6354127220111,177449.513406415,3842,1.3990755208333334,8.0,2.0,39.19117647058823,0
128.67143513000337,177449.549428823,3843,1.40376953125,12.0,2.0,39.19117647058823,0
128.70353424400673,177449.581527937,3844,1.3904296875,8.0,2.0,39.19117647058823,0
128.73944538200158,177449.617439075,3845,1.403876953125,8.0,2.0,39.19117647058823,0
128.77150739901117,177449.649501092,3846,1.403759765625,8.0,2.0,39.19117647058823,0
128.8033780149999,177449.681371708,3847,1.407568359375,10.0,2.0,39.19117647058823,0
128.83939328900306,177449.717386982,3848,1.4032845052083334,8.0,2.0,39.19117647058823,0
128.87136767301126,177449.749361366,3849,1.4054361979166667,14.0,2.0,39.19117647058823,0
128.903349522996,177449.781343216,3850,1.403251953125,7.0,2.0,39.19117647058823,0
128.9394142109959,177449.817407904,3851,1.4055989583333333,8.0,2.0,39.19117647058823,0
128.97137458101497,177449.849368274,3852,1.4015234375,7.0,2.0,39.19117647058823,0
129.0034273560159,177449.881421049,3853,1.4027213541666668,6.0,2.0,39.19117647058823,0
129.0394215870183,177449.91741528,3854,1.4015690104166667,14.0,2.0,39.19117647058823,0
129.07137929901364,177449.949372992,3855,1.3946940104166667,10.0,2.0,39.19117647058823,0
129.10742815799313,177449.985421851,3856,1.4033626302083333,11.0,2.0,39.19117647058823,0
129.13947005901719,177450.017463752,3857,1.4120084635416668,8.0,2.0,39.19117647058823,0
129.17139320701244,177450.0493869,3858,1.3993359375,8.0,2.0,39.19117647058823,0
129.2073963220173,177450.085390015,3859,1.40853515625,10.0,2.0,39.19117647058823,0
129.23938204001752,177450.117375733,3860,1.4032194010416668,12.0,2.0,39.19117647058823,0
129.27140513301129,177450.149398826,3861,1.4005598958333334,8.0,2.0,39.19117647058823,0
129.3141889850085,177450.192182678,3862,1.4051041666666666,11.0,2.0,39.19117647058823,0
129.33945778300404,177450.217451476,3863,1.4025162760416667,15.0,2.0,39.19117647058823,0
129.3754399699974,177450.253433663,3864,1.3962434895833333,8.0,2.0,39.19117647058823,0
129.40743710499373,177450.285430798,3865,1.4015787760416667,9.0,2.0,39.19117647058823,0
129.43940237700008,177450.31739607,3866,1.4092903645833332,9.0,2.0,39.19117647058823,0
129.47539326699916,177450.35338696,3867,1.4025032552083334,13.0,2.0,39.19117647058823,0
129.50742686801823,177450.385420561,3868,1.4037272135416667,6.0,2.0,39.19117647058823,0
129.53937723100535,177450.417370924,3869,1.4011979166666666,9.0,2.0,39.19117647058823,0
129.5755947610014,177450.453588454,3870,1.400654296875,10.0,2.0,39.19117647058823,0
129.60740179999266,177450.485395493,3871,1.4034830729166667,8.0,2.0,39.19117647058823,0
129.63942268901155,177450.517416382,3872,1.4035286458333334,8.0,2.0,39.19117647058823,0
129.67542534699896,177450.55341904,3873,1.4101529947916667,6.0,2.0,39.19117647058823,0
129.7073752680153,177450.585368961,3874,1.40818359375,10.0,2.0,39.19117647058823,0
129.74338782799896,177450.621381521,3875,1.40099609375,6.0,2.0,39.19117647058823,0
129.77545300801285,177450.653446701,3876,1.40853515625,7.0,2.0,39.19117647058823,0
129.80735073899268,177450.685344432,3877,1.4070865885416666,11.0,2.0,39.19117647058823,0
129.84339956301847,177450.721393256,3878,1.4011002604166667,6.0,2.0,39.19117647058823,0
129.8754496850015,177450.753443378,3879,1.4116145833333333,7.0,2.0,39.19117647058823,0
129.90736071299762,177450.785354406,3880,1.405546875,10.0,2.0,39.19117647058823,0
129.9434147560096,177450.821408449,3881,1.4071158854166668,8.0,2.0,39.19117647058823,0
129.97541871501016,177450.853412408,3882,1.3951106770833333,14.0,2.0,39.19117647058823,0
130.01140707501327,177450.889400768,3883,1.4007259114583333,6.0,2.0,39.19117647058823,0
130.04343719000462,177450.921430883,3884,1.4011263020833333,7.0,2.0,39.19117647058823,0
130.07540881901514,177450.953402512,3885,1.4103873697916667,8.0,2.0,39.19117647058823,0
130.11139816301875,177450.989391856,3886,1.402177734375,7.0,2.0,39.19117647058823,0
130.14345981599763,177451.021453509,3887,1.4043294270833333,8.0,2.0,39.19117647058823,0
130.17536717600888,177451.053360869,3888,1.405205078125,12.0,2.0,39.19117647058823,0
130.2114094629942,177451.089403156,3889,1.3987858072916666,12.0,2.0,39.19117647058823,0
130.24340443100664,177451.121398124,3890,1.4104329427083333,10.0,2.0,39.19117647058823,0
130.27538219399867,177451.153375887,3891,1.40123046875,7.0,2.0,39.19117647058823,0
130.31138466100674,177451.189378354,3892,1.4125227864583334,7.0,2.0,39.19117647058823,0
130.3433450080047,177451.221338701,3893,1.408349609375,14.0,2.0,39.19117647058823,0
130.379342981003,177451.257336674,3894,1.4019889322916668,8.0,2.0,39.19117647058823,0
130.41141826999956,177451.289411963,3895,1.4071354166666667,8.0,2.0,39.19117647058823,0
130.44334270601394,177451.321336399,3896,1.4009830729166666,10.0,2.0,39.19117647058823,0
130.47933587399893,177451.357329567,3897,1.4052604166666667,10.0,2.0,39.19117647058823,0
130.51138833200093,177451.389382025,3898,1.4031705729166666,10.0,2.0,39.19117647058823,0
130.54331881800317,177451.421312511,3899,1.3992936197916668,8.0,2.0,39.19117647058823,0
130.5793952959939,177451.457388989,3900,1.4126171875,10.0,2.0,39.19117647058823,0
130.61137736201636,177451.489371055,3901,1.4009895833333332,9.0,2.0,39.19117647058823,0
130.64743665300193,177451.525430346,3902,1.4089811197916666,8.0,2.0,39.19117647058823,0
130.67941230599536,177451.557405999,3903,1.4064290364583334,8.0,2.0,39.19117647058823,0
130.71136836300138,177451.589362056,3904,1.4113411458333334,7.0,2.0,39.19117647058823,0
130.74740826699417,177451.62540196,3905,1.40609375,10.0,2.0,39.19117647058823,0
130.779424975015,177451.657418668,3906,1.4068912760416667,12.0,2.0,39.19117647058823,0
130.81136679599877,177451.689360489,3907,1.4079036458333334,12.0,2.0,39.19117647058823,0
130.84745831601322,177451.725452009,3908,1.3986263020833334,12.0,2.0,39.19117647058823,0
130.87939078902127,177451.757384482,3909,1.4048958333333332,9.0,2.0,39.19117647058823,0
130.9113658660208,177451.789359559,3910,1.400380859375,8.0,2.0,39.19117647058823,0
130.94735892201425,177451.825352615,3911,1.4070345052083333,12.0,2.0,39.19117647058823,0
130.9793716710119,177451.857365364,3912,1.4048111979166666,12.0,2.0,39.19117647058823,0
131.01536147799925,177451.893355171,3913,1.4063671875,6.0,2.0,39.19117647058823,0
131.04738344001817,177451.925377133,3914,1.4016666666666666,9.0,2.0,39.19117647058823,0
131.07931083301082,177451.957304526,3915,1.4004264322916666,6.0,2.0,39.19117647058823,0
131.11536931002047,177451.993363003,3916,1.3921321614583333,7.0,2.0,39.19117647058823,0
131.14745637599844,177452.025450069,3917,1.4030826822916667,7.0,2.0,39.19117647058823,0
131.1793654890207,177452.057359182,3918,1.4002962239583334,6.0,2.0,39.19117647058823,0
131.21541750099277,177452.093411194,3919,1.4074739583333333,9.0,2.0,39.19117647058823,0
131.24739718000637,177452.125390873,3920,1.4027408854166667,6.0,2.0,39.19117647058823,0
131.2834395020036,177452.161433195,3921,1.404716796875,10.0,2.0,39.19117647058823,0
131.31541653399472,177452.193410227,3922,1.41224609375,12.0,2.0,39.19117647058823,0
131.34738033800386,177452.225374031,3923,1.4000520833333334,12.0,2.0,39.19117647058823,0
131.38342371801264,177452.261417411,3924,1.4033626302083333,8.0,2.0,39.19117647058823,0
131.41543024001294,177452.293423933,3925,1.4051139322916666,8.0,2.0,39.19117647058823,0
131.44736344899866,177452.325357142,3926,1.3958203125,10.0,2.0,39.19117647058823,0
131.48341422100202,177452.361407914,3927,1.4089029947916667,10.0,2.0,39.19117647058823,0
131.51541024900507,177452.393403942,3928,1.4003873697916667,9.0,2.0,39.19117647058823,0
131.54735655800323,177452.425350251,3929,1.4027962239583334,9.0,2.0,39.19117647058823,0
131.58342259400524,177452.461416287,3930,1.4005338541666668,8.0,2.0,39.19117647058823,0
131.6153480990033,177452.493341792,3931,1.3896516927083333,6.0,2.0,39.19117647058823,0
131.6514315630193,177452.529425256,3932,1.3974576822916667,9.0,2.0,39.19117647058823,0
131.6834940460103,177452.561487739,3933,1.4105110677083332,10.0,2.0,39.19117647058823,0
131.71535753199714,177452.593351225,3934,1.4067838541666666,10.0,2.0,39.19117647058823,0
131.7514742659987,177452.629467959,3935,1.4075390625,11.0,2.0,39.19117647058823,0
131.7835052520095,177452.661498945,3936,1.4046744791666668,8.0,2.0,39.19117647058823,0
131.8153516690072,177452.693345362,3937,1.4003287760416667,10.0,2.0,39.19117647058823,0
131.85146920499392,177452.729462898,3938,1.4064225260416667,7.0,2.0,39.19117647058823,0
131.8834623839939,177452.761456077,3939,1.403193359375,8.0,2.0,39.19117647058823,0
131.9195022190106,177452.797495912,3940,1.4004264322916666,10.0,2.0,39.19117647058823,0
131.95146892301273,177452.829462616,3941,1.4034700520833334,12.0,2.0,39.19117647058823,0
131.98342367701116,177452.86141737,3942,1.4022688802083334,10.0,2.0,39.19117647058823,0
132.01946691900957,177452.897460612,3943,1.3977571614583333,9.0,2.0,39.19117647058823,0
132.05143587299972,177452.929429566,3944,1.4006022135416667,11.0,2.0,39.19117647058823,0
132.0835137910035,177452.961507484,3945,1.3996321614583334,10.0,2.0,39.19117647058823,0
132.11942628701217,177452.99741998,3946,1.3998274739583334,13.0,2.0,39.19117647058823,0
132.15145167999435,177453.029445373,3947,1.4002311197916666,7.0,2.0,39.19117647058823,0
132.18376216699835,177453.06175586,3948,1.4074186197916667,15.0,2.0,39.19117647058823,0
132.21956387499813,177453.097557568,3949,1.402001953125,8.0,2.0,39.19117647058823,0
132.2513496800093,177453.129343373,3950,1.4060872395833333,12.0,2.0,39.19117647058823,0
132.28748441502103,177453.165478108,3951,1.407265625,7.0,2.0,39.19117647058823,0
132.31960096702096,177453.19759466,3952,1.4049153645833334,9.0,2.0,39.19117647058823,0
132.35140528701595,177453.22939898,3953,1.40111328125,8.0,2.0,39.19117647058823,0
132.38746175001143,177453.265455443,3954,1.4033821614583333,9.0,2.0,39.19117647058823,0
132.41957120300503,177453.297564896,3955,1.4051529947916668,9.0,2.0,39.19117647058823,0
132.451387617999,177453.329381311,3956,1.4077018229166667,8.0,2.0,39.19117647058823,0
132.4874636970053,177453.36545739,3957,1.406875,10.0,2.0,39.19117647058823,0
132.51953888099524,177453.397532574,3958,1.4016731770833333,8.0,2.0,39.19117647058823,0
132.55544053800986,177453.433434231,3959,1.4084895833333333,7.0,2.0,39.19117647058823,0
132.58745065701078,177453.46544435,3960,1.40587890625,15.0,2.0,39.19117647058823,0
132.61950039499789,177453.497494088,3961,1.4161393229166668,10.0,2.0,39.19117647058823,0
132.65552744301385,177453.533521136,3962,1.399306640625,6.0,2.0,39.19117647058823,0
132.68757211699267,177453.56556581,3963,1.3972591145833333,7.0,2.0,39.19117647058823,0
132.7195436740003,177453.597537367,3964,1.3987727864583333,10.0,2.0,39.19117647058823,0
132.75555575601174,177453.633549449,3965,1.3946907552083334,6.0,2.0,39.19117647058823,0
132.78763636099757,177453.665630054,3966,1.4029036458333333,8.0,2.0,39.19117647058823,0
132.8196272359928,177453.697620929,3967,1.3989680989583333,9.0,2.0,39.19117647058823,0
132.85559022900998,177453.733583922,3968,1.41537109375,8.0,2.0,39.19117647058823,0
132.88756681600353,177453.765560509,3969,1.3934016927083333,8.0,2.0,39.19117647058823,0
132.92362721601967,177453.801620909,3970,1.400703125,12.0,2.0,39.19117647058823,0
132.95552314500674,177453.833516838,3971,1.4042220052083334,11.0,2.0,39.19117647058823,0
132.9875313450175,177453.865525038,3972,1.4051985677083334,8.0,2.0,39.19117647058823,0
133.0236841730075,177453.901677866,3973,1.40419921875,9.0,2.0,39.19117647058823,0
133.05554479401326,177453.933538487,3974,1.39900390625,10.0,2.0,39.19117647058823,0
133.0875379460049,177453.965531639,3975,1.4070638020833333,14.0,2.0,39.19117647058823,0
133.1236087020079,177454.001602395,3976,1.4041731770833332,6.0,2.0,39.19117647058823,0
133.15566223399946,177454.033655927,3977,1.40158203125,7.0,2.0,39.19117647058823,0
133.19155632701586,177454.06955002,3978,1.4060026041666667,8.0,2.0,39.19117647058823,0
133.22359519501333,177454.101588888,3979,1.410634765625,6.0,2.0,39.19117647058823,0
133.25548298700596,177454.13347668,3980,1.4148177083333333,9.0,2.0,39.19117647058823,0
133.29148358901148,177454.169477282,3981,1.400537109375,9.0,2.0,39.19117647058823,0
133.32358966500033,177454.201583358,3982,1.4023795572916666,8.0,2.0,39.19117647058823,0
133.35555729301996,177454.233550986,3983,1.405947265625,7.0,2.0,39.19117647058823,0
133.39159743400523,177454.269591127,3984,1.399091796875,8.0,2.0,39.19117647058823,0
133.42360720399301,177454.301600897,3985,1.4071907552083334,7.0,2.0,39.19117647058823,0
133.45557246901444,177454.333566162,3986,1.4025032552083334,8.0,2.0,39.19117647058823,0
133.49169314000756,177454.369686833,3987,1.400810546875,6.0,2.0,39.19117647058823,0
133.52352006200817,177454.401513755,3988,1.4051041666666666,7.0,2.0,39.19117647058823,0
133.55951690900838,177454.437510602,3989,1.401259765625,10.0,2.0,39.19117647058823,0
133.59156128801988,177454.469554981,3990,1.4053385416666666,11.0,2.0,39.19117647058823,0
133.6235157409974,177454.501509434,3991,1.3935904947916666,8.0,2.0,39.19117647058823,0
133.65955552499508,177454.537549218,3992,1.39623046875,11.0,2.0,39.19117647058823,0
133.6915853950195,177454.569579088,3993,1.3991536458333333,8.0,2.0,39.19117647058823,0
133.72353481000755,177454.601528503,3994,1.4041927083333334,10.0,2.0,39.19117647058823,0
133.75950749899494,177454.637501192,3995,1.40615234375,8.0,2.0,39.19117647058823,0
133.79153372900328,177454.669527422,3996,1.3996223958333334,8.0,2.0,39.19117647058823,0
133.8276534010074,177454.705647094,3997,1.3991861979166667,10.0,2.0,39.19117647058823,0
133.85958754899912,177454.737581242,3998,1.3965983072916666,9.0,2.0,39.19117647058823,0
133.89162406200194,177454.769617755,3999,1.4054622395833334,12.0,2.0,39.19117647058823,0
133.9274721360125,177454.805465829,4000,1.407744140625,13.0,2.0,39.19117647058823,0
133.95955049499753,177454.837544188,4001,1.4006315104166667,9.0,2.0,39.19117647058823,0
133.99153822800145,177454.869531921,4002,1.3983170572916668,8.0,2.0,39.19117647058823,0
134.02744516401435,177454.905438857,4003,1.4039680989583334,8.0,2.0,39.19117647058823,0
134.05947414500406,177454.937467838,4004,1.398134765625,8.0,2.0,39.19117647058823,0
134.09149739000713,177454.969491083,4005,1.39912109375,11.0,2.0,39.19117647058823,0
134.12754999601748,177455.005543689,4006,1.4086067708333334,8.0,2.0,39.19117647058823,0
134.15953052201075,177455.037524215,4007,1.4070279947916666,11.0,2.0,39.19117647058823,0
134.19546940401779,177455.073463097,4008,1.4033333333333333,11.0,2.0,39.19117647058823,0
134.2274727570184,177455.10546645,4009,1.4006510416666667,12.0,2.0,39.19117647058823,0
134.25942358499742,177455.137417278,4010,1.3995149739583332,6.0,2.0,39.19117647058823,0
134.29545497699291,177455.17344867,4011,1.4028483072916667,13.0,2.0,39.19117647058823,0
134.3274793520104,177455.205473045,4012,1.40107421875,8.0,2.0,39.19117647058823,0
134.3595818229951,177455.237575516,4013,1.40501953125,9.0,2.0,39.19117647058823,0
134.3956445750082,177455.273638268,4014,1.4059375,8.0,2.0,39.19117647058823,0
134.42747385500115,177455.305467548,4015,1.4050651041666666,10.0,2.0,39.19117647058823,0
134.4634736099979,177455.341467303,4016,1.4068359375,8.0,2.0,39.19117647058823,0
134.4954599000048,177455.373453593,4017,1.4099576822916666,8.0,2.0,39.19117647058823,0
134.52747925600852,177455.405472949,4018,1.4067024739583334,7.0,2.0,39.19117647058823,0
134.56348141899798,177455.441475112,4019,1.4015983072916667,9.0,2.0,39.19117647058823,0
134.5954790340038,177455.473472727,4020,1.40962890625,8.0,2.0,39.19117647058823,0
134.62743718799902,177455.505430881,4021,1.4068522135416666,16.0,2.0,39.19117647058823,0
134.66343924199464,177455.541432935,4022,1.4060319010416666,9.0,2.0,39.19117647058823,0
134.69546660099877,177455.573460294,4023,1.4008854166666667,9.0,2.0,39.19117647058823,0
134.72746255801758,177455.605456251,4024,1.4122721354166667,7.0,2.0,39.19117647058823,0
134.7634542400192,177455.641447933,4025,1.4043131510416667,9.0,2.0,39.19117647058823,0
134.79545027101994,177455.673443964,4026,1.401171875,8.0,2.0,39.19117647058823,0
134.83153299000696,177455.709526683,4027,1.404609375,12.0,2.0,39.19117647058823,0
134.86369273200398,177455.741686425,4028,1.406298828125,11.0,2.0,39.19117647058823,0
134.89552306200494,177455.773516755,4029,1.397783203125,8.0,2.0,39.19117647058823,0
134.93161828201846,177455.809611975,4030,1.4076106770833334,9.0,2.0,39.19117647058823,0
134.9634995929955,177455.841493286,4031,1.4092252604166666,10.0,2.0,39.19117647058823,0
134.99544330700883,177455.873437,4032,1.3975162760416666,9.0,2.0,39.19117647058823,0
135.0314852000156,177455.909478893,4033,1.4117545572916668,8.0,2.0,39.19117647058823,0
135.0634696180059,177455.941463311,4034,1.4053255208333333,11.0,2.0,39.19117647058823,0
135.09946409601253,177455.977457789,4035,1.4113346354166667,9.0,2.0,39.19117647058823,0
135.13144741600263,177456.009441109,4036,1.4056998697916667,9.0,2.0,39.19117647058823,0
135.1634078210045,177456.041401514,4037,1.3982486979166666,11.0,2.0,39.19117647058823,0
135.19944111499353,177456.077434808,4038,1.411298828125,15.0,2.0,39.19117647058823,0
135.2315619160072,177456.109555609,4039,1.3993522135416667,8.0,2.0,39.19117647058823,0
135.26344116701512,177456.14143486,4040,1.40373046875,20.0,2.0,39.19117647058823,0
135.29949591701734,177456.17748961,4041,1.4113932291666667,9.0,2.0,39.19117647058823,0
135.33152045801398,177456.209514151,4042,1.3988802083333334,10.0,2.0,39.19117647058823,0
135.36348532000557,177456.241479013,4043,1.4024153645833333,6.0,2.0,39.19117647058823,0
135.39948164400994,177456.277475337,4044,1.4116536458333333,14.0,2.0,39.19117647058823,0
135.43141291401116,177456.309406607,4045,1.41080078125,7.0,2.0,39.19117647058823,0
135.46751967901946,177456.345513372,4046,1.4029459635416666,9.0,2.0,39.19117647058823,0
135.4994511770201,177456.37744487,4047,1.3988313802083334,6.0,2.0,39.19117647058823,0
135.53143083199393,177456.409424525,4048,1.402890625,12.0,2.0,39.19117647058823,0
135.5674935010029,177456.445487194,4049,1.4100748697916667,10.0,2.0,39.19117647058823,0
135.59946083000978,177456.477454523,4050,1.4055859375,9.0,2.0,39.19117647058823,0
135.63143020201824,177456.509423895,4051,1.4054720052083334,9.0,2.0,39.19117647058823,0
135.6675035940134,177456.545497287,4052,1.40248046875,11.0,2.0,39.19117647058823,0
135.6994292520103,177456.577422945,4053,1.4089290364583333,10.0,2.0,39.19117647058823,0
135.7355293270084,177456.61352302,4054,1.4030631510416667,14.0,2.0,39.19117647058823,0
135.7675167080015,177456.645510401,4055,1.4049251302083334,11.0,2.0,39.19117647058823,0
135.79946768900845,177456.677461382,4056,1.4024479166666666,8.0,2.0,39.19117647058823,0
135.83656222201535,177456.714555915,4057,1.405556640625,8.0,2.0,39.19117647058823,0
135.86762267700396,177456.74561637,4058,1.4086979166666667,7.0,2.0,39.19117647058823,0
135.89948538099998,177456.777479074,4059,1.4040201822916667,14.0,2.0,39.19117647058823,0
135.93560966299265,177456.813603356,4060,1.3984733072916666,10.0,2.0,39.19117647058823,0
135.96753737001563,177456.845531063,4061,1.404443359375,8.0,2.0,39.19117647058823,0
135.99947438499657,177456.877468078,4062,1.40740234375,8.0,2.0,39.19117647058823,0
136.03566044199397,177456.913654135,4063,1.4117903645833334,10.0,2.0,39.19117647058823,0
136.0675294219982,177456.945523115,4064,1.4063313802083333,16.0,2.0,39.19117647058823,0
136.10363933301414,177456.981633026,4065,1.4047005208333334,7.0,2.0,39.19117647058823,0
136.13558402101626,177457.013577714,4066,1.40416015625,8.0,2.0,39.19117647058823,0
136.16747289401246,177457.045466587,4067,1.405126953125,7.0,2.0,39.19117647058823,0
136.20361393500934,177457.081607628,4068,1.4041829427083334,8.0,2.0,39.19117647058823,0
136.2355358780187,177457.113529571,4069,1.409033203125,6.0,2.0,39.19117647058823,0
136.26743265401456,177457.145426347,4070,1.4068033854166666,10.0,2.0,39.19117647058823,0
136.30360959199606,177457.181603285,4071,1.400458984375,11.0,2.0,39.19117647058823,0
136.3355760590057,177457.213569752,4072,1.4113509114583334,9.0,2.0,39.19117647058823,0
136.37161236599786,177457.249606059,4073,1.4072623697916666,12.0,2.0,39.19117647058823,0
136.40358815700165,177457.28158185,4074,1.4020865885416667,8.0,2.0,39.19117647058823,0
136.43553253999562,177457.313526233,4075,1.4036881510416668,9.0,2.0,39.19117647058823,0
136.471691690007,177457.349685383,4076,1.4032486979166667,6.0,2.0,39.19117647058823,0
136.50360109700705,177457.38159479,4077,1.3993424479166667,12.0,2.0,39.19117647058823,0
136.5355611150153,177457.413554808,4078,1.4008528645833334,8.0,2.0,39.19117647058823,0
136.5716078010155,177457.449601494,4079,1.3978157552083332,8.0,2.0,39.19117647058823,0
136.60362176899798,177457.481615462,4080,1.4140397135416667,10.0,2.0,39.19117647058823,0
136.6395358699956,177457.517529563,4081,1.4030533854166667,8.0,2.0,39.19117647058823,0
136.67156523599988,177457.549558929,4082,1.405234375,12.0,2.0,39.19117647058823,0
136.70359257701784,177457.58158627,4083,1.4047005208333334,11.0,2.0,39.19117647058823,0
136.73963108399766,177457.617624777,4084,1.4117415364583332,13.0,2.0,39.19117647058823,0
136.77160557400202,177457.649599267,4085,1.4076725260416667,8.0,2.0,39.19117647058823,0
136.80353937202017,177457.681533065,4086,1.406123046875,7.0,2.0,39.19117647058823,0
136.83972201900906,177457.717715712,4087,1.399697265625,9.0,2.0,39.19117647058823,0
136.8715882410179,177457.749581934,4088,1.410732421875,12.0,2.0,39.19117647058823,0
136.90364962699823,177457.78164332,4089,1.403505859375,6.0,2.0,39.19117647058823,0
136.93956311800866,177457.817556811,4090,1.400732421875,8.0,2.0,39.19117647058823,0
136.9715452020173,177457.849538895,4091,1.40173828125,8.0,2.0,39.19117647058823,0
137.00752412699512,177457.88551782,4092,1.3976529947916667,8.0,2.0,39.19117647058823,0
