timestamp_s,perf_counter_s,frame_index,mean,max,p99,threshold,detected
0.0011288360110484064,174098.996511733,0,1.350234375,11.0,2.0,44.0,0
0.06344767898553982,174099.058830576,1,1.3501985677083332,10.0,2.0,44.0,0
0.07991056400351226,174099.075293461,2,1.359814453125,10.0,2.0,44.0,0
0.09342059699702077,174099.088803494,3,1.3563736979166667,9.0,2.0,44.0,0
0.10807658699923195,174099.103459484,4,1.34755859375,8.0,2.0,44.0,0
0.1211885109951254,174099.116571408,5,1.3535319010416667,12.0,2.0,44.0,0
0.13573419098975137,174099.131117088,6,1.3505436197916667,9.0,2.0,44.0,0
0.1646596619975753,174099.160042559,7,1.360009765625,7.0,2.0,44.0,0
0.1967161539942026,174099.192099051,8,1.3515201822916667,11.0,2.0,44.0,0
0.22890448098769411,174099.224287378,9,1.350380859375,9.0,2.0,44.0,0
0.26487163500860333,174099.260254532,10,1.357255859375,8.0,2.0,44.0,0
0.29676646599546075,174099.292149363,11,1.3491536458333333,15.0,2.0,44.0,0
0.3384585989988409,174099.333841496,12,1.3512272135416667,11.0,2.0,44.0,0
0.38056954700732604,174099.375952444,13,1.3487662760416668,11.0,2.0,44.0,0
0.41941962600685656,174099.414802523,14,1.357119140625,13.0,2.0,44.0,0
0.45282652400783263,174099.448209421,15,1.3554752604166667,6.0,2.0,44.0,0
0.470003116002772,174099.465386013,16,1.3505598958333334,16.0,2.0,44.0,0
0.4967093000013847,174099.492092197,17,1.3580989583333334,9.0,2.0,44.0,0
0.5327476800011937,174099.528130577,18,1.3477018229166666,8.0,2.0,44.0,0
0.5647582320088986,174099.560141129,19,1.3498502604166667,13.0,2.0,44.0,0
0.6007845769927371,174099.596167474,20,1.3556966145833333,8.0,2.0,44.0,0
0.6327544359955937,174099.628137333,21,1.359453125,12.0,2.0,44.0,0
0.6647190669900738,174099.660101964,22,1.357890625,12.0,2.0,44.0,0
0.7007710800098721,174099.696153977,23,1.353134765625,9.0,2.0,44.0,0
0.7327640279836487,174099.728146925,24,1.3535221354166667,6.0,2.0,44.0,0
0.7647272660105955,174099.760110163,25,1.343681640625,8.0,2.0,44.0,0
0.8008104269974865,174099.796193324,26,1.353671875,8.0,2.0,44.0,0
0.8327764069836121,174099.828159304,27,1.3509635416666668,8.0,2.0,44.0,0
0.8687974019849207,174099.864180299,28,1.3514192708333332,9.0,2.0,44.0,0
0.900777795992326,174099.896160693,29,1.354697265625,15.0,2.0,44.0,0
0.9327602429839317,174099.92814314,30,1.357080078125,10.0,2.0,44.0,0
0.9688274289947003,174099.964210326,31,1.3592024739583333,10.0,2.0,44.0,0
1.000764374010032,174099.996147271,32,1.354091796875,8.0,2.0,44.0,0
1.0327187349903397,174100.028101632,33,1.3506673177083333,11.0,2.0,44.0,0
1.0688374860037584,174100.064220383,34,1.3481087239583334,13.0,2.0,44.0,0
1.1007690819969866,174100.096151979,35,1.3513932291666666,8.0,2.0,44.0,0
1.132740544009721,174100.128123441,36,1.35044921875,10.0,2.0,44.0,0
1.1687244519998785,174100.164107349,37,1.3461263020833334,15.0,2.0,44.0,0
1.2006822990078945,174100.196065196,38,1.3510221354166667,8.0,2.0,44.0,0
1.236760530009633,174100.232143427,39,1.3505143229166667,11.0,2.0,44.0,0
1.268749757000478,174100.264132654,40,1.351357421875,7.0,2.0,44.0,0
1.3007599090051372,174100.296142806,41,1.351708984375,9.0,2.0,44.0,0
1.3367234419856686,174100.332106339,42,1.3504720052083334,12.0,2.0,44.0,0
1.3687537869845983,174100.364136684,43,1.3519270833333332,8.0,2.0,44.0,0
1.4006131640053354,174100.395996061,44,1.3491764322916666,12.0,2.0,44.0,0
1.4368118339916691,174100.432194731,45,1.3571516927083334,11.0,2.0,44.0,0
1.4688258359965403,174100.464208733,46,1.342177734375,6.0,2.0,44.0,0
1.504800074006198,174100.500182971,47,1.3533430989583333,7.0,2.0,44.0,0
1.5368004360061605,174100.532183333,48,1.35095703125,9.0,2.0,44.0,0
1.5687824839842506,174100.564165381,49,1.3510904947916667,14.0,2.0,44.0,0
1.6047041970014106,174100.600087094,50,1.3447233072916667,7.0,2.0,44.0,0
1.6366336240025703,174100.632016521,51,1.3546126302083332,12.0,2.0,44.0,0
1.6686345159832854,174100.664017413,52,1.348681640625,8.0,2.0,44.0,0
1.7046356179926079,174100.700018515,53,1.35119140625,8.0,2.0,44.0,0
1.7365852700022515,174100.731968167,54,1.3560384114583333,8.0,2.0,44.0,0
1.7685857739998028,174100.763968671,55,1.3527864583333333,5.0,2.0,44.0,0
1.8045864710002206,174100.799969368,56,1.3343880208333334,8.0,2.0,44.0,0
1.8366283579962328,174100.832011255,57,1.3519954427083334,9.0,2.0,44.0,0
1.8726033119892236,174100.867986209,58,1.350673828125,12.0,2.0,44.0,0
1.904641603003256,174100.9000245,59,1.356435546875,12.0,2.0,44.0,0
1.9365922790020704,174100.931975176,60,1.3486946614583333,10.0,2.0,44.0,0
1.9726769010012504,174100.968059798,61,1.3503678385416666,14.0,2.0,44.0,0
2.004605044989148,174100.999987942,62,1.3543880208333334,12.0,2.0,44.0,0
2.0366691910021473,174101.032052088,63,1.3488834635416667,14.0,2.0,44.0,0
2.072648773988476,174101.068031671,64,1.3433723958333332,12.0,2.0,44.0,0
2.1047280649945606,174101.100110962,65,1.3556673177083334,12.0,2.0,44.0,0
2.140639719000319,174101.136022616,66,1.3529557291666667,13.0,2.0,44.0,0
2.172664565994637,174101.168047463,67,1.3584928385416666,8.0,2.0,44.0,0
2.2046058340056334,174101.199988731,68,1.3522330729166667,10.0,2.0,44.0,0
2.240678209986072,174101.236061107,69,1.3525748697916666,9.0,2.0,44.0,0
2.272777200996643,174101.268160098,70,1.35169921875,12.0,2.0,44.0,0
2.304600964009296,174101.299983861,71,1.3457682291666666,8.0,2.0,44.0,0
2.3406482249847613,174101.336031122,72,1.3502506510416667,8.0,2.0,44.0,0
2.372626313008368,174101.36800921,73,1.3530533854166666,15.0,2.0,44.0,0
2.4046141039871145,174101.399997001,74,1.346884765625,10.0,2.0,44.0,0
2.4406913529965095,174101.43607425,75,1.3526334635416666,10.0,2.0,44.0,0
2.4726675470010377,174101.468050444,76,1.349697265625,9.0,2.0,44.0,0
2.508669873990584,174101.504052771,77,1.3470930989583334,10.0,2.0,44.0,0
2.540645120985573,174101.536028018,78,1.3530826822916666,12.0,2.0,44.0,0
2.5726170929847285,174101.56799999,79,1.352548828125,9.0,2.0,44.0,0
2.608637766999891,174101.604020664,80,1.349306640625,9.0,2.0,44.0,0
2.6406571620027535,174101.636040059,81,1.3494563802083333,12.0,2.0,44.0,0
2.6726343629998155,174101.66801726,82,1.3537044270833334,7.0,2.0,44.0,0
2.7086725590052083,174101.704055456,83,1.3466536458333334,16.0,2.0,44.0,0
2.740681716008112,174101.736064613,84,1.3501888020833333,14.0,2.0,44.0,0
2.776627830986399,174101.772010728,85,1.3431022135416666,10.0,2.0,44.0,0
2.808647589990869,174101.804030487,86,1.3537955729166666,5.0,2.0,44.0,0
2.840592477004975,174101.835975374,87,1.3513151041666667,11.0,2.0,44.0,0
2.876634746004129,174101.872017643,88,1.3518619791666666,8.0,2.0,44.0,0
2.9086361439840402,174101.904019041,89,1.3557259114583333,9.0,2.0,44.0,0
2.9406436909921467,174101.936026588,90,1.3509733072916668,8.0,2.0,44.0,0
2.9766811240115203,174101.972064021,91,1.341943359375,8.0,2.0,44.0,0
3.008751168992603,174102.004134066,92,1.3539420572916667,9.0,2.0,44.0,0
3.0407059470016975,174102.036088844,93,1.3631901041666667,15.0,2.0,44.0,0
3.076803771982668,174102.072186669,94,1.3507194010416668,14.0,2.0,44.0,0
3.1086326320073567,174102.104015529,95,1.347802734375,11.0,2.0,44.0,0
3.1446111850091256,174102.139994082,96,1.3439973958333333,8.0,2.0,44.0,0
3.1766294990084134,174102.172012396,97,1.357021484375,8.0,2.0,44.0,0
3.208679839997785,174102.204062737,98,1.3387565104166668,8.0,2.0,44.0,0
3.2447847639850806,174102.240167661,99,1.35376953125,10.0,2.0,44.0,0
3.27671629699762,174102.272099194,100,1.3586458333333333,9.0,2.0,44.0,0
3.3086305109900422,174102.304013408,101,1.3514420572916668,15.0,2.0,44.0,0
3.344678858993575,174102.340061756,102,1.3575423177083332,8.0,2.0,44.0,0
3.376691056007985,174102.372073953,103,1.3491373697916667,15.0,2.0,44.0,0
3.412578499992378,174102.407961397,104,1.3505338541666667,8.0,2.0,44.0,0
3.444667294010287,174102.440050191,105,1.3557454427083333,10.0,2.0,44.0,0
3.4765816509898286,174102.471964548,106,1.3534342447916667,8.0,2.0,44.0,0
3.5126633809995838,174102.508046278,107,1.3510872395833333,15.0,2.0,44.0,0
3.544640859006904,174102.540023756,108,1.3511360677083333,14.0,2.0,44.0,0
3.5765995679830667,174102.571982465,109,1.3549674479166667,7.0,2.0,44.0,0
3.6126803270017263,174102.608063224,110,1.3523274739583333,8.0,2.0,44.0,0
3.6446774379874114,174102.640060335,111,1.3505403645833334,9.0,2.0,44.0,0
3.6766633079969324,174102.672046205,112,1.3511197916666666,10.0,2.0,44.0,0
3.712659727985738,174102.708042625,113,1.3438346354166666,14.0,2.0,44.0,0
3.74461616599001,174102.739999063,114,1.3476888020833333,13.0,2.0,44.0,0
3.7806679740024265,174102.776050871,115,1.3432161458333334,11.0,2.0,44.0,0
3.81263747200137,174102.808020369,116,1.3496647135416666,7.0,2.0,44.0,0
3.8446122409950476,174102.839995138,117,1.346875,8.0,2.0,44.0,0
3.8806696259998716,174102.876052523,118,1.3496484375,12.0,2.0,44.0,0
3.912738527986221,174102.908121425,119,1.34572265625,12.0,2.0,44.0,0
3.94459120000829,174102.939974097,120,1.3612076822916668,12.0,2.0,44.0,0
3.9806502189894672,174102.976033116,121,1.3453352864583332,12.0,2.0,44.0,0
4.01269345000037,174103.008076347,122,1.3450130208333333,9.0,2.0,44.0,0
4.048759166995296,174103.044142064,123,1.3515983072916666,8.0,2.0,44.0,0
4.080776996008353,174103.076159893,124,1.3535123697916667,9.0,2.0,44.0,0
4.112651022995124,174103.10803392,125,1.350830078125,15.0,2.0,44.0,0
4.148675514996285,174103.144058412,126,1.3519401041666668,8.0,2.0,44.0,0
4.180720531992847,174103.176103429,127,1.3502669270833334,15.0,2.0,44.0,0
4.212596881989157,174103.207979779,128,1.3446223958333334,10.0,2.0,44.0,0
4.24861698699533,174103.243999884,129,1.350205078125,8.0,2.0,44.0,0
4.280725316988537,174103.276108214,130,1.3514453125,12.0,2.0,44.0,0
4.312638975010486,174103.308021872,131,1.355068359375,5.0,2.0,44.0,0
4.348683932010317,174103.344066829,132,1.343564453125,9.0,2.0,44.0,0
4.38058467200608,174103.375967569,133,1.353154296875,8.0,2.0,44.0,0
4.416677408997202,174103.412060306,134,1.3499544270833332,10.0,2.0,44.0,0
4.448670473007951,174103.44405337,135,1.3491796875,11.0,2.0,44.0,0
4.480718067992711,174103.476100965,136,1.352763671875,10.0,2.0,44.0,0
4.516670971992426,174103.512053869,137,1.3474479166666666,8.0,2.0,44.0,0
4.548684462002711,174103.544067359,138,1.3515755208333333,8.0,2.0,44.0,0
4.580595874984283,174103.575978772,139,1.3486881510416666,16.0,2.0,44.0,0
4.616592879989184,174103.611975777,140,1.3473014322916668,9.0,2.0,44.0,0
4.64868568800739,174103.644068585,141,1.352314453125,7.0,2.0,44.0,0
4.684682660998078,174103.680065558,142,1.343369140625,11.0,2.0,44.0,0
4.716671217000112,174103.712054114,143,1.3468131510416668,12.0,2.0,44.0,0
4.748606242006645,174103.743989139,144,1.3554036458333334,14.0,2.0,44.0,0
4.784657645010157,174103.780040542,145,1.3528190104166666,7.0,2.0,44.0,0
4.816636693984037,174103.812019591,146,1.3565885416666668,8.0,2.0,44.0,0
4.848598841985222,174103.843981739,147,1.34689453125,13.0,2.0,44.0,0
4.884668106009485,174103.880051003,148,1.3504654947916668,6.0,2.0,44.0,0
4.916720845998498,174103.912103743,149,1.345205078125,8.0,2.0,44.0,0
4.948595296009444,174103.943978193,150,1.3489029947916666,8.0,2.0,44.0,0
4.984694532991853,174103.98007743,151,1.3463704427083334,11.0,2.0,44.0,0
5.016635314997984,174104.012018212,152,1.3516048177083333,8.0,2.0,44.0,0
5.05270899599418,174104.048091893,153,1.35177734375,8.0,2.0,44.0,0
5.084735827986151,174104.080118725,154,1.3496028645833333,7.0,2.0,44.0,0
5.116653289995156,174104.112036187,155,1.3474251302083333,7.0,2.0,44.0,0
5.1526476590079255,174104.148030556,156,1.3461555989583334,13.0,2.0,44.0,0
5.184686136984965,174104.180069034,157,1.3510286458333334,10.0,2.0,44.0,0
5.216596640995704,174104.211979538,158,1.34037109375,10.0,2.0,44.0,0
5.25269909700728,174104.248081994,159,1.3420475260416667,12.0,2.0,44.0,0
5.284667163999984,174104.280050061,160,1.356728515625,8.0,2.0,44.0,0
5.320657033007592,174104.31603993,161,1.3477018229166666,15.0,2.0,44.0,0
5.352654241985874,174104.348037139,162,1.354052734375,12.0,2.0,44.0,0
5.384662155993283,174104.380045053,163,1.350009765625,9.0,2.0,44.0,0
5.420614982984262,174104.41599788,164,1.343642578125,10.0,2.0,44.0,0
5.452678383997409,174104.448061281,165,1.3492513020833334,11.0,2.0,44.0,0
5.484603062999668,174104.47998596,166,1.344541015625,16.0,2.0,44.0,0
5.520703818008769,174104.516086715,167,1.3528092447916666,15.0,2.0,44.0,0
5.552649672987172,174104.54803257,168,1.3460579427083332,8.0,2.0,44.0,0
5.584643756010337,174104.580026653,169,1.3429134114583334,9.0,2.0,44.0,0
5.6206598700082395,174104.616042767,170,1.356220703125,12.0,2.0,44.0,0
5.652663176006172,174104.648046073,171,1.3547591145833333,12.0,2.0,44.0,0
5.688654641009634,174104.684037538,172,1.3476204427083334,10.0,2.0,44.0,0
5.7207366219954565,174104.716119519,173,1.34865234375,15.0,2.0,44.0,0
5.752648238005349,174104.748031135,174,1.355341796875,9.0,2.0,44.0,0
5.7886770559998695,174104.784059953,175,1.3508072916666667,12.0,2.0,44.0,0
5.820691439992515,174104.816074337,176,1.3535026041666667,12.0,2.0,44.0,0
5.852605608000886,174104.847988505,177,1.3486979166666666,10.0,2.0,44.0,0
5.888658573006978,174104.88404147,178,1.3535123697916667,8.0,2.0,44.0,0
5.920666643010918,174104.91604954,179,1.3400651041666667,12.0,2.0,44.0,0
5.956669820006937,174104.952052717,180,1.3549609375,13.0,2.0,44.0,0
5.988681324000936,174104.984064221,181,1.347685546875,8.0,2.0,44.0,0
6.020664576004492,174105.016047473,182,1.34552734375,9.0,2.0,44.0,0
6.056741151987808,174105.052124049,183,1.34857421875,10.0,2.0,44.0,0
6.088822997000534,174105.084205894,184,1.3553971354166667,7.0,2.0,44.0,0
6.120635703991866,174105.116018601,185,1.3452311197916667,9.0,2.0,44.0,0
6.156653932004701,174105.152036829,186,1.35392578125,12.0,2.0,44.0,0
6.188702601008117,174105.184085498,187,1.3479166666666667,9.0,2.0,44.0,0
6.2206559689948335,174105.216038866,188,1.3515690104166667,9.0,2.0,44.0,0
6.256869295000797,174105.252252192,189,1.3472623697916666,9.0,2.0,44.0,0
6.288661389000481,174105.284044286,190,1.3456640625,10.0,2.0,44.0,0
6.32471107901074,174105.320093976,191,1.3584342447916666,10.0,2.0,44.0,0
6.356733583990717,174105.352116481,192,1.354775390625,7.0,2.0,44.0,0
6.388641466997797,174105.384024364,193,1.3556022135416668,11.0,2.0,44.0,0
6.4246307910070755,174105.420013688,194,1.3495735677083334,11.0,2.0,44.0,0
6.456645333993947,174105.452028231,195,1.35419921875,12.0,2.0,44.0,0
6.488682214985602,174105.484065112,196,1.3488671875,8.0,2.0,44.0,0
6.524649583006976,174105.52003248,197,1.34998046875,13.0,2.0,44.0,0
6.5566968909988645,174105.552079788,198,1.34986328125,7.0,2.0,44.0,0
6.592687739990652,174105.588070637,199,1.3531868489583334,12.0,2.0,44.0,0
6.624690025986638,174105.620072923,200,1.3486848958333333,12.0,2.0,44.0,0
6.656647927011363,174105.652030824,201,1.35353515625,9.0,2.0,44.0,0
6.69266863600933,174105.688051533,202,1.3488216145833334,9.0,2.0,44.0,0
6.724674033001065,174105.72005693,203,1.3525520833333333,11.0,2.0,44.0,0
6.756657397985691,174105.752040295,204,1.3494140625,12.0,2.0,44.0,0
6.792681191000156,174105.788064088,205,1.3483528645833334,10.0,2.0,44.0,0
6.8246420430077706,174105.82002494,206,1.346337890625,10.0,2.0,44.0,0
6.85666148000746,174105.852044377,207,1.34423828125,8.0,2.0,44.0,0
6.892733204003889,174105.888116101,208,1.3499869791666668,10.0,2.0,44.0,0
6.924655732989777,174105.92003863,209,1.3515950520833333,10.0,2.0,44.0,0
6.960675036010798,174105.956057933,210,1.3504264322916666,11.0,2.0,44.0,0
6.9926646660023835,174105.988047563,211,1.3533365885416666,15.0,2.0,44.0,0
7.0245969200041145,174106.019979817,212,1.3449446614583334,12.0,2.0,44.0,0
7.060823248990346,174106.056206146,213,1.349443359375,8.0,2.0,44.0,0
7.09269474199391,174106.088077639,214,1.3542578125,7.0,2.0,44.0,0
7.124638595996657,174106.120021493,215,1.349892578125,6.0,2.0,44.0,0
7.160682268993696,174106.156065166,216,1.3535579427083333,9.0,2.0,44.0,0
7.192631898011314,174106.188014795,217,1.35376953125,7.0,2.0,44.0,0
7.228706933994545,174106.224089831,218,1.3462467447916666,10.0,2.0,44.0,0
7.260781494987896,174106.256164392,219,1.3447200520833333,11.0,2.0,44.0,0
7.292616074002581,174106.287998971,220,1.341640625,11.0,2.0,44.0,0
7.3286853629979305,174106.32406826,221,1.3507975260416667,10.0,2.0,44.0,0
7.360672409005929,174106.356055306,222,1.3461360677083334,12.0,2.0,44.0,0
7.392645268002525,174106.388028165,223,1.3466731770833333,9.0,2.0,44.0,0
7.4286601089988835,174106.424043006,224,1.3543684895833332,9.0,2.0,44.0,0
7.460647808999056,174106.456030706,225,1.3537630208333333,12.0,2.0,44.0,0
7.492638242983958,174106.48802114,226,1.345205078125,7.0,2.0,44.0,0
7.528719839989208,174106.524102737,227,1.3495735677083334,10.0,2.0,44.0,0
7.560637824004516,174106.556020721,228,1.3458626302083334,15.0,2.0,44.0,0
7.596698317996925,174106.592081215,229,1.3500260416666667,11.0,2.0,44.0,0
7.628686165990075,174106.624069063,230,1.3492545572916668,10.0,2.0,44.0,0
7.660608907986898,174106.655991805,231,1.3411555989583333,8.0,2.0,44.0,0
7.696696883998811,174106.692079781,232,1.3489322916666666,13.0,2.0,44.0,0
7.728662612993503,174106.72404551,233,1.3466927083333333,13.0,2.0,44.0,0
7.760659464984201,174106.756042362,234,1.35146484375,12.0,2.0,44.0,0
7.796683088003192,174106.792065985,235,1.3421061197916666,12.0,2.0,44.0,0
7.828730292007094,174106.824113189,236,1.3484537760416666,9.0,2.0,44.0,0
7.864708518987754,174106.860091416,237,1.3505078125,12.0,2.0,44.0,0
7.896715573006077,174106.89209847,238,1.35005859375,9.0,2.0,44.0,0
7.9286755500070285,174106.924058447,239,1.355888671875,12.0,2.0,44.0,0
7.964660534984432,174106.960043432,240,1.3542317708333333,13.0,2.0,44.0,0
7.996700727002462,174106.992083624,241,1.3472916666666668,7.0,2.0,44.0,0
8.02865054900758,174107.024033446,242,1.3456477864583334,10.0,2.0,44.0,0
8.064732286002254,174107.060115183,243,1.35458984375,12.0,2.0,44.0,0
8.09672911898815,174107.092112016,244,1.3465690104166668,9.0,2.0,44.0,0
8.128601842996432,174107.12398474,245,1.3409147135416666,15.0,2.0,44.0,0
8.164700610999716,174107.160083508,246,1.3574348958333333,12.0,2.0,44.0,0
8.196656160987914,174107.192039058,247,1.344931640625,8.0,2.0,44.0,0
8.232662066991907,174107.228044964,248,1.3474641927083333,12.0,2.0,44.0,0
8.264804448001087,174107.260187345,249,1.3403743489583333,10.0,2.0,44.0,0
8.296675391989993,174107.292058289,250,1.3535611979166666,9.0,2.0,44.0,0
8.332691696006805,174107.328074593,251,1.3486490885416667,7.0,2.0,44.0,0
8.364703038008884,174107.360085935,252,1.3474251302083333,11.0,2.0,44.0,0
8.396637000987539,174107.392019898,253,1.3427376302083334,10.0,2.0,44.0,0
8.432714822993148,174107.42809772,254,1.3426334635416666,9.0,2.0,44.0,0
8.46473648500978,174107.460119382,255,1.341298828125,8.0,2.0,44.0,0
8.500694424001267,174107.496077321,256,1.3501692708333333,10.0,2.0,44.0,0
8.532706191996112,174107.528089089,257,1.345380859375,11.0,2.0,44.0,0
8.564649428008124,174107.560032325,258,1.349052734375,10.0,2.0,44.0,0
8.600706491997698,174107.596089389,259,1.345576171875,9.0,2.0,44.0,0
8.632716730993707,174107.628099628,260,1.3505598958333334,10.0,2.0,44.0,0
8.664629247010453,174107.660012144,261,1.34755859375,8.0,2.0,44.0,0
8.700718726002378,174107.696101623,262,1.3522037760416667,6.0,2.0,44.0,0
8.732721186999697,174107.728104084,263,1.3540234375,10.0,2.0,44.0,0
8.764654869009973,174107.760037766,264,1.3498665364583333,16.0,2.0,44.0,0
8.800692093005637,174107.79607499,265,1.338955078125,12.0,2.0,44.0,0
8.832668190996628,174107.828051088,266,1.3502571614583334,10.0,2.0,44.0,0
8.86869789598859,174107.864080793,267,1.3495247395833334,11.0,2.0,44.0,0
8.90072105199215,174107.896103949,268,1.3512109375,7.0,2.0,44.0,0
8.932636117009679,174107.928019014,269,1.35126953125,9.0,2.0,44.0,0
8.96871630800888,174107.964099205,270,1.3430110677083333,9.0,2.0,44.0,0
9.00073237498873,174107.996115272,271,1.348173828125,8.0,2.0,44.0,0
9.032732986990595,174108.028115884,272,1.343994140625,8.0,2.0,44.0,0
9.068767151999054,174108.064150049,273,1.3487467447916666,11.0,2.0,44.0,0
9.10072113800561,174108.096104035,274,1.3500911458333333,9.0,2.0,44.0,0
9.136701168987202,174108.132084066,275,1.3456966145833333,11.0,2.0,44.0,0
9.168705482006771,174108.164088379,276,1.3481412760416667,8.0,2.0,44.0,0
9.200639063987182,174108.196021961,277,1.345458984375,8.0,2.0,44.0,0
9.236771670985036,174108.232154568,278,1.34443359375,12.0,2.0,44.0,0
9.26881211498403,174108.264195012,279,1.3482063802083333,10.0,2.0,44.0,0
9.300649848009925,174108.296032745,280,1.347333984375,7.0,2.0,44.0,0
9.336708227987401,174108.332091125,281,1.3490983072916667,12.0,2.0,44.0,0
9.368683788983617,174108.364066686,282,1.3491373697916667,12.0,2.0,44.0,0
9.40065614800551,174108.396039045,283,1.3478776041666667,10.0,2.0,44.0,0
9.436658118997002,174108.432041016,284,1.34771484375,12.0,2.0,44.0,0
9.468628533999436,174108.464011431,285,1.3435807291666666,7.0,2.0,44.0,0
9.504685525986133,174108.500068423,286,1.359814453125,13.0,2.0,44.0,0
9.536685258994112,174108.532068156,287,1.3467057291666666,12.0,2.0,44.0,0
9.568585514993174,174108.563968412,288,1.3461979166666667,13.0,2.0,44.0,0
9.6046779610042,174108.600060858,289,1.3494173177083333,14.0,2.0,44.0,0
9.636694712011376,174108.632077609,290,1.33865234375,11.0,2.0,44.0,0
9.668643426004564,174108.664026323,291,1.3425455729166667,11.0,2.0,44.0,0
9.704676193010528,174108.70005909,292,1.34615234375,12.0,2.0,44.0,0
9.736640258983243,174108.732023156,293,1.3489322916666666,8.0,2.0,44.0,0
9.772689103003358,174108.768072,294,1.3520703125,9.0,2.0,44.0,0
9.804656299995258,174108.800039197,295,1.3566666666666667,15.0,2.0,44.0,0
9.836634823004715,174108.83201772,296,1.34650390625,8.0,2.0,44.0,0
9.872677206993103,174108.868060104,297,1.3444205729166667,13.0,2.0,44.0,0
9.904678966006031,174108.900061863,298,1.3373665364583334,9.0,2.0,44.0,0
9.93670094999834,174108.932083847,299,1.3529947916666667,8.0,2.0,44.0,0
9.9727114099951,174108.968094307,300,1.3475944010416667,14.0,2.0,44.0,0
10.004694918985479,174109.000077816,301,1.3457096354166667,8.0,2.0,44.0,0
10.03678375799791,174109.032166655,302,1.351767578125,10.0,2.0,44.0,0
10.072837176994653,174109.068220074,303,1.35208984375,9.0,2.0,44.0,0
10.104648952983553,174109.10003185,304,1.3495572916666667,12.0,2.0,44.0,0
10.140724730008515,174109.136107627,305,1.3449283854166667,11.0,2.0,44.0,0
10.17271919499035,174109.168102092,306,1.3558984375,10.0,2.0,44.0,0
10.204652145010186,174109.200035042,307,1.3460709635416668,8.0,2.0,44.0,0
10.240680893009994,174109.23606379,308,1.35310546875,10.0,2.0,44.0,0
10.272751043987228,174109.268133941,309,1.347890625,7.0,2.0,44.0,0
10.304654304985888,174109.300037202,310,1.345107421875,8.0,2.0,44.0,0
10.340727283997694,174109.336110181,311,1.349384765625,9.0,2.0,44.0,0
10.372746548993746,174109.368129446,312,1.344150390625,11.0,2.0,44.0,0
10.408769956004107,174109.404152853,313,1.350234375,7.0,2.0,44.0,0
10.440740844991524,174109.436123742,314,1.3509602864583334,8.0,2.0,44.0,0
10.472690441994928,174109.468073339,315,1.3372298177083333,12.0,2.0,44.0,0
10.508766087994445,174109.504148985,316,1.3480110677083332,15.0,2.0,44.0,0
10.540744553989498,174109.536127451,317,1.3426106770833333,11.0,2.0,44.0,0
10.572718837007415,174109.568101734,318,1.3473274739583334,12.0,2.0,44.0,0
10.608748105005361,174109.604131002,319,1.3463151041666668,10.0,2.0,44.0,0
10.640709211991634,174109.636092109,320,1.3526204427083333,14.0,2.0,44.0,0
10.672659272997407,174109.66804217,321,1.3461393229166667,8.0,2.0,44.0,0
10.708666268008528,174109.704049165,322,1.3449446614583334,15.0,2.0,44.0,0
10.74065672699362,174109.736039624,323,1.3495865885416667,12.0,2.0,44.0,0
10.776710951991845,174109.772093849,324,1.3454752604166667,9.0,2.0,44.0,0
10.808684880990768,174109.804067778,325,1.3444986979166667,10.0,2.0,44.0,0
10.84061483500409,174109.835997732,326,1.3470963541666667,9.0,2.0,44.0,0
10.876680076005869,174109.872062973,327,1.3535872395833333,10.0,2.0,44.0,0
10.908678137988318,174109.904061035,328,1.346533203125,8.0,2.0,44.0,0
10.940636915998766,174109.936019813,329,1.340693359375,12.0,2.0,44.0,0
10.9766878990049,174109.972070796,330,1.3390983072916667,12.0,2.0,44.0,0
11.008687369001564,174110.004070266,331,1.3387890625,9.0,2.0,44.0,0
11.044654658995569,174110.040037556,332,1.3456608072916667,10.0,2.0,44.0,0
11.076649266004097,174110.072032163,333,1.3538671875,10.0,2.0,44.0,0
11.108679269993445,174110.104062167,334,1.3469173177083333,11.0,2.0,44.0,0
11.144696893985383,174110.140079791,335,1.3441536458333334,12.0,2.0,44.0,0
11.176655451999977,174110.172038349,336,1.3492805989583334,12.0,2.0,44.0,0
11.208588987996336,174110.203971885,337,1.3456998697916667,8.0,2.0,44.0,0
11.244643196987454,174110.240026094,338,1.3517513020833334,10.0,2.0,44.0,0
11.276723996008513,174110.272106893,339,1.3510677083333333,8.0,2.0,44.0,0
11.308636862988351,174110.30401976,340,1.3519856770833334,8.0,2.0,44.0,0
11.344676384003833,174110.340059281,341,1.3435091145833333,8.0,2.0,44.0,0
11.376614045002498,174110.371996942,342,1.3494986979166668,10.0,2.0,44.0,0
11.412704102986027,174110.408087,343,1.3443977864583334,15.0,2.0,44.0,0
11.444691271986812,174110.440074169,344,1.3497037760416666,11.0,2.0,44.0,0
11.476645913993707,174110.472028811,345,1.347548828125,9.0,2.0,44.0,0
11.51270676398417,174110.508089661,346,1.35052734375,10.0,2.0,44.0,0
11.544638963998295,174110.540021861,347,1.343603515625,12.0,2.0,44.0,0
11.576624454988632,174110.572007352,348,1.3502571614583334,14.0,2.0,44.0,0
11.612690040987218,174110.608072938,349,1.343935546875,10.0,2.0,44.0,0
11.644657288008602,174110.640040185,350,1.3468033854166668,9.0,2.0,44.0,0
11.680651125003351,174110.676034022,351,1.3469010416666667,7.0,2.0,44.0,0
11.712633758987067,174110.708016656,352,1.351240234375,10.0,2.0,44.0,0
11.744655212009093,174110.740038109,353,1.3514908854166667,11.0,2.0,44.0,0
11.780708325008163,174110.776091222,354,1.3412174479166667,8.0,2.0,44.0,0
11.81270134600345,174110.808084243,355,1.3380110677083332,9.0,2.0,44.0,0
11.844610669009853,174110.839993566,356,1.3445084635416666,8.0,2.0,44.0,0
11.880678146000719,174110.876061043,357,1.3398046875,8.0,2.0,44.0,0
11.912726584996562,174110.908109482,358,1.346337890625,8.0,2.0,44.0,0
11.944654619001085,174110.940037516,359,1.348173828125,8.0,2.0,44.0,0
11.980664900009288,174110.976047797,360,1.347314453125,9.0,2.0,44.0,0
12.012636983999982,174111.008019881,361,1.3476692708333333,14.0,2.0,44.0,0
12.048696793004638,174111.04407969,362,1.343466796875,10.0,2.0,44.0,0
12.080648387986002,174111.076031285,363,1.3442154947916667,8.0,2.0,44.0,0
12.11268022999866,174111.108063127,364,1.3492740885416667,10.0,2.0,44.0,0
12.148646293993806,174111.144029191,365,1.3540852864583333,7.0,2.0,44.0,0
12.180675445997622,174111.176058343,366,1.3502180989583332,8.0,2.0,44.0,0
12.212659918004647,174111.208042815,367,1.3478287760416667,13.0,2.0,44.0,0
12.24866082999506,174111.244043727,368,1.34703125,10.0,2.0,44.0,0
12.28069236400188,174111.276075261,369,1.348515625,12.0,2.0,44.0,0
12.31667277100496,174111.312055668,370,1.3465983072916667,7.0,2.0,44.0,0
12.348678142006975,174111.344061039,371,1.3500358072916667,10.0,2.0,44.0,0
12.380637296999339,174111.376020194,372,1.3564127604166667,10.0,2.0,44.0,0
12.416624378005508,174111.412007275,373,1.3465592447916668,9.0,2.0,44.0,0
12.448826384992572,174111.444209282,374,1.350419921875,12.0,2.0,44.0,0
12.480665759998374,174111.476048657,375,1.3466959635416667,12.0,2.0,44.0,0
12.516681884997524,174111.512064782,376,1.350791015625,9.0,2.0,44.0,0
12.54863563500112,174111.544018532,377,1.34142578125,8.0,2.0,44.0,0
12.580664315988543,174111.576047213,378,1.3469889322916666,10.0,2.0,44.0,0
12.616686758003198,174111.612069655,379,1.3437532552083333,11.0,2.0,44.0,0
12.648643836990232,174111.644026734,380,1.3466048177083334,8.0,2.0,44.0,0
12.684684689011192,174111.680067586,381,1.35484375,8.0,2.0,44.0,0
12.716693383990787,174111.712076281,382,1.3531087239583333,8.0,2.0,44.0,0
12.748654044989962,174111.744036942,383,1.3382975260416667,13.0,2.0,44.0,0
12.784684231010033,174111.780067128,384,1.3556998697916667,10.0,2.0,44.0,0
12.816651764995186,174111.812034662,385,1.3433268229166666,8.0,2.0,44.0,0
12.848608925996814,174111.843991823,386,1.3472623697916666,8.0,2.0,44.0,0
12.884645876998547,174111.880028774,387,1.3397233072916668,10.0,2.0,44.0,0
12.916579251992516,174111.911962149,388,1.3509928385416667,10.0,2.0,44.0,0
12.952662344003329,174111.948045241,389,1.3460970052083334,8.0,2.0,44.0,0
12.984693154983688,174111.980076052,390,1.3472037760416666,6.0,2.0,44.0,0
13.016642361995764,174112.012025259,391,1.34623046875,13.0,2.0,44.0,0
13.052787168999203,174112.048170066,392,1.3453645833333334,9.0,2.0,44.0,0
13.084659454994835,174112.080042352,393,1.3465266927083333,13.0,2.0,44.0,0
13.116670135001186,174112.112053032,394,1.348505859375,9.0,2.0,44.0,0
13.152682137995725,174112.148065035,395,1.3462467447916666,9.0,2.0,44.0,0
13.18465824399027,174112.180041141,396,1.341298828125,10.0,2.0,44.0,0
13.216568768984871,174112.211951666,397,1.35099609375,8.0,2.0,44.0,0
13.252776004985208,174112.248158902,398,1.3347330729166667,11.0,2.0,44.0,0
13.284615018987097,174112.279997916,399,1.3470182291666666,11.0,2.0,44.0,0
13.320718998991651,174112.316101896,400,1.3428548177083333,9.0,2.0,44.0,0
13.352670010994188,174112.348052908,401,1.33830078125,8.0,2.0,44.0,0
13.384664894983871,174112.380047792,402,1.3434700520833334,13.0,2.0,44.0,0
13.420703791984124,174112.416086689,403,1.349091796875,7.0,2.0,44.0,0
13.452650933992118,174112.448033831,404,1.344345703125,12.0,2.0,44.0,0
13.484655837004539,174112.480038734,405,1.3591276041666667,8.0,2.0,44.0,0
13.520655152009567,174112.516038049,406,1.3507747395833334,10.0,2.0,44.0,0
13.552704911999172,174112.548087809,407,1.3537532552083333,15.0,2.0,44.0,0
13.588604677992407,174112.583987575,408,1.3397200520833332,10.0,2.0,44.0,0
13.620679095009109,174112.616061992,409,1.3422200520833334,9.0,2.0,44.0,0
13.65262536299997,174112.64800826,410,1.3521484375,9.0,2.0,44.0,0
13.688691526011098,174112.684074423,411,1.3513899739583333,6.0,2.0,44.0,0
13.720681033999426,174112.716063931,412,1.34974609375,9.0,2.0,44.0,0
13.75262928500888,174112.748012182,413,1.3440266927083333,10.0,2.0,44.0,0
13.788658931996906,174112.784041829,414,1.3438020833333333,13.0,2.0,44.0,0
13.820682971010683,174112.816065868,415,1.3499055989583333,12.0,2.0,44.0,0
13.852634426002624,174112.848017323,416,1.349267578125,13.0,2.0,44.0,0
13.888686852995306,174112.88406975,417,1.3526985677083334,8.0,2.0,44.0,0
13.920656311995117,174112.916039209,418,1.3436979166666667,7.0,2.0,44.0,0
13.95718716699048,174112.952570064,419,1.3512662760416667,8.0,2.0,44.0,0
13.988679141999455,174112.984062039,420,1.3462955729166666,12.0,2.0,44.0,0
14.020634145010263,174113.016017042,421,1.34560546875,9.0,2.0,44.0,0
14.056906306999736,174113.052289204,422,1.3469921875,12.0,2.0,44.0,0
14.08870447598747,174113.084087373,423,1.3472135416666666,13.0,2.0,44.0,0
14.120678251987556,174113.116061149,424,1.34478515625,12.0,2.0,44.0,0
14.156695448007667,174113.152078345,425,1.348369140625,7.0,2.0,44.0,0
14.18869211099809,174113.184075008,426,1.3447135416666667,8.0,2.0,44.0,0
14.224696329998551,174113.220079227,427,1.348564453125,8.0,2.0,44.0,0
14.256731064990163,174113.252113962,428,1.343798828125,17.0,2.0,44.0,0
14.288676285999827,174113.284059183,429,1.3519205729166666,10.0,2.0,44.0,0
14.324698292999528,174113.32008119,430,1.3505045572916667,11.0,2.0,44.0,0
14.35672263300512,174113.35210553,431,1.348984375,7.0,2.0,44.0,0
14.3886645869934,174113.384047484,432,1.3469661458333333,9.0,2.0,44.0,0
14.424725385993952,174113.420108283,433,1.344599609375,12.0,2.0,44.0,0
14.45671699900413,174113.452099896,434,1.3484537760416666,16.0,2.0,44.0,0
14.488654095010133,174113.484036992,435,1.3504069010416666,12.0,2.0,44.0,0
14.52468061199761,174113.520063509,436,1.3419954427083334,10.0,2.0,44.0,0
14.556625252997037,174113.55200815,437,1.3421256510416666,9.0,2.0,44.0,0
14.592669075995218,174113.588051973,438,1.348232421875,12.0,2.0,44.0,0
14.62471077500959,174113.620093672,439,1.34326171875,8.0,2.0,44.0,0
14.656647589989007,174113.652030487,440,1.3424739583333334,12.0,2.0,44.0,0
14.692695195990382,174113.688078093,441,1.3475846354166667,10.0,2.0,44.0,0
14.72467843600316,174113.720061333,442,1.3432747395833333,7.0,2.0,44.0,0
14.756728795997333,174113.752111693,443,1.3461555989583334,14.0,2.0,44.0,0
14.792704044986749,174113.788086942,444,1.353525390625,11.0,2.0,44.0,0
14.824691682995763,174113.82007458,445,1.3539485677083334,10.0,2.0,44.0,0
14.86069586299709,174113.85607876,446,1.349521484375,9.0,2.0,44.0,0
14.892704119993141,174113.888087017,447,1.3541666666666667,10.0,2.0,44.0,0
14.924649130989565,174113.920032028,448,1.347373046875,11.0,2.0,44.0,0
14.960697943984997,174113.956080841,449,1.350634765625,15.0,2.0,44.0,0
14.992692384985276,174113.988075282,450,1.351982421875,8.0,2.0,44.0,0
15.024652091000462,174114.020034988,451,1.3357161458333333,8.0,2.0,44.0,0
15.060685429984005,174114.056068327,452,1.3433756510416666,10.0,2.0,44.0,0
15.09272163300193,174114.08810453,453,1.341552734375,6.0,2.0,44.0,0
15.124685282004066,174114.120068179,454,1.3390592447916667,11.0,2.0,44.0,0
15.160707290982828,174114.156090188,455,1.3496321614583333,7.0,2.0,44.0,0
15.192639796994627,174114.188022694,456,1.343916015625,11.0,2.0,44.0,0
15.228691311989678,174114.224074209,457,1.3528743489583333,9.0,2.0,44.0,0
15.260659044986824,174114.256041942,458,1.3448307291666666,13.0,2.0,44.0,0
15.292674638010794,174114.288057535,459,1.3451139322916668,10.0,2.0,44.0,0
15.328702678991249,174114.324085576,460,1.3424348958333334,12.0,2.0,44.0,0
15.360708969004918,174114.356091866,461,1.356611328125,7.0,2.0,44.0,0
15.39265917299781,174114.38804207,462,1.348701171875,15.0,2.0,44.0,0
15.42869593098294,174114.424078828,463,1.349482421875,11.0,2.0,44.0,0
15.460671929991804,174114.456054827,464,1.3506673177083333,12.0,2.0,44.0,0
15.496649307984626,174114.492032205,465,1.3494921875,10.0,2.0,44.0,0
15.528677898983005,174114.524060796,466,1.3521940104166668,11.0,2.0,44.0,0
15.56064309499925,174114.556025992,467,1.3472493489583333,10.0,2.0,44.0,0
15.596709829987958,174114.592092727,468,1.346025390625,8.0,2.0,44.0,0
15.628664107003715,174114.624047004,469,1.3461946614583333,11.0,2.0,44.0,0
15.660608904989203,174114.655991802,470,1.3522265625,8.0,2.0,44.0,0
15.69670531799784,174114.692088215,471,1.353837890625,10.0,2.0,44.0,0
15.728702254011296,174114.724085151,472,1.3491178385416667,9.0,2.0,44.0,0
15.760671135009034,174114.756054032,473,1.3481087239583334,7.0,2.0,44.0,0
15.796678897982929,174114.792061795,474,1.3467220052083333,8.0,2.0,44.0,0
15.82863739298773,174114.82402029,475,1.3421028645833333,8.0,2.0,44.0,0
15.864664574008202,174114.860047471,476,1.3426529947916668,10.0,2.0,44.0,0
15.896674777002772,174114.892057674,477,1.349365234375,14.0,2.0,44.0,0
15.928657090989873,174114.924039988,478,1.3455436197916666,12.0,2.0,44.0,0
15.964673521986697,174114.960056419,479,1.34587890625,7.0,2.0,44.0,0
15.996665498998482,174114.992048396,480,1.3567122395833333,8.0,2.0,44.0,0
16.02865602800739,174115.024038925,481,1.339912109375,12.0,2.0,44.0,0
16.064760548004415,174115.060143445,482,1.3403190104166667,12.0,2.0,44.0,0
16.096650980995037,174115.092033878,483,1.333798828125,8.0,2.0,44.0,0
16.132745053997496,174115.128127951,484,1.3490657552083334,9.0,2.0,44.0,0
16.16471584700048,174115.160098744,485,1.347822265625,7.0,2.0,44.0,0
16.196595176996198,174115.191978074,486,1.3568912760416667,8.0,2.0,44.0,0
16.232733421988087,174115.228116319,487,1.3467252604166666,7.0,2.0,44.0,0
16.264686704991618,174115.260069602,488,1.3495865885416667,8.0,2.0,44.0,0
16.296656805003295,174115.292039702,489,1.3390104166666668,9.0,2.0,44.0,0
16.332654131983873,174115.328037029,490,1.3520703125,8.0,2.0,44.0,0
16.36465540199424,174115.360038299,491,1.3427897135416667,8.0,2.0,44.0,0
16.396697932010284,174115.392080829,492,1.3592740885416668,12.0,2.0,44.0,0
16.432694455987075,174115.428077353,493,1.35296875,8.0,2.0,44.0,0
16.464623437990667,174115.460006335,494,1.3519694010416667,12.0,2.0,44.0,0
16.50071619200753,174115.496099089,495,1.3427018229166667,8.0,2.0,44.0,0
16.532743207993917,174115.528126105,496,1.342919921875,8.0,2.0,44.0,0
16.56469699300942,174115.56007989,497,1.344248046875,8.0,2.0,44.0,0
16.600717592984438,174115.59610049,498,1.350966796875,9.0,2.0,44.0,0
16.632742327987216,174115.628125225,499,1.3378450520833334,9.0,2.0,44.0,0
16.66469988200697,174115.660082779,500,1.3418489583333333,14.0,2.0,44.0,0
16.70070893599768,174115.696091833,501,1.3380143229166668,8.0,2.0,44.0,0
16.73270959299407,174115.72809249,502,1.3433430989583333,11.0,2.0,44.0,0
16.768680178996874,174115.764063076,503,1.3428450520833333,12.0,2.0,44.0,0
16.80067119700834,174115.796054094,504,1.3533528645833333,10.0,2.0,44.0,0
16.83268332699663,174115.828066224,505,1.34876953125,8.0,2.0,44.0,0
16.868690911011072,174115.864073808,506,1.3415494791666667,10.0,2.0,44.0,0
16.90069569699699,174115.896078594,507,1.354482421875,8.0,2.0,44.0,0
16.932709682994755,174115.92809258,508,1.3448470052083332,8.0,2.0,44.0,0
16.968721301993355,174115.964104199,509,1.3464713541666666,12.0,2.0,44.0,0
17.000717864983017,174115.996100762,510,1.3481966145833333,7.0,2.0,44.0,0
17.03271559299901,174116.02809849,511,1.3458528645833334,11.0,2.0,44.0,0
17.068696262984304,174116.06407916,512,1.33880859375,12.0,2.0,44.0,0
17.10059948900016,174116.095982386,513,1.348642578125,8.0,2.0,44.0,0
17.136685706995195,174116.132068604,514,1.3473665364583334,9.0,2.0,44.0,0
17.168726490985136,174116.164109388,515,1.3346158854166668,10.0,2.0,44.0,0
17.200685850984883,174116.196068748,516,1.3491796875,8.0,2.0,44.0,0
17.236741336993873,174116.232124234,517,1.344873046875,12.0,2.0,44.0,0
17.268679280998185,174116.264062178,518,1.347919921875,11.0,2.0,44.0,0
17.30067831199267,174116.296061209,519,1.3431184895833332,10.0,2.0,44.0,0
17.33676662298967,174116.33214952,520,1.3443684895833334,13.0,2.0,44.0,0
17.368690431991126,174116.364073329,521,1.3391438802083333,8.0,2.0,44.0,0
17.40470265300246,174116.40008555,522,1.3456282552083334,10.0,2.0,44.0,0
17.436709486006293,174116.432092383,523,1.3490104166666668,10.0,2.0,44.0,0
17.468630655988818,174116.464013553,524,1.341142578125,15.0,2.0,44.0,0
17.504700525983935,174116.500083423,525,1.3498274739583334,8.0,2.0,44.0,0
17.536722949007526,174116.532105846,526,1.3514876302083334,13.0,2.0,44.0,0
17.56903223498375,174116.564415132,527,1.3478352864583334,10.0,2.0,44.0,0
17.604729195998516,174116.600112093,528,1.34791015625,8.0,2.0,44.0,0
17.63673232498695,174116.632115222,529,1.350458984375,6.0,2.0,44.0,0
17.668639554001857,174116.664022451,530,1.3446158854166668,9.0,2.0,44.0,0
17.70474557898706,174116.700128476,531,1.3483951822916667,8.0,2.0,44.0,0
17.736661831004312,174116.732044728,532,1.3420084635416667,9.0,2.0,44.0,0
17.772680633992422,174116.768063531,533,1.345732421875,12.0,2.0,44.0,0
17.804706277995137,174116.800089175,534,1.349677734375,13.0,2.0,44.0,0
17.83669343398651,174116.832076331,535,1.344658203125,9.0,2.0,44.0,0
17.872734556993237,174116.868117454,536,1.347744140625,15.0,2.0,44.0,0
17.904712682997342,174116.90009558,537,1.349287109375,9.0,2.0,44.0,0
17.936690408998402,174116.932073306,538,1.3520638020833333,9.0,2.0,44.0,0
17.972696167998947,174116.968079065,539,1.3457356770833333,8.0,2.0,44.0,0
18.004699237004388,174117.000082134,540,1.3509700520833334,16.0,2.0,44.0,0
18.040659379999852,174117.036042277,541,1.3428190104166666,11.0,2.0,44.0,0
18.07264586299425,174117.06802876,542,1.3443912760416667,8.0,2.0,44.0,0
18.10468758799834,174117.100070485,543,1.340791015625,12.0,2.0,44.0,0
18.14071991801029,174117.136102815,544,1.3458821614583334,18.0,2.0,44.0,0
18.172709268983454,174117.168092166,545,1.3473958333333333,8.0,2.0,44.0,0
18.204691288992763,174117.200074186,546,1.3481575520833333,13.0,2.0,44.0,0
18.24073448398849,174117.236117381,547,1.345634765625,11.0,2.0,44.0,0
18.27269881698885,174117.268081714,548,1.3425748697916666,15.0,2.0,44.0,0
18.30470309400698,174117.300085991,549,1.3396647135416666,8.0,2.0,44.0,0
18.340693846985232,174117.336076744,550,1.3473209635416667,8.0,2.0,44.0,0
18.372616445005406,174117.367999342,551,1.34884765625,12.0,2.0,44.0,0
18.408718638995197,174117.404101536,552,1.351337890625,11.0,2.0,44.0,0
18.440780715987785,174117.436163613,553,1.3478190104166667,8.0,2.0,44.0,0
18.47261639399221,174117.467999291,554,1.341416015625,12.0,2.0,44.0,0
18.50871124700643,174117.504094144,555,1.34587890625,12.0,2.0,44.0,0
18.54073652200168,174117.536119419,556,1.3374967447916666,12.0,2.0,44.0,0
18.572689970984356,174117.568072868,557,1.354228515625,8.0,2.0,44.0,0
18.608680411998648,174117.604063309,558,1.34205078125,13.0,2.0,44.0,0
18.640699741983553,174117.636082639,559,1.337001953125,8.0,2.0,44.0,0
18.67675424698973,174117.672137144,560,1.35171875,14.0,2.0,44.0,0
18.708711126993876,174117.704094024,561,1.346240234375,10.0,2.0,44.0,0
18.740660026000114,174117.736042923,562,1.3353678385416667,8.0,2.0,44.0,0
18.776689313002862,174117.77207221,563,1.3508268229166667,8.0,2.0,44.0,0
18.80868817298324,174117.80407107,564,1.350888671875,12.0,2.0,44.0,0
18.840688661002787,174117.836071558,565,1.3447037760416667,11.0,2.0,44.0,0
18.876688183983788,174117.872071081,566,1.3414876302083334,12.0,2.0,44.0,0
18.908693315985147,174117.904076213,567,1.343193359375,9.0,2.0,44.0,0
18.940707166999346,174117.936090064,568,1.3499153645833333,8.0,2.0,44.0,0
18.976705601002323,174117.972088498,569,1.3462337239583333,15.0,2.0,44.0,0
19.00866695298464,174118.00404985,570,1.3451399739583334,7.0,2.0,44.0,0
19.044751081994036,174118.040133979,571,1.3514908854166667,12.0,2.0,44.0,0
19.076721916993847,174118.072104814,572,1.3430826822916666,12.0,2.0,44.0,0
19.10869030599133,174118.104073203,573,1.3479654947916666,9.0,2.0,44.0,0
19.144767641002545,174118.140150538,574,1.3407259114583334,8.0,2.0,44.0,0
19.176815643993905,174118.172198541,575,1.3443587239583332,9.0,2.0,44.0,0
19.20869337199838,174118.204076269,576,1.3477604166666666,12.0,2.0,44.0,0
19.244736536988057,174118.240119434,577,1.34322265625,14.0,2.0,44.0,0
19.27666672298801,174118.27204962,578,1.3467610677083333,8.0,2.0,44.0,0
19.312726014992222,174118.308108912,579,1.3429231770833334,13.0,2.0,44.0,0
19.344771389995003,174118.340154287,580,1.3469661458333333,9.0,2.0,44.0,0
19.376690504985163,174118.372073402,581,1.345283203125,11.0,2.0,44.0,0
19.412704950984335,174118.408087848,582,1.3477213541666666,10.0,2.0,44.0,0
19.444754730997374,174118.440137628,583,1.3451692708333334,13.0,2.0,44.0,0
19.476694602984935,174118.4720775,584,1.3383626302083333,15.0,2.0,44.0,0
19.512745273008477,174118.50812817,585,1.347197265625,9.0,2.0,44.0,0
19.54474538800423,174118.540128285,586,1.3426822916666667,6.0,2.0,44.0,0
19.576718349009752,174118.572101246,587,1.348564453125,8.0,2.0,44.0,0
19.61268609398394,174118.608068991,588,1.3388053385416667,7.0,2.0,44.0,0
19.64468286698684,174118.640065764,589,1.3465787760416668,13.0,2.0,44.0,0
19.680704124009935,174118.676087021,590,1.342490234375,11.0,2.0,44.0,0
19.712677859992255,174118.708060757,591,1.35361328125,8.0,2.0,44.0,0
19.74470901300083,174118.74009191,592,1.3475553385416668,13.0,2.0,44.0,0
19.78068136901129,174118.776064266,593,1.3483463541666667,8.0,2.0,44.0,0
19.812727081007324,174118.808109978,594,1.3449674479166667,11.0,2.0,44.0,0
19.844674260006286,174118.840057157,595,1.3493684895833333,10.0,2.0,44.0,0
19.880729199998314,174118.876112097,596,1.3452083333333333,13.0,2.0,44.0,0
19.912668384000426,174118.908051281,597,1.3458430989583334,11.0,2.0,44.0,0
19.948680000001332,174118.944062897,598,1.3463248697916668,8.0,2.0,44.0,0
19.98066748600104,174118.976050383,599,1.3462239583333333,11.0,2.0,44.0,0
20.01269016400329,174119.008073061,600,1.3489485677083333,13.0,2.0,44.0,0
20.048686163994716,174119.044069061,601,1.3398014322916667,8.0,2.0,44.0,0
20.08073069000966,174119.076113587,602,1.35052734375,12.0,2.0,44.0,0
20.112649513001088,174119.10803241,603,1.3420182291666667,10.0,2.0,44.0,0
20.148707034997642,174119.144089932,604,1.3473958333333333,9.0,2.0,44.0,0
20.180701411998598,174119.176084309,605,1.350205078125,7.0,2.0,44.0,0
20.21269010400283,174119.208073001,606,1.3444759114583333,11.0,2.0,44.0,0
20.248723808006616,174119.244106705,607,1.344296875,12.0,2.0,44.0,0
20.28068922201055,174119.276072119,608,1.3478255208333334,10.0,2.0,44.0,0
20.316719958995236,174119.312102856,609,1.350234375,12.0,2.0,44.0,0
20.34875602601096,174119.344138923,610,1.347529296875,10.0,2.0,44.0,0
20.380671077989973,174119.376053975,611,1.33658203125,8.0,2.0,44.0,0
20.416732421988854,174119.412115319,612,1.3434602864583334,11.0,2.0,44.0,0
20.44874266500119,174119.444125562,613,1.3446549479166667,9.0,2.0,44.0,0
20.480656725994777,174119.476039623,614,1.3391438802083333,10.0,2.0,44.0,0
20.516740400984418,174119.512123298,615,1.3500390625,15.0,2.0,44.0,0
20.548681618005503,174119.544064515,616,1.345732421875,11.0,2.0,44.0,0
20.58472638699459,174119.580109284,617,1.340205078125,13.0,2.0,44.0,0
20.616704177984502,174119.612087075,618,1.3367350260416666,7.0,2.0,44.0,0
20.648686553991865,174119.644069451,619,1.3438118489583333,8.0,2.0,44.0,0
20.68472066699178,174119.680103564,620,1.3489225260416666,11.0,2.0,44.0,0
20.716743558004964,174119.712126455,621,1.3429915364583334,9.0,2.0,44.0,0
20.748676173010608,174119.74405907,622,1.3473795572916667,15.0,2.0,44.0,0
20.784733498992864,174119.780116396,623,1.3407877604166667,10.0,2.0,44.0,0
20.816746764990967,174119.812129662,624,1.350810546875,13.0,2.0,44.0,0
20.848747812007787,174119.844130709,625,1.3500813802083333,12.0,2.0,44.0,0
20.88470068600145,174119.880083583,626,1.344208984375,9.0,2.0,44.0,0
20.916666267003166,174119.912049164,627,1.3425748697916666,12.0,2.0,44.0,0
20.952745888993377,174119.948128786,628,1.3428645833333333,9.0,2.0,44.0,0
20.984759274986573,174119.980142172,629,1.3390234375,9.0,2.0,44.0,0
21.017013575008605,174120.012396472,630,1.34189453125,8.0,2.0,44.0,0
21.05292703100713,174120.048309928,631,1.3480598958333334,9.0,2.0,44.0,0
21.084894294996047,174120.080277192,632,1.3550227864583333,7.0,2.0,44.0,0
21.11668045099941,174120.112063348,633,1.349619140625,8.0,2.0,44.0,0
21.152743409998948,174120.148126307,634,1.3434407552083334,8.0,2.0,44.0,0
21.184678588004317,174120.180061485,635,1.3376106770833334,10.0,2.0,44.0,0
21.220770156010985,174120.216153053,636,1.3404557291666668,12.0,2.0,44.0,0
21.25273868298973,174120.24812158,637,1.3477213541666666,9.0,2.0,44.0,0
21.284678994008573,174120.280061891,638,1.3405208333333334,12.0,2.0,44.0,0
21.320715164998546,174120.316098062,639,1.3482486979166666,12.0,2.0,44.0,0
21.352680501004215,174120.348063398,640,1.3459049479166667,10.0,2.0,44.0,0
21.384662572003435,174120.380045469,641,1.3482063802083333,10.0,2.0,44.0,0
21.420694642991293,174120.41607754,642,1.345439453125,15.0,2.0,44.0,0
21.452747609990183,174120.448130507,643,1.342763671875,8.0,2.0,44.0,0
21.488690844998928,174120.484073742,644,1.33810546875,9.0,2.0,44.0,0
21.52072960798978,174120.516112505,645,1.3447005208333334,6.0,2.0,44.0,0
21.552781094011152,174120.548163991,646,1.3508333333333333,14.0,2.0,44.0,0
21.588739544007694,174120.584122441,647,1.3424088541666668,7.0,2.0,44.0,0
21.620745525986422,174120.616128423,648,1.3360286458333333,8.0,2.0,44.0,0
21.65270687401062,174120.648089771,649,1.350908203125,8.0,2.0,44.0,0
21.688753377995454,174120.684136275,650,1.35095703125,11.0,2.0,44.0,0
21.720719353994355,174120.716102251,651,1.34111328125,10.0,2.0,44.0,0
21.752686283987714,174120.748069181,652,1.3412337239583334,13.0,2.0,44.0,0
21.788711083005182,174120.78409398,653,1.3486002604166667,10.0,2.0,44.0,0
21.820676359988283,174120.816059257,654,1.3378125,12.0,2.0,44.0,0
21.856719475996215,174120.852102373,655,1.348916015625,8.0,2.0,44.0,0
21.888724610005738,174120.884107507,656,1.3410872395833333,10.0,2.0,44.0,0
21.92068772300263,174120.91607062,657,1.346103515625,9.0,2.0,44.0,0
21.956755869992776,174120.952138767,658,1.3453125,18.0,2.0,44.0,0
21.98874525699648,174120.984128154,659,1.3431770833333334,8.0,2.0,44.0,0
22.02091666898923,174121.016299566,660,1.3464583333333333,9.0,2.0,44.0,0
22.056851036002627,174121.052233933,661,1.3431315104166666,8.0,2.0,44.0,0
22.088772277988028,174121.084155175,662,1.343896484375,6.0,2.0,44.0,0
22.124679904984077,174121.120062802,663,1.346123046875,10.0,2.0,44.0,0
22.156724775006296,174121.152107672,664,1.3470084635416666,9.0,2.0,44.0,0
22.188653196993982,174121.184036094,665,1.3416959635416668,11.0,2.0,44.0,0
22.22493920000852,174121.220322097,666,1.34658203125,11.0,2.0,44.0,0
22.256761653989088,174121.252144551,667,1.3470572916666668,11.0,2.0,44.0,0
22.288709493994247,174121.284092391,668,1.3474283854166667,9.0,2.0,44.0,0
22.324778671987588,174121.320161569,669,1.3497298177083332,9.0,2.0,44.0,0
22.356735373003175,174121.35211827,670,1.3463997395833334,10.0,2.0,44.0,0
22.38867890299298,174121.3840618,671,1.34626953125,12.0,2.0,44.0,0
22.424722767987987,174121.420105665,672,1.3493294270833334,10.0,2.0,44.0,0
22.456704998010537,174121.452087895,673,1.3392936197916667,9.0,2.0,44.0,0
22.492696008004714,174121.488078905,674,1.3455729166666666,9.0,2.0,44.0,0
22.52476331399521,174121.520146211,675,1.3477897135416668,9.0,2.0,44.0,0
22.556711721990723,174121.552094619,676,1.3433626302083332,7.0,2.0,44.0,0
22.59274478899897,174121.588127686,677,1.3494401041666666,7.0,2.0,44.0,0
22.624743344989838,174121.620126242,678,1.347734375,8.0,2.0,44.0,0
22.656725879991427,174121.652108777,679,1.351630859375,8.0,2.0,44.0,0
22.69277792799403,174121.688160825,680,1.340302734375,14.0,2.0,44.0,0
22.724700899008894,174121.720083796,681,1.3453841145833334,10.0,2.0,44.0,0
22.760781508986838,174121.756164406,682,1.34146484375,9.0,2.0,44.0,0
22.79266059398651,174121.788043491,683,1.3454524739583333,9.0,2.0,44.0,0
22.824713743990287,174121.820096641,684,1.3436100260416666,7.0,2.0,44.0,0
22.860732511006063,174121.856115408,685,1.346962890625,10.0,2.0,44.0,0
22.89273944500019,174121.888122342,686,1.3435026041666667,8.0,2.0,44.0,0
22.924675129004754,174121.920058026,687,1.34693359375,8.0,2.0,44.0,0
22.96074195599067,174121.956124853,688,1.337939453125,8.0,2.0,44.0,0
22.992749049997656,174121.988131947,689,1.3428190104166666,14.0,2.0,44.0,0
23.024719587992877,174122.020102485,690,1.3508333333333333,13.0,2.0,44.0,0
23.060966866003582,174122.056349763,691,1.3389388020833333,8.0,2.0,44.0,0
23.09276258898899,174122.088145486,692,1.3471223958333334,10.0,2.0,44.0,0
23.1287983150105,174122.124181212,693,1.3362467447916666,10.0,2.0,44.0,0
23.16081950601074,174122.156202403,694,1.3485611979166667,8.0,2.0,44.0,0
23.192748189001577,174122.188131086,695,1.3547591145833333,8.0,2.0,44.0,0
23.22882607500651,174122.224208972,696,1.3394856770833334,9.0,2.0,44.0,0
23.260767127008876,174122.256150024,697,1.354990234375,11.0,2.0,44.0,0
23.292777069000294,174122.288159966,698,1.3453873697916667,6.0,2.0,44.0,0
23.328870325989556,174122.324253223,699,1.339619140625,10.0,2.0,44.0,0
23.36080549599137,174122.356188393,700,1.3400553385416667,9.0,2.0,44.0,0
23.396784131997265,174122.392167029,701,1.3433951822916668,12.0,2.0,44.0,0
23.428790962003404,174122.424173859,702,1.3371809895833333,9.0,2.0,44.0,0
23.460761888010893,174122.456144785,703,1.3413118489583333,10.0,2.0,44.0,0
23.49678804699215,174122.492170944,704,1.3438216145833333,17.0,2.0,44.0,0
23.528787771007046,174122.524170668,705,1.3487141927083333,13.0,2.0,44.0,0
23.560801288986113,174122.556184186,706,1.3473697916666667,14.0,2.0,44.0,0
23.596751748991664,174122.592134646,707,1.3432942708333333,8.0,2.0,44.0,0
23.628749375988264,174122.624132273,708,1.3424772135416667,11.0,2.0,44.0,0
23.660751782008447,174122.656134679,709,1.3438411458333333,14.0,2.0,44.0,0
23.69676668700413,174122.692149584,710,1.341220703125,8.0,2.0,44.0,0
23.728767307009548,174122.724150204,711,1.3373177083333334,5.0,2.0,44.0,0
23.764789003005717,174122.7601719,712,1.3442740885416666,12.0,2.0,44.0,0
23.796816087007755,174122.792198984,713,1.343447265625,12.0,2.0,44.0,0
23.828747069987003,174122.824129967,714,1.347060546875,17.0,2.0,44.0,0
23.8647820460028,174122.860164943,715,1.3475162760416666,8.0,2.0,44.0,0
23.89680935200886,174122.892192249,716,1.3459016927083334,8.0,2.0,44.0,0
23.928759130008984,174122.924142027,717,1.3397721354166667,5.0,2.0,44.0,0
23.964810192002915,174122.960193089,718,1.3456803385416667,15.0,2.0,44.0,0
23.996782353991875,174122.992165251,719,1.3487239583333333,9.0,2.0,44.0,0
24.03282219398534,174123.028205091,720,1.3445540364583333,9.0,2.0,44.0,0
24.064917618001346,174123.060300515,721,1.347744140625,12.0,2.0,44.0,0
24.096854023984633,174123.092236921,722,1.34525390625,12.0,2.0,44.0,0
24.13278196498868,174123.128164862,723,1.3478743489583334,12.0,2.0,44.0,0
24.164857228985056,174123.160240126,724,1.344267578125,10.0,2.0,44.0,0
24.196753336000256,174123.192136233,725,1.3465657552083334,8.0,2.0,44.0,0
24.232818546006456,174123.228201443,726,1.3465299479166666,10.0,2.0,44.0,0
24.264852243999485,174123.260235141,727,1.3497819010416667,8.0,2.0,44.0,0
24.296803153993096,174123.292186051,728,1.337001953125,15.0,2.0,44.0,0
24.332800080010202,174123.328182977,729,1.35015625,13.0,2.0,44.0,0
24.364767607999966,174123.360150505,730,1.3460286458333333,8.0,2.0,44.0,0
24.40078516199719,174123.396168059,731,1.339794921875,16.0,2.0,44.0,0
24.4327722020098,174123.428155099,732,1.349375,11.0,2.0,44.0,0
24.464750949991867,174123.460133847,733,1.3457161458333333,8.0,2.0,44.0,0
24.500829144992167,174123.496212042,734,1.3451595052083334,8.0,2.0,44.0,0
24.532794270984596,174123.528177168,735,1.3420377604166667,11.0,2.0,44.0,0
24.56477687601,174123.560159773,736,1.3448404947916666,6.0,2.0,44.0,0
24.600794280006085,174123.596177177,737,1.3534016927083334,12.0,2.0,44.0,0
24.63282169899321,174123.628204596,738,1.3348372395833332,10.0,2.0,44.0,0
24.668805511988467,174123.664188409,739,1.3455338541666666,7.0,2.0,44.0,0
24.700729423988378,174123.696112321,740,1.3396126302083333,6.0,2.0,44.0,0
24.732715080986964,174123.728097978,741,1.3394010416666666,12.0,2.0,44.0,0
24.76876943098614,174123.764152328,742,1.34896484375,12.0,2.0,44.0,0
24.8008134039992,174123.796196301,743,1.336044921875,10.0,2.0,44.0,0
24.832754593982827,174123.828137491,744,1.3385026041666668,8.0,2.0,44.0,0
24.868836090987315,174123.864218988,745,1.34455078125,9.0,2.0,44.0,0
24.90082704499946,174123.896209942,746,1.3441666666666667,12.0,2.0,44.0,0
24.932771888998104,174123.928154786,747,1.3417610677083334,8.0,2.0,44.0,0
24.96880397599307,174123.964186873,748,1.3431966145833334,13.0,2.0,44.0,0
25.000760892988183,174123.99614379,749,1.3469108072916667,15.0,2.0,44.0,0
25.036921468010405,174124.032304365,750,1.3430631510416666,9.0,2.0,44.0,0
25.068937731994083,174124.064320629,751,1.3472330729166666,10.0,2.0,44.0,0
25.10079684399534,174124.096179741,752,1.34484375,10.0,2.0,44.0,0
25.136741988011636,174124.132124885,753,1.34763671875,9.0,2.0,44.0,0
25.16881906200433,174124.164201959,754,1.3431705729166667,10.0,2.0,44.0,0
25.20079261501087,174124.196175512,755,1.335439453125,13.0,2.0,44.0,0
25.236792765994323,174124.232175663,756,1.34970703125,10.0,2.0,44.0,0
25.268849165004212,174124.264232062,757,1.3459375,8.0,2.0,44.0,0
25.30477921300917,174124.30016211,758,1.3415169270833334,7.0,2.0,44.0,0
25.33677170801093,174124.332154605,759,1.34705078125,6.0,2.0,44.0,0
25.368745607003802,174124.364128504,760,1.3464518229166667,12.0,2.0,44.0,0
25.404803078999976,174124.400185976,761,1.343720703125,15.0,2.0,44.0,0
25.43679188398528,174124.432174781,762,1.3369563802083333,8.0,2.0,44.0,0
25.468787454999983,174124.464170352,763,1.3475846354166667,8.0,2.0,44.0,0
25.50479164198623,174124.500174539,764,1.3537565104166667,8.0,2.0,44.0,0
25.536791755002923,174124.532174652,765,1.3404134114583333,11.0,2.0,44.0,0
25.568780867994064,174124.564163765,766,1.341728515625,9.0,2.0,44.0,0
25.60474716598401,174124.600130063,767,1.3423665364583333,15.0,2.0,44.0,0
25.63676237099571,174124.632145268,768,1.3433528645833333,7.0,2.0,44.0,0
25.672792744997423,174124.668175642,769,1.337490234375,11.0,2.0,44.0,0
25.7047791829973,174124.70016208,770,1.3498209635416667,12.0,2.0,44.0,0
25.736760889994912,174124.732143787,771,1.3554427083333334,14.0,2.0,44.0,0
25.772776316996897,174124.768159214,772,1.3389095052083333,10.0,2.0,44.0,0
25.804800698009785,174124.800183595,773,1.3402897135416667,8.0,2.0,44.0,0
25.836794689996168,174124.832177587,774,1.3378515625,18.0,2.0,44.0,0
25.872843162011122,174124.868226059,775,1.3464811197916666,10.0,2.0,44.0,0
25.90482987399446,174124.900212771,776,1.3392122395833332,7.0,2.0,44.0,0
25.94081287298468,174124.93619577,777,1.3489583333333333,11.0,2.0,44.0,0
25.972842251008842,174124.968225148,778,1.342666015625,9.0,2.0,44.0,0
26.0047082430101,174125.00009114,779,1.3449641927083333,13.0,2.0,44.0,0
26.040896357008023,174125.036279254,780,1.3459342447916667,12.0,2.0,44.0,0
26.07286694299546,174125.06824984,781,1.34544921875,14.0,2.0,44.0,0
26.104780561989173,174125.100163459,782,1.339345703125,8.0,2.0,44.0,0
26.14078858800349,174125.136171485,783,1.3473502604166667,11.0,2.0,44.0,0
26.17274396700668,174125.168126864,784,1.3439583333333334,8.0,2.0,44.0,0
26.20479500599322,174125.200177903,785,1.344384765625,7.0,2.0,44.0,0
26.240897815005155,174125.236280712,786,1.3523111979166667,9.0,2.0,44.0,0
26.27293971501058,174125.268322612,787,1.3449609375,6.0,2.0,44.0,0
26.30882741100504,174125.304210308,788,1.34595703125,8.0,2.0,44.0,0
26.340799096011324,174125.336181993,789,1.337734375,10.0,2.0,44.0,0
26.372789907007245,174125.368172804,790,1.3435904947916666,10.0,2.0,44.0,0
26.408813761983765,174125.404196659,791,1.3484440104166666,11.0,2.0,44.0,0
26.44079238100676,174125.436175278,792,1.35158203125,9.0,2.0,44.0,0
26.47281864300021,174125.46820154,793,1.343916015625,7.0,2.0,44.0,0
26.508803359989543,174125.504186257,794,1.3466341145833334,8.0,2.0,44.0,0
26.540824508992955,174125.536207406,795,1.3371028645833334,10.0,2.0,44.0,0
26.576810870988993,174125.572193768,796,1.340283203125,8.0,2.0,44.0,0
26.60877253700164,174125.604155434,797,1.3484407552083333,8.0,2.0,44.0,0
26.640774864994455,174125.636157762,798,1.3434765625,15.0,2.0,44.0,0
26.67686708099791,174125.672249978,799,1.348203125,12.0,2.0,44.0,0
26.708831336989533,174125.704214234,800,1.3459212239583334,13.0,2.0,44.0,0
26.740761438006302,174125.736144335,801,1.3460546875,11.0,2.0,44.0,0
26.776854430005187,174125.772237327,802,1.34341796875,8.0,2.0,44.0,0
26.80883391399402,174125.804216811,803,1.341728515625,10.0,2.0,44.0,0
26.840773864998482,174125.836156762,804,1.3389778645833332,12.0,2.0,44.0,0
26.876827737985877,174125.872210635,805,1.3400260416666667,8.0,2.0,44.0,0
26.90880649499013,174125.904189392,806,1.3456477864583334,15.0,2.0,44.0,0
26.944857820984907,174125.940240718,807,1.341748046875,13.0,2.0,44.0,0
26.97677601900068,174125.972158916,808,1.337138671875,5.0,2.0,44.0,0
27.00889807700878,174126.004280974,809,1.344931640625,8.0,2.0,44.0,0
27.045022436010186,174126.040405333,810,1.350224609375,12.0,2.0,44.0,0
27.076995909010293,174126.072378806,811,1.3418229166666666,6.0,2.0,44.0,0
27.108770994003862,174126.104153891,812,1.34921875,12.0,2.0,44.0,0
27.144798321998678,174126.140181219,813,1.3433463541666666,10.0,2.0,44.0,0
27.17683733999729,174126.172220237,814,1.3434700520833334,10.0,2.0,44.0,0
27.2128180990112,174126.208200996,815,1.342138671875,13.0,2.0,44.0,0
27.244851356983418,174126.240234254,816,1.3510677083333333,9.0,2.0,44.0,0
27.27679867099505,174126.272181568,817,1.3347623697916666,9.0,2.0,44.0,0
27.31301251699915,174126.308395414,818,1.3436490885416668,10.0,2.0,44.0,0
27.344827305991203,174126.340210203,819,1.33630859375,10.0,2.0,44.0,0
27.376803799998015,174126.372186697,820,1.349716796875,12.0,2.0,44.0,0
27.41283722699154,174126.408220124,821,1.340986328125,9.0,2.0,44.0,0
27.444829079991905,174126.440211977,822,1.3415559895833333,12.0,2.0,44.0,0
27.47679263399914,174126.472175531,823,1.3403059895833334,8.0,2.0,44.0,0
27.51282976998482,174126.508212667,824,1.339599609375,12.0,2.0,44.0,0
27.544740409008227,174126.540123306,825,1.3472526041666666,10.0,2.0,44.0,0
27.580830191989662,174126.576213089,826,1.3451139322916668,6.0,2.0,44.0,0
27.612838854984147,174126.608221752,827,1.3436848958333334,12.0,2.0,44.0,0
27.644740518997423,174126.640123416,828,1.3391861979166666,13.0,2.0,44.0,0
27.680806112010032,174126.676189009,829,1.3439615885416667,10.0,2.0,44.0,0
27.712786227988545,174126.708169125,830,1.3416861979166668,7.0,2.0,44.0,0
27.744739193003625,174126.74012209,831,1.3423990885416666,9.0,2.0,44.0,0
27.78082570899278,174126.776208606,832,1.3469303385416667,8.0,2.0,44.0,0
27.812807223992422,174126.808190121,833,1.347900390625,12.0,2.0,44.0,0
27.848832310992293,174126.844215208,834,1.3368489583333334,9.0,2.0,44.0,0
27.880786214984255,174126.876169112,835,1.341396484375,13.0,2.0,44.0,0
27.912739727005828,174126.908122624,836,1.33951171875,10.0,2.0,44.0,0
27.948750620009378,174126.944133517,837,1.3398274739583333,10.0,2.0,44.0,0
27.98079066799255,174126.976173565,838,1.34384765625,10.0,2.0,44.0,0
28.01276490598684,174127.008147803,839,1.34599609375,15.0,2.0,44.0,0
28.048883568000747,174127.044266465,840,1.34205078125,12.0,2.0,44.0,0
28.080817184003536,174127.076200081,841,1.3402213541666668,10.0,2.0,44.0,0
28.11294121699757,174127.108324114,842,1.341279296875,8.0,2.0,44.0,0
28.14883938198909,174127.144222279,843,1.3364485677083333,9.0,2.0,44.0,0
28.18076650900184,174127.176149406,844,1.3470247395833332,10.0,2.0,44.0,0
28.216811274993233,174127.212194172,845,1.344609375,12.0,2.0,44.0,0
28.248826975002885,174127.244209872,846,1.3449934895833333,8.0,2.0,44.0,0
28.28076187800616,174127.276144775,847,1.338720703125,16.0,2.0,44.0,0
28.316801699984353,174127.312184597,848,1.347001953125,9.0,2.0,44.0,0
28.3487948619877,174127.344177759,849,1.341904296875,10.0,2.0,44.0,0
28.3807682619954,174127.376151159,850,1.351162109375,10.0,2.0,44.0,0
28.416855173010845,174127.41223807,851,1.344482421875,10.0,2.0,44.0,0
28.448813822004013,174127.444196719,852,1.3500716145833334,8.0,2.0,44.0,0
28.48481185300625,174127.48019475,853,1.3489876302083332,8.0,2.0,44.0,0
28.51684043800924,174127.512223335,854,1.3461393229166667,13.0,2.0,44.0,0
28.548810576001415,174127.544193473,855,1.3376920572916666,14.0,2.0,44.0,0
28.584757718985202,174127.580140616,856,1.3459700520833333,9.0,2.0,44.0,0
28.616842538001947,174127.612225435,857,1.345576171875,9.0,2.0,44.0,0
28.64881730498746,174127.644200202,858,1.3450423177083333,7.0,2.0,44.0,0
28.684813430998474,174127.680196328,859,1.3364192708333333,8.0,2.0,44.0,0
28.716847725008847,174127.712230622,860,1.3493619791666667,9.0,2.0,44.0,0
28.74879689599038,174127.744179793,861,1.34548828125,6.0,2.0,44.0,0
28.78482774598524,174127.780210643,862,1.336171875,9.0,2.0,44.0,0
28.816791796009056,174127.812174693,863,1.3489908854166666,9.0,2.0,44.0,0
28.85281649598619,174127.848199393,864,1.344130859375,9.0,2.0,44.0,0
28.88481335900724,174127.880196256,865,1.3439811197916667,13.0,2.0,44.0,0
28.916784750006627,174127.912167647,866,1.345634765625,7.0,2.0,44.0,0
28.952816486998927,174127.948199384,867,1.3402897135416667,10.0,2.0,44.0,0
28.984789445996284,174127.980172343,868,1.3474479166666666,9.0,2.0,44.0,0
29.016770644986536,174128.012153542,869,1.3431901041666667,9.0,2.0,44.0,0
29.05284147700877,174128.048224374,870,1.34220703125,10.0,2.0,44.0,0
29.084907320007915,174128.080290217,871,1.3481380208333333,9.0,2.0,44.0,0
29.120810127002187,174128.116193024,872,1.34474609375,8.0,2.0,44.0,0
29.152843493997352,174128.148226391,873,1.3493424479166667,8.0,2.0,44.0,0
29.184905684000114,174128.180288581,874,1.340546875,9.0,2.0,44.0,0
29.22082450898597,174128.216207406,875,1.3404329427083332,10.0,2.0,44.0,0
29.252903029002482,174128.248285926,876,1.3369954427083333,12.0,2.0,44.0,0
29.284804314986104,174128.280187212,877,1.3370540364583334,8.0,2.0,44.0,0
29.320810690987855,174128.316193588,878,1.3461067708333334,8.0,2.0,44.0,0
29.352832737989957,174128.348215635,879,1.3435970052083333,8.0,2.0,44.0,0
29.384766067989403,174128.380148965,880,1.34392578125,8.0,2.0,44.0,0
29.420805259986082,174128.416188157,881,1.3469563802083333,10.0,2.0,44.0,0
29.45280308899237,174128.448185986,882,1.3509244791666666,13.0,2.0,44.0,0
29.488843350001844,174128.484226247,883,1.3466276041666667,10.0,2.0,44.0,0
29.52081768598873,174128.516200583,884,1.3476302083333334,9.0,2.0,44.0,0
29.552885629003868,174128.548268526,885,1.34537109375,10.0,2.0,44.0,0
29.58879313399666,174128.584176031,886,1.3369010416666667,10.0,2.0,44.0,0
29.620792289992096,174128.616175187,887,1.341201171875,7.0,2.0,44.0,0
29.65283704700414,174128.648219944,888,1.3406087239583333,9.0,2.0,44.0,0
29.688880034984322,174128.684262932,889,1.3505013020833334,12.0,2.0,44.0,0
29.72086409199983,174128.716246989,890,1.3495572916666667,11.0,2.0,44.0,0
29.75689737999346,174128.752280277,891,1.344951171875,10.0,2.0,44.0,0
29.788841400993988,174128.784224298,892,1.346494140625,8.0,2.0,44.0,0
29.820770218007965,174128.816153115,893,1.3518391927083333,6.0,2.0,44.0,0
29.85684291299549,174128.85222581,894,1.3412174479166667,13.0,2.0,44.0,0
29.88881908499752,174128.884201982,895,1.34455078125,11.0,2.0,44.0,0
29.92078950398718,174128.916172401,896,1.346240234375,9.0,2.0,44.0,0
29.956812768999953,174128.952195666,897,1.3460677083333332,10.0,2.0,44.0,0
29.988864682003623,174128.984247579,898,1.347939453125,9.0,2.0,44.0,0
30.02079955599038,174129.016182453,899,1.3515201822916667,8.0,2.0,44.0,0
30.05695382799604,174129.052336725,900,1.344609375,9.0,2.0,44.0,0
30.08881653699791,174129.084199434,901,1.3356803385416667,10.0,2.0,44.0,0
30.12482266398729,174129.120205561,902,1.3430045572916667,12.0,2.0,44.0,0
30.156858405011008,174129.152241302,903,1.3469921875,9.0,2.0,44.0,0
30.18879044399364,174129.184173341,904,1.3555859375,6.0,2.0,44.0,0
30.224846169003285,174129.220229066,905,1.3340104166666666,8.0,2.0,44.0,0
30.25699671698385,174129.252379614,906,1.343720703125,10.0,2.0,44.0,0
30.288843401998747,174129.284226299,907,1.3378678385416667,8.0,2.0,44.0,0
30.324856202001683,174129.320239099,908,1.3453873697916667,8.0,2.0,44.0,0
30.356857150996802,174129.352240048,909,1.3434375,8.0,2.0,44.0,0
30.392920448008226,174129.388303345,910,1.3360319010416666,12.0,2.0,44.0,0
30.424758526991354,174129.420141424,911,1.3367350260416666,12.0,2.0,44.0,0
30.45689847000176,174129.452281367,912,1.3382389322916666,8.0,2.0,44.0,0
30.49286789598409,174129.488250793,913,1.3474739583333333,10.0,2.0,44.0,0
30.524984535994008,174129.520367433,914,1.3433170572916666,12.0,2.0,44.0,0
30.55685107500176,174129.552233972,915,1.3384505208333333,7.0,2.0,44.0,0
30.592826156993397,174129.588209054,916,1.3461881510416667,8.0,2.0,44.0,0
30.62486913698376,174129.620252034,917,1.3377864583333334,9.0,2.0,44.0,0
30.656815074995393,174129.652197972,918,1.343095703125,10.0,2.0,44.0,0
30.692840217991034,174129.688223115,919,1.3434049479166668,10.0,2.0,44.0,0
30.724795724992873,174129.720178622,920,1.3422135416666667,8.0,2.0,44.0,0
30.760895018000156,174129.756277915,921,1.3507649739583334,12.0,2.0,44.0,0
30.792825932992855,174129.78820883,922,1.3354947916666666,10.0,2.0,44.0,0
30.8248238049855,174129.820206702,923,1.3428580729166666,10.0,2.0,44.0,0
30.860810084996046,174129.856192982,924,1.3405891927083333,13.0,2.0,44.0,0
30.892909811984282,174129.888292709,925,1.3480826822916667,11.0,2.0,44.0,0
30.924795527011156,174129.920178424,926,1.3498470052083333,13.0,2.0,44.0,0
30.960846253990894,174129.956229151,927,1.3371126302083334,12.0,2.0,44.0,0
30.992887747008353,174129.988270644,928,1.345810546875,10.0,2.0,44.0,0
31.029016988992225,174130.024399886,929,1.3350325520833333,11.0,2.0,44.0,0
31.060997477005003,174130.056380374,930,1.33654296875,15.0,2.0,44.0,0
31.092943397001363,174130.088326294,931,1.3341666666666667,6.0,2.0,44.0,0
31.1288152129855,174130.12419811,932,1.341904296875,10.0,2.0,44.0,0
31.16079944500234,174130.156182342,933,1.33525390625,12.0,2.0,44.0,0
31.192880179994972,174130.188263077,934,1.3426139322916666,10.0,2.0,44.0,0
31.228837912000017,174130.224220809,935,1.3341341145833334,7.0,2.0,44.0,0
31.260968980001053,174130.256351877,936,1.3431315104166666,12.0,2.0,44.0,0
31.292881736007985,174130.288264633,937,1.339296875,10.0,2.0,44.0,0
31.328839007997885,174130.324221905,938,1.3479264322916666,9.0,2.0,44.0,0
31.36083952599438,174130.356222423,939,1.3476725260416667,10.0,2.0,44.0,0
31.396878144994844,174130.392261042,940,1.3381966145833333,10.0,2.0,44.0,0
31.428851062984904,174130.42423396,941,1.3400162760416667,8.0,2.0,44.0,0
31.460787624004297,174130.456170521,942,1.34642578125,11.0,2.0,44.0,0
31.49680997300311,174130.49219287,943,1.3450455729166666,11.0,2.0,44.0,0
31.528805999987526,174130.524188897,944,1.3418717447916666,5.0,2.0,44.0,0
31.560789909010055,174130.556172806,945,1.3429654947916667,7.0,2.0,44.0,0
31.596868410008028,174130.592251307,946,1.3516015625,7.0,2.0,44.0,0
31.628835549985524,174130.624218447,947,1.3411295572916666,7.0,2.0,44.0,0
31.664853004011093,174130.660235901,948,1.3354134114583334,15.0,2.0,44.0,0
31.696826984989457,174130.692209882,949,1.3395670572916667,8.0,2.0,44.0,0
31.728801602992462,174130.7241845,950,1.3342154947916667,12.0,2.0,44.0,0
31.764857303991448,174130.760240201,951,1.3456510416666667,9.0,2.0,44.0,0
31.796854979998898,174130.792237877,952,1.346083984375,10.0,2.0,44.0,0
31.828793077002047,174130.824175974,953,1.3395442708333334,9.0,2.0,44.0,0
31.864851510996232,174130.860234408,954,1.3382975260416667,8.0,2.0,44.0,0
31.896820269001182,174130.892203166,955,1.3443001302083333,8.0,2.0,44.0,0
31.928771293984028,174130.924154191,956,1.3382649739583334,8.0,2.0,44.0,0
31.9648398149875,174130.960222712,957,1.34630859375,10.0,2.0,44.0,0
31.996772407001117,174130.992155304,958,1.3413313802083333,12.0,2.0,44.0,0
32.032847638998646,174131.028230536,959,1.3427180989583334,9.0,2.0,44.0,0
32.06487850198755,174131.060261399,960,1.349423828125,8.0,2.0,44.0,0
32.096832629991695,174131.092215527,961,1.34140625,12.0,2.0,44.0,0
32.13285065299715,174131.12823355,962,1.337021484375,11.0,2.0,44.0,0
32.1648637939943,174131.160246691,963,1.34060546875,6.0,2.0,44.0,0
32.19679509298294,174131.19217799,964,1.3430143229166667,8.0,2.0,44.0,0
32.23288264000439,174131.228265537,965,1.3310611979166667,18.0,2.0,44.0,0
32.26498415399692,174131.260367051,966,1.346318359375,11.0,2.0,44.0,0
32.300859488983406,174131.296242386,967,1.34076171875,9.0,2.0,44.0,0
32.33282679101103,174131.328209688,968,1.3414029947916666,9.0,2.0,44.0,0
32.36479821699322,174131.360181114,969,1.3419010416666666,6.0,2.0,44.0,0
32.40084125098656,174131.396224148,970,1.3379134114583333,8.0,2.0,44.0,0
32.4328320529894,174131.42821495,971,1.3487955729166667,13.0,2.0,44.0,0
32.464828303985996,174131.460211201,972,1.345654296875,14.0,2.0,44.0,0
32.500883372995304,174131.49626627,973,1.3478938802083333,12.0,2.0,44.0,0
32.53283158398699,174131.528214481,974,1.348037109375,8.0,2.0,44.0,0
32.564844157983316,174131.560227055,975,1.3419108072916666,11.0,2.0,44.0,0
32.60087039798964,174131.596253295,976,1.3438541666666666,12.0,2.0,44.0,0
32.632788914983394,174131.628171812,977,1.33951171875,11.0,2.0,44.0,0
32.66882232599892,174131.664205223,978,1.33767578125,11.0,2.0,44.0,0
32.700928982987534,174131.69631188,979,1.3444986979166667,10.0,2.0,44.0,0
32.732853725989116,174131.728236623,980,1.3428352864583333,9.0,2.0,44.0,0
32.7688166690059,174131.764199566,981,1.3409635416666668,9.0,2.0,44.0,0
32.80088503099978,174131.796267928,982,1.3406608072916666,13.0,2.0,44.0,0
32.83281743200496,174131.828200329,983,1.3525,10.0,2.0,44.0,0
32.868892247002805,174131.864275144,984,1.3457942708333333,9.0,2.0,44.0,0
32.90095990800182,174131.896342805,985,1.33853515625,5.0,2.0,44.0,0
32.93683276401134,174131.932215661,986,1.3391438802083333,5.0,2.0,44.0,0
32.96883840998635,174131.964221307,987,1.337998046875,6.0,2.0,44.0,0
33.00080144498497,174131.996184342,988,1.3460384114583333,9.0,2.0,44.0,0
33.036985188984545,174132.032368086,989,1.347138671875,12.0,2.0,44.0,0
33.06886370899156,174132.064246606,990,1.34033203125,8.0,2.0,44.0,0
33.10090411998681,174132.096287017,991,1.3395540364583334,11.0,2.0,44.0,0
33.13688387599541,174132.132266773,992,1.3366959635416666,6.0,2.0,44.0,0
33.1688325490104,174132.164215446,993,1.3451595052083334,9.0,2.0,44.0,0
33.200842313992325,174132.196225211,994,1.3452571614583333,12.0,2.0,44.0,0
33.236820941005135,174132.232203838,995,1.3387532552083334,8.0,2.0,44.0,0
33.26885923798545,174132.264242135,996,1.3427408854166667,5.0,2.0,44.0,0
33.30483400300727,174132.3002169,997,1.3341341145833334,8.0,2.0,44.0,0
33.336842596996576,174132.332225494,998,1.341533203125,8.0,2.0,44.0,0
33.36881683199317,174132.364199729,999,1.3351790364583334,8.0,2.0,44.0,0
33.404857972986065,174132.40024087,1000,1.33052734375,7.0,2.0,44.0,0
33.43682571299723,174132.43220861,1001,1.3406608072916666,11.0,2.0,44.0,0
33.46882766499766,174132.464210562,1002,1.3455924479166668,12.0,2.0,44.0,0
33.504824025993,174132.500206923,1003,1.3412337239583334,8.0,2.0,44.0,0
33.53685405300348,174132.53223695,1004,1.3462727864583333,14.0,2.0,44.0,0
33.57283387798816,174132.568216775,1005,1.3405436197916667,9.0,2.0,44.0,0
33.60493836499518,174132.600321262,1006,1.3379850260416666,15.0,2.0,44.0,0
33.6368403499946,174132.632223247,1007,1.3406119791666666,15.0,2.0,44.0,0
33.67287294700509,174132.668255844,1008,1.3399348958333333,10.0,2.0,44.0,0
33.70486142800655,174132.700244325,1009,1.3456087239583334,17.0,2.0,44.0,0
33.736806383996736,174132.732189281,1010,1.34126953125,14.0,2.0,44.0,0
33.77285919498536,174132.768242092,1011,1.3473079427083334,16.0,2.0,44.0,0
33.804839038988575,174132.800221936,1012,1.3406575520833333,9.0,2.0,44.0,0
33.83677725799498,174132.832160155,1013,1.3441471354166667,9.0,2.0,44.0,0
33.8728185769869,174132.868201474,1014,1.3413216145833333,12.0,2.0,44.0,0
33.90483854798367,174132.900221445,1015,1.3393033854166667,9.0,2.0,44.0,0
33.94084536199807,174132.936228259,1016,1.3408723958333333,10.0,2.0,44.0,0
33.97284870600561,174132.968231603,1017,1.3477701822916666,10.0,2.0,44.0,0
34.00485182998818,174133.000234727,1018,1.3350260416666666,12.0,2.0,44.0,0
34.04089510400081,174133.036278001,1019,1.3375,10.0,2.0,44.0,0
34.07315448898589,174133.068537386,1020,1.3424772135416667,10.0,2.0,44.0,0
34.10482900700299,174133.100211904,1021,1.338857421875,7.0,2.0,44.0,0
34.14082174698706,174133.136204644,1022,1.3453157552083332,7.0,2.0,44.0,0
34.17287925898563,174133.168262156,1023,1.3421809895833334,10.0,2.0,44.0,0
34.20880840299651,174133.2041913,1024,1.341103515625,9.0,2.0,44.0,0
34.24090328000602,174133.236286177,1025,1.3455013020833333,13.0,2.0,44.0,0
34.272894706984516,174133.268277604,1026,1.3420963541666666,8.0,2.0,44.0,0
34.30886416399153,174133.304247061,1027,1.3444010416666667,10.0,2.0,44.0,0
34.34087821500725,174133.336261112,1028,1.338017578125,10.0,2.0,44.0,0
34.3728317960049,174133.368214693,1029,1.3350423177083333,10.0,2.0,44.0,0
34.40884118998656,174133.404224087,1030,1.3459700520833333,5.0,2.0,44.0,0
34.440901280002436,174133.436284177,1031,1.3393196614583334,7.0,2.0,44.0,0
34.47282028000336,174133.468203177,1032,1.3447493489583333,6.0,2.0,44.0,0
34.508859655994456,174133.504242553,1033,1.3372981770833334,8.0,2.0,44.0,0
34.540786416997435,174133.536169314,1034,1.3405110677083334,12.0,2.0,44.0,0
34.57685479300562,174133.57223769,1035,1.3395084635416667,12.0,2.0,44.0,0
34.608900169987464,174133.604283067,1036,1.343720703125,8.0,2.0,44.0,0
34.64084285599529,174133.636225753,1037,1.3427669270833333,8.0,2.0,44.0,0
34.67684062500484,174133.672223522,1038,1.337470703125,7.0,2.0,44.0,0
34.708840019011404,174133.704222916,1039,1.3398177083333334,8.0,2.0,44.0,0
34.74078341998393,174133.736166317,1040,1.3470572916666668,9.0,2.0,44.0,0
34.7768974500068,174133.772280347,1041,1.34392578125,9.0,2.0,44.0,0
34.80884805700043,174133.804230954,1042,1.33861328125,11.0,2.0,44.0,0
34.844832909002434,174133.840215806,1043,1.3482747395833334,6.0,2.0,44.0,0
34.87683392298641,174133.87221682,1044,1.3482747395833334,8.0,2.0,44.0,0
34.90880997700151,174133.904192874,1045,1.3380078125,7.0,2.0,44.0,0
34.94480088099954,174133.940183778,1046,1.333056640625,14.0,2.0,44.0,0
34.976907103991834,174133.972290001,1047,1.3437076822916667,15.0,2.0,44.0,0
35.00883240898838,174134.004215306,1048,1.3434147135416667,7.0,2.0,44.0,0
35.04490676798741,174134.040289665,1049,1.3391569010416666,10.0,2.0,44.0,0
35.07697493699379,174134.072357834,1050,1.3371809895833333,13.0,2.0,44.0,0
35.10886350198416,174134.104246399,1051,1.3499934895833334,8.0,2.0,44.0,0
35.1448811859882,174134.140264083,1052,1.3417415364583334,13.0,2.0,44.0,0
35.17683043598663,174134.172213333,1053,1.3398079427083334,10.0,2.0,44.0,0
35.21291152498452,174134.208294422,1054,1.339033203125,7.0,2.0,44.0,0
35.24492882299819,174134.24031172,1055,1.3452180989583333,10.0,2.0,44.0,0
35.27683955599787,174134.272222453,1056,1.3471223958333334,15.0,2.0,44.0,0
35.31283808700391,174134.308220984,1057,1.3386100260416667,13.0,2.0,44.0,0
35.34483443200588,174134.340217329,1058,1.3384309895833333,12.0,2.0,44.0,0
35.37689062798745,174134.372273525,1059,1.34484375,9.0,2.0,44.0,0
35.41284854299738,174134.40823144,1060,1.3414192708333332,16.0,2.0,44.0,0
35.4448057890113,174134.440188686,1061,1.3444270833333334,9.0,2.0,44.0,0
35.48079862998566,174134.476181527,1062,1.3334635416666667,15.0,2.0,44.0,0
35.51289355198969,174134.508276449,1063,1.335029296875,11.0,2.0,44.0,0
35.54480712299119,174134.54019002,1064,1.3415885416666666,5.0,2.0,44.0,0
35.58080764400074,174134.576190541,1065,1.3441569010416667,9.0,2.0,44.0,0
35.61294481199002,174134.608327709,1066,1.343330078125,10.0,2.0,44.0,0
35.64483137699426,174134.640214274,1067,1.339130859375,10.0,2.0,44.0,0
35.68083545198897,174134.676218349,1068,1.3449609375,14.0,2.0,44.0,0
35.71293174798484,174134.708314645,1069,1.3435188802083333,9.0,2.0,44.0,0
35.74483439500909,174134.740217292,1070,1.3387141927083333,12.0,2.0,44.0,0
35.78085760198883,174134.776240499,1071,1.34431640625,15.0,2.0,44.0,0
35.812846221000655,174134.808229118,1072,1.3400032552083334,9.0,2.0,44.0,0
35.84885335198487,174134.844236249,1073,1.3390299479166667,6.0,2.0,44.0,0
35.880810322996695,174134.87619322,1074,1.3384244791666666,8.0,2.0,44.0,0
35.91285766699002,174134.908240564,1075,1.33734375,9.0,2.0,44.0,0
35.948844130005455,174134.944227027,1076,1.3412858072916667,13.0,2.0,44.0,0
35.9808392279956,174134.976222125,1077,1.334677734375,10.0,2.0,44.0,0
36.01278435799759,174135.008167255,1078,1.3410416666666667,12.0,2.0,44.0,0
36.04896334398654,174135.044346241,1079,1.333701171875,7.0,2.0,44.0,0
36.08083809399977,174135.076220991,1080,1.339736328125,12.0,2.0,44.0,0
36.11693262800691,174135.112315525,1081,1.33865234375,13.0,2.0,44.0,0
36.14890325599117,174135.144286153,1082,1.34169921875,10.0,2.0,44.0,0
36.180845389986644,174135.176228287,1083,1.3417805989583333,6.0,2.0,44.0,0
36.21689063400845,174135.212273531,1084,1.343056640625,13.0,2.0,44.0,0
36.2488917199953,174135.244274617,1085,1.3464615885416666,9.0,2.0,44.0,0
36.28082655699109,174135.276209454,1086,1.34080078125,10.0,2.0,44.0,0
36.31683269600035,174135.312215593,1087,1.34263671875,10.0,2.0,44.0,0
36.348842582985526,174135.34422548,1088,1.3426171875,8.0,2.0,44.0,0
36.380841503996635,174135.376224401,1089,1.343662109375,6.0,2.0,44.0,0
36.41685780399712,174135.412240701,1090,1.33244140625,8.0,2.0,44.0,0
36.44884795698454,174135.444230854,1091,1.3367220052083333,14.0,2.0,44.0,0
36.48485266600619,174135.480235563,1092,1.3415201822916667,12.0,2.0,44.0,0
36.516843925986905,174135.512226823,1093,1.34208984375,7.0,2.0,44.0,0
36.54883667000104,174135.544219567,1094,1.339169921875,10.0,2.0,44.0,0
36.58490636901115,174135.580289266,1095,1.3449674479166667,12.0,2.0,44.0,0
36.61684148598579,174135.612224383,1096,1.3356705729166667,10.0,2.0,44.0,0
36.6488530630013,174135.64423596,1097,1.3345377604166666,8.0,2.0,44.0,0
36.68484308299958,174135.68022598,1098,1.3399153645833333,8.0,2.0,44.0,0
36.716928251000354,174135.712311148,1099,1.3414713541666667,12.0,2.0,44.0,0
36.75290408698493,174135.748286984,1100,1.3410807291666667,10.0,2.0,44.0,0
36.78497595299268,174135.78035885,1101,1.341767578125,14.0,2.0,44.0,0
36.81684280198533,174135.812225699,1102,1.34953125,13.0,2.0,44.0,0
36.85287320098723,174135.848256098,1103,1.341376953125,9.0,2.0,44.0,0
36.88488801798667,174135.880270915,1104,1.3494466145833333,7.0,2.0,44.0,0
36.91683650700725,174135.912219404,1105,1.3484765625,13.0,2.0,44.0,0
36.95284731898573,174135.948230216,1106,1.3423079427083333,11.0,2.0,44.0,0
36.98484820598969,174135.980231103,1107,1.3442154947916667,12.0,2.0,44.0,0
37.01687631098321,174136.012259208,1108,1.3378092447916667,10.0,2.0,44.0,0
37.05293453199556,174136.048317429,1109,1.33544921875,8.0,2.0,44.0,0
37.08484788399073,174136.080230781,1110,1.3393326822916667,10.0,2.0,44.0,0
37.12088918700465,174136.116272084,1111,1.3461295572916667,10.0,2.0,44.0,0
37.15288760099793,174136.148270498,1112,1.3421158854166666,9.0,2.0,44.0,0
37.18485994701041,174136.180242844,1113,1.3434244791666667,15.0,2.0,44.0,0
37.220933286997024,174136.216316184,1114,1.3390559895833334,7.0,2.0,44.0,0
37.25297009298811,174136.24835299,1115,1.3462565104166666,13.0,2.0,44.0,0
37.28482126898598,174136.280204166,1116,1.34166015625,12.0,2.0,44.0,0
37.32097240400617,174136.316355301,1117,1.3349967447916666,16.0,2.0,44.0,0
37.35288067700458,174136.348263574,1118,1.3419368489583334,8.0,2.0,44.0,0
37.38890665199142,174136.384289549,1119,1.3393489583333333,10.0,2.0,44.0,0
37.42085380098433,174136.416236698,1120,1.33580078125,10.0,2.0,44.0,0
37.45281483299914,174136.44819773,1121,1.3405436197916667,9.0,2.0,44.0,0
37.48888409999199,174136.484266997,1122,1.3448177083333333,8.0,2.0,44.0,0
37.52085730500403,174136.516240202,1123,1.34373046875,8.0,2.0,44.0,0
37.55284613301046,174136.54822903,1124,1.341591796875,12.0,2.0,44.0,0
37.58890916701057,174136.584292064,1125,1.346484375,7.0,2.0,44.0,0
37.62086093300604,174136.61624383,1126,1.347783203125,9.0,2.0,44.0,0
37.65288889600197,174136.648271793,1127,1.3391080729166667,6.0,2.0,44.0,0
37.6888997220085,174136.684282619,1128,1.3466731770833333,8.0,2.0,44.0,0
37.720858196989866,174136.716241094,1129,1.3387662760416668,13.0,2.0,44.0,0
37.75698090199148,174136.752363799,1130,1.351845703125,8.0,2.0,44.0,0
37.788873782992596,174136.78425668,1131,1.3441080729166666,9.0,2.0,44.0,0
37.820835686987266,174136.816218584,1132,1.3348014322916666,10.0,2.0,44.0,0
37.85690143000102,174136.852284327,1133,1.333310546875,10.0,2.0,44.0,0
37.88884310098365,174136.884225998,1134,1.3451302083333334,8.0,2.0,44.0,0
37.92083230800927,174136.916215205,1135,1.338798828125,8.0,2.0,44.0,0
37.95689574198332,174136.952278639,1136,1.338212890625,12.0,2.0,44.0,0
37.988843580998946,174136.984226478,1137,1.3451106770833334,13.0,2.0,44.0,0
38.02483196600224,174137.020214863,1138,1.3459635416666667,11.0,2.0,44.0,0
38.05686163099017,174137.052244528,1139,1.3462565104166666,8.0,2.0,44.0,0
38.088778845005436,174137.084161742,1140,1.3394498697916666,12.0,2.0,44.0,0
38.12487337499624,174137.120256272,1141,1.33947265625,8.0,2.0,44.0,0
38.15682036499493,174137.152203262,1142,1.3442513020833333,9.0,2.0,44.0,0
38.18881275301101,174137.18419565,1143,1.3428255208333333,7.0,2.0,44.0,0
38.224816283007385,174137.22019918,1144,1.343037109375,13.0,2.0,44.0,0
38.25683089400991,174137.252213791,1145,1.3407356770833334,12.0,2.0,44.0,0
38.28882712000632,174137.284210017,1146,1.3448990885416667,6.0,2.0,44.0,0
38.324863269983325,174137.320246167,1147,1.3387337239583332,9.0,2.0,44.0,0
38.356800028006546,174137.352182925,1148,1.3404329427083332,10.0,2.0,44.0,0
38.392808690987295,174137.388191588,1149,1.3402701822916667,15.0,2.0,44.0,0
38.42488493898418,174137.420267836,1150,1.33859375,13.0,2.0,44.0,0
38.456870377995074,174137.452253275,1151,1.3456705729166667,7.0,2.0,44.0,0
38.49283753801137,174137.488220435,1152,1.3387044270833333,7.0,2.0,44.0,0
38.52484993400867,174137.520232831,1153,1.3431412760416668,12.0,2.0,44.0,0
38.55683250000584,174137.552215397,1154,1.3379947916666666,14.0,2.0,44.0,0
38.59286295299535,174137.58824585,1155,1.3453483072916668,14.0,2.0,44.0,0
38.62481497900444,174137.620197876,1156,1.3341243489583334,15.0,2.0,44.0,0
38.660797955002636,174137.656180852,1157,1.3398860677083333,7.0,2.0,44.0,0
38.69287124098628,174137.688254138,1158,1.3396061197916667,8.0,2.0,44.0,0
38.72477112899651,174137.720154026,1159,1.3436393229166668,14.0,2.0,44.0,0
38.760766569990665,174137.756149467,1160,1.3378059895833334,7.0,2.0,44.0,0
38.79279618800501,174137.788179085,1161,1.3393424479166667,10.0,2.0,44.0,0
38.82475915798568,174137.820142055,1162,1.35064453125,6.0,2.0,44.0,0
38.86082994699245,174137.856212844,1163,1.344814453125,10.0,2.0,44.0,0
38.89281774399569,174137.888200641,1164,1.3450227864583333,10.0,2.0,44.0,0
38.924834609992104,174137.920217507,1165,1.3443326822916666,12.0,2.0,44.0,0
38.96081288700225,174137.956195784,1166,1.337265625,14.0,2.0,44.0,0
38.992808646988124,174137.988191544,1167,1.3407552083333334,10.0,2.0,44.0,0
39.02885583098396,174138.024238728,1168,1.3442122395833334,9.0,2.0,44.0,0
39.06104737200076,174138.056430269,1169,1.3373893229166667,11.0,2.0,44.0,0
39.092774132004706,174138.088157029,1170,1.3411328125,9.0,2.0,44.0,0
39.12885245299549,174138.12423535,1171,1.3403287760416667,10.0,2.0,44.0,0
39.1608550180099,174138.156237915,1172,1.3436686197916667,13.0,2.0,44.0,0
39.19283704200643,174138.188219939,1173,1.3392024739583333,8.0,2.0,44.0,0
39.22887130899471,174138.224254206,1174,1.342490234375,13.0,2.0,44.0,0
39.26078920500004,174138.256172102,1175,1.3464453125,8.0,2.0,44.0,0
39.29684522098978,174138.292228118,1176,1.3413509114583333,9.0,2.0,44.0,0
39.3288189409941,174138.324201838,1177,1.33509765625,9.0,2.0,44.0,0
39.36082756900578,174138.356210466,1178,1.3386197916666667,10.0,2.0,44.0,0
39.39687794598285,174138.392260843,1179,1.343896484375,10.0,2.0,44.0,0
39.42888604500331,174138.424268942,1180,1.3402766927083334,11.0,2.0,44.0,0
39.46081542500178,174138.456198322,1181,1.3371875,10.0,2.0,44.0,0
39.496831080003176,174138.492213977,1182,1.3433268229166666,12.0,2.0,44.0,0
39.52888872998301,174138.524271627,1183,1.3332682291666667,6.0,2.0,44.0,0
39.560889149986906,174138.556272047,1184,1.3355110677083333,18.0,2.0,44.0,0
39.59682615599013,174138.592209053,1185,1.3387858072916667,13.0,2.0,44.0,0
39.628791433002334,174138.62417433,1186,1.3410546875,8.0,2.0,44.0,0
39.66483890800737,174138.660221805,1187,1.3460677083333332,12.0,2.0,44.0,0
39.696855796995806,174138.692238694,1188,1.338896484375,8.0,2.0,44.0,0
39.72879734399612,174138.724180241,1189,1.3427571614583333,9.0,2.0,44.0,0
39.76482785699773,174138.760210754,1190,1.3467643229166666,7.0,2.0,44.0,0
39.79688248698949,174138.792265384,1191,1.348076171875,10.0,2.0,44.0,0
39.828838519984856,174138.824221417,1192,1.3427506510416667,6.0,2.0,44.0,0
39.8649546969973,174138.860337594,1193,1.334892578125,9.0,2.0,44.0,0
39.89683997299289,174138.89222287,1194,1.337822265625,10.0,2.0,44.0,0
39.932865667011356,174138.928248564,1195,1.3421744791666668,9.0,2.0,44.0,0
39.96483183398959,174138.960214731,1196,1.34837890625,9.0,2.0,44.0,0
39.99681102699833,174138.992193924,1197,1.3429947916666667,11.0,2.0,44.0,0
40.03285643298295,174139.02823933,1198,1.3443131510416666,9.0,2.0,44.0,0
40.06490958100767,174139.060292478,1199,1.3466861979166667,10.0,2.0,44.0,0
40.09681357900263,174139.092196476,1200,1.3426725260416668,11.0,2.0,44.0,0
40.13286221100134,174139.128245108,1201,1.34109375,9.0,2.0,44.0,0
40.164829201996326,174139.160212099,1202,1.34623046875,8.0,2.0,44.0,0
40.19697770199855,174139.192360599,1203,1.342421875,10.0,2.0,44.0,0
40.23286635000841,174139.228249247,1204,1.3439192708333334,8.0,2.0,44.0,0
40.26483253799961,174139.260215435,1205,1.3423307291666666,12.0,2.0,44.0,0
40.300852198997745,174139.296235096,1206,1.336455078125,10.0,2.0,44.0,0
40.33281305601122,174139.328195953,1207,1.3419368489583334,9.0,2.0,44.0,0
40.36491757398471,174139.360300471,1208,1.340517578125,10.0,2.0,44.0,0
40.40084581100382,174139.396228708,1209,1.3390104166666668,8.0,2.0,44.0,0
40.432824955001706,174139.428207852,1210,1.3364095052083333,13.0,2.0,44.0,0
40.46480081998743,174139.460183717,1211,1.3436783854166667,8.0,2.0,44.0,0
40.500836897990666,174139.496219795,1212,1.3386002604166667,8.0,2.0,44.0,0
40.53282120398944,174139.528204101,1213,1.3385807291666667,10.0,2.0,44.0,0
40.56885319700814,174139.564236094,1214,1.3389420572916666,14.0,2.0,44.0,0
40.60085091300425,174139.59623381,1215,1.33638671875,12.0,2.0,44.0,0
40.632778911996866,174139.628161809,1216,1.3380240885416668,9.0,2.0,44.0,0
40.66887853899971,174139.664261436,1217,1.3510546875,15.0,2.0,44.0,0
40.70087132800836,174139.696254225,1218,1.3448893229166667,9.0,2.0,44.0,0
40.73280632699607,174139.728189224,1219,1.3360709635416668,10.0,2.0,44.0,0
40.76884853298543,174139.76423143,1220,1.339765625,8.0,2.0,44.0,0
40.8008778099902,174139.796260707,1221,1.3418294270833333,9.0,2.0,44.0,0
40.832892963982886,174139.828275861,1222,1.3413606770833333,13.0,2.0,44.0,0
40.86884188099066,174139.864224778,1223,1.3319889322916667,9.0,2.0,44.0,0
40.90078055698541,174139.896163454,1224,1.3396647135416666,15.0,2.0,44.0,0
40.93687869000132,174139.932261587,1225,1.3394140625,13.0,2.0,44.0,0
40.96885411499534,174139.964237012,1226,1.3473372395833334,14.0,2.0,44.0,0
41.00088092801161,174139.996263825,1227,1.3415592447916667,6.0,2.0,44.0,0
41.03685185100767,174140.032234748,1228,1.3350748697916666,8.0,2.0,44.0,0
41.06881534701097,174140.064198244,1229,1.3368098958333334,6.0,2.0,44.0,0
41.10080881998874,174140.096191717,1230,1.3409407552083332,6.0,2.0,44.0,0
41.13682939601131,174140.132212293,1231,1.351259765625,10.0,2.0,44.0,0
41.168894050002564,174140.164276947,1232,1.3420768229166666,8.0,2.0,44.0,0
41.20483791499282,174140.200220812,1233,1.3464290364583333,9.0,2.0,44.0,0
41.236840700992616,174140.232223598,1234,1.3389225260416666,10.0,2.0,44.0,0
41.26878825499443,174140.264171152,1235,1.336572265625,8.0,2.0,44.0,0
41.30485023098299,174140.300233128,1236,1.338330078125,12.0,2.0,44.0,0
41.33688432100462,174140.332267218,1237,1.3432356770833334,14.0,2.0,44.0,0
41.368800706986804,174140.364183604,1238,1.3398893229166666,13.0,2.0,44.0,0
41.4048968119896,174140.400279709,1239,1.3455078125,6.0,2.0,44.0,0
41.43685754400212,174140.432240441,1240,1.3388411458333334,11.0,2.0,44.0,0
41.472886481002206,174140.468269378,1241,1.343095703125,12.0,2.0,44.0,0
41.50490639300551,174140.50028929,1242,1.3367740885416666,12.0,2.0,44.0,0
41.536813020007685,174140.532195917,1243,1.3444173177083334,13.0,2.0,44.0,0
41.57284504501149,174140.568227942,1244,1.3422298177083334,7.0,2.0,44.0,0
41.60486379399663,174140.600246691,1245,1.3446614583333334,6.0,2.0,44.0,0
41.6368184289895,174140.632201326,1246,1.34228515625,14.0,2.0,44.0,0
41.67285253800219,174140.668235435,1247,1.333173828125,8.0,2.0,44.0,0
41.70488682400901,174140.700269721,1248,1.3472037760416666,8.0,2.0,44.0,0
41.73679665901,174140.732179556,1249,1.337041015625,8.0,2.0,44.0,0
41.77284532098565,174140.768228218,1250,1.3400651041666667,9.0,2.0,44.0,0
41.80487461699522,174140.800257514,1251,1.3434993489583333,10.0,2.0,44.0,0
41.840845641010674,174140.836228538,1252,1.3400162760416667,8.0,2.0,44.0,0
41.872822767007165,174140.868205664,1253,1.3316764322916668,13.0,2.0,44.0,0
41.90483176498674,174140.900214662,1254,1.3521223958333333,12.0,2.0,44.0,0
41.94085578399245,174140.936238681,1255,1.3349283854166667,9.0,2.0,44.0,0
41.97285942299641,174140.96824232,1256,1.3455143229166666,8.0,2.0,44.0,0
42.004816776985535,174141.000199674,1257,1.336142578125,13.0,2.0,44.0,0
42.0408906119992,174141.036273509,1258,1.3400358072916667,10.0,2.0,44.0,0
42.07281588000478,174141.068198777,1259,1.3431868489583334,9.0,2.0,44.0,0
42.10884502500994,174141.104227922,1260,1.3332486979166667,12.0,2.0,44.0,0
42.140873221011134,174141.136256118,1261,1.3325358072916667,10.0,2.0,44.0,0
42.17279359098757,174141.168176488,1262,1.3423990885416666,6.0,2.0,44.0,0
42.20889808400534,174141.204280981,1263,1.3385579427083334,10.0,2.0,44.0,0
42.24082674999954,174141.236209647,1264,1.340595703125,8.0,2.0,44.0,0
42.27278360701166,174141.268166504,1265,1.341796875,8.0,2.0,44.0,0
42.30885714199394,174141.304240039,1266,1.3394791666666668,10.0,2.0,44.0,0
42.34087173300213,174141.33625463,1267,1.34400390625,8.0,2.0,44.0,0
42.37282175998553,174141.368204657,1268,1.3397981770833334,10.0,2.0,44.0,0
42.40886105899699,174141.404243956,1269,1.3412565104166667,8.0,2.0,44.0,0
42.44082505398546,174141.436207951,1270,1.3414322916666668,11.0,2.0,44.0,0
42.47686658799648,174141.472249485,1271,1.3366861979166667,8.0,2.0,44.0,0
42.50887433299795,174141.50425723,1272,1.3450455729166666,8.0,2.0,44.0,0
42.54088170299656,174141.5362646,1273,1.3437141927083334,14.0,2.0,44.0,0
42.5768872720073,174141.572270169,1274,1.3469010416666667,10.0,2.0,44.0,0
42.60885784000857,174141.604240737,1275,1.346064453125,7.0,2.0,44.0,0
42.64086069300538,174141.63624359,1276,1.3453352864583332,8.0,2.0,44.0,0
42.67688301100861,174141.672265908,1277,1.338212890625,13.0,2.0,44.0,0
42.70883087598486,174141.704213773,1278,1.3438899739583334,10.0,2.0,44.0,0
42.74488223699154,174141.740265134,1279,1.34650390625,11.0,2.0,44.0,0
42.776984378986526,174141.772367276,1280,1.34283203125,8.0,2.0,44.0,0
42.80881845098338,174141.804201348,1281,1.3378743489583333,9.0,2.0,44.0,0
42.84485711299931,174141.84024001,1282,1.3389973958333334,13.0,2.0,44.0,0
42.876865220983746,174141.872248118,1283,1.343955078125,8.0,2.0,44.0,0
42.90882119699381,174141.904204094,1284,1.3422623697916667,13.0,2.0,44.0,0
42.94490555499215,174141.940288452,1285,1.3409895833333334,10.0,2.0,44.0,0
42.9768636309891,174141.972246528,1286,1.3418587239583333,10.0,2.0,44.0,0
43.00882729201112,174142.004210189,1287,1.34935546875,12.0,2.0,44.0,0
43.04494102401077,174142.040323921,1288,1.3355501302083332,10.0,2.0,44.0,0
43.07685258000856,174142.072235477,1289,1.334306640625,12.0,2.0,44.0,0
43.11282699400908,174142.108209891,1290,1.33552734375,13.0,2.0,44.0,0
43.14484885998536,174142.140231757,1291,1.3416829427083334,14.0,2.0,44.0,0
43.176830543990945,174142.172213441,1292,1.3408658854166666,12.0,2.0,44.0,0
43.21286051298375,174142.20824341,1293,1.3396875,12.0,2.0,44.0,0
43.24489538598573,174142.240278283,1294,1.346875,12.0,2.0,44.0,0
43.27686499198899,174142.272247889,1295,1.3401790364583333,6.0,2.0,44.0,0
43.31288881099317,174142.308271708,1296,1.343232421875,8.0,2.0,44.0,0
43.34488357001101,174142.340266467,1297,1.3468196614583334,12.0,2.0,44.0,0
43.380879142001504,174142.376262039,1298,1.3302962239583334,6.0,2.0,44.0,0
43.41287712898338,174142.408260026,1299,1.340146484375,8.0,2.0,44.0,0
43.44479974798742,174142.440182645,1300,1.338447265625,12.0,2.0,44.0,0
43.480840965989046,174142.476223863,1301,1.3345247395833333,10.0,2.0,44.0,0
43.5128960259899,174142.508278923,1302,1.3391145833333333,13.0,2.0,44.0,0
43.54484806500841,174142.540230962,1303,1.3424609375,8.0,2.0,44.0,0
43.58089668399771,174142.576279581,1304,1.3401041666666667,13.0,2.0,44.0,0
43.612858165986836,174142.608241063,1305,1.3388509114583333,9.0,2.0,44.0,0
43.64483196998481,174142.640214867,1306,1.3482486979166666,11.0,2.0,44.0,0
43.68085991599946,174142.676242813,1307,1.3450651041666666,8.0,2.0,44.0,0
43.71282734599663,174142.708210243,1308,1.34654296875,10.0,2.0,44.0,0
43.74887452999246,174142.744257427,1309,1.339345703125,9.0,2.0,44.0,0
43.78091921599116,174142.776302113,1310,1.341318359375,10.0,2.0,44.0,0
43.81284576599137,174142.808228663,1311,1.3289908854166668,11.0,2.0,44.0,0
43.84888254699763,174142.844265444,1312,1.3421256510416666,13.0,2.0,44.0,0
43.8808413099905,174142.876224207,1313,1.3406022135416666,9.0,2.0,44.0,0
43.91286181999021,174142.908244717,1314,1.339658203125,7.0,2.0,44.0,0
43.94889308299753,174142.94427598,1315,1.33578125,12.0,2.0,44.0,0
43.98092768600327,174142.976310583,1316,1.3378873697916667,12.0,2.0,44.0,0
44.016871480009286,174143.012254377,1317,1.3445052083333333,9.0,2.0,44.0,0
44.04889013300999,174143.04427303,1318,1.337490234375,8.0,2.0,44.0,0
44.08081637698342,174143.076199274,1319,1.3460026041666666,10.0,2.0,44.0,0
44.11689861098421,174143.112281508,1320,1.3373600260416667,8.0,2.0,44.0,0
44.1488641659962,174143.144247063,1321,1.3392805989583334,8.0,2.0,44.0,0
44.180798056011554,174143.176180953,1322,1.3353450520833334,6.0,2.0,44.0,0
44.216831306985114,174143.212214204,1323,1.3465234375,10.0,2.0,44.0,0
44.24888731399551,174143.244270211,1324,1.3473795572916667,8.0,2.0,44.0,0
44.28080507699633,174143.276187974,1325,1.343447265625,9.0,2.0,44.0,0
44.316876897006296,174143.312259794,1326,1.3399479166666666,13.0,2.0,44.0,0
44.348872856993694,174143.344255754,1327,1.33779296875,6.0,2.0,44.0,0
44.384888381988276,174143.380271279,1328,1.3396451822916666,10.0,2.0,44.0,0
44.41689759600558,174143.412280493,1329,1.3345768229166666,7.0,2.0,44.0,0
44.448888129001716,174143.444271026,1330,1.3427083333333334,12.0,2.0,44.0,0
44.48486286998377,174143.480245767,1331,1.332373046875,12.0,2.0,44.0,0
44.51688601600472,174143.512268913,1332,1.3413606770833333,12.0,2.0,44.0,0
44.54886426098528,174143.544247158,1333,1.3454329427083334,8.0,2.0,44.0,0
44.584875625005225,174143.580258522,1334,1.3422493489583334,9.0,2.0,44.0,0
44.61689292799565,174143.612275825,1335,1.3433658854166666,8.0,2.0,44.0,0
44.65288296301151,174143.64826586,1336,1.336103515625,9.0,2.0,44.0,0
44.68493203600519,174143.680314933,1337,1.3428059895833333,11.0,2.0,44.0,0
44.71684392201132,174143.712226819,1338,1.3415104166666667,10.0,2.0,44.0,0
44.75281126200571,174143.748194159,1339,1.3374055989583333,8.0,2.0,44.0,0
44.78493887200602,174143.780321769,1340,1.345517578125,12.0,2.0,44.0,0
44.816858632984804,174143.81224153,1341,1.3371842447916666,8.0,2.0,44.0,0
44.85292483799276,174143.848307735,1342,1.3375553385416667,9.0,2.0,44.0,0
44.884924445010256,174143.880307342,1343,1.3348307291666666,12.0,2.0,44.0,0
44.91693041299004,174143.91231331,1344,1.3412662760416667,8.0,2.0,44.0,0
44.95291747400188,174143.948300371,1345,1.3373763020833334,8.0,2.0,44.0,0
44.98482817798504,174143.980211075,1346,1.34541015625,10.0,2.0,44.0,0
45.02092389299651,174144.01630679,1347,1.3465071614583333,9.0,2.0,44.0,0
45.052820773009444,174144.04820367,1348,1.3378580729166667,12.0,2.0,44.0,0
45.08493858500151,174144.080321482,1349,1.3497037760416666,9.0,2.0,44.0,0
45.12087507999968,174144.116257977,1350,1.3474446614583333,10.0,2.0,44.0,0
45.15293156800908,174144.148314465,1351,1.3421061197916666,12.0,2.0,44.0,0
45.184864340000786,174144.180247237,1352,1.331982421875,11.0,2.0,44.0,0
45.22082147200126,174144.216204369,1353,1.3359635416666666,8.0,2.0,44.0,0
45.252910574985435,174144.248293472,1354,1.33935546875,16.0,2.0,44.0,0
45.2888684119971,174144.284251309,1355,1.3384993489583332,10.0,2.0,44.0,0
45.32087263799622,174144.316255535,1356,1.345439453125,12.0,2.0,44.0,0
45.352864890010096,174144.348247787,1357,1.3423209635416666,9.0,2.0,44.0,0
45.38887817700743,174144.384261074,1358,1.3367415364583333,10.0,2.0,44.0,0
45.42086055400432,174144.416243451,1359,1.3488313802083334,10.0,2.0,44.0,0
45.452849105990026,174144.448232003,1360,1.3366861979166667,11.0,2.0,44.0,0
45.488881572004175,174144.484264469,1361,1.3364811197916666,13.0,2.0,44.0,0
45.520909749000566,174144.516292646,1362,1.3376627604166667,8.0,2.0,44.0,0
45.55287135299295,174144.54825425,1363,1.3474967447916666,6.0,2.0,44.0,0
45.58885706801084,174144.584239965,1364,1.340595703125,10.0,2.0,44.0,0
45.62080858901027,174144.616191486,1365,1.344658203125,15.0,2.0,44.0,0
45.656893409002805,174144.652276306,1366,1.3436555989583334,13.0,2.0,44.0,0
45.68883419100894,174144.684217088,1367,1.341611328125,10.0,2.0,44.0,0
45.72084076498868,174144.716223662,1368,1.3359342447916667,15.0,2.0,44.0,0
45.75684431800619,174144.752227215,1369,1.3459212239583334,12.0,2.0,44.0,0
45.788896762998775,174144.78427966,1370,1.3406608072916666,13.0,2.0,44.0,0
45.82088407999254,174144.816266977,1371,1.3416276041666666,8.0,2.0,44.0,0
45.856944806990214,174144.852327704,1372,1.3421354166666666,7.0,2.0,44.0,0
45.88900975798606,174144.884392655,1373,1.33365234375,9.0,2.0,44.0,0
45.92490038101096,174144.920283278,1374,1.350439453125,9.0,2.0,44.0,0
45.95689695898909,174144.952279856,1375,1.3392057291666666,9.0,2.0,44.0,0
45.98884688699036,174144.984229784,1376,1.3367643229166666,10.0,2.0,44.0,0
46.02490891699563,174145.020291814,1377,1.34228515625,11.0,2.0,44.0,0
46.05697056298959,174145.05235346,1378,1.3389908854166668,14.0,2.0,44.0,0
46.08884465799201,174145.084227555,1379,1.3417610677083334,13.0,2.0,44.0,0
46.124929671990685,174145.120312569,1380,1.3451725260416667,10.0,2.0,44.0,0
46.15689282398671,174145.152275721,1381,1.3409147135416666,8.0,2.0,44.0,0
46.18886907098931,174145.184251968,1382,1.3358854166666667,10.0,2.0,44.0,0
46.22497600299539,174145.2203589,1383,1.3452115885416667,10.0,2.0,44.0,0
46.2568335350079,174145.252216432,1384,1.3412272135416667,10.0,2.0,44.0,0
46.292901842010906,174145.288284739,1385,1.3397623697916667,10.0,2.0,44.0,0
46.32489219700801,174145.320275094,1386,1.3489778645833332,7.0,2.0,44.0,0
46.35682891000761,174145.352211807,1387,1.3465755208333334,11.0,2.0,44.0,0
46.392890080984216,174145.388272978,1388,1.3508040364583334,8.0,2.0,44.0,0
46.424911356007215,174145.420294253,1389,1.342734375,10.0,2.0,44.0,0
46.45690219200333,174145.452285089,1390,1.3378743489583333,12.0,2.0,44.0,0
46.49291378300404,174145.48829668,1391,1.3393815104166666,12.0,2.0,44.0,0
46.52493793898611,174145.520320836,1392,1.32953125,8.0,2.0,44.0,0
46.560962707008,174145.556345604,1393,1.3328645833333332,10.0,2.0,44.0,0
46.59291909800959,174145.588301995,1394,1.3339322916666667,8.0,2.0,44.0,0
46.62485066099907,174145.620233558,1395,1.339189453125,10.0,2.0,44.0,0
46.660939858993515,174145.656322756,1396,1.348447265625,9.0,2.0,44.0,0
46.692892805003794,174145.688275702,1397,1.3401497395833333,9.0,2.0,44.0,0
46.7248794749903,174145.720262372,1398,1.3354036458333334,9.0,2.0,44.0,0
46.76089800699265,174145.756280904,1399,1.3441471354166667,8.0,2.0,44.0,0
46.792881464003585,174145.788264361,1400,1.3334635416666667,8.0,2.0,44.0,0
46.824818856985075,174145.820201754,1401,1.334091796875,10.0,2.0,44.0,0
46.860966311011,174145.856349208,1402,1.3447526041666666,8.0,2.0,44.0,0
46.892858122999314,174145.88824102,1403,1.3382649739583334,12.0,2.0,44.0,0
46.9288770199928,174145.924259917,1404,1.341845703125,8.0,2.0,44.0,0
46.96088886799407,174145.956271765,1405,1.337626953125,11.0,2.0,44.0,0
46.992842003004625,174145.9882249,1406,1.3401432291666666,9.0,2.0,44.0,0
47.02894134100643,174146.024324238,1407,1.3429264322916667,13.0,2.0,44.0,0
47.06106714298949,174146.05645004,1408,1.3455631510416666,7.0,2.0,44.0,0
47.09284698398551,174146.088229881,1409,1.3421158854166666,9.0,2.0,44.0,0
47.128950827987865,174146.124333725,1410,1.3345442708333333,10.0,2.0,44.0,0
47.160901630006265,174146.156284527,1411,1.3469986979166666,8.0,2.0,44.0,0
47.19688293201034,174146.192265829,1412,1.342734375,8.0,2.0,44.0,0
47.22884785698261,174146.224230754,1413,1.34251953125,8.0,2.0,44.0,0
47.26087596200523,174146.256258859,1414,1.3474088541666667,9.0,2.0,44.0,0
47.2968746139959,174146.292257511,1415,1.3389192708333333,10.0,2.0,44.0,0
47.32887042700895,174146.324253324,1416,1.341669921875,8.0,2.0,44.0,0
47.36079277799581,174146.356175675,1417,1.3457584635416666,13.0,2.0,44.0,0
47.39688493698486,174146.392267834,1418,1.3361067708333334,7.0,2.0,44.0,0
47.4289033189998,174146.424286216,1419,1.3326009114583333,8.0,2.0,44.0,0
47.4608284769929,174146.456211374,1420,1.334345703125,7.0,2.0,44.0,0
47.49691601199447,174146.492298909,1421,1.3375,8.0,2.0,44.0,0
47.5288588689873,174146.524241766,1422,1.3413899739583333,14.0,2.0,44.0,0
47.56490025299718,174146.56028315,1423,1.3409016927083333,14.0,2.0,44.0,0
47.59692300099414,174146.592305898,1424,1.3392903645833334,9.0,2.0,44.0,0
47.62883307700395,174146.624215974,1425,1.3369108072916667,13.0,2.0,44.0,0
47.66495125499205,174146.660334152,1426,1.3407682291666667,10.0,2.0,44.0,0
47.69688619099907,174146.692269088,1427,1.3385123697916668,10.0,2.0,44.0,0
47.72886534300051,174146.72424824,1428,1.3365006510416666,9.0,2.0,44.0,0
47.7649124909949,174146.760295388,1429,1.342216796875,13.0,2.0,44.0,0
47.79688243501005,174146.792265332,1430,1.3428059895833333,9.0,2.0,44.0,0
47.832879408000736,174146.828262305,1431,1.3370345052083332,10.0,2.0,44.0,0
47.86494105801103,174146.860323955,1432,1.3444498697916667,7.0,2.0,44.0,0
47.89690359000815,174146.892286487,1433,1.3410091145833334,8.0,2.0,44.0,0
47.93291566698463,174146.928298564,1434,1.3433951822916668,9.0,2.0,44.0,0
47.96493828698294,174146.960321184,1435,1.340283203125,10.0,2.0,44.0,0
47.99686771098641,174146.992250608,1436,1.3447005208333334,10.0,2.0,44.0,0
48.03295658598654,174147.028339483,1437,1.3448795572916667,9.0,2.0,44.0,0
48.06494006700814,174147.060322964,1438,1.3401334635416666,15.0,2.0,44.0,0
48.096857438009465,174147.092240335,1439,1.3408138020833333,11.0,2.0,44.0,0
48.13293959898874,174147.128322496,1440,1.3394596354166666,8.0,2.0,44.0,0
48.1648908109928,174147.160273708,1441,1.3465559895833332,15.0,2.0,44.0,0
48.200869527994655,174147.196252425,1442,1.3293229166666667,7.0,2.0,44.0,0
48.23291897200397,174147.228301869,1443,1.3376790364583333,12.0,2.0,44.0,0
48.26487817300949,174147.26026107,1444,1.3414680989583334,9.0,2.0,44.0,0
48.300886924989754,174147.296269822,1445,1.3480403645833334,12.0,2.0,44.0,0
48.33288091700524,174147.328263814,1446,1.3409212239583332,12.0,2.0,44.0,0
48.36487411998678,174147.360257017,1447,1.3416569010416666,8.0,2.0,44.0,0
48.40089957599412,174147.396282473,1448,1.3383463541666667,10.0,2.0,44.0,0
48.43295251400559,174147.428335411,1449,1.3424446614583334,7.0,2.0,44.0,0
48.4688931540004,174147.464276051,1450,1.344912109375,12.0,2.0,44.0,0
48.500885201996425,174147.496268099,1451,1.3468001302083332,7.0,2.0,44.0,0
48.532839382009115,174147.528222279,1452,1.337470703125,8.0,2.0,44.0,0
48.56884337699739,174147.564226274,1453,1.3349641927083333,12.0,2.0,44.0,0
48.600906528008636,174147.596289425,1454,1.3403255208333333,9.0,2.0,44.0,0
48.63285949098645,174147.628242388,1455,1.3376204427083334,9.0,2.0,44.0,0
48.668908869993174,174147.664291767,1456,1.3405729166666667,12.0,2.0,44.0,0
48.70089965799707,174147.696282555,1457,1.3414225260416666,8.0,2.0,44.0,0
48.73286547200405,174147.728248369,1458,1.3393522135416667,12.0,2.0,44.0,0
48.76891629298916,174147.76429919,1459,1.33984375,18.0,2.0,44.0,0
48.80088982998859,174147.796272727,1460,1.33970703125,8.0,2.0,44.0,0
48.83695564098889,174147.832338538,1461,1.3435807291666666,12.0,2.0,44.0,0
48.868922510999255,174147.864305408,1462,1.3341048177083332,6.0,2.0,44.0,0
48.900889924989315,174147.896272822,1463,1.3426171875,11.0,2.0,44.0,0
48.9368880460097,174147.932270943,1464,1.33921875,10.0,2.0,44.0,0
48.96888665499864,174147.964269552,1465,1.3472819010416666,12.0,2.0,44.0,0
49.00085387399304,174147.996236771,1466,1.3444889322916667,11.0,2.0,44.0,0
49.036884542991174,174148.03226744,1467,1.3424576822916667,10.0,2.0,44.0,0
49.06892570698983,174148.064308604,1468,1.3377376302083333,8.0,2.0,44.0,0
49.10491491400171,174148.100297811,1469,1.343818359375,8.0,2.0,44.0,0
49.13692437700229,174148.132307274,1470,1.343583984375,9.0,2.0,44.0,0
49.16894304100424,174148.164325938,1471,1.3381315104166667,10.0,2.0,44.0,0
49.20489295799052,174148.200275855,1472,1.339521484375,11.0,2.0,44.0,0
49.236876443988876,174148.232259341,1473,1.3404134114583333,8.0,2.0,44.0,0
49.26887227300904,174148.26425517,1474,1.3418098958333333,8.0,2.0,44.0,0
49.304881312011275,174148.300264209,1475,1.3383951822916667,8.0,2.0,44.0,0
49.336935259983875,174148.332318157,1476,1.3388444010416667,9.0,2.0,44.0,0
49.36888910399284,174148.364272001,1477,1.3514908854166667,12.0,2.0,44.0,0
49.40490561799379,174148.400288515,1478,1.340078125,9.0,2.0,44.0,0
49.436927834991366,174148.432310732,1479,1.3382421875,8.0,2.0,44.0,0
49.472915782011114,174148.468298679,1480,1.3387825520833334,8.0,2.0,44.0,0
49.50491779699223,174148.500300694,1481,1.3435546875,13.0,2.0,44.0,0
49.53686727199238,174148.532250169,1482,1.3388997395833333,12.0,2.0,44.0,0
49.57288554799743,174148.568268445,1483,1.3355403645833333,14.0,2.0,44.0,0
49.60496537500876,174148.600348272,1484,1.3372688802083332,8.0,2.0,44.0,0
49.63691719900817,174148.632300096,1485,1.3412630208333334,8.0,2.0,44.0,0
49.67297157400753,174148.668354471,1486,1.3447819010416666,9.0,2.0,44.0,0
49.704961920011556,174148.700344817,1487,1.3457194010416667,7.0,2.0,44.0,0
49.74093579998589,174148.736318697,1488,1.3345735677083332,12.0,2.0,44.0,0
49.772935635992326,174148.768318533,1489,1.3369303385416667,14.0,2.0,44.0,0
49.80491008798708,174148.800292985,1490,1.3427408854166667,11.0,2.0,44.0,0
49.8409187310026,174148.836301628,1491,1.3271451822916667,12.0,2.0,44.0,0
49.872895170003176,174148.868278067,1492,1.33857421875,15.0,2.0,44.0,0
49.90484007098712,174148.900222968,1493,1.3339127604166667,7.0,2.0,44.0,0
49.9409297319944,174148.936312629,1494,1.3424609375,10.0,2.0,44.0,0
49.97305236800457,174148.968435265,1495,1.337001953125,8.0,2.0,44.0,0
50.00489958500839,174149.000282482,1496,1.3372916666666668,8.0,2.0,44.0,0
50.04094625500147,174149.036329152,1497,1.3503678385416666,9.0,2.0,44.0,0
50.07282846199814,174149.068211359,1498,1.3386783854166666,9.0,2.0,44.0,0
50.10890968301101,174149.10429258,1499,1.3446549479166667,9.0,2.0,44.0,0
50.14095238700975,174149.136335284,1500,1.3438053385416666,8.0,2.0,44.0,0
50.1728795869858,174149.168262484,1501,1.3425390625,11.0,2.0,44.0,0
50.20889544999227,174149.204278347,1502,1.335869140625,9.0,2.0,44.0,0
50.24092533599469,174149.236308233,1503,1.3453548177083334,10.0,2.0,44.0,0
50.27286226299475,174149.26824516,1504,1.3378938802083333,9.0,2.0,44.0,0
50.30891290900763,174149.304295806,1505,1.3390397135416667,8.0,2.0,44.0,0
50.34089937299723,174149.33628227,1506,1.35447265625,11.0,2.0,44.0,0
50.37690784598817,174149.372290743,1507,1.34607421875,8.0,2.0,44.0,0
50.40889174299082,174149.40427464,1508,1.33888671875,12.0,2.0,44.0,0
50.44087656599004,174149.436259463,1509,1.333916015625,12.0,2.0,44.0,0
50.47694736201083,174149.472330259,1510,1.3360123697916666,15.0,2.0,44.0,0
50.50891019401024,174149.504293091,1511,1.3364680989583333,7.0,2.0,44.0,0
50.54086515199742,174149.536248049,1512,1.3354622395833333,8.0,2.0,44.0,0
50.576955155003816,174149.572338052,1513,1.34072265625,10.0,2.0,44.0,0
50.60895085099037,174149.604333748,1514,1.3371451822916667,7.0,2.0,44.0,0
50.6409852069919,174149.636368104,1515,1.3449088541666667,8.0,2.0,44.0,0
50.67694281999138,174149.672325717,1516,1.343203125,10.0,2.0,44.0,0
50.70892750599887,174149.704310403,1517,1.3429817708333334,8.0,2.0,44.0,0
50.74495913099963,174149.740342028,1518,1.3407194010416668,12.0,2.0,44.0,0
50.776945258985506,174149.772328156,1519,1.344345703125,8.0,2.0,44.0,0
50.808896928996546,174149.804279826,1520,1.3406673177083333,8.0,2.0,44.0,0
50.84499500298989,174149.8403779,1521,1.3450358072916666,12.0,2.0,44.0,0
50.876966328010894,174149.872349225,1522,1.3372428385416666,10.0,2.0,44.0,0
50.90891319498769,174149.904296092,1523,1.3465559895833332,12.0,2.0,44.0,0
50.944947488984326,174149.940330386,1524,1.3359375,9.0,2.0,44.0,0
50.977018198987935,174149.972401096,1525,1.3439029947916667,14.0,2.0,44.0,0
51.01290377799887,174150.008286675,1526,1.3492024739583333,12.0,2.0,44.0,0
51.04502444699756,174150.040407344,1527,1.3371321614583334,15.0,2.0,44.0,0
51.077101173985284,174150.072484071,1528,1.3410188802083334,8.0,2.0,44.0,0
51.11295621001045,174150.108339107,1529,1.33638671875,9.0,2.0,44.0,0
51.144935971999075,174150.140318869,1530,1.3411263020833333,8.0,2.0,44.0,0
51.176956741983304,174150.172339639,1531,1.3317024739583334,16.0,2.0,44.0,0
51.2129903830064,174150.20837328,1532,1.3356217447916667,11.0,2.0,44.0,0
51.24614919000305,174150.241532087,1533,1.3440787760416666,8.0,2.0,44.0,0
51.27708806900773,174150.272470966,1534,1.339951171875,6.0,2.0,44.0,0
51.312987690005684,174150.308370587,1535,1.34525390625,14.0,2.0,44.0,0
51.34496949100867,174150.340352388,1536,1.340576171875,9.0,2.0,44.0,0
51.38090434798505,174150.376287245,1537,1.3412662760416667,10.0,2.0,44.0,0
51.41300043699448,174150.408383334,1538,1.3404557291666668,12.0,2.0,44.0,0
51.44493338998291,174150.440316287,1539,1.3329069010416668,9.0,2.0,44.0,0
51.480956237996,174150.476339135,1540,1.336064453125,10.0,2.0,44.0,0
51.512947665003594,174150.508330562,1541,1.3387890625,8.0,2.0,44.0,0
51.54491368599702,174150.540296583,1542,1.3314908854166667,6.0,2.0,44.0,0
51.58092611000757,174150.576309007,1543,1.3371744791666667,8.0,2.0,44.0,0
51.61293126898818,174150.608314166,1544,1.3412076822916668,9.0,2.0,44.0,0
51.648964849009644,174150.644347746,1545,1.3447005208333334,8.0,2.0,44.0,0
51.680914538010256,174150.676297435,1546,1.3494010416666666,7.0,2.0,44.0,0
51.712948248983594,174150.708331146,1547,1.340078125,9.0,2.0,44.0,0
51.74896229500882,174150.744345192,1548,1.3385807291666667,14.0,2.0,44.0,0
51.78100327498396,174150.776386172,1549,1.3404069010416666,7.0,2.0,44.0,0
51.812961635005195,174150.808344532,1550,1.343427734375,12.0,2.0,44.0,0
51.848981276009,174150.844364173,1551,1.3378743489583333,8.0,2.0,44.0,0
51.88093430700246,174150.876317204,1552,1.3475618489583334,10.0,2.0,44.0,0
51.91292134599644,174150.908304243,1553,1.3443684895833334,8.0,2.0,44.0,0
51.94896018400323,174150.944343081,1554,1.3409537760416668,7.0,2.0,44.0,0
51.980966884992085,174150.976349782,1555,1.3376888020833333,10.0,2.0,44.0,0
52.01702604198363,174151.012408939,1556,1.3412337239583334,9.0,2.0,44.0,0
52.049128142010886,174151.044511039,1557,1.34046875,10.0,2.0,44.0,0
52.08093212399399,174151.076315021,1558,1.3411393229166666,8.0,2.0,44.0,0
52.11705546500161,174151.112438362,1559,1.3372102864583333,10.0,2.0,44.0,0
52.14897872300935,174151.14436162,1560,1.345625,8.0,2.0,44.0,0
52.18098336600815,174151.176366263,1561,1.3411458333333333,7.0,2.0,44.0,0
52.216981279983884,174151.212364177,1562,1.3397786458333334,12.0,2.0,44.0,0
52.2489710089867,174151.244353906,1563,1.340146484375,8.0,2.0,44.0,0
52.28496480200556,174151.280347699,1564,1.338310546875,9.0,2.0,44.0,0
52.31694618301117,174151.31232908,1565,1.3398274739583333,14.0,2.0,44.0,0
52.34899348000181,174151.344376377,1566,1.336767578125,8.0,2.0,44.0,0
52.38499312300701,174151.38037602,1567,1.33576171875,9.0,2.0,44.0,0
52.4170126329991,174151.41239553,1568,1.3331966145833334,9.0,2.0,44.0,0
52.448900611983845,174151.444283509,1569,1.3390462239583334,11.0,2.0,44.0,0
52.4850080840115,174151.480390981,1570,1.3397135416666666,11.0,2.0,44.0,0
52.51697422500001,174151.512357122,1571,1.3376302083333333,10.0,2.0,44.0,0
52.54894862600486,174151.544331523,1572,1.3379134114583333,9.0,2.0,44.0,0
52.58496804800234,174151.580350945,1573,1.340205078125,11.0,2.0,44.0,0
52.61694457498379,174151.612327472,1574,1.34212890625,9.0,2.0,44.0,0
52.65300125000067,174151.648384147,1575,1.3358723958333334,15.0,2.0,44.0,0
52.68501111399382,174151.680394011,1576,1.3429361979166667,8.0,2.0,44.0,0
52.717111809004564,174151.712494706,1577,1.3382486979166666,10.0,2.0,44.0,0
52.75304848299129,174151.74843138,1578,1.3410123697916667,10.0,2.0,44.0,0
52.785028084996156,174151.780410982,1579,1.34203125,14.0,2.0,44.0,0
52.816940263001015,174151.81232316,1580,1.3376204427083334,7.0,2.0,44.0,0
52.85303417799878,174151.848417075,1581,1.34203125,14.0,2.0,44.0,0
52.88506156098447,174151.880444458,1582,1.3406217447916666,14.0,2.0,44.0,0
52.92094162499416,174151.916324522,1583,1.333525390625,9.0,2.0,44.0,0
52.95300698300707,174151.94838988,1584,1.3394596354166666,12.0,2.0,44.0,0
52.98498370300513,174151.9803666,1585,1.3406966145833332,8.0,2.0,44.0,0
53.020939478010405,174152.016322375,1586,1.33779296875,6.0,2.0,44.0,0
53.05303991600522,174152.048422813,1587,1.3436328125,10.0,2.0,44.0,0
53.084988207992865,174152.080371105,1588,1.338759765625,10.0,2.0,44.0,0
53.12096926700906,174152.116352164,1589,1.3386686197916666,10.0,2.0,44.0,0
53.15298690999043,174152.148369807,1590,1.3409407552083332,9.0,2.0,44.0,0
53.18493412298267,174152.18031702,1591,1.3401139322916666,10.0,2.0,44.0,0
53.22334168999805,174152.218724587,1592,1.3364778645833333,8.0,2.0,44.0,0
53.254681949008955,174152.250064846,1593,1.3427734375,10.0,2.0,44.0,0
53.29012321701157,174152.285506114,1594,1.3414876302083334,6.0,2.0,44.0,0
53.321183824009495,174152.316566721,1595,1.3368098958333334,9.0,2.0,44.0,0
53.35303214099258,174152.348415038,1596,1.3393098958333334,9.0,2.0,44.0,0
53.389004491007654,174152.384387388,1597,1.3368587239583334,7.0,2.0,44.0,0
53.42102164300741,174152.41640454,1598,1.3444173177083334,12.0,2.0,44.0,0
53.452976859989576,174152.448359757,1599,1.3332161458333334,8.0,2.0,44.0,0
53.48901816501166,174152.484401062,1600,1.3318196614583333,9.0,2.0,44.0,0
53.52101989500807,174152.516402792,1601,1.3362662760416666,8.0,2.0,44.0,0
53.55697117198724,174152.552354069,1602,1.335859375,11.0,2.0,44.0,0
53.58899621700402,174152.584379114,1603,1.3393717447916667,14.0,2.0,44.0,0
53.62090722800349,174152.616290125,1604,1.333662109375,10.0,2.0,44.0,0
53.657008681009756,174152.652391578,1605,1.3373079427083334,8.0,2.0,44.0,0
53.68898089599679,174152.684363793,1606,1.34271484375,12.0,2.0,44.0,0
53.720966916007455,174152.716349813,1607,1.33701171875,7.0,2.0,44.0,0
53.757026332983514,174152.75240923,1608,1.3385611979166667,9.0,2.0,44.0,0
53.78900388701004,174152.784386784,1609,1.3324055989583334,8.0,2.0,44.0,0
53.82095771000604,174152.816340607,1610,1.3373372395833334,8.0,2.0,44.0,0
53.85699249300524,174152.85237539,1611,1.3398990885416666,6.0,2.0,44.0,0
53.88901128200814,174152.884394179,1612,1.344501953125,7.0,2.0,44.0,0
53.92500866900082,174152.920391566,1613,1.3321028645833333,12.0,2.0,44.0,0
53.957032567006536,174152.952415464,1614,1.3416276041666666,15.0,2.0,44.0,0
53.989010807999875,174152.984393705,1615,1.3417708333333334,9.0,2.0,44.0,0
54.02498304299661,174153.02036594,1616,1.3449967447916666,13.0,2.0,44.0,0
54.0570183719974,174153.052401269,1617,1.3441373697916668,12.0,2.0,44.0,0
54.08915165398503,174153.084534551,1618,1.339287109375,10.0,2.0,44.0,0
54.124967056006426,174153.120349953,1619,1.3359407552083333,9.0,2.0,44.0,0
54.15704623199417,174153.152429129,1620,1.3413411458333333,12.0,2.0,44.0,0
54.193013456999324,174153.188396354,1621,1.3390006510416668,9.0,2.0,44.0,0
54.224971816001926,174153.220354713,1622,1.345244140625,9.0,2.0,44.0,0
54.25714783699368,174153.252530734,1623,1.3380533854166667,9.0,2.0,44.0,0
54.29300998200779,174153.288392879,1624,1.3413216145833333,10.0,2.0,44.0,0
54.32505373598542,174153.320436633,1625,1.33615234375,8.0,2.0,44.0,0
54.35698279101052,174153.352365688,1626,1.3396875,8.0,2.0,44.0,0
54.39300297299633,174153.38838587,1627,1.3358723958333334,9.0,2.0,44.0,0
54.42495809099637,174153.420340988,1628,1.3387760416666667,9.0,2.0,44.0,0
54.45695652300492,174153.45233942,1629,1.3420963541666666,7.0,2.0,44.0,0
54.49302880000323,174153.488411697,1630,1.3391829427083333,8.0,2.0,44.0,0
54.5249507589906,174153.520333656,1631,1.3380208333333334,13.0,2.0,44.0,0
54.561015748011414,174153.556398645,1632,1.3366829427083333,7.0,2.0,44.0,0
54.593062512984034,174153.58844541,1633,1.339794921875,8.0,2.0,44.0,0
54.624947414995404,174153.620330312,1634,1.334228515625,9.0,2.0,44.0,0
54.661029242008226,174153.656412139,1635,1.34302734375,9.0,2.0,44.0,0
54.693001389998244,174153.688384287,1636,1.3426790364583334,17.0,2.0,44.0,0
54.72493810200831,174153.720320999,1637,1.334755859375,8.0,2.0,44.0,0
54.761111466010334,174153.756494363,1638,1.3419889322916667,7.0,2.0,44.0,0
54.79302956300671,174153.78841246,1639,1.3394498697916666,9.0,2.0,44.0,0
54.829003080987604,174153.824385978,1640,1.3372102864583333,12.0,2.0,44.0,0
54.86111212798278,174153.856495025,1641,1.3375944010416667,7.0,2.0,44.0,0
54.893062580988044,174153.888445478,1642,1.3411686197916666,10.0,2.0,44.0,0
54.928983422985766,174153.92436632,1643,1.34087890625,8.0,2.0,44.0,0
54.96098464599345,174153.956367543,1644,1.3436555989583334,6.0,2.0,44.0,0
54.99303009099094,174153.988412988,1645,1.3326529947916668,10.0,2.0,44.0,0
55.02896947399131,174154.024352371,1646,1.3473763020833334,10.0,2.0,44.0,0
55.061080451007,174154.056463348,1647,1.3350813802083332,12.0,2.0,44.0,0
55.09294889200828,174154.088331789,1648,1.3361686197916667,12.0,2.0,44.0,0
55.12908521099598,174154.124468108,1649,1.33703125,16.0,2.0,44.0,0
55.16106585698435,174154.156448754,1650,1.3393424479166667,9.0,2.0,44.0,0
55.19712908400106,174154.192511981,1651,1.3348697916666667,17.0,2.0,44.0,0
55.22902163100662,174154.224404528,1652,1.3432356770833334,13.0,2.0,44.0,0
55.261091808992205,174154.256474706,1653,1.3372102864583333,12.0,2.0,44.0,0
55.296991235984024,174154.292374133,1654,1.3361751302083333,8.0,2.0,44.0,0
55.32901245399262,174154.324395351,1655,1.3401139322916666,10.0,2.0,44.0,0
55.3609533229901,174154.35633622,1656,1.33861328125,12.0,2.0,44.0,0
55.39699834800558,174154.392381245,1657,1.342939453125,11.0,2.0,44.0,0
55.428935506992275,174154.424318404,1658,1.3408626302083333,14.0,2.0,44.0,0
55.46503730499535,174154.460420202,1659,1.3412109375,12.0,2.0,44.0,0
55.49696335900808,174154.492346256,1660,1.34140625,13.0,2.0,44.0,0
55.52896703098668,174154.524349928,1661,1.3417805989583333,12.0,2.0,44.0,0
55.56497008600854,174154.560352983,1662,1.3360904947916667,10.0,2.0,44.0,0
55.59705107999616,174154.592433977,1663,1.3446875,8.0,2.0,44.0,0
55.62898109998787,174154.624363997,1664,1.3413216145833333,12.0,2.0,44.0,0
55.66502519600908,174154.660408093,1665,1.3330533854166666,13.0,2.0,44.0,0
55.697045696986606,174154.692428594,1666,1.343232421875,12.0,2.0,44.0,0
55.729021834995365,174154.724404732,1667,1.3341731770833334,12.0,2.0,44.0,0
55.7650032780075,174154.760386175,1668,1.3416569010416666,13.0,2.0,44.0,0
55.79697953199502,174154.792362429,1669,1.3397819010416667,12.0,2.0,44.0,0
55.83300368700293,174154.828386584,1670,1.335068359375,8.0,2.0,44.0,0
55.86501941099414,174154.860402308,1671,1.3371126302083334,8.0,2.0,44.0,0
55.89697851499659,174154.892361412,1672,1.336982421875,10.0,2.0,44.0,0
55.93297605900443,174154.928358956,1673,1.3370670572916667,12.0,2.0,44.0,0
55.96500867899158,174154.960391576,1674,1.3435774739583333,14.0,2.0,44.0,0
55.996940890996484,174154.992323788,1675,1.3376953125,11.0,2.0,44.0,0
56.03300550498534,174155.028388402,1676,1.3419498697916667,8.0,2.0,44.0,0
56.06502357099089,174155.060406468,1677,1.3376106770833334,8.0,2.0,44.0,0
56.10113422598806,174155.096517123,1678,1.333310546875,12.0,2.0,44.0,0
56.13298310499522,174155.128366002,1679,1.3371842447916666,10.0,2.0,44.0,0
56.16498416298418,174155.16036706,1680,1.3380338541666668,10.0,2.0,44.0,0
56.201045883004554,174155.19642878,1681,1.3446809895833334,13.0,2.0,44.0,0
56.23300119198393,174155.228384089,1682,1.3423470052083333,8.0,2.0,44.0,0
56.26499097500346,174155.260373872,1683,1.3432161458333334,12.0,2.0,44.0,0
56.30104925300111,174155.29643215,1684,1.3413509114583333,9.0,2.0,44.0,0
56.33302759801154,174155.328410495,1685,1.3393619791666667,8.0,2.0,44.0,0
56.364988588989945,174155.360371486,1686,1.3412076822916668,8.0,2.0,44.0,0
56.40103103898582,174155.396413936,1687,1.33654296875,9.0,2.0,44.0,0
56.43295417301124,174155.42833707,1688,1.3374381510416666,10.0,2.0,44.0,0
56.46899846600718,174155.464381363,1689,1.3436686197916667,10.0,2.0,44.0,0
56.501018335984554,174155.496401233,1690,1.3355631510416666,13.0,2.0,44.0,0
56.53302256501047,174155.528405462,1691,1.333837890625,12.0,2.0,44.0,0
56.56915996898897,174155.564542866,1692,1.34173828125,14.0,2.0,44.0,0
56.6010093280056,174155.596392225,1693,1.34103515625,9.0,2.0,44.0,0
56.632980863010744,174155.62836376,1694,1.346513671875,8.0,2.0,44.0,0
56.66900193601032,174155.664384833,1695,1.3331412760416668,11.0,2.0,44.0,0
56.70102708399645,174155.696409981,1696,1.3392513020833334,8.0,2.0,44.0,0
56.737011888006236,174155.732394785,1697,1.351552734375,8.0,2.0,44.0,0
56.768968838994624,174155.764351736,1698,1.3354947916666666,8.0,2.0,44.0,0
56.800977609993424,174155.796360507,1699,1.34169921875,10.0,2.0,44.0,0
56.83704179900815,174155.832424696,1700,1.3414876302083334,6.0,2.0,44.0,0
56.86904252300155,174155.86442542,1701,1.3385123697916668,8.0,2.0,44.0,0
56.901062513003126,174155.89644541,1702,1.3430045572916667,9.0,2.0,44.0,0
56.93699288700009,174155.932375784,1703,1.3392838541666667,10.0,2.0,44.0,0
56.969061210984364,174155.964444108,1704,1.34330078125,8.0,2.0,44.0,0
57.00103908099118,174155.996421978,1705,1.333359375,10.0,2.0,44.0,0
57.03701033600373,174156.032393233,1706,1.337294921875,8.0,2.0,44.0,0
57.0689890839858,174156.064371981,1707,1.338125,10.0,2.0,44.0,0
57.105051744991215,174156.100434642,1708,1.3391634114583333,9.0,2.0,44.0,0
57.137016213004244,174156.13239911,1709,1.3390364583333334,8.0,2.0,44.0,0
57.16893794198404,174156.164320839,1710,1.3406380208333333,10.0,2.0,44.0,0
57.205049345007865,174156.200432242,1711,1.3408756510416666,9.0,2.0,44.0,0
57.2369944829843,174156.23237738,1712,1.3446158854166668,10.0,2.0,44.0,0
57.26902438799152,174156.264407285,1713,1.3382942708333334,10.0,2.0,44.0,0
57.3050223949831,174156.300405292,1714,1.3407454427083334,9.0,2.0,44.0,0
57.337078482989455,174156.33246138,1715,1.3441015625,11.0,2.0,44.0,0
57.37308044900419,174156.368463346,1716,1.3409375,8.0,2.0,44.0,0
57.40505473999656,174156.400437637,1717,1.3407194010416668,10.0,2.0,44.0,0
57.436936635000166,174156.432319532,1718,1.3429459635416667,6.0,2.0,44.0,0
57.473014624993084,174156.468397522,1719,1.3420638020833333,16.0,2.0,44.0,0
57.50504050499876,174156.500423402,1720,1.3439290364583334,10.0,2.0,44.0,0
57.53696204299922,174156.53234494,1721,1.3418489583333333,8.0,2.0,44.0,0
57.573023717006436,174156.568406614,1722,1.3382096354166666,10.0,2.0,44.0,0
57.605047747987555,174156.600430645,1723,1.3482421875,7.0,2.0,44.0,0
57.63699601398548,174156.632378911,1724,1.3388834635416667,8.0,2.0,44.0,0
57.67301434298861,174156.66839724,1725,1.3471842447916667,9.0,2.0,44.0,0
57.704971478990046,174156.700354376,1726,1.3365950520833334,12.0,2.0,44.0,0
57.74103188398294,174156.736414781,1727,1.3333235677083333,12.0,2.0,44.0,0
57.77299657498952,174156.768379472,1728,1.3449544270833333,9.0,2.0,44.0,0
57.804998295992846,174156.800381193,1729,1.3358919270833334,10.0,2.0,44.0,0
57.84105268100393,174156.836435578,1730,1.3377376302083333,12.0,2.0,44.0,0
57.872978541010525,174156.868361438,1731,1.3393294270833334,8.0,2.0,44.0,0
57.90500145498663,174156.900384352,1732,1.3399055989583333,15.0,2.0,44.0,0
57.94097755700932,174156.936360454,1733,1.341962890625,7.0,2.0,44.0,0
57.97299481800292,174156.968377715,1734,1.338505859375,8.0,2.0,44.0,0
58.0091818110086,174157.004564708,1735,1.3405240885416667,14.0,2.0,44.0,0
58.04107021598611,174157.036453113,1736,1.3405631510416667,8.0,2.0,44.0,0
58.073173292999854,174157.06855619,1737,1.3397265625,11.0,2.0,44.0,0
58.109018843009835,174157.10440174,1738,1.3445247395833333,6.0,2.0,44.0,0
58.141015114000766,174157.136398011,1739,1.3383333333333334,11.0,2.0,44.0,0
58.17295768301119,174157.16834058,1740,1.3522916666666667,10.0,2.0,44.0,0
58.20903282699874,174157.204415724,1741,1.338349609375,12.0,2.0,44.0,0
58.24099075398408,174157.236373651,1742,1.3359407552083333,7.0,2.0,44.0,0
58.27315310999984,174157.268536007,1743,1.3382845052083334,9.0,2.0,44.0,0
58.309097902005306,174157.304480799,1744,1.3327571614583333,13.0,2.0,44.0,0
58.341009189985925,174157.336392087,1745,1.3371028645833334,9.0,2.0,44.0,0
58.37703388399677,174157.372416781,1746,1.3439192708333334,9.0,2.0,44.0,0
58.40901144099189,174157.404394338,1747,1.337734375,10.0,2.0,44.0,0
58.44101770999259,174157.436400607,1748,1.33181640625,7.0,2.0,44.0,0
58.476932614983525,174157.472315512,1749,1.3383138020833334,8.0,2.0,44.0,0
58.50905020200298,174157.504433099,1750,1.3385188802083334,12.0,2.0,44.0,0
58.54099256900372,174157.536375466,1751,1.33966796875,11.0,2.0,44.0,0
58.57705529499799,174157.572438192,1752,1.3395345052083334,10.0,2.0,44.0,0
58.60901489900425,174157.604397796,1753,1.3371223958333334,10.0,2.0,44.0,0
58.64505401501083,174157.640436912,1754,1.3447884114583333,9.0,2.0,44.0,0
58.67709690099582,174157.672479798,1755,1.340556640625,8.0,2.0,44.0,0
58.70904377300758,174157.70442667,1756,1.3403548177083333,7.0,2.0,44.0,0
58.7450449540047,174157.740427851,1757,1.3352897135416666,8.0,2.0,44.0,0
58.77699758100789,174157.772380478,1758,1.342470703125,12.0,2.0,44.0,0
58.80904164200183,174157.804424539,1759,1.333896484375,16.0,2.0,44.0,0
58.845033878984395,174157.840416776,1760,1.3417122395833334,12.0,2.0,44.0,0
58.877000938984565,174157.872383836,1761,1.3371712239583333,8.0,2.0,44.0,0
58.90905573000782,174157.904438627,1762,1.339287109375,10.0,2.0,44.0,0
58.945059479010524,174157.940442376,1763,1.3374609375,8.0,2.0,44.0,0
58.97703341499437,174157.972416312,1764,1.3342415364583333,6.0,2.0,44.0,0
59.0130629230116,174158.00844582,1765,1.3409049479166666,10.0,2.0,44.0,0
59.04507490398828,174158.040457801,1766,1.3331966145833334,10.0,2.0,44.0,0
59.07714305000263,174158.072525947,1767,1.3416145833333333,13.0,2.0,44.0,0
59.11302113899728,174158.108404036,1768,1.3381998697916666,6.0,2.0,44.0,0
59.14504413001123,174158.140427027,1769,1.338525390625,12.0,2.0,44.0,0
59.176977814000566,174158.172360711,1770,1.3357975260416666,10.0,2.0,44.0,0
59.21302241299418,174158.20840531,1771,1.3403287760416667,8.0,2.0,44.0,0
59.24500459100818,174158.240387488,1772,1.3361328125,12.0,2.0,44.0,0
59.281031700986205,174158.276414598,1773,1.3433854166666668,12.0,2.0,44.0,0
59.313009450997924,174158.308392348,1774,1.34482421875,10.0,2.0,44.0,0
59.344994677987415,174158.340377575,1775,1.3336686197916667,15.0,2.0,44.0,0
59.380998759996146,174158.376381657,1776,1.33296875,9.0,2.0,44.0,0
59.4130535319855,174158.408436429,1777,1.3448665364583334,10.0,2.0,44.0,0
59.44498332700459,174158.440366224,1778,1.335732421875,13.0,2.0,44.0,0
59.48108587198658,174158.476468769,1779,1.3409505208333334,15.0,2.0,44.0,0
59.51302254199982,174158.508405439,1780,1.3500520833333334,11.0,2.0,44.0,0
59.54497691700817,174158.540359814,1781,1.3419368489583334,7.0,2.0,44.0,0
59.58096504499554,174158.576347942,1782,1.3396842447916666,10.0,2.0,44.0,0
59.61302258700016,174158.608405484,1783,1.34009765625,12.0,2.0,44.0,0
59.649050423991866,174158.644433321,1784,1.3368684895833334,12.0,2.0,44.0,0
59.6810658829927,174158.67644878,1785,1.3368619791666667,9.0,2.0,44.0,0
59.71305031699012,174158.708433214,1786,1.3388606770833333,13.0,2.0,44.0,0
59.74903742899187,174158.744420326,1787,1.3320963541666666,9.0,2.0,44.0,0
59.78102694399422,174158.776409841,1788,1.3327734375,8.0,2.0,44.0,0
59.813113251002505,174158.808496148,1789,1.3430729166666666,10.0,2.0,44.0,0
59.84905687600258,174158.844439773,1790,1.335029296875,7.0,2.0,44.0,0
59.88104380998993,174158.876426707,1791,1.3314518229166667,12.0,2.0,44.0,0
59.91705079600797,174158.912433693,1792,1.3389420572916666,11.0,2.0,44.0,0
59.94906610099133,174158.944448998,1793,1.3401171875,7.0,2.0,44.0,0
59.98097120699822,174158.976354104,1794,1.3380045572916666,10.0,2.0,44.0,0
60.01711864199024,174159.012501539,1795,1.3332845052083333,6.0,2.0,44.0,0
60.04911071999231,174159.044493617,1796,1.344619140625,10.0,2.0,44.0,0
60.08098105000681,174159.076363947,1797,1.337744140625,8.0,2.0,44.0,0
60.11709816000075,174159.112481057,1798,1.3397819010416667,9.0,2.0,44.0,0
60.14908496499993,174159.144467862,1799,1.3402376302083334,13.0,2.0,44.0,0
60.18101723099244,174159.176400128,1800,1.3414453125,8.0,2.0,44.0,0
60.21704945500824,174159.212432352,1801,1.3409895833333334,9.0,2.0,44.0,0
60.24896164398524,174159.244344541,1802,1.3461197916666667,12.0,2.0,44.0,0
60.2850574030017,174159.2804403,1803,1.3400944010416667,12.0,2.0,44.0,0
60.317085624992615,174159.312468522,1804,1.3318912760416666,8.0,2.0,44.0,0
60.34902228298597,174159.34440518,1805,1.3440299479166666,6.0,2.0,44.0,0
60.38500870199641,174159.380391599,1806,1.33615234375,8.0,2.0,44.0,0
60.41704890000983,174159.412431797,1807,1.3329036458333334,7.0,2.0,44.0,0
60.44899360300042,174159.4443765,1808,1.332568359375,8.0,2.0,44.0,0
60.48495582898613,174159.480338726,1809,1.3452701822916666,10.0,2.0,44.0,0
60.516987012990285,174159.51236991,1810,1.3358365885416668,12.0,2.0,44.0,0
60.55307016399456,174159.548453061,1811,1.340830078125,9.0,2.0,44.0,0
60.58505932599655,174159.580442223,1812,1.340947265625,13.0,2.0,44.0,0
60.61704527400434,174159.612428171,1813,1.3415983072916666,10.0,2.0,44.0,0
60.65303684500395,174159.648419742,1814,1.3342122395833333,8.0,2.0,44.0,0
60.68511068800581,174159.680493585,1815,1.3330631510416666,8.0,2.0,44.0,0
60.71711629399215,174159.712499191,1816,1.341337890625,8.0,2.0,44.0,0
60.75308516199584,174159.748468059,1817,1.3383854166666667,10.0,2.0,44.0,0
60.7850175180065,174159.780400415,1818,1.3407454427083334,13.0,2.0,44.0,0
60.81699713401031,174159.812380031,1819,1.345537109375,9.0,2.0,44.0,0
60.85339299298357,174159.84877589,1820,1.3410384114583334,11.0,2.0,44.0,0
60.88498999498552,174159.880372892,1821,1.338447265625,8.0,2.0,44.0,0
60.92104505098541,174159.916427948,1822,1.3410709635416667,10.0,2.0,44.0,0
60.95298724100576,174159.948370138,1823,1.3401302083333333,6.0,2.0,44.0,0
60.9849980440049,174159.980380941,1824,1.3388313802083334,10.0,2.0,44.0,0
61.02104063500883,174160.016423532,1825,1.3303938802083333,11.0,2.0,44.0,0
61.05311361901113,174160.048496516,1826,1.3420865885416666,12.0,2.0,44.0,0
61.08514529099921,174160.080528188,1827,1.3338671875,10.0,2.0,44.0,0
61.12103842900251,174160.116421326,1828,1.34271484375,8.0,2.0,44.0,0
61.15296944099828,174160.148352338,1829,1.3350390625,11.0,2.0,44.0,0
61.18904080899665,174160.184423706,1830,1.3345182291666666,8.0,2.0,44.0,0
61.22103297201102,174160.216415869,1831,1.3389615885416666,13.0,2.0,44.0,0
61.25310256800731,174160.248485465,1832,1.3375813802083334,11.0,2.0,44.0,0
61.289055220986484,174160.284438118,1833,1.34166015625,16.0,2.0,44.0,0
61.32102329499321,174160.316406192,1834,1.3332454427083333,10.0,2.0,44.0,0
61.353060249995906,174160.348443147,1835,1.3401627604166666,8.0,2.0,44.0,0
61.389023227995494,174160.384406125,1836,1.341748046875,13.0,2.0,44.0,0
61.421040663000895,174160.41642356,1837,1.332509765625,14.0,2.0,44.0,0
61.45301818000735,174160.448401077,1838,1.3392545572916668,10.0,2.0,44.0,0
61.489043365989346,174160.484426263,1839,1.3401041666666667,8.0,2.0,44.0,0
61.52107305001118,174160.516455947,1840,1.333876953125,9.0,2.0,44.0,0
61.55708453798434,174160.552467435,1841,1.336767578125,8.0,2.0,44.0,0
61.589042162988335,174160.58442506,1842,1.3362109375,9.0,2.0,44.0,0
61.621021833998384,174160.616404731,1843,1.338955078125,9.0,2.0,44.0,0
61.657029660011176,174160.652412557,1844,1.343046875,8.0,2.0,44.0,0
61.68902416099445,174160.684407058,1845,1.3411165364583333,13.0,2.0,44.0,0
61.72097195798415,174160.716354855,1846,1.3334830729166667,6.0,2.0,44.0,0
61.75705083398498,174160.752433731,1847,1.34052734375,9.0,2.0,44.0,0
61.78902109200135,174160.784403989,1848,1.3421809895833334,8.0,2.0,44.0,0
61.82506398498663,174160.820446882,1849,1.33853515625,7.0,2.0,44.0,0
61.857024783006636,174160.85240768,1850,1.3486263020833333,10.0,2.0,44.0,0
61.88904785900377,174160.884430756,1851,1.3434375,8.0,2.0,44.0,0
61.92507967498386,174160.920462572,1852,1.334248046875,7.0,2.0,44.0,0
61.957044590002624,174160.952427487,1853,1.33759765625,12.0,2.0,44.0,0
61.9890098249889,174160.984392722,1854,1.3388248697916667,11.0,2.0,44.0,0
62.025100914994255,174161.020483812,1855,1.340166015625,9.0,2.0,44.0,0
62.05720755600487,174161.052590453,1856,1.336162109375,12.0,2.0,44.0,0
62.09317590598948,174161.088558803,1857,1.33740234375,10.0,2.0,44.0,0
62.12512474801042,174161.120507645,1858,1.342880859375,11.0,2.0,44.0,0
62.15711423999164,174161.152497137,1859,1.33974609375,10.0,2.0,44.0,0
62.19305196398636,174161.188434861,1860,1.3354720052083333,8.0,2.0,44.0,0
62.22496324501117,174161.220346142,1861,1.3483854166666667,10.0,2.0,44.0,0
62.257062285993015,174161.252445183,1862,1.3369075520833333,8.0,2.0,44.0,0
62.29302043101052,174161.288403328,1863,1.334716796875,12.0,2.0,44.0,0
62.32506732098409,174161.320450218,1864,1.342470703125,12.0,2.0,44.0,0
62.35701333000907,174161.352396227,1865,1.34322265625,12.0,2.0,44.0,0
62.39306860399665,174161.388451501,1866,1.3387565104166668,8.0,2.0,44.0,0
62.42503412999213,174161.420417027,1867,1.3344205729166667,10.0,2.0,44.0,0
62.461094652011525,174161.456477549,1868,1.345048828125,15.0,2.0,44.0,0
62.49303683399921,174161.488419731,1869,1.337548828125,17.0,2.0,44.0,0
62.524993389990414,174161.520376287,1870,1.3334505208333334,8.0,2.0,44.0,0
62.56104982900433,174161.556432726,1871,1.3371647135416667,9.0,2.0,44.0,0
62.593005133006955,174161.58838803,1872,1.3417252604166667,9.0,2.0,44.0,0
62.62505102501018,174161.620433922,1873,1.3371940104166666,12.0,2.0,44.0,0
62.66105786099797,174161.656440758,1874,1.3339778645833333,7.0,2.0,44.0,0
62.69300082899281,174161.688383726,1875,1.3386295572916667,10.0,2.0,44.0,0
62.72903429099824,174161.724417188,1876,1.341787109375,8.0,2.0,44.0,0
62.761083391989814,174161.756466289,1877,1.3471321614583334,17.0,2.0,44.0,0
62.792991344002075,174161.788374241,1878,1.3381705729166666,13.0,2.0,44.0,0
62.829055123991566,174161.824438021,1879,1.3433919270833334,8.0,2.0,44.0,0
62.86103078100132,174161.856413678,1880,1.33671875,9.0,2.0,44.0,0
62.89299789301003,174161.88838079,1881,1.3373958333333333,10.0,2.0,44.0,0
62.929091825993964,174161.924474723,1882,1.3405143229166667,12.0,2.0,44.0,0
62.96109323398559,174161.956476131,1883,1.3388509114583333,10.0,2.0,44.0,0
62.99294422499952,174161.988327122,1884,1.344150390625,10.0,2.0,44.0,0
63.02904279399081,174162.024425691,1885,1.3367545572916666,10.0,2.0,44.0,0
63.06106008699862,174162.056442984,1886,1.33412109375,8.0,2.0,44.0,0
63.097010219993535,174162.092393117,1887,1.3320475260416667,14.0,2.0,44.0,0
63.129036753991386,174162.124419651,1888,1.3329654947916667,9.0,2.0,44.0,0
63.160954874008894,174162.156337771,1889,1.334775390625,13.0,2.0,44.0,0
63.19701114000054,174162.192394037,1890,1.33373046875,8.0,2.0,44.0,0
63.22904984999332,174162.224432747,1891,1.33908203125,8.0,2.0,44.0,0
63.2611679440015,174162.256550841,1892,1.343525390625,12.0,2.0,44.0,0
63.2970236770052,174162.292406574,1893,1.333955078125,12.0,2.0,44.0,0
63.329015086987056,174162.324397984,1894,1.3353092447916666,8.0,2.0,44.0,0
63.36503188399365,174162.360414781,1895,1.3381901041666666,9.0,2.0,44.0,0
63.39708468600293,174162.392467583,1896,1.334970703125,10.0,2.0,44.0,0
63.42900916698272,174162.424392064,1897,1.343681640625,8.0,2.0,44.0,0
63.46503102200222,174162.460413919,1898,1.3361751302083333,7.0,2.0,44.0,0
63.497019820002606,174162.492402717,1899,1.3335221354166666,10.0,2.0,44.0,0
63.52901435201056,174162.524397249,1900,1.3343782552083334,12.0,2.0,44.0,0
63.56504954400589,174162.560432441,1901,1.3406705729166666,8.0,2.0,44.0,0
63.597024722985225,174162.59240762,1902,1.335576171875,8.0,2.0,44.0,0
63.629006954986835,174162.624389852,1903,1.3386263020833333,8.0,2.0,44.0,0
63.66504992698901,174162.660432824,1904,1.340048828125,10.0,2.0,44.0,0
63.69699231200502,174162.692375209,1905,1.3382845052083334,10.0,2.0,44.0,0
63.73305112900562,174162.728434026,1906,1.3385416666666667,7.0,2.0,44.0,0
63.765040141006466,174162.760423038,1907,1.3382161458333333,11.0,2.0,44.0,0
63.79699907000759,174162.792381967,1908,1.3388313802083334,8.0,2.0,44.0,0
63.83303622499807,174162.828419122,1909,1.3414778645833334,6.0,2.0,44.0,0
63.86503814699245,174162.860421044,1910,1.3351399739583334,8.0,2.0,44.0,0
63.89702061700518,174162.892403514,1911,1.3320442708333333,11.0,2.0,44.0,0
63.93306150400895,174162.928444401,1912,1.338408203125,7.0,2.0,44.0,0
63.96505607099971,174162.960438968,1913,1.338662109375,12.0,2.0,44.0,0
64.0010162589897,174162.996399156,1914,1.3472102864583333,8.0,2.0,44.0,0
64.03307943599066,174163.028462333,1915,1.3382486979166666,12.0,2.0,44.0,0
64.06502705698949,174163.060409954,1916,1.3380403645833334,12.0,2.0,44.0,0
64.10108056999161,174163.096463467,1917,1.3364811197916666,10.0,2.0,44.0,0
64.13303516400629,174163.128418061,1918,1.34251953125,9.0,2.0,44.0,0
64.165010806988,174163.160393704,1919,1.3426985677083334,7.0,2.0,44.0,0
64.20102088100975,174163.196403778,1920,1.339482421875,14.0,2.0,44.0,0
64.23302100299043,174163.2284039,1921,1.3367708333333332,8.0,2.0,44.0,0
64.2650636920007,174163.260446589,1922,1.3403385416666667,10.0,2.0,44.0,0
64.30106168499333,174163.296444582,1923,1.335361328125,6.0,2.0,44.0,0
64.33296722100931,174163.328350118,1924,1.3413053385416667,9.0,2.0,44.0,0
64.36903604399413,174163.364418941,1925,1.3328776041666666,9.0,2.0,44.0,0
64.40106511200429,174163.396448009,1926,1.3424739583333334,7.0,2.0,44.0,0
64.43298615099047,174163.428369048,1927,1.3420833333333333,10.0,2.0,44.0,0
64.46902933900128,174163.464412236,1928,1.3398697916666666,15.0,2.0,44.0,0
64.50106742500793,174163.496450322,1929,1.349375,11.0,2.0,44.0,0
64.53299209600664,174163.528374993,1930,1.3384244791666666,7.0,2.0,44.0,0
64.56906629700097,174163.564449194,1931,1.3353190104166666,12.0,2.0,44.0,0
64.60106127598556,174163.596444173,1932,1.335078125,8.0,2.0,44.0,0
64.63703725300729,174163.63242015,1933,1.3417415364583334,9.0,2.0,44.0,0
64.66904894300387,174163.66443184,1934,1.3412239583333334,11.0,2.0,44.0,0
64.70100559500861,174163.696388492,1935,1.3479557291666666,6.0,2.0,44.0,0
64.73705153499031,174163.732434432,1936,1.34064453125,12.0,2.0,44.0,0
64.7690390929929,174163.76442199,1937,1.341455078125,7.0,2.0,44.0,0
64.80099075098406,174163.796373648,1938,1.341318359375,11.0,2.0,44.0,0
64.83709206600906,174163.832474963,1939,1.34080078125,9.0,2.0,44.0,0
64.86907667500782,174163.864459572,1940,1.3399153645833333,8.0,2.0,44.0,0
64.90095780001138,174163.896340697,1941,1.3390266927083334,9.0,2.0,44.0,0
64.93704961499316,174163.932432512,1942,1.3359049479166667,12.0,2.0,44.0,0
64.96902970501105,174163.964412602,1943,1.3441959635416667,11.0,2.0,44.0,0
65.00508770099259,174164.000470598,1944,1.3417708333333334,8.0,2.0,44.0,0
65.03710958000738,174164.032492477,1945,1.3352180989583333,8.0,2.0,44.0,0
65.069042358984,174164.064425256,1946,1.3350325520833333,8.0,2.0,44.0,0
65.10509927198291,174164.100482169,1947,1.3314453125,9.0,2.0,44.0,0
65.13706846398418,174164.132451361,1948,1.3421223958333333,9.0,2.0,44.0,0
65.1690334790037,174164.164416376,1949,1.34314453125,12.0,2.0,44.0,0
65.20509655599017,174164.200479453,1950,1.3373274739583334,9.0,2.0,44.0,0
65.23713778599631,174164.232520683,1951,1.336474609375,10.0,2.0,44.0,0
65.27304384499439,174164.268426742,1952,1.3383268229166667,8.0,2.0,44.0,0
65.30510182099533,174164.300484718,1953,1.3404459635416666,10.0,2.0,44.0,0
65.33705244999146,174164.332435347,1954,1.33947265625,10.0,2.0,44.0,0
65.37314918200718,174164.368532079,1955,1.337802734375,11.0,2.0,44.0,0
65.40508800800308,174164.400470905,1956,1.3385904947916667,6.0,2.0,44.0,0
65.43701982000493,174164.432402717,1957,1.330517578125,9.0,2.0,44.0,0
65.47304324799916,174164.468426145,1958,1.3401171875,11.0,2.0,44.0,0
65.50506316998508,174164.500446067,1959,1.339345703125,6.0,2.0,44.0,0
65.53703538401169,174164.532418281,1960,1.3399609375,9.0,2.0,44.0,0
65.57310057900031,174164.568483476,1961,1.3373828125,12.0,2.0,44.0,0
65.60496465099277,174164.600347548,1962,1.3358430989583334,9.0,2.0,44.0,0
65.64105733399629,174164.636440231,1963,1.34193359375,10.0,2.0,44.0,0
65.67305897400365,174164.668441871,1964,1.333984375,10.0,2.0,44.0,0
65.70505706898984,174164.700439966,1965,1.336328125,10.0,2.0,44.0,0
65.74105911399238,174164.736442011,1966,1.3316015625,9.0,2.0,44.0,0
65.7730711059994,174164.768454003,1967,1.3402962239583334,8.0,2.0,44.0,0
65.80500784199103,174164.800390739,1968,1.3343359375,8.0,2.0,44.0,0
65.84105712000746,174164.836440017,1969,1.347177734375,8.0,2.0,44.0,0
65.8730919540103,174164.868474851,1970,1.3354361979166667,7.0,2.0,44.0,0
65.90909713800647,174164.904480035,1971,1.34015625,12.0,2.0,44.0,0
65.94102485300391,174164.93640775,1972,1.3375162760416666,13.0,2.0,44.0,0
65.97297023099964,174164.968353128,1973,1.3481217447916667,7.0,2.0,44.0,0
66.0089949000103,174165.004377797,1974,1.33623046875,9.0,2.0,44.0,0
66.04104419698706,174165.036427094,1975,1.33962890625,8.0,2.0,44.0,0
66.07308055699104,174165.068463454,1976,1.3424479166666667,10.0,2.0,44.0,0
66.10899418400368,174165.104377081,1977,1.3440266927083333,13.0,2.0,44.0,0
66.14105572199333,174165.136438619,1978,1.335693359375,8.0,2.0,44.0,0
66.17302657099208,174165.168409468,1979,1.3447037760416667,10.0,2.0,44.0,0
66.20899760900647,174165.204380506,1980,1.3409049479166666,11.0,2.0,44.0,0
66.24105350600439,174165.236436403,1981,1.337216796875,7.0,2.0,44.0,0
66.27707770399866,174165.272460601,1982,1.338779296875,12.0,2.0,44.0,0
66.3089822930051,174165.30436519,1983,1.3432356770833334,11.0,2.0,44.0,0
66.34099636899191,174165.336379266,1984,1.3386490885416666,9.0,2.0,44.0,0
66.37701897000079,174165.372401867,1985,1.345302734375,12.0,2.0,44.0,0
66.40902693700627,174165.404409834,1986,1.3373990885416667,8.0,2.0,44.0,0
66.44099653698504,174165.436379434,1987,1.3425065104166667,12.0,2.0,44.0,0
66.47702534100972,174165.472408238,1988,1.3346451822916667,11.0,2.0,44.0,0
66.50903911000933,174165.504422007,1989,1.3432194010416667,11.0,2.0,44.0,0
66.54508850700222,174165.540471404,1990,1.340029296875,9.0,2.0,44.0,0
66.57701737698517,174165.572400274,1991,1.3330598958333333,8.0,2.0,44.0,0
66.60896517900983,174165.604348076,1992,1.3362434895833333,11.0,2.0,44.0,0
66.64497905600001,174165.640361953,1993,1.3399739583333334,8.0,2.0,44.0,0
66.67702801298583,174165.67241091,1994,1.33474609375,11.0,2.0,44.0,0
66.70897420300753,174165.7043571,1995,1.334638671875,10.0,2.0,44.0,0
66.74507169699064,174165.740454594,1996,1.3459733072916666,12.0,2.0,44.0,0
66.77702777000377,174165.772410667,1997,1.3354850260416666,8.0,2.0,44.0,0
66.80897529999493,174165.804358197,1998,1.3357421875,6.0,2.0,44.0,0
66.84502687799977,174165.840409775,1999,1.3465397135416666,11.0,2.0,44.0,0
66.87692969900672,174165.872312596,2000,1.336103515625,10.0,2.0,44.0,0
66.91305041700252,174165.908433314,2001,1.34291015625,9.0,2.0,44.0,0
66.94508716100245,174165.940470058,2002,1.3355338541666666,9.0,2.0,44.0,0
66.97699611398275,174165.972379011,2003,1.3342317708333333,8.0,2.0,44.0,0
67.01306964099058,174166.008452538,2004,1.3442252604166667,15.0,2.0,44.0,0
67.04506269400008,174166.040445591,2005,1.34080078125,8.0,2.0,44.0,0
67.07701115700183,174166.072394054,2006,1.3364095052083333,8.0,2.0,44.0,0
67.11305690399604,174166.108439801,2007,1.3455891927083334,10.0,2.0,44.0,0
67.14509522699518,174166.140478124,2008,1.3374055989583333,8.0,2.0,44.0,0
67.1810676989844,174166.176450596,2009,1.3393294270833334,5.0,2.0,44.0,0
67.21306966399425,174166.208452561,2010,1.333974609375,10.0,2.0,44.0,0
67.2449481629883,174166.24033106,2011,1.336162109375,10.0,2.0,44.0,0
67.28106934999232,174166.276452247,2012,1.3440657552083333,6.0,2.0,44.0,0
67.3130697630113,174166.30845266,2013,1.336923828125,6.0,2.0,44.0,0
67.34496951900655,174166.340352416,2014,1.3441276041666668,7.0,2.0,44.0,0
67.38109477699618,174166.376477674,2015,1.3357486979166666,9.0,2.0,44.0,0
67.41307948800386,174166.408462385,2016,1.34009765625,7.0,2.0,44.0,0
67.44500459200935,174166.440387489,2017,1.335908203125,10.0,2.0,44.0,0
67.48106198900496,174166.476444886,2018,1.3311002604166666,10.0,2.0,44.0,0
67.51304276098381,174166.508425658,2019,1.3416178385416666,7.0,2.0,44.0,0
67.54907518500113,174166.544458082,2020,1.3372623697916666,9.0,2.0,44.0,0
67.58105557100498,174166.576438468,2021,1.3416015625,12.0,2.0,44.0,0
67.61296140699415,174166.608344304,2022,1.333193359375,8.0,2.0,44.0,0
67.64905967298546,174166.64444257,2023,1.3438313802083333,8.0,2.0,44.0,0
67.6810909769847,174166.676473874,2024,1.3449934895833333,8.0,2.0,44.0,0
67.71312815501005,174166.708511052,2025,1.3419791666666667,9.0,2.0,44.0,0
67.74906908799312,174166.744451985,2026,1.3367350260416666,7.0,2.0,44.0,0
67.78106249900884,174166.776445396,2027,1.3282942708333334,7.0,2.0,44.0,0
67.8170757489861,174166.812458646,2028,1.3340104166666666,8.0,2.0,44.0,0
67.84910233700066,174166.844485234,2029,1.3422819010416667,8.0,2.0,44.0,0
67.88098098000046,174166.876363877,2030,1.3401432291666666,12.0,2.0,44.0,0
67.91710844900808,174166.912491346,2031,1.342177734375,8.0,2.0,44.0,0
67.9490462289832,174166.944429126,2032,1.3369661458333333,9.0,2.0,44.0,0
67.98102634298266,174166.97640924,2033,1.3402864583333334,7.0,2.0,44.0,0
68.01709646199015,174167.012479359,2034,1.343974609375,10.0,2.0,44.0,0
68.04908969299868,174167.04447259,2035,1.342529296875,14.0,2.0,44.0,0
68.08098109500133,174167.076363992,2036,1.34240234375,8.0,2.0,44.0,0
68.11710537900217,174167.112488276,2037,1.3274609375,12.0,2.0,44.0,0
68.14899661100935,174167.144379508,2038,1.3438639322916666,8.0,2.0,44.0,0
68.18503597698873,174167.180418874,2039,1.3420475260416667,5.0,2.0,44.0,0
68.21702957898378,174167.212412476,2040,1.3355338541666666,6.0,2.0,44.0,0
68.24907659599558,174167.244459493,2041,1.3411165364583333,9.0,2.0,44.0,0
68.28508621899527,174167.280469116,2042,1.33796875,6.0,2.0,44.0,0
68.3170269659895,174167.312409863,2043,1.3281640625,14.0,2.0,44.0,0
68.34903162400587,174167.344414521,2044,1.350458984375,10.0,2.0,44.0,0
68.38507727399701,174167.380460171,2045,1.33796875,7.0,2.0,44.0,0
68.41706032899674,174167.412443226,2046,1.3398502604166667,17.0,2.0,44.0,0
68.45303529300145,174167.44841819,2047,1.337265625,10.0,2.0,44.0,0
68.4881769779895,174167.483559875,2048,1.3369498697916666,8.0,2.0,44.0,0
68.51800690198434,174167.513389799,2049,1.3350390625,8.0,2.0,44.0,0
68.55308638198767,174167.548469279,2050,1.3440234375,10.0,2.0,44.0,0
68.58508133600117,174167.580464233,2051,1.337470703125,8.0,2.0,44.0,0
68.61697796700173,174167.612360864,2052,1.343310546875,8.0,2.0,44.0,0
68.65307863301132,174167.64846153,2053,1.3365462239583332,12.0,2.0,44.0,0
68.68500841999776,174167.680391317,2054,1.3404231770833333,9.0,2.0,44.0,0
68.71703937099664,174167.712422268,2055,1.3324479166666667,7.0,2.0,44.0,0
68.75311223199242,174167.748495129,2056,1.3399055989583333,8.0,2.0,44.0,0
68.78499617398484,174167.780379071,2057,1.3329752604166667,10.0,2.0,44.0,0
68.82104838400846,174167.816431281,2058,1.3424055989583332,12.0,2.0,44.0,0
68.85300973799895,174167.848392635,2059,1.3315657552083333,10.0,2.0,44.0,0
68.8850045230065,174167.88038742,2060,1.3357356770833333,13.0,2.0,44.0,0
68.92109234898817,174167.916475246,2061,1.3336653645833334,12.0,2.0,44.0,0
68.95307320301072,174167.9484561,2062,1.3347005208333333,8.0,2.0,44.0,0
68.98502350298804,174167.9804064,2063,1.3381119791666667,12.0,2.0,44.0,0
69.02110168998479,174168.016484587,2064,1.334365234375,9.0,2.0,44.0,0
69.053215249005,174168.048598146,2065,1.33982421875,10.0,2.0,44.0,0
69.08906187600223,174168.084444773,2066,1.3344921875,12.0,2.0,44.0,0
69.12108523599454,174168.116468133,2067,1.3416145833333333,15.0,2.0,44.0,0
69.1530638980039,174168.148446795,2068,1.345322265625,9.0,2.0,44.0,0
69.18907684399164,174168.184459741,2069,1.3407454427083334,8.0,2.0,44.0,0
69.22109008900588,174168.216472986,2070,1.336328125,12.0,2.0,44.0,0
69.25297820699052,174168.248361104,2071,1.3322591145833333,10.0,2.0,44.0,0
69.28904401199543,174168.284426909,2072,1.3338704427083334,12.0,2.0,44.0,0
69.32104081200669,174168.316423709,2073,1.3432389322916667,10.0,2.0,44.0,0
69.352979821997,174168.348362719,2074,1.3419921875,12.0,2.0,44.0,0
69.38910583499819,174168.384488732,2075,1.3398209635416667,16.0,2.0,44.0,0
69.42105440798332,174168.416437305,2076,1.3462434895833333,7.0,2.0,44.0,0
69.45703440299258,174168.4524173,2077,1.338271484375,12.0,2.0,44.0,0
69.48906680601067,174168.484449703,2078,1.3391080729166667,12.0,2.0,44.0,0
69.52107664899086,174168.516459546,2079,1.342548828125,12.0,2.0,44.0,0
69.55708713299828,174168.55247003,2080,1.3459895833333333,15.0,2.0,44.0,0
69.58906695898622,174168.584449856,2081,1.3489615885416666,10.0,2.0,44.0,0
69.62105085400981,174168.616433751,2082,1.3464973958333333,8.0,2.0,44.0,0
69.65717465200578,174168.652557549,2083,1.3492252604166666,10.0,2.0,44.0,0
69.6891035019944,174168.684486399,2084,1.3388932291666666,8.0,2.0,44.0,0
69.7250709059881,174168.720453803,2085,1.33966796875,12.0,2.0,44.0,0
69.75713386799907,174168.752516765,2086,1.337275390625,11.0,2.0,44.0,0
69.7890503499948,174168.784433247,2087,1.3361946614583333,9.0,2.0,44.0,0
69.82504321300075,174168.82042611,2088,1.33974609375,10.0,2.0,44.0,0
69.85708414000692,174168.852467037,2089,1.3408821614583333,12.0,2.0,44.0,0
69.88904469300178,174168.88442759,2090,1.339775390625,6.0,2.0,44.0,0
69.92509767398587,174168.920480571,2091,1.3309700520833334,12.0,2.0,44.0,0
69.95708434499102,174168.952467242,2092,1.3374251302083333,12.0,2.0,44.0,0
69.98904466500971,174168.984427562,2093,1.3361458333333334,12.0,2.0,44.0,0
70.02512657101033,174169.020509468,2094,1.3400130208333334,18.0,2.0,44.0,0
70.05706897500204,174169.052451872,2095,1.3337239583333333,10.0,2.0,44.0,0
70.09304018400144,174169.088423081,2096,1.3334895833333333,12.0,2.0,44.0,0
70.12508255298599,174169.12046545,2097,1.3420247395833333,8.0,2.0,44.0,0
70.15703965901048,174169.152422556,2098,1.333583984375,9.0,2.0,44.0,0
70.19308917800663,174169.188472075,2099,1.3407779947916667,9.0,2.0,44.0,0
70.22508267100784,174169.220465568,2100,1.3444205729166667,7.0,2.0,44.0,0
70.25708042600309,174169.252463323,2101,1.3400325520833334,11.0,2.0,44.0,0
70.29302338600974,174169.288406283,2102,1.3379069010416667,8.0,2.0,44.0,0
70.32509460198344,174169.320477499,2103,1.338525390625,10.0,2.0,44.0,0
70.36109974299325,174169.35648264,2104,1.3398665364583333,10.0,2.0,44.0,0
70.3930751470034,174169.388458044,2105,1.336474609375,8.0,2.0,44.0,0
70.4250447450031,174169.420427642,2106,1.3393977864583333,8.0,2.0,44.0,0
70.46109130699188,174169.456474204,2107,1.333525390625,15.0,2.0,44.0,0
70.49306389200501,174169.488446789,2108,1.3362825520833332,15.0,2.0,44.0,0
70.52505316998577,174169.520436067,2109,1.3383072916666667,10.0,2.0,44.0,0
70.56109122399357,174169.556474121,2110,1.3325553385416666,10.0,2.0,44.0,0
70.59306549199391,174169.588448389,2111,1.3408072916666667,8.0,2.0,44.0,0
70.62501700999564,174169.620399907,2112,1.3449283854166667,10.0,2.0,44.0,0
70.66106242200476,174169.656445319,2113,1.341376953125,9.0,2.0,44.0,0
70.6930260710069,174169.688408968,2114,1.3401171875,10.0,2.0,44.0,0
70.72904889599886,174169.724431793,2115,1.3365364583333332,8.0,2.0,44.0,0
70.76106527098455,174169.756448168,2116,1.339638671875,11.0,2.0,44.0,0
70.79306190498755,174169.788444802,2117,1.3381022135416667,10.0,2.0,44.0,0
70.8290780170064,174169.824460914,2118,1.34154296875,15.0,2.0,44.0,0
70.86106990699773,174169.856452804,2119,1.33669921875,6.0,2.0,44.0,0
70.89306146098534,174169.888444358,2120,1.3444954427083333,17.0,2.0,44.0,0
70.92910199199105,174169.924484889,2121,1.3278190104166667,7.0,2.0,44.0,0
70.9610798349895,174169.956462732,2122,1.3403776041666666,12.0,2.0,44.0,0
70.99707518200739,174169.992458079,2123,1.3448079427083333,10.0,2.0,44.0,0
71.02906241698656,174170.024445314,2124,1.3398046875,9.0,2.0,44.0,0
71.0612178829906,174170.05660078,2125,1.3390169270833334,10.0,2.0,44.0,0
71.09702695600572,174170.092409853,2126,1.341533203125,12.0,2.0,44.0,0
71.12910311599262,174170.124486013,2127,1.3425358072916667,8.0,2.0,44.0,0
71.16106954298448,174170.15645244,2128,1.3331868489583334,8.0,2.0,44.0,0
71.1970831299841,174170.192466027,2129,1.3387955729166667,9.0,2.0,44.0,0
71.22908640699461,174170.224469304,2130,1.3369694010416666,10.0,2.0,44.0,0
71.26103564500227,174170.256418542,2131,1.344638671875,13.0,2.0,44.0,0
71.29708773098537,174170.292470628,2132,1.34232421875,10.0,2.0,44.0,0
71.32904863200383,174170.324431529,2133,1.3297786458333334,8.0,2.0,44.0,0
71.36509556698729,174170.360478464,2134,1.337861328125,8.0,2.0,44.0,0
71.39699338999344,174170.392376287,2135,1.336728515625,11.0,2.0,44.0,0
71.42900830198778,174170.424391199,2136,1.347734375,11.0,2.0,44.0,0
71.46508384900517,174170.460466746,2137,1.341318359375,11.0,2.0,44.0,0
71.49709446800989,174170.492477365,2138,1.33720703125,12.0,2.0,44.0,0
71.52905992799788,174170.524442825,2139,1.34337890625,11.0,2.0,44.0,0
71.56510199900367,174170.560484896,2140,1.3325227864583333,7.0,2.0,44.0,0
71.59710967799765,174170.592492575,2141,1.34177734375,8.0,2.0,44.0,0
71.6330716359953,174170.628454533,2142,1.3319791666666667,15.0,2.0,44.0,0
71.66514572699089,174170.660528624,2143,1.3339388020833334,8.0,2.0,44.0,0
71.69706412300002,174170.69244702,2144,1.335615234375,11.0,2.0,44.0,0
71.73310952298925,174170.72849242,2145,1.334404296875,8.0,2.0,44.0,0
71.76504961500177,174170.760432512,2146,1.3384733072916666,8.0,2.0,44.0,0
71.79706455598352,174170.792447453,2147,1.3365787760416667,9.0,2.0,44.0,0
71.83321761499974,174170.828600512,2148,1.3403255208333333,10.0,2.0,44.0,0
71.86503878800431,174170.860421685,2149,1.341181640625,8.0,2.0,44.0,0
71.89703131400165,174170.892414211,2150,1.3399251302083333,9.0,2.0,44.0,0
71.93312598098419,174170.928508878,2151,1.3347623697916666,9.0,2.0,44.0,0
71.96505307900952,174170.960435976,2152,1.3451302083333334,13.0,2.0,44.0,0
72.0011132810032,174170.996496178,2153,1.3391243489583333,5.0,2.0,44.0,0
72.03306149601121,174171.028444393,2154,1.3331087239583332,8.0,2.0,44.0,0
72.06504268498975,174171.060425582,2155,1.3360546875,8.0,2.0,44.0,0
72.1010946489987,174171.096477546,2156,1.335732421875,11.0,2.0,44.0,0
72.13309531498817,174171.128478212,2157,1.3445572916666666,6.0,2.0,44.0,0
72.16519885399612,174171.160581751,2158,1.329462890625,12.0,2.0,44.0,0
72.20108926401008,174171.196472161,2159,1.3392805989583334,13.0,2.0,44.0,0
72.23309893498663,174171.228481832,2160,1.3414680989583334,7.0,2.0,44.0,0
72.26908025098965,174171.264463148,2161,1.3453157552083332,12.0,2.0,44.0,0
72.30109086699667,174171.296473764,2162,1.3395377604166667,7.0,2.0,44.0,0
72.33306836499833,174171.328451262,2163,1.334453125,11.0,2.0,44.0,0
72.36909347999608,174171.364476377,2164,1.3438053385416666,7.0,2.0,44.0,0
72.40105580899399,174171.396438706,2165,1.3378092447916667,12.0,2.0,44.0,0
72.43301526398864,174171.428398161,2166,1.3312141927083334,9.0,2.0,44.0,0
72.46907087700674,174171.464453774,2167,1.3364420572916667,10.0,2.0,44.0,0
72.50109367398545,174171.496476571,2168,1.3401236979166666,10.0,2.0,44.0,0
72.53303703299025,174171.52841993,2169,1.34033203125,12.0,2.0,44.0,0
72.56906314200023,174171.564446039,2170,1.337568359375,7.0,2.0,44.0,0
72.60103044600692,174171.596413343,2171,1.3331282552083332,8.0,2.0,44.0,0
72.63708171699545,174171.632464614,2172,1.3316927083333334,6.0,2.0,44.0,0
72.66907903799438,174171.664461935,2173,1.3404524739583332,10.0,2.0,44.0,0
72.70107722899411,174171.696460126,2174,1.3413899739583333,11.0,2.0,44.0,0
72.7370657940046,174171.732448691,2175,1.3424251302083334,8.0,2.0,44.0,0
72.76907181800925,174171.764454715,2176,1.33923828125,8.0,2.0,44.0,0
72.80106898600934,174171.796451883,2177,1.346376953125,10.0,2.0,44.0,0
72.837114880007,174171.832497777,2178,1.3362141927083333,8.0,2.0,44.0,0
72.86906306201126,174171.864445959,2179,1.3333821614583334,9.0,2.0,44.0,0
72.90503085998353,174171.900413757,2180,1.3383203125,8.0,2.0,44.0,0
72.93707747300505,174171.93246037,2181,1.3429752604166667,12.0,2.0,44.0,0
72.96906930601108,174171.964452203,2182,1.3412272135416667,14.0,2.0,44.0,0
73.00514233700233,174172.000525234,2183,1.3360807291666668,8.0,2.0,44.0,0
73.0370967189956,174172.032479616,2184,1.336748046875,8.0,2.0,44.0,0
73.06905047901091,174172.064433376,2185,1.3359602864583333,12.0,2.0,44.0,0
73.10508077198756,174172.100463669,2186,1.3415169270833334,11.0,2.0,44.0,0
73.13708592098556,174172.132468818,2187,1.346630859375,10.0,2.0,44.0,0
73.16906272800406,174172.164445625,2188,1.3365397135416666,8.0,2.0,44.0,0
73.20506778400159,174172.200450681,2189,1.336025390625,9.0,2.0,44.0,0
73.2370301419869,174172.232413039,2190,1.3394270833333333,8.0,2.0,44.0,0
73.27303824198316,174172.268421139,2191,1.335224609375,7.0,2.0,44.0,0
73.30509512400022,174172.300478021,2192,1.3354524739583333,8.0,2.0,44.0,0
73.33709480299149,174172.3324777,2193,1.3475325520833332,9.0,2.0,44.0,0
73.37309630800155,174172.368479205,2194,1.33900390625,12.0,2.0,44.0,0
73.4050546970102,174172.400437594,2195,1.3418098958333333,14.0,2.0,44.0,0
73.43705458499608,174172.432437482,2196,1.3304036458333333,9.0,2.0,44.0,0
73.47313206200488,174172.468514959,2197,1.34111328125,8.0,2.0,44.0,0
73.50510654700338,174172.500489444,2198,1.3341048177083332,14.0,2.0,44.0,0
73.54105126200011,174172.536434159,2199,1.3326204427083332,8.0,2.0,44.0,0
73.57310243698885,174172.568485334,2200,1.3352962239583333,12.0,2.0,44.0,0
73.60503279298428,174172.60041569,2201,1.3368489583333334,11.0,2.0,44.0,0
73.64114010200137,174172.636522999,2202,1.3351432291666667,14.0,2.0,44.0,0
73.6731212970044,174172.668504194,2203,1.326640625,10.0,2.0,44.0,0
73.70506534600281,174172.700448243,2204,1.3430403645833333,14.0,2.0,44.0,0
73.74112971400609,174172.736512611,2205,1.33595703125,11.0,2.0,44.0,0
73.77309201698517,174172.768474914,2206,1.3431966145833334,8.0,2.0,44.0,0
73.80507873700117,174172.800461634,2207,1.3366861979166667,10.0,2.0,44.0,0
73.84116128800088,174172.836544185,2208,1.331435546875,11.0,2.0,44.0,0
73.87307390099159,174172.868456798,2209,1.3360319010416666,12.0,2.0,44.0,0
73.90911230898928,174172.904495206,2210,1.338779296875,10.0,2.0,44.0,0
73.94112136898912,174172.936504266,2211,1.3412825520833334,8.0,2.0,44.0,0
73.97309269499965,174172.968475592,2212,1.3429361979166667,8.0,2.0,44.0,0
74.00932855598512,174173.004711453,2213,1.338525390625,10.0,2.0,44.0,0
74.04104069698951,174173.036423594,2214,1.3425358072916667,7.0,2.0,44.0,0
74.07327483900008,174173.068657736,2215,1.3354329427083333,6.0,2.0,44.0,0
74.10909598099533,174173.104478878,2216,1.34083984375,8.0,2.0,44.0,0
74.14103864200297,174173.136421539,2217,1.3426041666666666,12.0,2.0,44.0,0
74.17712586501148,174173.172508762,2218,1.3421223958333333,12.0,2.0,44.0,0
74.20909404099802,174173.204476938,2219,1.34580078125,7.0,2.0,44.0,0
74.24102401200798,174173.236406909,2220,1.3379720052083333,9.0,2.0,44.0,0
74.27708327700384,174173.272466174,2221,1.3349544270833333,17.0,2.0,44.0,0
74.30907852598466,174173.304461423,2222,1.3344661458333333,8.0,2.0,44.0,0
74.34104556898819,174173.336428466,2223,1.3405989583333333,9.0,2.0,44.0,0
74.37715055400622,174173.372533451,2224,1.3364876302083333,9.0,2.0,44.0,0
74.40910434900434,174173.404487246,2225,1.3350065104166666,7.0,2.0,44.0,0
74.4410799650068,174173.436462862,2226,1.3357486979166666,15.0,2.0,44.0,0
74.47710897499928,174173.472491872,2227,1.3480696614583334,8.0,2.0,44.0,0
74.5090916909976,174173.504474588,2228,1.3364518229166666,12.0,2.0,44.0,0
74.54510710798786,174173.540490005,2229,1.3410872395833333,9.0,2.0,44.0,0
74.57709798100404,174173.572480878,2230,1.3415625,8.0,2.0,44.0,0
74.60907640500227,174173.604459302,2231,1.3384537760416666,12.0,2.0,44.0,0
74.64507707199664,174173.640459969,2232,1.3394368489583333,11.0,2.0,44.0,0
74.67709499498596,174173.672477892,2233,1.3438736979166668,12.0,2.0,44.0,0
74.70904239400988,174173.704425291,2234,1.3367024739583333,11.0,2.0,44.0,0
74.74507371900836,174173.740456616,2235,1.3411686197916666,12.0,2.0,44.0,0
74.77712781500304,174173.772510712,2236,1.34802734375,14.0,2.0,44.0,0
74.81309428598615,174173.808477183,2237,1.336923828125,9.0,2.0,44.0,0
74.84512988600181,174173.840512783,2238,1.3335416666666666,13.0,2.0,44.0,0
74.87702657000045,174173.872409467,2239,1.3338932291666667,10.0,2.0,44.0,0
74.91307052000775,174173.908453417,2240,1.3399186197916666,12.0,2.0,44.0,0
74.94510214700131,174173.940485044,2241,1.3441666666666667,12.0,2.0,44.0,0
74.97706479000044,174173.972447687,2242,1.344873046875,13.0,2.0,44.0,0
75.01308014098322,174174.008463038,2243,1.3350260416666666,12.0,2.0,44.0,0
75.04512275400339,174174.040505651,2244,1.3373404947916667,9.0,2.0,44.0,0
75.07709775600233,174174.072480653,2245,1.3316634114583332,8.0,2.0,44.0,0
75.11314146500081,174174.108524362,2246,1.3358072916666666,11.0,2.0,44.0,0
75.14503854999202,174174.140421447,2247,1.340185546875,8.0,2.0,44.0,0
75.18114797200542,174174.176530869,2248,1.345595703125,8.0,2.0,44.0,0
75.21322427500854,174174.208607172,2249,1.346884765625,8.0,2.0,44.0,0
75.2450623959885,174174.240445293,2250,1.3390299479166667,10.0,2.0,44.0,0
75.28105943198898,174174.276442329,2251,1.33298828125,10.0,2.0,44.0,0
75.31312173701008,174174.308504634,2252,1.3353776041666667,9.0,2.0,44.0,0
75.34511148399906,174174.340494381,2253,1.3443912760416667,9.0,2.0,44.0,0
75.38110592300654,174174.37648882,2254,1.3465104166666666,15.0,2.0,44.0,0
75.41302369799814,174174.408406595,2255,1.34220703125,11.0,2.0,44.0,0
75.44901443299023,174174.44439733,2256,1.341259765625,13.0,2.0,44.0,0
75.4811309799843,174174.476513877,2257,1.3400944010416667,9.0,2.0,44.0,0
75.51308184600202,174174.508464743,2258,1.3318489583333333,8.0,2.0,44.0,0
75.54910524500883,174174.544488142,2259,1.3391764322916666,12.0,2.0,44.0,0
75.58104455700959,174174.576427454,2260,1.3487760416666668,12.0,2.0,44.0,0
75.61307173999376,174174.608454637,2261,1.3411295572916666,16.0,2.0,44.0,0
75.64908687100979,174174.644469768,2262,1.346669921875,8.0,2.0,44.0,0
75.68111789500108,174174.676500792,2263,1.3368424479166667,8.0,2.0,44.0,0
75.71303250500932,174174.708415402,2264,1.3419498697916667,9.0,2.0,44.0,0
75.74910123698646,174174.744484134,2265,1.3445475260416666,13.0,2.0,44.0,0
75.78111126300064,174174.77649416,2266,1.343212890625,17.0,2.0,44.0,0
75.81711620200076,174174.812499099,2267,1.3354720052083333,6.0,2.0,44.0,0
75.84913300498738,174174.844515902,2268,1.3329036458333334,9.0,2.0,44.0,0
75.88108880698564,174174.876471704,2269,1.3369563802083333,7.0,2.0,44.0,0
75.917104002001,174174.912486899,2270,1.3448372395833332,10.0,2.0,44.0,0
75.949179696996,174174.944562594,2271,1.3384765625,10.0,2.0,44.0,0
75.98109186199144,174174.976474759,2272,1.3378645833333334,9.0,2.0,44.0,0
76.01711056398926,174175.012493461,2273,1.3392154947916666,14.0,2.0,44.0,0
76.04911480299779,174175.0444977,2274,1.3467610677083333,10.0,2.0,44.0,0
76.08513016501092,174175.080513062,2275,1.3412467447916667,12.0,2.0,44.0,0
76.11714591100463,174175.112528808,2276,1.3406022135416666,9.0,2.0,44.0,0
76.14907963998849,174175.144462537,2277,1.3379817708333333,9.0,2.0,44.0,0
76.18508816600661,174175.180471063,2278,1.3386848958333333,10.0,2.0,44.0,0
76.21708476101048,174175.212467658,2279,1.3392350260416668,9.0,2.0,44.0,0
76.24906991998432,174175.244452817,2280,1.337275390625,9.0,2.0,44.0,0
76.28513719199691,174175.280520089,2281,1.3395768229166667,15.0,2.0,44.0,0
76.31713049899554,174175.312513396,2282,1.34470703125,8.0,2.0,44.0,0
76.34907468000893,174175.344457577,2283,1.341396484375,7.0,2.0,44.0,0
76.3850847010035,174175.380467598,2284,1.33916015625,9.0,2.0,44.0,0
76.41703364398563,174175.412416541,2285,1.3357259114583333,7.0,2.0,44.0,0
76.45313077099854,174175.448513668,2286,1.3450911458333332,8.0,2.0,44.0,0
76.48510026599979,174175.480483163,2287,1.342421875,7.0,2.0,44.0,0
76.51703210899723,174175.512415006,2288,1.3369661458333333,11.0,2.0,44.0,0
76.55312628499814,174175.548509182,2289,1.3410579427083333,8.0,2.0,44.0,0
76.58511296499637,174175.580495862,2290,1.3430696614583333,11.0,2.0,44.0,0
76.6170696610061,174175.612452558,2291,1.3358203125,12.0,2.0,44.0,0
76.65309441299178,174175.64847731,2292,1.339375,15.0,2.0,44.0,0
76.68509190899204,174175.680474806,2293,1.3487662760416668,8.0,2.0,44.0,0
76.72110197399161,174175.716484871,2294,1.3251171875,12.0,2.0,44.0,0
76.7531153979944,174175.748498295,2295,1.3416048177083333,14.0,2.0,44.0,0
76.785076708009,174175.780459605,2296,1.335673828125,13.0,2.0,44.0,0
76.82108496499131,174175.816467862,2297,1.34244140625,10.0,2.0,44.0,0
76.85313953598961,174175.848522433,2298,1.33958984375,8.0,2.0,44.0,0
76.88506450899877,174175.880447406,2299,1.336171875,15.0,2.0,44.0,0
76.92103734600823,174175.916420243,2300,1.3391927083333333,9.0,2.0,44.0,0
76.95312067799387,174175.948503575,2301,1.3359700520833333,15.0,2.0,44.0,0
76.98510062199784,174175.980483519,2302,1.342412109375,9.0,2.0,44.0,0
77.02111480099848,174176.016497698,2303,1.3352799479166666,8.0,2.0,44.0,0
77.0531021640054,174176.048485061,2304,1.3390104166666668,9.0,2.0,44.0,0
77.08914576898678,174176.084528666,2305,1.3326725260416667,9.0,2.0,44.0,0
77.12108224999974,174176.116465147,2306,1.3360904947916667,10.0,2.0,44.0,0
77.15310222399421,174176.148485121,2307,1.3393977864583333,12.0,2.0,44.0,0
77.18911310000112,174176.184495997,2308,1.3454069010416667,9.0,2.0,44.0,0
77.22110425299616,174176.21648715,2309,1.3420052083333334,9.0,2.0,44.0,0
77.25309159100289,174176.248474488,2310,1.3325423177083333,8.0,2.0,44.0,0
77.28914583299775,174176.28452873,2311,1.339619140625,8.0,2.0,44.0,0
77.32110527800978,174176.316488175,2312,1.3429817708333334,10.0,2.0,44.0,0
77.35712803699425,174176.352510934,2313,1.3393229166666667,10.0,2.0,44.0,0
77.38913973298622,174176.38452263,2314,1.3409016927083333,8.0,2.0,44.0,0
77.42116454598727,174176.416547443,2315,1.3371712239583333,8.0,2.0,44.0,0
77.45710358899669,174176.452486486,2316,1.3415397135416667,12.0,2.0,44.0,0
77.48912421098794,174176.484507108,2317,1.3339095052083334,11.0,2.0,44.0,0
77.52106969998567,174176.516452597,2318,1.337470703125,15.0,2.0,44.0,0
77.55708941700868,174176.552472314,2319,1.33966796875,10.0,2.0,44.0,0
77.58913436898729,174176.584517266,2320,1.3436165364583332,14.0,2.0,44.0,0
77.6210831690114,174176.616466066,2321,1.3446549479166667,8.0,2.0,44.0,0
77.65710187799414,174176.652484775,2322,1.3377506510416666,8.0,2.0,44.0,0
77.68902757199248,174176.684410469,2323,1.3326334635416666,10.0,2.0,44.0,0
77.72511611398659,174176.720499011,2324,1.3349837239583333,8.0,2.0,44.0,0
77.75711571998545,174176.752498617,2325,1.34513671875,9.0,2.0,44.0,0
77.78907065198291,174176.784453549,2326,1.3398860677083333,9.0,2.0,44.0,0
77.8251884469937,174176.820571344,2327,1.3377180989583333,11.0,2.0,44.0,0
77.85715403800714,174176.852536935,2328,1.340478515625,10.0,2.0,44.0,0
77.88903776800726,174176.884420665,2329,1.3412076822916668,8.0,2.0,44.0,0
77.9251183049928,174176.920501202,2330,1.334052734375,10.0,2.0,44.0,0
77.95710931299254,174176.95249221,2331,1.3361946614583333,8.0,2.0,44.0,0
77.99312274399563,174176.988505641,2332,1.339130859375,9.0,2.0,44.0,0
78.02510970100411,174177.020492598,2333,1.3378125,6.0,2.0,44.0,0
78.05709981601103,174177.052482713,2334,1.342763671875,9.0,2.0,44.0,0
78.09309094399214,174177.088473841,2335,1.33576171875,9.0,2.0,44.0,0
78.12511435599299,174177.120497253,2336,1.3352571614583333,8.0,2.0,44.0,0
78.15704127898789,174177.152424176,2337,1.3423665364583333,7.0,2.0,44.0,0
78.19314702198608,174177.188529919,2338,1.3345833333333332,11.0,2.0,44.0,0
78.22511710401159,174177.220500001,2339,1.3380989583333334,8.0,2.0,44.0,0
78.25712353299605,174177.25250643,2340,1.335234375,12.0,2.0,44.0,0
78.2931063619908,174177.288489259,2341,1.32865234375,10.0,2.0,44.0,0
78.325104552001,174177.320487449,2342,1.3337272135416667,9.0,2.0,44.0,0
78.3611449529999,174177.35652785,2343,1.3381184895833333,8.0,2.0,44.0,0
78.39308415600681,174177.388467053,2344,1.3339615885416667,13.0,2.0,44.0,0
78.4251065129938,174177.42048941,2345,1.3460872395833334,12.0,2.0,44.0,0
78.46115196499159,174177.456534862,2346,1.33818359375,11.0,2.0,44.0,0
78.49317337799584,174177.488556275,2347,1.342275390625,9.0,2.0,44.0,0
78.52508723898791,174177.520470136,2348,1.3464713541666666,12.0,2.0,44.0,0
78.56112472098903,174177.556507618,2349,1.3352766927083333,14.0,2.0,44.0,0
78.59316145500634,174177.588544352,2350,1.3413671875,7.0,2.0,44.0,0
78.62908368400531,174177.624466581,2351,1.33681640625,12.0,2.0,44.0,0
78.66112547399825,174177.656508371,2352,1.345546875,11.0,2.0,44.0,0
78.69313073001103,174177.688513627,2353,1.344697265625,6.0,2.0,44.0,0
78.72910544098704,174177.724488338,2354,1.3435611979166666,16.0,2.0,44.0,0
78.76111824798863,174177.756501145,2355,1.339033203125,8.0,2.0,44.0,0
78.79311399901053,174177.788496896,2356,1.3447102864583333,16.0,2.0,44.0,0
78.82912639499409,174177.824509292,2357,1.3404069010416666,8.0,2.0,44.0,0
78.86112207898987,174177.856504976,2358,1.3419563802083334,6.0,2.0,44.0,0
78.89313375999336,174177.888516657,2359,1.332177734375,8.0,2.0,44.0,0
78.92911604300025,174177.92449894,2360,1.3415266927083334,9.0,2.0,44.0,0
78.96107192599447,174177.956454823,2361,1.34279296875,10.0,2.0,44.0,0
78.99711689999094,174177.992499797,2362,1.3423470052083333,13.0,2.0,44.0,0
79.02914227699512,174178.024525174,2363,1.3389876302083332,9.0,2.0,44.0,0
79.06119168800069,174178.056574585,2364,1.3379622395833333,8.0,2.0,44.0,0
79.09715565500665,174178.092538552,2365,1.345439453125,8.0,2.0,44.0,0
79.12911540200002,174178.124498299,2366,1.33640625,9.0,2.0,44.0,0
79.16109105900978,174178.156473956,2367,1.3476171875,12.0,2.0,44.0,0
79.19716801398317,174178.192550911,2368,1.3325716145833333,7.0,2.0,44.0,0
79.22908385898336,174178.224466756,2369,1.33625,8.0,2.0,44.0,0
79.26504774700152,174178.260430644,2370,1.3386393229166667,12.0,2.0,44.0,0
79.29714802300441,174178.29253092,2371,1.333857421875,10.0,2.0,44.0,0
79.3291036959854,174178.324486593,2372,1.3407747395833334,9.0,2.0,44.0,0
79.36513251700671,174178.360515414,2373,1.34126953125,9.0,2.0,44.0,0
79.3970802979893,174178.392463195,2374,1.3348697916666667,11.0,2.0,44.0,0
79.42908303299919,174178.42446593,2375,1.3307877604166667,12.0,2.0,44.0,0
79.46516989200609,174178.460552789,2376,1.3380436197916667,8.0,2.0,44.0,0
79.49714575899998,174178.492528656,2377,1.3341243489583334,10.0,2.0,44.0,0
79.52911110100104,174178.524493998,2378,1.3394954427083334,11.0,2.0,44.0,0
79.5651745669893,174178.560557464,2379,1.33416015625,10.0,2.0,44.0,0
79.5970922819979,174178.592475179,2380,1.3360579427083332,5.0,2.0,44.0,0
79.63310700998409,174178.628489907,2381,1.33919921875,10.0,2.0,44.0,0
79.66525904400623,174178.660641941,2382,1.33140625,8.0,2.0,44.0,0
79.69709259999217,174178.692475497,2383,1.3320247395833333,12.0,2.0,44.0,0
79.73316516098566,174178.728548058,2384,1.3406119791666666,10.0,2.0,44.0,0
79.76507962599862,174178.760462523,2385,1.3424088541666668,8.0,2.0,44.0,0
79.79708966700127,174178.792472564,2386,1.344951171875,9.0,2.0,44.0,0
79.83320099298726,174178.82858389,2387,1.3377994791666667,10.0,2.0,44.0,0
79.86539853501017,174178.860781432,2388,1.3392350260416668,12.0,2.0,44.0,0
79.901169165998,174178.896552063,2389,1.3369303385416667,9.0,2.0,44.0,0
79.93309040099848,174178.928473298,2390,1.3401790364583333,10.0,2.0,44.0,0
79.96507277101045,174178.960455668,2391,1.3475227864583332,7.0,2.0,44.0,0
80.00120555699687,174178.996588454,2392,1.3431705729166667,10.0,2.0,44.0,0
80.03317926399177,174179.028562161,2393,1.3441569010416667,6.0,2.0,44.0,0
80.06522983399918,174179.060612731,2394,1.3389192708333333,13.0,2.0,44.0,0
80.10119212398422,174179.096575021,2395,1.3430403645833333,15.0,2.0,44.0,0
80.13315273198532,174179.128535629,2396,1.3379361979166666,13.0,2.0,44.0,0
80.16511399298906,174179.16049689,2397,1.3368912760416667,13.0,2.0,44.0,0
80.20114029300748,174179.19652319,2398,1.3286393229166666,9.0,2.0,44.0,0
80.23312983100186,174179.228512728,2399,1.3372721354166666,8.0,2.0,44.0,0
80.26918781999848,174179.264570717,2400,1.3368977864583333,6.0,2.0,44.0,0
80.3011932449881,174179.296576142,2401,1.3357063802083333,8.0,2.0,44.0,0
80.3331483840011,174179.328531281,2402,1.3408365885416667,12.0,2.0,44.0,0
80.36918880100711,174179.364571698,2403,1.3407845052083334,8.0,2.0,44.0,0
80.40116828400642,174179.396551181,2404,1.3434342447916667,17.0,2.0,44.0,0
80.43315752100898,174179.428540418,2405,1.347294921875,10.0,2.0,44.0,0
80.46918286400614,174179.464565761,2406,1.3437272135416667,12.0,2.0,44.0,0
80.50113016998512,174179.496513067,2407,1.3397298177083334,14.0,2.0,44.0,0
80.53714784199838,174179.532530739,2408,1.3419694010416667,11.0,2.0,44.0,0
80.56922002398642,174179.564602921,2409,1.3443522135416666,6.0,2.0,44.0,0
80.60115272700205,174179.596535624,2410,1.3431087239583333,8.0,2.0,44.0,0
80.6371570439951,174179.632539941,2411,1.34193359375,6.0,2.0,44.0,0
80.66916856498574,174179.664551462,2412,1.33501953125,9.0,2.0,44.0,0
80.70114432100672,174179.696527218,2413,1.3353515625,15.0,2.0,44.0,0
80.73712282101042,174179.732505718,2414,1.3355110677083333,12.0,2.0,44.0,0
80.76915435900446,174179.764537256,2415,1.3387955729166667,9.0,2.0,44.0,0
80.80109764399822,174179.796480541,2416,1.3385514322916667,16.0,2.0,44.0,0
80.83714339201106,174179.832526289,2417,1.3440397135416666,5.0,2.0,44.0,0
80.86914106499171,174179.864523962,2418,1.3340462239583333,10.0,2.0,44.0,0
80.90525887400145,174179.900641771,2419,1.3354166666666667,9.0,2.0,44.0,0
80.93715362600051,174179.932536523,2420,1.3408854166666666,13.0,2.0,44.0,0
80.96911027099122,174179.964493168,2421,1.3386067708333333,7.0,2.0,44.0,0
81.01000501500675,174180.005387912,2422,1.33212890625,9.0,2.0,44.0,0
81.03884873300558,174180.03423163,2423,1.3387727864583334,12.0,2.0,44.0,0
81.06925262600998,174180.064635523,2424,1.336953125,8.0,2.0,44.0,0
81.10552451899275,174180.100907416,2425,1.3419694010416667,10.0,2.0,44.0,0
81.13774916698458,174180.133132064,2426,1.34263671875,8.0,2.0,44.0,0
81.17314880399499,174180.168531701,2427,1.3356315104166667,5.0,2.0,44.0,0
81.20520609500818,174180.200588992,2428,1.3397395833333334,10.0,2.0,44.0,0
81.23708453099243,174180.232467428,2429,1.3393489583333333,8.0,2.0,44.0,0
81.27309687898378,174180.268479776,2430,1.3382063802083333,16.0,2.0,44.0,0
81.30517070100177,174180.300553598,2431,1.34203125,13.0,2.0,44.0,0
81.33729013899574,174180.332673036,2432,1.3419498697916667,10.0,2.0,44.0,0
81.37319446998299,174180.368577367,2433,1.33291015625,12.0,2.0,44.0,0
81.40516892500455,174180.400551822,2434,1.338095703125,9.0,2.0,44.0,0
81.43714403099148,174180.432526928,2435,1.3388313802083334,8.0,2.0,44.0,0
81.47311878300388,174180.46850168,2436,1.3430338541666667,9.0,2.0,44.0,0
81.50510586801101,174180.500488765,2437,1.3451334635416667,6.0,2.0,44.0,0
81.54112607598654,174180.536508973,2438,1.3406673177083333,13.0,2.0,44.0,0
81.57313246899866,174180.568515366,2439,1.33482421875,10.0,2.0,44.0,0
81.60507435401087,174180.600457251,2440,1.3378678385416667,9.0,2.0,44.0,0
81.64111249399139,174180.636495391,2441,1.3444986979166667,14.0,2.0,44.0,0
81.67312560998835,174180.668508507,2442,1.3379524739583333,11.0,2.0,44.0,0
81.7051271009841,174180.700509998,2443,1.3487272135416666,12.0,2.0,44.0,0
81.74110060799285,174180.736483505,2444,1.3405436197916667,7.0,2.0,44.0,0
81.77308188000461,174180.768464777,2445,1.3372916666666668,7.0,2.0,44.0,0
81.80912585099577,174180.804508748,2446,1.3469596354166666,8.0,2.0,44.0,0
81.84111976498389,174180.836502662,2447,1.331611328125,11.0,2.0,44.0,0
81.87316916001146,174180.868552057,2448,1.3387630208333334,9.0,2.0,44.0,0
81.90911910199793,174180.904501999,2449,1.3433235677083333,8.0,2.0,44.0,0
81.94111067499034,174180.936493572,2450,1.3343196614583333,9.0,2.0,44.0,0
81.97308140899986,174180.968464306,2451,1.3433626302083332,9.0,2.0,44.0,0
82.00912977100234,174181.004512668,2452,1.3420279947916667,8.0,2.0,44.0,0
82.04114779699012,174181.036530694,2453,1.3365364583333332,8.0,2.0,44.0,0
82.07309656098369,174181.068479458,2454,1.34703125,9.0,2.0,44.0,0
82.10913465099293,174181.104517548,2455,1.3414029947916666,8.0,2.0,44.0,0
82.1410903490032,174181.136473246,2456,1.3409342447916666,8.0,2.0,44.0,0
82.1771872289828,174181.172570126,2457,1.3397395833333334,8.0,2.0,44.0,0
82.20914479199564,174181.204527689,2458,1.34064453125,9.0,2.0,44.0,0
82.24110572200152,174181.236488619,2459,1.341611328125,8.0,2.0,44.0,0
82.27712765699835,174181.272510554,2460,1.3363997395833334,11.0,2.0,44.0,0
82.30918000699603,174181.304562904,2461,1.3340592447916666,9.0,2.0,44.0,0
82.34111670500715,174181.336499602,2462,1.339404296875,9.0,2.0,44.0,0
82.37716101200203,174181.372543909,2463,1.348056640625,9.0,2.0,44.0,0
82.40909623500193,174181.404479132,2464,1.3341731770833334,8.0,2.0,44.0,0
82.44514571799664,174181.440528615,2465,1.33720703125,7.0,2.0,44.0,0
82.47712523999508,174181.472508137,2466,1.3452897135416666,10.0,2.0,44.0,0
82.50910623598611,174181.504489133,2467,1.34376953125,8.0,2.0,44.0,0
82.54514615199878,174181.540529049,2468,1.3457161458333333,11.0,2.0,44.0,0
82.57709556998452,174181.572478467,2469,1.3358333333333334,10.0,2.0,44.0,0
82.6091042580083,174181.604487155,2470,1.32984375,8.0,2.0,44.0,0
82.64513596799225,174181.640518865,2471,1.3443880208333334,8.0,2.0,44.0,0
82.67712270698394,174181.672505604,2472,1.3332486979166667,9.0,2.0,44.0,0
82.70912525898893,174181.704508156,2473,1.33828125,8.0,2.0,44.0,0
82.74512375998893,174181.740506657,2474,1.343017578125,9.0,2.0,44.0,0
82.77709714099183,174181.772480038,2475,1.33076171875,10.0,2.0,44.0,0
82.81316875800258,174181.808551655,2476,1.3441861979166667,8.0,2.0,44.0,0
82.84512868701131,174181.840511584,2477,1.340751953125,9.0,2.0,44.0,0
82.8771082139865,174181.872491111,2478,1.3387858072916667,12.0,2.0,44.0,0
82.91312463500071,174181.908507532,2479,1.3424869791666667,9.0,2.0,44.0,0
82.94520019000629,174181.940583087,2480,1.3333268229166666,6.0,2.0,44.0,0
82.97706916299649,174181.97245206,2481,1.337265625,10.0,2.0,44.0,0
83.01313375000609,174182.008516647,2482,1.3332161458333334,10.0,2.0,44.0,0
83.04509623799822,174182.040479135,2483,1.3352734375,11.0,2.0,44.0,0
83.0811388810107,174182.076521778,2484,1.3339518229166667,10.0,2.0,44.0,0
83.11312973499298,174182.108512632,2485,1.3362467447916666,7.0,2.0,44.0,0
83.14509004401043,174182.140472941,2486,1.3288736979166667,8.0,2.0,44.0,0
83.18115623798803,174182.176539135,2487,1.3414192708333332,12.0,2.0,44.0,0
83.21311918098945,174182.208502078,2488,1.3373600260416667,9.0,2.0,44.0,0
83.24512186500942,174182.240504762,2489,1.3388313802083334,10.0,2.0,44.0,0
83.28115356399212,174182.276536461,2490,1.3398404947916667,14.0,2.0,44.0,0
83.31311921498855,174182.308502112,2491,1.3399544270833332,10.0,2.0,44.0,0
83.34913238999434,174182.344515287,2492,1.3390885416666667,15.0,2.0,44.0,0
83.3811357759987,174182.376518673,2493,1.3360611979166668,13.0,2.0,44.0,0
83.41307497900561,174182.408457876,2494,1.3419661458333334,13.0,2.0,44.0,0
83.44914904798497,174182.444531945,2495,1.339619140625,8.0,2.0,44.0,0
83.48113317598472,174182.476516073,2496,1.3355338541666666,9.0,2.0,44.0,0
83.5131195030117,174182.5085024,2497,1.339072265625,8.0,2.0,44.0,0
83.54914976499276,174182.544532662,2498,1.331494140625,8.0,2.0,44.0,0
83.58113862300524,174182.57652152,2499,1.339814453125,8.0,2.0,44.0,0
83.6131080549967,174182.608490952,2500,1.3351171875,11.0,2.0,44.0,0
83.64913536698441,174182.644518264,2501,1.3380826822916667,11.0,2.0,44.0,0
83.68111187699833,174182.676494774,2502,1.346845703125,6.0,2.0,44.0,0
83.71717226700275,174182.712555164,2503,1.332109375,9.0,2.0,44.0,0
83.74911813999643,174182.744501037,2504,1.3367415364583333,11.0,2.0,44.0,0
83.78109895600937,174182.776481853,2505,1.3426822916666667,8.0,2.0,44.0,0
83.81716048700036,174182.812543384,2506,1.3368001302083334,12.0,2.0,44.0,0
83.84915072299191,174182.84453362,2507,1.3287923177083334,6.0,2.0,44.0,0
83.88110662199324,174182.876489519,2508,1.3305598958333333,11.0,2.0,44.0,0
83.91716615998303,174182.912549057,2509,1.3381901041666666,11.0,2.0,44.0,0
83.94914813499781,174182.944531032,2510,1.3347721354166666,11.0,2.0,44.0,0
83.98509792098776,174182.980480818,2511,1.3357942708333332,9.0,2.0,44.0,0
84.01715125198825,174183.012534149,2512,1.3345963541666668,7.0,2.0,44.0,0
84.0491138070065,174183.044496704,2513,1.339189453125,7.0,2.0,44.0,0
84.08513337399927,174183.080516271,2514,1.3405143229166667,6.0,2.0,44.0,0
84.11713490099646,174183.112517798,2515,1.3381282552083333,12.0,2.0,44.0,0
84.1490717100096,174183.144454607,2516,1.3335514322916666,12.0,2.0,44.0,0
84.18526704600663,174183.180649943,2517,1.3386686197916666,13.0,2.0,44.0,0
84.21715511300135,174183.21253801,2518,1.3369303385416667,14.0,2.0,44.0,0
84.24906380099128,174183.244446698,2519,1.33814453125,8.0,2.0,44.0,0
84.28515181900002,174183.280534716,2520,1.3409212239583332,9.0,2.0,44.0,0
84.31709214500734,174183.312475042,2521,1.337314453125,9.0,2.0,44.0,0
84.35326357799931,174183.348646475,2522,1.3401725260416666,12.0,2.0,44.0,0
84.38514246200793,174183.380525359,2523,1.3452408854166666,8.0,2.0,44.0,0
84.41709471200011,174183.412477609,2524,1.3436555989583334,8.0,2.0,44.0,0
84.45313694898505,174183.448519846,2525,1.3327506510416667,9.0,2.0,44.0,0
84.48514979198808,174183.480532689,2526,1.3368880208333334,8.0,2.0,44.0,0
84.5171253090084,174183.512508206,2527,1.33921875,12.0,2.0,44.0,0
84.55316055199364,174183.548543449,2528,1.3316276041666666,10.0,2.0,44.0,0
84.58514392600046,174183.580526823,2529,1.332314453125,11.0,2.0,44.0,0
84.62115983699914,174183.616542734,2530,1.3435774739583333,12.0,2.0,44.0,0
84.65314068598673,174183.648523583,2531,1.3420670572916666,8.0,2.0,44.0,0
84.68512986699352,174183.680512764,2532,1.3437890625,9.0,2.0,44.0,0
84.7211375659972,174183.716520463,2533,1.338603515625,12.0,2.0,44.0,0
84.75314650198561,174183.748529399,2534,1.3373079427083334,6.0,2.0,44.0,0
84.78510792998713,174183.780490827,2535,1.3384733072916666,13.0,2.0,44.0,0
84.82118582099793,174183.816568718,2536,1.3403841145833333,10.0,2.0,44.0,0
84.8531460579834,174183.848528955,2537,1.3407356770833334,8.0,2.0,44.0,0
84.88511512900004,174183.880498026,2538,1.3336979166666667,10.0,2.0,44.0,0
84.92116738299956,174183.91655028,2539,1.3411979166666668,12.0,2.0,44.0,0
84.95310466201045,174183.948487559,2540,1.3367252604166666,8.0,2.0,44.0,0
84.98915560700698,174183.984538504,2541,1.3454459635416667,13.0,2.0,44.0,0
85.02116951000062,174184.016552407,2542,1.3363899739583334,8.0,2.0,44.0,0
85.0531215009978,174184.048504398,2543,1.3423828125,10.0,2.0,44.0,0
85.08917176199611,174184.084554659,2544,1.3472591145833333,13.0,2.0,44.0,0
85.12123156699818,174184.116614464,2545,1.3341536458333334,7.0,2.0,44.0,0
85.15307785201003,174184.148460749,2546,1.3469401041666667,8.0,2.0,44.0,0
85.18912875000387,174184.184511647,2547,1.329189453125,7.0,2.0,44.0,0
85.22116594898398,174184.216548846,2548,1.3386848958333333,8.0,2.0,44.0,0
85.25713294098387,174184.252515838,2549,1.337880859375,8.0,2.0,44.0,0
85.28913824199117,174184.284521139,2550,1.3419759114583334,8.0,2.0,44.0,0
85.32111464400077,174184.316497541,2551,1.3372265625,8.0,2.0,44.0,0
85.35715274198446,174184.352535639,2552,1.339599609375,12.0,2.0,44.0,0
85.3891652750026,174184.384548172,2553,1.3406998697916668,9.0,2.0,44.0,0
85.42115562799154,174184.416538525,2554,1.3441536458333334,9.0,2.0,44.0,0
85.45716430598986,174184.452547203,2555,1.34373046875,13.0,2.0,44.0,0
85.48914866699488,174184.484531564,2556,1.33423828125,6.0,2.0,44.0,0
85.52110159999575,174184.516484497,2557,1.3416731770833332,10.0,2.0,44.0,0
85.5571474499884,174184.552530347,2558,1.3442057291666667,12.0,2.0,44.0,0
85.58909382499405,174184.584476722,2559,1.34033203125,9.0,2.0,44.0,0
85.62511351201101,174184.620496409,2560,1.333486328125,8.0,2.0,44.0,0
85.65716008798336,174184.652542985,2561,1.3398990885416666,9.0,2.0,44.0,0
85.68912293401081,174184.684505831,2562,1.33833984375,6.0,2.0,44.0,0
85.72516994699254,174184.720552844,2563,1.3408072916666667,7.0,2.0,44.0,0
85.75714620400686,174184.752529101,2564,1.3439192708333334,8.0,2.0,44.0,0
85.78911683699698,174184.784499734,2565,1.3315104166666667,11.0,2.0,44.0,0
85.82523355298326,174184.82061645,2566,1.339599609375,12.0,2.0,44.0,0
85.85717862099409,174184.852561518,2567,1.3391634114583333,12.0,2.0,44.0,0
85.8931400940055,174184.888522991,2568,1.3362760416666666,9.0,2.0,44.0,0
85.92518364699208,174184.920566544,2569,1.33232421875,10.0,2.0,44.0,0
85.9570972629881,174184.95248016,2570,1.3399251302083333,9.0,2.0,44.0,0
85.99315325598582,174184.988536153,2571,1.34115234375,7.0,2.0,44.0,0
86.02512529099477,174185.020508188,2572,1.3354069010416667,10.0,2.0,44.0,0
86.057108323992,174185.052491221,2573,1.3382649739583334,7.0,2.0,44.0,0
86.09314504699432,174185.088527944,2574,1.3363313802083334,9.0,2.0,44.0,0
86.12512689898722,174185.120509796,2575,1.3437467447916667,8.0,2.0,44.0,0
86.15709920800873,174185.152482105,2576,1.3416276041666666,10.0,2.0,44.0,0
86.19315783699858,174185.188540734,2577,1.3334049479166667,7.0,2.0,44.0,0
86.22517051300383,174185.22055341,2578,1.3383756510416667,11.0,2.0,44.0,0
86.26115678300266,174185.25653968,2579,1.3348079427083333,8.0,2.0,44.0,0
86.29312444498646,174185.288507342,2580,1.3351399739583334,14.0,2.0,44.0,0
86.32512758299708,174185.32051048,2581,1.3403255208333333,7.0,2.0,44.0,0
86.36121830999036,174185.356601207,2582,1.3364420572916667,9.0,2.0,44.0,0
86.3931462559849,174185.388529153,2583,1.345146484375,8.0,2.0,44.0,0
86.42512863900629,174185.420511536,2584,1.333994140625,11.0,2.0,44.0,0
86.46117383299861,174185.45655673,2585,1.33513671875,12.0,2.0,44.0,0
86.49319155100966,174185.488574448,2586,1.3395703125,8.0,2.0,44.0,0
86.52921503200196,174185.524597929,2587,1.3459895833333333,12.0,2.0,44.0,0
86.56117932900088,174185.556562226,2588,1.34078125,9.0,2.0,44.0,0
86.59316904901061,174185.588551946,2589,1.3399967447916667,14.0,2.0,44.0,0
86.62916182898334,174185.624544726,2590,1.3428385416666666,7.0,2.0,44.0,0
86.66116648100433,174185.656549378,2591,1.3418391927083333,10.0,2.0,44.0,0
86.69315807198291,174185.688540969,2592,1.3400520833333334,10.0,2.0,44.0,0
86.72920214399346,174185.724585041,2593,1.33958984375,8.0,2.0,44.0,0
86.76112379098777,174185.756506688,2594,1.3386197916666667,7.0,2.0,44.0,0
86.79312014498282,174185.788503042,2595,1.3459537760416667,11.0,2.0,44.0,0
86.82914461501059,174185.824527512,2596,1.3345149739583333,7.0,2.0,44.0,0
86.86113858199678,174185.856521479,2597,1.34578125,8.0,2.0,44.0,0
86.89714470299077,174185.8925276,2598,1.3390201822916667,9.0,2.0,44.0,0
86.92916565600899,174185.924548553,2599,1.3435904947916666,10.0,2.0,44.0,0
86.96112855098909,174185.956511448,2600,1.3388704427083333,8.0,2.0,44.0,0
86.99717821198283,174185.992561109,2601,1.3413932291666666,14.0,2.0,44.0,0
87.02919891499914,174186.024581812,2602,1.335068359375,11.0,2.0,44.0,0
87.06120428000577,174186.056587177,2603,1.332998046875,8.0,2.0,44.0,0
87.09716076098266,174186.092543658,2604,1.3383723958333333,12.0,2.0,44.0,0
87.12916023298749,174186.12454313,2605,1.3376953125,11.0,2.0,44.0,0
87.16516092600068,174186.160543823,2606,1.338916015625,8.0,2.0,44.0,0
87.19717017700896,174186.192553074,2607,1.3405240885416667,8.0,2.0,44.0,0
87.22913697900367,174186.224519876,2608,1.3434114583333334,13.0,2.0,44.0,0
87.26513750498998,174186.260520402,2609,1.3405240885416667,7.0,2.0,44.0,0
87.29719089600258,174186.292573793,2610,1.3318717447916666,8.0,2.0,44.0,0
87.3291345690086,174186.324517466,2611,1.33873046875,11.0,2.0,44.0,0
87.3651675109868,174186.360550408,2612,1.3292350260416668,9.0,2.0,44.0,0
87.39718167801038,174186.392564575,2613,1.3450716145833332,5.0,2.0,44.0,0
87.42913701399812,174186.424519911,2614,1.34482421875,13.0,2.0,44.0,0
87.46516587099177,174186.460548768,2615,1.3430924479166666,14.0,2.0,44.0,0
87.49710207298631,174186.49248497,2616,1.3420247395833333,8.0,2.0,44.0,0
87.53323218299192,174186.52861508,2617,1.3403678385416666,10.0,2.0,44.0,0
87.56516303200624,174186.560545929,2618,1.3319954427083334,7.0,2.0,44.0,0
87.59712636400945,174186.592509261,2619,1.3345182291666666,8.0,2.0,44.0,0
87.63317124499008,174186.628554142,2620,1.3421809895833334,12.0,2.0,44.0,0
87.66518503200496,174186.660567929,2621,1.3417220052083334,8.0,2.0,44.0,0
87.69714087600005,174186.692523773,2622,1.3384375,7.0,2.0,44.0,0
87.73317325901007,174186.728556156,2623,1.339677734375,9.0,2.0,44.0,0
87.76514335398679,174186.760526251,2624,1.33609375,8.0,2.0,44.0,0
87.80117477400927,174186.796557671,2625,1.3366927083333333,9.0,2.0,44.0,0
87.83316787699005,174186.828550774,2626,1.338671875,6.0,2.0,44.0,0
87.86509877699427,174186.860481674,2627,1.34734375,13.0,2.0,44.0,0
87.90116401400883,174186.896546911,2628,1.3354459635416667,12.0,2.0,44.0,0
87.93317357599153,174186.928556473,2629,1.3390494791666667,9.0,2.0,44.0,0
87.96510807800223,174186.960490975,2630,1.3444791666666667,15.0,2.0,44.0,0
88.00117865300854,174186.99656155,2631,1.3483040364583334,6.0,2.0,44.0,0
88.03320516098756,174187.028588058,2632,1.3332389322916667,9.0,2.0,44.0,0
88.06547950700042,174187.060862404,2633,1.3387337239583332,10.0,2.0,44.0,0
88.1011551549891,174187.096538052,2634,1.342099609375,7.0,2.0,44.0,0
88.13315314700594,174187.128536044,2635,1.3414680989583334,11.0,2.0,44.0,0
88.16919064399553,174187.164573541,2636,1.33787109375,9.0,2.0,44.0,0
88.20115333498688,174187.196536232,2637,1.3318294270833333,8.0,2.0,44.0,0
88.23316427998361,174187.228547177,2638,1.3410872395833333,13.0,2.0,44.0,0
88.26916875998722,174187.264551657,2639,1.3344108072916667,8.0,2.0,44.0,0
88.30116193299182,174187.29654483,2640,1.343876953125,14.0,2.0,44.0,0
88.333144084987,174187.328526982,2641,1.3387239583333332,8.0,2.0,44.0,0
88.36915791098727,174187.364540808,2642,1.332841796875,8.0,2.0,44.0,0
88.40119254900492,174187.396575446,2643,1.3428776041666666,7.0,2.0,44.0,0
88.43716091298847,174187.43254381,2644,1.341884765625,8.0,2.0,44.0,0
88.46917214998393,174187.464555047,2645,1.3365787760416667,8.0,2.0,44.0,0
88.50111561801168,174187.496498515,2646,1.3440592447916666,8.0,2.0,44.0,0
88.53727370398701,174187.532656601,2647,1.343408203125,9.0,2.0,44.0,0
88.56914381901152,174187.564526716,2648,1.3429720052083334,9.0,2.0,44.0,0
88.60110542399343,174187.596488321,2649,1.3348502604166668,7.0,2.0,44.0,0
88.63720198598458,174187.632584883,2650,1.327685546875,15.0,2.0,44.0,0
88.66917425798601,174187.664557155,2651,1.3425,8.0,2.0,44.0,0
88.70115199001157,174187.696534887,2652,1.3417513020833334,8.0,2.0,44.0,0
88.73717083898373,174187.732553736,2653,1.3415071614583334,7.0,2.0,44.0,0
88.76913890399737,174187.764521801,2654,1.3417545572916667,12.0,2.0,44.0,0
88.80519029698917,174187.800573194,2655,1.3400162760416667,10.0,2.0,44.0,0
88.83718062299886,174187.83256352,2656,1.33857421875,12.0,2.0,44.0,0
88.86912326898891,174187.864506166,2657,1.3390462239583334,8.0,2.0,44.0,0
88.90518729298492,174187.90057019,2658,1.335947265625,8.0,2.0,44.0,0
88.93716652799048,174187.932549425,2659,1.3338606770833332,8.0,2.0,44.0,0
88.96913787900121,174187.964520776,2660,1.3434830729166667,8.0,2.0,44.0,0
89.0051415009948,174188.000524398,2661,1.3458658854166667,11.0,2.0,44.0,0
89.03724889399018,174188.032631791,2662,1.336220703125,6.0,2.0,44.0,0
89.07316580900806,174188.068548706,2663,1.3303385416666667,8.0,2.0,44.0,0
89.10515630600275,174188.100539203,2664,1.33798828125,9.0,2.0,44.0,0
89.13714727701154,174188.132530174,2665,1.3390201822916667,12.0,2.0,44.0,0
89.17316669100546,174188.168549588,2666,1.3406673177083333,10.0,2.0,44.0,0
89.20516986300936,174188.20055276,2667,1.3430729166666666,10.0,2.0,44.0,0
89.23710732298787,174188.23249022,2668,1.334697265625,13.0,2.0,44.0,0
89.2731747420039,174188.268557639,2669,1.3380696614583334,8.0,2.0,44.0,0
89.30518274501082,174188.300565642,2670,1.3457194010416667,18.0,2.0,44.0,0
89.33716419298435,174188.33254709,2671,1.3414615885416667,8.0,2.0,44.0,0
89.37318067500019,174188.368563572,2672,1.3349674479166667,12.0,2.0,44.0,0
89.4051520290086,174188.400534926,2673,1.335537109375,14.0,2.0,44.0,0
89.4411567109928,174188.436539608,2674,1.3455013020833333,15.0,2.0,44.0,0
89.47318379598437,174188.468566693,2675,1.3340462239583333,7.0,2.0,44.0,0
89.5051674679853,174188.500550365,2676,1.3365950520833334,8.0,2.0,44.0,0
89.54122985500726,174188.536612752,2677,1.336953125,13.0,2.0,44.0,0
89.57314690598287,174188.568529803,2678,1.3345670572916666,9.0,2.0,44.0,0
89.60513937598444,174188.600522273,2679,1.3362760416666666,8.0,2.0,44.0,0
89.64120740498765,174188.636590302,2680,1.3419759114583334,8.0,2.0,44.0,0
89.67318907400477,174188.668571971,2681,1.3441829427083334,10.0,2.0,44.0,0
89.70916658398346,174188.704549481,2682,1.3397005208333332,13.0,2.0,44.0,0
89.74115801398875,174188.736540911,2683,1.337060546875,9.0,2.0,44.0,0
89.77313715199125,174188.768520049,2684,1.340400390625,12.0,2.0,44.0,0
89.8091790539911,174188.804561951,2685,1.3381510416666667,10.0,2.0,44.0,0
89.84119648099295,174188.836579378,2686,1.3401334635416666,9.0,2.0,44.0,0
89.87322567400406,174188.868608571,2687,1.33603515625,10.0,2.0,44.0,0
89.90922820899868,174188.904611106,2688,1.3405794270833333,9.0,2.0,44.0,0
89.94125252100639,174188.936635418,2689,1.3364192708333333,9.0,2.0,44.0,0
89.97316635100287,174188.968549248,2690,1.34328125,10.0,2.0,44.0,0
90.0092451479868,174189.004628045,2691,1.3435904947916666,7.0,2.0,44.0,0
90.04121284600114,174189.036595743,2692,1.3374641927083333,8.0,2.0,44.0,0
90.07745824300218,174189.07284114,2693,1.3408821614583333,11.0,2.0,44.0,0
90.10935334098758,174189.104736238,2694,1.3321549479166668,10.0,2.0,44.0,0
90.14120617098524,174189.136589068,2695,1.3408365885416667,6.0,2.0,44.0,0
90.17722994100768,174189.172612838,2696,1.3389518229166666,9.0,2.0,44.0,0
90.20920431098784,174189.204587208,2697,1.3442643229166666,9.0,2.0,44.0,0
90.24118830298539,174189.2365712,2698,1.3441341145833334,12.0,2.0,44.0,0
90.27720752198366,174189.272590419,2699,1.33720703125,12.0,2.0,44.0,0
90.30921614600811,174189.304599043,2700,1.3299739583333334,7.0,2.0,44.0,0
90.34522481699241,174189.340607714,2701,1.3445735677083333,14.0,2.0,44.0,0
90.37716591099161,174189.372548808,2702,1.3443359375,7.0,2.0,44.0,0
90.40919199498603,174189.404574892,2703,1.3409993489583334,8.0,2.0,44.0,0
90.44524571599322,174189.440628613,2704,1.337958984375,8.0,2.0,44.0,0
90.47722597399843,174189.472608871,2705,1.336865234375,11.0,2.0,44.0,0
90.50918972300133,174189.50457262,2706,1.3358072916666666,10.0,2.0,44.0,0
90.54524757899344,174189.540630476,2707,1.3387955729166667,12.0,2.0,44.0,0
90.57723087299382,174189.57261377,2708,1.3342903645833333,10.0,2.0,44.0,0
90.60916601400822,174189.604548911,2709,1.3395930989583333,8.0,2.0,44.0,0
90.645255757001,174189.640638654,2710,1.3396354166666666,12.0,2.0,44.0,0
90.67719847499393,174189.672581372,2711,1.3406119791666666,9.0,2.0,44.0,0
90.71331222599838,174189.708695123,2712,1.3392252604166666,9.0,2.0,44.0,0
90.7452714999963,174189.740654397,2713,1.3310123697916667,10.0,2.0,44.0,0
90.7771910839947,174189.772573981,2714,1.343095703125,9.0,2.0,44.0,0
90.81324161498924,174189.808624512,2715,1.343330078125,12.0,2.0,44.0,0
90.84526006499073,174189.840642962,2716,1.3340397135416666,7.0,2.0,44.0,0
90.87719352499698,174189.872576422,2717,1.3381575520833333,9.0,2.0,44.0,0
90.91326033798396,174189.908643235,2718,1.33759765625,12.0,2.0,44.0,0
90.9452622430108,174189.94064514,2719,1.3387239583333332,9.0,2.0,44.0,0
90.98122108599637,174189.976603983,2720,1.3415397135416667,7.0,2.0,44.0,0
91.01325505500427,174190.008637952,2721,1.336142578125,11.0,2.0,44.0,0
91.04526479300694,174190.04064769,2722,1.3378450520833334,11.0,2.0,44.0,0
91.08123993399204,174190.076622831,2723,1.3356119791666667,9.0,2.0,44.0,0
91.1132653770037,174190.108648274,2724,1.3353255208333332,7.0,2.0,44.0,0
91.1452115669963,174190.140594464,2725,1.343896484375,9.0,2.0,44.0,0
91.18120862700744,174190.176591524,2726,1.337001953125,7.0,2.0,44.0,0
91.21326093099196,174190.208643828,2727,1.343779296875,8.0,2.0,44.0,0
91.2452972579922,174190.240680155,2728,1.3380989583333334,9.0,2.0,44.0,0
91.28124867199222,174190.276631569,2729,1.3460677083333332,10.0,2.0,44.0,0
91.31317054200917,174190.308553439,2730,1.333134765625,14.0,2.0,44.0,0
91.34920500399312,174190.344587901,2731,1.33630859375,10.0,2.0,44.0,0
91.3812220020045,174190.376604899,2732,1.3391731770833333,8.0,2.0,44.0,0
91.41319710799144,174190.408580005,2733,1.3423014322916667,10.0,2.0,44.0,0
91.44924764501047,174190.444630542,2734,1.33830078125,11.0,2.0,44.0,0
91.48132541999803,174190.476708317,2735,1.3431184895833332,12.0,2.0,44.0,0
91.5131968339847,174190.508579731,2736,1.3414127604166666,9.0,2.0,44.0,0
91.54923710200819,174190.544619999,2737,1.3407584635416667,10.0,2.0,44.0,0
91.58124044700526,174190.576623344,2738,1.342001953125,10.0,2.0,44.0,0
91.61721712999861,174190.612600027,2739,1.339501953125,9.0,2.0,44.0,0
91.64925234299153,174190.64463524,2740,1.335390625,8.0,2.0,44.0,0
91.68114608700853,174190.676528984,2741,1.3321875,10.0,2.0,44.0,0
91.71728074800922,174190.712663645,2742,1.3432649739583333,8.0,2.0,44.0,0
91.74922563499422,174190.744608532,2743,1.3489290364583333,10.0,2.0,44.0,0
91.78119376199902,174190.776576659,2744,1.3376822916666666,8.0,2.0,44.0,0
91.81721716999891,174190.812600067,2745,1.3411197916666666,9.0,2.0,44.0,0
91.8492600180034,174190.844642915,2746,1.3385514322916667,8.0,2.0,44.0,0
91.88120085498667,174190.876583752,2747,1.3364680989583333,8.0,2.0,44.0,0
91.91722588098492,174190.912608778,2748,1.3421451822916666,9.0,2.0,44.0,0
91.94920360500691,174190.944586502,2749,1.33953125,15.0,2.0,44.0,0
91.98523425500025,174190.980617152,2750,1.34265625,12.0,2.0,44.0,0
92.01728607600671,174191.012668973,2751,1.3326041666666666,9.0,2.0,44.0,0
92.0493009960046,174191.044683893,2752,1.3434895833333333,6.0,2.0,44.0,0
92.08539556100732,174191.080778458,2753,1.3347819010416666,9.0,2.0,44.0,0
92.11736669600941,174191.112749593,2754,1.343486328125,8.0,2.0,44.0,0
92.14918761499575,174191.144570512,2755,1.339140625,9.0,2.0,44.0,0
92.18525318198954,174191.180636079,2756,1.3370475260416668,10.0,2.0,44.0,0
92.21726696900441,174191.212649866,2757,1.3318359375,8.0,2.0,44.0,0
92.25330159199075,174191.248684489,2758,1.3343782552083334,10.0,2.0,44.0,0
92.28523555101128,174191.280618448,2759,1.3338509114583332,9.0,2.0,44.0,0
92.31720167701133,174191.312584574,2760,1.331494140625,16.0,2.0,44.0,0
92.35328092300915,174191.34866382,2761,1.3403645833333333,15.0,2.0,44.0,0
92.38523151600384,174191.380614413,2762,1.3350618489583332,7.0,2.0,44.0,0
92.41726693901,174191.412649836,2763,1.3437369791666667,10.0,2.0,44.0,0
92.45327326399274,174191.448656161,2764,1.3355436197916666,8.0,2.0,44.0,0
92.48528523600544,174191.480668133,2765,1.3451432291666667,9.0,2.0,44.0,0
92.51722135799355,174191.512604255,2766,1.3393196614583334,10.0,2.0,44.0,0
92.55324511099025,174191.548628008,2767,1.3418131510416667,5.0,2.0,44.0,0
92.58522058100789,174191.580603478,2768,1.3358821614583334,9.0,2.0,44.0,0
92.62125652498798,174191.616639422,2769,1.3438118489583333,10.0,2.0,44.0,0
92.65320831298595,174191.64859121,2770,1.3441829427083334,10.0,2.0,44.0,0
92.68522041698452,174191.680603314,2771,1.3446712239583334,12.0,2.0,44.0,0
92.72135936599807,174191.716742263,2772,1.334970703125,11.0,2.0,44.0,0
92.75326462800149,174191.748647525,2773,1.3383723958333333,9.0,2.0,44.0,0
92.7852397109964,174191.780622608,2774,1.3407421875,11.0,2.0,44.0,0
92.8212118409865,174191.816594738,2775,1.3378255208333334,11.0,2.0,44.0,0
92.8532878329861,174191.84867073,2776,1.3362272135416666,12.0,2.0,44.0,0
92.88928845399641,174191.884671351,2777,1.34537109375,8.0,2.0,44.0,0
92.92123424299643,174191.91661714,2778,1.330146484375,14.0,2.0,44.0,0
92.95321024500299,174191.948593142,2779,1.325498046875,8.0,2.0,44.0,0
92.98926153298817,174191.98464443,2780,1.3414713541666667,8.0,2.0,44.0,0
93.02121613599593,174192.016599033,2781,1.3373274739583334,10.0,2.0,44.0,0
93.05329620698467,174192.048679104,2782,1.3344791666666667,6.0,2.0,44.0,0
93.08936373901088,174192.084746636,2783,1.334921875,7.0,2.0,44.0,0
93.12130266299937,174192.11668556,2784,1.33564453125,9.0,2.0,44.0,0
93.15322602799279,174192.148608925,2785,1.335712890625,11.0,2.0,44.0,0
93.18924193599378,174192.184624833,2786,1.3322981770833333,8.0,2.0,44.0,0
93.22118319198489,174192.216566089,2787,1.3380045572916666,11.0,2.0,44.0,0
93.25732340099057,174192.252706298,2788,1.3401888020833332,9.0,2.0,44.0,0
93.28926308700466,174192.284645984,2789,1.341708984375,6.0,2.0,44.0,0
93.32121032298892,174192.31659322,2790,1.3420833333333333,10.0,2.0,44.0,0
93.35725076298695,174192.35263366,2791,1.3397526041666667,9.0,2.0,44.0,0
93.38924140599556,174192.384624303,2792,1.33892578125,9.0,2.0,44.0,0
93.42121318998397,174192.416596087,2793,1.3415266927083334,12.0,2.0,44.0,0
93.45725956500974,174192.452642462,2794,1.34326171875,8.0,2.0,44.0,0
93.48925044800853,174192.484633345,2795,1.3416764322916668,13.0,2.0,44.0,0
93.52524352099863,174192.520626418,2796,1.3416536458333332,7.0,2.0,44.0,0
93.55725659700693,174192.552639494,2797,1.3422981770833333,9.0,2.0,44.0,0
93.58920151900384,174192.584584416,2798,1.3350032552083333,9.0,2.0,44.0,0
93.62526654198882,174192.620649439,2799,1.3353287760416668,13.0,2.0,44.0,0
93.65725778599153,174192.652640683,2800,1.3419205729166668,8.0,2.0,44.0,0
93.68925327499164,174192.684636172,2801,1.3456412760416667,10.0,2.0,44.0,0
93.72525084301014,174192.72063374,2802,1.3384309895833333,11.0,2.0,44.0,0
93.75731489399914,174192.752697791,2803,1.3353580729166667,8.0,2.0,44.0,0
93.7892176930036,174192.78460059,2804,1.3390169270833334,9.0,2.0,44.0,0
93.82521310000448,174192.820595997,2805,1.3389680989583332,11.0,2.0,44.0,0
93.85720863900497,174192.852591536,2806,1.3437174479166667,10.0,2.0,44.0,0
93.89328587899217,174192.888668776,2807,1.332041015625,9.0,2.0,44.0,0
93.9252604820067,174192.920643379,2808,1.3474576822916666,9.0,2.0,44.0,0
93.95721489700372,174192.952597794,2809,1.3330240885416667,9.0,2.0,44.0,0
93.9932559079898,174192.988638805,2810,1.3361751302083333,9.0,2.0,44.0,0
94.02522967298864,174193.02061257,2811,1.3417317708333334,8.0,2.0,44.0,0
94.05723979100003,174193.052622688,2812,1.3406998697916668,10.0,2.0,44.0,0
94.09325767398695,174193.088640571,2813,1.3423600260416666,13.0,2.0,44.0,0
94.12527885398595,174193.120661751,2814,1.3379264322916666,8.0,2.0,44.0,0
94.16132696898421,174193.156709866,2815,1.3464453125,10.0,2.0,44.0,0
94.19334633700782,174193.188729234,2816,1.34287109375,8.0,2.0,44.0,0
94.22528283900465,174193.220665736,2817,1.3415625,12.0,2.0,44.0,0
94.26135170299676,174193.2567346,2818,1.3360611979166668,9.0,2.0,44.0,0
94.29325757999322,174193.288640477,2819,1.338291015625,6.0,2.0,44.0,0
94.3252380299964,174193.320620927,2820,1.3389713541666666,10.0,2.0,44.0,0
94.36126515900833,174193.356648056,2821,1.3416666666666666,11.0,2.0,44.0,0
94.39325742100482,174193.388640318,2822,1.3465462239583332,9.0,2.0,44.0,0
94.42524462300935,174193.42062752,2823,1.3373372395833334,8.0,2.0,44.0,0
94.46132643899182,174193.456709336,2824,1.3418912760416666,7.0,2.0,44.0,0
94.4932470729982,174193.48862997,2825,1.3360123697916666,15.0,2.0,44.0,0
94.52927831799025,174193.524661215,2826,1.3397623697916667,6.0,2.0,44.0,0
94.56128933999571,174193.556672237,2827,1.338505859375,7.0,2.0,44.0,0
94.59322090100613,174193.588603798,2828,1.3394466145833333,10.0,2.0,44.0,0
94.62927053199382,174193.624653429,2829,1.338896484375,12.0,2.0,44.0,0
94.66133780198288,174193.656720699,2830,1.3374967447916666,12.0,2.0,44.0,0
94.6932597309933,174193.688642628,2831,1.339658203125,6.0,2.0,44.0,0
94.72930310800439,174193.724686005,2832,1.335009765625,8.0,2.0,44.0,0
94.76131970901042,174193.756702606,2833,1.3360970052083334,6.0,2.0,44.0,0
94.79724944100599,174193.792632338,2834,1.3315950520833333,8.0,2.0,44.0,0
94.82926487698569,174193.824647774,2835,1.3316048177083333,10.0,2.0,44.0,0
94.86125915098819,174193.856642048,2836,1.3448372395833332,9.0,2.0,44.0,0
94.89725949001149,174193.892642387,2837,1.3335807291666666,10.0,2.0,44.0,0
94.92925243798527,174193.924635335,2838,1.3397591145833334,7.0,2.0,44.0,0
94.96125603900873,174193.956638936,2839,1.3370703125,8.0,2.0,44.0,0
94.9973020789912,174193.992684976,2840,1.3437174479166667,12.0,2.0,44.0,0
95.02933614799986,174194.024719045,2841,1.3402799479166667,10.0,2.0,44.0,0
95.0612993669929,174194.056682264,2842,1.3465201822916666,7.0,2.0,44.0,0
95.09727386798477,174194.092656765,2843,1.33544921875,9.0,2.0,44.0,0
95.12924529600423,174194.124628193,2844,1.34591796875,15.0,2.0,44.0,0
95.16524539099191,174194.160628288,2845,1.3310807291666666,7.0,2.0,44.0,0
95.19724479899742,174194.192627696,2846,1.3323697916666666,8.0,2.0,44.0,0
95.22925747098634,174194.224640368,2847,1.3341959635416667,8.0,2.0,44.0,0
95.2653197440086,174194.260702641,2848,1.3352018229166667,14.0,2.0,44.0,0
95.29726368800038,174194.292646585,2849,1.337421875,13.0,2.0,44.0,0
95.32924288100912,174194.324625778,2850,1.3358919270833334,16.0,2.0,44.0,0
95.36530114201014,174194.360684039,2851,1.3329427083333334,7.0,2.0,44.0,0
95.39728139599902,174194.392664293,2852,1.340224609375,10.0,2.0,44.0,0
95.43324633399607,174194.428629231,2853,1.330712890625,10.0,2.0,44.0,0
95.46528819098603,174194.460671088,2854,1.3377408854166666,9.0,2.0,44.0,0
95.49721889398643,174194.492601791,2855,1.34111328125,9.0,2.0,44.0,0
95.53328351199161,174194.528666409,2856,1.3434733072916667,7.0,2.0,44.0,0
95.56527753701084,174194.560660434,2857,1.3403450520833333,14.0,2.0,44.0,0
95.59726112999488,174194.592644027,2858,1.3416243489583333,12.0,2.0,44.0,0
95.63332265499048,174194.628705552,2859,1.338447265625,9.0,2.0,44.0,0
95.66529276000801,174194.660675657,2860,1.33841796875,14.0,2.0,44.0,0
95.69726098500541,174194.692643882,2861,1.3409830729166667,8.0,2.0,44.0,0
95.73329123298754,174194.72867413,2862,1.346064453125,10.0,2.0,44.0,0
95.7652100569976,174194.760592954,2863,1.3388704427083333,9.0,2.0,44.0,0
95.8013025969849,174194.796685494,2864,1.341240234375,15.0,2.0,44.0,0
95.83328177899239,174194.828664676,2865,1.3364811197916666,9.0,2.0,44.0,0
95.86525385998539,174194.860636757,2866,1.339580078125,13.0,2.0,44.0,0
95.90126302000135,174194.896645917,2867,1.3392838541666667,9.0,2.0,44.0,0
95.93327554001007,174194.928658437,2868,1.3367317708333333,10.0,2.0,44.0,0
95.96524478099309,174194.960627678,2869,1.3422428385416667,8.0,2.0,44.0,0
96.00127716298448,174194.99666006,2870,1.3466959635416667,7.0,2.0,44.0,0
96.03327288600849,174195.028655783,2871,1.3467350260416666,9.0,2.0,44.0,0
96.06926725298399,174195.06465015,2872,1.3395768229166667,8.0,2.0,44.0,0
96.10136510798475,174195.096748005,2873,1.33888671875,10.0,2.0,44.0,0
96.13332028398872,174195.128703181,2874,1.336904296875,10.0,2.0,44.0,0
96.16927413700614,174195.164657034,2875,1.3369563802083333,7.0,2.0,44.0,0
96.20126316600363,174195.196646063,2876,1.3349837239583333,9.0,2.0,44.0,0
96.23323912199703,174195.228622019,2877,1.3387369791666666,7.0,2.0,44.0,0
96.26938804399106,174195.264770941,2878,1.3427701822916667,6.0,2.0,44.0,0
96.30129241300165,174195.29667531,2879,1.344716796875,11.0,2.0,44.0,0
96.33322105099796,174195.328603948,2880,1.3335709635416666,10.0,2.0,44.0,0
96.36929445699207,174195.364677354,2881,1.3386555989583333,11.0,2.0,44.0,0
96.40122807800071,174195.396610975,2882,1.3424446614583334,12.0,2.0,44.0,0
96.43726067899843,174195.432643576,2883,1.331474609375,5.0,2.0,44.0,0
96.46928611898329,174195.464669016,2884,1.3313248697916666,9.0,2.0,44.0,0
96.50119887199253,174195.496581769,2885,1.3397200520833332,9.0,2.0,44.0,0
96.5372671209916,174195.532650018,2886,1.3309440104166668,12.0,2.0,44.0,0
96.56926101699355,174195.564643914,2887,1.3401627604166666,8.0,2.0,44.0,0
96.60123602900421,174195.596618926,2888,1.3375325520833334,11.0,2.0,44.0,0
96.63729735300876,174195.63268025,2889,1.339609375,10.0,2.0,44.0,0
96.6692497349868,174195.664632632,2890,1.3384635416666666,9.0,2.0,44.0,0
96.70526468698517,174195.700647584,2891,1.33908203125,13.0,2.0,44.0,0
96.73727136399248,174195.732654261,2892,1.3433170572916666,11.0,2.0,44.0,0
96.76923407200957,174195.764616969,2893,1.34005859375,11.0,2.0,44.0,0
96.80527473898837,174195.800657636,2894,1.3388802083333333,7.0,2.0,44.0,0
96.83722464498715,174195.832607542,2895,1.3445703125,10.0,2.0,44.0,0
96.86927237999043,174195.864655277,2896,1.3397265625,8.0,2.0,44.0,0
96.90528958899085,174195.900672486,2897,1.3402506510416667,13.0,2.0,44.0,0
96.93727883399697,174195.932661731,2898,1.33810546875,7.0,2.0,44.0,0
96.96925701899454,174195.964639916,2899,1.3399186197916666,8.0,2.0,44.0,0
97.00526840498787,174196.000651302,2900,1.338583984375,10.0,2.0,44.0,0
97.03723742900183,174196.032620326,2901,1.3378255208333334,15.0,2.0,44.0,0
97.0733233570063,174196.068706254,2902,1.3388639322916667,8.0,2.0,44.0,0
97.10534924900276,174196.100732146,2903,1.3339908854166667,11.0,2.0,44.0,0
97.13722853499348,174196.132611432,2904,1.340693359375,11.0,2.0,44.0,0
97.17335326300235,174196.16873616,2905,1.3402766927083334,9.0,2.0,44.0,0
97.20530786100426,174196.200690758,2906,1.3403059895833334,8.0,2.0,44.0,0
97.23723371699452,174196.232616614,2907,1.3381380208333333,8.0,2.0,44.0,0
97.273328071984,174196.268710969,2908,1.3391015625,7.0,2.0,44.0,0
97.30524081899785,174196.300623716,2909,1.339130859375,7.0,2.0,44.0,0
97.34130070998799,174196.336683607,2910,1.3398567708333333,8.0,2.0,44.0,0
97.37325384299038,174196.36863674,2911,1.34080078125,14.0,2.0,44.0,0
97.40521334699588,174196.400596244,2912,1.3393196614583334,8.0,2.0,44.0,0
97.44135007800651,174196.436732975,2913,1.3338704427083334,9.0,2.0,44.0,0
97.47327418799978,174196.468657085,2914,1.3422526041666667,8.0,2.0,44.0,0
97.50522718799766,174196.500610085,2915,1.3249153645833334,9.0,2.0,44.0,0
97.54130197298946,174196.53668487,2916,1.3287239583333332,10.0,2.0,44.0,0
97.57331171698752,174196.568694614,2917,1.3387434895833332,12.0,2.0,44.0,0
97.6052761200117,174196.600659017,2918,1.3360026041666666,10.0,2.0,44.0,0
97.6412712020101,174196.636654099,2919,1.3392740885416667,7.0,2.0,44.0,0
97.67327055000351,174196.668653447,2920,1.3422688802083333,8.0,2.0,44.0,0
97.70930582500296,174196.704688722,2921,1.33416015625,6.0,2.0,44.0,0
97.7412744530011,174196.73665735,2922,1.336298828125,9.0,2.0,44.0,0
97.77328694899916,174196.768669846,2923,1.3407584635416667,13.0,2.0,44.0,0
97.80929759799619,174196.804680495,2924,1.33845703125,10.0,2.0,44.0,0
97.84129203000339,174196.836674927,2925,1.343427734375,12.0,2.0,44.0,0
97.87327746200026,174196.868660359,2926,1.3364973958333333,9.0,2.0,44.0,0
97.90929432900157,174196.904677226,2927,1.3283821614583333,6.0,2.0,44.0,0
97.94130175499595,174196.936684652,2928,1.3390983072916667,6.0,2.0,44.0,0
97.97731303298497,174196.97269593,2929,1.3374869791666666,10.0,2.0,44.0,0
98.00930071799667,174197.004683615,2930,1.3405208333333334,9.0,2.0,44.0,0
98.0412930760067,174197.036675973,2931,1.3373828125,10.0,2.0,44.0,0
98.07738929998595,174197.072772197,2932,1.3396516927083333,10.0,2.0,44.0,0
98.10932214799686,174197.104705045,2933,1.3401236979166666,12.0,2.0,44.0,0
98.14126315698377,174197.136646054,2934,1.3329720052083334,9.0,2.0,44.0,0
98.1773458319949,174197.172728729,2935,1.3356998697916667,9.0,2.0,44.0,0
98.20934584899805,174197.204728746,2936,1.331748046875,7.0,2.0,44.0,0
98.24140862000058,174197.236791517,2937,1.3464811197916666,9.0,2.0,44.0,0
98.27737461600918,174197.272757513,2938,1.3370182291666666,9.0,2.0,44.0,0
98.30929019098403,174197.304673088,2939,1.343232421875,7.0,2.0,44.0,0
98.34533452498727,174197.340717422,2940,1.3427506510416667,9.0,2.0,44.0,0
98.3772945299861,174197.372677427,2941,1.34013671875,12.0,2.0,44.0,0
98.40928073800751,174197.404663635,2942,1.3351106770833334,8.0,2.0,44.0,0
98.44534036400728,174197.440723261,2943,1.3341666666666667,9.0,2.0,44.0,0
98.47730298200622,174197.472685879,2944,1.3443098958333333,15.0,2.0,44.0,0
98.5092758940009,174197.504658791,2945,1.3310611979166667,9.0,2.0,44.0,0
98.5452839829959,174197.54066688,2946,1.3421028645833333,10.0,2.0,44.0,0
98.57727789599448,174197.572660793,2947,1.3413899739583333,6.0,2.0,44.0,0
98.6133331739984,174197.608716071,2948,1.33064453125,11.0,2.0,44.0,0
98.64529698601109,174197.640679883,2949,1.3407486979166667,12.0,2.0,44.0,0
98.67726143798791,174197.672644335,2950,1.3402962239583334,9.0,2.0,44.0,0
98.71342139900662,174197.708804296,2951,1.3343131510416666,10.0,2.0,44.0,0
98.74528651000583,174197.740669407,2952,1.335693359375,15.0,2.0,44.0,0
98.77729384799022,174197.772676745,2953,1.338369140625,8.0,2.0,44.0,0
98.81331930600572,174197.808702203,2954,1.3342220052083333,12.0,2.0,44.0,0
98.84534195199376,174197.840724849,2955,1.3387727864583334,11.0,2.0,44.0,0
98.8773434550094,174197.872726352,2956,1.34046875,11.0,2.0,44.0,0
98.91332071600482,174197.908703613,2957,1.3368717447916667,10.0,2.0,44.0,0
98.94529645401053,174197.940679351,2958,1.3335026041666667,7.0,2.0,44.0,0
98.98130282800412,174197.976685725,2959,1.3440494791666666,14.0,2.0,44.0,0
99.01332505699247,174198.008707954,2960,1.3388802083333333,10.0,2.0,44.0,0
99.0453701170045,174198.040753014,2961,1.3455305989583333,17.0,2.0,44.0,0
99.0813453909941,174198.076728288,2962,1.3482877604166668,10.0,2.0,44.0,0
99.11328712600516,174198.108670023,2963,1.334296875,8.0,2.0,44.0,0
99.14525142198545,174198.140634319,2964,1.3404166666666666,12.0,2.0,44.0,0
99.18134426500183,174198.176727162,2965,1.3417578125,7.0,2.0,44.0,0
99.2132778329833,174198.20866073,2966,1.3281217447916667,9.0,2.0,44.0,0
99.24937225898611,174198.244755156,2967,1.3358723958333334,9.0,2.0,44.0,0
99.28133327400428,174198.276716171,2968,1.3398665364583333,12.0,2.0,44.0,0
99.31327595800394,174198.308658855,2969,1.34353515625,8.0,2.0,44.0,0
99.34931468500872,174198.344697582,2970,1.336455078125,10.0,2.0,44.0,0
99.3813542269927,174198.376737124,2971,1.3357747395833333,8.0,2.0,44.0,0
99.4132800840016,174198.408662981,2972,1.334375,15.0,2.0,44.0,0
99.44932415199582,174198.444707049,2973,1.338642578125,14.0,2.0,44.0,0
99.48132511699805,174198.476708014,2974,1.3391438802083333,7.0,2.0,44.0,0
99.51325737699517,174198.508640274,2975,1.3385221354166668,9.0,2.0,44.0,0
99.54932336800266,174198.544706265,2976,1.3379329427083333,9.0,2.0,44.0,0
99.58132238400867,174198.576705281,2977,1.3308626302083333,12.0,2.0,44.0,0
99.61729195099906,174198.612674848,2978,1.345390625,8.0,2.0,44.0,0
99.64929592001135,174198.644678817,2979,1.3381022135416667,8.0,2.0,44.0,0
99.68125941700418,174198.676642314,2980,1.337509765625,8.0,2.0,44.0,0
99.7173409370007,174198.712723834,2981,1.336337890625,10.0,2.0,44.0,0
99.74930430698441,174198.744687204,2982,1.3417740885416667,7.0,2.0,44.0,0
99.7812953570101,174198.776678254,2983,1.3374739583333333,9.0,2.0,44.0,0
99.81731517799199,174198.812698075,2984,1.3408854166666666,8.0,2.0,44.0,0
99.84927048298414,174198.84465338,2985,1.3426302083333332,8.0,2.0,44.0,0
99.88532345398562,174198.880706351,2986,1.3410807291666667,12.0,2.0,44.0,0
99.91729028100963,174198.912673178,2987,1.342646484375,12.0,2.0,44.0,0
99.94926761699026,174198.944650514,2988,1.34126953125,8.0,2.0,44.0,0
99.98532110199449,174198.980703999,2989,1.34484375,13.0,2.0,44.0,0
100.01731687498977,174199.012699772,2990,1.3342447916666667,14.0,2.0,44.0,0
100.0493179129844,174199.04470081,2991,1.333984375,12.0,2.0,44.0,0
100.08547764798277,174199.080860545,2992,1.3343196614583333,8.0,2.0,44.0,0
100.11741802399047,174199.112800921,2993,1.3445638020833333,8.0,2.0,44.0,0
100.14935085200705,174199.144733749,2994,1.3366341145833334,10.0,2.0,44.0,0
100.18538034698577,174199.180763244,2995,1.33580078125,12.0,2.0,44.0,0
100.21735114901094,174199.212734046,2996,1.3362467447916666,13.0,2.0,44.0,0
100.25354836400948,174199.248931261,2997,1.33912109375,11.0,2.0,44.0,0
100.28546899900539,174199.280851896,2998,1.3468326822916667,12.0,2.0,44.0,0
100.31737850198988,174199.312761399,2999,1.33521484375,6.0,2.0,44.0,0
100.35345148999477,174199.348834387,3000,1.3368391927083334,8.0,2.0,44.0,0
100.38545836799312,174199.380841265,3001,1.3401399739583333,8.0,2.0,44.0,0
100.41742341400823,174199.412806311,3002,1.3374674479166666,8.0,2.0,44.0,0
100.45339335099561,174199.448776248,3003,1.3455533854166666,8.0,2.0,44.0,0
100.4853575489833,174199.480740446,3004,1.3338606770833332,10.0,2.0,44.0,0
100.52134519998799,174199.516728097,3005,1.33947265625,8.0,2.0,44.0,0
100.55337516698637,174199.548758064,3006,1.3375846354166667,11.0,2.0,44.0,0
100.58536397200078,174199.580746869,3007,1.3430045572916667,13.0,2.0,44.0,0
100.62135773999034,174199.616740637,3008,1.3378548177083334,9.0,2.0,44.0,0
100.6533825689985,174199.648765466,3009,1.3465950520833334,10.0,2.0,44.0,0
100.68539829499787,174199.680781192,3010,1.3435807291666666,9.0,2.0,44.0,0
100.72142359500867,174199.716806492,3011,1.343115234375,9.0,2.0,44.0,0
100.75340536600561,174199.748788263,3012,1.3369303385416667,14.0,2.0,44.0,0
100.78537652100204,174199.780759418,3013,1.3396809895833333,12.0,2.0,44.0,0
100.82140257098945,174199.816785468,3014,1.3378678385416667,8.0,2.0,44.0,0
100.85735972499242,174199.852742622,3015,1.3350130208333333,10.0,2.0,44.0,0
100.88952908600913,174199.884911983,3016,1.3364973958333333,10.0,2.0,44.0,0
100.92131583500304,174199.916698732,3017,1.3359309895833333,8.0,2.0,44.0,0
100.95326208599727,174199.948644983,3018,1.3371875,10.0,2.0,44.0,0
100.98934990199632,174199.984732799,3019,1.32607421875,10.0,2.0,44.0,0
101.02131569301127,174200.01669859,3020,1.33447265625,7.0,2.0,44.0,0
101.05337274700287,174200.048755644,3021,1.3401790364583333,13.0,2.0,44.0,0
101.08937108601094,174200.084753983,3022,1.337919921875,10.0,2.0,44.0,0
101.12141049199272,174200.116793389,3023,1.3433138020833333,9.0,2.0,44.0,0
101.15735699300421,174200.15273989,3024,1.3332552083333333,11.0,2.0,44.0,0
101.18940888499492,174200.184791782,3025,1.3398567708333333,10.0,2.0,44.0,0
101.22133042299538,174200.21671332,3026,1.3472623697916666,13.0,2.0,44.0,0
101.25738638598705,174200.252769283,3027,1.3424772135416667,9.0,2.0,44.0,0
101.28936997801065,174200.284752875,3028,1.34025390625,9.0,2.0,44.0,0
101.32127302800654,174200.316655925,3029,1.3444954427083333,8.0,2.0,44.0,0
101.35733161799726,174200.352714515,3030,1.3312434895833334,12.0,2.0,44.0,0
101.38931993299047,174200.38470283,3031,1.3336881510416667,10.0,2.0,44.0,0
101.42136579300859,174200.41674869,3032,1.3374641927083333,7.0,2.0,44.0,0
101.45734146799077,174200.452724365,3033,1.3436881510416667,6.0,2.0,44.0,0
101.4893387449847,174200.484721642,3034,1.3457682291666666,7.0,2.0,44.0,0
101.52533861499978,174200.520721512,3035,1.34130859375,10.0,2.0,44.0,0
101.55733176498325,174200.552714662,3036,1.3444173177083334,8.0,2.0,44.0,0
101.58929560499382,174200.584678502,3037,1.3410286458333334,7.0,2.0,44.0,0
101.62532949401066,174200.620712391,3038,1.3423111979166666,8.0,2.0,44.0,0
101.65735351800686,174200.652736415,3039,1.3428548177083333,8.0,2.0,44.0,0
101.68932756298454,174200.68471046,3040,1.3340852864583332,10.0,2.0,44.0,0
101.72530952599482,174200.720692423,3041,1.3349934895833333,8.0,2.0,44.0,0
101.75734304700745,174200.752725944,3042,1.3371549479166667,12.0,2.0,44.0,0
101.79330225999001,174200.788685157,3043,1.3393001302083334,9.0,2.0,44.0,0
101.82533514199895,174200.820718039,3044,1.336494140625,8.0,2.0,44.0,0
101.85732782501145,174200.852710722,3045,1.3346744791666667,9.0,2.0,44.0,0
101.89331915701041,174200.888702054,3046,1.3510904947916667,10.0,2.0,44.0,0
101.92531157200574,174200.920694469,3047,1.3360286458333333,14.0,2.0,44.0,0
101.9572722009907,174200.952655098,3048,1.3399674479166668,20.0,2.0,44.0,0
101.99333237399696,174200.988715271,3049,1.3383040364583334,10.0,2.0,44.0,0
102.02544285700424,174201.020825754,3050,1.3360807291666668,8.0,2.0,44.0,0
102.0574098250072,174201.052792722,3051,1.3446940104166667,6.0,2.0,44.0,0
102.09338066598866,174201.088763563,3052,1.3419498697916667,12.0,2.0,44.0,0
102.1252859919914,174201.120668889,3053,1.334658203125,8.0,2.0,44.0,0
102.16133353300393,174201.15671643,3054,1.3417024739583334,7.0,2.0,44.0,0
102.19341345399152,174201.188796351,3055,1.3385319010416667,11.0,2.0,44.0,0
102.22529137699166,174201.220674274,3056,1.3405696614583333,10.0,2.0,44.0,0
102.26134835698758,174201.256731254,3057,1.343369140625,12.0,2.0,44.0,0
102.29332657300984,174201.28870947,3058,1.3373470052083334,8.0,2.0,44.0,0
102.32528764600283,174201.320670543,3059,1.3369368489583333,9.0,2.0,44.0,0
102.36134607999702,174201.356728977,3060,1.3339778645833333,8.0,2.0,44.0,0
102.3932969509915,174201.388679848,3061,1.340927734375,10.0,2.0,44.0,0
102.42930280198925,174201.424685699,3062,1.3409212239583332,11.0,2.0,44.0,0
102.46135363299982,174201.45673653,3063,1.3427083333333334,8.0,2.0,44.0,0
102.49337074698997,174201.488753644,3064,1.3470279947916666,8.0,2.0,44.0,0
102.52932788498583,174201.524710782,3065,1.342275390625,10.0,2.0,44.0,0
102.56131215099595,174201.556695048,3066,1.3407845052083334,12.0,2.0,44.0,0
102.59327178899548,174201.588654686,3067,1.33814453125,12.0,2.0,44.0,0
102.6293162110087,174201.624699108,3068,1.33478515625,11.0,2.0,44.0,0
102.66135280500748,174201.656735702,3069,1.3416927083333334,13.0,2.0,44.0,0
102.69334797700867,174201.688730874,3070,1.326513671875,10.0,2.0,44.0,0
102.72932621699874,174201.724709114,3071,1.337705078125,10.0,2.0,44.0,0
102.76135021698428,174201.756733114,3072,1.33767578125,10.0,2.0,44.0,0
102.79733483100426,174201.792717728,3073,1.3352180989583333,12.0,2.0,44.0,0
102.82926946599036,174201.824652363,3074,1.3363151041666668,9.0,2.0,44.0,0
102.86124833498616,174201.856631232,3075,1.33876953125,7.0,2.0,44.0,0
102.89731438900344,174201.892697286,3076,1.3398209635416667,10.0,2.0,44.0,0
102.92933762999019,174201.924720527,3077,1.3397298177083334,10.0,2.0,44.0,0
102.96126703498885,174201.956649932,3078,1.3352766927083333,10.0,2.0,44.0,0
102.99733042498701,174201.992713322,3079,1.342431640625,9.0,2.0,44.0,0
103.02928271199926,174202.024665609,3080,1.339638671875,8.0,2.0,44.0,0
103.065341420006,174202.060724317,3081,1.3395638020833334,9.0,2.0,44.0,0
103.09732956800144,174202.092712465,3082,1.3369889322916666,12.0,2.0,44.0,0
103.12927031100844,174202.124653208,3083,1.3403645833333333,7.0,2.0,44.0,0
103.16530519700609,174202.160688094,3084,1.3436393229166668,13.0,2.0,44.0,0
103.19732118400862,174202.192704081,3085,1.3459114583333334,8.0,2.0,44.0,0
103.22928793399478,174202.224670831,3086,1.3361100260416667,9.0,2.0,44.0,0
103.26540208701044,174202.260784984,3087,1.3468684895833334,9.0,2.0,44.0,0
103.29733291000593,174202.292715807,3088,1.33353515625,10.0,2.0,44.0,0
103.32932391899521,174202.324706816,3089,1.3403092447916667,12.0,2.0,44.0,0
103.36532323798747,174202.360706135,3090,1.3424186197916668,8.0,2.0,44.0,0
103.3972458159842,174202.392628713,3091,1.3488997395833333,9.0,2.0,44.0,0
103.43330445300671,174202.42868735,3092,1.34103515625,8.0,2.0,44.0,0
103.46527529798914,174202.460658195,3093,1.3363671875,9.0,2.0,44.0,0
103.49728434399003,174202.492667241,3094,1.33791015625,9.0,2.0,44.0,0
103.53324212000007,174202.528625017,3095,1.3406087239583333,8.0,2.0,44.0,0
103.56531414701021,174202.560697044,3096,1.3403092447916667,7.0,2.0,44.0,0
103.59728186400025,174202.592664761,3097,1.3418977864583332,12.0,2.0,44.0,0
103.6333378010022,174202.628720698,3098,1.3450162760416666,9.0,2.0,44.0,0
103.66526043199701,174202.660643329,3099,1.3449446614583334,14.0,2.0,44.0,0
103.70130760100437,174202.696690498,3100,1.3345084635416666,11.0,2.0,44.0,0
103.73325289899367,174202.728635796,3101,1.3366764322916667,13.0,2.0,44.0,0
103.76524681100273,174202.760629708,3102,1.3331803385416667,8.0,2.0,44.0,0
103.80130790898693,174202.796690806,3103,1.330556640625,6.0,2.0,44.0,0
103.83331382001052,174202.828696717,3104,1.3347884114583333,6.0,2.0,44.0,0
103.86529982599313,174202.860682723,3105,1.335927734375,8.0,2.0,44.0,0
103.9013453410007,174202.896728238,3106,1.3419954427083334,8.0,2.0,44.0,0
103.93343953200383,174202.928822429,3107,1.3368196614583334,14.0,2.0,44.0,0
103.96933674800675,174202.964719645,3108,1.3414778645833334,10.0,2.0,44.0,0
104.0013457989844,174202.996728696,3109,1.335439453125,8.0,2.0,44.0,0
104.03326868600561,174203.028651583,3110,1.33642578125,8.0,2.0,44.0,0
104.06946244800929,174203.064845345,3111,1.33845703125,11.0,2.0,44.0,0
104.10130733301048,174203.09669023,3112,1.33537109375,11.0,2.0,44.0,0
104.13328142400132,174203.128664321,3113,1.3386360677083333,11.0,2.0,44.0,0
104.16934246799792,174203.164725365,3114,1.3451953125,7.0,2.0,44.0,0
104.20132690199534,174203.196709799,3115,1.3514420572916668,12.0,2.0,44.0,0
104.23459948098753,174203.229982378,3116,1.3285970052083333,14.0,2.0,44.0,0
104.26928040699568,174203.264663304,3117,1.3429427083333334,8.0,2.0,44.0,0
104.30126994199236,174203.296652839,3118,1.349033203125,9.0,2.0,44.0,0
104.3373050839873,174203.332687981,3119,1.33228515625,5.0,2.0,44.0,0
104.36928875200101,174203.364671649,3120,1.338818359375,8.0,2.0,44.0,0
104.40128369498416,174203.396666592,3121,1.33193359375,12.0,2.0,44.0,0
104.43732284801081,174203.432705745,3122,1.3350944010416668,10.0,2.0,44.0,0
104.46924828999909,174203.464631187,3123,1.33724609375,9.0,2.0,44.0,0
104.50123336698744,174203.496616264,3124,1.338720703125,9.0,2.0,44.0,0
104.53729811200174,174203.532681009,3125,1.3368684895833334,9.0,2.0,44.0,0
104.56925371699617,174203.564636614,3126,1.335078125,12.0,2.0,44.0,0
104.60527404898312,174203.600656946,3127,1.3344368489583334,10.0,2.0,44.0,0
104.63724772501155,174203.632630622,3128,1.3425423177083333,10.0,2.0,44.0,0
104.66922193599748,174203.664604833,3129,1.333076171875,12.0,2.0,44.0,0
104.70530537000741,174203.700688267,3130,1.348623046875,11.0,2.0,44.0,0
104.73729143699165,174203.732674334,3131,1.3454069010416667,12.0,2.0,44.0,0
104.7692238719901,174203.764606769,3132,1.3361881510416667,8.0,2.0,44.0,0
104.80530396199902,174203.800686859,3133,1.3381217447916667,10.0,2.0,44.0,0
104.83725715699256,174203.832640054,3134,1.329853515625,8.0,2.0,44.0,0
104.86923583399039,174203.864618731,3135,1.3390494791666667,11.0,2.0,44.0,0
104.90528727098717,174203.900670168,3136,1.3334798177083333,13.0,2.0,44.0,0
104.93726772200898,174203.932650619,3137,1.342802734375,8.0,2.0,44.0,0
104.97328083199682,174203.968663729,3138,1.3355859375,12.0,2.0,44.0,0
105.00539850399946,174204.000781401,3139,1.34369140625,10.0,2.0,44.0,0
105.03733816999011,174204.032721067,3140,1.340244140625,10.0,2.0,44.0,0
105.07327731899568,174204.068660216,3141,1.3333951822916668,8.0,2.0,44.0,0
105.10528658199473,174204.100669479,3142,1.3369563802083333,13.0,2.0,44.0,0
105.13730869200663,174204.132691589,3143,1.3352571614583333,12.0,2.0,44.0,0
105.17334598998423,174204.168728887,3144,1.3463932291666667,9.0,2.0,44.0,0
105.20534854300786,174204.20073144,3145,1.3390657552083334,11.0,2.0,44.0,0
105.24128082799143,174204.236663725,3146,1.3397721354166667,6.0,2.0,44.0,0
105.27333112698398,174204.268714024,3147,1.3387630208333334,9.0,2.0,44.0,0
105.30529621898313,174204.300679116,3148,1.3388639322916667,8.0,2.0,44.0,0
105.34132532199146,174204.336708219,3149,1.3422916666666667,7.0,2.0,44.0,0
105.3733010480064,174204.368683945,3150,1.3363899739583334,11.0,2.0,44.0,0
105.40523842399125,174204.400621321,3151,1.3400260416666667,9.0,2.0,44.0,0
105.44135678801103,174204.436739685,3152,1.3389583333333333,12.0,2.0,44.0,0
105.4733151239925,174204.468698021,3153,1.3282779947916667,8.0,2.0,44.0,0
105.50532181898598,174204.500704716,3154,1.3437467447916667,13.0,2.0,44.0,0
105.54128859998309,174204.536671497,3155,1.3386653645833333,9.0,2.0,44.0,0
105.5732659639907,174204.568648861,3156,1.3328971354166668,10.0,2.0,44.0,0
105.60932745298487,174204.60471035,3157,1.3448697916666668,10.0,2.0,44.0,0
105.64126990598743,174204.636652803,3158,1.3360709635416668,7.0,2.0,44.0,0
105.6732631319901,174204.668646029,3159,1.330595703125,9.0,2.0,44.0,0
105.7093292909849,174204.704712188,3160,1.3437109375,10.0,2.0,44.0,0
105.74135849199956,174204.736741389,3161,1.3441015625,12.0,2.0,44.0,0
105.77325154800201,174204.768634445,3162,1.3413411458333333,10.0,2.0,44.0,0
105.80934011298814,174204.80472301,3163,1.337802734375,8.0,2.0,44.0,0
105.84135046199663,174204.836733359,3164,1.34552734375,14.0,2.0,44.0,0
105.8772602310055,174204.872643128,3165,1.334501953125,7.0,2.0,44.0,0
105.90934591600671,174204.904728813,3166,1.339912109375,8.0,2.0,44.0,0
105.94128896598704,174204.936671863,3167,1.3386100260416667,13.0,2.0,44.0,0
105.97731947898865,174204.972702376,3168,1.3398763020833333,6.0,2.0,44.0,0
106.00930183700984,174205.004684734,3169,1.3338053385416666,8.0,2.0,44.0,0
106.0420759539993,174205.037458851,3170,1.3372135416666666,8.0,2.0,44.0,0
106.07731684000464,174205.072699737,3171,1.33544921875,8.0,2.0,44.0,0
106.10930077900412,174205.104683676,3172,1.3422786458333333,15.0,2.0,44.0,0
106.14126178401057,174205.136644681,3173,1.3322916666666667,6.0,2.0,44.0,0
106.1773269129917,174205.17270981,3174,1.3369368489583333,9.0,2.0,44.0,0
106.20928184798686,174205.204664745,3175,1.3349641927083333,8.0,2.0,44.0,0
106.24527304098592,174205.240655938,3176,1.334609375,12.0,2.0,44.0,0
106.27727099199547,174205.272653889,3177,1.3378743489583333,8.0,2.0,44.0,0
106.30933266700595,174205.304715564,3178,1.339765625,12.0,2.0,44.0,0
106.34534587999224,174205.340728777,3179,1.3388313802083334,9.0,2.0,44.0,0
106.37732156700804,174205.372704464,3180,1.3360904947916667,14.0,2.0,44.0,0
106.40932797899586,174205.404710876,3181,1.3406901041666666,9.0,2.0,44.0,0
106.44529679600964,174205.440679693,3182,1.3317447916666667,9.0,2.0,44.0,0
106.47732059899135,174205.472703496,3183,1.3397265625,7.0,2.0,44.0,0
106.51329692700529,174205.508679824,3184,1.33279296875,9.0,2.0,44.0,0
106.54530426699785,174205.540687164,3185,1.3395865885416667,8.0,2.0,44.0,0
106.57724335900275,174205.572626256,3186,1.33787109375,16.0,2.0,44.0,0
106.61330719100079,174205.608690088,3187,1.3333626302083332,10.0,2.0,44.0,0
106.64530008498696,174205.640682982,3188,1.3381705729166666,9.0,2.0,44.0,0
106.67724371500663,174205.672626612,3189,1.339130859375,14.0,2.0,44.0,0
106.71330998200574,174205.708692879,3190,1.3363932291666667,12.0,2.0,44.0,0
106.74527688199305,174205.740659779,3191,1.3348111979166666,7.0,2.0,44.0,0
106.77726543799508,174205.772648335,3192,1.3398307291666667,8.0,2.0,44.0,0
106.81334043398965,174205.808723331,3193,1.3386490885416666,9.0,2.0,44.0,0
106.84530133500812,174205.840684232,3194,1.3420572916666667,8.0,2.0,44.0,0
106.88133736900636,174205.876720266,3195,1.3416243489583333,10.0,2.0,44.0,0
106.91334358500899,174205.908726482,3196,1.3434733072916667,8.0,2.0,44.0,0
106.94528894498944,174205.940671842,3197,1.33498046875,9.0,2.0,44.0,0
106.9813451670052,174205.976728064,3198,1.341953125,8.0,2.0,44.0,0
107.01334084800328,174206.008723745,3199,1.3385091145833334,13.0,2.0,44.0,0
107.04535345599288,174206.040736353,3200,1.34015625,8.0,2.0,44.0,0
107.08129123199615,174206.076674129,3201,1.3370442708333334,6.0,2.0,44.0,0
107.11333671098691,174206.108719608,3202,1.34478515625,9.0,2.0,44.0,0
107.14935833899654,174206.144741236,3203,1.3287760416666667,9.0,2.0,44.0,0
107.18133855599444,174206.176721453,3204,1.3378841145833333,9.0,2.0,44.0,0
107.21331557599478,174206.208698473,3205,1.339296875,13.0,2.0,44.0,0
107.24928535299841,174206.24466825,3206,1.3352799479166666,13.0,2.0,44.0,0
107.2812967049831,174206.276679602,3207,1.3408821614583333,7.0,2.0,44.0,0
107.31328075300553,174206.30866365,3208,1.3363346354166667,11.0,2.0,44.0,0
107.34932474899688,174206.344707646,3209,1.338955078125,6.0,2.0,44.0,0
107.38136644198676,174206.376749339,3210,1.3416015625,8.0,2.0,44.0,0
107.41330329200719,174206.408686189,3211,1.3401041666666667,12.0,2.0,44.0,0
107.44930450798711,174206.444687405,3212,1.3454622395833333,10.0,2.0,44.0,0
107.48127275099978,174206.476655648,3213,1.33720703125,8.0,2.0,44.0,0
107.51732757801074,174206.512710475,3214,1.3383528645833334,10.0,2.0,44.0,0
107.54931319199386,174206.544696089,3215,1.3339095052083334,10.0,2.0,44.0,0
107.58129525798722,174206.576678155,3216,1.3412272135416667,14.0,2.0,44.0,0
107.6173340799869,174206.612716977,3217,1.3361751302083333,7.0,2.0,44.0,0
107.64932941898587,174206.644712316,3218,1.33931640625,10.0,2.0,44.0,0
107.68125396498363,174206.676636862,3219,1.3353483072916668,10.0,2.0,44.0,0
107.71733877799124,174206.712721675,3220,1.3393717447916667,11.0,2.0,44.0,0
107.74929300398799,174206.744675901,3221,1.3394498697916666,7.0,2.0,44.0,0
107.78531908200239,174206.780701979,3222,1.3381184895833333,8.0,2.0,44.0,0
107.81732527000713,174206.812708167,3223,1.3340234375,8.0,2.0,44.0,0
107.84927518400946,174206.844658081,3224,1.3375911458333334,11.0,2.0,44.0,0
107.88539641699754,174206.880779314,3225,1.337431640625,10.0,2.0,44.0,0
107.91732282700832,174206.912705724,3226,1.3370279947916666,13.0,2.0,44.0,0
107.94924691098277,174206.944629808,3227,1.3472688802083332,9.0,2.0,44.0,0
107.98530534200836,174206.980688239,3228,1.3313248697916666,5.0,2.0,44.0,0
108.017341305007,174207.012724202,3229,1.3445572916666666,8.0,2.0,44.0,0
108.04932349000592,174207.044706387,3230,1.3346549479166667,16.0,2.0,44.0,0
108.08530818100553,174207.080691078,3231,1.3358951822916667,12.0,2.0,44.0,0
108.11728320099064,174207.112666098,3232,1.34244140625,8.0,2.0,44.0,0
108.153355722985,174207.14873862,3233,1.330234375,12.0,2.0,44.0,0
108.18530893098796,174207.180691828,3234,1.3433268229166666,8.0,2.0,44.0,0
108.21727531799115,174207.212658215,3235,1.3409505208333334,9.0,2.0,44.0,0
108.2532877610065,174207.248670658,3236,1.339267578125,8.0,2.0,44.0,0
108.28535238199402,174207.280735279,3237,1.336787109375,11.0,2.0,44.0,0
108.31732970901066,174207.312712606,3238,1.33955078125,11.0,2.0,44.0,0
108.35333838599036,174207.348721283,3239,1.334326171875,15.0,2.0,44.0,0
108.38536454399582,174207.380747441,3240,1.3363020833333332,8.0,2.0,44.0,0
108.42136901500635,174207.416751912,3241,1.339375,9.0,2.0,44.0,0
108.4533347079996,174207.448717605,3242,1.3391243489583333,13.0,2.0,44.0,0
108.48528391600121,174207.480666813,3243,1.3354557291666667,6.0,2.0,44.0,0
108.52134267200017,174207.516725569,3244,1.3369759114583333,8.0,2.0,44.0,0
108.55332810099935,174207.548710998,3245,1.335703125,8.0,2.0,44.0,0
108.58528148700134,174207.580664384,3246,1.33505859375,14.0,2.0,44.0,0
108.62138701500953,174207.616769912,3247,1.3327278645833334,8.0,2.0,44.0,0
108.65333965100581,174207.648722548,3248,1.3452473958333333,10.0,2.0,44.0,0
108.68527316200198,174207.680656059,3249,1.3398893229166666,10.0,2.0,44.0,0
108.72129776299698,174207.71668066,3250,1.3370052083333333,8.0,2.0,44.0,0
108.7532629740017,174207.748645871,3251,1.3470345052083332,10.0,2.0,44.0,0
108.7893402389891,174207.784723136,3252,1.3374967447916666,10.0,2.0,44.0,0
108.82129890599754,174207.816681803,3253,1.3448014322916666,10.0,2.0,44.0,0
108.85332604899304,174207.848708946,3254,1.3345052083333333,8.0,2.0,44.0,0
108.88931591500295,174207.884698812,3255,1.3464225260416667,9.0,2.0,44.0,0
108.92132208298426,174207.91670498,3256,1.3336653645833334,9.0,2.0,44.0,0
108.95331181699294,174207.948694714,3257,1.3321614583333334,8.0,2.0,44.0,0
108.98932880998473,174207.984711707,3258,1.33537109375,9.0,2.0,44.0,0
109.02147828199668,174208.016861179,3259,1.3397265625,9.0,2.0,44.0,0
109.05738501501037,174208.052767912,3260,1.3410481770833333,10.0,2.0,44.0,0
109.08931512999698,174208.084698027,3261,1.3312532552083334,12.0,2.0,44.0,0
109.12128342999495,174208.116666327,3262,1.3403385416666667,7.0,2.0,44.0,0
109.15735218700138,174208.152735084,3263,1.3404296875,6.0,2.0,44.0,0
109.18935895999311,174208.184741857,3264,1.336796875,6.0,2.0,44.0,0
109.22131976200035,174208.216702659,3265,1.3396647135416666,10.0,2.0,44.0,0
109.25732550700195,174208.252708404,3266,1.330634765625,8.0,2.0,44.0,0
109.289323821984,174208.284706719,3267,1.3363834635416667,12.0,2.0,44.0,0
109.32129697498749,174208.316679872,3268,1.3443587239583332,12.0,2.0,44.0,0
109.357337369991,174208.352720267,3269,1.338544921875,8.0,2.0,44.0,0
109.38933564801118,174208.384718545,3270,1.3429427083333334,10.0,2.0,44.0,0
109.4253249859903,174208.420707883,3271,1.3392903645833334,14.0,2.0,44.0,0
109.45735947598587,174208.452742373,3272,1.333212890625,10.0,2.0,44.0,0
109.48931230598828,174208.484695203,3273,1.3406087239583333,15.0,2.0,44.0,0
109.52538284499315,174208.520765742,3274,1.33677734375,9.0,2.0,44.0,0
109.55733015798614,174208.552713055,3275,1.3367545572916666,14.0,2.0,44.0,0
109.58931999499328,174208.584702892,3276,1.3340234375,10.0,2.0,44.0,0
109.62537092599086,174208.620753823,3277,1.3370149739583332,8.0,2.0,44.0,0
109.65731514300569,174208.65269804,3278,1.344794921875,15.0,2.0,44.0,0
109.69336417500745,174208.688747072,3279,1.3396744791666666,10.0,2.0,44.0,0
109.72532218199922,174208.720705079,3280,1.342939453125,7.0,2.0,44.0,0
109.75729112798581,174208.752674025,3281,1.3371451822916667,10.0,2.0,44.0,0
109.79334919800749,174208.788732095,3282,1.3400553385416667,12.0,2.0,44.0,0
109.82537744700676,174208.820760344,3283,1.339365234375,10.0,2.0,44.0,0
109.85733029100811,174208.852713188,3284,1.3364420572916667,10.0,2.0,44.0,0
109.89337572900695,174208.888758626,3285,1.332109375,9.0,2.0,44.0,0
109.92534978099866,174208.920732678,3286,1.3388541666666667,8.0,2.0,44.0,0
109.95726979500614,174208.952652692,3287,1.3397037760416666,9.0,2.0,44.0,0
109.9933775929967,174208.98876049,3288,1.3471419270833334,7.0,2.0,44.0,0
110.02533403900452,174209.020716936,3289,1.336953125,8.0,2.0,44.0,0
110.06141936799395,174209.056802265,3290,1.3483268229166667,12.0,2.0,44.0,0
110.0933232929965,174209.08870619,3291,1.3431640625,8.0,2.0,44.0,0
110.12530697500915,174209.120689872,3292,1.3404459635416666,15.0,2.0,44.0,0
110.16138321600738,174209.156766113,3293,1.3379296875,10.0,2.0,44.0,0
110.19335763499839,174209.188740532,3294,1.3414290364583332,8.0,2.0,44.0,0
110.22531303300639,174209.22069593,3295,1.3375130208333332,9.0,2.0,44.0,0
110.26132844699896,174209.256711344,3296,1.3370475260416668,9.0,2.0,44.0,0
110.29338665798423,174209.288769555,3297,1.331318359375,9.0,2.0,44.0,0
110.32937210300588,174209.324755,3298,1.335517578125,8.0,2.0,44.0,0
110.3613447730022,174209.35672767,3299,1.337451171875,12.0,2.0,44.0,0
110.3933150350058,174209.388697932,3300,1.3303645833333333,9.0,2.0,44.0,0
110.42932591098361,174209.424708808,3301,1.3342447916666667,13.0,2.0,44.0,0
110.46129669499351,174209.456679592,3302,1.3318424479166666,9.0,2.0,44.0,0
110.49326534901047,174209.488648246,3303,1.3286458333333333,7.0,2.0,44.0,0
110.52934506398742,174209.524727961,3304,1.3436751302083334,8.0,2.0,44.0,0
110.56130349100567,174209.556686388,3305,1.3350553385416666,6.0,2.0,44.0,0
110.5932883080095,174209.588671205,3306,1.34103515625,11.0,2.0,44.0,0
110.62940775899915,174209.624790656,3307,1.334775390625,8.0,2.0,44.0,0
110.66132323100464,174209.656706128,3308,1.3331282552083332,10.0,2.0,44.0,0
110.69737725998857,174209.692760157,3309,1.341826171875,10.0,2.0,44.0,0
110.7293900809891,174209.724772978,3310,1.3413997395833333,10.0,2.0,44.0,0
110.76128594198963,174209.756668839,3311,1.343125,7.0,2.0,44.0,0
110.79735309298849,174209.79273599,3312,1.3391145833333333,6.0,2.0,44.0,0
110.82936502399389,174209.824747921,3313,1.3416829427083334,10.0,2.0,44.0,0
110.86133883599541,174209.856721733,3314,1.342548828125,9.0,2.0,44.0,0
110.89737535599852,174209.892758253,3315,1.3373470052083334,10.0,2.0,44.0,0
110.92932893100078,174209.924711828,3316,1.3431315104166666,7.0,2.0,44.0,0
110.96531351900194,174209.960696416,3317,1.3279459635416666,12.0,2.0,44.0,0
110.99746466599754,174209.992847563,3318,1.3382194010416666,10.0,2.0,44.0,0
111.02930808599922,174210.024690983,3319,1.340126953125,6.0,2.0,44.0,0
111.06534878298407,174210.06073168,3320,1.3361490885416667,9.0,2.0,44.0,0
111.09736806698493,174210.092750964,3321,1.3383561197916667,7.0,2.0,44.0,0
111.12935976398876,174210.124742661,3322,1.3407584635416667,12.0,2.0,44.0,0
111.16543220900348,174210.160815106,3323,1.3400911458333333,9.0,2.0,44.0,0
111.19739269398269,174210.192775591,3324,1.3357584635416666,8.0,2.0,44.0,0
111.22936296300031,174210.22474586,3325,1.341669921875,8.0,2.0,44.0,0
111.26530034298776,174210.26068324,3326,1.3415494791666667,12.0,2.0,44.0,0
111.2973028300039,174210.292685727,3327,1.3369075520833333,7.0,2.0,44.0,0
111.3333626340027,174210.328745531,3328,1.339541015625,14.0,2.0,44.0,0
111.36539865200757,174210.360781549,3329,1.3422037760416667,7.0,2.0,44.0,0
111.39732209799695,174210.392704995,3330,1.34568359375,14.0,2.0,44.0,0
111.4333712119842,174210.428754109,3331,1.3353157552083332,15.0,2.0,44.0,0
111.46538466200582,174210.460767559,3332,1.3367903645833332,8.0,2.0,44.0,0
111.49732537800446,174210.492708275,3333,1.3422005208333334,10.0,2.0,44.0,0
111.53334323700983,174210.528726134,3334,1.338681640625,10.0,2.0,44.0,0
111.56534639000893,174210.560729287,3335,1.3444563802083334,9.0,2.0,44.0,0
111.60133027800475,174210.596713175,3336,1.332177734375,9.0,2.0,44.0,0
111.63333584999782,174210.628718747,3337,1.3445768229166666,9.0,2.0,44.0,0
111.66529711498879,174210.660680012,3338,1.3367545572916666,9.0,2.0,44.0,0
111.70134139398579,174210.696724291,3339,1.3339420572916667,10.0,2.0,44.0,0
111.73337158898357,174210.728754486,3340,1.3470963541666667,8.0,2.0,44.0,0
111.76527682298911,174210.76065972,3341,1.3376106770833334,15.0,2.0,44.0,0
111.80135662498651,174210.796739522,3342,1.34447265625,9.0,2.0,44.0,0
111.83332647298812,174210.82870937,3343,1.33669921875,9.0,2.0,44.0,0
111.865341591998,174210.860724489,3344,1.3340625,15.0,2.0,44.0,0
111.90132916299626,174210.89671206,3345,1.3386588541666666,9.0,2.0,44.0,0
111.93330922198948,174210.928692119,3346,1.341015625,10.0,2.0,44.0,0
111.96933358599199,174210.964716483,3347,1.3365983072916667,8.0,2.0,44.0,0
112.0014086169831,174210.996791514,3348,1.3409602864583334,10.0,2.0,44.0,0
112.03334283299046,174211.02872573,3349,1.3413216145833333,9.0,2.0,44.0,0
112.06937267701142,174211.064755574,3350,1.3379524739583333,15.0,2.0,44.0,0
112.10135749098845,174211.096740388,3351,1.3327701822916667,11.0,2.0,44.0,0
112.13331992100575,174211.128702818,3352,1.336142578125,8.0,2.0,44.0,0
112.1694565390062,174211.164839436,3353,1.334404296875,9.0,2.0,44.0,0
112.20138837400009,174211.196771271,3354,1.339228515625,11.0,2.0,44.0,0
112.23736237699632,174211.232745274,3355,1.3316178385416666,7.0,2.0,44.0,0
112.26931649600738,174211.264699393,3356,1.343310546875,8.0,2.0,44.0,0
112.30130843698862,174211.296691334,3357,1.3373763020833334,6.0,2.0,44.0,0
112.33740613798727,174211.332789035,3358,1.3410872395833333,6.0,2.0,44.0,0
112.36937327199848,174211.364756169,3359,1.3336751302083334,9.0,2.0,44.0,0
112.40133587300079,174211.39671877,3360,1.3385026041666668,8.0,2.0,44.0,0
112.43737924899324,174211.432762146,3361,1.3334928385416667,7.0,2.0,44.0,0
112.46939030298381,174211.4647732,3362,1.3330110677083333,8.0,2.0,44.0,0
112.50135219999356,174211.496735097,3363,1.3382389322916666,8.0,2.0,44.0,0
112.5373805410054,174211.532763438,3364,1.342080078125,12.0,2.0,44.0,0
112.56925769499503,174211.564640592,3365,1.3422916666666667,18.0,2.0,44.0,0
112.6053236630105,174211.60070656,3366,1.34109375,8.0,2.0,44.0,0
112.63732421500026,174211.632707112,3367,1.3400065104166667,9.0,2.0,44.0,0
112.66929699201137,174211.664679889,3368,1.337470703125,7.0,2.0,44.0,0
112.7053672010079,174211.700750098,3369,1.3409895833333334,8.0,2.0,44.0,0
112.73741926799994,174211.732802165,3370,1.3295963541666667,8.0,2.0,44.0,0
112.76930759398965,174211.764690491,3371,1.3400455729166667,9.0,2.0,44.0,0
112.80530485499185,174211.800687752,3372,1.3416341145833333,12.0,2.0,44.0,0
112.83735064399661,174211.832733541,3373,1.3295475260416667,13.0,2.0,44.0,0
112.87339715400594,174211.868780051,3374,1.3334993489583333,12.0,2.0,44.0,0
112.90537182998378,174211.900754727,3375,1.3333170572916666,9.0,2.0,44.0,0
112.9373598480015,174211.932742745,3376,1.3431412760416668,8.0,2.0,44.0,0
112.97335438898881,174211.968737286,3377,1.3340950520833332,8.0,2.0,44.0,0
113.00534390300163,174212.0007268,3378,1.342958984375,6.0,2.0,44.0,0
113.0373707379913,174212.032753635,3379,1.336337890625,8.0,2.0,44.0,0
113.07340718398336,174212.068790081,3380,1.33056640625,8.0,2.0,44.0,0
113.10540461100754,174212.100787508,3381,1.3324772135416667,12.0,2.0,44.0,0
113.137376595987,174212.132759493,3382,1.3305598958333333,11.0,2.0,44.0,0
113.17333516600775,174212.168718063,3383,1.341689453125,10.0,2.0,44.0,0
113.20529416698264,174212.200677064,3384,1.34134765625,9.0,2.0,44.0,0
113.2413542039867,174212.236737101,3385,1.3380631510416667,8.0,2.0,44.0,0
113.27331172200502,174212.268694619,3386,1.3395182291666667,8.0,2.0,44.0,0
113.30530711499159,174212.300690012,3387,1.3428743489583332,7.0,2.0,44.0,0
113.34137153800111,174212.336754435,3388,1.3433854166666668,11.0,2.0,44.0,0
113.3733465760015,174212.368729473,3389,1.3383626302083333,8.0,2.0,44.0,0
113.40531393399579,174212.400696831,3390,1.341005859375,12.0,2.0,44.0,0
113.44135496599483,174212.436737863,3391,1.332412109375,9.0,2.0,44.0,0
113.4733636190067,174212.468746516,3392,1.3413736979166666,10.0,2.0,44.0,0
113.50937466500909,174212.504757562,3393,1.336005859375,15.0,2.0,44.0,0
113.54139787500026,174212.536780772,3394,1.3404427083333332,8.0,2.0,44.0,0
113.57333836998441,174212.568721267,3395,1.3407291666666667,6.0,2.0,44.0,0
113.60936413198942,174212.604747029,3396,1.3424934895833334,12.0,2.0,44.0,0
113.64142281198292,174212.636805709,3397,1.3424381510416667,6.0,2.0,44.0,0
113.67333670600783,174212.668719603,3398,1.3357942708333332,9.0,2.0,44.0,0
113.70940333500039,174212.704786232,3399,1.3444759114583333,12.0,2.0,44.0,0
113.74139154600562,174212.736774443,3400,1.3388444010416667,8.0,2.0,44.0,0
113.77331371800392,174212.768696615,3401,1.33626953125,11.0,2.0,44.0,0
113.80936996400123,174212.804752861,3402,1.344912109375,11.0,2.0,44.0,0
113.84132855999633,174212.836711457,3403,1.3385774739583334,9.0,2.0,44.0,0
113.87736745900474,174212.872750356,3404,1.3383463541666667,8.0,2.0,44.0,0
113.90939752300619,174212.90478042,3405,1.33484375,8.0,2.0,44.0,0
113.9413557460066,174212.936738643,3406,1.3398567708333333,10.0,2.0,44.0,0
113.97739790100604,174212.972780798,3407,1.3453645833333334,7.0,2.0,44.0,0
114.00933288698434,174213.004715784,3408,1.3408919270833333,12.0,2.0,44.0,0
114.04135113398661,174213.036734031,3409,1.3351204427083334,7.0,2.0,44.0,0
114.07735285899253,174213.072735756,3410,1.3351204427083334,8.0,2.0,44.0,0
114.10949467099272,174213.104877568,3411,1.3365559895833334,9.0,2.0,44.0,0
114.14533383300295,174213.14071673,3412,1.3400520833333334,12.0,2.0,44.0,0
114.17733187499107,174213.172714772,3413,1.3359537760416667,12.0,2.0,44.0,0
114.20930638100253,174213.204689278,3414,1.3389908854166668,9.0,2.0,44.0,0
114.24542984800064,174213.240812745,3415,1.3392252604166666,9.0,2.0,44.0,0
114.27738781698281,174213.272770714,3416,1.339697265625,8.0,2.0,44.0,0
114.30935848300578,174213.30474138,3417,1.341318359375,15.0,2.0,44.0,0
114.34537891100626,174213.340761808,3418,1.3343587239583334,11.0,2.0,44.0,0
114.37733496600413,174213.372717863,3419,1.3391959635416666,11.0,2.0,44.0,0
114.40932663800777,174213.404709535,3420,1.332890625,8.0,2.0,44.0,0
114.4453781300108,174213.440761027,3421,1.3392740885416667,9.0,2.0,44.0,0
114.47736304000136,174213.472745937,3422,1.340224609375,9.0,2.0,44.0,0
114.51338742600637,174213.508770323,3423,1.33990234375,12.0,2.0,44.0,0
114.5454414029955,174213.5408243,3424,1.3358138020833332,9.0,2.0,44.0,0
114.57734718799475,174213.572730085,3425,1.3371484375,9.0,2.0,44.0,0
114.613411858998,174213.608794756,3426,1.33130859375,9.0,2.0,44.0,0
114.6453936730104,174213.64077657,3427,1.33767578125,9.0,2.0,44.0,0
114.67736952600535,174213.672752423,3428,1.3374576822916666,12.0,2.0,44.0,0
114.71336138798506,174213.708744285,3429,1.3404850260416667,11.0,2.0,44.0,0
114.74537636598689,174213.740759263,3430,1.3330013020833333,11.0,2.0,44.0,0
114.78140535499551,174213.776788252,3431,1.3371028645833334,6.0,2.0,44.0,0
114.81337388799875,174213.808756785,3432,1.3444921875,8.0,2.0,44.0,0
114.84536269798991,174213.840745595,3433,1.3498274739583334,8.0,2.0,44.0,0
114.88139162599691,174213.876774523,3434,1.3365983072916667,10.0,2.0,44.0,0
114.91340299000149,174213.908785887,3435,1.336630859375,8.0,2.0,44.0,0
114.9453517299844,174213.940734627,3436,1.3329036458333334,6.0,2.0,44.0,0
114.98140021099243,174213.976783108,3437,1.3378776041666667,12.0,2.0,44.0,0
115.01338268400286,174214.008765581,3438,1.34453125,8.0,2.0,44.0,0
115.04536050499883,174214.040743402,3439,1.3359212239583333,8.0,2.0,44.0,0
115.08142527699238,174214.076808174,3440,1.34037109375,9.0,2.0,44.0,0
115.113348363986,174214.108731261,3441,1.3437890625,11.0,2.0,44.0,0
115.1493891410064,174214.144772038,3442,1.3368782552083334,7.0,2.0,44.0,0
115.18137760800892,174214.176760505,3443,1.3415462239583333,6.0,2.0,44.0,0
115.21335729400744,174214.208740191,3444,1.3392220052083332,7.0,2.0,44.0,0
115.24937001799117,174214.244752915,3445,1.332568359375,8.0,2.0,44.0,0
115.28140717200586,174214.276790069,3446,1.3465462239583332,9.0,2.0,44.0,0
115.31330172601156,174214.308684623,3447,1.334970703125,7.0,2.0,44.0,0
115.34937041299418,174214.34475331,3448,1.341806640625,8.0,2.0,44.0,0
115.38136521200067,174214.376748109,3449,1.3416634114583332,15.0,2.0,44.0,0
115.41738058999181,174214.412763487,3450,1.337255859375,8.0,2.0,44.0,0
115.44939511199482,174214.444778009,3451,1.3421549479166666,8.0,2.0,44.0,0
115.48137647600379,174214.476759373,3452,1.3367513020833333,9.0,2.0,44.0,0
115.51736426301068,174214.51274716,3453,1.33724609375,11.0,2.0,44.0,0
115.54949622400454,174214.544879121,3454,1.3429720052083334,8.0,2.0,44.0,0
115.5813710920047,174214.576753989,3455,1.3376334635416667,12.0,2.0,44.0,0
115.61739584500901,174214.612778742,3456,1.3414583333333334,9.0,2.0,44.0,0
115.6493958249921,174214.644778722,3457,1.3464029947916667,15.0,2.0,44.0,0
115.68136404498364,174214.676746942,3458,1.34091796875,8.0,2.0,44.0,0
115.71745508699678,174214.712837984,3459,1.3435286458333333,9.0,2.0,44.0,0
115.7493778890057,174214.744760786,3460,1.33921875,9.0,2.0,44.0,0
115.78540444999817,174214.780787347,3461,1.3463704427083334,11.0,2.0,44.0,0
115.81742549000774,174214.812808387,3462,1.3402506510416667,13.0,2.0,44.0,0
115.84940960200038,174214.844792499,3463,1.3335872395833333,8.0,2.0,44.0,0
115.88539866599604,174214.880781563,3464,1.338271484375,5.0,2.0,44.0,0
115.91743363198475,174214.912816529,3465,1.337509765625,9.0,2.0,44.0,0
115.9493835119938,174214.944766409,3466,1.3397135416666666,12.0,2.0,44.0,0
115.98541926100734,174214.980802158,3467,1.3377213541666666,12.0,2.0,44.0,0
116.01747554299072,174215.01285844,3468,1.3322591145833333,8.0,2.0,44.0,0
116.05348222600878,174215.048865123,3469,1.3400130208333334,8.0,2.0,44.0,0
116.08548257598886,174215.080865473,3470,1.3376204427083334,13.0,2.0,44.0,0
116.1174524500093,174215.112835347,3471,1.336376953125,10.0,2.0,44.0,0
116.15342537799734,174215.148808275,3472,1.3421061197916666,8.0,2.0,44.0,0
116.18543669499923,174215.180819592,3473,1.3426627604166668,9.0,2.0,44.0,0
116.21737342499546,174215.212756322,3474,1.3368001302083334,9.0,2.0,44.0,0
116.2534847370116,174215.248867634,3475,1.3390169270833334,12.0,2.0,44.0,0
116.28545899598976,174215.280841893,3476,1.3405078125,8.0,2.0,44.0,0
116.31739563800511,174215.312778535,3477,1.3385286458333334,11.0,2.0,44.0,0
116.35350752298837,174215.34889042,3478,1.33978515625,9.0,2.0,44.0,0
116.38542468799278,174215.380807585,3479,1.341259765625,12.0,2.0,44.0,0
116.42143316200236,174215.416816059,3480,1.3334733072916667,14.0,2.0,44.0,0
116.45344082199153,174215.448823719,3481,1.33056640625,11.0,2.0,44.0,0
116.48538761999225,174215.480770517,3482,1.3356901041666667,8.0,2.0,44.0,0
116.52144117600983,174215.516824073,3483,1.3424869791666667,7.0,2.0,44.0,0
116.55343999800971,174215.548822895,3484,1.3433528645833333,8.0,2.0,44.0,0
116.58538027200848,174215.580763169,3485,1.343798828125,9.0,2.0,44.0,0
116.62141752699972,174215.616800424,3486,1.3419108072916666,5.0,2.0,44.0,0
116.65342391098966,174215.648806808,3487,1.3347884114583333,11.0,2.0,44.0,0
116.68944432900753,174215.684827226,3488,1.3333268229166666,9.0,2.0,44.0,0
116.72150860200054,174215.716891499,3489,1.3351692708333334,9.0,2.0,44.0,0
116.75339117000112,174215.748774067,3490,1.338125,12.0,2.0,44.0,0
116.78944434400182,174215.784827241,3491,1.3329720052083334,12.0,2.0,44.0,0
116.82148029599921,174215.816863193,3492,1.3374674479166666,11.0,2.0,44.0,0
116.85343582800124,174215.848818725,3493,1.3486751302083333,8.0,2.0,44.0,0
116.88946231699083,174215.884845214,3494,1.3395768229166667,9.0,2.0,44.0,0
116.92144158598967,174215.916824483,3495,1.3348046875,12.0,2.0,44.0,0
116.95345554099185,174215.948838438,3496,1.33126953125,10.0,2.0,44.0,0
116.98944825999206,174215.984831157,3497,1.3443196614583333,14.0,2.0,44.0,0
117.02138154598651,174216.016764443,3498,1.339052734375,10.0,2.0,44.0,0
117.05750161700416,174216.052884514,3499,1.3471549479166667,12.0,2.0,44.0,0
117.08945535001112,174216.084838247,3500,1.3301920572916666,8.0,2.0,44.0,0
117.12139566100086,174216.116778558,3501,1.347646484375,11.0,2.0,44.0,0
117.1574725380051,174216.152855435,3502,1.3379622395833333,9.0,2.0,44.0,0
117.1894422119949,174216.184825109,3503,1.3420149739583334,7.0,2.0,44.0,0
117.22138654399896,174216.216769441,3504,1.342421875,12.0,2.0,44.0,0
117.25759260999621,174216.252975507,3505,1.3371940104166666,10.0,2.0,44.0,0
117.28940524699283,174216.284788144,3506,1.3418587239583333,9.0,2.0,44.0,0
117.32544933698955,174216.320832234,3507,1.33314453125,10.0,2.0,44.0,0
117.35745474000578,174216.352837637,3508,1.331904296875,8.0,2.0,44.0,0
117.38939271500567,174216.384775612,3509,1.3415266927083334,7.0,2.0,44.0,0
117.42541864101076,174216.420801538,3510,1.33154296875,8.0,2.0,44.0,0
117.45748973998707,174216.452872637,3511,1.3385188802083334,8.0,2.0,44.0,0
117.48943268999574,174216.484815587,3512,1.3373502604166667,9.0,2.0,44.0,0
117.52547940899967,174216.520862306,3513,1.336162109375,8.0,2.0,44.0,0
117.55748518300243,174216.55286808,3514,1.3420540364583333,10.0,2.0,44.0,0
117.58946720699896,174216.584850104,3515,1.340185546875,8.0,2.0,44.0,0
117.62542900399421,174216.620811901,3516,1.3472981770833334,10.0,2.0,44.0,0
117.657381928002,174216.652764825,3517,1.34087890625,11.0,2.0,44.0,0
117.69349059500382,174216.688873492,3518,1.3372688802083332,11.0,2.0,44.0,0
117.72542420998798,174216.720807107,3519,1.3338216145833333,8.0,2.0,44.0,0
117.7574722910067,174216.752855188,3520,1.3378580729166667,6.0,2.0,44.0,0
117.7934558269917,174216.788838724,3521,1.3386555989583333,11.0,2.0,44.0,0
117.82540912099648,174216.820792018,3522,1.3409993489583334,9.0,2.0,44.0,0
117.85738213200239,174216.852765029,3523,1.3436490885416668,9.0,2.0,44.0,0
117.89345523199881,174216.888838129,3524,1.34041015625,8.0,2.0,44.0,0
117.92543556500459,174216.920818462,3525,1.3429947916666667,12.0,2.0,44.0,0
117.96147398999892,174216.956856887,3526,1.3401497395833333,9.0,2.0,44.0,0
117.99341440398712,174216.988797301,3527,1.341650390625,8.0,2.0,44.0,0
118.02542269800324,174217.020805595,3528,1.3354134114583334,7.0,2.0,44.0,0
118.06149348398321,174217.056876381,3529,1.3405533854166667,12.0,2.0,44.0,0
118.09348510199925,174217.088867999,3530,1.3400455729166667,9.0,2.0,44.0,0
118.12543029998778,174217.120813197,3531,1.3388802083333333,12.0,2.0,44.0,0
118.16146937399753,174217.156852271,3532,1.3314420572916668,12.0,2.0,44.0,0
118.19343692998518,174217.188819827,3533,1.3334212239583334,13.0,2.0,44.0,0
118.2254245049844,174217.220807402,3534,1.3452766927083333,7.0,2.0,44.0,0
118.26155053099501,174217.256933428,3535,1.352890625,13.0,2.0,44.0,0
118.29338337600348,174217.288766273,3536,1.3393033854166667,10.0,2.0,44.0,0
118.32947284600232,174217.324855743,3537,1.3448665364583334,10.0,2.0,44.0,0
118.36143753799843,174217.356820435,3538,1.336357421875,10.0,2.0,44.0,0
118.3933758540079,174217.388758751,3539,1.3393033854166667,7.0,2.0,44.0,0
118.42943291098345,174217.424815808,3540,1.3344921875,6.0,2.0,44.0,0
118.46146260699607,174217.456845504,3541,1.3333235677083333,13.0,2.0,44.0,0
118.49343410501024,174217.488817002,3542,1.3407421875,10.0,2.0,44.0,0
118.52946640300797,174217.5248493,3543,1.34771484375,8.0,2.0,44.0,0
118.56141733398545,174217.556800231,3544,1.3323763020833332,8.0,2.0,44.0,0
118.59745667298557,174217.59283957,3545,1.3346451822916667,10.0,2.0,44.0,0
118.62944607200916,174217.624828969,3546,1.3386490885416666,15.0,2.0,44.0,0
118.66141068399884,174217.656793581,3547,1.3341438802083334,8.0,2.0,44.0,0
118.69746676899376,174217.692849666,3548,1.34072265625,16.0,2.0,44.0,0
118.72947030200157,174217.724853199,3549,1.33423828125,13.0,2.0,44.0,0
118.76149816298857,174217.75688106,3550,1.337978515625,10.0,2.0,44.0,0
118.79741464799736,174217.792797545,3551,1.3380826822916667,8.0,2.0,44.0,0
118.82941883298918,174217.82480173,3552,1.3452571614583333,8.0,2.0,44.0,0
118.86139111500233,174217.856774012,3553,1.3328287760416666,9.0,2.0,44.0,0
118.89742582998588,174217.892808727,3554,1.3433561197916666,11.0,2.0,44.0,0
118.92939927399857,174217.924782171,3555,1.339609375,16.0,2.0,44.0,0
118.96546883700648,174217.960851734,3556,1.3302799479166667,5.0,2.0,44.0,0
118.99745821399847,174217.992841111,3557,1.3313118489583333,8.0,2.0,44.0,0
119.02945073999581,174218.024833637,3558,1.3380338541666668,9.0,2.0,44.0,0
119.06554964499082,174218.060932542,3559,1.3401627604166666,12.0,2.0,44.0,0
119.09753489500144,174218.092917792,3560,1.348740234375,8.0,2.0,44.0,0
119.12951425899519,174218.124897156,3561,1.3418880208333333,16.0,2.0,44.0,0
119.16546804900281,174218.160850946,3562,1.3371712239583333,10.0,2.0,44.0,0
119.19747698999709,174218.192859887,3563,1.3491080729166667,9.0,2.0,44.0,0
119.23342635500012,174218.228809252,3564,1.3394466145833333,8.0,2.0,44.0,0
119.26542742099264,174218.260810318,3565,1.33875,9.0,2.0,44.0,0
119.29738825999084,174218.292771157,3566,1.3405533854166667,16.0,2.0,44.0,0
119.33346264000284,174218.328845537,3567,1.3363411458333334,6.0,2.0,44.0,0
119.36543223200715,174218.360815129,3568,1.3449055989583334,8.0,2.0,44.0,0
119.39739478798583,174218.392777685,3569,1.3380143229166668,9.0,2.0,44.0,0
119.43345229199622,174218.428835189,3570,1.338212890625,13.0,2.0,44.0,0
119.46546755699092,174218.460850454,3571,1.3423372395833333,13.0,2.0,44.0,0
119.49747097500949,174218.492853872,3572,1.3447916666666666,15.0,2.0,44.0,0
119.533502123988,174218.528885021,3573,1.3447688802083333,10.0,2.0,44.0,0
119.56539875199087,174218.560781649,3574,1.3329166666666667,10.0,2.0,44.0,0
119.60142440500204,174218.596807302,3575,1.344609375,11.0,2.0,44.0,0
119.63350440200884,174218.628887299,3576,1.335068359375,10.0,2.0,44.0,0
119.66540136898402,174218.660784266,3577,1.3435774739583333,9.0,2.0,44.0,0
119.70145099700312,174218.696833894,3578,1.3334830729166667,11.0,2.0,44.0,0
119.73346814000979,174218.728851037,3579,1.341298828125,11.0,2.0,44.0,0
119.76546462401166,174218.760847521,3580,1.3345084635416666,12.0,2.0,44.0,0
119.80147862900048,174218.796861526,3581,1.3396549479166666,10.0,2.0,44.0,0
119.8334271099884,174218.828810007,3582,1.3344368489583334,8.0,2.0,44.0,0
119.86944154999219,174218.864824447,3583,1.3391048177083333,10.0,2.0,44.0,0
119.90141546400264,174218.896798361,3584,1.338076171875,8.0,2.0,44.0,0
119.93342434699298,174218.928807244,3585,1.3419173177083332,12.0,2.0,44.0,0
119.96949370298535,174218.9648766,3586,1.3409114583333333,13.0,2.0,44.0,0
120.00144957299926,174218.99683247,3587,1.3314876302083334,12.0,2.0,44.0,0
120.03345106900088,174219.028833966,3588,1.3355794270833334,8.0,2.0,44.0,0
120.06963106500916,174219.065013962,3589,1.3347298177083333,14.0,2.0,44.0,0
120.10155705700163,174219.096939954,3590,1.3374772135416666,8.0,2.0,44.0,0
120.13360461298726,174219.12898751,3591,1.3385677083333334,9.0,2.0,44.0,0
120.16951962499297,174219.164902522,3592,1.3407389322916667,10.0,2.0,44.0,0
120.20143548501073,174219.196818382,3593,1.3380305989583334,12.0,2.0,44.0,0
120.23746693099383,174219.232849828,3594,1.3414388020833334,11.0,2.0,44.0,0
120.26953230801155,174219.264915205,3595,1.3356412760416667,12.0,2.0,44.0,0
120.3013814209844,174219.296764318,3596,1.3371614583333333,11.0,2.0,44.0,0
120.33750596700702,174219.332888864,3597,1.3431510416666668,12.0,2.0,44.0,0
120.36947498598602,174219.364857883,3598,1.34564453125,12.0,2.0,44.0,0
120.40143591898959,174219.396818816,3599,1.3459505208333333,7.0,2.0,44.0,0
120.43750623200322,174219.432889129,3600,1.3445865885416666,8.0,2.0,44.0,0
120.46938797101029,174219.464770868,3601,1.3381803385416666,6.0,2.0,44.0,0
120.50545927000348,174219.500842167,3602,1.3369954427083333,15.0,2.0,44.0,0
120.53749044900178,174219.532873346,3603,1.336455078125,9.0,2.0,44.0,0
120.56943004898494,174219.564812946,3604,1.3377701822916668,10.0,2.0,44.0,0
120.60548088001087,174219.600863777,3605,1.334296875,12.0,2.0,44.0,0
120.6374750440009,174219.632857941,3606,1.3405794270833333,10.0,2.0,44.0,0
120.66948236399912,174219.664865261,3607,1.3308430989583333,11.0,2.0,44.0,0
120.70548019299167,174219.70086309,3608,1.3394759114583332,7.0,2.0,44.0,0
120.73743286798708,174219.732815765,3609,1.336591796875,8.0,2.0,44.0,0
120.76945317600621,174219.764836073,3610,1.3357779947916666,12.0,2.0,44.0,0
120.80544704699423,174219.800829944,3611,1.3337923177083333,13.0,2.0,44.0,0
120.83751159798703,174219.832894495,3612,1.342802734375,11.0,2.0,44.0,0
120.87358260399196,174219.868965501,3613,1.3363704427083334,10.0,2.0,44.0,0
120.90559588200995,174219.900978779,3614,1.3371158854166667,10.0,2.0,44.0,0
120.93745999300154,174219.93284289,3615,1.3405338541666667,13.0,2.0,44.0,0
120.97353406201,174219.968916959,3616,1.3416341145833333,13.0,2.0,44.0,0
121.0055067820067,174220.000889679,3617,1.3388704427083333,10.0,2.0,44.0,0
121.0374315920053,174220.032814489,3618,1.3415397135416667,10.0,2.0,44.0,0
121.07358139898861,174220.068964296,3619,1.33798828125,7.0,2.0,44.0,0
121.10556969599565,174220.100952593,3620,1.3397884114583334,12.0,2.0,44.0,0
121.14160926299519,174220.13699216,3621,1.3380794270833334,8.0,2.0,44.0,0
121.17358169698855,174220.168964594,3622,1.34193359375,6.0,2.0,44.0,0
121.20553232400562,174220.200915221,3623,1.3393977864583333,9.0,2.0,44.0,0
121.24152889000834,174220.236911787,3624,1.3380045572916666,8.0,2.0,44.0,0
121.27367590999347,174220.269058807,3625,1.34017578125,11.0,2.0,44.0,0
121.3055264900031,174220.300909387,3626,1.3389811197916666,7.0,2.0,44.0,0
121.34161632799078,174220.336999225,3627,1.3401529947916666,10.0,2.0,44.0,0
121.37355772999581,174220.368940627,3628,1.3421354166666666,7.0,2.0,44.0,0
121.40558403899195,174220.400966936,3629,1.339013671875,8.0,2.0,44.0,0
121.44158596498892,174220.436968862,3630,1.3333235677083333,7.0,2.0,44.0,0
121.4735801339848,174220.468963031,3631,1.3419205729166668,6.0,2.0,44.0,0
121.50957881298382,174220.50496171,3632,1.3395865885416667,9.0,2.0,44.0,0
121.54158209098387,174220.536964988,3633,1.3377376302083333,10.0,2.0,44.0,0
121.57345047098352,174220.568833368,3634,1.3456282552083334,11.0,2.0,44.0,0
121.60949213299318,174220.60487503,3635,1.342041015625,7.0,2.0,44.0,0
121.6414613550005,174220.636844252,3636,1.3417513020833334,10.0,2.0,44.0,0
121.67351539598894,174220.668898293,3637,1.3352180989583333,14.0,2.0,44.0,0
121.70954645599704,174220.704929353,3638,1.338935546875,6.0,2.0,44.0,0
121.74153374199523,174220.736916639,3639,1.342275390625,10.0,2.0,44.0,0
121.77756924100686,174220.772952138,3640,1.3390625,11.0,2.0,44.0,0
121.80954696700792,174220.804929864,3641,1.3352701822916666,16.0,2.0,44.0,0
121.84156839898787,174220.836951296,3642,1.3415625,8.0,2.0,44.0,0
121.87754910500371,174220.872932002,3643,1.3348372395833332,11.0,2.0,44.0,0
121.90959154599113,174220.904974443,3644,1.34513671875,8.0,2.0,44.0,0
121.94155737198889,174220.936940269,3645,1.3414908854166667,8.0,2.0,44.0,0
121.97753577999538,174220.972918677,3646,1.3418391927083333,14.0,2.0,44.0,0
122.00963345798664,174221.005016355,3647,1.3316048177083333,7.0,2.0,44.0,0
122.04159688900108,174221.036979786,3648,1.32755859375,7.0,2.0,44.0,0
122.07761450199177,174221.072997399,3649,1.3427018229166667,9.0,2.0,44.0,0
122.10960480099311,174221.104987698,3650,1.3397819010416667,8.0,2.0,44.0,0
122.1456147620047,174221.140997659,3651,1.3394986979166668,11.0,2.0,44.0,0
122.17753558800905,174221.172918485,3652,1.3333040364583333,9.0,2.0,44.0,0
122.20950514700962,174221.204888044,3653,1.3380924479166667,12.0,2.0,44.0,0
122.24552855399088,174221.240911451,3654,1.3381380208333333,9.0,2.0,44.0,0
122.27760239300551,174221.27298529,3655,1.3339420572916667,9.0,2.0,44.0,0
122.30954018799821,174221.304923085,3656,1.340517578125,12.0,2.0,44.0,0
122.34551795900916,174221.340900856,3657,1.3326595052083334,13.0,2.0,44.0,0
122.37749621499097,174221.372879112,3658,1.3485416666666667,7.0,2.0,44.0,0
122.41351374899386,174221.408896646,3659,1.3318880208333332,7.0,2.0,44.0,0
122.44553942899802,174221.440922326,3660,1.3492838541666667,9.0,2.0,44.0,0
122.47755710300407,174221.47294,3661,1.33556640625,10.0,2.0,44.0,0
122.51355600499664,174221.508938902,3662,1.3392252604166666,8.0,2.0,44.0,0
122.54550511200796,174221.540888009,3663,1.3404296875,14.0,2.0,44.0,0
122.57746039700578,174221.572843294,3664,1.3381510416666667,9.0,2.0,44.0,0
122.61360079800943,174221.608983695,3665,1.3369401041666666,15.0,2.0,44.0,0
122.64558049000334,174221.640963387,3666,1.3374544270833333,10.0,2.0,44.0,0
122.67768578999676,174221.673068687,3667,1.3400032552083334,9.0,2.0,44.0,0
122.71360389399342,174221.708986791,3668,1.3346484375,16.0,2.0,44.0,0
122.74556386098266,174221.740946758,3669,1.33568359375,9.0,2.0,44.0,0
122.78159771600622,174221.776980613,3670,1.334794921875,12.0,2.0,44.0,0
122.81348427198827,174221.808867169,3671,1.3383365885416667,9.0,2.0,44.0,0
122.84546747099375,174221.840850368,3672,1.3406119791666666,14.0,2.0,44.0,0
122.88145523800631,174221.876838135,3673,1.333310546875,10.0,2.0,44.0,0
122.91349207999883,174221.908874977,3674,1.3352180989583333,8.0,2.0,44.0,0
122.94545234399266,174221.940835241,3675,1.3436458333333334,13.0,2.0,44.0,0
122.98150184299448,174221.97688474,3676,1.338779296875,10.0,2.0,44.0,0
123.01348604899249,174222.008868946,3677,1.3311946614583334,9.0,2.0,44.0,0
123.04957388699404,174222.044956784,3678,1.3344759114583333,7.0,2.0,44.0,0
123.08161228799145,174222.076995185,3679,1.3396647135416666,14.0,2.0,44.0,0
123.11342507600784,174222.108807973,3680,1.3368782552083334,10.0,2.0,44.0,0
123.14947391799069,174222.144856815,3681,1.339013671875,9.0,2.0,44.0,0
123.18146469900967,174222.176847596,3682,1.33328125,8.0,2.0,44.0,0
123.21355425901129,174222.208937156,3683,1.3346061197916668,11.0,2.0,44.0,0
123.24956942599965,174222.244952323,3684,1.3429296875,12.0,2.0,44.0,0
123.28151959899697,174222.276902496,3685,1.3350260416666666,11.0,2.0,44.0,0
123.31747433298733,174222.31285723,3686,1.3296354166666666,8.0,2.0,44.0,0
123.3494859180064,174222.344868815,3687,1.332294921875,11.0,2.0,44.0,0
123.3815976580081,174222.376980555,3688,1.340458984375,11.0,2.0,44.0,0
123.4174921970116,174222.412875094,3689,1.336650390625,8.0,2.0,44.0,0
123.4494788539887,174222.444861751,3690,1.3407356770833334,10.0,2.0,44.0,0
123.48149310500594,174222.476876002,3691,1.3450716145833332,11.0,2.0,44.0,0
123.51750702699064,174222.512889924,3692,1.332158203125,12.0,2.0,44.0,0
123.54948908500955,174222.544871982,3693,1.3408463541666666,13.0,2.0,44.0,0
123.58143662000657,174222.576819517,3694,1.344345703125,6.0,2.0,44.0,0
123.6174189389858,174222.612801836,3695,1.3333203125,10.0,2.0,44.0,0
123.64941953198286,174222.644802429,3696,1.3384342447916666,7.0,2.0,44.0,0
123.68544882000424,174222.680831717,3697,1.340615234375,11.0,2.0,44.0,0
123.71753148900461,174222.712914386,3698,1.337392578125,9.0,2.0,44.0,0
123.74945365500753,174222.744836552,3699,1.3338802083333334,5.0,2.0,44.0,0
123.78551326799789,174222.780896165,3700,1.3428190104166666,9.0,2.0,44.0,0
123.81745193401002,174222.812834831,3701,1.3412467447916667,14.0,2.0,44.0,0
123.84942282200791,174222.844805719,3702,1.3417154947916667,8.0,2.0,44.0,0
123.88551992899738,174222.880902826,3703,1.340087890625,9.0,2.0,44.0,0
123.91749763899134,174222.912880536,3704,1.332265625,10.0,2.0,44.0,0
123.95356141598313,174222.948944313,3705,1.3480794270833334,7.0,2.0,44.0,0
123.9855235349969,174222.980906432,3706,1.3464485677083333,12.0,2.0,44.0,0
124.0174837539962,174223.012866651,3707,1.3339876302083333,12.0,2.0,44.0,0
124.05354151100619,174223.048924408,3708,1.3397493489583334,10.0,2.0,44.0,0
124.08548006199999,174223.080862959,3709,1.3397102864583332,10.0,2.0,44.0,0
124.11763690700172,174223.113019804,3710,1.337119140625,7.0,2.0,44.0,0
124.15349240100477,174223.148875298,3711,1.342060546875,12.0,2.0,44.0,0
124.1854782619921,174223.180861159,3712,1.330517578125,10.0,2.0,44.0,0
124.21743787798914,174223.212820775,3713,1.3417252604166667,9.0,2.0,44.0,0
124.25353268400067,174223.248915581,3714,1.33814453125,8.0,2.0,44.0,0
124.28546655899845,174223.280849456,3715,1.3433658854166666,16.0,2.0,44.0,0
124.32148271499318,174223.316865612,3716,1.336171875,9.0,2.0,44.0,0
124.35345403398969,174223.348836931,3717,1.3412272135416667,8.0,2.0,44.0,0
124.3854242739908,174223.380807171,3718,1.3357584635416666,12.0,2.0,44.0,0
124.42149370998959,174223.416876607,3719,1.3457194010416667,9.0,2.0,44.0,0
124.45349887700286,174223.448881774,3720,1.3407356770833334,10.0,2.0,44.0,0
124.48552840799675,174223.480911305,3721,1.341455078125,12.0,2.0,44.0,0
124.5215190309973,174223.516901928,3722,1.34154296875,10.0,2.0,44.0,0
124.55352159298491,174223.54890449,3723,1.3403255208333333,9.0,2.0,44.0,0
124.58950006699888,174223.584882964,3724,1.341865234375,8.0,2.0,44.0,0
124.6215665229829,174223.61694942,3725,1.3382389322916666,9.0,2.0,44.0,0
124.65346522000618,174223.648848117,3726,1.3383430989583334,11.0,2.0,44.0,0
124.68950928500271,174223.684892182,3727,1.3428938802083332,9.0,2.0,44.0,0
124.72150449999026,174223.716887397,3728,1.3413899739583333,9.0,2.0,44.0,0
124.75343332698685,174223.748816224,3729,1.3415950520833333,8.0,2.0,44.0,0
124.78948205400957,174223.784864951,3730,1.3327604166666667,7.0,2.0,44.0,0
124.82144732598681,174223.816830223,3731,1.3435481770833333,9.0,2.0,44.0,0
124.85343997500604,174223.848822872,3732,1.3431803385416667,10.0,2.0,44.0,0
124.88948913500644,174223.884872032,3733,1.336396484375,9.0,2.0,44.0,0
124.92148096399615,174223.916863861,3734,1.3376920572916666,8.0,2.0,44.0,0
124.95752861199435,174223.952911509,3735,1.3453287760416666,14.0,2.0,44.0,0
124.98960464599077,174223.984987543,3736,1.3442057291666667,10.0,2.0,44.0,0
125.02146054100012,174224.016843438,3737,1.3351725260416667,9.0,2.0,44.0,0
125.05754944699584,174224.052932344,3738,1.3365462239583332,8.0,2.0,44.0,0
125.08950384400669,174224.084886741,3739,1.331025390625,10.0,2.0,44.0,0
125.12150523700984,174224.116888134,3740,1.33736328125,8.0,2.0,44.0,0
125.15747761298553,174224.15286051,3741,1.3448795572916667,10.0,2.0,44.0,0
125.18948637499125,174224.184869272,3742,1.341533203125,9.0,2.0,44.0,0
125.22550751600647,174224.220890413,3743,1.3364876302083333,9.0,2.0,44.0,0
125.25761431298451,174224.25299721,3744,1.3383203125,8.0,2.0,44.0,0
125.28941014499287,174224.284793042,3745,1.3437109375,10.0,2.0,44.0,0
125.32549912799732,174224.320882025,3746,1.3383951822916667,6.0,2.0,44.0,0
125.35750074699172,174224.352883644,3747,1.3419466145833334,10.0,2.0,44.0,0
125.38948999199783,174224.384872889,3748,1.3408463541666666,8.0,2.0,44.0,0
125.42554614899564,174224.420929046,3749,1.3385319010416667,13.0,2.0,44.0,0
125.45753418401,174224.452917081,3750,1.3354231770833334,11.0,2.0,44.0,0
125.48944546299754,174224.48482836,3751,1.3393098958333334,7.0,2.0,44.0,0
125.52547732100356,174224.520860218,3752,1.3385579427083334,14.0,2.0,44.0,0
125.55742786999326,174224.552810767,3753,1.3365397135416666,12.0,2.0,44.0,0
125.59350008598994,174224.588882983,3754,1.3337955729166666,10.0,2.0,44.0,0
125.62557789700804,174224.620960794,3755,1.339267578125,6.0,2.0,44.0,0
125.65744776799693,174224.652830665,3756,1.3412174479166667,10.0,2.0,44.0,0
125.69347391498741,174224.688856812,3757,1.3429947916666667,14.0,2.0,44.0,0
125.72551882799598,174224.720901725,3758,1.3365983072916667,9.0,2.0,44.0,0
125.75755329598906,174224.752936193,3759,1.337783203125,13.0,2.0,44.0,0
125.79346896000789,174224.788851857,3760,1.33734375,6.0,2.0,44.0,0
125.82553481400828,174224.820917711,3761,1.3387109375,11.0,2.0,44.0,0
125.8614751889836,174224.856858086,3762,1.338408203125,11.0,2.0,44.0,0
125.8935203620058,174224.888903259,3763,1.34115234375,7.0,2.0,44.0,0
125.92543487198418,174224.920817769,3764,1.3378125,12.0,2.0,44.0,0
125.96150189900072,174224.956884796,3765,1.3360677083333334,9.0,2.0,44.0,0
125.99347402798594,174224.988856925,3766,1.340341796875,8.0,2.0,44.0,0
126.02543234999757,174225.020815247,3767,1.3358951822916667,9.0,2.0,44.0,0
126.06159191700863,174225.056974814,3768,1.3439778645833333,7.0,2.0,44.0,0
126.09364153401111,174225.089024431,3769,1.3406901041666666,8.0,2.0,44.0,0
126.12557219300652,174225.12095509,3770,1.3349576822916667,9.0,2.0,44.0,0
126.16151888101012,174225.156901778,3771,1.331806640625,10.0,2.0,44.0,0
126.19347202498466,174225.188854922,3772,1.3344075520833334,10.0,2.0,44.0,0
126.2294910599885,174225.224873957,3773,1.3312760416666667,6.0,2.0,44.0,0
126.26156976199127,174225.256952659,3774,1.329873046875,6.0,2.0,44.0,0
126.29345440599718,174225.288837303,3775,1.3373567708333334,7.0,2.0,44.0,0
126.32950045701,174225.324883354,3776,1.340908203125,8.0,2.0,44.0,0
126.36148862098344,174225.356871518,3777,1.34099609375,13.0,2.0,44.0,0
126.3934685389977,174225.388851436,3778,1.3433626302083332,12.0,2.0,44.0,0
126.42949634199613,174225.424879239,3779,1.3392024739583333,7.0,2.0,44.0,0
126.4614882649912,174225.456871162,3780,1.3373567708333334,9.0,2.0,44.0,0
126.49750002499786,174225.492882922,3781,1.3441796875,10.0,2.0,44.0,0
126.52951570998994,174225.524898607,3782,1.3390299479166667,9.0,2.0,44.0,0
126.56143912198604,174225.556822019,3783,1.336396484375,12.0,2.0,44.0,0
126.59751977398992,174225.592902671,3784,1.3346744791666667,10.0,2.0,44.0,0
126.62951253898791,174225.624895436,3785,1.3431705729166667,10.0,2.0,44.0,0
126.66144658401026,174225.656829481,3786,1.3430208333333333,7.0,2.0,44.0,0
126.69752049900126,174225.692903396,3787,1.3482421875,11.0,2.0,44.0,0
126.73257875599666,174225.727961653,3788,1.3382161458333333,10.0,2.0,44.0,0
126.77166441100417,174225.767047308,3789,1.3418717447916666,8.0,2.0,44.0,0
126.80174026198802,174225.797123159,3790,1.34015625,8.0,2.0,44.0,0
126.83648791300948,174225.83187081,3791,1.3396158854166667,9.0,2.0,44.0,0
126.86546671099495,174225.860849608,3792,1.3359928385416666,8.0,2.0,44.0,0
126.89743343699956,174225.892816334,3793,1.3429231770833334,9.0,2.0,44.0,0
126.92970415498712,174225.925087052,3794,1.342890625,12.0,2.0,44.0,0
126.96550181999919,174225.960884717,3795,1.3370930989583334,14.0,2.0,44.0,0
126.99753952398896,174225.992922421,3796,1.3365462239583332,11.0,2.0,44.0,0
127.02950447899639,174226.024887376,3797,1.3400130208333334,10.0,2.0,44.0,0
127.06554835400311,174226.060931251,3798,1.342314453125,12.0,2.0,44.0,0
127.09758096499718,174226.092963862,3799,1.3374153645833333,14.0,2.0,44.0,0
127.13354296100442,174226.128925858,3800,1.3474153645833333,7.0,2.0,44.0,0
127.16549181900336,174226.160874716,3801,1.3366666666666667,8.0,2.0,44.0,0
127.19748368000728,174226.192866577,3802,1.3413802083333333,8.0,2.0,44.0,0
127.23351015499793,174226.228893052,3803,1.3411490885416666,12.0,2.0,44.0,0
127.26557207200676,174226.260954969,3804,1.34248046875,7.0,2.0,44.0,0
127.29744310400565,174226.292826001,3805,1.3388151041666667,9.0,2.0,44.0,0
127.33345104800537,174226.328833945,3806,1.3343489583333332,9.0,2.0,44.0,0
127.36550212898874,174226.360885026,3807,1.338330078125,11.0,2.0,44.0,0
127.39756603699061,174226.392948934,3808,1.3401302083333333,9.0,2.0,44.0,0
127.43360531600774,174226.428988213,3809,1.335458984375,9.0,2.0,44.0,0
127.46546336900792,174226.460846266,3810,1.347568359375,12.0,2.0,44.0,0
127.50151084500249,174226.496893742,3811,1.3331412760416668,8.0,2.0,44.0,0
127.53351571899839,174226.528898616,3812,1.3340071614583333,13.0,2.0,44.0,0
127.56547448900528,174226.560857386,3813,1.3383658854166667,8.0,2.0,44.0,0
127.6015111769957,174226.596894074,3814,1.335546875,10.0,2.0,44.0,0
127.6335099489952,174226.628892846,3815,1.345537109375,10.0,2.0,44.0,0
127.66548395098653,174226.660866848,3816,1.3469270833333333,8.0,2.0,44.0,0
127.7014916279877,174226.696874525,3817,1.347294921875,10.0,2.0,44.0,0
127.73350804898655,174226.728890946,3818,1.3452669270833333,16.0,2.0,44.0,0
127.76959758999874,174226.764980487,3819,1.3476204427083334,7.0,2.0,44.0,0
127.80151356200804,174226.796896459,3820,1.333427734375,7.0,2.0,44.0,0
127.83347637800034,174226.828859275,3821,1.337099609375,6.0,2.0,44.0,0
127.86950698599685,174226.864889883,3822,1.3384114583333333,9.0,2.0,44.0,0
127.90152533800574,174226.896908235,3823,1.3331998697916667,9.0,2.0,44.0,0
127.93349811399821,174226.928881011,3824,1.3424381510416667,8.0,2.0,44.0,0
127.96951972699026,174226.964902624,3825,1.3361165364583334,10.0,2.0,44.0,0
128.0015262030065,174226.9969091,3826,1.3396419270833333,10.0,2.0,44.0,0
128.03347248100908,174227.028855378,3827,1.33775390625,10.0,2.0,44.0,0
128.069551040011,174227.064933937,3828,1.3399088541666666,8.0,2.0,44.0,0
128.10155896199285,174227.096941859,3829,1.324482421875,10.0,2.0,44.0,0
128.13749705598457,174227.132879953,3830,1.3293424479166667,9.0,2.0,44.0,0
128.16951139300363,174227.16489429,3831,1.3411360677083333,11.0,2.0,44.0,0
128.20150847599143,174227.196891373,3832,1.333125,8.0,2.0,44.0,0
128.2375359380094,174227.232918835,3833,1.3336393229166668,9.0,2.0,44.0,0
128.2695756989997,174227.264958596,3834,1.3371484375,9.0,2.0,44.0,0
128.30149569700006,174227.296878594,3835,1.33927734375,9.0,2.0,44.0,0
128.33750773200882,174227.332890629,3836,1.3391861979166666,7.0,2.0,44.0,0
128.36954443098512,174227.364927328,3837,1.3452571614583333,7.0,2.0,44.0,0
128.40551589499228,174227.400898792,3838,1.3415559895833333,10.0,2.0,44.0,0
128.43753814100637,174227.432921038,3839,1.335185546875,14.0,2.0,44.0,0
128.469458890002,174227.464841787,3840,1.3405208333333334,9.0,2.0,44.0,0
128.50545792700723,174227.500840824,3841,1.3414778645833334,9.0,2.0,44.0,0
128.537487530004,174227.532870427,3842,1.33640625,12.0,2.0,44.0,0
128.56945783499395,174227.564840732,3843,1.3374283854166666,10.0,2.0,44.0,0
128.6055164129939,174227.60089931,3844,1.3390104166666668,10.0,2.0,44.0,0
128.6375135660055,174227.632896463,3845,1.3351595052083334,11.0,2.0,44.0,0
128.66952366099576,174227.664906558,3846,1.3418717447916666,8.0,2.0,44.0,0
128.70555071500712,174227.700933612,3847,1.3374576822916666,13.0,2.0,44.0,0
128.73746251198463,174227.732845409,3848,1.3426334635416666,11.0,2.0,44.0,0
128.77351025299868,174227.76889315,3849,1.335859375,9.0,2.0,44.0,0
128.80552945798263,174227.800912355,3850,1.336240234375,12.0,2.0,44.0,0
128.83749554600217,174227.832878443,3851,1.3400325520833334,6.0,2.0,44.0,0
128.8735032469849,174227.868886144,3852,1.3363606770833334,10.0,2.0,44.0,0
128.90545322999242,174227.900836127,3853,1.3397623697916667,7.0,2.0,44.0,0
128.93750530399848,174227.932888201,3854,1.341337890625,10.0,2.0,44.0,0
128.97356084900093,174227.968943746,3855,1.343740234375,7.0,2.0,44.0,0
129.00557195098372,174228.000954848,3856,1.3344173177083334,5.0,2.0,44.0,0
129.04149944899837,174228.036882346,3857,1.3379915364583332,13.0,2.0,44.0,0
129.07353703898843,174228.068919936,3858,1.3340625,11.0,2.0,44.0,0
129.1055086599954,174228.100891557,3859,1.3416634114583332,8.0,2.0,44.0,0
129.14149940299103,174228.1368823,3860,1.3421516927083332,9.0,2.0,44.0,0
129.17350031499518,174228.168883212,3861,1.3401236979166666,7.0,2.0,44.0,0
129.20545694799512,174228.200839845,3862,1.3345540364583333,12.0,2.0,44.0,0
129.24153523900895,174228.236918136,3863,1.34044921875,8.0,2.0,44.0,0
129.2736772740027,174228.269060171,3864,1.338984375,10.0,2.0,44.0,0
129.3054996599967,174228.300882557,3865,1.33822265625,9.0,2.0,44.0,0
129.3415672639967,174228.336950161,3866,1.335888671875,12.0,2.0,44.0,0
129.37347000898444,174228.368852906,3867,1.3369563802083333,9.0,2.0,44.0,0
129.4095016809879,174228.404884578,3868,1.3394563802083332,14.0,2.0,44.0,0
129.44151382599375,174228.436896723,3869,1.332998046875,8.0,2.0,44.0,0
129.4735090190079,174228.468891916,3870,1.34017578125,9.0,2.0,44.0,0
129.50947550998535,174228.504858407,3871,1.338681640625,6.0,2.0,44.0,0
129.54152209599852,174228.536904993,3872,1.3399479166666666,15.0,2.0,44.0,0
129.57347032500547,174228.568853222,3873,1.3384440104166666,8.0,2.0,44.0,0
129.60954550199676,174228.604928399,3874,1.3398502604166667,14.0,2.0,44.0,0
129.64154298001085,174228.636925877,3875,1.3445345052083333,7.0,2.0,44.0,0
129.67754966201028,174228.672932559,3876,1.3374479166666666,8.0,2.0,44.0,0
129.70954589999747,174228.704928797,3877,1.33646484375,8.0,2.0,44.0,0
129.74150007398566,174228.736882971,3878,1.3418619791666666,8.0,2.0,44.0,0
129.77756917200168,174228.772952069,3879,1.3402408854166667,10.0,2.0,44.0,0
129.80957546300488,174228.80495836,3880,1.3426953125,10.0,2.0,44.0,0
129.8415013809863,174228.836884278,3881,1.3408138020833333,10.0,2.0,44.0,0
129.87752485999954,174228.872907757,3882,1.3388118489583334,12.0,2.0,44.0,0
129.90951493999455,174228.904897837,3883,1.3526595052083332,6.0,2.0,44.0,0
129.9414620680036,174228.936844965,3884,1.3343717447916668,10.0,2.0,44.0,0
129.97756018000655,174228.972943077,3885,1.3381608072916666,10.0,2.0,44.0,0
130.00953337099054,174229.004916268,3886,1.343330078125,9.0,2.0,44.0,0
130.04558443601127,174229.040967333,3887,1.3351985677083333,6.0,2.0,44.0,0
130.07760093698744,174229.072983834,3888,1.340830078125,7.0,2.0,44.0,0
130.10952499700943,174229.104907894,3889,1.3359798177083333,8.0,2.0,44.0,0
130.14552551798988,174229.140908415,3890,1.3364095052083333,9.0,2.0,44.0,0
130.17751705800765,174229.172899955,3891,1.3398567708333333,10.0,2.0,44.0,0
130.20946554999682,174229.204848447,3892,1.3420930989583333,8.0,2.0,44.0,0
130.245589853992,174229.240972751,3893,1.3384049479166666,10.0,2.0,44.0,0
130.27762744599022,174229.273010343,3894,1.3428580729166666,11.0,2.0,44.0,0
130.31356559100095,174229.308948488,3895,1.3325260416666667,9.0,2.0,44.0,0
130.34554535898496,174229.340928256,3896,1.3424772135416667,12.0,2.0,44.0,0
130.3775005179923,174229.372883415,3897,1.3391438802083333,12.0,2.0,44.0,0
130.41354343798594,174229.408926335,3898,1.3430631510416666,8.0,2.0,44.0,0
130.44554842601065,174229.440931323,3899,1.3493326822916667,12.0,2.0,44.0,0
130.47750182100572,174229.472884718,3900,1.3401009114583333,8.0,2.0,44.0,0
130.51353672798723,174229.508919625,3901,1.3419205729166668,8.0,2.0,44.0,0
130.54555477001122,174229.540937667,3902,1.3381282552083333,15.0,2.0,44.0,0
130.57750805901014,174229.572890956,3903,1.337138671875,8.0,2.0,44.0,0
130.61348920699675,174229.608872104,3904,1.3372395833333333,13.0,2.0,44.0,0
130.64548667700728,174229.640869574,3905,1.3387141927083333,8.0,2.0,44.0,0
130.68154417100595,174229.676927068,3906,1.3389778645833332,8.0,2.0,44.0,0
130.7135553979897,174229.708938295,3907,1.33744140625,12.0,2.0,44.0,0
130.74543411898776,174229.740817016,3908,1.3446256510416668,10.0,2.0,44.0,0
130.78148166599567,174229.776864563,3909,1.3432389322916667,6.0,2.0,44.0,0
130.8135305350006,174229.808913432,3910,1.3395865885416667,12.0,2.0,44.0,0
130.8454632689827,174229.840846166,3911,1.33615234375,10.0,2.0,44.0,0
130.88152371699107,174229.876906614,3912,1.3403645833333333,10.0,2.0,44.0,0
130.9135277849855,174229.908910682,3913,1.3386458333333333,12.0,2.0,44.0,0
130.94947977599804,174229.944862673,3914,1.3349641927083333,8.0,2.0,44.0,0
130.9815082300047,174229.976891127,3915,1.33759765625,7.0,2.0,44.0,0
131.0135169379937,174230.008899835,3916,1.33349609375,6.0,2.0,44.0,0
131.04951038898434,174230.044893286,3917,1.3425455729166667,6.0,2.0,44.0,0
131.0814839710074,174230.076866868,3918,1.3397233072916668,8.0,2.0,44.0,0
131.11345314400387,174230.108836041,3919,1.3284928385416668,11.0,2.0,44.0,0
131.14948097098386,174230.144863868,3920,1.3404654947916668,8.0,2.0,44.0,0
131.18150738600525,174230.176890283,3921,1.3441178385416668,14.0,2.0,44.0,0
131.2134518660023,174230.208834763,3922,1.3456119791666667,10.0,2.0,44.0,0
131.24945526200463,174230.244838159,3923,1.3334244791666667,7.0,2.0,44.0,0
131.28147720798734,174230.276860105,3924,1.34427734375,9.0,2.0,44.0,0
131.3175153970078,174230.312898294,3925,1.3425716145833333,11.0,2.0,44.0,0
131.3495372789912,174230.344920176,3926,1.3455859375,9.0,2.0,44.0,0
131.38146051298827,174230.37684341,3927,1.330322265625,8.0,2.0,44.0,0
131.41752786998404,174230.412910767,3928,1.3349609375,12.0,2.0,44.0,0
131.44949688398628,174230.444879781,3929,1.3386197916666667,6.0,2.0,44.0,0
131.48145153198857,174230.476834429,3930,1.340703125,11.0,2.0,44.0,0
131.51750530899153,174230.512888206,3931,1.3332454427083333,9.0,2.0,44.0,0
131.54953085500165,174230.544913752,3932,1.3421907552083334,10.0,2.0,44.0,0
131.58549642001162,174230.580879317,3933,1.3371061197916667,9.0,2.0,44.0,0
131.61748773200088,174230.612870629,3934,1.3413118489583333,6.0,2.0,44.0,0
131.64946023499942,174230.644843132,3935,1.3393912760416666,12.0,2.0,44.0,0
131.68552864799858,174230.680911545,3936,1.335537109375,8.0,2.0,44.0,0
131.71748605099856,174230.712868948,3937,1.335224609375,9.0,2.0,44.0,0
131.7494070820103,174230.744789979,3938,1.3418001302083333,9.0,2.0,44.0,0
131.78551852499368,174230.780901422,3939,1.3348763020833334,13.0,2.0,44.0,0
131.81751703599002,174230.812899933,3940,1.3535872395833333,9.0,2.0,44.0,0
131.8494422909862,174230.844825188,3941,1.33671875,10.0,2.0,44.0,0
131.88548680298845,174230.8808697,3942,1.3428352864583333,7.0,2.0,44.0,0
131.91748622298473,174230.91286912,3943,1.3385286458333334,9.0,2.0,44.0,0
131.95349913398968,174230.948882031,3944,1.341640625,7.0,2.0,44.0,0
131.9854852510034,174230.980868148,3945,1.3389518229166666,11.0,2.0,44.0,0
132.0174513630045,174231.01283426,3946,1.337451171875,8.0,2.0,44.0,0
132.05350809398806,174231.048890991,3947,1.344560546875,8.0,2.0,44.0,0
132.08551201201044,174231.080894909,3948,1.336171875,9.0,2.0,44.0,0
132.1174508619879,174231.112833759,3949,1.3425455729166667,8.0,2.0,44.0,0
132.1534816439962,174231.148864541,3950,1.3335872395833333,7.0,2.0,44.0,0
132.18550086798496,174231.180883765,3951,1.3427278645833334,8.0,2.0,44.0,0
132.22149752799305,174231.216880425,3952,1.3344954427083333,9.0,2.0,44.0,0
132.2535093500046,174231.248892247,3953,1.3402180989583334,9.0,2.0,44.0,0
132.28554026500206,174231.280923162,3954,1.340927734375,13.0,2.0,44.0,0
132.32154046799405,174231.316923365,3955,1.33671875,13.0,2.0,44.0,0
132.35347952498705,174231.348862422,3956,1.3401171875,6.0,2.0,44.0,0
132.3854507280048,174231.380833625,3957,1.334248046875,8.0,2.0,44.0,0
132.42148476399598,174231.416867661,3958,1.337041015625,14.0,2.0,44.0,0
132.45349140599137,174231.448874303,3959,1.3392415364583334,8.0,2.0,44.0,0
132.48545515700243,174231.480838054,3960,1.3426790364583334,10.0,2.0,44.0,0
132.52152613099315,174231.516909028,3961,1.3263671875,8.0,2.0,44.0,0
132.55344079900533,174231.548823696,3962,1.3362337239583333,10.0,2.0,44.0,0
132.58949591699638,174231.584878814,3963,1.340927734375,10.0,2.0,44.0,0
132.62148150798748,174231.616864405,3964,1.34162109375,17.0,2.0,44.0,0
132.65344859400648,174231.648831491,3965,1.3387174479166666,7.0,2.0,44.0,0
132.6895074659842,174231.684890363,3966,1.333564453125,14.0,2.0,44.0,0
132.72151721999398,174231.716900117,3967,1.3392057291666666,7.0,2.0,44.0,0
132.75346429098863,174231.748847188,3968,1.340458984375,8.0,2.0,44.0,0
132.78952953100088,174231.784912428,3969,1.335546875,8.0,2.0,44.0,0
132.8215159320098,174231.816898829,3970,1.33783203125,8.0,2.0,44.0,0
132.8574798909831,174231.852862788,3971,1.3410774739583333,14.0,2.0,44.0,0
132.8895170519827,174231.884899949,3972,1.3391373697916666,9.0,2.0,44.0,0
132.92152336600702,174231.916906263,3973,1.3350618489583332,13.0,2.0,44.0,0
132.9575087169942,174231.952891614,3974,1.3445247395833333,7.0,2.0,44.0,0
132.9894908569986,174231.984873754,3975,1.3440364583333333,9.0,2.0,44.0,0
133.0215193539916,174232.016902251,3976,1.332294921875,10.0,2.0,44.0,0
133.05757225499838,174232.052955152,3977,1.3404231770833333,12.0,2.0,44.0,0
133.0894994160044,174232.084882313,3978,1.3422200520833334,8.0,2.0,44.0,0
133.12146073099575,174232.116843628,3979,1.3393196614583334,10.0,2.0,44.0,0
133.15751533498405,174232.152898232,3980,1.3343033854166666,12.0,2.0,44.0,0
133.18946022700402,174232.184843124,3981,1.3370345052083332,10.0,2.0,44.0,0
133.22553588199662,174232.220918779,3982,1.338623046875,7.0,2.0,44.0,0
133.25752095298958,174232.25290385,3983,1.336083984375,9.0,2.0,44.0,0
133.28946086598444,174232.284843763,3984,1.3405696614583333,9.0,2.0,44.0,0
133.3255232090014,174232.320906106,3985,1.342275390625,8.0,2.0,44.0,0
133.3575231989962,174232.352906096,3986,1.3429069010416668,8.0,2.0,44.0,0
133.38950246799504,174232.384885365,3987,1.3410286458333334,8.0,2.0,44.0,0
133.42555954199634,174232.420942439,3988,1.3341959635416667,7.0,2.0,44.0,0
133.45751686400035,174232.452899761,3989,1.3454296875,12.0,2.0,44.0,0
133.49351889200625,174232.488901789,3990,1.3353385416666668,8.0,2.0,44.0,0
133.5255461820052,174232.520929079,3991,1.3407291666666667,8.0,2.0,44.0,0
133.55746626399923,174232.552849161,3992,1.3437727864583333,10.0,2.0,44.0,0
133.59354002701002,174232.588922924,3993,1.3380924479166667,9.0,2.0,44.0,0
133.6255159130087,174232.62089881,3994,1.3304947916666667,8.0,2.0,44.0,0
133.6574895780068,174232.652872475,3995,1.3348274739583332,13.0,2.0,44.0,0
133.69351878701127,174232.688901684,3996,1.3403515625,8.0,2.0,44.0,0
133.72546314899228,174232.720846046,3997,1.3397884114583334,7.0,2.0,44.0,0
133.75740811700234,174232.752791014,3998,1.3384928385416666,9.0,2.0,44.0,0
133.7935029969958,174232.788885894,3999,1.342099609375,9.0,2.0,44.0,0
133.82546923399786,174232.820852131,4000,1.3373404947916667,12.0,2.0,44.0,0
133.86150046999683,174232.856883367,4001,1.3426204427083333,8.0,2.0,44.0,0
133.89362437601085,174232.889007273,4002,1.3368424479166667,6.0,2.0,44.0,0
133.9254710149835,174232.920853912,4003,1.3441471354166667,12.0,2.0,44.0,0
133.9615257679834,174232.956908665,4004,1.3485286458333334,6.0,2.0,44.0,0
133.99351211299654,174232.98889501,4005,1.3431966145833334,12.0,2.0,44.0,0
134.02548108701012,174233.020863984,4006,1.3411588541666666,10.0,2.0,44.0,0
134.06156525900587,174233.056948156,4007,1.3393326822916667,8.0,2.0,44.0,0
134.09347626499948,174233.088859162,4008,1.33978515625,9.0,2.0,44.0,0
134.12953156398726,174233.124914461,4009,1.330126953125,8.0,2.0,44.0,0
134.1615188079886,174233.156901705,4010,1.3409147135416666,9.0,2.0,44.0,0
134.19349403699744,174233.188876934,4011,1.3443196614583333,9.0,2.0,44.0,0
134.22946758099715,174233.224850478,4012,1.3375520833333334,7.0,2.0,44.0,0
134.26151340000797,174233.256896297,4013,1.3427408854166667,7.0,2.0,44.0,0
134.29349326100782,174233.288876158,4014,1.344443359375,9.0,2.0,44.0,0
134.32954038400203,174233.324923281,4015,1.3360904947916667,9.0,2.0,44.0,0
134.3615186609968,174233.356901558,4016,1.346396484375,13.0,2.0,44.0,0
134.39351322999573,174233.388896127,4017,1.3382649739583334,17.0,2.0,44.0,0
134.4295141309849,174233.424897028,4018,1.34337890625,8.0,2.0,44.0,0
134.4614957869926,174233.456878684,4019,1.3444954427083333,9.0,2.0,44.0,0
134.49753671200597,174233.492919609,4020,1.3382389322916666,9.0,2.0,44.0,0
134.52954623600817,174233.524929133,4021,1.33673828125,11.0,2.0,44.0,0
134.56150233899825,174233.556885236,4022,1.341708984375,8.0,2.0,44.0,0
134.59752341598505,174233.592906313,4023,1.3387890625,11.0,2.0,44.0,0
134.62954651599284,174233.624929413,4024,1.342705078125,9.0,2.0,44.0,0
134.66150345400092,174233.656886351,4025,1.3345149739583333,8.0,2.0,44.0,0
134.6975452050101,174233.692928102,4026,1.336201171875,10.0,2.0,44.0,0
134.72945673999493,174233.724839637,4027,1.3442415364583333,14.0,2.0,44.0,0
134.76545768900542,174233.760840586,4028,1.34236328125,7.0,2.0,44.0,0
134.79751412500627,174233.792897022,4029,1.331484375,9.0,2.0,44.0,0
134.82944183799555,174233.824824735,4030,1.3425325520833333,10.0,2.0,44.0,0
134.8655120699841,174233.860894967,4031,1.3371321614583334,7.0,2.0,44.0,0
134.89756864099763,174233.892951538,4032,1.344609375,9.0,2.0,44.0,0
134.92951656598598,174233.924899463,4033,1.34333984375,9.0,2.0,44.0,0
134.96552727901144,174233.960910176,4034,1.3375455729166668,14.0,2.0,44.0,0
134.99753277000855,174233.992915667,4035,1.3264290364583333,5.0,2.0,44.0,0
135.0295427829842,174234.02492568,4036,1.333359375,8.0,2.0,44.0,0
135.06561270199018,174234.060995599,4037,1.3442643229166666,6.0,2.0,44.0,0
135.09748887299793,174234.09287177,4038,1.34009765625,10.0,2.0,44.0,0
135.1335401640099,174234.128923061,4039,1.3397037760416666,9.0,2.0,44.0,0
135.16555028100265,174234.160933178,4040,1.346162109375,12.0,2.0,44.0,0
135.1975037640077,174234.192886661,4041,1.3374479166666666,18.0,2.0,44.0,0
135.2335135609901,174234.228896458,4042,1.3425423177083333,12.0,2.0,44.0,0
135.26557487799437,174234.260957775,4043,1.3326985677083334,12.0,2.0,44.0,0
135.29750820700428,174234.292891104,4044,1.348564453125,5.0,2.0,44.0,0
135.33355158098857,174234.328934478,4045,1.3447884114583333,7.0,2.0,44.0,0
135.36554775200784,174234.360930649,4046,1.3394759114583332,15.0,2.0,44.0,0
135.40152725300868,174234.39691015,4047,1.3424153645833334,8.0,2.0,44.0,0
135.4335408390034,174234.428923736,4048,1.3340983072916666,10.0,2.0,44.0,0
135.46550110398675,174234.460884001,4049,1.3375065104166666,10.0,2.0,44.0,0
135.50153095199494,174234.496913849,4050,1.3451399739583334,10.0,2.0,44.0,0
135.5335741690069,174234.528957066,4051,1.3392415364583334,13.0,2.0,44.0,0
135.56551139600924,174234.560894293,4052,1.3372135416666666,13.0,2.0,44.0,0
135.60149434499908,174234.596877242,4053,1.336572265625,9.0,2.0,44.0,0
135.63349477900192,174234.628877676,4054,1.3374088541666667,6.0,2.0,44.0,0
135.66550661498331,174234.660889512,4055,1.3378157552083334,9.0,2.0,44.0,0
135.70149123499868,174234.696874132,4056,1.338330078125,9.0,2.0,44.0,0
135.73343767400365,174234.728820571,4057,1.345693359375,7.0,2.0,44.0,0
135.76947092599585,174234.764853823,4058,1.338251953125,10.0,2.0,44.0,0
135.8014444129949,174234.79682731,4059,1.3391666666666666,12.0,2.0,44.0,0
135.83347248399514,174234.828855381,4060,1.3371744791666667,8.0,2.0,44.0,0
135.86953237999114,174234.864915277,4061,1.3408854166666666,8.0,2.0,44.0,0
135.90147921498283,174234.896862112,4062,1.334140625,8.0,2.0,44.0,0
135.93351474698284,174234.928897644,4063,1.3405859375,8.0,2.0,44.0,0
135.96952350300853,174234.9649064,4064,1.329619140625,6.0,2.0,44.0,0
136.00151523199747,174234.996898129,4065,1.3409928385416667,12.0,2.0,44.0,0
136.03753973299172,174235.03292263,4066,1.3407421875,6.0,2.0,44.0,0
136.06953867300763,174235.06492157,4067,1.3351139322916667,10.0,2.0,44.0,0
136.1015309059876,174235.096913803,4068,1.3326236979166666,12.0,2.0,44.0,0
136.13750524498755,174235.132888142,4069,1.3354524739583333,9.0,2.0,44.0,0
136.16958610300208,174235.164969,4070,1.3355305989583333,9.0,2.0,44.0,0
136.20149643201148,174235.196879329,4071,1.3415364583333333,8.0,2.0,44.0,0
136.2375218939851,174235.232904791,4072,1.3361555989583334,10.0,2.0,44.0,0
136.26952273599454,174235.264905633,4073,1.3370279947916666,14.0,2.0,44.0,0
136.30150939099258,174235.296892288,4074,1.3367708333333332,9.0,2.0,44.0,0
136.33752447899315,174235.332907376,4075,1.33501953125,8.0,2.0,44.0,0
136.36944881200907,174235.364831709,4076,1.3344173177083334,12.0,2.0,44.0,0
136.40551605500514,174235.400898952,4077,1.3398209635416667,9.0,2.0,44.0,0
136.43747972199344,174235.432862619,4078,1.33673828125,10.0,2.0,44.0,0
136.46948341399548,174235.464866311,4079,1.3407356770833334,12.0,2.0,44.0,0
136.50547807500698,174235.500860972,4080,1.336455078125,9.0,2.0,44.0,0
136.53754719599965,174235.532930093,4081,1.3487825520833334,8.0,2.0,44.0,0
136.56944217300043,174235.56482507,4082,1.3384798177083332,10.0,2.0,44.0,0
136.60550861799857,174235.600891515,4083,1.33716796875,9.0,2.0,44.0,0
136.6374928560108,174235.632875753,4084,1.3412076822916668,8.0,2.0,44.0,0
136.67353360698326,174235.668916504,4085,1.3374967447916666,10.0,2.0,44.0,0
136.70550858599017,174235.700891483,4086,1.3447395833333333,9.0,2.0,44.0,0
136.73748103098478,174235.732863928,4087,1.3345182291666666,7.0,2.0,44.0,0
136.7735363410029,174235.768919238,4088,1.339521484375,11.0,2.0,44.0,0
136.8055243419949,174235.800907239,4089,1.3427571614583333,16.0,2.0,44.0,0
136.837541994988,174235.832924892,4090,1.336845703125,10.0,2.0,44.0,0
136.87349836999783,174235.868881267,4091,1.3439811197916667,11.0,2.0,44.0,0
136.90549979900243,174235.900882696,4092,1.345498046875,9.0,2.0,44.0,0
136.9375674210023,174235.932950318,4093,1.342041015625,10.0,2.0,44.0,0
136.97352146700723,174235.968904364,4094,1.342763671875,6.0,2.0,44.0,0
137.00551095500123,174236.000893852,4095,1.341259765625,11.0,2.0,44.0,0
