timestamp_s,perf_counter_s,frame_index,mean,max,p99,threshold,detected
0.03116340999986278,15916.516408683,0,17.062841796875,19.0,18.0,24.065573770491802,0
0.06335911600035615,15916.548604389,1,17.060732421875,18.0,18.0,24.065573770491802,0
0.09512942200126417,15916.580374695,2,17.060146484375,20.0,18.0,24.065573770491802,0
0.13121741500071948,15916.616462688,3,17.0633203125,19.0,18.0,24.065573770491802,0
0.16322406800099998,15916.648469341,4,17.060185546875,19.0,18.0,24.065573770491802,0
0.19917538600020634,15916.684420659,5,17.05593424479167,25.0,18.0,24.065573770491802,1
0.23141408300034527,15916.716659356,6,17.056790364583332,18.0,18.0,24.065573770491802,0
0.2631527500016091,15916.748398023,7,17.059791666666666,19.0,18.0,24.065573770491802,0
0.29942080700129736,15916.78466608,8,17.06205078125,19.0,18.0,24.065573770491802,0
0.3312092539999867,15916.816454527,9,17.060986328125,20.0,18.0,24.065573770491802,0
0.3632182270011981,15916.8484635,10,17.057389322916666,20.0,18.0,24.065573770491802,0
0.3993912160003674,15916.884636489,11,17.059156901041668,20.0,18.0,24.065573770491802,0
0.43119521100015845,15916.916440484,12,17.058818359375,20.0,18.0,24.065573770491802,0
0.4630493820004631,15916.948294655,13,17.056520182291667,19.0,18.0,24.065573770491802,0
0.4991519480008719,15916.984397221,14,17.062828776041666,21.0,18.0,24.065573770491802,0
0.5320616770004563,15917.01730695,15,17.059700520833335,20.0,18.0,24.065573770491802,0
0.5680980950000958,15917.053343368,16,17.06149739583333,19.0,18.0,24.065573770491802,0
0.5991883910010074,15917.084433664,17,17.061552734375,18.0,18.0,24.065573770491802,0
0.6311053680001351,15917.116350641,18,17.062418619791668,24.0,18.0,24.065573770491802,0
0.6672232520013495,15917.152468525,19,17.060279947916666,23.0,18.0,24.065573770491802,0
0.6991826170014974,15917.18442789,20,17.06099609375,20.0,18.0,24.065573770491802,0
0.7310664080014249,15917.216311681,21,17.058974609375,20.0,18.0,24.065573770491802,0
0.7672151679998933,15917.252460441,22,17.059104817708334,20.0,18.0,24.065573770491802,0
0.7991340740009036,15917.284379347,23,17.058108723958334,20.0,18.0,24.065573770491802,0
0.8351224520010874,15917.320367725,24,17.058258463541666,19.0,18.0,24.065573770491802,0
0.8671571900013078,15917.352402463,25,17.059957682291667,20.0,18.0,24.065573770491802,0
0.8991775490012515,15917.384422822,26,17.0584765625,20.0,18.0,24.065573770491802,0
0.9353761560014391,15917.420621429,27,17.060218098958334,20.0,18.0,24.065573770491802,0
0.96719873100119,15917.452444004,28,17.058385416666667,22.0,18.0,24.065573770491802,0
0.9991399300015473,15917.484385203,29,17.059654947916666,20.0,18.0,24.065573770491802,0
1.0351381830005266,15917.520383456,30,17.063362630208335,20.0,18.0,24.065573770491802,0
1.0671915800012357,15917.552436853,31,17.05689453125,20.0,18.0,24.065573770491802,0
1.0991646649999893,15917.584409938,32,17.060315755208332,22.0,18.0,24.065573770491802,0
1.135266885999954,15917.620512159,33,17.0596484375,19.0,18.0,24.065573770491802,0
1.1671249870014435,15917.65237026,34,17.060719401041666,19.0,18.0,24.065573770491802,0
1.2032548950010096,15917.688500168,35,17.05886393229167,21.0,18.0,24.065573770491802,0
1.2351567320001777,15917.720402005,36,17.060875651041666,20.0,18.0,24.065573770491802,0
1.2672886840009596,15917.752533957,37,17.060908203125,21.0,18.0,24.065573770491802,0
1.3032589390004432,15917.788504212,38,17.057535807291668,23.0,18.0,24.065573770491802,0
1.3351311770002212,15917.82037645,39,17.0627734375,19.0,18.0,24.065573770491802,0
1.3671557640009269,15917.852401037,40,17.0594140625,20.0,18.0,24.065573770491802,0
1.4031878350015177,15917.888433108,41,17.058330078125,20.0,18.0,24.065573770491802,0
1.4351877100016281,15917.920432983,42,17.061028645833332,20.0,18.0,24.065573770491802,0
1.4713311310006247,15917.956576404,43,17.059072265625,20.0,18.0,24.065573770491802,0
1.5032244180001726,15917.988469691,44,17.05603515625,21.0,18.0,24.065573770491802,0
1.5351692420008476,15918.020414515,45,17.060530598958334,20.0,18.0,24.065573770491802,0
1.571229683000638,15918.056474956,46,17.0601953125,19.0,18.0,24.065573770491802,0
1.603199436000068,15918.088444709,47,17.055813802083332,20.0,18.0,24.065573770491802,0
1.6351068680014578,15918.120352141,48,17.063245442708332,23.0,18.0,24.065573770491802,0
1.6711766839998745,15918.156421957,49,17.062301432291665,20.0,18.0,24.065573770491802,0
1.7032185320003919,15918.188463805,50,17.061627604166667,19.0,18.0,24.065573770491802,0
1.7354086570012441,15918.22065393,51,17.05744140625,21.0,18.0,24.065573770491802,0
1.771174459001486,15918.256419732,52,17.060065104166668,19.0,18.0,24.065573770491802,0
1.8031402510005137,15918.288385524,53,17.0595703125,19.0,18.0,24.065573770491802,0
1.8390992680015188,15918.324344541,54,17.0575390625,20.0,18.0,24.065573770491802,0
1.871330037000007,15918.35657531,55,17.063229166666666,20.0,18.0,24.065573770491802,0
1.9031260100000509,15918.388371283,56,17.061604817708332,20.0,18.0,24.065573770491802,0
1.9391624740001134,15918.424407747,57,17.060201822916667,18.0,18.0,24.065573770491802,0
1.971151401001407,15918.456396674,58,17.062164713541666,23.0,18.0,24.065573770491802,0
2.0033594720007386,15918.488604745,59,17.057158203125,18.0,18.0,24.065573770491802,0
2.039380265001455,15918.524625538,60,17.062320963541666,20.0,18.0,24.065573770491802,0
2.0711750440004835,15918.556420317,61,17.057239583333335,20.0,18.0,24.065573770491802,0
2.1071922130013263,15918.592437486,62,17.058756510416668,22.0,18.0,24.065573770491802,0
2.139365015000294,15918.624610288,63,17.060859375,19.0,18.0,24.065573770491802,0
2.171172510999895,15918.656417784,64,17.061451822916666,19.0,18.0,24.065573770491802,0
2.207167456001116,15918.692412729,65,17.06228515625,20.0,18.0,24.065573770491802,0
2.2391352160011593,15918.724380489,66,17.06146158854167,20.0,18.0,24.065573770491802,0
2.2712421730011556,15918.756487446,67,17.056442057291665,20.0,18.0,24.065573770491802,0
2.3071133379999083,15918.792358611,68,17.061162109375,20.0,18.0,24.065573770491802,0
2.3392593980006495,15918.824504671,69,17.058561197916667,19.0,18.0,24.065573770491802,0
2.3712932700000238,15918.856538543,70,17.060553385416668,23.0,18.0,24.065573770491802,0
2.4071548669999174,15918.89240014,71,17.061611328125,24.0,18.0,24.065573770491802,0
2.4391415900008724,15918.924386863,72,17.05814453125,19.0,18.0,24.065573770491802,0
2.475264350001453,15918.960509623,73,17.059117838541667,23.0,18.0,24.065573770491802,0
2.507264814001246,15918.992510087,74,17.060361328125,23.0,18.0,24.065573770491802,0
2.5393935130014142,15919.024638786,75,17.060309244791668,18.0,18.0,24.065573770491802,0
2.5751965140007087,15919.060441787,76,17.060416666666665,20.0,18.0,24.065573770491802,0
2.6072334890013735,15919.092478762,77,17.064267578125,19.0,18.0,24.065573770491802,0
2.6391603910014965,15919.124405664,78,17.061845703125,19.0,18.0,24.065573770491802,0
2.6750960650006164,15919.160341338,79,17.058723958333335,20.0,18.0,24.065573770491802,0
2.7071369660006894,15919.192382239,80,17.059674479166667,23.0,18.0,24.065573770491802,0
2.743154168001638,15919.228399441,81,17.057490234375,19.0,18.0,24.065573770491802,0
2.7752038779999566,15919.260449151,82,17.057506510416665,23.0,18.0,24.065573770491802,0
2.8072802370006684,15919.29252551,83,17.057610677083332,19.0,18.0,24.065573770491802,0
2.8432097020013316,15919.328454975,84,17.061842447916668,23.0,18.0,24.065573770491802,0
2.8751568170009705,15919.36040209,85,17.058173828125,20.0,18.0,24.065573770491802,0
2.907115814001372,15919.392361087,86,17.058284505208334,19.0,18.0,24.065573770491802,0
2.9438186810002662,15919.429063954,87,17.060035807291666,19.0,18.0,24.065573770491802,0
2.9752116020008543,15919.460456875,88,17.059951171875,19.0,18.0,24.065573770491802,0
3.007158946000345,15919.492404219,89,17.06126953125,19.0,18.0,24.065573770491802,0
3.0431762030002574,15919.528421476,90,17.0591796875,20.0,18.0,24.065573770491802,0
3.075430832001075,15919.560676105,91,17.0635546875,23.0,18.0,24.065573770491802,0
3.111200480001571,15919.596445753,92,17.062958984375,19.0,18.0,24.065573770491802,0
3.1431315450008697,15919.628376818,93,17.058570963541666,20.0,18.0,24.065573770491802,0
3.175158297000962,15919.66040357,94,17.062405598958332,19.0,18.0,24.065573770491802,0
3.2111567210013163,15919.696401994,95,17.061930338541668,18.0,18.0,24.065573770491802,0
3.243265606000932,15919.728510879,96,17.05963216145833,19.0,18.0,24.065573770491802,0
3.275217349000741,15919.760462622,97,17.06012044270833,20.0,18.0,24.065573770491802,0
3.3112309349999123,15919.796476208,98,17.060182291666667,20.0,18.0,24.065573770491802,0
3.3434570620011073,15919.828702335,99,17.060218098958334,20.0,18.0,24.065573770491802,0
3.3792837990004045,15919.864529072,100,17.061904296875,20.0,18.0,24.065573770491802,0
3.4112514660009765,15919.896496739,101,17.058704427083335,19.0,18.0,24.065573770491802,0
3.4431319300001633,15919.928377203,102,17.060543619791666,20.0,18.0,24.065573770491802,0
3.479260421001527,15919.964505694,103,17.06341471354167,22.0,18.0,24.065573770491802,0
3.51120588699996,15919.99645116,104,17.06015625,20.0,18.0,24.065573770491802,0
3.543097519001094,15920.028342792,105,17.058626302083333,19.0,18.0,24.065573770491802,0
3.5792156900006376,15920.064460963,106,17.059072265625,23.0,18.0,24.065573770491802,0
3.6112884390004183,15920.096533712,107,17.059947916666665,23.0,18.0,24.065573770491802,0
3.6431675660005567,15920.128412839,108,17.059833984375,20.0,18.0,24.065573770491802,0
3.6791429780005274,15920.164388251,109,17.060491536458333,19.0,18.0,24.065573770491802,0
3.7111894429999666,15920.196434716,110,17.056598307291665,23.0,18.0,24.065573770491802,0
3.7471228660015186,15920.232368139,111,17.063349609375,19.0,18.0,24.065573770491802,0
3.7791590580000047,15920.264404331,112,17.0602734375,20.0,18.0,24.065573770491802,0
3.8112126180003543,15920.296457891,113,17.0604296875,22.0,18.0,24.065573770491802,0
3.84728470400114,15920.332529977,114,17.060393880208334,19.0,18.0,24.065573770491802,0
3.8793677520006895,15920.364613025,115,17.059261067708334,20.0,18.0,24.065573770491802,0
3.9112842330014246,15920.396529506,116,17.06203776041667,20.0,18.0,24.065573770491802,0
3.9473591880014283,15920.432604461,117,17.061276041666666,20.0,18.0,24.065573770491802,0
3.9791674340012833,15920.464412707,118,17.059296875,23.0,18.0,24.065573770491802,0
4.015240848000758,15920.500486121,119,17.058727213541665,20.0,18.0,24.065573770491802,0
4.047192921001624,15920.532438194,120,17.061591796875,19.0,18.0,24.065573770491802,0
4.079134904000966,15920.564380177,121,17.05783528645833,20.0,18.0,24.065573770491802,0
4.115228069000295,15920.600473342,122,17.059713541666667,18.0,18.0,24.065573770491802,0
4.14732155800084,15920.632566831,123,17.059469401041667,19.0,18.0,24.065573770491802,0
4.179219078001552,15920.664464351,124,17.061988932291666,20.0,18.0,24.065573770491802,0
4.215197835001163,15920.700443108,125,17.057369791666666,20.0,18.0,24.065573770491802,0
4.247181927999918,15920.732427201,126,17.063059895833334,20.0,18.0,24.065573770491802,0
4.279210153001259,15920.764455426,127,17.061725260416665,21.0,18.0,24.065573770491802,0
4.315216873001191,15920.800462146,128,17.059225260416667,21.0,18.0,24.065573770491802,0
4.347180759001276,15920.832426032,129,17.060279947916666,22.0,18.0,24.065573770491802,0
4.383139243000187,15920.868384516,130,17.062978515625,23.0,18.0,24.065573770491802,0
4.415635335000843,15920.900880608,131,17.056360677083333,23.0,18.0,24.065573770491802,0
4.447144866000599,15920.932390139,132,17.059358723958333,18.0,18.0,24.065573770491802,0
4.483509323999897,15920.968754597,133,17.060944010416666,20.0,18.0,24.065573770491802,0
4.515244514001097,15921.000489787,134,17.061728515625,20.0,18.0,24.065573770491802,0
4.547142694000286,15921.032387967,135,17.059469401041667,19.0,18.0,24.065573770491802,0
4.583177191001596,15921.068422464,136,17.061070963541667,23.0,18.0,24.065573770491802,0
4.61522680500093,15921.100472078,137,17.063717447916666,22.0,18.0,24.065573770491802,0
4.651242560001265,15921.136487833,138,17.057086588541665,20.0,18.0,24.065573770491802,0
4.683358559001135,15921.168603832,139,17.059007161458332,20.0,18.0,24.065573770491802,0
4.715250296001614,15921.200495569,140,17.06081705729167,20.0,18.0,24.065573770491802,0
4.751273706000575,15921.236518979,141,17.060791015625,19.0,18.0,24.065573770491802,0
4.783385052000085,15921.268630325,142,17.064501953125,19.0,18.0,24.065573770491802,0
4.815247112001089,15921.300492385,143,17.061529947916668,20.0,18.0,24.065573770491802,0
4.851151534001474,15921.336396807,144,17.061676432291666,20.0,18.0,24.065573770491802,0
4.883258642001238,15921.368503915,145,17.058626302083333,21.0,18.0,24.065573770491802,0
4.915228592000858,15921.400473865,146,17.060511067708333,20.0,18.0,24.065573770491802,0
4.951308319001328,15921.436553592,147,17.060266927083333,21.0,18.0,24.065573770491802,0
4.983125765000295,15921.468371038,148,17.063134765625,20.0,18.0,24.065573770491802,0
5.0192304180000065,15921.504475691,149,17.060875651041666,22.0,18.0,24.065573770491802,0
5.051262816999952,15921.53650809,150,17.057734375,19.0,18.0,24.065573770491802,0
5.083257344000231,15921.568502617,151,17.055787760416667,21.0,18.0,24.065573770491802,0
5.11917002500013,15921.604415298,152,17.057171223958335,25.0,18.0,24.065573770491802,1
5.1511192380003195,15921.636364511,153,17.061412760416665,22.0,18.0,24.065573770491802,0
5.1832536660003825,15921.668498939,154,17.058310546875,24.0,18.0,24.065573770491802,0
5.219347904001552,15921.704593177,155,17.060651041666667,20.0,18.0,24.065573770491802,0
5.251199196000016,15921.736444469,156,17.053655598958333,21.0,18.0,24.065573770491802,0
5.287197821000518,15921.772443094,157,17.063190104166665,20.0,18.0,24.065573770491802,0
5.319215753001117,15921.804461026,158,17.060426432291667,19.0,18.0,24.065573770491802,0
5.35116272400046,15921.836407997,159,17.05919921875,22.0,18.0,24.065573770491802,0
5.387191308000183,15921.872436581,160,17.062307942708333,19.0,18.0,24.065573770491802,0
5.419236515001103,15921.904481788,161,17.062239583333334,20.0,18.0,24.065573770491802,0
5.451189074001377,15921.936434347,162,17.060540364583332,20.0,18.0,24.065573770491802,0
5.487360682000144,15921.972605955,163,17.05888671875,22.0,18.0,24.065573770491802,0
5.519145502999891,15922.004390776,164,17.059934895833333,20.0,18.0,24.065573770491802,0
5.551220692001152,15922.036465965,165,17.058486328125,19.0,18.0,24.065573770491802,0
5.587235542001508,15922.072480815,166,17.056842447916665,20.0,18.0,24.065573770491802,0
5.619100384999911,15922.104345658,167,17.061907552083333,20.0,18.0,24.065573770491802,0
5.655137472000206,15922.140382745,168,17.061126302083334,20.0,18.0,24.065573770491802,0
5.687192958001106,15922.172438231,169,17.060553385416668,19.0,18.0,24.065573770491802,0
5.719241114000397,15922.204486387,170,17.05974609375,18.0,18.0,24.065573770491802,0
5.755591250001089,15922.240836523,171,17.060159505208333,21.0,18.0,24.065573770491802,0
5.787229956000374,15922.272475229,172,17.062919921875,20.0,18.0,24.065573770491802,0
5.819172934001472,15922.304418207,173,17.058850911458332,20.0,18.0,24.065573770491802,0
5.855257958000948,15922.340503231,174,17.062158203125,19.0,18.0,24.065573770491802,0
5.887229658001161,15922.372474931,175,17.05856770833333,18.0,18.0,24.065573770491802,0
5.923204524000539,15922.408449797,176,17.059309895833334,23.0,18.0,24.065573770491802,0
5.9554282070002955,15922.44067348,177,17.060979817708333,24.0,18.0,24.065573770491802,0
5.987200381001458,15922.472445654,178,17.058671875,22.0,18.0,24.065573770491802,0
6.0234397720014385,15922.508685045,179,17.057307942708334,18.0,18.0,24.065573770491802,0
6.055420896000214,15922.540666169,180,17.059762369791667,23.0,18.0,24.065573770491802,0
6.087205031000849,15922.572450304,181,17.062141927083335,20.0,18.0,24.065573770491802,0
6.123198208000758,15922.608443481,182,17.059049479166667,20.0,18.0,24.065573770491802,0
6.155278972000815,15922.640524245,183,17.061878255208335,20.0,18.0,24.065573770491802,0
6.187179229000321,15922.672424502,184,17.060751953125,19.0,18.0,24.065573770491802,0
6.223158185001012,15922.708403458,185,17.059026692708333,19.0,18.0,24.065573770491802,0
6.255224748001638,15922.740470021,186,17.058694661458333,23.0,18.0,24.065573770491802,0
6.29129665200162,15922.776541925,187,17.059140625,19.0,18.0,24.065573770491802,0
6.323342416000742,15922.808587689,188,17.062115885416667,20.0,18.0,24.065573770491802,0
6.3552069300003495,15922.840452203,189,17.0593359375,20.0,18.0,24.065573770491802,0
6.391241227000137,15922.8764865,190,17.065257161458334,23.0,18.0,24.065573770491802,0
6.423227951001536,15922.908473224,191,17.061402994791667,20.0,18.0,24.065573770491802,0
6.455179070000668,15922.940424343,192,17.058987630208332,23.0,18.0,24.065573770491802,0
6.491298372000529,15922.976543645,193,17.060777994791668,23.0,18.0,24.065573770491802,0
6.523177039000075,15923.008422312,194,17.055901692708332,19.0,18.0,24.065573770491802,0
6.559350491001169,15923.044595764,195,17.062877604166665,21.0,18.0,24.065573770491802,0
6.591245177000019,15923.07649045,196,17.059329427083334,21.0,18.0,24.065573770491802,0
6.623253334000765,15923.108498607,197,17.061448567708332,20.0,18.0,24.065573770491802,0
6.659180293001555,15923.144425566,198,17.060807291666666,20.0,18.0,24.065573770491802,0
6.691130292001617,15923.176375565,199,17.061764322916666,20.0,18.0,24.065573770491802,0
6.72317603800002,15923.208421311,200,17.05974609375,23.0,18.0,24.065573770491802,0
6.759233265000148,15923.244478538,201,17.062447916666667,21.0,18.0,24.065573770491802,0
6.791421990001254,15923.276667263,202,17.063190104166665,22.0,18.0,24.065573770491802,0
6.823440137000944,15923.30868541,203,17.060716145833332,19.0,18.0,24.065573770491802,0
6.859221020000405,15923.344466293,204,17.061337890625,22.0,18.0,24.065573770491802,0
6.891228789001616,15923.376474062,205,17.059065755208334,20.0,18.0,24.065573770491802,0
6.927234111000871,15923.412479384,206,17.059645182291668,20.0,18.0,24.065573770491802,0
6.959190418001526,15923.444435691,207,17.062242838541668,20.0,18.0,24.065573770491802,0
6.99119145000077,15923.476436723,208,17.061028645833332,21.0,18.0,24.065573770491802,0
7.0271569850010565,15923.512402258,209,17.06280598958333,21.0,18.0,24.065573770491802,0
7.059270854000715,15923.544516127,210,17.059680989583335,20.0,18.0,24.065573770491802,0
7.091312439000831,15923.576557712,211,17.06060546875,20.0,18.0,24.065573770491802,0
7.12728941000023,15923.612534683,212,17.058922526041666,20.0,18.0,24.065573770491802,0
7.159246514000188,15923.644491787,213,17.060224609375,20.0,18.0,24.065573770491802,0
7.195464002001245,15923.680709275,214,17.058196614583334,20.0,18.0,24.065573770491802,0
7.227188492001005,15923.712433765,215,17.058434244791666,18.0,18.0,24.065573770491802,0
7.259281626000302,15923.744526899,216,17.058636067708335,19.0,18.0,24.065573770491802,0
7.295248235001054,15923.780493508,217,17.059283854166665,19.0,18.0,24.065573770491802,0
7.327198280001539,15923.812443553,218,17.059729817708334,20.0,18.0,24.065573770491802,0
7.359369417999915,15923.844614691,219,17.05759114583333,20.0,18.0,24.065573770491802,0
7.395175201001621,15923.880420474,220,17.05923828125,20.0,18.0,24.065573770491802,0
7.4272151380009745,15923.912460411,221,17.059908854166668,20.0,18.0,24.065573770491802,0
7.45926471400162,15923.944509987,222,17.060289713541668,19.0,18.0,24.065573770491802,0
7.495178914999997,15923.980424188,223,17.060426432291667,20.0,18.0,24.065573770491802,0
7.527104398001029,15924.012349671,224,17.061321614583335,19.0,18.0,24.065573770491802,0
7.563175654000588,15924.048420927,225,17.057119140625,19.0,18.0,24.065573770491802,0
7.595408242001213,15924.080653515,226,17.060319010416666,20.0,18.0,24.065573770491802,0
7.62738751300094,15924.112632786,227,17.062887369791667,22.0,18.0,24.065573770491802,0
7.66316859500148,15924.148413868,228,17.062584635416666,20.0,18.0,24.065573770491802,0
7.695549759000642,15924.180795032,229,17.060309244791668,19.0,18.0,24.065573770491802,0
7.7272046280013456,15924.212449901,230,17.06201171875,19.0,18.0,24.065573770491802,0
7.763287386000229,15924.248532659,231,17.05813151041667,20.0,18.0,24.065573770491802,0
7.795172871001341,15924.280418144,232,17.058056640625,20.0,18.0,24.065573770491802,0
7.831214756000918,15924.316460029,233,17.061263020833334,20.0,18.0,24.065573770491802,0
7.86326057900078,15924.348505852,234,17.062021484375,23.0,18.0,24.065573770491802,0
7.8952968749999854,15924.380542148,235,17.0605859375,20.0,18.0,24.065573770491802,0
7.931217420000394,15924.416462693,236,17.061617838541668,18.0,18.0,24.065573770491802,0
7.963223034001203,15924.448468307,237,17.061018880208334,23.0,18.0,24.065573770491802,0
7.9952686590004305,15924.480513932,238,17.05869140625,21.0,18.0,24.065573770491802,0
8.031172053000773,15924.516417326,239,17.05857421875,20.0,18.0,24.065573770491802,0
8.063287316001151,15924.548532589,240,17.059430338541667,20.0,18.0,24.065573770491802,0
8.09923185200023,15924.584477125,241,17.061927083333334,18.0,18.0,24.065573770491802,0
8.131186317001266,15924.61643159,242,17.061197916666668,19.0,18.0,24.065573770491802,0
8.163303440000163,15924.648548713,243,17.060706380208334,19.0,18.0,24.065573770491802,0
8.19920666500002,15924.684451938,244,17.0625390625,19.0,18.0,24.065573770491802,0
8.231212188000427,15924.716457461,245,17.057867838541668,19.0,18.0,24.065573770491802,0
8.26327992700135,15924.7485252,246,17.062584635416666,18.0,18.0,24.065573770491802,0
8.299286903000393,15924.784532176,247,17.063059895833334,19.0,18.0,24.065573770491802,0
8.331219608000538,15924.816464881,248,17.058902994791666,20.0,18.0,24.065573770491802,0
8.363231072000417,15924.848476345,249,17.060445963541667,20.0,18.0,24.065573770491802,0
8.39925342800052,15924.884498701,250,17.057779947916668,19.0,18.0,24.065573770491802,0
8.431546170000729,15924.916791443,251,17.059423828125,19.0,18.0,24.065573770491802,0
8.467222631001277,15924.952467904,252,17.060911458333333,19.0,18.0,24.065573770491802,0
8.499334052001359,15924.984579325,253,17.061389973958335,19.0,18.0,24.065573770491802,0
8.53118146199995,15925.016426735,254,17.059593098958334,18.0,18.0,24.065573770491802,0
8.567185892999987,15925.052431166,255,17.060589192708335,23.0,18.0,24.065573770491802,0
8.599249204000444,15925.084494477,256,17.063948567708334,19.0,18.0,24.065573770491802,0
8.631304289001491,15925.116549562,257,17.061686197916668,19.0,18.0,24.065573770491802,0
8.667235105000145,15925.152480378,258,17.063147786458334,18.0,18.0,24.065573770491802,0
8.699305648000518,15925.184550921,259,17.060403645833333,20.0,18.0,24.065573770491802,0
8.735227332001159,15925.220472605,260,17.061220703125,19.0,18.0,24.065573770491802,0
8.767220038000232,15925.252465311,261,17.058580729166668,22.0,18.0,24.065573770491802,0
8.799251039999945,15925.284496313,262,17.060299479166666,19.0,18.0,24.065573770491802,0
8.835179812000206,15925.320425085,263,17.061435546875,20.0,18.0,24.065573770491802,0
8.867211060000045,15925.352456333,264,17.05950846354167,20.0,18.0,24.065573770491802,0
8.899152896001397,15925.384398169,265,17.05734700520833,18.0,18.0,24.065573770491802,0
8.935211478999918,15925.420456752,266,17.059768880208335,24.0,18.0,24.065573770491802,0
8.967263817001367,15925.45250909,267,17.060589192708335,20.0,18.0,24.065573770491802,0
8.999240513001496,15925.484485786,268,17.061751302083334,21.0,18.0,24.065573770491802,0
9.035257919000287,15925.520503192,269,17.062294921875,23.0,18.0,24.065573770491802,0
9.067219900000055,15925.552465173,270,17.063291015625,23.0,18.0,24.065573770491802,0
9.103472476001116,15925.588717749,271,17.05849609375,21.0,18.0,24.065573770491802,0
9.135217640001429,15925.620462913,272,17.0620703125,20.0,18.0,24.065573770491802,0
9.167282127000362,15925.6525274,273,17.06103515625,21.0,18.0,24.065573770491802,0
9.203342996001084,15925.688588269,274,17.06044921875,20.0,18.0,24.065573770491802,0
9.235280761000467,15925.720526034,275,17.055055338541667,20.0,18.0,24.065573770491802,0
9.267392774001564,15925.752638047,276,17.060960286458332,19.0,18.0,24.065573770491802,0
9.303212206999888,15925.78845748,277,17.0579296875,19.0,18.0,24.065573770491802,0
9.335264321000068,15925.820509594,278,17.059514973958333,19.0,18.0,24.065573770491802,0
9.371237586999996,15925.85648286,279,17.06140625,18.0,18.0,24.065573770491802,0
9.403256580000743,15925.888501853,280,17.058785807291667,19.0,18.0,24.065573770491802,0
9.435221536999961,15925.92046681,281,17.054677734375,19.0,18.0,24.065573770491802,0
9.471337275001133,15925.956582548,282,17.063040364583333,18.0,18.0,24.065573770491802,0
9.503406675001315,15925.988651948,283,17.059368489583335,20.0,18.0,24.065573770491802,0
9.535152483000275,15926.020397756,284,17.062503255208334,19.0,18.0,24.065573770491802,0
9.571301699001197,15926.056546972,285,17.063154296875,18.0,18.0,24.065573770491802,0
9.60323953400075,15926.088484807,286,17.05788736979167,19.0,18.0,24.065573770491802,0
9.635188993001066,15926.120434266,287,17.05767903645833,19.0,18.0,24.065573770491802,0
9.671226264001234,15926.156471537,288,17.062776692708333,23.0,18.0,24.065573770491802,0
9.70313569100108,15926.188380964,289,17.057991536458335,19.0,18.0,24.065573770491802,0
9.739280118999886,15926.224525392,290,17.063186848958335,19.0,18.0,24.065573770491802,0
9.771596522999971,15926.256841796,291,17.06009765625,20.0,18.0,24.065573770491802,0
9.803189422000287,15926.288434695,292,17.0589453125,20.0,18.0,24.065573770491802,0
9.839218165001512,15926.324463438,293,17.060833333333335,21.0,18.0,24.065573770491802,0
9.871259475999977,15926.356504749,294,17.06048828125,23.0,18.0,24.065573770491802,0
9.903181500001665,15926.388426773,295,17.060914713541667,24.0,18.0,24.065573770491802,0
9.939193864000117,15926.424439137,296,17.05804361979167,19.0,18.0,24.065573770491802,0
9.97150260500166,15926.456747878,297,17.058277994791666,21.0,18.0,24.065573770491802,0
10.007311786001083,15926.492557059,298,17.061803385416667,20.0,18.0,24.065573770491802,0
10.039351155000986,15926.524596428,299,17.0626953125,20.0,18.0,24.065573770491802,0
10.071342180001011,15926.556587453,300,17.059306640625,21.0,18.0,24.065573770491802,0
10.107259657001123,15926.59250493,301,17.05822265625,23.0,18.0,24.065573770491802,0
10.139300937000371,15926.62454621,302,17.059189453125,19.0,18.0,24.065573770491802,0
10.17121770599988,15926.656462979,303,17.06240234375,20.0,18.0,24.065573770491802,0
10.207204591000846,15926.692449864,304,17.059381510416667,19.0,18.0,24.065573770491802,0
10.2392583560013,15926.724503629,305,17.061861979166668,23.0,18.0,24.065573770491802,0
10.271539175000726,15926.756784448,306,17.062190755208334,20.0,18.0,24.065573770491802,0
10.307377084000109,15926.792622357,307,17.061861979166668,19.0,18.0,24.065573770491802,0
10.339145868001651,15926.824391141,308,17.060882161458334,20.0,18.0,24.065573770491802,0
10.375221276000957,15926.860466549,309,17.059798177083334,20.0,18.0,24.065573770491802,0
10.407201633001023,15926.892446906,310,17.059153645833334,22.0,18.0,24.065573770491802,0
10.439218681000057,15926.924463954,311,17.056474609375,25.0,18.0,24.065573770491802,1
10.475274457001433,15926.96051973,312,17.060234375,19.0,18.0,24.065573770491802,0
10.507244039001307,15926.992489312,313,17.061123046875,20.0,18.0,24.065573770491802,0
10.539211011000589,15927.024456284,314,17.060719401041666,18.0,18.0,24.065573770491802,0
10.575385796000774,15927.060631069,315,17.060524088541666,20.0,18.0,24.065573770491802,0
10.60728803800157,15927.092533311,316,17.057760416666667,20.0,18.0,24.065573770491802,0
10.643256614001075,15927.128501887,317,17.062630208333335,20.0,18.0,24.065573770491802,0
10.675242732000697,15927.160488005,318,17.065319010416665,21.0,18.0,24.065573770491802,0
10.707353913001498,15927.192599186,319,17.059762369791667,20.0,18.0,24.065573770491802,0
10.743370097001389,15927.22861537,320,17.062965494791666,24.0,18.0,24.065573770491802,0
10.775469040001553,15927.260714313,321,17.059830729166666,25.0,18.0,24.065573770491802,1
10.807205660999898,15927.292450934,322,17.055553385416665,19.0,18.0,24.065573770491802,0
10.843379691001246,15927.328624964,323,17.058349609375,20.0,18.0,24.065573770491802,0
10.875240112000029,15927.360485385,324,17.061682942708334,19.0,18.0,24.065573770491802,0
10.907220976001554,15927.392466249,325,17.061357421875,20.0,18.0,24.065573770491802,0
10.943214042999898,15927.428459316,326,17.0639453125,19.0,18.0,24.065573770491802,0
10.975218102999861,15927.460463376,327,17.059762369791667,24.0,18.0,24.065573770491802,0
11.011278265999863,15927.496523539,328,17.063720703125,20.0,18.0,24.065573770491802,0
11.043181615999856,15927.528426889,329,17.060901692708335,19.0,18.0,24.065573770491802,0
11.075267281999913,15927.560512555,330,17.058570963541666,20.0,18.0,24.065573770491802,0
11.1114040880002,15927.596649361,331,17.059505208333334,23.0,18.0,24.065573770491802,0
11.143427547000101,15927.62867282,332,17.061263020833334,19.0,18.0,24.065573770491802,0
11.175161934001153,15927.660407207,333,17.0594140625,19.0,18.0,24.065573770491802,0
11.211223101001451,15927.696468374,334,17.057783203125,20.0,18.0,24.065573770491802,0
11.243251437001163,15927.72849671,335,17.059153645833334,20.0,18.0,24.065573770491802,0
11.27921138900092,15927.764456662,336,17.058916015625,19.0,18.0,24.065573770491802,0
11.31126377000146,15927.796509043,337,17.06265625,20.0,18.0,24.065573770491802,0
11.34312361800039,15927.828368891,338,17.059156901041668,18.0,18.0,24.065573770491802,0
11.379404444000102,15927.864649717,339,17.061595052083334,20.0,18.0,24.065573770491802,0
11.411244202001399,15927.896489475,340,17.05923828125,21.0,18.0,24.065573770491802,0
11.443414051000218,15927.928659324,341,17.060390625,20.0,18.0,24.065573770491802,0
11.479338188000838,15927.964583461,342,17.05900390625,20.0,18.0,24.065573770491802,0
11.511270277000222,15927.99651555,343,17.063323567708334,20.0,18.0,24.065573770491802,0
11.543213351000304,15928.028458624,344,17.06232421875,18.0,18.0,24.065573770491802,0
11.579260621001595,15928.064505894,345,17.062633463541665,20.0,18.0,24.065573770491802,0
11.611302704000991,15928.096547977,346,17.062867838541667,21.0,18.0,24.065573770491802,0
11.647362147001331,15928.13260742,347,17.06097330729167,20.0,18.0,24.065573770491802,0
11.679345466000086,15928.164590739,348,17.061103515625,24.0,18.0,24.065573770491802,0
11.711191669000982,15928.196436942,349,17.058912760416668,20.0,18.0,24.065573770491802,0
11.747295385001053,15928.232540658,350,17.061533203125,20.0,18.0,24.065573770491802,0
11.779201467999883,15928.264446741,351,17.057255859375,20.0,18.0,24.065573770491802,0
11.811180736000097,15928.296426009,352,17.0608203125,19.0,18.0,24.065573770491802,0
11.847320606000721,15928.332565879,353,17.06134765625,18.0,18.0,24.065573770491802,0
11.879243260000294,15928.364488533,354,17.060517578125,21.0,18.0,24.065573770491802,0
11.915377304001595,15928.400622577,355,17.059755859375,20.0,18.0,24.065573770491802,0
11.947272801000508,15928.432518074,356,17.059524739583335,19.0,18.0,24.065573770491802,0
11.979160923001473,15928.464406196,357,17.061767578125,19.0,18.0,24.065573770491802,0
12.015293068001483,15928.500538341,358,17.061337890625,19.0,18.0,24.065573770491802,0
12.047248800001398,15928.532494073,359,17.0613671875,18.0,18.0,24.065573770491802,0
12.079272207000031,15928.56451748,360,17.06027669270833,20.0,18.0,24.065573770491802,0
12.115282313001444,15928.600527586,361,17.058460286458335,19.0,18.0,24.065573770491802,0
12.147226772000067,15928.632472045,362,17.06318359375,19.0,18.0,24.065573770491802,0
12.179307299000357,15928.664552572,363,17.060315755208332,20.0,18.0,24.065573770491802,0
12.215216096001313,15928.700461369,364,17.06536783854167,19.0,18.0,24.065573770491802,0
12.247392208000747,15928.732637481,365,17.057613932291666,20.0,18.0,24.065573770491802,0
12.283435684001233,15928.768680957,366,17.061354166666668,19.0,18.0,24.065573770491802,0
12.315274411001155,15928.800519684,367,17.061692708333332,23.0,18.0,24.065573770491802,0
12.347166662000745,15928.832411935,368,17.061015625,19.0,18.0,24.065573770491802,0
12.383291648000522,15928.868536921,369,17.06125,19.0,18.0,24.065573770491802,0
12.415326652000658,15928.900571925,370,17.060673828125,19.0,18.0,24.065573770491802,0
12.447395902001517,15928.932641175,371,17.062649739583332,18.0,18.0,24.065573770491802,0
12.483197973000642,15928.968443246,372,17.060065104166668,20.0,18.0,24.065573770491802,0
12.515298033000363,15929.000543306,373,17.061803385416667,22.0,18.0,24.065573770491802,0
12.551243859999886,15929.036489133,374,17.058115234375,19.0,18.0,24.065573770491802,0
12.583343427000727,15929.0685887,375,17.059645182291668,24.0,18.0,24.065573770491802,0
12.61532704199999,15929.100572315,376,17.061022135416668,19.0,18.0,24.065573770491802,0
12.651423321000038,15929.136668594,377,17.060797526041668,20.0,18.0,24.065573770491802,0
12.683306198001446,15929.168551471,378,17.060237630208334,20.0,18.0,24.065573770491802,0
12.715325302000565,15929.200570575,379,17.060162760416667,18.0,18.0,24.065573770491802,0
12.751253109001482,15929.236498382,380,17.06119140625,21.0,18.0,24.065573770491802,0
12.783255569000175,15929.268500842,381,17.063125,20.0,18.0,24.065573770491802,0
12.815217454000958,15929.300462727,382,17.060029296875,19.0,18.0,24.065573770491802,0
12.851374691001183,15929.336619964,383,17.059964192708332,20.0,18.0,24.065573770491802,0
12.88314664400059,15929.368391917,384,17.058382161458333,20.0,18.0,24.065573770491802,0
12.919335563001368,15929.404580836,385,17.05853190104167,23.0,18.0,24.065573770491802,0
12.951207826999962,15929.4364531,386,17.060325520833334,19.0,18.0,24.065573770491802,0
12.983335418000934,15929.468580691,387,17.058746744791666,23.0,18.0,24.065573770491802,0
13.019261209999968,15929.504506483,388,17.060865885416668,19.0,18.0,24.065573770491802,0
13.051244227001007,15929.5364895,389,17.060152994791668,20.0,18.0,24.065573770491802,0
13.083163521001552,15929.568408794,390,17.058932291666668,19.0,18.0,24.065573770491802,0
13.119293278999976,15929.604538552,391,17.062164713541666,20.0,18.0,24.065573770491802,0
13.151160847000938,15929.63640612,392,17.05986328125,20.0,18.0,24.065573770491802,0
13.187391716001002,15929.672636989,393,17.065305989583333,22.0,18.0,24.065573770491802,0
13.219258292001541,15929.704503565,394,17.06109375,20.0,18.0,24.065573770491802,0
13.251332877000095,15929.73657815,395,17.059860026041665,23.0,18.0,24.065573770491802,0
13.287228015000437,15929.772473288,396,17.064873046875,18.0,18.0,24.065573770491802,0
13.319339473000582,15929.804584746,397,17.059710286458333,20.0,18.0,24.065573770491802,0
13.351187827000103,15929.8364331,398,17.057272135416667,19.0,18.0,24.065573770491802,0
13.38722673400116,15929.872472007,399,17.060462239583334,20.0,18.0,24.065573770491802,0
13.419262641000387,15929.904507914,400,17.064498697916665,19.0,18.0,24.065573770491802,0
13.451230216000113,15929.936475489,401,17.06573567708333,19.0,18.0,24.065573770491802,0
13.487238617000912,15929.97248389,402,17.06326171875,20.0,18.0,24.065573770491802,0
13.51944748599999,15930.004692759,403,17.065901692708334,21.0,18.0,24.065573770491802,0
13.555245647999982,15930.040490921,404,17.063349609375,20.0,18.0,24.065573770491802,0
13.58721080900068,15930.072456082,405,17.066103515625,21.0,18.0,24.065573770491802,0
13.61919797000155,15930.104443243,406,17.069488932291666,23.0,18.0,24.065573770491802,0
13.655326667001646,15930.14057194,407,17.069208984375,22.0,18.0,24.065573770491802,0
13.687211684000431,15930.172456957,408,17.067314453125,20.0,18.0,24.065573770491802,0
13.719287587000508,15930.20453286,409,17.075065104166665,21.0,18.0,24.065573770491802,0
13.755245943000773,15930.240491216,410,17.073141276041667,19.0,18.0,24.065573770491802,0
13.787461018000613,15930.272706291,411,17.069345703125,19.0,18.0,24.065573770491802,0
13.823269669001093,15930.308514942,412,17.075843098958334,19.0,18.0,24.065573770491802,0
13.855318412000997,15930.340563685,413,17.077991536458335,19.0,18.0,24.065573770491802,0
13.887277970001378,15930.372523243,414,17.077281901041665,19.0,18.0,24.065573770491802,0
13.923444713000208,15930.408689986,415,17.0790625,20.0,18.0,24.065573770491802,0
13.95529750300011,15930.440542776,416,17.076031901041667,21.0,18.0,24.065573770491802,0
13.987209630000507,15930.472454903,417,17.079345703125,19.0,18.0,24.065573770491802,0
14.02326213300148,15930.508507406,418,17.079459635416665,20.0,18.0,24.065573770491802,0
14.05543352300083,15930.540678796,419,17.077913411458333,19.0,18.0,24.065573770491802,0
14.087126889000501,15930.572372162,420,17.079986979166666,19.0,18.0,24.065573770491802,0
14.12351165400105,15930.608756927,421,17.083610026041665,20.0,18.0,24.065573770491802,0
14.155252847000156,15930.64049812,422,17.0800390625,20.0,18.0,24.065573770491802,0
14.191234949001228,15930.676480222,423,17.080126953125,22.0,18.0,24.065573770491802,0
14.223221299000215,15930.708466572,424,17.0794921875,23.0,18.0,24.065573770491802,0
14.255187121001654,15930.740432394,425,17.079420572916668,20.0,18.0,24.065573770491802,0
14.291470052001387,15930.776715325,426,17.077376302083334,21.0,18.0,24.065573770491802,0
14.323367799001062,15930.808613072,427,17.082630208333335,19.0,18.0,24.065573770491802,0
14.355239295000501,15930.840484568,428,17.07529296875,19.0,18.0,24.065573770491802,0
14.391356015001293,15930.876601288,429,17.076223958333333,20.0,18.0,24.065573770491802,0
14.423246281001411,15930.908491554,430,17.078515625,19.0,18.0,24.065573770491802,0
14.459331286001543,15930.944576559,431,17.076813151041666,20.0,18.0,24.065573770491802,0
14.491226341000583,15930.976471614,432,17.07818684895833,20.0,18.0,24.065573770491802,0
14.523211946001538,15931.008457219,433,17.078193359375,19.0,18.0,24.065573770491802,0
14.559376136001447,15931.044621409,434,17.079225260416667,19.0,18.0,24.065573770491802,0
14.591360726000858,15931.076605999,435,17.08087239583333,20.0,18.0,24.065573770491802,0
14.623203166000167,15931.108448439,436,17.077958984375,20.0,18.0,24.065573770491802,0
14.659238407000885,15931.14448368,437,17.079505208333334,19.0,18.0,24.065573770491802,0
14.691241685000932,15931.176486958,438,17.075439453125,23.0,18.0,24.065573770491802,0
14.723208453000552,15931.208453726,439,17.080543619791666,20.0,18.0,24.065573770491802,0
14.759225062000041,15931.244470335,440,17.075732421875,20.0,18.0,24.065573770491802,0
14.79121057300108,15931.276455846,441,17.07440104166667,20.0,18.0,24.065573770491802,0
14.827262477001568,15931.31250775,442,17.073277994791667,23.0,18.0,24.065573770491802,0
14.85938232800072,15931.344627601,443,17.080205078125,22.0,18.0,24.065573770491802,0
14.89122031199986,15931.376465585,444,17.074410807291667,21.0,18.0,24.065573770491802,0
14.927236637000533,15931.41248191,445,17.073779296875,19.0,18.0,24.065573770491802,0
14.959233348001362,15931.444478621,446,17.077001953125,20.0,18.0,24.065573770491802,0
14.991255122000439,15931.476500395,447,17.075833333333332,24.0,18.0,24.065573770491802,0
15.02737554900159,15931.512620822,448,17.069638671875,22.0,18.0,24.065573770491802,0
15.059392552000645,15931.544637825,449,17.076500651041666,20.0,18.0,24.065573770491802,0
15.095309079000799,15931.580554352,450,17.072477213541667,21.0,18.0,24.065573770491802,0
15.127424318001431,15931.612669591,451,17.070729166666666,19.0,18.0,24.065573770491802,0
15.159338976000072,15931.644584249,452,17.067548828125,20.0,18.0,24.065573770491802,0
15.19526525100082,15931.680510524,453,17.068509114583332,19.0,18.0,24.065573770491802,0
15.22726972900091,15931.712515002,454,17.067874348958334,19.0,18.0,24.065573770491802,0
15.259192934001476,15931.744438207,455,17.064274088541666,19.0,18.0,24.065573770491802,0
15.295203150000816,15931.780448423,456,17.0692578125,21.0,18.0,24.065573770491802,0
15.327228984000612,15931.812474257,457,17.06828125,20.0,18.0,24.065573770491802,0
15.359246773999985,15931.844492047,458,17.071533203125,19.0,18.0,24.065573770491802,0
15.395533075999992,15931.880778349,459,17.07107421875,19.0,18.0,24.065573770491802,0
15.427150826000798,15931.912396099,460,17.076171875,21.0,18.0,24.065573770491802,0
15.463301282999964,15931.948546556,461,17.072216796875,20.0,18.0,24.065573770491802,0
15.495219031001398,15931.980464304,462,17.071572265625,20.0,18.0,24.065573770491802,0
15.527214098001423,15932.012459371,463,17.07298828125,23.0,18.0,24.065573770491802,0
15.563265808999859,15932.048511082,464,17.070992838541667,19.0,18.0,24.065573770491802,0
15.595246079999924,15932.080491353,465,17.072858072916667,19.0,18.0,24.065573770491802,0
15.627232800999991,15932.112478074,466,17.073564453125,22.0,18.0,24.065573770491802,0
15.66339638700083,15932.14864166,467,17.07366861979167,23.0,18.0,24.065573770491802,0
15.695318699001291,15932.180563972,468,17.074078776041667,20.0,18.0,24.065573770491802,0
15.731373189000806,15932.216618462,469,17.075804036458333,22.0,18.0,24.065573770491802,0
15.763237418001154,15932.248482691,470,17.07171875,20.0,18.0,24.065573770491802,0
15.79523553800027,15932.280480811,471,17.075520833333332,23.0,18.0,24.065573770491802,0
15.831237830001555,15932.316483103,472,17.073639322916666,20.0,18.0,24.065573770491802,0
15.863322083001549,15932.348567356,473,17.075279947916666,23.0,18.0,24.065573770491802,0
15.895308813000156,15932.380554086,474,17.074228515625,19.0,18.0,24.065573770491802,0
15.931457575999957,15932.416702849,475,17.072682291666666,22.0,18.0,24.065573770491802,0
15.963262267001483,15932.44850754,476,17.072180989583334,21.0,18.0,24.065573770491802,0
15.995273749000262,15932.480519022,477,17.075751953125,19.0,18.0,24.065573770491802,0
16.031371118000607,15932.516616391,478,17.072154947916665,19.0,18.0,24.065573770491802,0
16.063285180000094,15932.548530453,479,17.067307942708332,20.0,18.0,24.065573770491802,0
16.099477178000598,15932.584722451,480,17.07123046875,19.0,18.0,24.065573770491802,0
16.131319285001155,15932.616564558,481,17.06515625,19.0,18.0,24.065573770491802,0
16.163283416000922,15932.648528689,482,17.06976236979167,20.0,18.0,24.065573770491802,0
16.19948169000054,15932.684726963,483,17.0701171875,20.0,18.0,24.065573770491802,0
16.231348590999914,15932.716593864,484,17.0661328125,19.0,18.0,24.065573770491802,0
16.26319470800081,15932.748439981,485,17.069622395833335,20.0,18.0,24.065573770491802,0
16.299269941000603,15932.784515214,486,17.069944661458333,20.0,18.0,24.065573770491802,0
16.331195669001318,15932.816440942,487,17.065419921875,19.0,18.0,24.065573770491802,0
16.367371934000403,15932.852617207,488,17.065983072916666,21.0,18.0,24.065573770491802,0
16.399284355000418,15932.884529628,489,17.068499348958333,20.0,18.0,24.065573770491802,0
16.43129228700127,15932.91653756,490,17.068753255208332,20.0,18.0,24.065573770491802,0
16.467400681000072,15932.952645954,491,17.068196614583332,19.0,18.0,24.065573770491802,0
16.499168969001403,15932.984414242,492,17.067630208333334,23.0,18.0,24.065573770491802,0
16.53118065000126,15933.016425923,493,17.06974609375,20.0,18.0,24.065573770491802,0
16.567430189999868,15933.052675463,494,17.068173828125,19.0,18.0,24.065573770491802,0
16.599257884001418,15933.084503157,495,17.067213541666668,21.0,18.0,24.065573770491802,0
16.63133866499993,15933.116583938,496,17.070481770833332,23.0,18.0,24.065573770491802,0
16.667350607000117,15933.15259588,497,17.07091796875,21.0,18.0,24.065573770491802,0
16.699185199000567,15933.184430472,498,17.070266927083335,19.0,18.0,24.065573770491802,0
16.735376440001346,15933.220621713,499,17.070869140625,19.0,18.0,24.065573770491802,0
16.767255755001315,15933.252501028,500,17.072360026041668,19.0,18.0,24.065573770491802,0
16.799208061000172,15933.284453334,501,17.075110677083334,21.0,18.0,24.065573770491802,0
16.835333513001387,15933.320578786,502,17.072529296875,20.0,18.0,24.065573770491802,0
16.86753363400021,15933.352778907,503,17.07138671875,23.0,18.0,24.065573770491802,0
16.89926240100067,15933.384507674,504,17.073893229166668,20.0,18.0,24.065573770491802,0
16.93524375800007,15933.420489031,505,17.069990234375,23.0,18.0,24.065573770491802,0
16.967286920000333,15933.452532193,506,17.0684375,19.0,18.0,24.065573770491802,0
17.0034445600013,15933.488689833,507,17.07216796875,24.0,18.0,24.065573770491802,0
17.035363282000617,15933.520608555,508,17.0711328125,20.0,18.0,24.065573770491802,0
17.067349670000112,15933.552594943,509,17.071575520833335,19.0,18.0,24.065573770491802,0
17.103275960000246,15933.588521233,510,17.07598958333333,25.0,18.0,24.065573770491802,1
17.13523777699993,15933.62048305,511,17.075276692708332,19.0,18.0,24.065573770491802,0
17.167250361000697,15933.652495634,512,17.077233072916666,20.0,18.0,24.065573770491802,0
17.20327077300135,15933.688516046,513,17.0764453125,20.0,18.0,24.065573770491802,0
17.235302351000428,15933.720547624,514,17.074029947916667,20.0,18.0,24.065573770491802,0
17.26736245200118,15933.752607725,515,17.074322916666667,22.0,18.0,24.065573770491802,0
17.30342004600061,15933.788665319,516,17.077360026041667,25.0,18.0,24.065573770491802,1
17.33527217200026,15933.820517445,517,17.079720052083335,20.0,18.0,24.065573770491802,0
17.371265217001564,15933.85651049,518,17.078723958333335,20.0,18.0,24.065573770491802,0
17.403231046000656,15933.888476319,519,17.080416666666668,21.0,18.0,24.065573770491802,0
17.43526560800092,15933.920510881,520,17.083395182291667,22.0,18.0,24.065573770491802,0
17.471388367001055,15933.95663364,521,17.082428385416666,21.0,18.0,24.065573770491802,0
17.50326105500062,15933.988506328,522,17.083909505208332,19.0,18.0,24.065573770491802,0
17.53544676400088,15934.020692037,523,17.082542317708334,19.0,18.0,24.065573770491802,0
17.57142177100104,15934.056667044,524,17.08669596354167,20.0,18.0,24.065573770491802,0
17.60316069000146,15934.088405963,525,17.084912109375,20.0,18.0,24.065573770491802,0
17.63947855100014,15934.124723824,526,17.083157552083332,24.0,18.0,24.065573770491802,0
17.671306941001603,15934.156552214,527,17.08490234375,19.0,18.0,24.065573770491802,0
17.703256568000143,15934.188501841,528,17.087649739583334,23.0,18.0,24.065573770491802,0
17.73933350000152,15934.224578773,529,17.085458984375,19.0,18.0,24.065573770491802,0
17.771328100001483,15934.256573373,530,17.0889453125,21.0,18.0,24.065573770491802,0
17.803305632000047,15934.288550905,531,17.09009765625,19.0,18.0,24.065573770491802,0
17.839409121001154,15934.324654394,532,17.089619140625,22.0,18.0,24.065573770491802,0
17.87134264999986,15934.356587923,533,17.08666015625,19.0,18.0,24.065573770491802,0
17.90331229900039,15934.388557572,534,17.085091145833335,20.0,18.0,24.065573770491802,0
17.939241762000165,15934.424487035,535,17.085240885416667,20.0,18.0,24.065573770491802,0
17.971365112000058,15934.456610385,536,17.086858723958333,19.0,18.0,24.065573770491802,0
18.007483366000088,15934.492728639,537,17.085651041666665,20.0,18.0,24.065573770491802,0
18.039587229000972,15934.524832502,538,17.090439453125,20.0,18.0,24.065573770491802,0
18.071352595001372,15934.556597868,539,17.09279296875,21.0,18.0,24.065573770491802,0
18.107468942000196,15934.592714215,540,17.090078125,19.0,18.0,24.065573770491802,0
18.139292996000222,15934.624538269,541,17.085501302083333,19.0,18.0,24.065573770491802,0
18.171334517001014,15934.65657979,542,17.088782552083334,19.0,18.0,24.065573770491802,0
18.20725040400066,15934.692495677,543,17.08974609375,20.0,18.0,24.065573770491802,0
18.239261405000434,15934.724506678,544,17.086627604166665,19.0,18.0,24.065573770491802,0
18.275375877001352,15934.76062115,545,17.089430338541668,20.0,18.0,24.065573770491802,0
18.307311454000228,15934.792556727,546,17.089166666666667,23.0,18.0,24.065573770491802,0
18.339368449000176,15934.824613722,547,17.086702473958333,20.0,18.0,24.065573770491802,0
18.375340215001415,15934.860585488,548,17.08904296875,20.0,18.0,24.065573770491802,0
18.40722631800054,15934.892471591,549,17.088450520833334,20.0,18.0,24.065573770491802,0
18.4392845880011,15934.924529861,550,17.090423177083334,20.0,18.0,24.065573770491802,0
18.475224509000327,15934.960469782,551,17.091477864583332,19.0,18.0,24.065573770491802,0
18.507273750999957,15934.992519024,552,17.09039388020833,20.0,18.0,24.065573770491802,0
18.539506938001068,15935.024752211,553,17.085579427083335,21.0,18.0,24.065573770491802,0
18.57525182900099,15935.060497102,554,17.090423177083334,22.0,18.0,24.065573770491802,0
18.60742319200108,15935.092668465,555,17.08932942708333,19.0,18.0,24.065573770491802,0
18.643214776000605,15935.128460049,556,17.088203125,20.0,18.0,24.065573770491802,0
18.675302896001085,15935.160548169,557,17.088333333333335,22.0,18.0,24.065573770491802,0
18.707287577000898,15935.19253285,558,17.087438151041667,22.0,18.0,24.065573770491802,0
18.743280131000574,15935.228525404,559,17.09044921875,20.0,18.0,24.065573770491802,0
18.775288828001067,15935.260534101,560,17.08943359375,20.0,18.0,24.065573770491802,0
18.807247378001193,15935.292492651,561,17.0866796875,20.0,18.0,24.065573770491802,0
18.843250543000977,15935.328495816,562,17.088037109375,19.0,18.0,24.065573770491802,0
18.875546453000425,15935.360791726,563,17.089915364583334,19.0,18.0,24.065573770491802,0
18.911212070001056,15935.396457343,564,17.090328776041666,19.0,18.0,24.065573770491802,0
18.943245314001615,15935.428490587,565,17.085325520833333,20.0,18.0,24.065573770491802,0
18.97529129400027,15935.460536567,566,17.08929361979167,20.0,18.0,24.065573770491802,0
19.01125988000058,15935.496505153,567,17.092447916666668,23.0,18.0,24.065573770491802,0
19.043551186001423,15935.528796459,568,17.088131510416666,20.0,18.0,24.065573770491802,0
19.075278019001416,15935.560523292,569,17.090074869791668,20.0,18.0,24.065573770491802,0
19.111271083000247,15935.596516356,570,17.086917317708334,19.0,18.0,24.065573770491802,0
19.143418027000735,15935.6286633,571,17.088541666666668,23.0,18.0,24.065573770491802,0
19.175312962001044,15935.660558235,572,17.0909375,20.0,18.0,24.065573770491802,0
19.211223998001515,15935.696469271,573,17.088662109375,23.0,18.0,24.065573770491802,0
19.24329979600043,15935.728545069,574,17.09162109375,20.0,18.0,24.065573770491802,0
19.279814485000315,15935.765059758,575,17.09205078125,21.0,18.0,24.065573770491802,0
19.311553504001495,15935.796798777,576,17.096227213541667,21.0,18.0,24.065573770491802,0
19.343184087001646,15935.82842936,577,17.09271158854167,20.0,18.0,24.065573770491802,0
19.37928206900142,15935.864527342,578,17.092998046875,20.0,18.0,24.065573770491802,0
19.411514202000035,15935.896759475,579,17.094482421875,19.0,18.0,24.065573770491802,0
19.44337120900127,15935.928616482,580,17.094423828125,21.0,18.0,24.065573770491802,0
19.47936093499993,15935.964606208,581,17.09056640625,23.0,18.0,24.065573770491802,0
19.51126154800113,15935.996506821,582,17.094407552083332,20.0,18.0,24.065573770491802,0
19.54727106500104,15936.032516338,583,17.092578125,21.0,18.0,24.065573770491802,0
19.579431895001107,15936.064677168,584,17.092125651041666,23.0,18.0,24.065573770491802,0
19.61137655499988,15936.096621828,585,17.088759765625,22.0,18.0,24.065573770491802,0
19.64730111800054,15936.132546391,586,17.091744791666667,19.0,18.0,24.065573770491802,0
19.679472842000905,15936.164718115,587,17.092913411458333,20.0,18.0,24.065573770491802,0
19.711257777000355,15936.19650305,588,17.091471354166668,19.0,18.0,24.065573770491802,0
19.74734188200091,15936.232587155,589,17.096184895833332,22.0,18.0,24.065573770491802,0
19.77942457000063,15936.264669843,590,17.09349609375,20.0,18.0,24.065573770491802,0
19.8112504360015,15936.296495709,591,17.096604817708332,19.0,18.0,24.065573770491802,0
19.84728410900061,15936.332529382,592,17.091422526041665,20.0,18.0,24.065573770491802,0
19.87924904800093,15936.364494321,593,17.090970052083332,23.0,18.0,24.065573770491802,0
19.915423195001495,15936.400668468,594,17.090260416666666,20.0,18.0,24.065573770491802,0
19.947697473000517,15936.432942746,595,17.094085286458334,20.0,18.0,24.065573770491802,0
19.979162933001135,15936.464408206,596,17.096419270833334,20.0,18.0,24.065573770491802,0
20.015324777999922,15936.500570051,597,17.092272135416668,22.0,18.0,24.065573770491802,0
20.04739267900004,15936.532637952,598,17.091155598958334,20.0,18.0,24.065573770491802,0
20.079191769000317,15936.564437042,599,17.097164713541666,19.0,18.0,24.065573770491802,0
20.11520425100025,15936.600449524,600,17.092457682291666,20.0,18.0,24.065573770491802,0
20.14718410700152,15936.63242938,601,17.088968098958333,20.0,18.0,24.065573770491802,0
20.183355696000945,15936.668600969,602,17.093655598958332,23.0,18.0,24.065573770491802,0
20.21543692100022,15936.700682194,603,17.096500651041666,21.0,18.0,24.065573770491802,0
20.247382434001338,15936.732627707,604,17.093118489583333,22.0,18.0,24.065573770491802,0
20.28327657400041,15936.768521847,605,17.089075520833333,23.0,18.0,24.065573770491802,0
20.315424251000877,15936.800669524,606,17.09392578125,20.0,18.0,24.065573770491802,0
20.34730217500146,15936.832547448,607,17.094453125,20.0,18.0,24.065573770491802,0
20.383284488001664,15936.868529761,608,17.089814453125,20.0,18.0,24.065573770491802,0
20.41534564700123,15936.90059092,609,17.091832682291667,21.0,18.0,24.065573770491802,0
20.447258214000612,15936.932503487,610,17.094807942708332,20.0,18.0,24.065573770491802,0
20.483387734000644,15936.968633007,611,17.09447265625,20.0,18.0,24.065573770491802,0
20.51528055000017,15937.000525823,612,17.0921484375,21.0,18.0,24.065573770491802,0
20.551239762000478,15937.036485035,613,17.092734375,19.0,18.0,24.065573770491802,0
20.583285081000213,15937.068530354,614,17.093873697916667,20.0,18.0,24.065573770491802,0
20.61526606500047,15937.100511338,615,17.093291015625,20.0,18.0,24.065573770491802,0
20.651273033001416,15937.136518306,616,17.088616536458332,20.0,18.0,24.065573770491802,0
20.683249399000488,15937.168494672,617,17.08880533854167,20.0,18.0,24.065573770491802,0
20.715258908001488,15937.200504181,618,17.093414713541666,19.0,18.0,24.065573770491802,0
20.751475511000535,15937.236720784,619,17.088857421875,20.0,18.0,24.065573770491802,0
20.783320042000923,15937.268565315,620,17.09173828125,23.0,18.0,24.065573770491802,0
20.819287445001464,15937.304532718,621,17.091487630208334,19.0,18.0,24.065573770491802,0
20.85131645600086,15937.336561729,622,17.091025390625,20.0,18.0,24.065573770491802,0
20.88321567500134,15937.368460948,623,17.092044270833334,20.0,18.0,24.065573770491802,0
20.919259529000556,15937.404504802,624,17.089544270833333,20.0,18.0,24.065573770491802,0
20.951294110000163,15937.436539383,625,17.089322916666667,23.0,18.0,24.065573770491802,0
20.983365785001297,15937.468611058,626,17.092093098958333,19.0,18.0,24.065573770491802,0
21.019667103000756,15937.504912376,627,17.091328125,20.0,18.0,24.065573770491802,0
21.051413475001027,15937.536658748,628,17.093151041666665,20.0,18.0,24.065573770491802,0
21.0832945380007,15937.568539811,629,17.092415364583335,20.0,18.0,24.065573770491802,0
21.11943976600014,15937.604685039,630,17.088824869791665,20.0,18.0,24.065573770491802,0
21.151385875000415,15937.636631148,631,17.09224609375,20.0,18.0,24.065573770491802,0
21.18728652900063,15937.672531802,632,17.0921484375,20.0,18.0,24.065573770491802,0
21.219455438000296,15937.704700711,633,17.090416666666666,21.0,18.0,24.065573770491802,0
21.251289769001232,15937.736535042,634,17.092496744791667,19.0,18.0,24.065573770491802,0
21.28755965700111,15937.77280493,635,17.089059244791667,20.0,18.0,24.065573770491802,0
21.31935131800128,15937.804596591,636,17.091106770833335,23.0,18.0,24.065573770491802,0
21.351219483000023,15937.836464756,637,17.091780598958334,23.0,18.0,24.065573770491802,0
21.387381074000587,15937.872626347,638,17.094189453125,20.0,18.0,24.065573770491802,0
21.419318510001176,15937.904563783,639,17.096181640625,21.0,18.0,24.065573770491802,0
21.45539990799989,15937.940645181,640,17.090266927083334,19.0,18.0,24.065573770491802,0
21.48728144100096,15937.972526714,641,17.090139973958333,20.0,18.0,24.065573770491802,0
21.51933144100076,15938.004576714,642,17.089375,19.0,18.0,24.065573770491802,0
21.555447058000937,15938.040692331,643,17.093138020833333,22.0,18.0,24.065573770491802,0
21.58728444799999,15938.072529721,644,17.092018229166666,19.0,18.0,24.065573770491802,0
21.619223055000475,15938.104468328,645,17.0925,19.0,18.0,24.065573770491802,0
21.655374835001567,15938.140620108,646,17.095208333333332,20.0,18.0,24.065573770491802,0
21.68735019199994,15938.172595465,647,17.094925130208335,23.0,18.0,24.065573770491802,0
21.719226464001622,15938.204471737,648,17.093619791666665,19.0,18.0,24.065573770491802,0
21.755514829001186,15938.240760102,649,17.0929296875,22.0,18.0,24.065573770491802,0
21.787250990000757,15938.272496263,650,17.090260416666666,21.0,18.0,24.065573770491802,0
21.82349402700129,15938.3087393,651,17.0894140625,19.0,18.0,24.065573770491802,0
21.85552243100028,15938.340767704,652,17.091803385416668,20.0,18.0,24.065573770491802,0
21.88725852600146,15938.372503799,653,17.09361328125,20.0,18.0,24.065573770491802,0
21.923353186000895,15938.408598459,654,17.090218098958335,20.0,18.0,24.065573770491802,0
21.955497008000748,15938.440742281,655,17.085983072916665,21.0,18.0,24.065573770491802,0
21.987286027000664,15938.4725313,656,17.091009114583333,19.0,18.0,24.065573770491802,0
22.023404534000292,15938.508649807,657,17.090364583333333,20.0,18.0,24.065573770491802,0
22.05545144900134,15938.540696722,658,17.09035807291667,20.0,18.0,24.065573770491802,0
22.09141000999989,15938.576655283,659,17.0951953125,22.0,18.0,24.065573770491802,0
22.12342217800142,15938.608667451,660,17.09274739583333,25.0,18.0,24.065573770491802,1
22.155368608000572,15938.640613881,661,17.09208984375,23.0,18.0,24.065573770491802,0
22.191319290001047,15938.676564563,662,17.093330078125,20.0,18.0,24.065573770491802,0
22.223344894000547,15938.708590167,663,17.093157552083333,20.0,18.0,24.065573770491802,0
22.255242650000582,15938.740487923,664,17.095595703125,20.0,18.0,24.065573770491802,0
22.291266625999924,15938.776511899,665,17.092431640625,19.0,18.0,24.065573770491802,0
22.323288077001052,15938.80853335,666,17.094794921875,20.0,18.0,24.065573770491802,0
22.355622177999976,15938.840867451,667,17.09255859375,20.0,18.0,24.065573770491802,0
22.391358097000193,15938.87660337,668,17.093304036458335,20.0,18.0,24.065573770491802,0
22.423224502001176,15938.908469775,669,17.089466145833335,20.0,18.0,24.065573770491802,0
22.45930650900118,15938.944551782,670,17.0935546875,20.0,18.0,24.065573770491802,0
22.49123520500143,15938.976480478,671,17.092981770833333,23.0,18.0,24.065573770491802,0
22.52314903000115,15939.008394303,672,17.090621744791665,20.0,18.0,24.065573770491802,0
22.559332903001632,15939.044578176,673,17.091103515625,20.0,18.0,24.065573770491802,0
22.591260817000148,15939.07650609,674,17.093229166666667,20.0,18.0,24.065573770491802,0
22.623343577000924,15939.10858885,675,17.087819010416666,19.0,18.0,24.065573770491802,0
22.65926834700076,15939.14451362,676,17.09052734375,19.0,18.0,24.065573770491802,0
22.69151690900071,15939.176762182,677,17.085973307291667,21.0,18.0,24.065573770491802,0
22.727305705000617,15939.212550978,678,17.093697916666667,20.0,18.0,24.065573770491802,0
22.75931681900147,15939.244562092,679,17.09025390625,20.0,18.0,24.065573770491802,0
22.79125087900138,15939.276496152,680,17.086793619791667,20.0,18.0,24.065573770491802,0
22.82732856900111,15939.312573842,681,17.09,20.0,18.0,24.065573770491802,0
22.85927660500056,15939.344521878,682,17.08844075520833,20.0,18.0,24.065573770491802,0
22.89148301500063,15939.376728288,683,17.0858984375,20.0,18.0,24.065573770491802,0
22.92734722500063,15939.412592498,684,17.08814453125,19.0,18.0,24.065573770491802,0
22.959349953000128,15939.444595226,685,17.092819010416665,22.0,18.0,24.065573770491802,0
22.991298154000106,15939.476543427,686,17.087701822916667,21.0,18.0,24.065573770491802,0
23.027257520001513,15939.512502793,687,17.08779296875,22.0,18.0,24.065573770491802,0
23.059270263000144,15939.544515536,688,17.090328776041666,19.0,18.0,24.065573770491802,0
23.09527247799997,15939.580517751,689,17.094104817708335,20.0,18.0,24.065573770491802,0
23.1275334560014,15939.612778729,690,17.086380208333335,20.0,18.0,24.065573770491802,0
23.15937386800033,15939.644619141,691,17.090283203125,19.0,18.0,24.065573770491802,0
23.195311797000613,15939.68055707,692,17.088834635416667,20.0,18.0,24.065573770491802,0
23.227385918000437,15939.712631191,693,17.08713216145833,24.0,18.0,24.065573770491802,0
23.25945765600045,15939.744702929,694,17.088056640625,19.0,18.0,24.065573770491802,0
23.295569369000077,15939.780814642,695,17.088681640625,19.0,18.0,24.065573770491802,0
23.32729819100132,15939.812543464,696,17.086826171875,21.0,18.0,24.065573770491802,0
23.363379483000244,15939.848624756,697,17.087805989583334,22.0,18.0,24.065573770491802,0
23.395380772000863,15939.880626045,698,17.086396484375,20.0,18.0,24.065573770491802,0
23.427484772000753,15939.912730045,699,17.086070963541665,23.0,18.0,24.065573770491802,0
23.46351799600052,15939.948763269,700,17.088020833333335,20.0,18.0,24.065573770491802,0
23.49523920499996,15939.980484478,701,17.08646484375,24.0,18.0,24.065573770491802,0
23.52723135999986,15940.012476633,702,17.087529296875,20.0,18.0,24.065573770491802,0
23.563564195001163,15940.048809468,703,17.091328125,20.0,18.0,24.065573770491802,0
23.595304677000968,15940.08054995,704,17.090035807291667,20.0,18.0,24.065573770491802,0
23.627343281999856,15940.112588555,705,17.088131510416666,25.0,18.0,24.065573770491802,1
23.663331485000526,15940.148576758,706,17.0859765625,23.0,18.0,24.065573770491802,0
23.695357675000196,15940.180602948,707,17.091676432291667,20.0,18.0,24.065573770491802,0
23.73141530200155,15940.216660575,708,17.088994140625,21.0,18.0,24.065573770491802,0
23.76347552400148,15940.248720797,709,17.089205729166668,20.0,18.0,24.065573770491802,0
23.79528017300072,15940.280525446,710,17.088610026041668,20.0,18.0,24.065573770491802,0
23.83126493200143,15940.316510205,711,17.090279947916667,23.0,18.0,24.065573770491802,0
23.86350753700026,15940.34875281,712,17.084951171875,20.0,18.0,24.065573770491802,0
23.89523067600021,15940.380475949,713,17.093753255208334,20.0,18.0,24.065573770491802,0
23.931453500001226,15940.416698773,714,17.09142578125,20.0,18.0,24.065573770491802,0
23.96351675400001,15940.448762027,715,17.090950520833335,20.0,18.0,24.065573770491802,0
23.99928157800059,15940.484526851,716,17.090732421875,21.0,18.0,24.065573770491802,0
24.031491753999944,15940.516737027,717,17.085452473958334,20.0,18.0,24.065573770491802,0
24.06345373500153,15940.548699008,718,17.090452473958333,20.0,18.0,24.065573770491802,0
24.099607150999873,15940.584852424,719,17.088391927083332,19.0,18.0,24.065573770491802,0
24.131283207001616,15940.61652848,720,17.091197916666665,19.0,18.0,24.065573770491802,0
24.163300849000734,15940.648546122,721,17.0879296875,20.0,18.0,24.065573770491802,0
24.199384731000464,15940.684630004,722,17.085836588541667,19.0,18.0,24.065573770491802,0
24.23169651600074,15940.716941789,723,17.087692057291665,20.0,18.0,24.065573770491802,0
24.263324724000995,15940.748569997,724,17.087037760416667,24.0,18.0,24.065573770491802,0
24.2995356370011,15940.78478091,725,17.091103515625,23.0,18.0,24.065573770491802,0
24.3313605680014,15940.816605841,726,17.089169921875,19.0,18.0,24.065573770491802,0
24.36727469300058,15940.852519966,727,17.087682291666667,19.0,18.0,24.065573770491802,0
24.399336209000467,15940.884581482,728,17.08712890625,20.0,18.0,24.065573770491802,0
24.431264622000526,15940.916509895,729,17.087646484375,20.0,18.0,24.065573770491802,0
24.467933438001637,15940.953178711,730,17.089228515625,20.0,18.0,24.065573770491802,0
24.49952410700098,15940.98476938,731,17.087639973958332,23.0,18.0,24.065573770491802,0
24.531275647001166,15941.01652092,732,17.090709635416665,19.0,18.0,24.065573770491802,0
24.567369659000178,15941.052614932,733,17.09161458333333,20.0,18.0,24.065573770491802,0
24.59929248700064,15941.08453776,734,17.091217447916666,19.0,18.0,24.065573770491802,0
24.63526433700099,15941.12050961,735,17.090104166666666,19.0,18.0,24.065573770491802,0
24.667380136001157,15941.152625409,736,17.089541015625,20.0,18.0,24.065573770491802,0
24.699499039999864,15941.184744313,737,17.090377604166665,19.0,18.0,24.065573770491802,0
24.735473606000596,15941.220718879,738,17.090559895833334,20.0,18.0,24.065573770491802,0
24.7673933340011,15941.252638607,739,17.089156901041665,20.0,18.0,24.065573770491802,0
24.79935049100095,15941.284595764,740,17.091591796875,19.0,18.0,24.065573770491802,0
24.83533945400086,15941.320584727,741,17.088955078125,20.0,18.0,24.065573770491802,0
24.867286742000942,15941.352532015,742,17.08822265625,25.0,18.0,24.065573770491802,1
24.8992683510005,15941.384513624,743,17.089710286458335,20.0,18.0,24.065573770491802,0
24.935441323001214,15941.420686596,744,17.088219401041666,20.0,18.0,24.065573770491802,0
24.967253195000012,15941.452498468,745,17.090084635416666,20.0,18.0,24.065573770491802,0
25.003299803000118,15941.488545076,746,17.09109049479167,20.0,18.0,24.065573770491802,0
25.035534833001293,15941.520780106,747,17.092060546875,21.0,18.0,24.065573770491802,0
25.067259325000123,15941.552504598,748,17.088453776041668,20.0,18.0,24.065573770491802,0
25.103409539000495,15941.588654812,749,17.09201497395833,21.0,18.0,24.065573770491802,0
25.135292210001353,15941.620537483,750,17.089498697916667,23.0,18.0,24.065573770491802,0
25.16734135400111,15941.652586627,751,17.089560546875,22.0,18.0,24.065573770491802,0
25.203271285001392,15941.688516558,752,17.08837890625,20.0,18.0,24.065573770491802,0
25.235290358001293,15941.720535631,753,17.08755859375,19.0,18.0,24.065573770491802,0
25.27140369600056,15941.756648969,754,17.09201171875,23.0,18.0,24.065573770491802,0
25.303594331000568,15941.788839604,755,17.090403645833334,20.0,18.0,24.065573770491802,0
25.335303114999988,15941.820548388,756,17.090065104166666,20.0,18.0,24.065573770491802,0
25.371646659999897,15941.856891933,757,17.091520182291667,20.0,18.0,24.065573770491802,0
25.403388243001245,15941.888633516,758,17.08931640625,20.0,18.0,24.065573770491802,0
25.435258121000516,15941.920503394,759,17.090179036458334,19.0,18.0,24.065573770491802,0
25.471298973001467,15941.956544246,760,17.090872395833333,20.0,18.0,24.065573770491802,0
25.50342367900157,15941.988668952,761,17.090631510416667,20.0,18.0,24.065573770491802,0
25.53532371700021,15942.02056899,762,17.092171223958335,20.0,18.0,24.065573770491802,0
25.571435511001255,15942.056680784,763,17.090706380208335,20.0,18.0,24.065573770491802,0
25.603208761000133,15942.088454034,764,17.090348307291666,20.0,18.0,24.065573770491802,0
25.639341249001518,15942.124586522,765,17.09039388020833,20.0,18.0,24.065573770491802,0
25.671297374999995,15942.156542648,766,17.091337890625,24.0,18.0,24.065573770491802,0
25.703498892000425,15942.188744165,767,17.091087239583334,20.0,18.0,24.065573770491802,0
25.739421951000622,15942.224667224,768,17.089456380208333,19.0,18.0,24.065573770491802,0
25.771236767001028,15942.25648204,769,17.089088541666666,19.0,18.0,24.065573770491802,0
25.803317380999943,15942.288562654,770,17.089794921875,20.0,18.0,24.065573770491802,0
25.839463911001076,15942.324709184,771,17.087242838541666,19.0,18.0,24.065573770491802,0
25.871349630000623,15942.356594903,772,17.088854166666668,19.0,18.0,24.065573770491802,0
25.907378834001065,15942.392624107,773,17.09041015625,20.0,18.0,24.065573770491802,0
25.93927335400076,15942.424518627,774,17.093115234375,20.0,18.0,24.065573770491802,0
25.971280151999963,15942.456525425,775,17.085553385416667,19.0,18.0,24.065573770491802,0
26.007334419000472,15942.492579692,776,17.09017578125,20.0,18.0,24.065573770491802,0
26.03938555000059,15942.524630823,777,17.091692708333333,20.0,18.0,24.065573770491802,0
26.071283987001152,15942.55652926,778,17.093098958333332,19.0,18.0,24.065573770491802,0
26.107419188001586,15942.592664461,779,17.09083984375,22.0,18.0,24.065573770491802,0
26.139313931000288,15942.624559204,780,17.09344401041667,23.0,18.0,24.065573770491802,0
26.171291235001263,15942.656536508,781,17.088639322916666,20.0,18.0,24.065573770491802,0
26.20756282900038,15942.692808102,782,17.091650390625,22.0,18.0,24.065573770491802,0
26.239284554001642,15942.724529827,783,17.090830078125,19.0,18.0,24.065573770491802,0
26.27552233500137,15942.760767608,784,17.091663411458335,19.0,18.0,24.065573770491802,0
26.307372265000595,15942.792617538,785,17.087555338541666,23.0,18.0,24.065573770491802,0
26.339289395000378,15942.824534668,786,17.091868489583334,21.0,18.0,24.065573770491802,0
26.375497428000017,15942.860742701,787,17.088479817708333,20.0,18.0,24.065573770491802,0
26.407322035000107,15942.892567308,788,17.0891796875,20.0,18.0,24.065573770491802,0
26.43930024600013,15942.924545519,789,17.090426432291668,19.0,18.0,24.065573770491802,0
26.47536115100047,15942.960606424,790,17.086966145833333,20.0,18.0,24.065573770491802,0
26.507248606001667,15942.992493879,791,17.089375,20.0,18.0,24.065573770491802,0
26.543343395000193,15943.028588668,792,17.090621744791665,19.0,18.0,24.065573770491802,0
26.575446217000717,15943.06069149,793,17.094127604166665,20.0,18.0,24.065573770491802,0
26.607307357000536,15943.09255263,794,17.090354817708334,23.0,18.0,24.065573770491802,0
26.643534688000727,15943.128779961,795,17.090940755208333,20.0,18.0,24.065573770491802,0
26.67540153000118,15943.160646803,796,17.09076171875,21.0,18.0,24.065573770491802,0
26.707212172001164,15943.192457445,797,17.088277994791667,20.0,18.0,24.065573770491802,0
26.74349994000113,15943.228745213,798,17.091341145833333,19.0,18.0,24.065573770491802,0
26.775266959000874,15943.260512232,799,17.092096354166667,23.0,18.0,24.065573770491802,0
26.811319550000917,15943.296564823,800,17.0869140625,20.0,18.0,24.065573770491802,0
26.843288429001404,15943.328533702,801,17.094534505208333,20.0,18.0,24.065573770491802,0
26.875329976001012,15943.360575249,802,17.089410807291667,20.0,18.0,24.065573770491802,0
26.91166562000035,15943.396910893,803,17.090735677083334,20.0,18.0,24.065573770491802,0
26.943353372000274,15943.428598645,804,17.0882421875,24.0,18.0,24.065573770491802,0
26.97525793800014,15943.460503211,805,17.091461588541666,20.0,18.0,24.065573770491802,0
27.011365860000296,15943.496611133,806,17.08921875,19.0,18.0,24.065573770491802,0
27.043505057999937,15943.528750331,807,17.092138671875,21.0,18.0,24.065573770491802,0
27.075198177000857,15943.56044345,808,17.093206380208333,20.0,18.0,24.065573770491802,0
27.1114718050012,15943.596717078,809,17.093841145833334,23.0,18.0,24.065573770491802,0
27.143312947000595,15943.62855822,810,17.091686197916665,19.0,18.0,24.065573770491802,0
27.17955760699988,15943.66480288,811,17.094309895833334,20.0,18.0,24.065573770491802,0
27.211359490000177,15943.696604763,812,17.092076822916667,22.0,18.0,24.065573770491802,0
27.243265007000446,15943.72851028,813,17.088984375,19.0,18.0,24.065573770491802,0
27.2793189490003,15943.764564222,814,17.091432291666667,20.0,18.0,24.065573770491802,0
27.311301033001655,15943.796546306,815,17.092819010416665,20.0,18.0,24.065573770491802,0
27.34363943000062,15943.828884703,816,17.091429036458333,20.0,18.0,24.065573770491802,0
27.379510564000157,15943.864755837,817,17.091943359375,19.0,18.0,24.065573770491802,0
27.411450720001085,15943.896695993,818,17.093307291666665,20.0,18.0,24.065573770491802,0
27.44742122700154,15943.9326665,819,17.090869140625,20.0,18.0,24.065573770491802,0
27.479309464000835,15943.964554737,820,17.091494140625,20.0,18.0,24.065573770491802,0
27.51130409600046,15943.996549369,821,17.092138671875,20.0,18.0,24.065573770491802,0
27.547327619000498,15944.032572892,822,17.091555989583334,19.0,18.0,24.065573770491802,0
27.57931892200031,15944.064564195,823,17.095439453125,24.0,18.0,24.065573770491802,0
27.611227222001617,15944.096472495,824,17.089339192708334,20.0,18.0,24.065573770491802,0
27.6474568320009,15944.132702105,825,17.091142578125,20.0,18.0,24.065573770491802,0
27.679537110001547,15944.164782383,826,17.093818359375,19.0,18.0,24.065573770491802,0
27.711407548000352,15944.196652821,827,17.090804036458334,20.0,18.0,24.065573770491802,0
27.747536725000828,15944.232781998,828,17.089020182291666,19.0,18.0,24.065573770491802,0
27.779359827000007,15944.2646051,829,17.090986328125,21.0,18.0,24.065573770491802,0
27.81537251500049,15944.300617788,830,17.090973307291666,21.0,18.0,24.065573770491802,0
27.847334609001337,15944.332579882,831,17.089658203125,20.0,18.0,24.065573770491802,0
27.879271255000276,15944.364516528,832,17.087779947916665,19.0,18.0,24.065573770491802,0
27.915331564001463,15944.400576837,833,17.087799479166666,20.0,18.0,24.065573770491802,0
27.947335440001552,15944.432580713,834,17.090485026041666,20.0,18.0,24.065573770491802,0
27.979379203999997,15944.464624477,835,17.08833984375,20.0,18.0,24.065573770491802,0
28.015388782001537,15944.500634055,836,17.087561848958334,23.0,18.0,24.065573770491802,0
28.047441679000258,15944.532686952,837,17.089853515625,19.0,18.0,24.065573770491802,0
28.083276221001142,15944.568521494,838,17.092047526041668,20.0,18.0,24.065573770491802,0
28.115399435000654,15944.600644708,839,17.088873697916668,22.0,18.0,24.065573770491802,0
28.14734405099989,15944.632589324,840,17.091917317708333,20.0,18.0,24.065573770491802,0
28.183403835000718,15944.668649108,841,17.093154296875,20.0,18.0,24.065573770491802,0
28.215393444001165,15944.700638717,842,17.091510416666665,19.0,18.0,24.065573770491802,0
28.24748106700099,15944.73272634,843,17.087705078125,23.0,18.0,24.065573770491802,0
28.28340682400085,15944.768652097,844,17.089860026041666,19.0,18.0,24.065573770491802,0
28.31534838400148,15944.800593657,845,17.088717447916668,20.0,18.0,24.065573770491802,0
28.347266444001434,15944.832511717,846,17.089339192708334,19.0,18.0,24.065573770491802,0
28.38351946200055,15944.868764735,847,17.089970703125,19.0,18.0,24.065573770491802,0
28.415230270000393,15944.900475543,848,17.090673828125,20.0,18.0,24.065573770491802,0
28.451273184000456,15944.936518457,849,17.087125651041667,19.0,18.0,24.065573770491802,0
28.483423835001304,15944.968669108,850,17.091259765625,21.0,18.0,24.065573770491802,0
28.515443501000846,15945.000688774,851,17.094501953125,20.0,18.0,24.065573770491802,0
28.551332352000827,15945.036577625,852,17.08904947916667,19.0,18.0,24.065573770491802,0
28.583493202000682,15945.068738475,853,17.089934895833334,20.0,18.0,24.065573770491802,0
28.61532348000037,15945.100568753,854,17.093395182291665,21.0,18.0,24.065573770491802,0
28.651337164001234,15945.136582437,855,17.091647135416668,23.0,18.0,24.065573770491802,0
28.68334153900105,15945.168586812,856,17.09035807291667,21.0,18.0,24.065573770491802,0
28.719300955001017,15945.204546228,857,17.098050130208332,20.0,18.0,24.065573770491802,0
28.751306236001255,15945.236551509,858,17.092291666666668,20.0,18.0,24.065573770491802,0
28.783362903001034,15945.268608176,859,17.0913671875,23.0,18.0,24.065573770491802,0
28.81943651000074,15945.304681783,860,17.094186197916667,19.0,18.0,24.065573770491802,0
28.851384934001544,15945.336630207,861,17.090992838541666,20.0,18.0,24.065573770491802,0
28.883565832000386,15945.368811105,862,17.08929361979167,20.0,18.0,24.065573770491802,0
28.919381428000634,15945.404626701,863,17.095266927083333,20.0,18.0,24.065573770491802,0
28.95143110400022,15945.436676377,864,17.094873046875,20.0,18.0,24.065573770491802,0
28.983339666001484,15945.468584939,865,17.09783203125,21.0,18.0,24.065573770491802,0
29.019288450001113,15945.504533723,866,17.092522786458332,20.0,18.0,24.065573770491802,0
29.051595964001535,15945.536841237,867,17.087399088541666,23.0,18.0,24.065573770491802,0
29.087329940000927,15945.572575213,868,17.095130208333334,23.0,18.0,24.065573770491802,0
29.119280461000017,15945.604525734,869,17.09250325520833,21.0,18.0,24.065573770491802,0
29.15134424900134,15945.636589522,870,17.093902994791666,24.0,18.0,24.065573770491802,0
29.187548834001063,15945.672794107,871,17.089557291666665,20.0,18.0,24.065573770491802,0
29.219321014001252,15945.704566287,872,17.094459635416666,20.0,18.0,24.065573770491802,0
29.25129712099988,15945.736542394,873,17.088922526041667,24.0,18.0,24.065573770491802,0
29.28732475200013,15945.772570025,874,17.093714192708333,20.0,18.0,24.065573770491802,0
29.319566003001455,15945.804811276,875,17.089684244791666,19.0,18.0,24.065573770491802,0
29.355288792001375,15945.840534065,876,17.091653645833333,22.0,18.0,24.065573770491802,0
29.387490213001,15945.872735486,877,17.089609375,20.0,18.0,24.065573770491802,0
29.419289385999946,15945.904534659,878,17.091305338541666,20.0,18.0,24.065573770491802,0
29.455555128000924,15945.940800401,879,17.090130208333335,24.0,18.0,24.065573770491802,0
29.487245704000088,15945.972490977,880,17.09201497395833,21.0,18.0,24.065573770491802,0
29.519258528000137,15946.004503801,881,17.089850260416668,20.0,18.0,24.065573770491802,0
29.55536909300099,15946.040614366,882,17.093385416666667,20.0,18.0,24.065573770491802,0
29.58736800600127,15946.072613279,883,17.09128255208333,21.0,18.0,24.065573770491802,0
29.619336330000806,15946.104581603,884,17.088984375,23.0,18.0,24.065573770491802,0
29.65531699500025,15946.140562268,885,17.085846354166666,20.0,18.0,24.065573770491802,0
29.687339598000108,15946.172584871,886,17.090732421875,20.0,18.0,24.065573770491802,0
29.723366812000677,15946.208612085,887,17.087278645833333,20.0,18.0,24.065573770491802,0
29.75535589300125,15946.240601166,888,17.090110677083334,26.0,18.0,24.065573770491802,1
29.78719249900132,15946.272437772,889,17.08746419270833,21.0,18.0,24.065573770491802,0
29.82328035000137,15946.308525623,890,17.093359375,22.0,18.0,24.065573770491802,0
29.85556465600166,15946.340809929,891,17.086236979166667,19.0,18.0,24.065573770491802,0
29.88725111200074,15946.372496385,892,17.08648763020833,19.0,18.0,24.065573770491802,0
29.923287223000443,15946.408532496,893,17.087682291666667,20.0,18.0,24.065573770491802,0
29.955564027000946,15946.4408093,894,17.087571614583332,20.0,18.0,24.065573770491802,0
29.991461719000654,15946.476706992,895,17.089456380208333,25.0,18.0,24.065573770491802,1
30.023434716000338,15946.508679989,896,17.092532552083334,20.0,18.0,24.065573770491802,0
30.05527671100026,15946.540521984,897,17.086263020833332,19.0,18.0,24.065573770491802,0
30.091575039001327,15946.576820312,898,17.08786458333333,22.0,18.0,24.065573770491802,0
30.123610695000025,15946.608855968,899,17.086555989583335,19.0,18.0,24.065573770491802,0
30.155290923999928,15946.640536197,900,17.083828125,20.0,18.0,24.065573770491802,0
30.191498662999948,15946.676743936,901,17.084150390625,21.0,18.0,24.065573770491802,0
30.223408779000238,15946.708654052,902,17.088391927083332,23.0,18.0,24.065573770491802,0
30.255357723000998,15946.740602996,903,17.08595703125,19.0,18.0,24.065573770491802,0
30.29161584100075,15946.776861114,904,17.087903645833332,20.0,18.0,24.065573770491802,0
30.323443059000056,15946.808688332,905,17.087327473958332,20.0,18.0,24.065573770491802,0
30.359631200000877,15946.844876473,906,17.084921875,19.0,18.0,24.065573770491802,0
30.391534761000003,15946.876780034,907,17.088414713541667,19.0,18.0,24.065573770491802,0
30.423245581001538,15946.908490854,908,17.087014973958333,23.0,18.0,24.065573770491802,0
30.459447535000436,15946.944692808,909,17.08513671875,22.0,18.0,24.065573770491802,0
30.49142108900014,15946.976666362,910,17.085680338541668,21.0,18.0,24.065573770491802,0
30.523302567000428,15947.00854784,911,17.087145182291668,20.0,18.0,24.065573770491802,0
30.55941269899995,15947.044657972,912,17.085224609375,23.0,18.0,24.065573770491802,0
30.591480152001168,15947.076725425,913,17.085104166666667,20.0,18.0,24.065573770491802,0
30.627449518000503,15947.112694791,914,17.08509765625,21.0,18.0,24.065573770491802,0
30.65956048500084,15947.144805758,915,17.083505859375,23.0,18.0,24.065573770491802,0
30.691274311000598,15947.176519584,916,17.086432291666668,19.0,18.0,24.065573770491802,0
30.727445353000803,15947.212690626,917,17.08748046875,20.0,18.0,24.065573770491802,0
30.759455804000027,15947.244701077,918,17.084508463541667,23.0,18.0,24.065573770491802,0
30.79154721100167,15947.276792484,919,17.082164713541665,20.0,18.0,24.065573770491802,0
30.82744020700011,15947.31268548,920,17.085234375,23.0,18.0,24.065573770491802,0
30.85940162100087,15947.344646894,921,17.084420572916667,20.0,18.0,24.065573770491802,0
30.891331454000465,15947.376576727,922,17.087841796875,23.0,18.0,24.065573770491802,0
30.927520118000757,15947.412765391,923,17.08873046875,20.0,18.0,24.065573770491802,0
30.959308784000314,15947.444554057,924,17.086884765625,22.0,18.0,24.065573770491802,0
30.995643666999968,15947.48088894,925,17.088460286458332,20.0,18.0,24.065573770491802,0
31.027405875000113,15947.512651148,926,17.087561848958334,20.0,18.0,24.065573770491802,0
31.059219090000624,15947.544464363,927,17.087574869791666,20.0,18.0,24.065573770491802,0
31.09542973600037,15947.580675009,928,17.09079427083333,20.0,18.0,24.065573770491802,0
31.12752178900155,15947.612767062,929,17.083092447916666,20.0,18.0,24.065573770491802,0
31.159316643001148,15947.644561916,930,17.089029947916668,20.0,18.0,24.065573770491802,0
31.19540422600039,15947.680649499,931,17.087809244791668,20.0,18.0,24.065573770491802,0
31.22745247200146,15947.712697745,932,17.089075520833333,23.0,18.0,24.065573770491802,0
31.263353619000554,15947.748598892,933,17.08693359375,20.0,18.0,24.065573770491802,0
31.295400885001072,15947.780646158,934,17.089563802083333,23.0,18.0,24.065573770491802,0
31.327250035999896,15947.812495309,935,17.086708984375,19.0,18.0,24.065573770491802,0
31.363630103000105,15947.848875376,936,17.090071614583334,20.0,18.0,24.065573770491802,0
31.395461593001528,15947.880706866,937,17.089371744791666,21.0,18.0,24.065573770491802,0
31.42725171500024,15947.912496988,938,17.09039388020833,19.0,18.0,24.065573770491802,0
31.463603345000593,15947.948848618,939,17.086305338541667,22.0,18.0,24.065573770491802,0
31.49535011900116,15947.980595392,940,17.0899609375,20.0,18.0,24.065573770491802,0
31.527310737001244,15948.01255601,941,17.089251302083333,21.0,18.0,24.065573770491802,0
31.563364219000505,15948.048609492,942,17.092679036458332,19.0,18.0,24.065573770491802,0
31.595397697001317,15948.08064297,943,17.086881510416667,22.0,18.0,24.065573770491802,0
31.631467704000897,15948.116712977,944,17.092041015625,19.0,18.0,24.065573770491802,0
31.663301922000755,15948.148547195,945,17.08919921875,20.0,18.0,24.065573770491802,0
31.695290305000526,15948.180535578,946,17.089622395833334,20.0,18.0,24.065573770491802,0
31.73158151000098,15948.216826783,947,17.09478515625,19.0,18.0,24.065573770491802,0
31.763293059000716,15948.248538332,948,17.090319010416668,21.0,18.0,24.065573770491802,0
31.7952367400012,15948.280482013,949,17.088134765625,20.0,18.0,24.065573770491802,0
31.831416585000625,15948.316661858,950,17.09076171875,20.0,18.0,24.065573770491802,0
31.863478417000806,15948.34872369,951,17.0900390625,21.0,18.0,24.065573770491802,0
31.89952111599996,15948.384766389,952,17.085481770833333,20.0,18.0,24.065573770491802,0
31.931449007000992,15948.41669428,953,17.088509114583335,20.0,18.0,24.065573770491802,0
31.96331900400037,15948.448564277,954,17.086015625,21.0,18.0,24.065573770491802,0
31.99950560200159,15948.484750875,955,17.093463541666665,22.0,18.0,24.065573770491802,0
32.03145410700017,15948.51669938,956,17.087581380208334,19.0,18.0,24.065573770491802,0
32.063223210001524,15948.548468483,957,17.086126302083333,23.0,18.0,24.065573770491802,0
32.09943295100129,15948.584678224,958,17.090953776041665,20.0,18.0,24.065573770491802,0
32.13139693700032,15948.61664221,959,17.087317708333334,19.0,18.0,24.065573770491802,0
32.163276788000076,15948.648522061,960,17.094557291666668,19.0,18.0,24.065573770491802,0
32.19964846200128,15948.684893735,961,17.089853515625,19.0,18.0,24.065573770491802,0
32.23126970500016,15948.716514978,962,17.085927734375,19.0,18.0,24.065573770491802,0
32.26785651400132,15948.753101787,963,17.090992838541666,21.0,18.0,24.065573770491802,0
32.29959021000104,15948.784835483,964,17.088876953125,20.0,18.0,24.065573770491802,0
32.33125851600016,15948.816503789,965,17.083896484375,20.0,18.0,24.065573770491802,0
32.3676823800015,15948.852927653,966,17.087161458333334,21.0,18.0,24.065573770491802,0
32.39944439300052,15948.884689666,967,17.083330078125,20.0,18.0,24.065573770491802,0
32.4314744050007,15948.916719678,968,17.087333984375,20.0,18.0,24.065573770491802,0
32.467377252000006,15948.952622525,969,17.084619140625,21.0,18.0,24.065573770491802,0
32.49938632900012,15948.984631602,970,17.085338541666665,19.0,18.0,24.065573770491802,0
32.53545303900137,15949.020698312,971,17.087718098958334,20.0,18.0,24.065573770491802,0
32.567476703001375,15949.052721976,972,17.08630859375,22.0,18.0,24.065573770491802,0
32.5993085730006,15949.084553846,973,17.084664713541667,20.0,18.0,24.065573770491802,0
32.63536730099986,15949.120612574,974,17.0847265625,19.0,18.0,24.065573770491802,0
32.66735349300143,15949.152598766,975,17.086468098958335,20.0,18.0,24.065573770491802,0
32.699318789000245,15949.184564062,976,17.081988932291665,20.0,18.0,24.065573770491802,0
32.735460534000595,15949.220705807,977,17.082360026041666,20.0,18.0,24.065573770491802,0
32.76740844500091,15949.252653718,978,17.07931640625,22.0,18.0,24.065573770491802,0
32.79944068200166,15949.284685955,979,17.084078776041668,20.0,18.0,24.065573770491802,0
32.835466834001636,15949.320712107,980,17.082958984375,21.0,18.0,24.065573770491802,0
32.86730836300012,15949.352553636,981,17.078619791666668,19.0,18.0,24.065573770491802,0
32.903505449001386,15949.388750722,982,17.079781901041667,19.0,18.0,24.065573770491802,0
32.935344705001626,15949.420589978,983,17.078118489583332,20.0,18.0,24.065573770491802,0
32.967325126001015,15949.452570399,984,17.076337890625,19.0,18.0,24.065573770491802,0
33.00360006900155,15949.488845342,985,17.078541666666666,23.0,18.0,24.065573770491802,0
33.03537855200011,15949.520623825,986,17.07486328125,19.0,18.0,24.065573770491802,0
33.06743551799991,15949.552680791,987,17.074264322916665,19.0,18.0,24.065573770491802,0
33.103399751000325,15949.588645024,988,17.071044921875,23.0,18.0,24.065573770491802,0
33.13572934400145,15949.620974617,989,17.07058268229167,23.0,18.0,24.065573770491802,0
33.1716275660001,15949.656872839,990,17.072688802083334,23.0,18.0,24.065573770491802,0
33.20363614800044,15949.688881421,991,17.0730078125,20.0,18.0,24.065573770491802,0
33.23543947100006,15949.720684744,992,17.070716145833334,21.0,18.0,24.065573770491802,0
33.2714871900007,15949.756732463,993,17.073190104166667,18.0,18.0,24.065573770491802,0
33.30347192800036,15949.788717201,994,17.078802083333333,20.0,18.0,24.065573770491802,0
33.335436739000215,15949.820682012,995,17.07853515625,19.0,18.0,24.065573770491802,0
33.37156614700143,15949.85681142,996,17.076920572916666,24.0,18.0,24.065573770491802,0
33.4032979980002,15949.888543271,997,17.076311848958333,22.0,18.0,24.065573770491802,0
33.43535653300023,15949.920601806,998,17.074104817708335,23.0,18.0,24.065573770491802,0
33.47158471700095,15949.95682999,999,17.077431640625,19.0,18.0,24.065573770491802,0
33.503364776001035,15949.988610049,1000,17.07785481770833,22.0,18.0,24.065573770491802,0
33.539601082000445,15950.024846355,1001,17.07611328125,20.0,18.0,24.065573770491802,0
33.57137274800152,15950.056618021,1002,17.077451171875,23.0,18.0,24.065573770491802,0
33.60350802300127,15950.088753296,1003,17.07142578125,22.0,18.0,24.065573770491802,0
33.63952818800135,15950.124773461,1004,17.074947916666666,19.0,18.0,24.065573770491802,0
33.671438002000286,15950.156683275,1005,17.07370442708333,20.0,18.0,24.065573770491802,0
33.703355713001656,15950.188600986,1006,17.075458984375,20.0,18.0,24.065573770491802,0
33.73954041700017,15950.22478569,1007,17.07853515625,20.0,18.0,24.065573770491802,0
33.771418658001494,15950.256663931,1008,17.07564453125,19.0,18.0,24.065573770491802,0
33.80732130200158,15950.292566575,1009,17.0728515625,20.0,18.0,24.065573770491802,0
33.839446075000524,15950.324691348,1010,17.076259765625,20.0,18.0,24.065573770491802,0
33.871516570001404,15950.356761843,1011,17.072311197916665,20.0,18.0,24.065573770491802,0
33.90741029700075,15950.39265557,1012,17.074303385416666,19.0,18.0,24.065573770491802,0
33.93936773400128,15950.424613007,1013,17.076513671875,24.0,18.0,24.065573770491802,0
33.971448285001316,15950.456693558,1014,17.075751953125,20.0,18.0,24.065573770491802,0
34.007331143000556,15950.492576416,1015,17.07635416666667,20.0,18.0,24.065573770491802,0
34.039504828000645,15950.524750101,1016,17.082184244791666,22.0,18.0,24.065573770491802,0
34.071388887001376,15950.55663416,1017,17.080458984375,23.0,18.0,24.065573770491802,0
34.107343609000964,15950.592588882,1018,17.080227864583332,22.0,18.0,24.065573770491802,0
34.139490481000394,15950.624735754,1019,17.076790364583335,19.0,18.0,24.065573770491802,0
34.175391005001075,15950.660636278,1020,17.077412109375,19.0,18.0,24.065573770491802,0
34.20741578000161,15950.692661053,1021,17.08041015625,20.0,18.0,24.065573770491802,0
34.23933994500112,15950.724585218,1022,17.081634114583334,20.0,18.0,24.065573770491802,0
34.2755133160008,15950.760758589,1023,17.081985677083335,19.0,18.0,24.065573770491802,0
34.307370495000214,15950.792615768,1024,17.08759765625,20.0,18.0,24.065573770491802,0
34.33932719100085,15950.824572464,1025,17.084375,19.0,18.0,24.065573770491802,0
34.37545531700016,15950.86070059,1026,17.088190104166667,20.0,18.0,24.065573770491802,0
34.40750550500161,15950.892750778,1027,17.087770182291667,20.0,18.0,24.065573770491802,0
34.44335375800074,15950.928599031,1028,17.09011393229167,19.0,18.0,24.065573770491802,0
34.47552762900159,15950.960772902,1029,17.086484375,20.0,18.0,24.065573770491802,0
34.50735638600054,15950.992601659,1030,17.084147135416668,19.0,18.0,24.065573770491802,0
34.543458180000016,15951.028703453,1031,17.085673828125,23.0,18.0,24.065573770491802,0
34.57538952499999,15951.060634798,1032,17.08705078125,19.0,18.0,24.065573770491802,0
34.60725135800021,15951.092496631,1033,17.091344401041667,20.0,18.0,24.065573770491802,0
34.64335846200083,15951.128603735,1034,17.09078125,19.0,18.0,24.065573770491802,0
34.67548013600026,15951.160725409,1035,17.087991536458333,19.0,18.0,24.065573770491802,0
34.707404583001335,15951.192649856,1036,17.087822265625,20.0,18.0,24.065573770491802,0
34.74349365099988,15951.228738924,1037,17.088974609375,20.0,18.0,24.065573770491802,0
34.77554371400038,15951.260788987,1038,17.086640625,20.0,18.0,24.065573770491802,0
34.81142210800135,15951.296667381,1039,17.087018229166667,19.0,18.0,24.065573770491802,0
34.843300969001575,15951.328546242,1040,17.089964192708333,20.0,18.0,24.065573770491802,0
34.8754430200006,15951.360688293,1041,17.091832682291667,19.0,18.0,24.065573770491802,0
34.91133905600145,15951.396584329,1042,17.090944010416667,23.0,18.0,24.065573770491802,0
34.9434805230012,15951.428725796,1043,17.091507161458335,20.0,18.0,24.065573770491802,0
34.975576848000856,15951.460822121,1044,17.08931640625,20.0,18.0,24.065573770491802,0
35.011358069999915,15951.496603343,1045,17.089498697916667,21.0,18.0,24.065573770491802,0
35.043568508001044,15951.528813781,1046,17.08453125,20.0,18.0,24.065573770491802,0
35.079465542001344,15951.564710815,1047,17.086357421875,20.0,18.0,24.065573770491802,0
35.111554757000704,15951.59680003,1048,17.085234375,19.0,18.0,24.065573770491802,0
35.143449326000336,15951.628694599,1049,17.091966145833332,23.0,18.0,24.065573770491802,0
35.179507947001184,15951.66475322,1050,17.088824869791665,20.0,18.0,24.065573770491802,0
35.21158146400012,15951.696826737,1051,17.087789713541667,21.0,18.0,24.065573770491802,0
35.243875834999926,15951.729121108,1052,17.083466796875,20.0,18.0,24.065573770491802,0
35.27935953300039,15951.764604806,1053,17.089876302083333,20.0,18.0,24.065573770491802,0
35.311568375000206,15951.796813648,1054,17.090341796875,20.0,18.0,24.065573770491802,0
35.343332761000056,15951.828578034,1055,17.09063802083333,20.0,18.0,24.065573770491802,0
35.379353059001005,15951.864598332,1056,17.084723307291668,19.0,18.0,24.065573770491802,0
35.41135181000027,15951.896597083,1057,17.087213541666667,19.0,18.0,24.065573770491802,0
35.44739000300069,15951.932635276,1058,17.084879557291668,24.0,18.0,24.065573770491802,0
35.47992170700127,15951.96516698,1059,17.084404296875,23.0,18.0,24.065573770491802,0
35.511419778000345,15951.996665051,1060,17.085224609375,23.0,18.0,24.065573770491802,0
35.547575425000105,15952.032820698,1061,17.084622395833332,24.0,18.0,24.065573770491802,0
35.57949576900137,15952.064741042,1062,17.082138671875,19.0,18.0,24.065573770491802,0
35.61155093000161,15952.096796203,1063,17.083372395833333,20.0,18.0,24.065573770491802,0
35.64737202800097,15952.132617301,1064,17.079986979166666,23.0,18.0,24.065573770491802,0
35.67947521899987,15952.164720492,1065,17.07921875,20.0,18.0,24.065573770491802,0
35.71555477700167,15952.20080005,1066,17.0762109375,19.0,18.0,24.065573770491802,0
35.74751743900015,15952.232762712,1067,17.079606119791666,20.0,18.0,24.065573770491802,0
35.77941286500027,15952.264658138,1068,17.077565104166666,24.0,18.0,24.065573770491802,0
35.815495140001076,15952.300740413,1069,17.077747395833335,19.0,18.0,24.065573770491802,0
35.84759197900166,15952.332837252,1070,17.07638671875,20.0,18.0,24.065573770491802,0
35.87945241200032,15952.364697685,1071,17.070748697916667,19.0,18.0,24.065573770491802,0
35.915515645001506,15952.400760918,1072,17.075634765625,19.0,18.0,24.065573770491802,0
35.94745969200085,15952.432704965,1073,17.072096354166668,22.0,18.0,24.065573770491802,0
35.979382279001584,15952.464627552,1074,17.06939453125,21.0,18.0,24.065573770491802,0
36.015446278001036,15952.500691551,1075,17.073440755208335,22.0,18.0,24.065573770491802,0
36.04740535300152,15952.532650626,1076,17.072578125,22.0,18.0,24.065573770491802,0
36.083355714999925,15952.568600988,1077,17.074508463541665,20.0,18.0,24.065573770491802,0
36.115520054001536,15952.600765327,1078,17.075234375,19.0,18.0,24.065573770491802,0
36.14733708700078,15952.63258236,1079,17.0746484375,19.0,18.0,24.065573770491802,0
36.18350796600134,15952.668753239,1080,17.075335286458333,21.0,18.0,24.065573770491802,0
36.215418175001105,15952.700663448,1081,17.071087239583335,20.0,18.0,24.065573770491802,0
36.2473545390003,15952.732599812,1082,17.076116536458333,19.0,18.0,24.065573770491802,0
36.28352165200158,15952.768766925,1083,17.074586588541667,23.0,18.0,24.065573770491802,0
36.31559538500005,15952.800840658,1084,17.07705078125,23.0,18.0,24.065573770491802,0
36.35154448200046,15952.836789755,1085,17.06979817708333,20.0,18.0,24.065573770491802,0
36.3836297580001,15952.868875031,1086,17.071334635416665,19.0,18.0,24.065573770491802,0
36.41530441600116,15952.900549689,1087,17.075452473958332,19.0,18.0,24.065573770491802,0
36.45154063300106,15952.936785906,1088,17.071419270833335,20.0,18.0,24.065573770491802,0
36.483476097000676,15952.96872137,1089,17.08048828125,19.0,18.0,24.065573770491802,0
36.51551670700064,15953.00076198,1090,17.07668619791667,19.0,18.0,24.065573770491802,0
36.5514806730007,15953.036725946,1091,17.074208984375,23.0,18.0,24.065573770491802,0
36.58333095300077,15953.068576226,1092,17.076383463541667,20.0,18.0,24.065573770491802,0
36.61543768100091,15953.100682954,1093,17.076168619791666,19.0,18.0,24.065573770491802,0
36.65170698700058,15953.13695226,1094,17.075143229166667,20.0,18.0,24.065573770491802,0
36.68334791900088,15953.168593192,1095,17.075035807291666,19.0,18.0,24.065573770491802,0
36.71961123800065,15953.204856511,1096,17.075276692708332,22.0,18.0,24.065573770491802,0
36.75155630300105,15953.236801576,1097,17.072014973958332,21.0,18.0,24.065573770491802,0
36.783307480000076,15953.268552753,1098,17.075784505208333,20.0,18.0,24.065573770491802,0
36.81950182000037,15953.304747093,1099,17.075416666666666,20.0,18.0,24.065573770491802,0
36.851481181000054,15953.336726454,1100,17.071731770833335,20.0,18.0,24.065573770491802,0
36.883328036999956,15953.36857331,1101,17.074397786458334,24.0,18.0,24.065573770491802,0
36.91934917800063,15953.404594451,1102,17.075003255208333,21.0,18.0,24.065573770491802,0
36.95144925000022,15953.436694523,1103,17.078512369791667,19.0,18.0,24.065573770491802,0
36.98757372200089,15953.472818995,1104,17.083375651041667,20.0,18.0,24.065573770491802,0
37.019361913000466,15953.504607186,1105,17.079202473958333,20.0,18.0,24.065573770491802,0
37.05133732000104,15953.536582593,1106,17.084059244791668,19.0,18.0,24.065573770491802,0
37.087549184001546,15953.572794457,1107,17.084573567708333,20.0,18.0,24.065573770491802,0
37.119517267001356,15953.60476254,1108,17.082532552083332,20.0,18.0,24.065573770491802,0
37.15138075000141,15953.636626023,1109,17.082001953125,20.0,18.0,24.065573770491802,0
37.18747731200165,15953.672722585,1110,17.091116536458333,19.0,18.0,24.065573770491802,0
37.2195784480009,15953.704823721,1111,17.090345052083332,21.0,18.0,24.065573770491802,0
37.251342115001535,15953.736587388,1112,17.087815755208332,20.0,18.0,24.065573770491802,0
37.28757919600139,15953.772824469,1113,17.085149739583333,20.0,18.0,24.065573770491802,0
37.319530787000986,15953.80477606,1114,17.083994140625,20.0,18.0,24.065573770491802,0
37.35545667000042,15953.840701943,1115,17.081484375,20.0,18.0,24.065573770491802,0
37.38753303200065,15953.872778305,1116,17.087783203125,20.0,18.0,24.065573770491802,0
37.41934483000114,15953.904590103,1117,17.086634114583333,22.0,18.0,24.065573770491802,0
37.45535915600158,15953.940604429,1118,17.084612630208333,20.0,18.0,24.065573770491802,0
37.487417047001145,15953.97266232,1119,17.091513671875,20.0,18.0,24.065573770491802,0
37.51932776600006,15954.004573039,1120,17.091793619791666,19.0,18.0,24.065573770491802,0
37.5553154600002,15954.040560733,1121,17.091057942708332,23.0,18.0,24.065573770491802,0
37.58739531300125,15954.072640586,1122,17.087779947916665,20.0,18.0,24.065573770491802,0
37.62372916500135,15954.108974438,1123,17.090091145833334,24.0,18.0,24.065573770491802,0
37.65539485100089,15954.140640124,1124,17.091025390625,20.0,18.0,24.065573770491802,0
37.68757054100024,15954.172815814,1125,17.094065755208334,20.0,18.0,24.065573770491802,0
37.72362036100094,15954.208865634,1126,17.095322265625,20.0,18.0,24.065573770491802,0
37.7554704030008,15954.240715676,1127,17.094899088541666,20.0,18.0,24.065573770491802,0
37.78737995400115,15954.272625227,1128,17.092666015625,20.0,18.0,24.065573770491802,0
37.82335677000083,15954.308602043,1129,17.095260416666665,21.0,18.0,24.065573770491802,0
37.85537051300162,15954.340615786,1130,17.096751302083334,22.0,18.0,24.065573770491802,0
37.88769549300014,15954.372940766,1131,17.09865234375,22.0,18.0,24.065573770491802,0
37.92337919900092,15954.408624472,1132,17.099609375,20.0,18.0,24.065573770491802,0
37.95546331500009,15954.440708588,1133,17.098557942708332,19.0,18.0,24.065573770491802,0
37.99147223,15954.476717503,1134,17.094876302083332,24.0,18.0,24.065573770491802,0
38.023430956000084,15954.508676229,1135,17.100911458333332,20.0,18.0,24.065573770491802,0
38.05558849299996,15954.540833766,1136,17.098603515625,20.0,18.0,24.065573770491802,0
38.09141241799989,15954.576657691,1137,17.096588541666666,22.0,18.0,24.065573770491802,0
38.123542008001095,15954.608787281,1138,17.097600911458333,20.0,18.0,24.065573770491802,0
38.15548431300158,15954.640729586,1139,17.09623046875,20.0,18.0,24.065573770491802,0
38.191569953,15954.676815226,1140,17.098740234375,21.0,18.0,24.065573770491802,0
38.22354123800142,15954.708786511,1141,17.100458984375,20.0,18.0,24.065573770491802,0
38.25962666800115,15954.744871941,1142,17.096748046875,23.0,18.0,24.065573770491802,0
38.29134622200036,15954.776591495,1143,17.097265625,20.0,18.0,24.065573770491802,0
38.32329628900152,15954.808541562,1144,17.097408854166666,20.0,18.0,24.065573770491802,0
38.35959310399994,15954.844838377,1145,17.098151041666668,20.0,18.0,24.065573770491802,0
38.39163531000122,15954.876880583,1146,17.09771484375,20.0,18.0,24.065573770491802,0
38.42342374300097,15954.908669016,1147,17.096458333333334,20.0,18.0,24.065573770491802,0
38.45942145300069,15954.944666726,1148,17.10007161458333,20.0,18.0,24.065573770491802,0
38.49137929000062,15954.976624563,1149,17.10125,20.0,18.0,24.065573770491802,0
38.52336580300107,15955.008611076,1150,17.09708984375,23.0,18.0,24.065573770491802,0
38.55936171700159,15955.04460699,1151,17.096438802083334,20.0,18.0,24.065573770491802,0
38.59134515400001,15955.076590427,1152,17.0928125,23.0,18.0,24.065573770491802,0
38.627533495000534,15955.112778768,1153,17.097565104166666,23.0,18.0,24.065573770491802,0
38.65936022999995,15955.144605503,1154,17.097991536458334,20.0,18.0,24.065573770491802,0
38.6915299780012,15955.176775251,1155,17.098395182291668,20.0,18.0,24.065573770491802,0
38.72739986200031,15955.212645135,1156,17.100400390625,20.0,18.0,24.065573770491802,0
38.75937006800086,15955.244615341,1157,17.101796875,20.0,18.0,24.065573770491802,0
38.79138886200053,15955.276634135,1158,17.100543619791665,20.0,18.0,24.065573770491802,0
38.82739012500133,15955.312635398,1159,17.102161458333335,20.0,18.0,24.065573770491802,0
38.85954671200125,15955.344791985,1160,17.09817057291667,20.0,18.0,24.065573770491802,0
38.895585326999935,15955.3808306,1161,17.095891927083333,20.0,18.0,24.065573770491802,0
38.927409934000025,15955.412655207,1162,17.098154296875,20.0,18.0,24.065573770491802,0
38.9598055710012,15955.445050844,1163,17.104147135416667,20.0,18.0,24.065573770491802,0
38.99536868500036,15955.480613958,1164,17.096302083333335,20.0,18.0,24.065573770491802,0
39.02757203100009,15955.512817304,1165,17.096956380208333,20.0,18.0,24.065573770491802,0
39.059308605001206,15955.544553878,1166,17.095787760416666,20.0,18.0,24.065573770491802,0
39.09558856200056,15955.580833835,1167,17.098343098958335,25.0,18.0,24.065573770491802,1
39.1276494620015,15955.612894735,1168,17.097819010416668,20.0,18.0,24.065573770491802,0
39.159338891000516,15955.644584164,1169,17.100511067708332,23.0,18.0,24.065573770491802,0
39.1955423899999,15955.680787663,1170,17.098505859375,19.0,18.0,24.065573770491802,0
39.22747157000049,15955.712716843,1171,17.097783203125,20.0,18.0,24.065573770491802,0
39.2634195260016,15955.748664799,1172,17.095748697916665,22.0,18.0,24.065573770491802,0
39.295500523001465,15955.780745796,1173,17.092838541666666,20.0,18.0,24.065573770491802,0
39.327354729000945,15955.812600002,1174,17.09299153645833,22.0,18.0,24.065573770491802,0
39.36354962600126,15955.848794899,1175,17.092740885416667,20.0,18.0,24.065573770491802,0
39.395550806000756,15955.880796079,1176,17.098235677083334,20.0,18.0,24.065573770491802,0
39.42736907500148,15955.912614348,1177,17.099742838541665,20.0,18.0,24.065573770491802,0
39.463526674000605,15955.948771947,1178,17.101575520833332,20.0,18.0,24.065573770491802,0
39.49546988400107,15955.980715157,1179,17.100787760416665,22.0,18.0,24.065573770491802,0
39.531581400000505,15956.016826673,1180,17.095289713541668,23.0,18.0,24.065573770491802,0
39.563302149001174,15956.048547422,1181,17.09689453125,20.0,18.0,24.065573770491802,0
39.59536200799994,15956.080607281,1182,17.094453125,20.0,18.0,24.065573770491802,0
39.6315534990008,15956.116798772,1183,17.093763020833332,20.0,18.0,24.065573770491802,0
39.663336308,15956.148581581,1184,17.094192708333335,23.0,18.0,24.065573770491802,0
39.69540830799997,15956.180653581,1185,17.091959635416668,20.0,18.0,24.065573770491802,0
39.73147312200126,15956.216718395,1186,17.099176432291667,20.0,18.0,24.065573770491802,0
39.763740231001066,15956.248985504,1187,17.097516276041667,20.0,18.0,24.065573770491802,0
39.795504092000556,15956.280749365,1188,17.093063151041665,23.0,18.0,24.065573770491802,0
39.831356502001654,15956.316601775,1189,17.096702473958334,20.0,18.0,24.065573770491802,0
39.863420479001434,15956.348665752,1190,17.097708333333333,20.0,18.0,24.065573770491802,0
39.89937390200066,15956.384619175,1191,17.098375651041668,20.0,18.0,24.065573770491802,0
39.9315547590013,15956.416800032,1192,17.100221354166667,21.0,18.0,24.065573770491802,0
39.96334572700107,15956.448591,1193,17.10298828125,20.0,18.0,24.065573770491802,0
39.999560017000476,15956.48480529,1194,17.096927083333334,19.0,18.0,24.065573770491802,0
40.03187800700107,15956.51712328,1195,17.09908203125,23.0,18.0,24.065573770491802,0
40.0634021800015,15956.548647453,1196,17.096998697916668,20.0,18.0,24.065573770491802,0
40.09957814500012,15956.584823418,1197,17.10015625,20.0,18.0,24.065573770491802,0
40.131661040000836,15956.616906313,1198,17.096809895833335,20.0,18.0,24.065573770491802,0
40.1674483880015,15956.652693661,1199,17.101549479166668,20.0,18.0,24.065573770491802,0
40.199599934001526,15956.684845207,1200,17.095944010416666,20.0,18.0,24.065573770491802,0
40.23148618699997,15956.71673146,1201,17.101712239583332,23.0,18.0,24.065573770491802,0
40.26753147599993,15956.752776749,1202,17.10197265625,22.0,18.0,24.065573770491802,0
40.29982751300122,15956.785072786,1203,17.0944921875,19.0,18.0,24.065573770491802,0
40.33141323500058,15956.816658508,1204,17.094856770833335,22.0,18.0,24.065573770491802,0
40.36758741800077,15956.852832691,1205,17.093916015625,23.0,18.0,24.065573770491802,0
40.39955701800136,15956.884802291,1206,17.100794270833333,20.0,18.0,24.065573770491802,0
40.43134249600007,15956.916587769,1207,17.097457682291665,21.0,18.0,24.065573770491802,0
40.46735601700129,15956.95260129,1208,17.098323567708334,20.0,18.0,24.065573770491802,0
40.49936664300003,15956.984611916,1209,17.094921875,21.0,18.0,24.065573770491802,0
40.535680027000126,15957.0209253,1210,17.096123046875,20.0,18.0,24.065573770491802,0
40.56761302199993,15957.052858295,1211,17.099228515625,20.0,18.0,24.065573770491802,0
40.59944349300167,15957.084688766,1212,17.091595052083335,20.0,18.0,24.065573770491802,0
40.63542745700033,15957.12067273,1213,17.09587890625,20.0,18.0,24.065573770491802,0
40.667595218001225,15957.152840491,1214,17.095631510416666,21.0,18.0,24.065573770491802,0
40.69960938300028,15957.184854656,1215,17.093850911458333,20.0,18.0,24.065573770491802,0
40.735574169000756,15957.220819442,1216,17.099358723958332,20.0,18.0,24.065573770491802,0
40.76730992600096,15957.252555199,1217,17.096442057291668,21.0,18.0,24.065573770491802,0
40.803550630000245,15957.288795903,1218,17.100852864583334,20.0,18.0,24.065573770491802,0
40.83548662300018,15957.320731896,1219,17.093854166666667,20.0,18.0,24.065573770491802,0
40.86762495699986,15957.35287023,1220,17.095621744791668,21.0,18.0,24.065573770491802,0
40.90334184900166,15957.388587122,1221,17.099713541666667,20.0,18.0,24.065573770491802,0
40.93540591200144,15957.420651185,1222,17.101474609375,20.0,18.0,24.065573770491802,0
40.96735993200127,15957.452605205,1223,17.095296223958332,22.0,18.0,24.065573770491802,0
41.00350420399991,15957.488749477,1224,17.097727864583334,21.0,18.0,24.065573770491802,0
41.03554822000115,15957.520793493,1225,17.0959765625,21.0,18.0,24.065573770491802,0
41.06752860600136,15957.552773879,1226,17.098955078125,20.0,18.0,24.065573770491802,0
41.10367141000097,15957.588916683,1227,17.098287760416667,20.0,18.0,24.065573770491802,0
41.135366673001045,15957.620611946,1228,17.098779296875,20.0,18.0,24.065573770491802,0
41.17151693699998,15957.65676221,1229,17.1005078125,20.0,18.0,24.065573770491802,0
41.203435593000904,15957.688680866,1230,17.10087890625,20.0,18.0,24.065573770491802,0
41.235468385000786,15957.720713658,1231,17.096676432291666,20.0,18.0,24.065573770491802,0
41.27150970200091,15957.756754975,1232,17.093880208333335,20.0,18.0,24.065573770491802,0
41.303513841001404,15957.788759114,1233,17.09454427083333,23.0,18.0,24.065573770491802,0
41.33542119500089,15957.820666468,1234,17.100944010416665,21.0,18.0,24.065573770491802,0
41.37168678300077,15957.856932056,1235,17.096650390625,20.0,18.0,24.065573770491802,0
41.403374316001646,15957.888619589,1236,17.099033203125,20.0,18.0,24.065573770491802,0
41.439472634001504,15957.924717907,1237,17.099352213541668,20.0,18.0,24.065573770491802,0
41.471440491000976,15957.956685764,1238,17.097457682291665,20.0,18.0,24.065573770491802,0
41.503495782000755,15957.988741055,1239,17.099143880208334,21.0,18.0,24.065573770491802,0
41.53962982200028,15958.024875095,1240,17.09426432291667,20.0,18.0,24.065573770491802,0
41.57156560400108,15958.056810877,1241,17.099573567708333,20.0,18.0,24.065573770491802,0
41.603523416000826,15958.088768689,1242,17.097841796875,20.0,18.0,24.065573770491802,0
41.63973017900025,15958.124975452,1243,17.09900390625,21.0,18.0,24.065573770491802,0
41.671580240001276,15958.156825513,1244,17.095413411458335,20.0,18.0,24.065573770491802,0
41.703353832001085,15958.188599105,1245,17.093072916666667,22.0,18.0,24.065573770491802,0
41.739366569001504,15958.224611842,1246,17.101005859375,20.0,18.0,24.065573770491802,0
41.77158139600033,15958.256826669,1247,17.09612955729167,20.0,18.0,24.065573770491802,0
41.807562461001,15958.292807734,1248,17.103030598958334,21.0,18.0,24.065573770491802,0
41.83951850400081,15958.324763777,1249,17.101009114583334,20.0,18.0,24.065573770491802,0
41.87144879200059,15958.356694065,1250,17.095703125,20.0,18.0,24.065573770491802,0
41.90755216100115,15958.392797434,1251,17.09603515625,20.0,18.0,24.065573770491802,0
41.93947188400125,15958.424717157,1252,17.095169270833335,20.0,18.0,24.065573770491802,0
41.97161797900117,15958.456863252,1253,17.096119791666666,20.0,18.0,24.065573770491802,0
42.007533853000496,15958.492779126,1254,17.0971875,20.0,18.0,24.065573770491802,0
42.03925805400104,15958.524503327,1255,17.098001302083333,21.0,18.0,24.065573770491802,0
42.07548060600129,15958.560725879,1256,17.098811848958334,20.0,18.0,24.065573770491802,0
42.107675934001236,15958.592921207,1257,17.100784505208335,20.0,18.0,24.065573770491802,0
42.13932598700012,15958.62457126,1258,17.096178385416668,21.0,18.0,24.065573770491802,0
42.17555221800103,15958.660797491,1259,17.091695963541667,19.0,18.0,24.065573770491802,0
42.20759693900072,15958.692842212,1260,17.094573567708334,21.0,18.0,24.065573770491802,0
42.23932532100116,15958.724570594,1261,17.088525390625,22.0,18.0,24.065573770491802,0
42.27562382399992,15958.760869097,1262,17.0913671875,23.0,18.0,24.065573770491802,0
42.307653215000755,15958.792898488,1263,17.087373046875,19.0,18.0,24.065573770491802,0
42.339614751001136,15958.824860024,1264,17.090784505208333,19.0,18.0,24.065573770491802,0
42.37541486000009,15958.860660133,1265,17.094147135416666,20.0,18.0,24.065573770491802,0
42.40747250300046,15958.892717776,1266,17.091162109375,20.0,18.0,24.065573770491802,0
42.443486114001644,15958.928731387,1267,17.089309895833335,19.0,18.0,24.065573770491802,0
42.47548109800118,15958.960726371,1268,17.095358072916667,19.0,18.0,24.065573770491802,0
42.50741265000033,15958.992657923,1269,17.089716796875,20.0,18.0,24.065573770491802,0
42.543452391000756,15959.028697664,1270,17.093694661458333,23.0,18.0,24.065573770491802,0
42.57558241100014,15959.060827684,1271,17.088818359375,20.0,18.0,24.065573770491802,0
42.60740701500072,15959.092652288,1272,17.088974609375,20.0,18.0,24.065573770491802,0
42.64361863200065,15959.128863905,1273,17.084944661458334,19.0,18.0,24.065573770491802,0
42.67543739600114,15959.160682669,1274,17.08392578125,20.0,18.0,24.065573770491802,0
42.71166072400047,15959.196905997,1275,17.08845703125,20.0,18.0,24.065573770491802,0
42.74347934600155,15959.228724619,1276,17.085478515625,20.0,18.0,24.065573770491802,0
42.77536625800167,15959.260611531,1277,17.087757161458335,20.0,18.0,24.065573770491802,0
42.811592291000125,15959.296837564,1278,17.08650390625,23.0,18.0,24.065573770491802,0
42.84342091000144,15959.328666183,1279,17.086627604166665,20.0,18.0,24.065573770491802,0
42.87534534600127,15959.360590619,1280,17.42802734375,180.0,23.0,24.065573770491802,1
42.91167703100109,15959.396922304,1281,17.438645833333332,95.0,23.0,24.065573770491802,1
42.94346491700162,15959.42871019,1282,17.436022135416668,79.0,23.0,24.065573770491802,1
42.97566089300017,15959.460906166,1283,17.43060221354167,70.0,23.0,24.065573770491802,1
43.01144573000056,15959.496691003,1284,17.430706380208335,65.0,23.0,24.065573770491802,1
43.04334727800051,15959.528592551,1285,17.43296875,58.0,23.0,24.065573770491802,1
43.079564478000975,15959.564809751,1286,17.435530598958334,62.0,23.0,24.065573770491802,1
43.11152323500028,15959.596768508,1287,17.441962890625,93.0,23.0,24.065573770491802,1
43.14359168300143,15959.628836956,1288,17.456722005208334,175.0,23.0,24.065573770491802,1
43.179551652001464,15959.664796925,1289,17.464514973958334,165.0,23.0,24.065573770491802,1
43.21154169500005,15959.696786968,1290,17.468206380208333,128.0,23.0,24.065573770491802,1
43.24346955800138,15959.728714831,1291,17.492067057291667,84.0,24.0,24.065573770491802,1
43.279536762000134,15959.764782035,1292,17.507639973958334,82.0,24.0,24.065573770491802,1
43.31161380000049,15959.796859073,1293,17.521373697916665,86.0,25.0,24.065573770491802,1
43.347515242001464,15959.832760515,1294,17.547945963541668,87.0,26.0,24.065573770491802,1
43.37944102000074,15959.864686293,1295,17.56784505208333,95.0,26.0,24.065573770491802,1
43.41142050600138,15959.896665779,1296,17.584661458333333,126.0,27.0,24.065573770491802,1
43.447423321000315,15959.932668594,1297,17.595592447916665,164.0,28.0,24.065573770491802,1
43.47974966900074,15959.964994942,1298,17.603030598958334,180.0,28.0,24.065573770491802,1
43.51155533700148,15959.99680061,1299,17.584039713541667,153.0,28.0,24.065573770491802,1
43.54783876200054,15960.033084035,1300,17.587174479166666,91.0,29.0,24.065573770491802,1
43.57937012399998,15960.064615397,1301,17.613186848958332,104.0,30.0,24.065573770491802,1
43.61136927700136,15960.09661455,1302,17.651940104166666,99.0,30.0,24.065573770491802,1
43.6473340270004,15960.1325793,1303,17.696412760416667,94.0,31.0,24.065573770491802,1
43.679480215001604,15960.164725488,1304,17.74566731770833,110.0,32.0,24.065573770491802,1
43.715410423999856,15960.200655697,1305,17.765758463541665,149.0,31.0,24.065573770491802,1
43.74742779100052,15960.232673064,1306,17.762649739583335,161.0,30.0,24.065573770491802,1
43.77956210600132,15960.264807379,1307,17.715989583333332,179.0,29.0,24.065573770491802,1
43.81558959500035,15960.300834868,1308,17.6494140625,173.0,27.0,24.065573770491802,1
43.84769361600047,15960.332938889,1309,17.588141276041668,194.0,25.0,24.065573770491802,1
43.87956538400067,15960.364810657,1310,17.540162760416667,173.0,24.0,24.065573770491802,1
43.91560728500008,15960.400852558,1311,17.51642578125,170.0,24.0,24.065573770491802,1
43.947359067000434,15960.43260434,1312,17.506998697916668,134.0,23.0,24.065573770491802,1
43.98339213899999,15960.468637412,1313,17.493873697916666,134.0,23.0,24.065573770491802,1
44.015404899000714,15960.500650172,1314,17.489212239583335,107.0,24.0,24.065573770491802,1
44.04751842500082,15960.532763698,1315,17.498567708333333,113.0,24.0,24.065573770491802,1
44.08339894800156,15960.568644221,1316,17.504348958333335,93.0,25.0,24.065573770491802,1
44.1156049250003,15960.600850198,1317,17.509521484375,91.0,25.0,24.065573770491802,1
44.14757784200083,15960.632823115,1318,17.511396484375,86.0,25.0,24.065573770491802,1
44.18366775800132,15960.668913031,1319,17.517744140625,84.0,25.0,24.065573770491802,1
44.21567066800162,15960.700915941,1320,17.52271484375,80.0,25.0,24.065573770491802,1
44.25163559400062,15960.736880867,1321,17.520035807291666,78.0,26.0,24.065573770491802,1
44.28355212800125,15960.768797401,1322,17.537041015625,83.0,26.0,24.065573770491802,1
44.316066839000996,15960.801312112,1323,17.5533984375,90.0,26.0,24.065573770491802,1
44.35156249500142,15960.836807768,1324,17.566259765625,92.0,26.0,24.065573770491802,1
44.3834308680016,15960.868676141,1325,17.562347005208334,94.0,26.0,24.065573770491802,1
44.41581950900036,15960.901064782,1326,17.571494140625,110.0,26.0,24.065573770491802,1
44.45156004599994,15960.936805319,1327,17.587190755208333,126.0,26.0,24.065573770491802,1
44.48355961000016,15960.968804883,1328,17.59621744791667,135.0,25.0,24.065573770491802,1
44.515901187000054,15961.00114646,1329,17.6092578125,162.0,25.0,24.065573770491802,1
44.55160489199989,15961.036850165,1330,17.651666666666667,176.0,26.0,24.065573770491802,1
44.58346868400076,15961.068713957,1331,17.69968098958333,171.0,28.0,24.065573770491802,1
44.61951842500093,15961.104763698,1332,17.753297526041667,150.0,29.0,24.065573770491802,1
44.65154748600071,15961.136792759,1333,17.801735026041666,148.0,30.0,24.065573770491802,1
44.68360926400055,15961.168854537,1334,17.873030598958334,150.0,31.0,24.065573770491802,1
44.71957717600162,15961.204822449,1335,17.913597005208334,170.0,31.0,24.065573770491802,1
44.751709248001134,15961.236954521,1336,17.943115234375,158.0,32.0,24.065573770491802,1
44.78339972200047,15961.268644995,1337,17.970725911458334,160.0,33.0,24.065573770491802,1
44.819515658000455,15961.304760931,1338,17.97021484375,142.0,33.0,24.065573770491802,1
44.8515424440011,15961.336787717,1339,17.966442057291665,136.0,33.0,24.065573770491802,1
44.88738364100027,15961.372628914,1340,17.965319010416668,131.0,33.0,24.065573770491802,1
44.91953527000078,15961.404780543,1341,17.95798177083333,130.0,32.0,24.065573770491802,1
44.951507801000844,15961.436753074,1342,17.940472005208335,152.0,32.0,24.065573770491802,1
44.98755251700095,15961.47279779,1343,17.901920572916666,135.0,31.0,24.065573770491802,1
45.01940786600062,15961.504653139,1344,17.8337890625,116.0,30.0,24.065573770491802,1
45.051436601001114,15961.536681874,1345,17.767805989583334,114.0,29.0,24.065573770491802,1
45.087533790001544,15961.572779063,1346,17.709059244791668,109.0,28.0,24.065573770491802,1
45.11980531900008,15961.605050592,1347,17.629990234375,96.0,26.0,24.065573770491802,1
45.15152929500073,15961.636774568,1348,17.585276692708334,105.0,25.0,24.065573770491802,1
45.187630145001094,15961.672875418,1349,17.54172200520833,95.0,23.0,24.065573770491802,1
45.219501520999984,15961.704746794,1350,17.504140625,102.0,23.0,24.065573770491802,1
45.255578186001,15961.740823459,1351,17.459694010416666,105.0,22.0,24.065573770491802,1
45.287568038000245,15961.772813311,1352,17.43020182291667,113.0,21.0,24.065573770491802,1
45.31942898000125,15961.804674253,1353,17.396363932291667,103.0,21.0,24.065573770491802,1
45.355477887000234,15961.84072316,1354,17.368095703125,106.0,20.0,24.065573770491802,1
45.38761325500127,15961.872858528,1355,17.358642578125,95.0,20.0,24.065573770491802,1
45.41950898000141,15961.904754253,1356,17.366318359375,93.0,20.0,24.065573770491802,1
45.455692238001575,15961.940937511,1357,17.397272135416667,89.0,21.0,24.065573770491802,1
45.487474283001575,15961.972719556,1358,17.452945963541666,75.0,21.0,24.065573770491802,1
45.5233951400005,15962.008640413,1359,17.548951822916667,143.0,23.0,24.065573770491802,1
45.555563519001225,15962.040808792,1360,17.661240234375,133.0,24.0,24.065573770491802,1
45.58738900000026,15962.072634273,1361,17.8389453125,127.0,28.0,24.065573770491802,1
45.62365518600018,15962.108900459,1362,17.949990234375,156.0,32.0,24.065573770491802,1
45.65550306000114,15962.140748333,1363,17.94558268229167,218.0,31.0,24.065573770491802,1
45.68760635500075,15962.172851628,1364,17.92751953125,214.0,29.0,24.065573770491802,1
45.72340225800144,15962.208647531,1365,17.9158203125,198.0,28.0,24.065573770491802,1
45.755396150001616,15962.240641423,1366,17.903141276041666,170.0,27.0,24.065573770491802,1
45.78755750300115,15962.272802776,1367,17.887555338541667,163.0,27.0,24.065573770491802,1
45.82340083300005,15962.308646106,1368,17.86134765625,138.0,28.0,24.065573770491802,1
45.855367539001236,15962.340612812,1369,17.846468098958333,102.0,29.0,24.065573770491802,1
45.89142041500054,15962.376665688,1370,17.847884114583334,177.0,30.0,24.065573770491802,1
45.92350731700026,15962.40875259,1371,17.898033854166666,198.0,31.0,24.065573770491802,1
45.955424613001014,15962.440669886,1372,18.006207682291667,189.0,34.0,24.065573770491802,1
45.99135824699988,15962.47660352,1373,18.108024088541665,133.0,37.0,24.065573770491802,1
46.02352717300164,15962.508772446,1374,18.18279947916667,105.0,39.0,24.065573770491802,1
46.055535565001264,15962.540780838,1375,18.28220703125,121.0,42.0,24.065573770491802,1
46.09157510100158,15962.576820374,1376,18.370221354166667,128.0,44.0,24.065573770491802,1
46.12355422100154,15962.608799494,1377,18.472639973958334,108.0,45.0,24.065573770491802,1
46.159530890001406,15962.644776163,1378,18.645185546875,120.0,47.0,24.065573770491802,1
46.191784942000595,15962.677030215,1379,18.713740234375,107.0,48.0,24.065573770491802,1
46.22335050400034,15962.708595777,1380,18.810924479166665,112.0,50.0,24.065573770491802,1
46.259522416001346,15962.744767689,1381,18.899606119791667,132.0,53.0,24.065573770491802,1
46.29148941099993,15962.776734684,1382,18.946376953125,142.0,57.0,24.065573770491802,1
46.32344379100141,15962.808689064,1383,19.023359375,145.0,60.0,24.065573770491802,1
46.35956691800129,15962.844812191,1384,19.037652994791667,165.0,62.0,24.065573770491802,1
46.3915086900015,15962.876753963,1385,18.936429036458332,172.0,62.0,24.065573770491802,1
46.423562061001576,15962.908807334,1386,18.813043619791667,156.0,59.01000000000931,24.065573770491802,1
46.45983692600021,15962.945082199,1387,18.713792317708332,141.0,57.0,24.065573770491802,1
46.49135622600079,15962.976601499,1388,18.654176432291667,169.0,54.0,24.065573770491802,1
46.52744754500054,15963.012692818,1389,18.583128255208333,184.0,51.0,24.065573770491802,1
46.559493373000805,15963.044738646,1390,18.462685546875,149.0,47.0,24.065573770491802,1
46.591446817999895,15963.076692091,1391,18.2649609375,139.0,44.0,24.065573770491802,1
46.62762028900033,15963.112865562,1392,18.022496744791667,115.0,39.0,24.065573770491802,1
46.659456987999874,15963.144702261,1393,17.946695963541668,115.0,38.0,24.065573770491802,1
46.691580399001396,15963.176825672,1394,17.870732421875,94.0,37.0,24.065573770491802,1
46.72748563700043,15963.21273091,1395,17.771640625,98.0,35.0,24.065573770491802,1
46.75940810400061,15963.244653377,1396,17.679580078125,107.0,32.0,24.065573770491802,1
46.7953935000005,15963.280638773,1397,17.611627604166667,98.0,30.0,24.065573770491802,1
46.82756465300008,15963.312809926,1398,17.6212890625,107.0,31.0,24.065573770491802,1
46.859568754000065,15963.344814027,1399,17.679348958333332,98.0,33.0,24.065573770491802,1
46.89560732800055,15963.380852601,1400,17.800634765625,109.0,37.0,24.065573770491802,1
46.92760358400119,15963.412848857,1401,17.916070963541667,128.0,39.0,24.065573770491802,1
46.959664783000335,15963.444910056,1402,18.009391276041665,154.0,39.0,24.065573770491802,1
46.99564305600143,15963.480888329,1403,18.077890625,156.0,40.0,24.065573770491802,1
47.02740909900058,15963.512654372,1404,18.05267252604167,171.0,38.0,24.065573770491802,1
47.059536682001635,15963.544781955,1405,17.95955078125,165.0,35.0,24.065573770491802,1
47.09565168200061,15963.580896955,1406,17.844837239583335,170.0,32.0,24.065573770491802,1
47.12760504900143,15963.612850322,1407,17.680979817708334,128.0,29.0,24.065573770491802,1
47.16353061600057,15963.648775889,1408,17.577874348958332,104.0,26.0,24.065573770491802,1
47.19555009200121,15963.680795365,1409,17.504453125,87.0,24.0,24.065573770491802,1
47.22740839300059,15963.712653666,1410,17.466943359375,100.0,23.0,24.065573770491802,1
47.263536584001486,15963.748781857,1411,17.429537760416668,68.0,22.0,24.065573770491802,1
47.29545816500104,15963.780703438,1412,17.383629557291666,71.0,22.0,24.065573770491802,1
47.327382897999996,15963.812628171,1413,17.359449869791668,74.0,22.0,24.065573770491802,1
47.36354802200003,15963.848793295,1414,17.348548177083334,74.0,21.0,24.065573770491802,1
47.39549879700098,15963.88074407,1415,17.3459375,91.0,21.0,24.065573770491802,1
47.431401478001135,15963.916646751,1416,17.324378255208334,111.0,21.0,24.065573770491802,1
47.46341623600165,15963.948661509,1417,17.3202734375,99.0,21.0,24.065573770491802,1
47.49539765500049,15963.980642928,1418,17.317347005208333,94.0,21.0,24.065573770491802,1
47.53152983700056,15964.01677511,1419,17.10015950520833,21.0,18.0,24.065573770491802,0
47.56340744699992,15964.04865272,1420,17.090654296875,20.0,18.0,24.065573770491802,0
47.595616907001386,15964.08086218,1421,17.0830859375,19.0,18.0,24.065573770491802,0
47.631602944000406,15964.116848217,1422,17.090100911458332,20.0,18.0,24.065573770491802,0
47.66358894000041,15964.148834213,1423,17.088610026041668,21.0,18.0,24.065573770491802,0
47.695563558001595,15964.180808831,1424,17.08938151041667,22.0,18.0,24.065573770491802,0
47.73144034899997,15964.216685622,1425,17.095940755208332,20.0,18.0,24.065573770491802,0
47.76357638400077,15964.248821657,1426,17.089599609375,23.0,18.0,24.065573770491802,0
47.79955171200163,15964.284796985,1427,17.09185546875,22.0,18.0,24.065573770491802,0
47.831404905000454,15964.316650178,1428,17.090299479166667,19.0,18.0,24.065573770491802,0
47.86343453900008,15964.348679812,1429,17.091500651041667,20.0,18.0,24.065573770491802,0
47.89960496999993,15964.384850243,1430,17.088912760416665,20.0,18.0,24.065573770491802,0
47.93141377300162,15964.416659046,1431,17.088590494791667,20.0,18.0,24.065573770491802,0
47.963531481000246,15964.448776754,1432,17.095452473958332,20.0,18.0,24.065573770491802,0
47.99954401100149,15964.484789284,1433,17.097532552083333,19.0,18.0,24.065573770491802,0
48.031607027000064,15964.5168523,1434,17.096015625,20.0,18.0,24.065573770491802,0
48.06774881400088,15964.552994087,1435,17.093118489583333,20.0,18.0,24.065573770491802,0
48.099421458000506,15964.584666731,1436,17.092229817708333,20.0,18.0,24.065573770491802,0
48.131427187001464,15964.61667246,1437,17.097125651041665,20.0,18.0,24.065573770491802,0
48.167586442001266,15964.652831715,1438,17.095615234375,25.0,18.0,24.065573770491802,1
48.199492114999885,15964.684737388,1439,17.094130859375,20.0,18.0,24.065573770491802,0
48.23148765000042,15964.716732923,1440,17.09521484375,20.0,18.0,24.065573770491802,0
48.26766829200096,15964.752913565,1441,17.094866536458333,19.0,18.0,24.065573770491802,0
48.29945699500058,15964.784702268,1442,17.095621744791668,21.0,18.0,24.065573770491802,0
48.33156427600079,15964.816809549,1443,17.09738606770833,20.0,18.0,24.065573770491802,0
48.36762962100147,15964.852874894,1444,17.097200520833333,20.0,18.0,24.065573770491802,0
48.39952172199992,15964.884766995,1445,17.097353515625,19.0,18.0,24.065573770491802,0
48.435506333000376,15964.920751606,1446,17.094410807291666,20.0,18.0,24.065573770491802,0
48.46753850500136,15964.952783778,1447,17.10072265625,19.0,18.0,24.065573770491802,0
48.49936457000149,15964.984609843,1448,17.093095703125,20.0,18.0,24.065573770491802,0
48.53540735800016,15965.020652631,1449,17.100192057291668,20.0,18.0,24.065573770491802,0
48.567573061000076,15965.052818334,1450,17.101676432291665,20.0,18.0,24.065573770491802,0
48.59962304000146,15965.084868313,1451,17.099986979166665,19.0,18.0,24.065573770491802,0
48.63542840700029,15965.12067368,1452,17.096149088541665,20.0,18.0,24.065573770491802,0
48.66745906400138,15965.152704337,1453,17.095550130208334,20.0,18.0,24.065573770491802,0
48.70347121100167,15965.188716484,1454,17.095989583333335,21.0,18.0,24.065573770491802,0
48.73556116000145,15965.220806433,1455,17.09666015625,21.0,18.0,24.065573770491802,0
48.76742159300011,15965.252666866,1456,17.097109375,21.0,18.0,24.065573770491802,0
48.80360028399991,15965.288845557,1457,17.09494140625,20.0,18.0,24.065573770491802,0
48.835427838001124,15965.320673111,1458,17.098492838541667,20.0,18.0,24.065573770491802,0
48.86777704400083,15965.353022317,1459,17.102906901041667,20.0,18.0,24.065573770491802,0
48.903413456000635,15965.388658729,1460,17.097054036458335,20.0,18.0,24.065573770491802,0
48.93545227400136,15965.420697547,1461,17.09658203125,20.0,18.0,24.065573770491802,0
48.96746507200078,15965.452710345,1462,17.1023046875,19.0,18.0,24.065573770491802,0
49.00348094900073,15965.488726222,1463,17.101402994791666,20.0,18.0,24.065573770491802,0
49.035575367001,15965.52082064,1464,17.095078125,20.0,18.0,24.065573770491802,0
49.07146788600039,15965.556713159,1465,17.093684895833334,23.0,18.0,24.065573770491802,0
49.10357684900009,15965.588822122,1466,17.095234375,19.0,18.0,24.065573770491802,0
49.13583088100131,15965.621076154,1467,17.092952473958334,22.0,18.0,24.065573770491802,0
49.17165585300063,15965.656901126,1468,17.0926953125,20.0,18.0,24.065573770491802,0
49.203582844000266,15965.688828117,1469,17.09743815104167,21.0,18.0,24.065573770491802,0
49.23540652000156,15965.720651793,1470,17.093544921875,20.0,18.0,24.065573770491802,0
49.27153132700005,15965.7567766,1471,17.093225911458333,19.0,18.0,24.065573770491802,0
49.303437532000316,15965.788682805,1472,17.09353190104167,19.0,18.0,24.065573770491802,0
49.33960834500067,15965.824853618,1473,17.094049479166667,23.0,18.0,24.065573770491802,0
49.37153948300147,15965.856784756,1474,17.097041015625,20.0,18.0,24.065573770491802,0
49.403559903001224,15965.888805176,1475,17.088102213541667,20.0,18.0,24.065573770491802,0
49.4395577030009,15965.924802976,1476,17.088743489583333,19.0,18.0,24.065573770491802,0
49.47155219200067,15965.956797465,1477,17.0892578125,21.0,18.0,24.065573770491802,0
49.50343630499992,15965.988681578,1478,17.091565755208332,20.0,18.0,24.065573770491802,0
49.53983802000039,15966.025083293,1479,17.094759114583333,20.0,18.0,24.065573770491802,0
49.57143304800047,15966.056678321,1480,17.095680338541666,21.0,18.0,24.065573770491802,0
49.60338702400077,15966.088632297,1481,17.09509765625,21.0,18.0,24.065573770491802,0
49.63946251500056,15966.124707788,1482,17.09623046875,20.0,18.0,24.065573770491802,0
49.671704246000445,15966.156949519,1483,17.093675130208332,19.0,18.0,24.065573770491802,0
49.70773879600165,15966.192984069,1484,17.093186848958332,22.0,18.0,24.065573770491802,0
49.73961352000151,15966.224858793,1485,17.094440104166665,20.0,18.0,24.065573770491802,0
49.77146701499987,15966.256712288,1486,17.095927734375,20.0,18.0,24.065573770491802,0
49.80747770600101,15966.292722979,1487,17.095517578125,22.0,18.0,24.065573770491802,0
49.83966666500055,15966.324911938,1488,17.094918619791667,23.0,18.0,24.065573770491802,0
49.871571163001136,15966.356816436,1489,17.093460286458335,23.0,18.0,24.065573770491802,0
49.90746473500076,15966.392710008,1490,17.092353515625,20.0,18.0,24.065573770491802,0
49.939711832001194,15966.424957105,1491,17.093603515625,20.0,18.0,24.065573770491802,0
49.97539499300001,15966.460640266,1492,17.095589192708335,20.0,18.0,24.065573770491802,0
50.00741967600152,15966.492664949,1493,17.095074869791667,20.0,18.0,24.065573770491802,0
50.03950032100147,15966.524745594,1494,17.095257161458335,19.0,18.0,24.065573770491802,0
50.07555984300052,15966.560805116,1495,17.096119791666666,20.0,18.0,24.065573770491802,0
50.10769171300126,15966.592936986,1496,17.095107421875,20.0,18.0,24.065573770491802,0
50.13934712199989,15966.624592395,1497,17.09654296875,20.0,18.0,24.065573770491802,0
50.17552892800086,15966.660774201,1498,17.091682942708335,20.0,18.0,24.065573770491802,0
50.207852776000436,15966.693098049,1499,17.093011067708332,20.0,18.0,24.065573770491802,0
50.23944072300037,15966.724685996,1500,17.095882161458334,21.0,18.0,24.065573770491802,0
50.2756000469999,15966.76084532,1501,17.095989583333335,20.0,18.0,24.065573770491802,0
50.30750844400063,15966.792753717,1502,17.092047526041668,23.0,18.0,24.065573770491802,0
50.343581093000466,15966.828826366,1503,17.093310546875,23.0,18.0,24.065573770491802,0
50.375520586001585,15966.860765859,1504,17.094765625,20.0,18.0,24.065573770491802,0
50.40745067500029,15966.892695948,1505,17.0994140625,21.0,18.0,24.065573770491802,0
50.44365577100143,15966.928901044,1506,17.092418619791665,22.0,18.0,24.065573770491802,0
50.47555148200081,15966.960796755,1507,17.092366536458332,20.0,18.0,24.065573770491802,0
50.5073922520005,15966.992637525,1508,17.089235026041667,19.0,18.0,24.065573770491802,0
50.543723193000915,15967.028968466,1509,17.091588541666667,19.0,18.0,24.065573770491802,0
50.57560599499993,15967.060851268,1510,17.086041666666667,19.0,18.0,24.065573770491802,0
50.61137793300077,15967.096623206,1511,17.083733723958332,20.0,18.0,24.065573770491802,0
50.64356518200111,15967.128810455,1512,17.082994791666668,19.0,18.0,24.065573770491802,0
50.675470571000915,15967.160715844,1513,17.075911458333334,19.0,18.0,24.065573770491802,0
50.71166314100083,15967.196908414,1514,17.074375,19.0,18.0,24.065573770491802,0
50.74356607000118,15967.228811343,1515,17.077975260416668,19.0,18.0,24.065573770491802,0
50.77542032400015,15967.260665597,1516,17.074251302083333,19.0,18.0,24.065573770491802,0
50.81145985100011,15967.296705124,1517,17.072096354166668,19.0,18.0,24.065573770491802,0
50.84418230600022,15967.329427579,1518,17.07126953125,20.0,18.0,24.065573770491802,0
50.8756179660013,15967.360863239,1519,17.065963541666665,20.0,18.0,24.065573770491802,0
50.911449120001635,15967.396694393,1520,17.064788411458334,21.0,18.0,24.065573770491802,0
50.94335062900063,15967.428595902,1521,17.066246744791666,20.0,18.0,24.065573770491802,0
50.97965197200028,15967.464897245,1522,17.067233072916668,19.0,18.0,24.065573770491802,0
51.01168245300141,15967.496927726,1523,17.064293619791666,19.0,18.0,24.065573770491802,0
51.04346260700004,15967.52870788,1524,17.066334635416666,20.0,18.0,24.065573770491802,0
51.07942271400134,15967.564667987,1525,17.06232421875,20.0,18.0,24.065573770491802,0
51.111494224000126,15967.596739497,1526,17.06498046875,19.0,18.0,24.065573770491802,0
51.14338271300039,15967.628627986,1527,17.066334635416666,20.0,18.0,24.065573770491802,0
51.179590360001384,15967.664835633,1528,17.067447916666666,20.0,18.0,24.065573770491802,0
51.2116388480008,15967.696884121,1529,17.06251953125,19.0,18.0,24.065573770491802,0
51.24755569900117,15967.732800972,1530,17.06277018229167,20.0,18.0,24.065573770491802,0
51.27985571000136,15967.765100983,1531,17.063046875,19.0,18.0,24.065573770491802,0
51.31159222899987,15967.796837502,1532,17.061285807291668,19.0,18.0,24.065573770491802,0
51.347626280999975,15967.832871554,1533,17.064189453125,23.0,18.0,24.065573770491802,0
51.37984143799986,15967.865086711,1534,17.063974609375,20.0,18.0,24.065573770491802,0
51.41152565500124,15967.896770928,1535,17.065068359375,20.0,18.0,24.065573770491802,0
51.44755603300109,15967.932801306,1536,17.06087890625,20.0,18.0,24.065573770491802,0
51.47956490700017,15967.96481018,1537,17.058229166666667,20.0,18.0,24.065573770491802,0
51.5113910400014,15967.996636313,1538,17.0591796875,18.0,18.0,24.065573770491802,0
51.5477242550005,15968.032969528,1539,17.060556640625,23.0,18.0,24.065573770491802,0
51.579653732000224,15968.064899005,1540,17.060335286458333,21.0,18.0,24.065573770491802,0
51.61553104500126,15968.100776318,1541,17.060966796875,20.0,18.0,24.065573770491802,0
51.64743070200166,15968.132675975,1542,17.058802083333333,21.0,18.0,24.065573770491802,0
51.67946393400052,15968.164709207,1543,17.058720703125,18.0,18.0,24.065573770491802,0
51.71567515100105,15968.200920424,1544,17.060611979166666,19.0,18.0,24.065573770491802,0
51.7474274060005,15968.232672679,1545,17.060719401041666,19.0,18.0,24.065573770491802,0
51.77956890200039,15968.264814175,1546,17.059729817708334,20.0,18.0,24.065573770491802,0
51.81556105800155,15968.300806331,1547,17.062919921875,20.0,18.0,24.065573770491802,0
51.847435780000524,15968.332681053,1548,17.058583984375,20.0,18.0,24.065573770491802,0
51.88369630099987,15968.368941574,1549,17.063453776041666,21.0,18.0,24.065573770491802,0
51.915722295001615,15968.400967568,1550,17.060556640625,20.0,18.0,24.065573770491802,0
51.947469366001314,15968.432714639,1551,17.0607421875,19.0,18.0,24.065573770491802,0
51.983450386000186,15968.468695659,1552,17.058782552083333,20.0,18.0,24.065573770491802,0
52.01542038600019,15968.500665659,1553,17.0633984375,23.0,18.0,24.065573770491802,0
52.04740631599998,15968.532651589,1554,17.064765625,19.0,18.0,24.065573770491802,0
52.08360117900156,15968.568846452,1555,17.058564453125,24.0,18.0,24.065573770491802,0
52.11549159200149,15968.600736865,1556,17.060924479166665,20.0,18.0,24.065573770491802,0
52.14741971900003,15968.632664992,1557,17.0630078125,20.0,18.0,24.065573770491802,0
52.18353728300099,15968.668782556,1558,17.059990234375,20.0,18.0,24.065573770491802,0
52.215469579001365,15968.700714852,1559,17.0608203125,20.0,18.0,24.065573770491802,0
52.251495917000284,15968.73674119,1560,17.060927734375,21.0,18.0,24.065573770491802,0
52.28371884900116,15968.768964122,1561,17.061207682291666,19.0,18.0,24.065573770491802,0
52.315657439999995,15968.800902713,1562,17.062659505208334,19.0,18.0,24.065573770491802,0
52.35174650500085,15968.836991778,1563,17.062333984375,19.0,18.0,24.065573770491802,0
52.3835516449999,15968.868796918,1564,17.061025390625,20.0,18.0,24.065573770491802,0
52.415569699000116,15968.900814972,1565,17.05900390625,20.0,18.0,24.065573770491802,0
52.45151336100025,15968.936758634,1566,17.057412109375,20.0,18.0,24.065573770491802,0
52.48374980100016,15968.968995074,1567,17.05876953125,24.0,18.0,24.065573770491802,0
52.51962491500126,15969.004870188,1568,17.061702473958334,22.0,18.0,24.065573770491802,0
52.55168881800091,15969.036934091,1569,17.060458984375,20.0,18.0,24.065573770491802,0
52.583632089001185,15969.068877362,1570,17.061861979166668,20.0,18.0,24.065573770491802,0
52.619722077000915,15969.10496735,1571,17.061907552083333,20.0,18.0,24.065573770491802,0
52.651594157001455,15969.13683943,1572,17.064251302083335,20.0,18.0,24.065573770491802,0
52.683499018001385,15969.168744291,1573,17.065377604166667,19.0,18.0,24.065573770491802,0
52.71963345800032,15969.204878731,1574,17.058587239583332,21.0,18.0,24.065573770491802,0
52.75144215900036,15969.236687432,1575,17.059313151041668,19.0,18.0,24.065573770491802,0
52.78338428300049,15969.268629556,1576,17.06271809895833,20.0,18.0,24.065573770491802,0
52.81967788300062,15969.304923156,1577,17.060524088541666,20.0,18.0,24.065573770491802,0
52.85157879600047,15969.336824069,1578,17.060315755208332,20.0,18.0,24.065573770491802,0
52.887956095000845,15969.373201368,1579,17.063199869791667,20.0,18.0,24.065573770491802,0
52.9196774560005,15969.404922729,1580,17.060680338541665,19.0,18.0,24.065573770491802,0
52.951331343001584,15969.436576616,1581,17.06158203125,19.0,18.0,24.065573770491802,0
52.98743250700136,15969.47267778,1582,17.064462890625,19.0,18.0,24.065573770491802,0
53.01946497000063,15969.504710243,1583,17.060540364583332,19.0,18.0,24.065573770491802,0
53.05159989100139,15969.536845164,1584,17.061663411458333,22.0,18.0,24.065573770491802,0
53.08758910300094,15969.572834376,1585,17.061471354166667,20.0,18.0,24.065573770491802,0
53.11963794500116,15969.604883218,1586,17.058121744791666,20.0,18.0,24.065573770491802,0
53.15566084600141,15969.640906119,1587,17.057718098958333,19.0,18.0,24.065573770491802,0
53.18763087300067,15969.672876146,1588,17.060999348958333,20.0,18.0,24.065573770491802,0
53.219606973001646,15969.704852246,1589,17.058512369791668,19.0,18.0,24.065573770491802,0
53.2555965850006,15969.740841858,1590,17.061051432291666,19.0,18.0,24.065573770491802,0
53.28749459900064,15969.772739872,1591,17.063271484375,19.0,18.0,24.065573770491802,0
53.319660322000345,15969.804905595,1592,17.061360677083332,20.0,18.0,24.065573770491802,0
53.3556250390011,15969.840870312,1593,17.060592447916665,23.0,18.0,24.065573770491802,0
